seed,mean_auc_rel,test_acc
0,0.7693664688857226,0.9151172190784155
1,0.7775891761457777,0.9145782807868499
2,0.7786183875163463,0.9108057127458906
