seed,mean_auc_rel,test_acc
0,0.8206382560710714,0.9549986526542711
1,0.8219479292255351,0.9568849366747507
2,0.8186817314901382,0.9517650229048774
