gene_name,ASDC,B intermediate,B memory,B naive,CD14 Mono,CD16 Mono,CD4 CTL,CD4 Naive,CD4 Proliferating,CD4 TCM,CD4 TEM,CD8 Naive,CD8 Proliferating,CD8 TCM,CD8 TEM,Eryth,HSPC,ILC,MAIT,NK,NK Proliferating,NK_CD56bright,Plasmablast,Platelet,Treg,cDC1,cDC2,dnT,gdT,pDC
HES4,0.032739665,0.066692896,0.053110816,0.056281257,0.13753882,0.7229116,0.06403437,0.10508139,0.028549865,0.088886455,0.093853936,0.09843053,0.024570847,0.0841243,0.086276226,0.03396411,0.019716466,0.05496712,0.07783388,0.10852345,0.046250947,0.045661386,0.024720931,0.036697365,0.0700728,0.05638801,0.06591913,0.06217016,0.06737796,0.040646203
ISG15,0.05421001,0.0896972,0.088879004,0.10145997,0.17097399,0.16118687,0.12905851,0.20030026,0.059400428,0.1838516,0.16132796,0.18358111,0.06508204,0.14883313,0.15881409,0.05123542,0.03919238,0.091416076,0.14953417,0.15622342,0.059147608,0.11432207,0.038028326,0.07039987,0.14198333,0.054218348,0.083473176,0.13671935,0.13533983,0.0555596
TNFRSF18,0.026384123,0.06109598,0.06144495,0.061564412,0.07569432,0.06879969,0.16214098,0.11437732,0.05236573,0.29364976,0.22377226,0.09039966,0.19307445,0.11845758,0.13951872,0.020712996,0.032854773,0.75878257,0.13359822,0.3558626,0.11030166,0.45329422,0.042621296,0.033479784,0.13662615,0.042601842,0.053283058,0.062679574,0.13352501,0.031323917
TNFRSF4,0.040709786,0.067522906,0.06681361,0.071775466,0.10437182,0.091720454,0.1210919,0.17340201,0.053448796,0.62209755,0.45464644,0.123091534,0.15927106,0.20105992,0.136157,0.035893064,0.03804264,1.1087968,0.13602737,0.20968686,0.074330315,0.1611116,0.037227605,0.04342406,0.26609212,0.06535613,0.07713608,0.08827008,0.11652718,0.054905184
HES5,0.00042829735,0.00083100446,0.00083035964,0.0008252998,0.0016171336,0.0009762131,0.0011719359,0.0018507533,0.00048011506,0.0016884464,0.0015924904,0.0016202779,0.00049891684,0.0013376346,0.0013529292,0.00034022503,0.00037846848,0.0006577106,0.0012664045,0.016557682,0.02718989,0.00090250315,0.00035437645,0.00045409784,0.001277679,0.0006582677,0.0008315452,0.0010494008,0.02461067,0.000494877
PRDM16,0.0012864677,0.006130313,0.0022833273,0.002261287,0.0032771023,0.0027055964,0.0029655532,0.0047234343,0.0013243523,0.0039981175,0.0038157469,0.006655948,0.0012161322,0.0032558916,0.09626249,0.0013487079,0.07616655,0.0015365151,0.0031718398,0.03793332,0.0036270353,0.36150086,0.0009994354,0.0012276054,0.0034288298,0.0023037302,0.0025013026,0.0029926787,0.16466415,0.0013604945
AJAP1,0.0018301647,0.0043514627,0.0040788674,0.0040402906,0.0061202166,0.006583717,0.0058058403,0.030074151,0.0019001696,0.009367712,0.007881378,0.028792698,0.0028795698,0.00894016,0.0065389276,0.004718311,0.0020451606,0.0032915736,0.010860726,0.00644395,0.0021822252,0.0044191726,0.0017554808,0.0020580303,0.016266577,0.0030950224,0.0040242826,0.0053916057,0.0056711202,0.24779062
RBP7,0.044890046,0.079981744,0.07710599,0.08006861,0.37436786,0.13679442,0.10482577,0.20205821,0.049664468,0.16722825,0.15476733,0.16304944,0.071106166,0.120789275,0.12925339,0.04564163,0.03523385,0.059941493,0.124221586,0.10695723,0.04140383,0.082988575,0.031757012,0.048662025,0.121539004,0.0728494,0.088179864,0.08835414,0.10067648,0.04850453
PGD,0.06889661,0.08869919,0.09264574,0.08990947,0.30061,0.12715802,0.12419849,0.19243577,0.04625109,0.18286319,0.16519456,0.16875115,0.053557582,0.143384,0.13131109,0.03948774,0.047564693,0.083455004,0.13738565,0.10644549,0.05057291,0.09470245,0.028687732,0.08107644,0.14880055,0.07038028,0.0902489,0.09452611,0.112629026,0.07219806
TNFRSF1B,0.05820728,0.26280597,0.2257207,0.27695036,0.5905856,0.6665803,0.33606404,0.6766153,0.075752296,0.5211744,0.4140494,0.5852418,0.12099586,0.41170985,0.40853477,0.14822519,0.13093638,0.2450723,0.4126367,0.34715977,0.10484865,0.29338536,0.1177284,0.1757321,0.3789421,0.23603474,0.1985266,0.28767502,0.33813524,0.12195742
FAM131C,0.00032085975,0.00054983015,0.00053134665,0.00057268573,0.002423657,0.00064716226,0.00067192,0.0010572085,0.0002706401,0.00096032786,0.0009010333,0.0010044514,0.0004213752,0.0007971581,0.0062975893,0.00029866543,0.00025486693,0.0004048733,0.0007428925,0.0007212401,0.0002846126,0.00059573824,0.00024474712,0.00849805,0.0007343917,0.0004697099,0.007173497,0.0005667144,0.00078185514,0.011593562
EPHA2,0.3967723,0.003903053,0.0037307916,0.0038706304,0.0067940955,0.0049128053,0.004632125,0.0078083,0.0026224013,0.006412819,0.0067689256,0.0108520035,0.0027648183,0.005945728,0.009680489,0.001960478,0.0017602969,0.0030107724,0.0055799927,0.0049087103,0.002286286,0.0040158834,0.0016272877,0.0023868924,0.0057290113,0.0039940253,0.0040095816,0.004383622,0.0053100516,0.5475435
PADI2,0.027704695,0.04162667,0.040023275,0.04219282,0.24062608,0.057822872,0.054123465,0.08757957,0.019747602,0.07583431,0.06973771,0.079771124,0.024806296,0.06015552,0.05769508,0.027746828,0.018148322,0.029264513,0.055264153,0.05449806,0.021455226,0.045987982,0.018953018,0.021360833,0.060835347,0.060265392,0.105244525,0.046149243,0.04949067,0.025586471
PADI4,0.034154985,0.0725491,0.06408454,0.07623264,0.3366709,0.09516194,0.107474305,0.19989602,0.038579255,0.13762091,0.135987,0.22289386,0.055413317,0.11883128,0.108699396,0.04085537,0.044833254,0.056859598,0.10207774,0.094424255,0.041299332,0.11568969,0.033280652,0.18213728,0.13140553,0.117582895,0.08508723,0.099490345,0.112626664,0.06163278
PLA2G2F,0.00034408813,0.027899478,0.0009611737,0.0006275704,0.00085918576,0.000724559,0.0008155592,0.0012774236,0.00033730338,0.001224488,0.0010977045,0.0011424667,0.00033386497,0.0009548218,0.000910388,0.00026238573,0.00028413112,0.0004576493,0.00086826255,0.00075668393,0.00031451797,0.0006399532,0.00030372434,0.00031294118,0.0008914698,0.00045410698,0.0005612985,0.0006470259,0.0007958063,0.0003711771
CDA,0.039626986,0.081021205,0.07611263,0.08254087,0.28303102,0.18897727,0.11082835,0.1655732,0.049387865,0.1552723,0.13921079,0.15481147,0.047981735,0.1296534,0.116873786,0.058022276,0.038332716,0.06865132,0.11360625,0.09779472,0.03986759,0.077105105,0.029773064,0.044209845,0.12430751,0.06851556,0.074657984,0.09067919,0.099648796,0.04446202
C1QA,0.025215838,0.04243391,0.042638645,0.046006545,0.10620716,0.6351647,0.053286657,0.08054739,0.024461623,0.073649585,0.06944277,0.080162935,0.02832301,0.06554128,0.061372887,0.017099379,0.0178712,0.03514537,0.061237477,0.056453876,0.024900446,0.041039973,0.019170102,0.030446425,0.0715621,0.03822118,0.09340178,0.06162346,0.054846212,0.052505355
C1QC,0.0033472064,0.009725982,0.008264086,0.008224013,0.01845164,0.12476978,0.010313935,0.016542647,0.0042887144,0.015515783,0.014727667,0.015109302,0.0053143664,0.012114141,0.012513574,0.0035316062,0.0032885852,0.0052525843,0.011326915,0.010488368,0.0045452756,0.00847505,0.003835024,0.006839376,0.012425207,0.007370967,0.021227652,0.00983974,0.010408693,0.0048320903
C1QB,0.010733444,0.024142215,0.01920883,0.02115112,0.035989985,0.33013403,0.029014371,0.041246824,0.008381465,0.034986496,0.042097785,0.039256893,0.015181931,0.026299223,0.03226786,0.008864648,0.00852079,0.011135751,0.025206285,0.027651,0.012010694,0.018713303,0.008278238,0.024523254,0.025826387,0.024268128,0.06077534,0.021201303,0.026534757,0.016994901
ID3,0.02004453,0.19268242,0.20640218,0.11663605,0.07419997,0.052725952,0.050117243,0.21908037,0.04548185,0.12855355,0.0783061,0.11756046,0.03940955,0.102750584,0.06826911,0.034108773,0.025533617,0.04049406,0.05486332,0.049961023,0.024016976,0.040846203,0.020492837,0.023154993,0.316851,0.060136028,0.14329061,0.20414522,0.06705851,0.028360186
CLIC4,0.03509687,0.090583265,0.08484194,0.104127236,0.12795213,0.06277868,0.043657854,0.071722455,0.018857192,0.06485061,0.058756407,0.061329108,0.02983064,0.049314633,0.054343525,0.017702138,0.024911255,0.038101703,0.04914771,0.0474015,0.018721461,0.03924256,0.039568175,0.06161104,0.048303712,0.041720662,0.052975155,0.03411066,0.044243116,0.028402317
STMN1,0.14991039,0.11650921,0.10486529,0.13484575,0.116571635,0.09991082,0.22083549,0.36293727,0.44309214,0.22412781,0.1761916,0.33244023,0.67528737,0.1795984,0.22965507,0.036399975,0.23503964,0.12761368,0.1848732,0.19152044,0.6042712,0.11517458,0.09419892,0.06529194,0.18152595,0.11194576,0.11503683,0.21613827,0.20579518,0.26849392
CD52,0.41438398,0.22787054,0.23982118,0.25267065,0.3560722,0.26123753,0.48450303,0.32904062,0.22805882,0.40629765,0.43663543,0.28945532,0.28339404,0.32499626,0.40279415,0.26529813,0.20327505,0.17335413,0.26421145,0.41231647,0.18421108,0.20700307,0.12997739,0.26617813,0.2905414,0.41536063,0.21562083,0.2930712,0.30943957,0.20873338
ZNF683,0.021203129,0.050450936,0.050828286,0.050015185,0.07871128,0.061702043,0.39208582,0.116010405,0.030475425,0.103086405,0.09783759,0.0924395,0.25871772,0.15389085,0.46155903,0.028439168,0.022997448,0.04638998,0.07739838,0.1397402,0.045021135,0.05878267,0.020746643,0.03810959,0.07215276,0.043269977,0.06353577,0.05239121,0.29012868,0.032260157
FGR,0.042051632,0.115985274,0.11513824,0.12692723,0.28791708,0.24000049,0.17138456,0.24869971,0.051925767,0.19932583,0.19643359,0.24798417,0.10985174,0.1957022,0.20888664,0.050027944,0.059967913,0.08552642,0.16550301,0.19575363,0.061306585,0.12739901,0.04447089,0.07138927,0.19186275,0.056171004,0.09815843,0.15672874,0.15096194,0.07270655
IFI6,0.056887038,0.107576706,0.10871119,0.11486133,0.3448015,0.18659271,0.15373078,0.22360557,0.03895895,0.20156142,0.21401101,0.22551481,0.08248469,0.1637564,0.19021691,0.07389462,0.034457833,0.09691493,0.18051793,0.18023986,0.069364876,0.11834997,0.04948739,0.09861545,0.16310279,0.101988874,0.12848523,0.17107777,0.16159634,0.06402141
THEMIS2,0.12013683,0.15495057,0.1515747,0.15396741,0.36778018,0.29377463,0.24327034,0.31709275,0.068207905,0.31762874,0.29270396,0.3143528,0.11332629,0.26012525,0.28319666,0.067465395,0.06597053,0.1562978,0.23419252,0.2691444,0.086099364,0.17395201,0.045947388,0.101574816,0.24567762,0.10622244,0.17845426,0.20751,0.2149224,0.11425609
PTAFR,0.06577892,0.14477304,0.1438085,0.14073706,0.63896,0.1813772,0.16893898,0.28092188,0.0839671,0.25794148,0.23556052,0.25690165,0.0790412,0.20158099,0.20664817,0.0568274,0.06922264,0.10830164,0.2041845,0.17301814,0.06979476,0.13026583,0.056916703,0.09069532,0.2102781,0.122180834,0.18156162,0.17200153,0.16515166,0.082124434
AL354919.2,0.00021207196,0.00034558983,0.0003430051,0.00035444336,0.0043648304,0.00043279424,0.0005106448,0.000731579,0.0002087949,0.00066606014,0.0006309874,0.00072491495,0.00027584133,0.000581253,0.0005757336,0.0002359683,0.00019089314,0.00028582456,0.00048765948,0.00047509663,0.00021657751,0.00039326938,0.0001483629,0.00021541805,0.00051879627,0.00035226563,0.0003822233,0.0004451416,0.00047062818,0.0002212188
MARCKSL1,0.121194944,0.1517044,0.21329865,0.206993,0.20452385,0.27256694,0.17696483,0.4098729,0.06464999,0.2624554,0.2265296,0.2492578,0.07848254,0.19876778,0.1794608,0.045485888,0.09301298,0.09199945,0.1419167,0.1666443,0.062311362,0.11433293,0.04453214,0.069436245,0.21004082,0.15695871,0.12360888,0.23720942,0.16456191,0.08624654
RNF19B,0.05735674,0.098797925,0.108359024,0.09859686,0.3435427,0.18398756,0.14003277,0.1850779,0.047751043,0.16253248,0.18207021,0.18796042,0.06572561,0.15412302,0.16183977,0.0537035,0.038069624,0.063631184,0.14761163,0.13756837,0.047034126,0.098966606,0.034816436,0.055048533,0.14617865,0.06713229,0.10331427,0.12275448,0.13314882,0.055309523
GJA4,0.00073930767,0.0011963658,0.0011885196,0.0012566448,0.003721588,0.001468753,0.0016538358,0.0026181766,0.0006599567,0.0024333338,0.0021160932,0.0025183475,0.0009911365,0.0018075432,0.001914044,0.00066436664,0.014698678,0.000774539,0.0016597334,0.0015005878,0.0006891377,0.00126165,0.0005341459,0.038962085,0.0019744195,0.0010835226,0.0011466661,0.0015365595,0.0015010481,0.000711148
CLSPN,0.0072185015,0.016340712,0.022471704,0.030271241,0.029952046,0.04112614,0.056293007,0.03466871,0.42578557,0.038497537,0.032539446,0.03433928,0.39365518,0.02636552,0.045450114,0.008170274,0.015259807,0.012207717,0.029991679,0.04514789,0.67823887,0.022324702,0.08775239,0.012618296,0.020213705,0.050099235,0.03309302,0.030162044,0.027470898,0.015726283
AL354864.1,0.0002955454,0.0006521096,0.0017586829,0.0006497983,0.00089869916,0.00078225037,0.00092740403,0.0015403668,0.0003064984,0.007145579,0.0010924909,0.0012850448,0.000505651,0.0010831724,0.001033114,0.0003283608,0.00026433286,0.00051242934,0.0010046039,0.0008805674,0.00042443737,0.0007200319,0.00029463726,0.0010794817,0.00087190757,0.0007649355,0.00071121857,0.00078063994,0.0008666819,0.00041830473
CSF3R,0.050463676,0.105048135,0.103301056,0.10377278,0.33768162,0.105413444,0.14661999,0.19665807,0.046357516,0.18955031,0.1771099,0.20450164,0.08345398,0.15843536,0.16473825,0.052256763,0.048933886,0.07914966,0.14631057,0.13307491,0.058504757,0.105664104,0.04436982,0.06498829,0.16398153,0.07205503,0.07726162,0.11473905,0.13697182,0.056963652
ZC3H12A,0.02589411,0.07403842,0.06772717,0.06734924,0.19092818,0.09366944,0.09285179,0.13655035,0.027755752,0.13450229,0.14407139,0.12256236,0.04896277,0.105398536,0.11905061,0.028672626,0.023751467,0.034429938,0.12419393,0.10541892,0.037900407,0.07743939,0.026750403,0.035307877,0.109883904,0.054783534,0.08244853,0.09209872,0.11602303,0.043730903
CDCA8,0.004243067,0.018094765,0.039175216,0.021485291,0.02534768,0.023988819,0.060411163,0.037224136,0.5211309,0.02827418,0.044249438,0.03008333,0.11788558,0.020733118,0.037997715,0.006951112,0.005051346,0.009136095,0.030364083,0.025743429,0.36073378,0.028896855,0.07798495,0.012746755,0.022115184,0.007561368,0.01954858,0.02289614,0.019449491,0.0057900427
MTF1,0.034129873,0.077197835,0.07210322,0.072699666,0.22668083,0.15583438,0.11860199,0.14398482,0.03475711,0.1369789,0.13898978,0.14076819,0.052280523,0.15578158,0.14284696,0.04112219,0.029047985,0.05311015,0.106216155,0.106827155,0.044742525,0.08708271,0.027056176,0.042182673,0.10587949,0.06019111,0.07822093,0.10032651,0.10840115,0.04189463
MFSD2A,0.030805463,0.039512575,0.035728678,0.039619137,0.17822519,0.06901977,0.04664352,0.078404635,0.019551134,0.07059107,0.062560454,0.07278399,0.021232769,0.05648008,0.06408601,0.016844051,0.014297324,0.026258513,0.057041388,0.045088436,0.019810084,0.039124344,0.018007407,0.021815788,0.056562964,0.090437055,0.070391506,0.045422547,0.052786555,0.06392185
PPT1,0.048540346,0.11000523,0.11838382,0.11718503,0.26530522,0.17396694,0.15674144,0.24264164,0.04592497,0.22053142,0.2122746,0.22913927,0.06724827,0.18387416,0.20749417,0.05147539,0.034514647,0.09883743,0.16501597,0.16265953,0.05104338,0.11218627,0.03549603,0.06099782,0.18516599,0.20148374,0.13848332,0.13655521,0.16116013,0.05549775
CITED4,0.035542913,0.047701675,0.04738967,0.04887474,0.13850205,0.07425571,0.07026453,0.21498726,0.034907557,0.14500107,0.11963584,0.17104714,0.037245747,0.09671132,0.08391943,0.026013881,0.02401877,0.054273736,0.09344496,0.06724503,0.026779002,0.055455003,0.02143461,0.032012213,0.12765752,0.046955455,0.07066926,0.07426351,0.068878494,0.032328382
CDC20,0.0027220023,0.00721153,0.037732754,0.010976908,0.011346683,0.010618328,0.014290439,0.015362232,0.47886077,0.023445869,0.017267369,0.023426827,0.2650561,0.013074715,0.014530959,0.003804267,0.020902365,0.005251202,0.017562374,0.016401073,0.32129863,0.007176649,0.11380147,0.0040182727,0.018994553,0.07115349,0.015002808,0.025875114,0.01293221,0.0072387103
KIF2C,0.003507138,0.009410451,0.0088798655,0.006465079,0.010330982,0.009372157,0.0071547506,0.021770606,0.868743,0.02623502,0.021686792,0.019268831,0.13267425,0.022349508,0.011328878,0.0023015281,0.012137794,0.037988942,0.007253962,0.015618748,0.37559614,0.0051580537,0.083865285,0.0063714245,0.0077164015,0.004556884,0.005413086,0.00715947,0.0118281245,0.003896919
PLK3,0.049051672,0.092499964,0.07422131,0.083869,0.2910648,0.15285829,0.120542385,0.21847571,0.05599109,0.20738822,0.18885556,0.1879301,0.061822347,0.17326012,0.13902703,0.037763502,0.03667198,0.09591716,0.16558562,0.10899292,0.044710126,0.08677538,0.03024558,0.05256374,0.18638127,0.0816371,0.09443981,0.13498585,0.1150332,0.050773174
PDZK1IP1,0.0074420273,0.021412196,0.02081923,0.019588765,0.04895175,0.024331592,0.02754058,0.055461604,0.009241145,0.038631804,0.037535723,0.055653863,0.012951174,0.034705248,0.03109269,0.19196697,0.01009592,0.012913081,0.034931574,0.027122222,0.010276507,0.021440338,0.012451524,0.6658303,0.027880436,0.017563267,0.020327928,0.023169493,0.02565665,0.01849893
TAL1,0.006020171,0.011505162,0.0253476,0.011636481,0.022007616,0.015222577,0.013625375,0.026959054,0.0049425187,0.022180108,0.022096379,0.022081379,0.006465023,0.017552251,0.017476568,0.018451773,0.1302781,0.008377217,0.016447522,0.014024896,0.005306461,0.011948415,0.0046210666,0.31121567,0.01631405,0.010426272,0.010850452,0.01218811,0.015482162,0.016536448
ELAVL4,0.0009294088,0.0021158697,0.002097356,0.0022876426,0.0034956762,0.059265025,0.0032052575,0.0044075167,0.0009541606,0.0065787365,0.0041685277,0.016189547,0.0017649498,0.003553528,0.005064185,0.0011653982,0.028672425,0.0018821444,0.0033219077,0.004692533,0.0011666019,0.014750622,0.00099468,0.0012698108,0.003105536,0.0021106799,0.056911703,0.0027891572,0.004968911,0.0012503252
TTC39A,0.084854476,0.0052316724,0.0064325472,0.0048390036,0.008520571,0.005429444,0.0068121795,0.015724432,0.0021374417,0.009886094,0.011442407,0.03171972,0.0032514592,0.011662182,0.009667413,0.0030432933,0.002116446,0.0034366683,0.009316193,0.01050511,0.0028111124,0.0050677336,0.002081181,0.0030544952,0.00758742,0.0044935215,0.0049055587,0.0060785245,0.006479039,0.38906112
AC119428.2,0.14241095,0.12403013,0.09406611,0.06392365,0.08795664,0.05992534,0.04270494,0.08881017,0.03159337,0.068459615,0.050586052,0.07068796,0.01760293,0.04790353,0.050749023,0.016822904,0.011880608,0.019057134,0.041279458,0.034205653,0.017903566,0.03862617,0.012890026,0.019036183,0.061728485,0.08464439,0.11813166,0.03945765,0.042150036,0.6909446
TACSTD2,0.002886203,0.0051907767,0.0051042535,0.005400554,0.029115947,0.007097193,0.0076837135,0.010626734,0.0036632991,0.009813652,0.009407962,0.011230593,0.002783009,0.008110705,0.009230341,0.0026260419,0.0024806296,0.0044283923,0.0075312923,0.0070388,0.0026380247,0.005296055,0.0021077925,0.003546224,0.0082567595,0.49480084,0.016980713,0.09952073,0.018894497,0.026052352
JUN,0.107914165,0.26032013,0.24153228,0.33201852,0.38627738,0.2067409,0.3028658,0.438979,0.1088757,0.40766302,0.42108762,0.37401465,0.1501819,0.36841673,0.34017596,0.08540844,0.08906991,0.1997528,0.2898287,0.29767537,0.11405582,0.23354578,0.10489874,0.12857693,0.33823323,0.18847428,0.18716983,0.31064838,0.3064851,0.11493708
L1TD1,0.011001537,0.04993685,0.049244393,0.028620955,0.052224778,0.4490602,0.027230315,0.043618068,0.021635376,0.03976427,0.03959631,0.04122827,0.010355384,0.032588374,0.056759544,0.008497821,0.009607506,0.015988955,0.028974965,0.03324156,0.010709373,0.026322125,0.009336926,0.01066004,0.030161943,0.015926162,0.020753922,0.045480218,0.039264716,0.01492641
AC103923.1,0.00035971194,0.00067898637,0.009088025,0.0028778422,0.0013125222,0.002857394,0.0009981178,0.0025756743,0.00036632235,0.0022095218,0.0012199971,0.0013929835,0.00054204464,0.0751221,0.0015733774,0.00047352858,0.00034830548,0.000606457,0.00092963676,0.00089290284,0.00043174418,0.0007976095,0.00027319905,0.00038103873,0.021859124,0.0006188776,0.0007084055,0.00090003235,0.00097087777,0.00041943666
PDE4B,0.047104973,0.16298185,0.122610606,0.17569937,0.23136841,0.12879914,0.16696145,0.23383462,0.051962305,0.23879507,0.30306208,0.22037332,0.066032134,0.18732546,0.19022626,0.050632033,0.036665026,0.09966121,0.21816674,0.13766906,0.0490955,0.11703929,0.03337714,0.06288028,0.17958423,0.07236583,0.09784154,0.14633492,0.16086382,0.069029704
GADD45A,0.035742354,0.049563434,0.05947988,0.04611429,0.09179447,0.071537584,0.06881771,0.12638646,0.045502454,0.14693703,0.13252173,0.11153213,0.03443665,0.10998567,0.099350326,0.02807171,0.03881033,0.0532261,0.12803067,0.091468364,0.043827865,0.07678153,0.026190352,0.14115942,0.09411512,0.05677162,0.06389892,0.10042753,0.089894556,0.05057489
DEPDC1,0.0015320308,0.0030511357,0.020867357,0.0036227945,0.0064347996,0.0047720713,0.0036480555,0.0081378585,0.3035872,0.0069593084,0.0055917087,0.006278532,0.10419768,0.004633701,0.00834907,0.0016725836,0.0073542255,0.0022444641,0.0043615066,0.00365151,0.13425776,0.0033250176,0.034873407,0.0019083632,0.004558093,0.0028592227,0.004740522,0.0037289648,0.009235141,0.0017664031
NEXN-AS1,0.0020047645,0.0037949313,0.004943073,0.006792837,0.010009311,0.0048700566,0.004537191,0.01400296,0.0016753335,0.013416206,0.0076275733,0.011599227,0.003144334,0.0060889726,0.006652053,0.0018529383,0.001797607,0.0024206736,0.0049463045,0.0071824547,0.0019088725,0.003659118,0.0013619803,0.08013955,0.014222484,0.0029847485,0.003858607,0.0038787427,0.0041785976,0.0052012834
NEXN,0.015515178,0.07436395,0.07020383,0.06727927,0.12941054,0.08454237,0.064388,0.09989371,0.040790368,0.09393903,0.09734058,0.106615655,0.028062189,0.074518785,0.09807295,0.04135539,0.023953551,0.053590927,0.06734904,0.07311811,0.025806539,0.053682,0.022626286,0.37216836,0.07136112,0.034547262,0.055415016,0.04946332,0.072935134,0.041162964
AC103591.3,0.0741164,0.14136899,0.1411542,0.16392438,0.3482093,0.16206764,0.17451842,0.2318849,0.05799867,0.20684133,0.24679293,0.233388,0.09839283,0.24602127,0.19212143,0.045867547,0.054370273,0.09555441,0.20853162,0.16567652,0.060258534,0.14867036,0.051607203,0.074484155,0.17034566,0.10272654,0.11727616,0.14353152,0.15475252,0.14769198
IFI44L,0.05532629,0.10633475,0.10009044,0.10965112,0.26177475,0.15198676,0.112299904,0.21906528,0.031028133,0.20467065,0.18854058,0.17726573,0.06691071,0.15033136,0.13542128,0.03890862,0.041300006,0.06836991,0.15823089,0.13599482,0.047526997,0.14240237,0.02878234,0.051848404,0.13527349,0.056731444,0.11836914,0.099006295,0.11523513,0.12279631
IFI44,0.043731,0.08094857,0.06887936,0.08096349,0.22998849,0.13099961,0.11723886,0.1856633,0.037284132,0.19135837,0.16888271,0.14656395,0.050408773,0.14278555,0.13088913,0.038388234,0.037629817,0.07518155,0.14845039,0.12746006,0.051290784,0.091259666,0.026857749,0.049434114,0.116030835,0.081203066,0.10546779,0.079924256,0.1099279,0.056250498
LINC01781,0.014578004,0.2614842,1.0354847,0.29487488,0.045842145,0.04014033,0.042039163,0.07070477,0.011116135,0.06457153,0.051948324,0.06586846,0.02437149,0.054556638,0.047620825,0.0219672,0.012655661,0.027279325,0.048072174,0.04649777,0.0199519,0.03196273,0.13184994,0.020084709,0.048885662,0.030402826,0.031432252,0.043531675,0.041719552,0.021011893
CYR61,0.00020898879,0.06271514,0.00045992163,0.18103586,0.00075067783,0.0006435131,0.00065946317,0.0010003953,0.0002161388,0.0009037455,0.0009477825,0.0009616792,0.0003177379,0.00089956785,0.00089044863,0.00032202026,0.0002386254,0.0003586407,0.0007025642,0.0006012697,0.00031270593,0.00051341084,0.00026386007,0.0003264243,0.00074880617,0.00046336936,0.00049775786,0.0006424079,0.00067270244,0.000322337
COL24A1,0.043615688,0.008516938,0.009095658,0.008616512,0.022797605,0.015326997,0.011544765,0.016966239,0.0043410906,0.024539923,0.01775576,0.015536109,0.0063701393,0.015468546,0.014599904,0.0048490884,0.12934321,0.14258973,0.012827536,0.011042861,0.0043580737,0.084179364,0.020597897,0.02208248,0.012648707,0.007348211,0.011792998,0.009942098,0.009822687,0.3171187
LMO4,0.1135818,0.20693237,0.20578915,0.18869953,0.31257677,0.2455442,0.23746121,0.36454067,0.078620456,0.3480249,0.34629542,0.3251347,0.13199182,0.26475486,0.29151875,0.067343235,0.13754134,0.24133195,0.30427828,0.27975163,0.13388854,0.28145352,0.0910684,0.094451115,0.20572655,0.23535551,0.20323098,0.18051359,0.23651974,0.16144562
GBP1,0.044419523,0.10263818,0.090883665,0.10441893,0.22410858,0.24426697,0.18365721,0.2891569,0.13609038,0.25648057,0.23504153,0.26905444,0.11576342,0.20159644,0.21351631,0.059387065,0.05104195,0.08391045,0.19936788,0.16669913,0.083554186,0.12464966,0.04270643,0.067037255,0.18070222,0.08402318,0.13645637,0.15030111,0.18795633,0.05712005
GBP2,0.055343352,0.1348383,0.12501805,0.12706167,0.23505287,0.20128049,0.21631643,0.2870478,0.10709897,0.25030226,0.28060117,0.29943794,0.13629639,0.25450087,0.27377823,0.06320274,0.05506283,0.11517416,0.24884976,0.21721269,0.101393476,0.1921175,0.059693158,0.08156229,0.27148458,0.09805991,0.10661466,0.24642596,0.20941263,0.07399203
GBP4,0.03194862,0.089305654,0.089201085,0.10256454,0.14686026,0.16651058,0.14865343,0.23283146,0.080699585,0.21969484,0.2094509,0.19364768,0.08003422,0.1683661,0.16705178,0.060318757,0.049508013,0.07870929,0.15471345,0.17829652,0.069458105,0.16425025,0.028884614,0.054021694,0.15976971,0.07538846,0.084884726,0.10917803,0.1480616,0.046116352
GBP5,0.03562956,0.09090879,0.0852173,0.09029686,0.1417209,0.12623037,0.22355199,0.18186815,0.05542128,0.23320755,0.2537556,0.167669,0.1208617,0.16482562,0.2517237,0.034724094,0.040899698,0.07037226,0.25996047,0.2440127,0.08297622,0.14152262,0.03752197,0.053628903,0.19011678,0.07161898,0.07808843,0.09184635,0.20715219,0.04825303
TGFBR3,0.024814326,0.06772667,0.07466634,0.06643457,0.0966103,0.07856476,0.33958605,0.17904234,0.050154626,0.18978341,0.18824203,0.15407163,0.13733418,0.14883316,0.36930722,0.04261585,0.031705786,0.07077326,0.26736954,0.40825012,0.14338736,0.1951455,0.030849246,0.052234255,0.10317243,0.048453253,0.07033728,0.097870365,0.28558055,0.052476417
EVI5,0.0815741,0.1383038,0.11709498,0.12165063,0.37826383,0.23175453,0.10858621,0.18876706,0.049920622,0.15659149,0.14039056,0.1600615,0.05102859,0.12758376,0.13613504,0.046001606,0.04488913,0.05415312,0.11911799,0.118320554,0.041892353,0.08567114,0.046898916,0.05180436,0.1558121,0.08756742,0.1734694,0.09508558,0.11389856,0.07394174
FNBP1L,0.01017412,0.055622667,0.04357343,0.05631894,0.039062276,0.017536668,0.01797794,0.043686353,0.010864638,0.054663587,0.02709321,0.035850357,0.009496022,0.026007984,0.021419333,0.0060708346,0.04361297,0.019254532,0.018502288,0.021102998,0.00976676,0.024309928,0.0075878086,0.10469312,0.0331986,0.087660424,0.04067878,0.017905507,0.020027675,0.0725714
F3,0.0076797027,0.015688054,0.015815599,0.023447676,0.13691798,0.03173319,0.020881547,0.040805493,0.008742904,0.03274054,0.032454092,0.033519074,0.015005432,0.028128758,0.026862193,0.008772139,0.007250638,0.012069129,0.024719482,0.025218785,0.009395082,0.018717317,0.007187092,0.0120226275,0.024586668,0.012626625,0.01954441,0.019536935,0.020025,0.014438433
DPYD,0.0591194,0.10542483,0.10393113,0.11800078,0.31062278,0.1348917,0.16682306,0.2811403,0.035527118,0.22225074,0.2166744,0.23215981,0.08467666,0.17961708,0.17812863,0.077311024,0.04685138,0.09854616,0.1855093,0.16770466,0.073121704,0.14550078,0.055164598,0.08387986,0.185688,0.08440593,0.1108624,0.14921077,0.15103641,0.06348203
LINC01307,0.00023412566,0.00034672942,0.0003312538,0.0015630311,0.0004988648,0.0004075866,0.00045849034,0.00070833176,0.00021274728,0.002206633,0.00066178775,0.00075746846,0.00024388824,0.0006080713,0.0005267442,0.0002348116,0.00015920418,0.00024700884,0.0004706867,0.010844418,0.00018207224,0.00036566638,0.00013899988,0.00019649576,0.0004979077,0.0003569078,0.00033748688,0.00035452284,0.00042663663,0.00021676043
NTNG1,0.0015462161,0.066593245,0.10813283,0.02553966,0.0053896704,0.004095754,0.0046395743,0.006850401,0.0022377018,0.006645232,0.0056342883,0.0065254746,0.002618363,0.0058032144,0.0075662243,0.002178755,0.0013216619,0.002581542,0.0051599126,0.005947201,0.001994487,0.0035110654,0.0015774244,0.0018647031,0.005046375,0.0034448616,0.003587424,0.0042542536,0.004457465,0.0036402282
SORT1,0.029404918,0.05603261,0.05438045,0.058807734,0.29231796,0.23178607,0.075426854,0.10235331,0.02120535,0.10165346,0.092207484,0.11350516,0.038043518,0.08345333,0.08684807,0.022791535,0.028796827,0.06975021,0.08392733,0.076571144,0.034139395,0.055786412,0.026469234,0.06392165,0.072092675,0.05323691,0.098515496,0.058831416,0.07870752,0.055000316
CHI3L2,0.031456783,0.19720733,0.119584166,0.2613693,0.10584218,0.09089257,0.12722017,0.5048574,0.051606264,0.19184993,0.16433197,0.28469515,0.06138429,0.11989031,0.19498946,0.056838725,0.034488276,0.082088165,0.13073547,0.2297839,0.105801925,0.09624909,0.031262085,0.04582007,0.11352498,0.062214214,0.076416954,0.21250676,0.20487031,0.040898144
C1orf162,0.077586114,0.17616186,0.19352743,0.1867654,0.37318742,0.3456933,0.33664355,0.40134186,0.09424304,0.418849,0.38132697,0.40872097,0.17364149,0.34026447,0.39479232,0.10483296,0.09336446,0.21060386,0.34402072,0.31950536,0.08882502,0.22514836,0.10466761,0.15772773,0.32343927,0.40791538,0.32055557,0.34905398,0.36311993,0.07610869
LINC01750,0.0023962378,0.0053816917,0.0061661685,0.004315003,0.010154079,0.0067663323,0.0055539813,0.009499427,0.0024565354,0.007545921,0.0072165974,0.008091114,0.0030255744,0.0064632427,0.0061439234,0.0023344175,0.0020081387,0.0038648648,0.0059959777,0.0054742345,0.0022267222,0.004393695,0.0019290675,0.1727957,0.0062949806,0.061706726,0.003886256,0.004807486,0.0049728337,0.0025527645
RHOC,0.08532649,0.10301451,0.101883724,0.11127504,0.15888041,0.5371843,0.20842366,0.23370682,0.04195131,0.2271242,0.22294396,0.20563498,0.12515096,0.1808849,0.2513935,0.04701386,0.052049916,0.08749932,0.21197,0.3366266,0.12931171,0.21086448,0.044168912,0.107583374,0.17487086,0.104542606,0.14499655,0.14346853,0.21053627,0.073397085
PPM1J,0.28189555,0.040767215,0.046222344,0.032578424,0.02441106,0.060034133,0.016715214,0.027346345,0.005639691,0.026462846,0.028248832,0.027476413,0.008401627,0.02193079,0.023583366,0.006176205,0.0064310925,0.008324563,0.019533623,0.017538292,0.007626959,0.012466375,0.004965198,0.0063161505,0.01758213,0.7564909,0.048421152,0.013566466,0.016839262,0.70743954
DENND2C,0.005711672,0.021049142,0.01542677,0.017537864,0.022513745,0.016374534,0.06413474,0.04955841,0.005666103,0.036589194,0.036659412,0.03460607,0.021517495,0.034128226,0.04943769,0.0056988476,0.0052108825,0.010325361,0.018703679,0.02935877,0.00603749,0.02000024,0.03901876,0.13266014,0.025828935,0.011523525,0.013726626,0.014756286,0.02538685,0.010110358
SYCP1,8.357923e-05,0.00022739045,0.00021611573,0.00021458892,0.00051962206,0.00024094252,0.0003019265,0.00043474502,0.00012734189,0.0004060322,0.00040668267,0.00041091169,0.00015204979,0.00034862707,0.00033428313,9.915091e-05,0.00010374329,0.00022156409,0.00031660622,0.0002755501,0.00012916245,0.00023999273,0.00010360514,0.00012849862,0.000301892,0.0002492338,0.00021165071,0.00024688127,0.00028221504,0.00013623497
CD2,0.08181612,0.19699015,0.1786537,0.21298265,0.28836975,0.24454822,0.5117169,0.42903885,0.13005796,0.4658836,0.5237819,0.34855658,0.1804898,0.3274108,0.47387907,0.09455002,0.09840556,0.16788396,0.32990015,0.30626202,0.109438196,0.3252503,0.09207375,0.12873206,0.3352444,0.18868782,0.1379654,0.25390622,0.27198768,0.1121754
TENT5C,0.040102564,0.19076057,0.08702519,0.15414971,0.08562933,0.06623284,0.1718519,0.1291857,0.03567725,0.22392204,0.2729903,0.11831162,0.09004566,0.15233196,0.19581786,0.16335516,0.03447336,0.061567433,0.31414914,0.1599024,0.05367699,0.1502009,0.16594312,0.102189176,0.14385329,0.06826338,0.06224551,0.08742016,0.16640976,0.03445238
AC245014.3,0.056694333,0.1391848,0.15487598,0.13680539,0.3523294,0.12912083,0.14768787,0.22970584,0.042687472,0.19310771,0.19697148,0.22494373,0.07018717,0.18305679,0.18341833,0.057868283,0.048386727,0.09080965,0.19739658,0.15977404,0.073301435,0.1174337,0.041075617,0.06139069,0.15284179,0.08049461,0.13407731,0.13989791,0.15398075,0.16546614
CD160,0.033460002,0.059286546,0.061532166,0.06586796,0.092168674,0.0767404,0.13096595,0.12728189,0.09679653,0.1276721,0.116808444,0.13386172,0.10757644,0.118791595,0.2403523,0.029621491,0.031521566,0.04745957,0.17181192,0.55421215,0.1670837,0.14367488,0.023521625,0.04561162,0.10199711,0.054112785,0.062638424,0.07947581,0.23785448,0.038593233
FCGR1A,0.03267857,0.095123105,0.08702986,0.0951227,0.43288797,0.14577997,0.11840292,0.16545539,0.042843927,0.16105594,0.15265334,0.18998125,0.07058223,0.13459475,0.15673982,0.03943842,0.036755018,0.069509,0.12019432,0.121185966,0.044464033,0.08798953,0.035313662,0.05742904,0.13545635,0.080567636,0.10669001,0.113589205,0.11932755,0.052808948
HIST2H2AC,0.05105049,0.124813154,0.10135819,0.12352639,0.16353197,0.11500621,0.17508978,0.23094887,0.14778897,0.2083959,0.19780499,0.19243316,0.08600515,0.1800422,0.2067869,0.05271566,0.03603964,0.106131226,0.17010121,0.17046471,0.108018704,0.16720608,0.034287054,0.084739245,0.16382466,0.08387611,0.09353554,0.12335409,0.16561978,0.06834021
MTMR11,0.06057456,0.07306729,0.06742047,0.069480464,0.34152925,0.28970614,0.10303732,0.15243877,0.02883946,0.122632414,0.13219795,0.1527336,0.050056234,0.11558603,0.12635097,0.052516133,0.02984383,0.074589506,0.10624241,0.08895312,0.044256322,0.07716799,0.034676302,0.04390994,0.119165525,0.060544685,0.1949209,0.094320536,0.09753421,0.03956291
PLEKHO1,0.08724179,0.15327549,0.13284606,0.15057258,0.2628815,0.19096452,0.19546193,0.3310369,0.04305763,0.27266327,0.23361927,0.25057635,0.07192684,0.20504826,0.22005561,0.08990607,0.04936983,0.13909742,0.2105089,0.18837598,0.068383545,0.14044073,0.045530375,0.1814832,0.21113868,0.16358119,0.2007345,0.14981003,0.1829328,0.064609386
C1orf54,0.035333775,0.029584287,0.031168563,0.027648646,0.09321147,0.061418224,0.028999297,0.06915187,0.015476726,0.07502537,0.06710326,0.06560514,0.011941381,0.09696659,0.044106025,0.013177103,0.024135431,0.07967587,0.044106558,0.034454327,0.015767608,0.036697105,0.00987306,0.013665464,0.051526055,1.1904606,0.10446538,0.029482711,0.038943157,0.021604411
MCL1,0.050752144,0.11164428,0.10769914,0.1382057,0.25095707,0.11706115,0.17267603,0.23503765,0.06512568,0.18554424,0.20176777,0.23872657,0.07948612,0.18488713,0.19443929,0.08828842,0.04982208,0.079904445,0.17643173,0.15314378,0.05947884,0.12040973,0.028688034,0.09282435,0.18758686,0.057044927,0.10751954,0.14862618,0.1535141,0.0523474
CTSS,0.01764981,0.05470535,0.072302364,0.07330243,0.33243313,0.26004443,0.1619594,0.31526065,0.059895013,0.2625933,0.24406676,0.2905426,0.09177782,0.24686198,0.17922233,0.07392379,0.065249674,0.089390345,0.20951732,0.13792986,0.06880213,0.10625398,0.05518832,0.07526675,0.23123789,0.06287811,0.06716076,0.17309234,0.146332,0.026866622
SELENBP1,0.0018632371,0.0027633822,0.0027575416,0.0028985995,0.012354477,0.0052579404,0.0036027597,0.0063985004,0.0015851817,0.005257056,0.0047187177,0.005285848,0.0020197106,0.00441615,0.0044737197,1.2292956,0.01597369,0.0023908918,0.0039877654,0.011339668,0.0015352297,0.0026754264,0.0011080303,0.0014278821,0.0040793335,0.0029299168,0.007574053,0.0030130784,0.0030574533,0.0017967724
S100A10,0.31382605,0.38450164,0.29692736,0.4247798,0.506295,0.272321,0.34281537,0.6275558,0.12443088,0.47463405,0.38241556,0.5342238,0.18461095,0.3466595,0.38772017,0.25009808,0.21357538,0.14003839,0.3542529,0.32711178,0.11461041,0.25989634,0.11457918,0.26567602,0.31013206,0.5286322,0.38396853,0.32935843,0.34153426,0.21251392
S100A11,0.059618592,0.29030988,0.26193678,0.30131656,0.50394666,0.51488626,0.24100119,0.6871486,0.08390051,0.30875942,0.30106932,0.5844598,0.11884872,0.31734636,0.28786182,0.1798444,0.102837354,0.12996581,0.28877488,0.23092616,0.09800346,0.24668398,0.12664513,0.17327219,0.32729346,0.11387252,0.24423684,0.2851542,0.2865484,0.08420286
TCHH,0.0012516251,0.0024553188,0.0021688312,0.0025036293,0.0078642545,0.004781476,0.0033796618,0.0050403234,0.049332257,0.12531075,0.0043194257,0.0045415536,0.0014161128,0.0038862582,0.0042341715,0.0016786227,0.0012618362,0.001985196,0.0035329117,0.009153721,0.031822644,0.0026649933,0.0011362795,0.065135226,0.016428735,0.0018464803,0.0032365194,0.0025388855,0.0051189475,0.0014613101
S100A9,0.13775732,0.17460927,0.16125959,0.171095,0.62449175,0.11375767,0.19966733,0.41010275,0.12532634,0.33003733,0.29332998,0.39192376,0.11273388,0.31461388,0.2328289,0.12344306,0.11052183,0.13320167,0.27430752,0.20432118,0.09985673,0.15361252,0.10358031,0.070418745,0.29791987,0.14221998,0.16103707,0.2350861,0.18064015,0.1110769
S100A12,0.061945207,0.15763046,0.14495862,0.15696062,0.55555266,0.14899868,0.21474628,0.32118577,0.06793735,0.2837219,0.27700573,0.31920546,0.122404784,0.23641548,0.25322193,0.060752254,0.06935072,0.12606908,0.2265539,0.20794205,0.08075389,0.16774064,0.06657791,0.08780066,0.24597995,0.12055683,0.10149566,0.18072295,0.20575769,0.08690682
S100A8,0.11272985,0.21390095,0.19207017,0.19704252,0.79269636,0.16555786,0.27402952,0.42961058,0.11381285,0.38605103,0.37193522,0.41066095,0.20763908,0.33774439,0.2979751,0.08586819,0.10209532,0.14274834,0.30974212,0.25924134,0.11774321,0.19936377,0.1207668,0.103176765,0.35834578,0.22958505,0.16444975,0.3311179,0.24576783,0.13775155
S100A6,0.13780259,0.24948128,0.22126026,0.32465973,0.45480874,0.32380483,0.14132723,0.4233646,0.060737234,0.2539801,0.25156376,0.36541307,0.05542624,0.19717886,0.18513897,0.18272524,0.12962589,0.095189035,0.17350404,0.19373798,0.07709525,0.33099374,0.100009464,0.15349011,0.24669038,0.1431839,0.18929301,0.18661843,0.19125009,0.065448366
S100A4,0.15064475,0.58807725,0.5177307,0.65553635,0.62964845,0.5681667,0.4920446,1.3492256,0.2116912,0.5889937,0.35405934,1.0976353,0.23879567,0.43691567,0.44799995,0.41680047,0.15411778,0.17896654,0.3401399,0.30322614,0.14918779,0.52421415,0.2515275,0.2626565,0.47100893,0.6655082,0.35492328,0.56642586,0.45476124,0.2213554
S100A1,0.00044378563,0.11894711,0.0007710498,0.0048737456,0.0025872919,0.0014682994,0.00094520167,0.0015906575,0.00035964407,0.0013181735,0.0011821991,0.001461167,0.00046901335,0.001083947,0.0011781646,0.00032335302,0.007060255,0.00057669054,0.0011353631,0.0008854704,0.0003725504,0.00068901863,0.00034074858,0.00040168708,0.0011368945,0.000648298,0.0007100637,0.0008059551,0.116600215,0.040031746
AQP10,0.0034842896,0.013864926,0.009604151,0.008986899,0.02116237,0.010209439,0.0125363,0.023871953,0.005821021,0.02210013,0.017258514,0.018413194,0.009521638,0.014530343,0.015949553,0.0041868403,0.0045986436,0.008460147,0.012552244,0.012391785,0.0049061314,0.015545299,0.003856624,0.44085127,0.014013457,0.008387819,0.007543413,0.01068988,0.012540609,0.034828976
TDRD10,0.0002631777,0.000547173,0.000543098,0.0006178438,0.0007190192,0.0005763653,0.0005884664,0.0010790743,0.0002539159,0.0009359167,0.00084236957,0.00093692524,0.0003493905,0.0007583844,0.00080622087,0.00027145134,0.00024674155,0.00042444695,0.00070055336,0.00065950205,0.00027346134,0.00045315817,0.00021323815,0.007015072,0.00068958354,0.000505167,0.00052115106,0.0005744855,0.00062468124,0.00031309994
CKS1B,0.03675037,0.11471214,0.11337534,0.13127688,0.1024877,0.19902375,0.113093436,0.16087572,0.22180791,0.15202487,0.13464423,0.18488969,0.23165466,0.11955758,0.12519836,0.026446918,0.07980847,0.053821262,0.100182846,0.1383281,0.25261438,0.1028388,0.08611145,0.047001105,0.12040132,0.08275584,0.07867985,0.097611636,0.12184675,0.0910739
LMNA,0.023968138,0.045446247,0.050737243,0.04667055,0.1520933,0.06722364,0.07973523,0.10511251,0.032617826,0.14377905,0.11030054,0.084459856,0.042729355,0.1105414,0.08433217,0.026881307,0.07754862,0.12598798,0.08344661,0.06356296,0.024723817,0.105968066,0.027082363,0.2509594,0.096124515,0.2037765,0.22824466,0.049692318,0.06990418,0.026804166
SEMA4A,0.20845047,0.065780826,0.06378428,0.077883855,0.313648,0.19882078,0.09590986,0.14720999,0.033531643,0.13006721,0.11927849,0.13779688,0.04813354,0.10365706,0.10581646,0.038977053,0.030901207,0.048937295,0.10149411,0.09744242,0.042061493,0.072478265,0.09649166,0.04434973,0.09321757,0.23257408,0.23200734,0.08782005,0.097258195,0.062127102
NES,0.00016430055,0.00029451097,0.0128502,0.00030313805,0.00045433317,0.00033649185,0.0004000925,0.00063226064,0.00016602511,0.0005817761,0.00054409436,0.00060864765,0.00016980665,0.00045969678,0.00045055395,0.00016960101,0.00013924109,0.0002641494,0.00041459993,0.00039959227,0.00015971137,0.00029596404,0.00012720331,0.00017954998,0.00045770517,0.00031305614,0.00031481884,0.00034886342,0.0003707902,0.00017749018
PEAR1,0.0026056296,0.005329125,0.0056526684,0.0057262382,0.0100340005,0.0074207275,0.007576265,0.013057524,0.0029737956,0.011954428,0.009877233,0.01228632,0.0037418408,0.0088338945,0.009116691,0.0045619532,0.015500568,0.0047547976,0.00847487,0.007270696,0.0029177081,0.0054346714,0.0045549315,0.17526086,0.008747666,0.0046268143,0.0059296163,0.007996898,0.008152972,0.0032912877
AL138900.3,0.00041231787,0.00089920487,0.00091101765,0.0008768912,0.0011930579,0.000963671,0.0012495769,0.040688034,0.00049920764,0.0016919532,0.0014904724,0.0017112839,0.00047521477,0.0016150335,0.0014917725,0.04586826,0.0003770432,0.00066893303,0.001312695,0.0012143487,0.00040993092,0.0009090437,0.00044606582,0.00046619758,0.0013233313,0.00070910185,0.0008176017,0.0010039476,0.0012561782,0.000518431
FCRL5,0.015914243,0.50962365,0.15637636,0.47507834,0.04897853,0.04006616,0.051160146,0.07463281,0.015114715,0.060331367,0.062917404,0.06979387,0.021019861,0.053477533,0.06033225,0.020169288,0.015627902,0.04025868,0.047361616,0.04852853,0.018907001,0.03743788,0.15143648,0.021629378,0.051085427,0.027314112,0.03253578,0.038079057,0.048024815,0.037658308
FCRL4,0.00092223944,0.021302909,0.001650276,0.0020707995,0.0029403404,0.002318361,0.0020216636,0.008745674,0.0008849888,0.002842426,0.0026836554,0.016451914,0.0013820716,0.0025164282,0.002272403,0.00086857646,0.009948852,0.0013423855,0.0022237662,0.0018178041,0.0008540556,0.0016313584,0.0006363612,0.0008904398,0.0019909223,0.0012110968,0.013796839,0.0016668503,0.002079111,0.0008526253
FCRL3,0.02989612,0.47035718,0.17431727,0.4072713,0.11606127,0.09468461,0.13767157,0.19411635,0.05462243,0.22266723,0.18968481,0.15735568,0.050071687,0.14336072,0.40153944,0.037950892,0.033249587,0.1117716,0.13360777,0.37813005,0.10843244,0.17866826,0.034197126,0.05557914,0.35262874,0.07160269,0.08018239,0.13088968,0.32628754,0.04452034
FCRL2,0.018305026,0.76898277,0.24625002,0.46980274,0.059737325,0.050154425,0.056483615,0.09617567,0.02396248,0.07524587,0.07503139,0.08507818,0.029083658,0.070860736,0.065207414,0.024857586,0.019646417,0.0373174,0.05772073,0.053754818,0.020878201,0.04587439,0.048452105,0.021193158,0.06942797,0.03991415,0.041462373,0.045037165,0.054731864,0.023653729
FCRL1,0.03726394,0.6251373,0.36490706,1.0225296,0.11275337,0.09165716,0.09657371,0.18270497,0.03473732,0.1462089,0.11941009,0.13986465,0.051300563,0.10695679,0.10160722,0.049564503,0.030855788,0.054150198,0.10577284,0.090844885,0.04111592,0.07025475,0.055319455,0.04771834,0.11882562,0.06150752,0.07621923,0.08925953,0.08849583,0.04192473
CD1D,0.03895963,0.106283806,0.102726884,0.100360274,0.38866138,0.14129868,0.11721104,0.18356502,0.051578816,0.20007968,0.1431511,0.15387851,0.06748341,0.13231266,0.12898482,0.04545014,0.040164817,0.0923016,0.12869515,0.11131146,0.052127156,0.08441831,0.033965025,0.057250686,0.12020762,0.07963687,0.34235826,0.10220083,0.1189284,0.05118747
AL138899.1,0.0030954976,0.057401013,0.0076898476,0.018915366,0.02198286,0.009593575,0.008901036,0.017520841,0.003683025,0.013787095,0.011659435,0.0129688475,0.0032381336,0.009916426,0.0116849225,0.00486326,0.003006232,0.004814372,0.009214677,0.010465553,0.0031152826,0.006887713,0.0025910411,0.0033102399,0.010279647,0.005890501,0.08888227,0.008499963,0.008638777,0.003643131
CD1C,0.034719024,0.55371535,0.14557092,0.16097355,0.20250612,0.09042503,0.062168647,0.114551544,0.031390455,0.08500645,0.087683305,0.1046232,0.045104265,0.06799008,0.0833717,0.025084449,0.023111744,0.044068422,0.0811414,0.06907385,0.03173416,0.05333198,0.024384828,0.029356124,0.084694766,0.066344455,1.3336177,0.060728703,0.067089625,0.03295389
CD1B,0.002673523,0.0062320204,0.00597138,0.0063853,0.02371999,0.008939873,0.007979937,0.012428508,0.003257865,0.011861632,0.010711249,0.012151107,0.004685636,0.010126856,0.009594575,0.0031937917,0.0026342375,0.005648775,0.00893332,0.00866332,0.003771864,0.0060938746,0.0030064534,0.0033253315,0.008672989,0.0059332573,0.14446925,0.007392601,0.0077563417,0.0038281828
CD1E,0.004214224,0.012035684,0.011723352,0.011810619,0.041198187,0.017167684,0.016527733,0.026792575,0.00684935,0.026321808,0.022080699,0.022313667,0.0115469275,0.01878002,0.01951367,0.005485756,0.0044637863,0.008737993,0.01838995,0.015524915,0.006877352,0.012522403,0.004878891,0.009027516,0.018794179,0.011443977,0.4443101,0.013906622,0.016516974,0.0067388257
MNDA,0.062469427,0.14803967,0.15740672,0.18096182,0.6320723,0.2453274,0.22790574,0.39077786,0.11063991,0.3440154,0.31318057,0.3599328,0.12044887,0.2886322,0.26576585,0.10076678,0.09628743,0.15952234,0.27111366,0.2393278,0.099967055,0.17403,0.0958106,0.10844306,0.3172407,0.09775187,0.21816017,0.22633746,0.21914884,0.10685216
PYHIN1,0.059989545,0.17543903,0.15152231,0.17655838,0.23468444,0.18039785,0.4408136,0.43348032,0.08257886,0.47183743,0.36923817,0.33334455,0.24427573,0.3432982,0.5781268,0.10547684,0.068492174,0.14719647,0.3874483,0.6743824,0.21219148,0.31528586,0.056139044,0.115584634,0.40026173,0.15240575,0.1682296,0.294264,0.41254812,0.10482216
AIM2,0.015744746,0.46323094,0.59988296,0.12079413,0.090890795,0.12331667,0.059328947,0.086139314,0.042702544,0.10210899,0.095299035,0.08124088,0.044040352,0.071400315,0.08488509,0.0225387,0.01729837,0.0316864,0.06370939,0.05980002,0.020436624,0.052062605,0.0727218,0.026450118,0.06930713,0.14040552,0.046317182,0.06031427,0.0654997,0.027391931
FCER1A,0.3958773,0.06317493,0.056099884,0.0647608,0.173617,0.09046592,0.076118544,0.1215411,0.029432073,0.11940428,0.104205415,0.13468146,0.07495777,0.10709372,0.10426211,0.023529422,0.31922045,0.044584848,0.09224553,0.08770469,0.033786904,0.07269554,0.026354147,0.05501798,0.09127685,0.056659784,2.1630106,0.09344996,0.098730646,0.5849989
FCRL6,0.02554077,0.09153753,0.08435247,0.08359256,0.115987405,0.09231364,0.29795367,0.18074767,0.039562345,0.14763986,0.15845816,0.19279774,0.17556745,0.19762622,0.5552301,0.10434,0.031307247,0.06696416,0.12011619,0.46389356,0.15975785,0.12457938,0.033080373,0.05494893,0.123303555,0.092160046,0.085752465,0.1126619,0.23165935,0.049009103
SLAMF8,0.027992792,0.011222962,0.015357763,0.009966565,0.04270773,0.02644497,0.030421713,0.025143938,0.014501354,0.023948828,0.030161353,0.021544928,0.082836725,0.01974261,0.047396485,0.022031859,0.00557053,0.009437336,0.015141536,0.03016429,0.008837329,0.015550084,0.0049003283,0.0076807723,0.023582391,0.49856567,0.14806765,0.012026438,0.035113726,0.007417324
ATP1A2,0.48508647,0.001092803,0.0011008875,0.0011136455,0.0028954835,0.0032985522,0.0015083567,0.008558785,0.0006024817,0.0020828953,0.002029256,0.0019416489,0.0008911375,0.0014525306,0.0017550858,0.00058811315,0.0005139506,0.0010773021,0.0014156523,0.0022851927,0.00058486476,0.001121159,0.00045897803,0.0006281606,0.0016144501,0.096061416,0.036228407,0.0012679794,0.0013477162,0.0006504561
PEA15,0.14007366,0.13270289,0.10233894,0.101033635,0.2525655,0.1650245,0.11100408,0.17627633,0.034858093,0.15532897,0.14620042,0.14160444,0.05135241,0.1269723,0.122235894,0.042671017,0.048104957,0.05984079,0.11817328,0.1171983,0.059455924,0.08202384,0.032410543,0.053755376,0.124676794,0.08782651,0.28039485,0.08985321,0.098512664,0.10367443
SLAMF7,0.13240649,0.063541204,0.057416268,0.06026453,0.10005889,0.15788099,0.16204803,0.12757473,0.032577027,0.107391365,0.13637139,0.11379146,0.12352587,0.1037338,0.24308795,0.04675717,0.024245102,0.04765225,0.17509519,0.257737,0.09562045,0.14820236,0.13010599,0.048898056,0.08690066,0.19755359,0.08978276,0.11004385,0.1778337,0.1120511
CD244,0.03382345,0.05386402,0.054355476,0.052615598,0.17979695,0.15688136,0.1028297,0.11910055,0.026797546,0.10912462,0.11335536,0.12331734,0.07611455,0.0866827,0.16562055,0.028713178,0.038296536,0.0316406,0.11521789,0.24391104,0.06258377,0.13381222,0.022233056,0.035149135,0.0771608,0.05573804,0.08334948,0.061818745,0.1244013,0.03401639
FCER1G,0.19162877,0.29061267,0.29860353,0.2776665,0.54328316,0.7519178,0.4592003,0.7031428,0.18228592,0.64161265,0.5584394,0.6139327,0.22803596,0.50685364,0.5552945,0.15882856,0.12232037,0.1870179,0.4661607,0.4598285,0.15217632,0.3297594,0.12629026,0.24328278,0.4639259,0.12847193,0.3300559,0.3861098,0.5202246,0.22548969
FCGR2A,0.07120842,0.1355942,0.12540147,0.12451069,0.44598636,0.24126968,0.15502195,0.22259964,0.060108516,0.20817973,0.19907822,0.21313299,0.07162129,0.17806901,0.17994879,0.042763945,0.048026513,0.08550983,0.16783777,0.15223771,0.06620091,0.119870804,0.052909683,0.07578606,0.18648914,0.098490864,0.14996167,0.1389308,0.14886625,0.072488315
FCGR3A,0.1802289,0.3181663,0.3112608,0.31473854,0.565867,1.6781188,0.4351179,0.5548778,0.187522,0.4831656,0.5112779,0.5778114,0.26393092,0.46686748,0.8852247,0.11483341,0.12095217,0.2809855,0.42964205,1.3584406,0.42559028,0.3902815,0.14376684,0.20501588,0.4577347,0.2416687,0.2645275,0.3769748,0.67272896,0.20597051
FCGR3B,0.0066726906,0.012566367,0.012357759,0.013173082,0.023161352,0.5387061,0.016245835,0.030853624,0.005656527,0.024378719,0.026249854,0.024637077,0.03022613,0.020482842,0.03007545,0.0069179228,0.006071673,0.011798788,0.026249416,0.036441788,0.016565379,0.018692443,0.0059391246,0.0076939412,0.020778315,0.012411511,0.013123114,0.013929001,0.023685135,0.007626553
FCGR2B,0.01898684,0.28646475,0.14765441,0.18496883,0.10106397,0.086536765,0.053881247,0.07056085,0.019336766,0.06297617,0.06559284,0.0848985,0.044410042,0.06457835,0.06474609,0.023421472,0.015056738,0.036307648,0.050112087,0.06054935,0.023026565,0.04131138,0.058918666,0.02168043,0.06749496,0.031665005,0.22113684,0.045942098,0.05549248,0.018963685
FCRLA,0.010850808,0.34587318,0.18627463,0.2538323,0.033571906,0.025436828,0.02949635,0.05087455,0.010252574,0.042678397,0.04109862,0.045988277,0.014866222,0.03346857,0.033076998,0.0077711167,0.0089098625,0.019393893,0.03064962,0.028105758,0.011375775,0.02554879,0.030100696,0.015029658,0.037110154,0.01966987,0.020981548,0.027138248,0.029165307,0.025980752
SH2D1B,0.025539672,0.04911763,0.053876422,0.051169615,0.076553404,0.17971027,0.09306252,0.10841065,0.032909088,0.09112815,0.09571522,0.10303921,0.031837773,0.082677335,0.13376987,0.02595338,0.023682311,0.07961757,0.0730648,0.54291934,0.1935103,0.43185937,0.025305077,0.052038737,0.07832881,0.04984936,0.053815935,0.06026554,0.11841929,0.030823091
NUF2,0.0052012317,0.020061128,0.022792673,0.020801287,0.017731186,0.016631149,0.0263517,0.041555997,0.48460317,0.038592797,0.03023432,0.03799552,0.057555135,0.055855952,0.037768785,0.005600745,0.008213526,0.007361711,0.032459892,0.03589353,0.26733196,0.024633033,0.030618196,0.01810606,0.03644179,0.02505503,0.0117254965,0.014805185,0.024176307,0.008972732
PBX1,0.006948705,0.015061538,0.014472232,0.015869837,0.033090264,0.022257952,0.035633367,0.042865638,0.007018359,0.037256088,0.03260188,0.04104298,0.012574596,0.027914267,0.031624157,0.05949752,0.35115826,0.026745612,0.019702898,0.023524832,0.011167138,0.04514203,0.0074754134,0.3049731,0.022552183,0.03100045,0.016132256,0.016239636,0.023797818,0.009947848
DUSP27,0.00024980452,0.00042936255,0.0004319524,0.0004162475,0.001003287,0.00048656293,0.00053128606,0.0008792154,0.0002252924,0.0007852923,0.0006914399,0.0007669091,0.0002441434,0.00071573426,0.00060220057,0.00019137793,0.00021046556,0.00032463047,0.0005943528,0.0004967791,0.00022517696,0.0004046436,0.00021388462,0.00022358571,0.00064189977,0.00041582252,0.00042733207,0.00041590116,0.00051039294,0.0002463923
CD247,0.11913773,0.29688883,0.28189495,0.2952625,0.42961097,0.40057382,0.6519259,0.6304954,0.23039788,0.6401456,0.563594,0.5442099,0.19680548,0.45130143,0.7926923,0.10968273,0.14039959,0.3061658,0.49117145,1.1382228,0.38212267,0.4679683,0.15087518,0.25438845,0.48991537,0.2811588,0.30252773,0.36501062,0.8302021,0.17326356
CREG1,0.05983564,0.0942823,0.08558478,0.0890935,0.32082468,0.14251167,0.1186267,0.18837325,0.046324313,0.18233757,0.17179458,0.19112106,0.06444957,0.1534193,0.13817999,0.043584708,0.06670837,0.07117014,0.14324799,0.11533095,0.046682462,0.09574866,0.03212932,0.07733652,0.1449201,0.10497864,0.11259839,0.09965687,0.118356176,0.054519765
Z99943.1,0.00024897035,0.0005067955,0.0004923689,0.0005047193,0.0045948774,0.00061420654,0.00065105606,0.0010145805,0.00027163248,0.0010383221,0.000872629,0.0019679498,0.00034359933,0.00068940304,0.00067209994,0.00031156917,0.00022832332,0.00045479843,0.00065842614,0.0034879071,0.00029074852,0.0005004431,0.00021207593,0.00029256774,0.00077011675,0.00053358945,0.00050805294,0.00057545374,0.00055113656,0.00031466712
XCL2,0.025120573,0.057004634,0.057352554,0.056610614,0.08903842,0.072140194,0.11230612,0.11354256,0.05863575,0.10406905,0.11585022,0.10901673,0.06444697,0.13133621,0.28305313,0.030318992,0.02455058,0.1664825,0.09782737,0.43528554,0.16217494,0.9341294,0.023420077,0.044948164,0.08955816,0.085078225,0.054073002,0.07851641,0.22541685,0.031071218
XCL1,0.009989437,0.033448014,0.029729255,0.025853092,0.045497123,0.03711143,0.07032442,0.058904067,0.013860601,0.057440788,0.10227374,0.053033113,0.04270665,0.09651119,0.16731763,0.01693169,0.011698666,0.32254547,0.055395264,0.17696285,0.06508837,1.006552,0.013307641,0.028543754,0.040644657,0.029035954,0.028951684,0.033536095,0.08311487,0.016687304
ATP1B1,0.021793954,0.029758971,0.040682454,0.027982257,0.07337967,0.081863984,0.09626717,0.07981099,0.056994822,0.0684617,0.091388874,0.06520866,0.062168065,0.06393956,0.085234866,0.018053005,0.13899565,0.18622383,0.068596564,0.061393317,0.029214932,0.21757163,0.013706624,0.02958634,0.0585449,0.13142502,0.37712064,0.035351265,0.07956973,0.017315818
F5,0.031299867,0.05438196,0.048589867,0.055412035,0.24178994,0.06664171,0.07064331,0.1348622,0.118999705,0.15311383,0.10750781,0.10659573,0.028673548,0.090212,0.09187002,0.02844191,0.019745393,0.04244307,0.0712947,0.06477296,0.026094444,0.053339146,0.020515965,0.030297337,0.17805478,0.04686635,0.049774006,0.08730998,0.071725994,0.031000417
SELP,0.009979763,0.01643115,0.015191256,0.015343963,0.03085245,0.018143956,0.019256819,0.040366825,0.006890705,0.036923893,0.025335468,0.033494126,0.007369109,0.03555414,0.025158374,0.007335703,0.023597658,0.053912714,0.024594637,0.019198399,0.017130865,0.02132492,0.006858964,0.42348355,0.052324913,0.012353285,0.015639687,0.02881657,0.018451333,0.009984792
DNM3,0.0064458717,0.02438331,0.026883325,0.018762521,0.027740156,0.022437831,0.019325035,0.034820694,0.017160567,0.05175084,0.038868837,0.031289168,0.010983819,0.039480057,0.023362178,0.0069881747,0.030021539,0.01159355,0.020710714,0.022101285,0.011628553,0.016600871,0.0055016843,0.31304106,0.02575937,0.014366984,0.017112773,0.015326076,0.023332896,0.012238289
TNFSF18,0.00019156569,0.00035450296,0.00036471934,0.00037642402,0.0005398731,0.00044384893,0.00048535137,0.0008257387,0.00023340709,0.0006893336,0.0006063828,0.0007323919,0.0002639795,0.0005875923,0.00056377845,0.00021909333,0.00018764874,0.00034706708,0.0005380551,0.00046431736,0.00021577752,0.00037689073,0.00015814962,0.00021818328,0.0005624318,0.00033704835,0.00039384657,0.00047158694,0.00043814717,0.00023982966
TNFSF4,0.011873745,0.015326259,0.013368211,0.020074485,0.027002785,0.018454388,0.024434645,0.033755593,0.007218409,0.027615095,0.031089244,0.035667837,0.018930297,0.029909728,0.032539777,0.00656585,0.06065758,0.075446874,0.023791028,0.02407649,0.0073478553,0.05326604,0.0056942473,0.31907973,0.02265603,0.01338403,0.016396295,0.015201735,0.027529815,0.014879771
RALGPS2,0.044309326,0.85726154,0.631506,0.6936489,0.16736881,0.11286706,0.12291801,0.2583042,0.040901046,0.19293545,0.19938716,0.25387108,0.06465491,0.18147202,0.16439961,0.03879197,0.047278613,0.10615483,0.15061393,0.14268053,0.0601164,0.12977901,0.07394935,0.06202707,0.16022131,0.07462851,0.09091589,0.12761456,0.15383732,0.07214322
IER5,0.03288892,0.12345404,0.11724478,0.12764476,0.24779107,0.33087417,0.16101596,0.21075015,0.02911292,0.19345891,0.20719561,0.20961593,0.07661138,0.18530852,0.19527993,0.04658981,0.03968688,0.07367813,0.18625228,0.16361499,0.06575698,0.140194,0.042025547,0.063959576,0.15925503,0.07443046,0.11531108,0.1499058,0.14268883,0.056471393
GLUL,0.042007085,0.09863114,0.09914922,0.1019164,0.2715244,0.18645595,0.16340058,0.24211948,0.039718457,0.21364392,0.18770137,0.19590905,0.08973113,0.16628775,0.16574873,0.061522055,0.053864587,0.07780148,0.15134318,0.14121614,0.070098564,0.12539947,0.036153976,0.11006025,0.15217043,0.08681561,0.07899867,0.12255771,0.15124802,0.06154956
RGS16,0.0681322,0.038703494,0.038839836,0.017451057,0.019424975,0.010565048,0.018793045,0.049257997,0.005045041,0.074524865,0.04535238,0.01984244,0.0076642246,0.015871122,0.020017985,0.004636283,0.0057178396,0.009668222,0.019727785,0.017341081,0.013438084,0.019981584,0.13801022,0.047379903,0.03214075,0.010111504,0.00906092,0.012237764,0.0172149,0.017639093
NCF2,0.037549827,0.09341557,0.093959406,0.0963626,0.2848752,0.1778752,0.13525741,0.19016886,0.039754022,0.17898831,0.17392409,0.18482585,0.054649588,0.15604034,0.16052797,0.030209241,0.04509459,0.07959715,0.15112908,0.14491409,0.05083955,0.10147071,0.045056406,0.05820691,0.14494184,0.06177901,0.102286115,0.11478661,0.13561644,0.048058912
C1orf21,0.042557724,0.08058957,0.07421394,0.074399576,0.116568215,0.08953123,0.34199297,0.17436464,0.075418785,0.15242845,0.16411108,0.15980673,0.1929339,0.123371534,0.3401335,0.041242022,0.06640711,0.06249328,0.16116244,0.39409226,0.16287892,0.19771472,0.03171128,0.054504637,0.12033167,0.15874608,0.080234475,0.100117534,0.23577791,0.039771196
IVNS1ABP,0.08111169,0.15870252,0.14883655,0.16251518,0.323738,0.15010284,0.23060401,0.37584054,0.07440282,0.34339792,0.3271284,0.3023054,0.13542001,0.26400685,0.26780134,0.054859437,0.05775224,0.17144363,0.27459982,0.29886088,0.11498212,0.22286849,0.055607956,0.11099597,0.2702987,0.14373666,0.13303716,0.20244735,0.2249314,0.09158528
PTGS2,0.027103074,0.046673555,0.04190527,0.045607045,0.21393384,0.058586746,0.05272664,0.09041101,0.016685147,0.0775906,0.07628249,0.08279372,0.023447258,0.06444393,0.06642354,0.025275998,0.019672973,0.028192963,0.059437994,0.053609014,0.020846989,0.04623455,0.016326694,0.024515707,0.062653564,0.032087244,0.09133324,0.045278616,0.0549374,0.02346965
RGS18,0.05388728,0.09443068,0.09749003,0.10245513,0.30638987,0.2632902,0.14578034,0.22311899,0.05146492,0.1947863,0.19269422,0.20794855,0.0641496,0.16378255,0.16596673,0.040302496,0.05484844,0.08659116,0.16022444,0.12886748,0.048873696,0.12070362,0.04238621,0.5381905,0.14107051,0.13983355,0.17724702,0.10188358,0.14278433,0.077232294
AL136987.1,0.1440487,0.005652722,0.0051458157,0.006420833,0.01573772,0.0075737303,0.024417875,0.013932623,0.03223255,0.018700708,0.018048542,0.013414352,0.0052259695,0.010389119,0.037304416,0.0034559732,0.006765878,0.004028067,0.008239672,0.01360167,0.014415994,0.014248104,0.0027170023,0.0030802109,0.008148904,0.0059884563,0.061039645,0.03918908,0.008370429,0.09019586
RGS1,0.050368592,0.15621145,0.10207355,0.118475325,0.14160824,0.08585765,0.1753981,0.2188246,0.18984506,0.34051216,0.4166439,0.19505596,0.09405804,0.30657017,0.3251409,0.0353922,0.035077486,0.1115521,0.19900528,0.16210389,0.093712725,0.24972658,0.057249926,0.055505574,0.5576351,0.20369335,0.1839771,0.44172114,0.19698915,0.28370053
RGS13,0.0012990755,0.009601472,0.0037383465,0.0025974046,0.0041521783,0.004859621,0.026075395,0.0054018884,0.0015237108,0.0065926258,0.0044215033,0.0047485656,0.10480984,0.0038829246,0.0081966445,0.0012555528,0.0010054344,0.0020190657,0.0036716347,0.009790198,0.0015122803,0.0025812075,0.06740009,0.0013767168,0.06204888,0.0025571801,0.01038651,0.0032027154,0.006924222,0.017906468
RGS2,0.0621087,0.1891331,0.1588045,0.15891278,0.45972762,0.2066316,0.22278795,0.34751108,0.08386877,0.30980873,0.30881116,0.3008509,0.08040875,0.2214981,0.27211094,0.08791248,0.059225224,0.14606589,0.27055657,0.24263732,0.085034125,0.18531938,0.0568623,0.10713135,0.23471667,0.1399938,0.18009214,0.19481906,0.23563021,0.10998401
ASPM,0.01652868,0.018398998,0.020518994,0.0135405185,0.027588971,0.015890958,0.016742412,0.02811525,0.8215383,0.029707441,0.022315344,0.032923847,0.22852513,0.024086444,0.027644748,0.005910655,0.011877771,0.008036352,0.015007093,0.023344703,0.5231767,0.017753365,0.109884456,0.006477732,0.02642935,0.026645394,0.0142409885,0.038760014,0.03193159,0.017928028
PTPRC,0.082408,0.15139012,0.20565976,0.18283261,0.1767763,0.20037398,0.25065932,0.26384148,0.0793008,0.21813895,0.19508459,0.2613593,0.07290799,0.18661347,0.3596092,0.24985152,0.13372341,0.14134896,0.16541754,0.2061427,0.07484314,0.15147173,0.16678743,0.30052853,0.19272815,0.19712639,0.11904899,0.1668089,0.24079964,0.17474926
KIF14,0.0039119516,0.009626076,0.014733318,0.013070029,0.024463328,0.0146354,0.01253965,0.015505534,0.5316141,0.0142137455,0.011777508,0.014588484,0.28982377,0.011195829,0.010765376,0.007916629,0.011174823,0.0057319254,0.014046392,0.008478774,0.24892525,0.007150395,0.039248876,0.008943751,0.010383496,0.039595455,0.01754771,0.010092347,0.010922505,0.0068136626
CHI3L1,0.0009398558,0.0018040508,0.0018315734,0.0018089595,0.0066345436,0.0047585457,0.0026187142,0.0043723066,0.0009901137,0.0036513489,0.0030066306,0.0036307937,0.0012589605,0.0031107245,0.0026616293,0.0009435053,0.00077524706,0.0014798659,0.0026935383,0.002291333,0.0010559487,0.002108334,0.00075523055,0.001022373,0.002774824,0.0022202877,0.0032587522,0.0022986608,0.0023409051,0.0012219623
BTG2,0.042662587,0.12041554,0.099562384,0.12740104,0.19407512,0.12143158,0.17069417,0.24193315,0.054900244,0.19255333,0.18325111,0.22422493,0.064791314,0.17603864,0.21720812,0.084826745,0.046658088,0.092146635,0.16542228,0.16506892,0.061342824,0.11592258,0.042643342,0.089519165,0.18045762,0.07275046,0.08616109,0.16382603,0.1574594,0.07740857
PPP1R15B,0.059463374,0.119016774,0.118066475,0.12435278,0.26986647,0.126955,0.1839697,0.23740193,0.051005155,0.2271959,0.21476923,0.2182821,0.090549834,0.20260015,0.19804934,0.052413803,0.04206083,0.096831985,0.20820859,0.17680033,0.07529175,0.16266364,0.039843306,0.059783965,0.17779906,0.08171703,0.10983394,0.12862483,0.1816635,0.06752874
TMCC2,0.0041560596,0.016015543,0.013738487,0.009933888,0.01387394,0.010982051,0.047402527,0.023957813,0.007748199,0.019254541,0.01912532,0.02412407,0.0054637855,0.014159905,0.029083185,0.2558256,0.029955352,0.0058330623,0.031121787,0.011356212,0.0045005865,0.008184599,0.0054337108,0.18519464,0.012323437,0.0064667114,0.008379608,0.055829458,0.020463686,0.007937883
RAB7B,0.15535393,0.0054805065,0.0069422564,0.005414021,0.022611037,0.019144919,0.007675655,0.011443452,0.0022961388,0.011122708,0.010385336,0.012955632,0.0039811973,0.009266264,0.008816452,0.002322615,0.030025857,0.0035152733,0.008346066,0.00676982,0.0026641837,0.0056643067,0.0023820577,0.002637484,0.008674118,1.8210007,0.024512619,0.0067622927,0.007496,0.02059228
RHEX,0.189305,0.170742,0.089557886,0.0520422,0.024701668,0.018503364,0.018718664,0.037804365,0.0073728547,0.044951193,0.047777098,0.028173713,0.0073529105,0.025559712,0.028590413,0.0068678283,0.25033987,0.010399032,0.027464971,0.020775499,0.0076516806,0.014624515,0.076395765,0.008661474,0.02557713,0.3155786,0.017270098,0.018405078,0.019701345,0.6185436
IL10,0.004628968,0.01612278,0.02023672,0.013118999,0.068663776,0.017603721,0.012831188,0.01985517,0.041801166,0.01810092,0.10789653,0.02047293,0.006000225,0.02101271,0.018919095,0.0049177106,0.004175787,0.007870109,0.0128745595,0.014503529,0.008162984,0.023859793,0.0043293647,0.005916035,0.016428022,0.010204854,0.02783684,0.32676244,0.016958736,0.005747029
C1orf116,0.0014226565,0.0025068775,0.002600419,0.0025604218,0.0052006496,0.0031092556,0.0032397925,0.005515983,0.0014345811,0.0065321936,0.004310314,0.006382004,0.0020640425,0.0039636753,0.004194595,0.0012021909,0.0013531003,0.0016341993,0.0036140725,0.003260807,0.001437085,0.003060099,0.0012043543,0.067738086,0.0042127613,0.0020583756,0.002948296,0.0027875048,0.0031947144,0.0017680847
CD55,0.08066897,0.17559583,0.1640705,0.19706288,0.35196757,0.24012227,0.26878297,0.5236948,0.06570708,0.3691379,0.34722096,0.33297,0.119135484,0.3011468,0.3140662,0.08647772,0.062245782,0.18150498,0.28167328,0.2462362,0.09505576,0.23854513,0.057598304,0.13578074,0.32996237,0.08097869,0.13329037,0.302472,0.25130305,0.086774245
CR2,0.0069865123,0.12200992,0.09007079,0.13145836,0.024054267,0.018235281,0.019679127,0.065593585,0.0063954387,0.04051597,0.03227413,0.08786674,0.009876911,0.06449301,0.024512984,0.009764477,0.006059951,0.0094570005,0.030381037,0.018840166,0.007880523,0.014263866,0.0086754905,0.00792052,0.023739474,0.010981369,0.014774934,0.018940434,0.03328535,0.0103714615
CR1,0.027180206,0.13452628,0.21187752,0.13321112,0.33195844,0.1341836,0.095899574,0.15952606,0.02592183,0.1512626,0.14185312,0.16096444,0.07524637,0.1645467,0.13217434,0.04081008,0.035809085,0.06597419,0.12930454,0.08877093,0.040541727,0.08324296,0.034596078,0.045626186,0.10314841,0.06115842,0.07265243,0.08407412,0.14018852,0.04248348
CR1L,0.0010634823,0.0022487866,0.0020101808,0.0020434884,0.0047411527,0.0029061346,0.0031220594,0.0044674855,0.0015185976,0.0068747546,0.0039315727,0.004616701,0.0015611617,0.0034415491,0.0053802175,0.22785038,0.005288642,0.0016370267,0.0030941574,0.002800566,0.0012341783,0.0023166887,0.0008968898,0.03047625,0.0033271178,0.0013179898,0.006045987,0.0026251806,0.002837938,0.0012266808
CD34,0.0024267535,0.005321649,0.0049218144,0.0048656333,0.010259242,0.006371116,0.006615017,0.012106217,0.0025691297,0.008363751,0.009877686,0.009736888,0.0041685677,0.008473224,0.010373418,0.002223036,1.0232035,0.0044389484,0.014307556,0.009313488,0.0029925045,0.005081998,0.0017694207,0.0046691485,0.007087368,0.004469031,0.005969836,0.0058667115,0.008728465,0.003143301
G0S2,0.04752562,0.06908042,0.06894059,0.07727145,0.2963149,0.13211164,0.10508978,0.16250803,0.037534848,0.1508152,0.13603097,0.15322745,0.052421305,0.12083359,0.11836905,0.042178653,0.035697516,0.052294143,0.11458088,0.103169546,0.042493794,0.07779867,0.03599891,0.058474164,0.12758432,0.06279051,0.09255736,0.09580609,0.09820262,0.045218833
SYT14,0.00024015331,0.00039868068,0.0003975208,0.00041530686,0.00058234413,0.0004806578,0.00056185835,0.0009432692,0.00025406576,0.0008903938,0.0007865674,0.0008603485,0.00024494834,0.61839265,0.0006641994,0.00017847207,0.00018993004,0.00032635767,0.0006136553,0.0005685379,0.00021477473,0.00047618512,0.0001721966,0.00020446186,0.0006574845,0.00042454895,0.0004010533,0.0005022744,0.0005459519,0.00024872113
NEK2,0.0016973545,0.0041385796,0.01455057,0.005677615,0.0071257893,0.0044295643,0.010921694,0.009445031,0.5266373,0.0075876312,0.0067361565,0.011342863,0.09979916,0.0059447,0.020367235,0.0019214647,0.0018924803,0.0028391522,0.0065997774,0.009976405,0.13019972,0.0068796193,0.034825794,0.010231689,0.0060720346,0.022689832,0.005133811,0.0053304653,0.0050383345,0.00549917
DTL,0.0072765234,0.013130265,0.02802797,0.016884947,0.022398332,0.014448551,0.013753762,0.02535267,0.6954827,0.020994488,0.024042202,0.025745098,0.4810602,0.017698362,0.020517807,0.0055975886,0.047541488,0.0076081892,0.016979879,0.01697816,0.6465735,0.010668725,0.05275647,0.011670103,0.016955342,0.02359517,0.014377386,0.018291252,0.012459469,0.007781831
ATF3,0.023394324,0.04831672,0.05330659,0.055483546,0.2154884,0.23578659,0.06563577,0.103689976,0.025813762,0.08296172,0.0873661,0.10104738,0.035441305,0.08133431,0.08530996,0.026384251,0.030610973,0.08276677,0.08337452,0.061586816,0.03993002,0.054394543,0.023099994,0.04910536,0.063079335,0.051435366,0.10866336,0.053896822,0.061232325,0.072002366
BATF3,0.05165748,0.041480318,0.040867977,0.042673122,0.16779815,0.37161627,0.057158876,0.08996937,0.029597873,0.06886619,0.0766645,0.08336934,0.026244402,0.0686086,0.0765487,0.023121528,0.019564467,0.054290455,0.057628572,0.059896115,0.027914662,0.086582944,0.021153308,0.03170125,0.0635138,0.7189872,0.26041013,0.05267583,0.062017962,0.026950236
CENPF,0.01708411,0.027998375,0.030979969,0.027764091,0.030692296,0.028271977,0.029058045,0.085714355,0.5648959,0.055608764,0.038366605,0.062220123,0.2666813,0.036540587,0.04068285,0.009914229,0.035965547,0.010330737,0.030809857,0.037952907,0.4689366,0.03145336,0.077368855,0.016138434,0.04043188,0.022446044,0.036299154,0.039146673,0.038105257,0.017350895
ESRRG,0.00049739017,0.009742547,0.013974657,0.01100329,0.0020339077,0.002926614,0.013547081,0.0018512113,0.00040149176,0.0024413886,0.002609278,0.0014318657,0.00066620385,0.0039873957,0.0011733269,0.00051468523,0.00037382595,0.00062340917,0.0010672872,0.0019889972,0.00041659942,0.0008418676,0.0003515602,0.00043799684,0.0011145476,0.0007863658,0.00079430314,0.0009540681,0.000962692,0.00045177792
MARC1,0.025373993,0.047242645,0.04457775,0.045166288,0.2804169,0.054004837,0.058428343,0.08956435,0.021444384,0.08883456,0.084606916,0.086606085,0.03230976,0.06773823,0.07079371,0.024976892,0.02283414,0.03453314,0.06555229,0.0625252,0.025138564,0.047859486,0.019101653,0.033946898,0.06392707,0.04234147,0.04631885,0.04802566,0.06702615,0.027014172
HLX,0.025276246,0.041003246,0.057379678,0.05039847,0.21679865,0.055270907,0.056163944,0.07535219,0.011828014,0.069201864,0.07272087,0.071391135,0.026928384,0.05900315,0.059305485,0.022719013,0.037259612,0.038000807,0.049037352,0.046342067,0.022086207,0.04434441,0.017858122,0.020163545,0.053713147,0.051820528,0.065134086,0.045377452,0.049365416,0.037829813
RHOU,0.07354967,0.0508774,0.049413066,0.052319884,0.23074624,0.10599667,0.10985668,0.098359644,0.03669098,0.10063002,0.12580237,0.10061221,0.056145415,0.08036639,0.11479515,0.024407737,0.020870587,0.05897423,0.09340062,0.06691221,0.02997313,0.060269058,0.021889871,0.036768693,0.07555077,0.040409658,0.08529052,0.06682476,0.07632746,0.04604414
AL137793.1,0.00011629799,0.00023401449,0.00022268936,0.00023483718,0.0005869935,0.0033746343,0.0003084367,0.0005364456,0.00011987858,0.0004609372,0.00041046014,0.000456292,0.00014099565,0.00035997262,0.00032766175,0.00012142876,0.00013309438,0.00014234691,0.00031531614,0.0002838062,0.00011757286,0.00024194975,0.000115040675,0.00012255253,0.00031558514,0.00020617932,0.0002479908,0.00026758545,0.00028042856,0.0001393536
TMEM78,0.00032621485,0.00048400986,0.00045592975,0.00046730385,0.0017998604,0.0005847551,0.00067206356,0.06559729,0.00027698703,0.0008492421,0.000827336,0.0011408523,0.00030227687,0.0007551827,0.0008042884,0.00022090173,0.00021203842,0.00037515193,0.000705874,0.0041077584,0.00031362224,0.0005276107,0.000239571,0.00030939095,0.0006883047,0.0004597614,0.00048538548,0.0005889831,0.00065281533,0.00031047149
IRF2BP2,0.095878035,0.1140838,0.11254514,0.1344962,0.23399095,0.121593155,0.16859438,0.26298597,0.059102766,0.22987808,0.22262296,0.24047606,0.08354298,0.2038594,0.21858416,0.076465786,0.053439822,0.14245833,0.19062042,0.16591369,0.063835435,0.12190011,0.041055426,0.083919056,0.17485958,0.07926083,0.114497416,0.16149208,0.16638039,0.12987034
LYST,0.03582821,0.099981345,0.103421375,0.119984105,0.23272234,0.26094595,0.16875495,0.2756152,0.04428142,0.24450925,0.20250773,0.23601522,0.059501417,0.19493313,0.20325606,0.05435604,0.044888757,0.09423408,0.18358186,0.17069136,0.049416795,0.13038336,0.05350303,0.079941,0.18905464,0.10907429,0.08343378,0.20891409,0.17213798,0.062152687
AL591686.1,0.00023643715,0.00047385343,0.0004900241,0.00044790894,0.0020912804,0.00055300095,0.00061462825,0.0010536781,0.00024845335,0.00095858047,0.0009087048,0.000961282,0.00033961894,0.0006837854,0.00071982754,0.0002909909,0.00024851022,0.0003294914,0.000735361,0.0006225396,0.00028779273,0.0005035589,0.00021152972,0.008717297,0.0007381684,0.0003994322,0.00048897974,0.0005856009,0.0005931845,0.0002891199
CNST,0.04642752,0.09685377,0.10370899,0.116865486,0.12498394,0.10014463,0.113021135,0.27096578,0.045305282,0.20917903,0.19744281,0.198483,0.0381043,0.16888696,0.13415745,0.032257788,0.049121197,0.086505435,0.12743507,0.12698938,0.049235832,0.093857996,0.027164157,0.17268735,0.20807695,0.05830115,0.082420744,0.13276371,0.12050541,0.053479888
NLRP3,0.0337019,0.07307384,0.06838181,0.07234025,0.2764434,0.108047135,0.102049924,0.14089729,0.025508208,0.1339161,0.13985907,0.14122453,0.03901756,0.11051693,0.110202774,0.027918825,0.035751566,0.046360914,0.10818055,0.09126357,0.03496155,0.07971541,0.026472785,0.040385425,0.10255152,0.056204885,0.086515464,0.0899605,0.09745186,0.040751662
GCSAML,0.0009988387,0.0027590056,0.004181496,0.003594315,0.006647895,0.0033342666,0.0035332805,0.0074715824,0.0015059777,0.0057479795,0.004652486,0.0069520795,0.0025048084,0.007135954,0.004560504,0.0015074969,0.31890577,0.002238788,0.0040753614,0.004366728,0.0016644045,0.005625129,0.0012415559,0.04872635,0.004187189,0.002195593,0.003072476,0.003110803,0.0033003967,0.0017460138
TRIM58,0.0054944726,0.015645966,0.017237158,0.019107874,0.035344623,0.025027046,0.02830585,0.03195882,0.0053156554,0.027486026,0.024201527,0.027194494,0.0070546693,0.022939155,0.02616167,0.18315694,0.0638994,0.03843039,0.021199567,0.022538945,0.010901288,0.01467764,0.0050720884,0.32056475,0.020557633,0.01579778,0.022037338,0.016295912,0.021759022,0.01286751
OR2L13,0.00044767643,0.0008182729,0.0047821617,0.033042416,0.001165607,0.0009212986,0.0009967051,0.002853839,0.00037179576,0.006136968,0.001300304,0.001504422,0.0006684783,0.0011770279,0.0051962403,0.00048062822,0.00032467104,0.00060831924,0.0010399473,0.0010004528,0.00035710455,0.0007760907,0.00031147755,0.002687507,0.0012092007,0.0006771921,0.0007985678,0.0010401239,0.0009688011,0.0004792402
TPO,0.0024861093,0.0050755953,0.004520933,0.0050516087,0.008023689,0.0063828607,0.006921853,0.021577664,0.0019008601,0.13835181,0.01748552,0.01090516,0.0032575303,0.008246876,0.010653558,0.002196058,0.0024389634,0.0038301274,0.007452207,0.0062906137,0.0026328356,0.00481161,0.0023179478,0.002470208,0.0070845466,0.0038312625,0.005379337,0.0060361275,0.0064801257,0.0029559885
CMPK2,0.036756665,0.031172391,0.038593717,0.041737877,0.14846666,0.115953825,0.04400061,0.08525464,0.017319653,0.08241005,0.08153163,0.07537639,0.04477836,0.063859746,0.059096612,0.024167862,0.0388736,0.10180009,0.055595152,0.064213976,0.036009222,0.044294413,0.016026009,0.03649055,0.056791004,0.034422264,0.0958559,0.047573444,0.05804899,0.023194522
RSAD2,0.029698124,0.033380464,0.04134806,0.04345688,0.13237475,0.10389384,0.058954135,0.08264057,0.017399447,0.066677526,0.06776231,0.076900035,0.053705618,0.06945341,0.061379533,0.023334708,0.030888151,0.024812756,0.05683524,0.07048758,0.028529389,0.053405933,0.013439512,0.031336658,0.046321303,0.037074886,0.063628785,0.062849455,0.0526834,0.02808811
LINC01871,0.05469594,0.087048374,0.08392825,0.08978355,0.13121782,0.10868934,0.3776094,0.26534337,0.054169748,0.24781886,0.3127732,0.30498216,0.22785059,0.34682518,0.4034938,0.03520161,0.041528534,0.06337645,0.4468958,0.22417012,0.116036735,0.20673926,0.040578183,0.07609122,0.13731565,0.1263569,0.08464342,0.14230953,0.3157174,0.057108276
ID2,0.11660042,0.2860767,0.27683258,0.28378364,0.37645778,0.25988895,0.37673482,0.57287794,0.13738903,0.5877746,0.49932718,0.4025879,0.08032371,0.34349695,0.38176933,0.13621922,0.107994415,0.28508577,0.5306479,0.39003432,0.14819694,0.39441907,0.12504846,0.16857958,0.45544007,0.4478494,0.2771987,0.38758948,0.32692719,0.1605573
ASAP2,0.13332073,0.027698833,0.030111019,0.02297463,0.07451329,0.035041362,0.030241558,0.061888505,0.01008338,0.051526915,0.039347064,0.04755265,0.01603751,0.039054863,0.04237992,0.010119599,0.033592764,0.01756525,0.031840168,0.029689461,0.02688178,0.023006419,0.0115239695,0.42080528,0.041064974,0.1489648,0.10031013,0.030637601,0.030102866,0.11186561
CYS1,0.00027906365,0.0006527442,0.0005905426,0.0006596342,0.0013415242,0.0007008746,0.00082133774,0.0012948721,0.00030376445,0.001138864,0.001123178,0.0012474883,0.0005906871,0.00097097154,0.0010160678,0.00036584353,0.0003018072,0.00050116377,0.0009220687,0.0024237141,0.0003378883,0.0007407311,0.00029506162,0.03160539,0.0009574469,0.00070069276,0.0006379783,0.00078367605,0.0008434423,0.0004277293
RRM2,0.0054097576,0.017563045,0.031216057,0.022224056,0.027150877,0.021426383,0.032769028,0.042496633,0.8696229,0.039338607,0.03684815,0.040011894,0.77389276,0.030486176,0.031693846,0.00606286,0.014193001,0.024353823,0.025277866,0.055993434,0.71065277,0.030147087,0.09620962,0.0139976535,0.03342549,0.015501481,0.01963517,0.024095057,0.024710089,0.009022027
AC007240.1,0.0027396628,0.006523385,0.011694638,0.008927663,0.009829931,0.0074854153,0.008924139,0.012930786,0.21547431,0.012173831,0.011438148,0.012708098,0.19187069,0.014200199,0.014821046,0.0038171671,0.0047215507,0.0052510137,0.009338397,0.040782884,0.3758838,0.006420424,0.010885684,0.003370355,0.011477989,0.0058657164,0.006602086,0.009025622,0.010138629,0.0039791097
C2orf48,0.0021661406,0.0073006996,0.011427278,0.0073690903,0.006236229,0.0042148805,0.0049510174,0.009319983,0.16793318,0.010434526,0.0063973996,0.008810391,0.074308164,0.006725303,0.007758505,0.0021030204,0.0020343093,0.0029436878,0.005180845,0.028552536,0.350211,0.0036450091,0.019628603,0.003617876,0.0060777813,0.003080716,0.0041451748,0.0059552416,0.0063863182,0.0022338328
ODC1,0.055085033,0.18906946,0.18058208,0.14726461,0.14598882,0.11393664,0.1550061,0.2251558,0.0680539,0.19328669,0.21669433,0.20371091,0.11328742,0.17634936,0.18538864,0.03376857,0.042264562,0.08518609,0.15757279,0.13350223,0.06423994,0.09734818,0.07525421,0.3262597,0.16232567,0.1251755,0.08859157,0.14887269,0.13042529,0.09792985
PDIA6,0.0703318,0.12258148,0.12312543,0.12405502,0.19159865,0.13031037,0.2025617,0.30001166,0.0775929,0.23210792,0.24164976,0.24625048,0.12663557,0.20604457,0.2391951,0.065451264,0.04477136,0.13440782,0.2152638,0.21848793,0.112788066,0.14426158,0.14487176,0.07124809,0.20683277,0.10585368,0.10272327,0.15555125,0.17544156,0.094492584
LINC00570,0.00048099092,0.001079117,0.0011057656,0.0010581599,0.0023727256,0.0013209964,0.0015806193,0.0022861538,0.00064652244,0.00193611,0.0019628196,0.0021186478,0.00064766477,0.0018329279,0.0017895248,0.82466954,0.00045365473,0.0007719765,0.0016320678,0.0062342226,0.00048197756,0.001141356,0.00044797166,0.00056617847,0.001651082,0.00097592664,0.0009597921,0.0012813185,0.001408636,0.00060064805
MYCN,0.00094665436,0.0023325754,0.0017647736,0.0021589545,0.0029644596,0.0047319,0.0024314283,0.0049574855,0.0009728084,0.004506066,0.0035962143,0.0034442313,0.0010882751,0.017159615,0.0038123277,0.0010448055,0.35975754,0.0017402549,0.0025552355,0.0023862438,0.0010930104,0.002037404,0.00089521747,0.0022919474,0.012356835,0.0016109416,0.0019129199,0.0020498277,0.0022854735,0.0025456029
AC010745.5,0.00057705864,0.0012982577,0.0013508219,0.0012327501,0.0026320275,0.0014878514,0.0016996363,0.009963763,0.0007836511,0.006176608,0.0023051286,0.0025707604,0.0011987211,0.0023445406,0.0020656579,0.00069671107,0.1896337,0.0010692306,0.0018993907,0.0016268124,0.00076351647,0.0014561254,0.000548961,0.005366752,0.0017913909,0.001504534,0.0013944999,0.0016573572,0.0017307993,0.0007775619
FAM49A,0.057397056,0.11076405,0.11213611,0.096956015,0.26077074,0.26018453,0.12877539,0.16379938,0.047565706,0.16273698,0.16023299,0.17559141,0.06310276,0.14114858,0.15362535,0.04549581,0.043921452,0.067106314,0.13307545,0.16179389,0.06317074,0.119399354,0.031662196,0.051609818,0.12728824,0.08745861,0.13921963,0.10306235,0.1423462,0.0690396
SDC1,0.0006834368,0.0016012479,0.0015790507,0.0036378866,0.0038611786,0.00196663,0.0022182246,0.03977754,0.0007059938,0.0030350632,0.003132402,0.0032652451,0.0011655028,0.0046228347,0.0026780323,0.000580881,0.00069671,0.0012194978,0.0022576528,0.002015059,0.0009437767,0.0017515221,0.49487066,0.00080563413,0.0027065838,0.0013876841,0.0064194705,0.0020309838,0.0021103665,0.001016342
RHOB,0.034269337,0.17401394,0.16451918,0.15408985,0.29767543,0.29433274,0.15985473,0.22271287,0.045714512,0.19280604,0.1774596,0.20894462,0.06997515,0.19156471,0.17329283,0.041826863,0.043193307,0.085346535,0.14728531,0.13627972,0.05672813,0.11470201,0.042551138,0.053493228,0.15280092,0.07083442,0.119345136,0.11306587,0.11237301,0.052784413
OTOF,0.0038150174,0.008977503,0.0068313135,0.007694461,0.027812244,0.017076021,0.0128797535,0.019709129,0.026548708,0.02135624,0.030370424,0.015200019,0.0048480383,0.025013976,0.018942658,0.0034335395,0.0035260408,0.0058667525,0.011233557,0.019126847,0.0046145013,0.0079482,0.0031137492,0.0046103504,0.019245623,0.0076671233,0.011756164,0.0084371995,0.013404105,0.005387243
CENPA,0.002037348,0.0053171017,0.033707216,0.009522812,0.011475219,0.007852727,0.012796615,0.012173917,0.75038004,0.017000386,0.01234827,0.01399976,0.21987438,0.015970662,0.014382323,0.0026056692,0.0024059233,0.004128877,0.0097385645,0.010179958,0.40482366,0.005074234,0.11472191,0.0039621643,0.009811607,0.003871595,0.013239841,0.018836742,0.015633894,0.002972258
FOSL2,0.05369709,0.09099172,0.07763004,0.09441488,0.23444667,0.13254288,0.15829358,0.18470041,0.045518737,0.18528824,0.20781225,0.17949267,0.06754674,0.15166621,0.20699725,0.048078198,0.03812679,0.11603037,0.22569665,0.17997777,0.08453774,0.1683172,0.038520023,0.0568457,0.1313519,0.07238992,0.105821505,0.10180336,0.18656565,0.06058748
LTBP1,0.0072751674,0.013242542,0.013104569,0.017789718,0.027664542,0.026500376,0.023391098,0.031346496,0.0072799865,0.030373286,0.02455304,0.027825067,0.012193891,0.02164927,0.025242742,0.007927206,0.0061229332,0.011372496,0.021578848,0.02058747,0.008627386,0.018026566,0.0076024253,0.53798467,0.01816088,0.013846702,0.016226953,0.017171664,0.02853755,0.008946468
RASGRP3,0.012252431,0.2591169,0.24157499,0.27682996,0.049862217,0.037915763,0.054386973,0.07246318,0.022077028,0.06746923,0.067731634,0.06247852,0.02481993,0.0496268,0.057126347,0.024658173,0.021436727,0.051163174,0.043897156,0.04460844,0.01760712,0.03511859,0.17113861,0.018019779,0.045814414,0.06794589,0.040231474,0.036173735,0.04385758,0.022909312
QPCT,0.021282269,0.05373524,0.051591642,0.052711338,0.2805174,0.06804772,0.0771354,0.106215686,0.026761262,0.09812845,0.08991879,0.110567704,0.029962143,0.08274748,0.0855643,0.025849564,0.026517361,0.033094097,0.07447829,0.07289172,0.025257396,0.053500105,0.02257126,0.0324543,0.08740363,0.06510906,0.0983528,0.060193375,0.07032987,0.030908024
CDC42EP3,0.034413736,0.10834874,0.10181946,0.11065682,0.25315967,0.17835565,0.21882616,0.2419481,0.04200765,0.21772882,0.22196251,0.21765777,0.06324355,0.2022652,0.24472103,0.061269227,0.041857246,0.096238196,0.2096504,0.17475313,0.0714395,0.117143005,0.035729874,0.06463804,0.17853884,0.05073921,0.084470846,0.14413187,0.17905861,0.0648205
CYP1B1,0.035466038,0.09726201,0.090549536,0.08983533,0.38164112,0.12718897,0.12014708,0.18288992,0.044862512,0.17659727,0.15216082,0.16653024,0.05608889,0.15183102,0.13786234,0.04312513,0.04255117,0.06371965,0.1375914,0.101464726,0.046655007,0.09097329,0.03750647,0.04863336,0.124858856,0.081976816,0.084687255,0.09201407,0.11766808,0.0526224
SLC8A1,0.05527494,0.05729372,0.05892165,0.059081655,0.22496003,0.21554108,0.08585763,0.13448556,0.025837276,0.1165793,0.10151299,0.12377849,0.04763505,0.09769849,0.092928514,0.025497682,0.029202156,0.051506124,0.08668135,0.0785485,0.035831653,0.06322598,0.025857596,0.0357873,0.08683979,0.13074313,0.14471062,0.077759065,0.076730706,0.040119335
KCNG3,0.00029588764,0.0005246388,0.039121058,0.00054106815,0.00077234826,0.00063404755,0.00078550924,0.33590177,0.00027096027,0.0011808362,0.0010187831,0.07232763,0.0003693924,0.00096687267,0.00090091577,0.00026395093,0.0002505349,0.00057319604,0.0008327697,0.0007046912,0.000298432,0.00056347955,0.0002637152,0.0003394852,0.00080376235,0.00062126986,0.0005553922,0.0008038114,0.000823101,0.00033168728
AC019129.2,0.004297697,0.026974797,0.01653559,0.021158455,0.023335183,0.013825823,0.032463435,0.02191515,0.00684674,0.025966605,0.02951575,0.0418053,0.15384792,0.031320572,0.024881836,0.0039972793,0.004695366,0.006667662,0.039326016,0.019531649,0.004351581,0.013043768,0.003475336,0.0067500486,0.033521455,0.0073533007,0.015053731,0.009944354,0.02674017,0.012379398
RHOQ,0.02863966,0.119396515,0.13826534,0.13568096,0.25216994,0.15527423,0.1379562,0.20199296,0.06649813,0.1648137,0.1686003,0.18447769,0.07620691,0.13581498,0.18575156,0.050795097,0.03854462,0.10017235,0.15087514,0.15526947,0.061354067,0.109545544,0.0697546,0.0655953,0.1594778,0.0639538,0.09379858,0.1248396,0.14896464,0.05936175
LHCGR,0.0002827776,0.00056760944,0.00055830047,0.0005706679,0.00085830496,0.03855403,0.00074276264,0.0012952847,0.0002584092,0.0010334814,0.000985206,0.0011263106,0.0004873356,0.00091473927,0.00092059915,0.00040610615,0.00025692605,0.00042428667,0.0009207976,0.00075971824,0.00030290268,0.00062332425,0.00026129614,0.0003357554,0.0008587139,0.0005570451,0.000642207,0.0006265489,0.0006861072,0.00036756223
EML6,0.0052919686,0.12558056,0.17769717,0.024275033,0.018870171,0.018673828,0.026263187,0.025529131,0.0061926544,0.022118142,0.03390421,0.02347117,0.020090919,0.017807754,0.027042987,0.008510209,0.0042037284,0.0073416466,0.019253466,0.018158361,0.027130127,0.015469383,0.1333482,0.010500762,0.015391567,0.009785136,0.011996408,0.04513448,0.030276036,0.0061511914
CCDC88A,0.12000353,0.08688664,0.081551656,0.083536945,0.202674,0.11991182,0.11313321,0.18487602,0.035350133,0.17308328,0.15782247,0.16503929,0.05348738,0.13250902,0.1283081,0.034785513,0.054019995,0.0603762,0.12767716,0.1066977,0.043115683,0.08989089,0.028399874,0.043111935,0.12723103,0.24296567,0.22436424,0.10175178,0.10430459,0.17054345
CCDC85A,0.000461913,0.09122398,0.015774745,0.0008119222,0.0010657952,0.0008176404,0.0008195709,0.00257145,0.00034600974,0.0012888083,0.0012481108,0.0013300375,0.0004105589,0.0010529286,0.0010385325,0.00037230723,0.00032228002,0.00057370093,0.00096849655,0.00086489844,0.0004323667,0.0006598995,0.00031388237,0.0003748752,0.0010170348,0.0005993906,0.0007201586,0.0007823016,0.0008744138,0.0004688997
BCL11A,0.11394126,0.32287484,0.2116041,0.3044185,0.1259413,0.094236195,0.07880114,0.12294116,0.026747704,0.096169844,0.100239426,0.11576523,0.03841598,0.08214113,0.08537193,0.026728958,0.07577587,0.037841365,0.072980225,0.071521305,0.030404486,0.0644364,0.023643453,0.03337433,0.084994756,0.12328082,0.13928203,0.06689115,0.06922985,0.3528655
REL,0.068692535,0.18157363,0.15442206,0.22137189,0.27899677,0.21276547,0.22099973,0.3562771,0.051492322,0.28641737,0.32385048,0.3612244,0.07392508,0.29829726,0.2923672,0.103030734,0.064991176,0.10989537,0.252661,0.23344685,0.08361375,0.18443018,0.08022658,0.11697623,0.26037732,0.09702603,0.16736893,0.22231562,0.21568903,0.07633947
PELI1,0.0577696,0.17237431,0.17384574,0.17170057,0.3237112,0.20006017,0.15572539,0.25295356,0.053627685,0.2360614,0.22262019,0.22158277,0.09573462,0.20375915,0.1560212,0.06586795,0.048006378,0.08497872,0.16564837,0.13778475,0.06205556,0.12041947,0.054263502,0.06645505,0.22380911,0.09563377,0.10461174,0.15723018,0.13343929,0.06095168
LINC00309,0.010156178,0.025296377,0.036316387,0.023814457,0.1563904,0.045807324,0.029674327,0.050241783,0.008275337,0.042492904,0.03998536,0.04758605,0.018995097,0.039252587,0.03694645,0.00987251,0.011502572,0.016326303,0.032190554,0.03052746,0.011195258,0.022519702,0.0124703245,0.01228145,0.039329678,0.020497698,0.027647747,0.031181322,0.02822065,0.015758373
LGALSL,0.010795622,0.010344555,0.01331314,0.011118825,0.022883669,0.014483598,0.013399116,0.022058057,0.0069941888,0.018666899,0.022119006,0.023889402,0.008869408,0.01799625,0.018099537,0.005335135,0.0059327735,0.007582119,0.016323453,0.014383234,0.0051297075,0.011912758,0.0077794287,0.31386676,0.015106298,0.018543048,0.011134537,0.011809719,0.012614917,0.008872578
MEIS1,0.023496462,0.0119836405,0.009478669,0.00887932,0.017231982,0.010481606,0.014391557,0.01865871,0.0056667007,0.016544864,0.0143687595,0.020540511,0.0058977893,0.013170516,0.018972693,0.003973813,0.13318492,0.013478709,0.011739534,0.019425558,0.01337039,0.0121023,0.0036534227,0.1957951,0.012270771,0.0071489257,0.029980661,0.009845426,0.011487176,0.010140775
CNRIP1,0.0027411864,0.020029727,0.0053120926,0.008993684,0.027321473,0.009229698,0.007272874,0.010168745,0.0027177518,0.010740024,0.010125467,0.010295883,0.0040938337,0.0089142285,0.012171011,0.0022428534,0.7293944,0.0053055547,0.0084905615,0.006998279,0.0028480864,0.005883729,0.0021957275,0.0034122097,0.0070534134,0.0050532585,0.012433571,0.0065835854,0.007781437,0.003145652
PLEK,0.074423455,0.110475,0.1018341,0.12700908,0.22937897,0.17149393,0.16164576,0.35955608,0.0709117,0.28960788,0.22239126,0.34709382,0.06525785,0.28894937,0.21588694,0.07310307,0.057566848,0.119281456,0.16298746,0.18554312,0.074260026,0.1264686,0.051752158,0.120909356,0.27761427,0.122954756,0.07570538,0.2053774,0.18134806,0.12224996
MXD1,0.03264737,0.117888995,0.10563091,0.10919738,0.35314536,0.15581983,0.15208605,0.2302251,0.05796848,0.20528595,0.18921697,0.20407894,0.046146348,0.17601468,0.18695195,0.038722534,0.04016805,0.116069496,0.17370208,0.15837248,0.0615819,0.13110587,0.035257354,0.09966562,0.1658677,0.07750652,0.11445112,0.11922362,0.16257323,0.061685055
CLEC4F,0.0071105855,0.013218288,0.013529413,0.013644163,0.03134265,0.33301893,0.016426546,0.03229055,0.006334539,0.024958171,0.02358935,0.027337747,0.008958637,0.02021737,0.024020908,0.007142752,0.0073592677,0.009937044,0.028857796,0.019091276,0.008676097,0.013119883,0.006141276,0.009075048,0.021664519,0.01086034,0.050649248,0.015399303,0.016266748,0.009350234
CD207,0.0011351495,0.0022941604,0.0023549409,0.0022948808,0.0052225296,0.004758507,0.0030468819,0.004695583,0.0012492441,0.0042512435,0.003828253,0.0046132565,0.0016620574,0.0038620655,0.0036107034,0.00071107625,0.0011810319,0.0016206629,0.003345045,0.0032307047,0.0012292453,0.0024568408,0.0009999331,0.0011512305,0.0036882032,0.0020735632,0.21696728,0.0024619962,0.002894493,0.0013447071
NAGK,0.07684093,0.12914024,0.10968163,0.11993406,0.26842397,0.23398182,0.18410121,0.24951735,0.06080201,0.2201034,0.25028464,0.24015807,0.08984728,0.20618573,0.19799122,0.063755594,0.04373173,0.10573756,0.18363209,0.16087848,0.07734281,0.13419111,0.038579408,0.069590285,0.1948556,0.11675387,0.16128923,0.13799465,0.16578378,0.090860255
ACTG2,0.00015405397,0.00028414757,0.00028221973,0.0002825113,0.00041687908,0.00033789067,0.0003820739,0.0006106452,0.00016929647,0.019253891,0.0005180125,0.0034491015,0.00021245191,0.0004531863,0.00044743228,0.00016977004,0.00016234488,0.00021230141,0.00040493516,0.00035739085,0.00016755222,0.0003071995,0.00012769918,0.00015360171,0.027563728,0.0002534788,0.00030704733,0.16406193,0.00034588648,0.00019021008
TRABD2A,0.03079346,0.111474074,0.11095597,0.11431473,0.15798773,0.11840865,0.17214036,0.7950383,0.05555143,0.4823977,0.29552686,0.6211167,0.075199105,0.28899693,0.20249249,0.07228846,0.05863043,0.13444316,0.1878528,0.1385713,0.063266255,0.14000931,0.043144546,0.07544323,0.2833146,0.09907121,0.11563059,0.22543912,0.20302531,0.06224392
CAPG,0.13839465,0.16965263,0.17853643,0.15623236,0.3394067,0.1581213,0.1688726,0.2641802,0.043864306,0.2632574,0.23880062,0.23897693,0.081737526,0.21587789,0.20622209,0.092835635,0.0504635,0.15017642,0.19873562,0.17283085,0.06902115,0.20816761,0.049098946,0.07774949,0.19511877,0.10216509,0.2706316,0.1447156,0.1744957,0.15753537
MAT2A,0.08354319,0.10352913,0.099040456,0.097643286,0.16562334,0.10364763,0.124627426,0.18275914,0.034777742,0.15347742,0.16611955,0.18534067,0.0670845,0.14073639,0.18009657,0.0548986,0.07550125,0.07789866,0.13602939,0.12787995,0.069142334,0.12220865,0.029292453,0.04603845,0.13520156,0.11664506,0.18176198,0.107868895,0.15812546,0.06802781
GNLY,0.09093602,0.2132109,0.18583217,0.18659681,0.27814886,0.27834904,0.7972103,0.40518215,0.13464671,0.4192017,0.4332468,0.42044154,0.41233614,0.3549419,0.81437725,0.08331561,0.09817784,0.14447837,0.4452695,1.0095872,0.42215896,0.94285834,0.087428,0.17489417,0.30733603,0.21636108,0.21228947,0.24115275,0.67962134,0.11685818
CD8A,0.31601608,0.62648594,0.67275864,0.69208336,1.0129849,0.9166296,1.1126021,1.492517,0.37988448,1.360968,1.3722525,3.8357618,1.7236269,3.0004106,5.0039563,0.32527575,0.33656073,0.5200577,1.8607082,1.2063162,0.6648489,0.871091,0.33625644,0.48392594,1.0606248,0.5478498,0.66948736,0.89201975,1.1650118,0.4039193
CD8B,0.28041294,0.601147,0.61811036,0.65640783,0.94577014,0.8654264,0.9803323,1.5439878,0.34713334,1.2879387,1.2230833,5.8060107,1.6064703,3.7126827,3.8548934,0.3244446,0.3130683,0.4808156,1.1043336,0.8328641,0.51188225,0.6329036,0.29344913,0.48340568,1.0793864,0.5118935,0.61776173,1.8016591,0.9964183,0.3840953
AC133644.2,0.0146708675,0.035327397,0.039112847,0.04034758,0.05320556,0.041433036,0.05396039,0.12631595,0.02217202,0.25991118,0.29677814,0.076429866,0.026428008,0.28435647,0.07191314,0.03902466,0.02285413,0.030618304,0.06100032,0.046337113,0.01733684,0.0562169,0.020325746,0.023415012,0.49964187,0.032926165,0.039601877,0.18389818,0.05656297,0.020887224
IGKC,0.09185097,0.60009736,0.54293394,0.667231,0.15843806,0.11784634,0.1841791,0.2708113,0.035766948,0.21909149,0.23866764,0.2346493,0.07793507,0.2150155,0.21618076,0.058565747,0.050818074,0.11657691,0.20682882,0.18424466,0.06510019,0.14002466,0.46610662,0.117346264,0.19563322,0.10870246,0.09344288,0.1614112,0.18240122,0.29223275
IGKV4-1,0.002935605,0.09324431,0.05387884,0.06427093,0.010958227,0.010576415,0.007598875,0.0155931795,0.0027524456,0.011579159,0.013660151,0.01942456,0.005111531,0.01689852,0.015379532,0.0030060597,0.0026819673,0.0044018026,0.0078538535,0.008260073,0.0034748197,0.025941694,0.2165563,0.0034115198,0.008734982,0.0042634713,0.007430627,0.0072247256,0.0112936795,0.0035486657
IGKV5-2,0.00027814932,0.0008107858,0.014718701,0.016160158,0.0014385155,0.0008111726,0.00096354604,0.0013936377,0.0004459687,0.001229916,0.001352877,0.0013779111,0.00041213582,0.0011445977,0.03717272,0.00037625356,0.00034118094,0.00066300237,0.0010806875,0.00093108776,0.0003897431,0.000850584,0.0070566703,0.00042720442,0.0009594579,0.0007015645,0.00077640254,0.0007407172,0.0010791059,0.00045057514
IGKV1-5,0.0013437265,0.012820739,0.015289845,0.02039963,0.0046728617,0.0032258206,0.018493962,0.006000063,0.0011755652,0.0073863305,0.0046960856,0.0060319756,0.0023536365,0.003809252,0.004625477,0.0014638373,0.0011828776,0.0020512806,0.009195823,0.0058003613,0.0014500859,0.0027562985,0.2132656,0.003302172,0.0037724753,0.002838337,0.0038788165,0.0032278807,0.0031996155,0.0016502271
IGKV1-6,0.00046014792,0.0031199707,0.00078458874,0.0025741018,0.001214929,0.0022679179,0.0011740801,0.0018987992,0.0005023133,0.0014887586,0.001618234,0.0017209033,0.0005134258,0.0012109457,0.0012410621,0.00069692516,0.00037461583,0.0006647092,0.0012109058,0.000992893,0.00052401295,0.0008797932,0.06492108,0.0004825653,0.0013224288,0.00071733637,0.0029005052,0.0009835935,0.0010706008,0.0004947888
IGKV1-8,0.00040163557,0.0073386976,0.00081890094,0.017992496,0.0011820442,0.0010060689,0.0011939879,0.0018148804,0.00054040394,0.0029173635,0.0015664259,0.0017268285,0.00069673115,0.0014382357,0.0013315313,0.0005239187,0.00036949827,0.00065840286,0.0012178464,0.0010878603,0.0004783549,0.00095788005,0.00033272873,0.00042080024,0.0014412364,0.0007129219,0.0007694803,0.0010347256,0.0012036307,0.00047744624
IGKV1-9,0.0009577888,0.025697092,0.019717164,0.011906088,0.003000122,0.002193671,0.002538976,0.004156864,0.0008304126,0.0035130954,0.0036229934,0.003454963,0.0010384916,0.0028281566,0.0027481064,0.00091916346,0.00080042146,0.0016777067,0.0027977193,0.0022277008,0.0010679888,0.0021860532,0.028634561,0.0010282946,0.0026499617,0.0015085842,0.0022068098,0.002202268,0.002379048,0.0010363834
IGKV3-11,0.003209814,0.06000836,0.049463186,0.048537336,0.009185777,0.004900943,0.0063841394,0.009452782,0.0024248932,0.009252411,0.008940733,0.009129437,0.0029275562,0.007911888,0.00847586,0.0018817937,0.0019833685,0.004409051,0.0071660597,0.006444973,0.0023223208,0.00459064,0.22849347,0.0025583117,0.006753344,0.004287145,0.004539808,0.006643396,0.0061718407,0.002694501
IGKV1-12,0.0005359071,0.0036467712,0.00084904453,0.0028552285,0.0012136087,0.00092898443,0.0010409392,0.001819384,0.00034034764,0.0014640951,0.0012927915,0.0014733435,0.0004305632,0.0012772973,0.0011523076,0.00036583343,0.00041276676,0.0006571192,0.0011326243,0.0010320338,0.0004992524,0.00082586356,0.0056866175,0.00048709425,0.0012290103,0.0007379331,0.00084302016,0.0008249491,0.0009793524,0.00048454868
IGKV3-15,0.0018324342,0.04944189,0.031176642,0.04341439,0.005369178,0.005267989,0.0040081455,0.0073144925,0.0013665524,0.0055808625,0.0054204077,0.0066684005,0.0024447986,0.0047572684,0.0047637196,0.0017191479,0.0014784978,0.0023026222,0.0045655076,0.004457178,0.0017954772,0.0035288793,0.076575994,0.0019292567,0.009360566,0.003373742,0.0033039928,0.004335206,0.0040314393,0.0018621389
IGKV1-16,0.0005004407,0.013314165,0.0073380186,0.013306791,0.0027338457,0.0015754519,0.0019492595,0.0070246304,0.0007504609,0.002561375,0.0027887495,0.0031919542,0.0008767093,0.002505225,0.0021626176,0.0006653235,0.0006355185,0.0010168342,0.0022006717,0.0018310504,0.00073971396,0.0015994249,0.029959844,0.000801272,0.0020085953,0.0012444366,0.0014755164,0.001752861,0.0019795205,0.0008483718
IGKV1-17,0.0005143215,0.0011551427,0.0013698731,0.010980943,0.0016141736,0.0014638483,0.0015921199,0.0021335,0.000554119,0.0045167543,0.0020810196,0.0024007154,0.0010500607,0.001822737,0.007113591,0.0006700838,0.0006014138,0.0010411819,0.0015771883,0.0014188688,0.0006417954,0.0011427278,0.019351227,0.0048256745,0.0015804082,0.0012857049,0.0011748837,0.0014215371,0.0015223225,0.000716446
IGKV3-20,0.0018664524,0.036322974,0.03663403,0.020545054,0.0054073897,0.0049447175,0.0047542625,0.006870659,0.0018213948,0.0067315823,0.006293249,0.006512328,0.0025174834,0.0057737236,0.0052760355,0.0016572863,0.0013195869,0.0028956328,0.0047812033,0.0049135657,0.0019113532,0.0037709598,0.15621234,0.0034369652,0.0049694693,0.003121739,0.0031206144,0.004618194,0.0045885933,0.0045977277
IGKV2-24,0.0004019655,0.0032612064,0.0033651635,0.006446691,0.0012591634,0.0010185026,0.00110188,0.0018479258,0.0003466713,0.0016430707,0.0015340094,0.0015702116,0.0006203778,0.0012933359,0.0012996839,0.00054825726,0.00037528167,0.00071963726,0.0011610811,0.0010615942,0.00054541667,0.00093656924,0.13669065,0.00046329835,0.0013094858,0.0007140436,0.00090904447,0.00091573945,0.0010869203,0.0005281797
IGKV1-27,0.00071872555,0.015012166,0.014065515,0.017350614,0.0020730142,0.0015982102,0.0017939477,0.003158232,0.0004904309,0.0027355617,0.002247967,0.0025697066,0.00083786837,0.0021566069,0.0021701679,0.0007664589,0.00067096605,0.0012083199,0.0021058768,0.0021613997,0.00086471863,0.0013263153,0.042916305,0.0007384592,0.007956265,0.0012903729,0.0015680427,0.0018585799,0.0017591935,0.00086079683
IGKV2-29,0.00050975673,0.006961358,0.0016962758,0.011028682,0.0020702453,0.0011486183,0.0013518624,0.0020711827,0.00057981897,0.0019853848,0.0018209488,0.0019036144,0.0006260371,0.0016011796,0.0015462817,0.000599999,0.0004647943,0.00077145087,0.001475194,0.0012579956,0.00060643675,0.0009915531,0.047720943,0.0005306836,0.0015050882,0.0008322845,0.006304897,0.00097167335,0.0012727425,0.0006143419
IGKV2-30,0.0009814464,0.014123942,0.007038167,0.0072342055,0.0035626625,0.00281474,0.0026591592,0.008822806,0.0007676511,0.0048871706,0.043548055,0.0039783213,0.0016738217,0.0031870701,0.003096291,0.0013268503,0.000913926,0.0019040222,0.0028202224,0.0045942757,0.001134913,0.0018527431,0.026366608,0.0012068048,0.002853288,0.0019216726,0.001929029,0.0025045597,0.004718217,0.0011215715
IGKV1-39,0.0011165995,0.015135994,0.029570464,0.01166219,0.002750325,0.002591607,0.0024759355,0.0038752973,0.0010083203,0.0035489993,0.0038157261,0.0048625465,0.0015180483,0.003000737,0.0028820082,0.0013057949,0.0009307155,0.0015734973,0.0028135295,0.0023290408,0.014522084,0.0018419628,0.07960385,0.0079826135,0.0025832304,0.0014143675,0.0018447605,0.0023354464,0.0023463364,0.0010927501
IGKV1D-39,0.00041505706,0.010243334,0.0022175245,0.0035668574,0.0019282647,0.00092496356,0.001183549,0.0019285576,0.0003709575,0.0016460957,0.0016197336,0.0016158225,0.00073848915,0.0014413999,0.0013458444,0.000465324,0.00048077342,0.0006572,0.0012158522,0.0028760848,0.00047582862,0.0009167744,0.021131188,0.0004869412,0.0014365163,0.0006785309,0.00086088973,0.0012795252,0.0011456218,0.0005396167
IGKV1D-33,0.00029004365,0.0044334843,0.010769576,0.0053963545,0.0014573212,0.00057956943,0.00062227936,0.0010572522,0.00024605106,0.00084784057,0.0009116617,0.0009442949,0.00035405924,0.0007919542,0.0007778772,0.00022907366,0.00021408478,0.000390398,0.00069520273,0.0006190359,0.00026905473,0.0005287765,0.12856871,0.00027788166,0.00074442895,0.00039079774,0.00047452853,0.00058018125,0.0006919549,0.0003164546
IGKV2D-30,0.00018891772,0.014767478,0.0010297283,0.014071599,0.000614977,0.00049321714,0.00053610146,0.0008500454,0.00025968067,0.0007298366,0.0006511108,0.000749987,0.0002980254,0.000657878,0.008905682,0.00023374202,0.00020179253,0.0003455948,0.0005581813,0.000492743,0.00023703642,0.0004305779,0.04992674,0.00024671448,0.00055497186,0.0003753576,0.00044808237,0.00044382535,0.024608713,0.0002543019
IGKV2D-29,0.00059649505,0.004720778,0.012665555,0.020543166,0.002620656,0.0017729413,0.0019897774,0.007020838,0.0008480532,0.002955003,0.0027108192,0.002837804,0.0010508029,0.0024837547,0.0023143645,0.00058803963,0.00070904905,0.0015764462,0.0023141222,0.0018778907,0.00078258826,0.001593449,0.0006208137,0.0008793393,0.0021053043,0.001545558,0.001592551,0.0017658361,0.0020346274,0.00091123
IGKV2D-28,0.00044591652,0.009204031,0.012720264,0.010570924,0.0012668621,0.0010250872,0.0010299262,0.0016216005,0.0004462827,0.0014865319,0.0013635682,0.0015407447,0.0005299154,0.0012167334,0.0011417413,0.0004584884,0.0003834785,0.0006008931,0.001188731,0.0010044316,0.0004754258,0.0007867877,0.04222476,0.00047875897,0.0012377371,0.0007657973,0.0008044492,0.0009854508,0.0010490875,0.00052724336
IGKV2D-26,0.00021646376,0.000337933,0.0033199221,0.010220937,0.00045462756,0.00035719806,0.0004028389,0.0005972181,0.00016558214,0.00049798586,0.0005156033,0.00061749155,0.00020488989,0.000500988,0.00047555214,0.00019654594,0.00012966205,0.00022950738,0.000440343,0.00039358344,0.00014533235,0.0002832218,0.004780564,0.00015769168,0.000479833,0.00032280816,0.00030767644,0.0003985129,0.00037297388,0.00019949127
IGKV3D-20,0.00027234224,0.3368385,0.00058754644,0.09757332,0.00084513414,0.00065791665,0.00077718316,0.0011752213,0.00037336187,0.0009479925,0.00080888247,0.0010311839,0.0004350383,0.00091508013,0.00093699695,0.0003549393,0.00024916037,0.00040419676,0.00079706544,0.00069369934,0.00036820036,0.0006042515,0.0021747684,0.00033871335,0.00085244916,0.00048345284,0.00057468354,0.00069898355,0.0007639326,0.00036393836
IGKV1D-16,0.000560016,0.0010129425,0.0009539862,0.0010475343,0.0014826194,0.0010807454,0.0011574565,0.002222387,0.0004557399,0.014369607,0.0017386911,0.0019420224,0.00059763103,0.001555308,0.0014315924,0.0006222643,0.00044610014,0.0008563265,0.0014351167,0.0012862153,0.0005577875,0.0010064709,0.28245276,0.00047776784,0.0015152254,0.00082636985,0.00093406707,0.00119534,0.0011894087,0.0005260103
IGKV1D-13,0.0004172072,0.0014413829,0.007147419,0.008695253,0.0015472112,0.0012475612,0.0013608413,0.0021046528,0.00064871035,0.0020348167,0.001926584,0.0020672807,0.00076857244,0.0017592169,0.0015090257,0.00058416626,0.00049833825,0.0010624003,0.0015245512,0.0012628852,0.0006039859,0.0010583743,0.025610963,0.00065441773,0.0015165681,0.00092850975,0.0010125265,0.0012874076,0.0013253285,0.000606478
IGKV1D-12,0.00017655356,0.00039719313,0.00042803673,0.00040898542,0.00062916,0.00048696922,0.00052400515,0.00082087336,0.0001651477,0.0018611562,0.000697188,0.00073643087,0.00031110953,0.00067637954,0.00066205853,0.0002865027,0.0001851817,0.00034480524,0.00059799815,0.000523204,0.00023312567,0.00042147218,0.00020291186,0.00023709549,0.00057870906,0.00033300917,0.0004351904,0.00047363725,0.0005673853,0.0002443591
IGKV3D-11,0.00034141858,0.006401822,0.024979267,0.019141803,0.00091019744,0.0007679879,0.0007886924,0.0012410998,0.00027732164,0.0011031312,0.0010176125,0.0011293666,0.0005044326,0.0009493203,0.005493355,0.00032193778,0.00026864337,0.0004887039,0.00083494803,0.00074438367,0.0003353467,0.00058670255,0.0061548445,0.0003397391,0.00086760294,0.0005752005,0.0005778691,0.0006216709,0.0007628587,0.00040202442
IGKV1D-43,0.0003859237,0.004874623,0.07413886,0.0129281655,0.0010863018,0.00085918605,0.00086614233,0.0015115653,0.00033691415,0.0014036844,0.0012729742,0.0013690931,0.0006749023,0.0010397532,0.001018609,0.0004161579,0.0003242393,0.00058968854,0.0010178823,0.0008581371,0.00037847456,0.00071635534,0.00029848615,0.00035174494,0.001072347,0.0005658644,0.00069897616,0.0009553445,0.0007927458,0.00041556204
IGKV1D-8,0.0005450778,0.016508467,0.0020011961,0.012097388,0.0012256093,0.0010056989,0.0010466231,0.0018583979,0.000482102,0.0015311458,0.0013296659,0.0015061788,0.00058889354,0.0011992624,0.0012079412,0.00058164576,0.00037307222,0.00069796876,0.0011335573,0.0010453345,0.0005419747,0.0008962556,0.037221808,0.0005163195,0.0011326156,0.0008437659,0.0011183518,0.0009591624,0.0010702509,0.0005140979
MAL,0.054604832,0.11136679,0.12041857,0.106948026,0.16180652,0.12682256,0.1557768,0.6908591,0.057978008,0.61013085,0.34261367,0.49180222,0.08881413,0.41399112,0.17894997,0.05921498,0.048000198,0.086005345,0.15186328,0.1383375,0.06466061,0.11838251,0.043393444,0.07436819,0.37769052,0.0899764,0.117168546,0.17380154,0.17452444,0.06419808
DUSP2,0.16188982,0.3101742,0.31597272,0.30146888,0.5440134,0.35042992,0.5987338,0.6025487,0.14800888,0.567463,0.8633241,0.6194396,0.24264252,0.7077446,0.95590335,0.17857544,0.13570851,0.23708211,1.3336364,0.5561649,0.2082824,0.64845914,0.13564001,0.23791873,0.46354264,0.2645226,0.33372572,0.44561005,0.87427735,0.1777984
NCAPH,0.00642617,0.013578402,0.027744617,0.01042921,0.027399665,0.010985687,0.026749955,0.023394642,0.5334856,0.033702068,0.040897742,0.019902892,0.13051537,0.026553739,0.053338863,0.008498117,0.009148767,0.007849224,0.025114194,0.024444692,0.29926103,0.018935088,0.044470154,0.0073144245,0.023070948,0.036882978,0.013452328,0.08089536,0.034627136,0.009831329
AFF3,0.21638103,0.5415218,0.3924529,0.64378446,0.11865026,0.10587399,0.099922106,0.25234634,0.05453975,0.16468297,0.13350396,0.16536127,0.05628463,0.12200852,0.1233345,0.04535377,0.047242057,0.33726543,0.12991105,0.11995413,0.049464684,0.19214378,0.03379914,0.05141672,0.15863156,0.18593451,0.31407073,0.25240898,0.1260879,0.28087243
IL1R2,0.06638842,0.016494082,0.016414594,0.016200207,0.06941768,0.021662137,0.021481134,0.039090868,0.02650654,0.036731783,0.045456246,0.033057354,0.014747522,0.02698185,0.025501922,0.0074387314,0.008798186,0.009606779,0.023789877,0.020924397,0.012059518,0.016684534,0.007188321,0.009049869,0.027426425,0.09805674,0.37258443,0.020596022,0.020254511,0.009701582
IL1R1,0.0077237673,0.014091255,0.014352752,0.015558244,0.08234622,0.022223024,0.025175733,0.03385914,0.016704056,0.061058503,0.03710324,0.029084988,0.0075604636,0.026670845,0.027503274,0.026711024,0.009119083,0.7280323,0.04574625,0.020933665,0.008671718,0.16174178,0.0060741124,0.014092722,0.026381023,0.05554408,0.11457306,0.016789116,0.031052688,0.012142983
IL18R1,0.057205494,0.05022971,0.0377766,0.038327582,0.055015203,0.04908497,0.12783597,0.0821979,0.06427934,0.1252973,0.24345843,0.08011212,0.071329944,0.06961287,0.15429279,0.027688894,0.019160012,0.25919846,0.23900105,0.18419126,0.054009058,0.391552,0.014419929,0.02825023,0.0795256,0.09407343,0.10488875,0.04183046,0.13908984,0.12983796
SULT1C4,0.0009383711,0.006298357,0.002157145,0.0020944665,0.0045977854,0.0025595375,0.002908407,0.004246681,0.0011031448,0.0068307905,0.0035943831,0.0040183254,0.0014149856,0.0030886177,0.0085518705,0.001198698,0.18019661,0.0020801409,0.006414221,0.0026591863,0.0012485132,0.0020829102,0.0008873414,0.020229822,0.0028261037,0.0023321689,0.0024032851,0.0026368957,0.0029596428,0.0050741574
LIMS1,0.0743696,0.22825982,0.23388521,0.24075943,0.39300537,0.33809826,0.37245405,0.5585078,0.2666071,0.7625629,0.63144225,0.44037294,0.14143713,0.44865677,0.39107737,0.10846016,0.14462942,0.2608691,0.40456393,0.3260933,0.1326899,0.2775567,0.07761685,0.68579644,0.36373213,0.12704065,0.19839242,0.4450689,0.38148528,0.12222995
BUB1,0.012452543,0.008908939,0.040373188,0.014087159,0.015969997,0.01184427,0.01191671,0.028820174,0.31155467,0.02820274,0.01763433,0.02843769,0.09096264,0.01710064,0.022093097,0.0041927467,0.01464311,0.0047631254,0.016711906,0.016613755,0.19454888,0.026977982,0.06865681,0.017073803,0.0154023925,0.013094115,0.009577706,0.013688678,0.011756031,0.023215812
MIR4435-2HG,0.051366594,0.0719519,0.07793171,0.07662,0.19818577,0.11350268,0.23075856,0.18691419,0.17560007,0.17545241,0.15297702,0.16716805,0.18740453,0.15558624,0.23767409,0.038989604,0.057286456,0.06395787,0.10352182,0.20645407,0.11805845,0.09214079,0.07337548,0.21703294,0.17392065,0.17108047,0.11500665,0.14348687,0.16693616,0.055917893
MERTK,0.009959544,0.016223447,0.0162571,0.016781911,0.074976884,0.16985284,0.02418881,0.034417633,0.008233799,0.030461496,0.029939385,0.036381673,0.011654694,0.024280058,0.024943033,0.008643208,0.042908743,0.011478553,0.02161638,0.023231668,0.0097644,0.021515155,0.007065607,0.010728019,0.028095575,0.016127298,0.019397264,0.016938455,0.023451025,0.010567448
CKAP2L,0.004034224,0.0075921593,0.019308819,0.011453791,0.0188628,0.014972919,0.010362114,0.01870414,0.7021874,0.013066654,0.01595674,0.015767477,0.11312316,0.012435346,0.017473796,0.00459845,0.0030863718,0.0047535845,0.015217628,0.011374068,0.58448124,0.022674324,0.030996535,0.005698847,0.017356718,0.006040777,0.010780839,0.026551165,0.013269968,0.0042081703
IL1A,0.010644476,0.02394275,0.020971121,0.022960788,0.13105202,0.040100697,0.03149913,0.045063548,0.009490697,0.04242907,0.037773047,0.044286244,0.015894106,0.032230645,0.036651198,0.009921055,0.0104514845,0.017086765,0.029902311,0.031480256,0.011021795,0.020725891,0.008886656,0.013414738,0.031238569,0.01951446,0.029868126,0.03037678,0.030616492,0.013342776
IL1B,0.033950977,0.07438183,0.07147487,0.07931703,0.31285635,0.14024852,0.120100185,0.17938069,0.038094822,0.16071889,0.17249109,0.15632461,0.073132925,0.14621739,0.13038541,0.028266987,0.031317696,0.057145562,0.13014276,0.11548051,0.04524819,0.10011982,0.037669763,0.07615695,0.13459949,0.058607437,0.09845054,0.11272951,0.106411286,0.04423274
IL1RN,0.048842337,0.05156395,0.050667334,0.05001515,0.24225654,0.08034495,0.076393776,0.1122026,0.019807529,0.09772743,0.098517284,0.09490747,0.035676252,0.07714113,0.08061857,0.024947025,0.025378186,0.03979255,0.072656155,0.067612104,0.02430117,0.052068677,0.020685224,0.031509858,0.07005016,0.049313955,0.092361666,0.06774536,0.07010961,0.031614378
DPP10,0.0005119956,0.00072188117,0.00072197017,0.0007150197,0.005628163,0.0009216144,0.00096120784,0.0015899661,0.00040150437,0.0014538902,0.0012523872,0.0013847705,0.00042723003,0.0011630092,0.001122303,0.00046161428,0.04861711,0.0005263111,0.0010266294,0.00086743856,0.00040378814,0.0007758301,0.0003119828,0.00047917673,0.0010386625,0.00070852344,0.00077882444,0.0008430819,0.0008863876,0.0004327575
DPP10-AS1,0.00020934486,0.00044619016,0.0004232416,0.00043571083,0.0007936423,0.0005100484,0.00057466375,0.0008920681,0.00020523283,0.00070177496,0.00064294465,0.00083328364,0.00027682286,0.00063418545,0.00064451573,0.0002068101,0.071589105,0.00031902775,0.0006038856,0.0005040626,0.00020956915,0.00040635827,0.00018777406,0.0002326157,0.00062995,0.00039261047,0.00041861608,0.0004433141,0.00052073074,0.00026318568
MARCO,0.03293475,0.067857705,0.06586771,0.06792037,0.3286372,0.18325381,0.092187665,0.13223521,0.03307778,0.11712001,0.11176167,0.12843865,0.049805485,0.103081785,0.09623759,0.02967455,0.029476952,0.047254194,0.09382672,0.08717988,0.034673743,0.0664481,0.028132668,0.03322634,0.10771462,0.0642338,0.08385458,0.08453204,0.08216581,0.048689384
PROC,0.67434466,0.016480591,0.0125273885,0.0066388883,0.011096446,0.007637259,0.008629633,0.014353114,0.004056165,0.013710917,0.011240251,0.015548941,0.005339111,0.013607703,0.0129112555,0.0030733305,0.0033609748,0.004978933,0.008994795,0.008378745,0.0051082214,0.008422413,0.003124532,0.0041282773,0.010385573,0.24180199,0.022568854,0.007774896,0.011866786,0.52643776
NCKAP5,0.0021446613,0.018260427,0.005874695,0.0057825423,0.0047620917,0.0039338795,0.0044606547,0.010894262,0.0015483714,0.0058008805,0.005931581,0.006512288,0.0018334842,0.0048309844,0.005195239,0.0020365482,0.0013397754,0.0023739503,0.0045274184,0.0041695526,0.0016699608,0.0035349552,0.0013093279,0.0017007467,0.0052053547,0.5336035,0.27037925,0.003810241,0.0043095783,0.0020281437
AC011893.1,0.1597157,0.0120048085,0.0065154578,0.007182486,0.01052583,0.008343513,0.0071266373,0.014440094,0.050532624,0.011207448,0.017087597,0.020089464,0.0035537658,0.009067024,0.00940261,0.003086492,0.002534059,0.0053334413,0.008689521,0.007945536,0.0033691765,0.0065678903,0.0029747938,0.008223154,0.008709194,0.0067540174,0.006735245,0.02962616,0.008491338,0.60863894
MCM6,0.031724714,0.040683325,0.046731908,0.034837496,0.051927116,0.042668246,0.08345892,0.08941208,0.13402854,0.092014864,0.07798962,0.10818758,0.14013956,0.08850293,0.089715496,0.009256793,0.03100199,0.030982055,0.062277883,0.065237954,0.20929697,0.046254646,0.031737417,0.054090593,0.06251002,0.05528348,0.05860993,0.053205155,0.06704128,0.057784803
CXCR4,0.09515244,0.26147264,0.21641481,0.41556743,0.27784982,0.22903726,0.2497561,0.3119255,0.06147778,0.38341042,0.4066517,0.28465152,0.09653161,0.2897689,0.31930402,0.10053929,0.1202599,0.17027786,0.4643232,0.26522735,0.08594397,0.17318732,0.103768714,0.16481036,0.27238908,0.15569943,0.13575834,0.21871442,0.28766096,0.08502216
HNMT,0.043790843,0.06869943,0.062204845,0.06281136,0.25842017,0.14160702,0.09426813,0.13936935,0.037478074,0.12001113,0.10921091,0.12711297,0.056987084,0.09640651,0.10187851,0.03651045,0.028902737,0.04253971,0.090479344,0.0807333,0.038152557,0.06633809,0.027219137,0.034965273,0.099403806,0.053658966,0.11179036,0.07245877,0.07979186,0.039563846
LRP1B,0.06320299,0.0031627517,0.0031763278,0.0031618914,0.005501528,0.0035000306,0.0039815158,0.006592555,0.0016894015,0.005821213,0.005702187,0.02210435,0.0016872163,0.005114283,0.0047829584,0.0017218547,0.0013958616,0.002649883,0.004639716,0.004181837,0.0016663674,0.0032114992,0.0014162075,0.0015514453,0.004773985,0.003103256,0.32816312,0.0043780864,0.003964008,0.0019506346
KYNU,0.04502164,0.106659785,0.12822294,0.10099434,0.21398327,0.16848134,0.07144985,0.10370529,0.032128546,0.09223826,0.10324523,0.104790434,0.026655087,0.08269961,0.09029343,0.028409608,0.02494079,0.045406986,0.080893345,0.071940176,0.026194502,0.05244352,0.0240721,0.032893725,0.07610694,0.052121554,0.095407665,0.057543002,0.073215224,0.056564976
ZEB2,0.051929668,0.13765493,0.14998043,0.15416113,0.3529532,0.24590562,0.2065039,0.44139707,0.08891406,0.38758272,0.32730576,0.387285,0.09360264,0.3212659,0.2610026,0.085323766,0.048250366,0.14613473,0.26885554,0.21464121,0.08007786,0.16484438,0.08010359,0.109885104,0.28623775,0.16465516,0.10230403,0.21521844,0.20253937,0.06457523
ZEB2-AS1,0.032679442,0.059413407,0.043347575,0.05030088,0.20318185,0.13951117,0.063517116,0.08323682,0.025151964,0.076381,0.08376175,0.078999296,0.030825725,0.06053461,0.077615365,0.019975811,0.019750297,0.041023172,0.055512626,0.06793634,0.031837083,0.049331266,0.018704588,0.03614439,0.058433414,0.042238414,0.074486464,0.048526358,0.082721464,0.07103346
RND3,0.00054031325,0.0009904291,0.0009430608,0.001274727,0.002783367,0.005358097,0.0012878682,0.0020401513,0.0005132297,0.0016461797,0.0015630305,0.0018273361,0.00048706203,0.0013800352,0.033722147,0.00039264784,0.00042460326,0.00079670944,0.0013761315,0.0012419589,0.0004972285,0.0009920455,0.00047043653,0.10866395,0.001409331,0.00077680004,0.0069389264,0.0011212197,0.00133818,0.0005691522
TNFAIP6,0.0121991895,0.026109194,0.028432954,0.03094034,0.1468654,0.04179638,0.039254986,0.04783368,0.017202858,0.049016643,0.04640896,0.05084959,0.045571525,0.04528074,0.048729856,0.011137692,0.011280143,0.024217896,0.039262258,0.034640696,0.013617988,0.027351858,0.010070271,0.016474413,0.037712373,0.026776051,0.025866663,0.028837018,0.040982794,0.014670773
FMNL2,0.05207003,0.032122865,0.050120216,0.036487482,0.082288854,0.43485862,0.05441576,0.060649294,0.012930997,0.061282497,0.0529084,0.054399975,0.01609997,0.05354963,0.04473072,0.012740484,0.015494205,0.019509457,0.048211716,0.035326038,0.014319822,0.040600017,0.013502915,0.017351288,0.061345007,0.14936458,0.09800294,0.028204197,0.032706834,0.07634804
NR4A2,0.054430723,0.15064448,0.11961095,0.12289426,0.2838339,0.13107546,0.18861581,0.24226223,0.047032543,0.28474796,0.30130687,0.25180423,0.10945395,0.29423252,0.2743676,0.06141693,0.047390904,0.10703486,0.35492048,0.22163911,0.09101784,0.2518634,0.04259999,0.06454568,0.17986295,0.09956752,0.20498776,0.20923115,0.22364128,0.07769946
CD302,0.10765852,0.12835418,0.12359531,0.12629646,0.45505363,0.20734128,0.16922407,0.24203178,0.045423154,0.2481345,0.22639742,0.23386376,0.087796815,0.19247249,0.20326793,0.05934656,0.057407174,0.09563852,0.18394075,0.16377935,0.06243371,0.14163283,0.051656317,0.07134547,0.19124205,0.07745308,0.18042052,0.13455822,0.16831549,0.08315456
SLC4A10,0.012595295,0.022531157,0.024958987,0.02524255,0.04130476,0.030832361,0.039161623,0.04855587,0.013882187,0.06537198,0.19587731,0.053876385,0.01449523,0.03802682,0.052834403,0.01322872,0.010893429,0.022441486,1.1077926,0.043487918,0.020754533,0.06998411,0.0104628345,0.016290061,0.032473303,0.026134893,0.025027037,0.02755199,0.119096585,0.013119161
GCA,0.058688857,0.122223176,0.122869484,0.13172077,0.39660788,0.16809069,0.14805637,0.25499618,0.049942177,0.22426574,0.21433096,0.23224445,0.084154785,0.18132806,0.18569116,0.058824044,0.04381424,0.10144982,0.17944932,0.16132094,0.063554086,0.12125649,0.04907934,0.06767468,0.1937355,0.075647034,0.12094286,0.15650089,0.14681758,0.07034777
COBLL1,0.027377328,0.43068537,0.3726096,0.30549008,0.055927247,0.0410789,0.040890425,0.07118617,0.018940298,0.0712374,0.0699169,0.065279916,0.022061432,0.044436492,0.046951164,0.011696888,0.034740746,0.03048146,0.046844516,0.043636538,0.019341452,0.053363077,0.14288859,0.021187846,0.050073512,0.034896567,0.035103235,0.04505847,0.03866599,0.31912383
SLC38A11,0.0044436716,0.07523449,0.013189104,0.12780365,0.011246886,0.009427044,0.010033107,0.018357879,0.0050395355,0.015385877,0.012148445,0.015754148,0.028241381,0.013151631,0.013925705,0.0046207705,0.0033636212,0.0049859164,0.011880036,0.010281174,0.004310018,0.008556313,0.0035962118,0.004173737,0.010607245,0.00861054,0.007458513,0.009153655,0.010219246,0.006920479
SCN3A,0.008101176,0.030604247,0.065660976,0.22817326,0.02070158,0.016700367,0.017211502,0.027322931,0.0065990672,0.023527134,0.023500325,0.027772252,0.008095649,0.019461723,0.023669973,0.02091955,0.05057617,0.010224301,0.017971907,0.019892357,0.0066453456,0.0131652085,0.019040698,0.007620067,0.01836056,0.011864401,0.012881557,0.01487915,0.016910525,0.010286289
SCN9A,0.5177795,0.011331319,0.009667662,0.011562895,0.02931247,0.011532175,0.014525895,0.026619185,0.0056804135,0.020559788,0.018842522,0.022129368,0.005684192,0.015353708,0.01715007,0.006613811,0.049976688,0.062900804,0.014474522,0.014145786,0.0062679234,0.024213342,0.017150722,0.0068412703,0.018846508,0.12769914,0.17749709,0.012116861,0.0128225135,0.56774825
XIRP2,0.0014810588,0.0021215426,0.0021883757,0.0021869822,0.004281003,0.003427226,0.0027716034,0.005283546,0.0010539222,0.004129828,0.0035443436,0.004206947,0.001369788,0.003351559,0.0030326748,0.0012592118,0.03607949,0.0015198154,0.0032182983,0.0027685557,0.0011153849,0.0021511256,0.0009354526,0.08794671,0.027725622,0.0023735638,0.0025939443,0.002395119,0.002452658,0.0013527117
SPC25,0.0031257833,0.005548269,0.033221446,0.008112441,0.009967343,0.009200727,0.007217167,0.012249134,0.639081,0.015531796,0.009426655,0.010422603,0.22115171,0.030323703,0.013932661,0.0025936696,0.009231745,0.0038843607,0.011153261,0.008514475,0.49736845,0.0057029836,0.07298221,0.012247959,0.009556499,0.0056957253,0.00846269,0.0058175074,0.008706162,0.003134835
DLX2,0.00023653946,0.0004682104,0.00043454935,0.0004985981,0.001120342,0.00071895064,0.0006443505,0.0018327987,0.00020164868,0.0026108376,0.0008697632,0.0009510876,0.0002352956,0.00074027147,0.0014403563,0.00027044537,0.00023607437,0.00043425252,0.00070492836,0.0011070737,0.00028664927,0.0004922243,0.00022651529,0.000259847,0.0006872948,0.00035079685,0.0004527445,0.00055616756,0.0006081757,0.0002785904
MAP3K20,0.06359448,0.08388847,0.08797962,0.08374411,0.2533925,0.13566683,0.117198266,0.13867776,0.069237255,0.12520163,0.134263,0.13031499,0.09700886,0.10642656,0.14405316,0.046350177,0.05684071,0.051984116,0.10846676,0.100177206,0.0501674,0.078686945,0.028487517,0.048188116,0.08900423,0.1539389,0.19999951,0.07870268,0.12187691,0.039247334
CDCA7,0.015264375,0.039280105,0.069491796,0.025515355,0.029653352,0.016826231,0.081923656,0.04263018,0.26510236,0.06920798,0.036662344,0.043433733,0.41020256,0.06481851,0.062873326,0.010013168,0.06570968,0.0130223865,0.020830167,0.0317975,0.16719641,0.050196227,0.013287284,0.012930693,0.06008183,0.069704466,0.031152418,0.18061946,0.035829157,0.014939856
HAGLR,0.00027839956,0.0005650355,0.0005425299,0.0005804749,0.0007321219,0.000631349,0.00072641025,0.34558487,0.00026526776,0.0011336182,0.001022401,0.0011556863,0.00034834893,0.0008152162,0.0009011433,0.00030641025,0.00023556981,0.00038466754,0.00078625215,0.0007202594,0.0002882167,0.0005635826,0.00023918493,0.0002880915,0.00087458466,0.0005040275,0.0005014201,0.00068952155,0.0007758389,0.00030168975
TTN,0.041214965,0.31530744,0.24110678,0.1822566,0.11557665,0.08382806,0.09012595,0.45913017,0.044525117,0.1906465,0.13081242,0.37637153,0.045903634,0.19052699,0.15579826,0.049523238,0.037836548,0.10130357,0.105246395,0.109751314,0.035508808,0.16083224,0.029738192,0.051705733,0.27847502,0.059864525,0.07677946,0.4305971,0.09734438,0.04473532
FRZB,0.00058195746,0.0010114266,0.026670454,0.00092107686,0.0013483973,0.0010517281,0.0013263468,0.002046022,0.0005778811,0.0018051123,0.0017688376,0.0032018698,0.00058672985,0.0018156145,0.001568201,0.00040904945,0.00043748535,0.0008297608,0.0014726928,0.0012100774,0.0004886402,0.0009689133,0.00046951452,0.006655372,0.0014997218,0.0010434968,0.0009673587,0.0012976185,0.0013501927,0.0005412243
AC096667.1,0.049524978,0.085147016,0.09153791,0.08583855,0.3946533,0.2288098,0.10634298,0.17571902,0.04041071,0.15775493,0.15808259,0.18089896,0.056281757,0.15761471,0.1326862,0.04708546,0.05078208,0.08676547,0.1271485,0.11941021,0.050506346,0.08648925,0.039739706,0.051606532,0.12321484,0.074292965,0.14837815,0.10722138,0.10508068,0.05122475
TFPI,0.03295244,0.0088500995,0.0088529065,0.008406661,0.019669367,0.014786215,0.011615128,0.019352114,0.006608328,0.020773409,0.015505642,0.017892603,0.005089392,0.011413644,0.013244464,0.005069784,0.25417432,0.047676075,0.012461971,0.012529458,0.0047080084,0.008869736,0.0036615725,0.2178404,0.02616328,0.008702516,0.0159535,0.00959371,0.013559991,0.021379808
SLC40A1,0.040475298,0.07084331,0.06944406,0.072035395,0.2303258,0.106935985,0.09700464,0.26045808,0.02815342,0.27762544,0.21271023,0.17878863,0.060739845,0.15934351,0.115985714,0.050938938,0.31593853,0.0727759,0.101438925,0.095733516,0.041535143,0.08494773,0.031989124,0.4403882,0.12718971,0.09188698,0.15815225,0.11005915,0.09840019,0.06788076
C2orf88,0.06224886,0.029025879,0.0537818,0.032731753,0.05375876,0.03789089,0.05664681,0.056254912,0.015904494,0.06184624,0.04607904,0.06138936,0.0185455,0.04079336,0.039181463,0.027620604,0.018630765,0.02480568,0.03838002,0.035215072,0.014778558,0.023922814,0.06999083,0.619457,0.041346584,0.023904271,0.027342027,0.040095173,0.038986243,0.033256534
STAT1,0.047070276,0.107338905,0.09721056,0.117403835,0.18841872,0.13060538,0.16361098,0.24779114,0.051722277,0.24130642,0.23400566,0.22518554,0.07579024,0.19732015,0.20059608,0.05663704,0.03756886,0.11325961,0.18782488,0.15608071,0.05827755,0.13101685,0.03546167,0.07229069,0.17127359,0.066248596,0.08249412,0.15579738,0.17317818,0.0799857
NABP1,0.043772418,0.14090924,0.1313508,0.14432868,0.33155587,0.17898837,0.19766039,0.27809423,0.070002034,0.29803282,0.27419233,0.2768851,0.15437837,0.21767241,0.2323947,0.06598037,0.051082097,0.12401608,0.20225419,0.18141069,0.06671807,0.14569388,0.043556485,0.07428675,0.26154438,0.094264254,0.12267222,0.17538074,0.18243258,0.07807705
CAVIN2,0.030725988,0.033739317,0.031103114,0.033993926,0.08760519,0.050709452,0.05572824,0.07884029,0.017787049,0.06539173,0.0667753,0.07332347,0.028490296,0.05587356,0.06077886,0.016050946,0.06449059,0.018490886,0.05323643,0.046248034,0.0168567,0.035882477,0.014655358,0.74043316,0.059192035,0.032347362,0.043494534,0.039741356,0.046342738,0.040808234
SPATS2L,0.26328117,0.044384215,0.043596502,0.04781602,0.14630993,0.10358403,0.11229108,0.10460971,0.06396273,0.14892158,0.15183736,0.09733337,0.1470234,0.087584235,0.130549,0.022986818,0.036904525,0.07616778,0.19642842,0.072599925,0.112963304,0.0962753,0.021653129,0.029600665,0.12554717,0.21604899,0.3262981,0.054150768,0.090807,0.063362986
SGO2,0.013055619,0.037681956,0.03730019,0.04562709,0.06404911,0.05542981,0.052913915,0.08420521,0.2851144,0.062425256,0.078370556,0.07584944,0.05170726,0.062104136,0.08742086,0.009322159,0.037921637,0.04461402,0.056146067,0.0744351,0.16183256,0.067701295,0.02809178,0.018447254,0.05979902,0.03185518,0.039402016,0.048352435,0.06652583,0.025929244
AOX1,0.00033464786,0.0004890472,0.0005401058,0.0005297655,0.0007912146,0.00057362096,0.00065618014,0.0010202395,0.00030571534,0.00094612665,0.0008900559,0.0009012054,0.00031288472,0.0008218392,0.0007656115,0.00027132005,0.00026429526,0.00032505102,0.00067531376,0.117904015,0.00026972295,0.0004964187,0.00025818511,0.00029857692,0.00077429647,0.0005387711,0.00053778745,0.00056609546,0.000621695,0.00032237425
CDK15,0.00022205606,0.00048912776,0.0004867388,0.0004590715,0.0072867875,0.0005370388,0.0005867783,0.0010074917,0.00020121313,0.0008441832,0.0007582368,0.0008919984,0.00032746175,0.000747418,0.0006981762,0.00021610898,0.0052917353,0.0003084414,0.00063098193,0.0005880092,0.00025646898,0.00047560513,0.0002196292,0.0002521557,0.0007274539,0.00039902254,0.00048343797,0.0005760662,0.0005723028,0.0002799425
CD28,0.030830253,0.058459483,0.056113333,0.059731722,0.096665315,0.06894815,0.09346125,0.32185692,0.14048412,0.33805743,0.34972668,0.20115769,0.048926342,0.23126404,0.11616915,0.02638298,0.024323076,0.05660444,0.20019153,0.07924826,0.03303477,0.0659367,0.02453538,0.0528013,0.23148754,0.049278326,0.05483999,0.32522687,0.117782906,0.037279114
CTLA4,0.016167829,0.029471619,0.03016287,0.029037422,0.041794278,0.037527222,0.09429891,0.103523806,0.18510531,0.2637372,0.21773788,0.06959037,0.049490854,0.09516389,0.06439507,0.015855877,0.014511471,0.039725017,0.055738024,0.037704974,0.018606527,0.035867196,0.012060569,0.016132807,0.4360519,0.032601606,0.03422137,0.24392925,0.053604763,0.017338226
ICOS,0.016900834,0.029796325,0.028762428,0.0305986,0.048787232,0.03576677,0.054152645,0.1897363,0.1057068,0.20989399,0.14536905,0.118624724,0.041028563,0.12679167,0.06898517,0.016202638,0.011498343,0.05037303,0.06597984,0.03814705,0.023246365,0.030784683,0.013634941,0.019721637,0.13443577,0.027771434,0.030486457,0.057983942,0.05370174,0.01489409
LINC01857,0.014770971,0.69630814,0.19937298,0.26601043,0.045037817,0.028996892,0.035322372,0.06036137,0.0124479765,0.052914117,0.05005433,0.055916328,0.0155009115,0.04736431,0.04775674,0.013616524,0.012753908,0.025285345,0.036402963,0.03687133,0.012173399,0.03314084,0.015728183,0.017109932,0.04027893,0.038467567,0.0316525,0.03774644,0.036458857,0.017655285
CRYGD,0.00093793083,0.0016894467,0.0016755506,0.001711779,0.0037700967,0.001996925,0.0020869896,0.0034449236,0.0010276366,0.0067250957,0.0028740529,0.003105366,0.0014403773,0.002406732,0.0033655178,0.00082849676,0.45361122,0.0013540325,0.0023212621,0.0020957282,0.0010295205,0.0017707252,0.00076031254,0.0010617387,0.0022957483,0.0016250956,0.0018027645,0.001881797,0.0018776874,0.0010473953
IKZF2,0.04622378,0.09916544,0.08181894,0.1269998,0.13825868,0.108445846,0.13190106,0.25813967,0.07521661,0.23282067,0.21684924,0.24742758,0.25915268,0.24638729,0.5819545,0.047599297,0.13809657,0.095508985,0.59094095,0.35518178,0.16845815,0.22949907,0.03309498,0.058815602,0.8525558,0.064392485,0.099114664,0.38456538,0.6353208,0.06413906
FN1,0.003052585,0.009917811,0.015799174,0.027353361,0.022202402,0.008787777,0.010368677,0.027383052,0.004531895,0.024673799,0.021295287,0.028515378,0.0066723456,0.025035333,0.022613144,0.004657994,0.010396754,0.006479015,0.013558109,0.012210101,0.0063995644,0.009148341,0.005835842,0.009005388,0.01750077,0.006864638,0.007859885,0.008963215,0.011576703,0.010582992
MARCH4,0.00017162935,0.00031158197,0.00028996487,0.00028852164,0.00042230228,0.00035577966,0.0004120941,0.00064657535,0.00018136547,0.00054421177,0.0004991261,0.012472018,0.00022007016,0.00043224922,0.0021360803,0.00016444504,0.00014578438,0.00023237987,0.00043953198,0.0003893404,0.0001615563,0.00034284932,0.00012584445,0.00018540402,0.00042902248,0.00031085158,0.00028940284,0.0003110536,0.0004838319,0.00017559639
GPBAR1,0.06345329,0.09122283,0.07971708,0.09730812,0.4179891,0.67174065,0.12090174,0.18758187,0.05614782,0.15550882,0.16197869,0.18947215,0.051484205,0.1356489,0.14958194,0.047215883,0.040463362,0.055755746,0.12256986,0.114701115,0.053248152,0.09774613,0.04143328,0.053412385,0.12658052,0.07876095,0.1657918,0.10126535,0.11234494,0.060873818
SLC11A1,0.05076,0.104674116,0.095301084,0.10770267,0.33587453,0.20855615,0.13462132,0.2364354,0.052262362,0.20508891,0.1848447,0.20549627,0.0812277,0.16845386,0.15886968,0.039084684,0.039880592,0.08381602,0.14987956,0.14228821,0.05129808,0.11323312,0.04326649,0.05906097,0.16645758,0.10797383,0.08151982,0.11869012,0.13781269,0.061374612
CYP27A1,0.024400724,0.061393123,0.059381135,0.05893268,0.30968988,0.068575926,0.06714427,0.12378696,0.025434025,0.12082652,0.1002041,0.105303496,0.025686571,0.08051871,0.088615365,0.025640577,0.029397946,0.042676993,0.09215721,0.07491449,0.031576965,0.05538138,0.025191603,0.03207781,0.08915196,0.04566383,0.060144734,0.07008982,0.07681858,0.033336062
TUBA4A,0.052433085,0.12899558,0.13116422,0.1299364,0.14933565,0.111425996,0.18906084,0.25340837,0.048954505,0.24263582,0.259146,0.22587775,0.0824229,0.1887756,0.22052266,0.04831189,0.046453655,0.116467945,0.17070948,0.1596406,0.07825609,0.13629907,0.030558812,0.32063523,0.19534971,0.08108225,0.079708636,0.15779933,0.17305052,0.061553683
CHPF,0.009241958,0.018968243,0.016327208,0.01623323,0.027656619,0.020703014,0.056918345,0.0485098,0.009564462,0.053401798,0.07159688,0.046566237,0.021597583,0.04867231,0.05889594,0.010033346,0.019872623,0.014854298,0.050325464,0.06715921,0.031180289,0.086669795,0.15196553,0.010927871,0.04389832,0.030931385,0.018234806,0.11530871,0.05964744,0.11676368
SCG2,0.00061703305,0.0013897336,0.0014029319,0.0028110966,0.018747518,0.0014503454,0.0018568962,0.002491239,0.000689789,0.002428538,0.0023447536,0.002363291,0.00091235404,0.0020208317,0.002284096,0.00041875558,0.0006561907,0.0012595898,0.0020470093,0.0016871357,0.020330217,0.0012739489,0.01275473,0.00071111164,0.0019131628,0.0011866479,0.0011158596,0.0013885266,0.0019222142,0.0007565366
COL4A4,0.005544576,0.19590192,0.28607142,0.033336703,0.021041876,0.015541399,0.019319626,0.037536126,0.008444088,0.028620785,0.023697458,0.025603432,0.007935486,0.021143567,0.02128366,0.0076199053,0.005725996,0.09993484,0.01877009,0.021068556,0.007482029,0.08266494,0.12108488,0.009866192,0.019847335,0.05370579,0.014350794,0.023439301,0.020192927,0.010227407
SCYGR4,0.0009865816,0.0015981487,0.0016706598,0.0017036564,0.0037278943,0.0040742587,0.002063678,0.004071568,0.0010426525,0.0030984206,0.004023061,0.0031381322,0.0014456733,0.0042717964,0.002130117,0.0009459541,0.000669145,0.0011338851,0.002213125,0.002162355,0.0010381439,0.0017647317,0.00075686973,0.074151054,0.0025144003,0.0014110378,0.0015821132,0.0017937231,0.0018235539,0.0009569051
CCL20,0.015046074,0.033817343,0.026935115,0.031847134,0.14459918,0.048256524,0.034975074,0.074573435,0.022288918,0.071024984,0.06261468,0.055237215,0.015292097,0.044406075,0.042100236,0.015883692,0.010998921,0.023914153,0.054341782,0.040409457,0.017016556,0.030139996,0.01163823,0.020648297,0.041953623,0.02514963,0.036526315,0.035776045,0.034278143,0.016241875
PID1,0.034162473,0.067275934,0.059348267,0.06607133,0.29974732,0.12787275,0.07841197,0.116912454,0.025407532,0.108796105,0.110503264,0.11923423,0.034695163,0.099632494,0.089167655,0.026224397,0.030897338,0.047088135,0.08943526,0.077670686,0.026835749,0.059222147,0.026397288,0.03524645,0.08573076,0.059835717,0.18648612,0.08068647,0.07413321,0.0377236
ITM2C,0.24605311,0.18496886,0.120877095,0.10826887,0.07301088,0.047705654,0.114675656,0.16635022,0.043735642,0.1376558,0.18454927,0.20415264,0.08473525,0.19535436,0.106466696,0.030867564,0.15786509,0.15493707,0.091955066,0.05960856,0.044950213,0.07320805,0.43189803,0.029584732,0.13314228,0.093183234,0.12540694,0.09316656,0.07629063,0.62422514
NPPC,0.00063015294,0.0012375726,0.0011711613,0.0012254273,0.003305107,0.0013453785,0.0016912887,0.0025746562,0.0006344261,0.0020669752,0.0028986007,0.003595926,0.00073519954,0.0019033784,0.0019458776,0.0006500802,0.0005212942,0.0013188983,0.001751575,0.001589368,0.00072160526,0.001128296,0.00061071204,0.0006959075,0.0018799719,0.024920555,0.04145994,0.0014935521,0.0015209028,0.0007661323
HJURP,0.002029455,0.004413285,0.03646989,0.008824143,0.00676905,0.008500468,0.0070625124,0.010917352,0.706937,0.012505308,0.008251077,0.009567559,0.17208368,0.00900769,0.008879299,0.0024794843,0.0019524205,0.019710097,0.0076138913,0.006256587,0.5551822,0.0044257618,0.056879204,0.016318224,0.006764346,0.003222247,0.005597449,0.0049632476,0.010890754,0.0022546346
ARL4C,0.20741478,0.25628155,0.28044397,0.30622426,0.4131707,0.32731768,0.37293085,0.42342424,0.062806845,0.44354698,0.4752177,0.42272416,0.16433285,0.37387094,0.5121741,0.11975945,0.14628734,0.24961817,0.60230297,0.52796656,0.15758502,0.376612,0.08633984,0.2151857,0.3385187,0.29316074,0.27254888,0.3725951,0.43751225,0.12702361
ACKR3,0.007576535,0.018277854,0.015066282,0.017264564,0.055207714,0.050044738,0.042624794,0.05452516,0.023116658,0.03957763,0.06313344,0.043571185,0.012581066,0.033930413,0.03589724,0.015690135,0.009033825,0.010510562,0.05829713,0.0352392,0.017697793,0.037619647,0.0061658104,0.009214072,0.037768684,0.012538279,0.026865957,0.022317057,0.029719489,0.00864001
AC104667.2,0.0003913062,0.00075660396,0.00077929965,0.0007508222,0.0017680243,0.0054439097,0.0009831648,0.004626415,0.00046470197,0.0014584423,0.001307856,0.0015591396,0.00046539557,0.0012266252,0.0012361571,0.00035514464,0.00033927866,0.0006727279,0.0011856768,0.0010847396,0.00046071783,0.0008318094,0.00037845335,0.00044768438,0.0010720324,0.000722446,0.0008193058,0.00095548737,0.0010288688,0.0005304371
GPR35,0.05878799,0.04427803,0.04037616,0.04596672,0.21568885,0.18462001,0.058500152,0.08071157,0.018356048,0.08547531,0.077720106,0.08818759,0.021749124,0.07110179,0.07488725,0.02247482,0.016982544,0.03640184,0.077248394,0.06154162,0.021917755,0.047348782,0.018945154,0.024643373,0.055607762,0.06195108,0.09032047,0.04473236,0.051408034,0.02913217
PASK,0.052237634,0.124394774,0.12043648,0.12186882,0.14599705,0.12166254,0.1363235,0.44942573,0.09743308,0.6465798,0.27697003,0.7880249,0.06805787,0.43823996,0.21788311,0.05926513,0.039062835,0.09699376,0.15919216,0.13019887,0.094475046,0.10058819,0.048805542,0.06911833,0.31737703,0.09981436,0.10285667,0.49890983,0.21664383,0.058672197
PDCD1,0.0069478364,0.013898444,0.013513575,0.011885263,0.01820703,0.016300138,0.08154923,0.033224344,0.027155275,0.072745465,0.106481366,0.024867387,0.02961419,0.026050713,0.06897548,0.042879604,0.0052384334,0.009940737,0.086090125,0.017288461,0.007476894,0.011516224,0.004916385,0.008253008,0.026998743,0.010880174,0.01626343,0.013778944,0.055433013,0.0074479617
BHLHE40,0.08653528,0.0975578,0.09872862,0.096425235,0.26350573,0.13368475,0.21036516,0.22222397,0.049696755,0.23252988,0.27803302,0.19366004,0.11397261,0.17510554,0.2227208,0.045212757,0.04495584,0.2137865,0.2834833,0.26214138,0.08537321,0.3783507,0.03715515,0.061219513,0.1430648,0.08201457,0.18019873,0.10452313,0.17359565,0.08843892
OXTR,0.0034957037,0.010426455,0.01080045,0.008747791,0.020300355,0.010408769,0.011013608,0.01854904,0.008751251,0.015030984,0.013169812,0.017610218,0.0060064225,0.02480584,0.019700907,0.0039358027,0.003242614,0.006215035,0.011454307,0.014910927,0.004516885,0.009176882,0.0031043054,0.24952036,0.012220851,0.008059781,0.009816406,0.09112168,0.014710576,0.040476374
CAMK1,0.03745923,0.05729078,0.048924223,0.054867893,0.20178328,0.29276532,0.059134874,0.104368426,0.033924997,0.10258857,0.08764398,0.10677461,0.029481705,0.07748667,0.082121484,0.02743895,0.02457063,0.11593204,0.07640083,0.075135514,0.04207325,0.063102886,0.022436505,0.031013766,0.07336679,0.050417338,0.12033219,0.052830514,0.06215092,0.0324616
IRAK2,0.016005442,0.048629094,0.047629137,0.054910682,0.16733174,0.050097447,0.06095737,0.09388349,0.022821968,0.09444002,0.077170886,0.08939444,0.04708521,0.06236652,0.08189433,0.014659158,0.01893596,0.070969984,0.065273464,0.124057904,0.030611647,0.09188356,0.025180994,0.057324458,0.060549907,0.11224654,0.0467339,0.04783317,0.077973686,0.02346388
TMEM40,0.007648631,0.01658663,0.01707103,0.019464407,0.034854814,0.023998663,0.025647866,0.04537321,0.0097169345,0.035807054,0.03083492,0.034332663,0.013074778,0.027360523,0.031046027,0.008997161,0.008851121,0.012233807,0.025180627,0.028505497,0.010662677,0.022772558,0.0074483873,0.56073225,0.025026117,0.017833702,0.018194022,0.018218033,0.0268292,0.016833259
ANKRD28,0.035622727,0.08745294,0.07973194,0.07804459,0.16878705,0.07262071,0.15757164,0.17000185,0.03621224,0.17861198,0.16126049,0.16990682,0.14146173,0.17873566,0.1660618,0.044432644,0.24226178,0.11991847,0.13622224,0.13750337,0.068704866,0.10624141,0.057785034,0.13324182,0.10779641,0.052130725,0.08062611,0.12178674,0.12120231,0.058182392
SGO1,0.042268433,0.082505435,0.052166674,0.08722457,0.023054859,0.018511334,0.036602758,0.03516963,0.24852233,0.039781533,0.03154825,0.033116482,0.10262064,0.026976556,0.026156012,0.0061609317,0.018032169,0.009685907,0.02002414,0.026332479,0.23866826,0.018471472,0.018982295,0.008463318,0.02865854,0.03894584,0.02049012,0.016040877,0.022303239,0.0736256
ZNF385D,0.01530933,0.01823284,0.010121619,0.015673188,0.021481385,0.01617111,0.027542174,0.027447985,0.009799373,0.018569691,0.022320483,0.02511478,0.0050596152,0.017076654,0.018301016,0.018439392,0.35611194,0.005465005,0.024314871,0.016207,0.004180319,0.009106148,0.016955547,0.10695744,0.017549008,0.0063730115,0.008025102,0.05351309,0.013781128,0.009816267
CMC1,0.03910725,0.0937661,0.09616051,0.09863189,0.12794405,0.108234085,0.22351858,0.21065798,0.051699392,0.19913103,0.2152273,0.2017095,0.112030536,0.1737227,0.3315205,0.05006234,0.038125433,0.083601415,0.2607541,0.34839582,0.13735455,0.52255857,0.02973538,0.067806385,0.16533491,0.07214289,0.07865463,0.13627602,0.21336259,0.049008597
OSBPL10,0.016137237,0.31534013,0.30375582,0.19208008,0.048456572,0.035604708,0.05434932,0.10172567,0.021672558,0.10108722,0.08180285,0.08249921,0.018604709,0.08759489,0.055208303,0.016264703,0.014141835,0.036674008,0.058343526,0.04831706,0.018383345,0.058180723,0.06078217,0.020586798,0.05811455,0.032959837,0.0353201,0.040286206,0.06299359,0.02744002
CCR4,0.0064233984,0.018968869,0.016772527,0.019052736,0.029004818,0.020695472,0.023780022,0.04444881,0.03062665,0.20330578,0.062367596,0.037441146,0.029654054,0.12342586,0.041130416,0.0078297,0.00703024,0.019627795,0.023449121,0.023194192,0.010975255,0.01820575,0.007293771,0.031969193,0.09745883,0.014618675,0.0180478,0.0228579,0.032517366,0.013817976
CRTAP,0.07437743,0.17365375,0.17412801,0.17561857,0.5263025,0.17661086,0.2716423,0.37495157,0.04949006,0.3456318,0.34686676,0.31415907,0.09858719,0.25816134,0.2983418,0.07745709,0.065287165,0.18881677,0.2699609,0.22788836,0.10705616,0.20377898,0.0551879,0.09965475,0.28881505,0.12583704,0.23967622,0.18432724,0.24151602,0.11360098
ARPP21,0.0013078203,0.0027226408,0.0055734282,0.023528766,0.003491979,0.002570493,0.002596687,0.009238383,0.0013031497,0.0047937776,0.0036040843,0.0041243695,0.0018372089,0.0030708744,0.0033893886,0.0010583047,0.01453034,0.0014843569,0.0034232943,0.0025239873,0.0012064485,0.0021374393,0.00090574106,0.0012454613,0.002925663,0.001948223,0.0022835454,0.0026143885,0.0030336585,0.18504006
CTDSPL,0.010282735,0.030139105,0.03110716,0.027569616,0.11657019,0.03518297,0.03952313,0.071814954,0.013741824,0.06432076,0.05462926,0.057245947,0.017279444,0.04729992,0.049748868,0.021583922,0.087103486,0.022443572,0.04599613,0.03781254,0.022569342,0.029951913,0.0109191295,0.42528608,0.04184145,0.027785143,0.033847187,0.039554004,0.042144686,0.018966617
CX3CR1,0.04452585,0.07746316,0.07622965,0.07891188,0.15056907,0.24623942,0.19929896,0.16749643,0.040766597,0.1502863,0.14479621,0.15603417,0.098336905,0.13427736,0.24085723,0.043888196,0.040208604,0.05062635,0.115423195,0.29954988,0.13356298,0.088234685,0.036924858,0.055900812,0.11781514,0.057882596,0.07848914,0.0822747,0.18922876,0.049239047
MOBP,0.0002910187,0.00046670358,0.0004818673,0.00048701308,0.0007482172,0.0006139768,0.0006809495,0.034221344,0.00023675323,0.017493015,0.4494207,0.07406667,0.00028793022,0.00078636187,0.000780906,0.00027438937,0.00021364936,0.00035757374,0.0006728621,0.005681843,0.00025046305,0.00045731335,0.0002182694,0.00025088456,0.00071185036,0.00046660836,0.00046054603,0.00065136777,0.0005651287,0.00030007568
EIF1B,0.027288122,0.12025311,0.10942971,0.15394513,0.20828658,0.11748685,0.18416467,0.24536307,0.04220711,0.21358474,0.21386546,0.23722865,0.072130434,0.20687033,0.22063707,0.052274074,0.050982032,0.10899519,0.20316477,0.19341588,0.05274175,0.1424309,0.034062117,0.11663785,0.1978291,0.056566905,0.08072727,0.15609072,0.18682355,0.06298448
AC099329.1,0.0011869277,0.0018045506,0.001730239,0.0018261404,0.0032585561,0.0024108093,0.0024177695,0.0038886718,0.0009638225,0.0034499848,0.0031894343,0.0036803284,0.0010508534,0.002873872,0.0027448705,0.0010401993,0.0010093112,0.0013386923,0.0027252443,0.0026211615,0.0012428897,0.0018675042,0.0008526935,0.047731895,0.0025669462,0.0019177247,0.0018069071,0.0020346364,0.0022494837,0.0011277572
ABHD5,0.04245767,0.091442995,0.1281999,0.09855937,0.2850282,0.18428823,0.13514702,0.20554072,0.076653734,0.18082407,0.17187777,0.18349569,0.09817995,0.16919905,0.15541656,0.054011207,0.050729025,0.08956105,0.1477879,0.13964319,0.07583792,0.09146419,0.03847709,0.059090573,0.17363457,0.0753144,0.10737828,0.1217451,0.1264693,0.05445212
KIF15,0.00585346,0.019041458,0.01996769,0.014837511,0.020557724,0.020710515,0.010993118,0.017350836,0.51961803,0.018588196,0.019126164,0.021074042,0.20421469,0.012159371,0.020979421,0.004009608,0.014518455,0.006061864,0.016557304,0.0140080685,0.48323143,0.009135104,0.024708226,0.013441746,0.012396177,0.01898737,0.023203028,0.010918738,0.011160984,0.010497208
TMEM158,0.005443877,0.014052981,0.012718228,0.012705034,0.040890202,0.023968125,0.024126189,0.031431545,0.009271003,0.023104144,0.024138443,0.028118236,0.0076429453,0.025650196,0.02124705,0.007085764,0.0055673704,0.0105660055,0.019215267,0.017027684,0.007805588,0.01469196,0.0073319133,0.35505235,0.02450073,0.013232254,0.018287245,0.015732108,0.01597122,0.009499131
CCR9,0.0047664964,0.016547112,0.019332103,0.012153356,0.0120847775,0.011435332,0.010979924,0.030593444,0.0049312636,0.036298417,0.14407207,0.024210418,0.0050325715,0.11781376,0.013878629,0.0058866376,0.011458525,0.0062080612,0.011372014,0.012357578,0.0049997484,0.008819182,0.01822859,0.004286517,0.03549484,0.04591031,0.009715661,0.09262099,0.012843311,0.0044912766
XCR1,0.0015694909,0.0031859512,0.0034957274,0.0035690654,0.011671833,0.0040580174,0.0042535746,0.0070139393,0.0019703594,0.0065936944,0.0060556745,0.0064740595,0.002355316,0.005438741,0.004583678,0.0017997605,0.0014897962,0.0021854881,0.007942156,0.004231151,0.0018174008,0.0031038902,0.01277584,0.0018565698,0.008936576,1.926318,0.004747357,0.0039892304,0.0038842016,0.0019013094
CCR1,0.062872544,0.08621562,0.08622017,0.08670935,0.38737753,0.13681683,0.11756808,0.16535601,0.04149823,0.15909275,0.15156536,0.15413803,0.061963066,0.13942876,0.1338334,0.03616688,0.036061082,0.07132508,0.19069868,0.11301084,0.052508105,0.14444613,0.03775933,0.049341984,0.12629274,0.08213578,0.10558694,0.110036515,0.12565976,0.06495438
CCR2,0.06394985,0.084108286,0.07848633,0.07729695,0.36538395,0.08819166,0.13327676,0.17455591,0.03607735,0.17981885,0.20844166,0.1751108,0.0629883,0.14980325,0.13126914,0.03711875,0.0332083,0.05598894,0.19921601,0.098535895,0.042372152,0.12806235,0.043883935,0.042207748,0.13529165,0.060274884,0.18691516,0.10709871,0.111050166,0.15346588
CCR5,0.016178679,0.01735286,0.013977622,0.014951455,0.039388813,0.022943104,0.07650059,0.026496688,0.059736602,0.033771183,0.084440224,0.03723458,0.10043866,0.027266756,0.05841494,0.01476814,0.006590881,0.010740473,0.13186114,0.027565649,0.012051425,0.030640582,0.005135801,0.010439214,0.017951043,0.013378132,0.055686213,0.041312035,0.0493154,0.022208892
INKA1,0.005867681,0.034517933,0.063259564,0.026304552,0.024382515,0.0280431,0.020398222,0.0315815,0.0043436256,0.023606667,0.0203077,0.03366459,0.006885654,0.02450533,0.024414787,0.0072907293,0.08931992,0.007566416,0.017656902,0.01893247,0.00561607,0.012529934,0.0062654708,0.14163825,0.020064227,0.009070598,0.014016257,0.015000029,0.021537248,0.023613615
MANF,0.062949054,0.10031449,0.10151986,0.102709666,0.1426848,0.12278494,0.1891369,0.2342777,0.061389484,0.24204673,0.2173092,0.19665796,0.11614841,0.20821512,0.22218178,0.043139853,0.059730742,0.07204404,0.23375316,0.22627722,0.11633292,0.14341764,0.22967699,0.050747115,0.1792154,0.084082715,0.08633799,0.0985012,0.18075928,0.13006224
NT5DC2,0.14822224,0.025812298,0.032298777,0.035177086,0.12225455,0.033742968,0.047649384,0.057933304,0.10589999,0.060973052,0.088929355,0.071350135,0.15576237,0.056510553,0.0396342,0.013496537,0.052816518,0.12742367,0.09024292,0.046303548,0.18750635,0.041498728,0.45172668,0.021572344,0.038635008,0.07621375,0.1692725,0.02842234,0.0364046,0.03594987
TKT,0.0300168,0.11621752,0.105438344,0.12729429,0.33672088,0.22428596,0.17870545,0.26353663,0.03524993,0.24390759,0.20600162,0.2198901,0.060846757,0.18311843,0.23059691,0.0792076,0.049490955,0.09086595,0.19045854,0.17741357,0.055593543,0.14481415,0.03829252,0.10376987,0.1975735,0.053963237,0.109628044,0.14593093,0.19111654,0.051455434
IL17RB,0.00091453985,0.009013844,0.00437963,0.0016478068,0.0027050695,0.0019522879,0.0022472462,0.003642981,0.0008545155,0.020139745,0.014122618,0.0035684374,0.0013506406,0.0124454,0.0036727164,0.0007913168,0.0023515974,0.3166812,0.0024333,0.0020819101,0.0010547314,0.0017973571,0.00065629673,0.0019352994,0.0037938873,0.001883406,0.0037198737,0.002103067,0.004142375,0.0010753481
CACNA2D3,0.20940498,0.042036425,0.04054723,0.042119857,0.22959971,0.06066595,0.05535707,0.08986646,0.016672963,0.07645974,0.07758683,0.078117445,0.030142844,0.06734526,0.059945073,0.01609631,0.023010561,0.030678086,0.06362022,0.050406825,0.023035519,0.0396452,0.022655597,0.022396404,0.061997365,0.034611035,0.40686756,0.05865412,0.048701707,0.039419413
AC137936.1,0.00026074154,0.0004959073,0.0004697362,0.00051829405,0.006965893,0.0005416592,0.000717088,0.001077426,0.000268711,0.0009924144,0.0009503414,0.0009919092,0.00039147213,0.0008532644,0.0007710028,0.0002211155,0.0002469497,0.0003452153,0.00075837446,0.0006230939,0.00027338418,0.0005696973,0.00020839467,0.00022769537,0.0008125703,0.0004053574,0.00043814685,0.00060868735,0.00073497987,0.027798306
DNASE1L3,0.35031897,0.092841126,0.031528153,0.08236396,0.03388946,0.03166947,0.029162306,0.050652508,0.0113826115,0.046715345,0.04546558,0.04384156,0.0171134,0.03244803,0.03326612,0.0090326,0.009413163,0.012475809,0.029829899,0.03448227,0.01292715,0.024975978,0.00844285,0.015887171,0.04118197,1.8634096,0.17400318,0.02559056,0.035121307,0.91035897
FRMD4B,0.05977793,0.09572733,0.09308179,0.10052514,0.35667476,0.15475419,0.17892626,0.24279167,0.06487955,0.35307536,0.33035696,0.20104893,0.134136,0.17314312,0.2124678,0.06281031,0.12425071,0.10668297,0.22305755,0.16250734,0.061997857,0.15056592,0.041006967,0.21263537,0.16495916,0.10173368,0.25335455,0.11689136,0.15885969,0.13913514
PROK2,0.029321425,0.051440224,0.046910044,0.05323795,0.2606881,0.07073987,0.4422498,0.107657656,0.02269921,0.10300767,0.12887593,0.1027682,0.11698381,0.089261435,0.276399,0.02082787,0.06797041,0.04255023,0.069352366,0.07834015,0.031077828,0.054819085,0.019837555,0.041549582,0.07790186,0.04691363,0.05580043,0.063408256,0.10486691,0.03375913
PDZRN3,0.0010880112,0.0015551747,0.0016222871,0.0015857022,0.002280612,0.0018143596,0.0021855333,0.0035787388,0.0009871565,0.0031024078,0.002829037,0.0029256197,0.0011806838,0.0025430506,0.005504277,0.0009876179,0.0007268568,0.0012306693,0.0022863485,0.0019629456,0.0008837148,0.0017576868,0.0006816514,0.000864129,0.002585727,0.0014950368,0.0015961608,0.0018923045,0.0018412443,0.17897482
HTR1F,0.002291103,0.0033402655,0.0036723355,0.0077225785,0.00828348,0.0040452415,0.0050492724,0.00818506,0.0017451275,0.007523306,0.0062980177,0.0073868083,0.0029297087,0.0051956004,0.0072072763,0.002217351,0.43356988,0.006273765,0.0048775394,0.004405706,0.0017416084,0.0069982423,0.0015207536,0.0017796777,0.005112996,0.003312353,0.0034725629,0.0041245786,0.0048523857,0.0020103492
PROS1,0.0038529711,0.008226325,0.008113301,0.008499768,0.023241993,0.012806848,0.010625114,0.019209197,0.0042667924,0.01603844,0.014615246,0.016650021,0.006123035,0.013556114,0.012814915,0.0045146556,0.003660792,0.0068669016,0.012188853,0.012056303,0.004694818,0.009295835,0.0031506373,0.24951205,0.012185632,0.0068937456,0.009739377,0.009213607,0.011375862,0.005297776
MTRNR2L12,0.06587982,0.17138468,0.14165376,0.17005481,0.23980302,0.18091477,0.16733915,0.24924251,0.04197822,0.23985094,0.24795492,0.28507262,0.08413352,0.25421682,0.26909962,0.038285267,0.051892072,0.15442356,0.19758019,0.19878237,0.08431502,0.17566231,0.046134677,0.16934505,0.17061712,0.11658961,0.14962646,0.12786083,0.23535597,0.08806742
NFKBIZ,0.052645747,0.15031452,0.1634453,0.1729098,0.43297666,0.31464642,0.2357645,0.3064095,0.05464211,0.27197596,0.30219525,0.30649227,0.09159044,0.2901922,0.28838432,0.08093854,0.05922818,0.15008922,0.25922954,0.22569557,0.09606877,0.17905025,0.06447183,0.1268991,0.23648912,0.14449042,0.14267899,0.18101937,0.22154783,0.086600825
ALCAM,0.15502387,0.13306808,0.12180633,0.09848543,0.18154179,0.09824302,0.065818116,0.10709016,0.028483946,0.13239555,0.13456246,0.10794359,0.037162904,0.095640436,0.086556956,0.015411268,0.058706194,0.07748813,0.09459699,0.065586254,0.035164323,0.054196388,0.059815362,0.037364803,0.089404695,0.21244177,0.30353725,0.11416455,0.067639805,0.21894301
LINC00635,0.0005001906,0.0009405992,0.00095447,0.0009231649,0.0018131722,0.0010328747,0.0013475151,0.0019791555,0.00031898337,0.0016951478,0.0016182226,0.0019386052,0.0007352045,0.001533987,0.0014503939,0.00035471015,0.00043935585,0.0006810791,0.0013226337,0.001232879,0.00046330717,0.00096143817,0.00042176084,0.00046101768,0.001599101,0.0008162229,0.0008225985,0.0012093007,0.001160617,0.000571343
TRAT1,0.052874763,0.10297315,0.11092083,0.11921777,0.15496121,0.1317756,0.28003407,0.67366534,0.12277583,0.5868654,0.49742833,0.33823428,0.13024786,0.3869993,0.26920602,0.07222399,0.050652012,0.18450499,0.29336467,0.15601952,0.07093251,0.10852474,0.04689202,0.08973132,0.35422665,0.09759007,0.1080446,0.18770465,0.27260005,0.06883728
MORC1,0.0013668308,0.0022545282,0.002233117,0.0022409596,0.011200314,0.0031532245,0.0031704856,0.004580692,0.0015203976,0.004169937,0.004696511,0.004280389,0.0022221664,0.003606912,0.003683891,0.0009603819,0.0009267753,0.0019191147,0.0033756148,0.0030729293,0.0011488587,0.0024093448,0.001049737,0.03909237,0.0031478703,0.0022711526,0.0025269408,0.0026003902,0.0031523108,0.014653089
CD200,0.008016295,0.082030036,0.05300517,0.35002673,0.027337456,0.022732418,0.021590369,0.051550906,0.010042283,0.055859674,0.029981384,0.04440286,0.017460944,0.029548023,0.02786569,0.00991084,0.06404379,0.014914062,0.033096932,0.024310285,0.020489851,0.016759908,0.0093267,0.012722267,0.031919762,0.065851405,0.02136331,0.023871738,0.022581745,0.0156676
BTLA,0.05339499,0.1825328,0.13588499,0.31692705,0.05441088,0.045476492,0.08803007,0.15971617,0.018687451,0.13709122,0.115585685,0.121182956,0.024653142,0.10674634,0.08565303,0.0150034595,0.0170978,0.032823183,0.08056986,0.05117667,0.021965029,0.039298125,0.08298394,0.021643532,0.0893554,0.20484442,0.042049155,0.05746331,0.07167488,0.08927267
CCDC191,0.014941178,0.11257496,0.08608163,0.1292466,0.049575105,0.04351203,0.051678922,0.07866222,0.010466221,0.07939683,0.05788385,0.06683338,0.017947204,0.061183956,0.060015034,0.026556358,0.021949481,0.019361578,0.059470154,0.053460196,0.021334877,0.040040445,0.013501239,0.01645812,0.053893898,0.030408246,0.037819255,0.03699435,0.05080992,0.030016188
TIGIT,0.0403775,0.1478664,0.12759122,0.12591895,0.1737912,0.15262541,0.19665873,0.28710386,0.12000872,0.5512081,0.29908407,0.26539883,0.20770793,0.3897878,0.6513268,0.07358509,0.054849166,0.10181367,0.22403653,0.51644444,0.20223372,0.26692688,0.05299205,0.08117029,0.77610296,0.11770753,0.1283559,0.56048244,0.3588213,0.08541247
CD80,0.009059345,0.06728341,0.106379844,0.015223,0.06762093,0.04710044,0.019661648,0.035571914,0.008178753,0.029639635,0.028129762,0.029286325,0.011028669,0.028610533,0.02929458,0.009875265,0.0077294707,0.01131872,0.02158297,0.021803813,0.012871456,0.015915655,0.009388023,0.008624372,0.024925109,0.014177905,0.024917372,0.018836021,0.021122336,0.013523022
AC073352.2,0.02329509,0.035621718,0.032459866,0.031880256,0.18479896,0.07612948,0.045418765,0.06313423,0.015721487,0.05263864,0.059334125,0.065190054,0.025001457,0.046319056,0.05639488,0.015280442,0.0128098605,0.0450321,0.0416472,0.03968356,0.016621068,0.030691152,0.012892052,0.016731983,0.049480602,0.02456301,0.041117087,0.03445135,0.041567385,0.023226248
HGD,0.007135995,0.01582871,0.013049133,0.014655294,0.03870743,0.018762758,0.018477427,0.033430688,0.007041467,0.029679948,0.028610924,0.037131682,0.006716726,0.025750395,0.023907017,0.0065796287,0.005224378,0.010636518,0.020467928,0.019858187,0.0072107315,0.015037008,0.005798319,0.3595644,0.022056995,0.012516991,0.013442811,0.017650902,0.020004855,0.0082817525
POLQ,0.0032889016,0.012116651,0.027722849,0.019535322,0.013764824,0.024843367,0.008343336,0.014403716,0.23493207,0.018298505,0.013417877,0.016295671,0.24495277,0.011913083,0.018022891,0.004268342,0.0056497133,0.0049698167,0.009056235,0.014070601,0.3960919,0.006344656,0.036549024,0.006340849,0.012863879,0.0058622244,0.0073489416,0.0069648246,0.009324015,0.012243245
EAF2,0.11307098,0.20838067,0.19492017,0.31537348,0.18388017,0.21168822,0.10647572,0.16038433,0.040008105,0.13420053,0.13696565,0.15236293,0.05248192,0.13114986,0.1244381,0.045542117,0.06454004,0.05634697,0.11688656,0.09825727,0.052803762,0.08544007,0.20385897,0.048861563,0.11130242,0.08500415,0.13451794,0.10073057,0.0913137,0.096115895
CD86,0.104163505,0.12268101,0.16165772,0.10294555,0.30937034,0.32445964,0.1267863,0.17611341,0.04882381,0.14775264,0.1543192,0.17650473,0.055997442,0.13022773,0.14187123,0.0574662,0.04131033,0.074106514,0.12936033,0.112231076,0.05442116,0.08736483,0.039457664,0.047501124,0.1324946,0.13282825,0.27963164,0.108116284,0.108067155,0.05537628
CSTA,0.053085063,0.1207393,0.118058376,0.11609456,0.38070402,0.17567278,0.16219799,0.23845348,0.072997965,0.21278659,0.20415756,0.22628286,0.088926665,0.18779945,0.17949128,0.06736568,0.054718006,0.0758533,0.15534367,0.13779305,0.07250201,0.1259377,0.052331675,0.070405595,0.19130637,0.091243915,0.17978868,0.12119902,0.15290892,0.06888298
PARP14,0.021835314,0.12818299,0.10031763,0.15429409,0.17810306,0.11360646,0.13577567,0.2314613,0.04066163,0.19490546,0.18588103,0.1845016,0.066250145,0.15167947,0.17655216,0.046312362,0.038857713,0.0834349,0.14183354,0.1503857,0.05583585,0.109429225,0.03325087,0.0645331,0.17157762,0.08090554,0.0802602,0.12658975,0.13969235,0.05236176
ADCY5,0.00022268276,0.0005156357,0.000466087,0.08854006,0.0007013142,0.000518794,0.0006743905,0.17545086,0.00026661056,0.06438964,0.0008139143,0.047492493,0.00034635246,0.0009385208,0.0007943795,0.00027147064,0.00020557089,0.00031609653,0.0007401642,0.00058083754,0.0003162272,0.0005535866,0.0032172548,0.00025973277,0.0007839863,0.00036972354,0.00045074272,0.0005790664,0.0006012015,0.00027750237
MYLK,0.0240256,0.021494124,0.020828007,0.021789277,0.058362145,0.027862426,0.024335178,0.05023885,0.00967094,0.05176765,0.04313271,0.059547905,0.013441319,0.029105972,0.028700627,0.008755741,0.035544265,0.011911821,0.028957736,0.027654378,0.0174979,0.028217291,0.008340364,0.50449324,0.030669566,0.15353037,0.048826527,0.022680262,0.02874151,0.040049825
ITGB5,0.011857165,0.016683124,0.015773783,0.015386489,0.03307586,0.02235682,0.021355627,0.042924333,0.009126621,0.03364407,0.03191746,0.02857041,0.015342218,0.027363736,0.023745775,0.0074230414,0.0063074743,0.011782594,0.022319298,0.02178145,0.010025215,0.035961386,0.011037841,0.4488583,0.025710149,0.035863344,0.043711428,0.01948684,0.019871231,0.011271753
SLC12A8,0.06335436,0.052152146,0.008016673,0.0046367575,0.013492861,0.015440282,0.01806311,0.009070191,0.0019871541,0.010623353,0.008331534,0.009386758,0.0031444149,0.007156238,0.0086879935,0.023474872,0.001824092,0.0035356614,0.0059711984,0.008794743,0.0061197695,0.0037900754,0.009673726,0.005252358,0.01104977,0.0042459415,0.016249564,0.004934713,0.010592337,0.0025457197
MCM2,0.018077467,0.03698855,0.041733436,0.035897743,0.02966973,0.022976458,0.06957627,0.052435305,0.31212655,0.03930626,0.040857174,0.05062395,0.37786368,0.028296104,0.06077089,0.0068928218,0.03357678,0.018417206,0.02835764,0.052712236,0.25819844,0.038875002,0.028109146,0.02107007,0.038909804,0.056485347,0.03021846,0.01657188,0.04676615,0.015753549
MGLL,0.20465294,0.06258313,0.07598466,0.054508787,0.16334109,0.35093793,0.07748316,0.11229227,0.024295349,0.10831452,0.1215531,0.10854702,0.04110878,0.08291728,0.08705756,0.028858604,0.1359468,0.08464575,0.07893657,0.07084078,0.034056254,0.06800959,0.07636131,0.4666585,0.07805621,0.108650595,0.09841947,0.058271788,0.07822525,0.17394389
GATA2,0.0054858704,0.010311823,0.010663144,0.011488354,0.024901178,0.013446481,0.015872605,0.024629246,0.0075285537,0.0207488,0.025932293,0.02323275,0.007708599,0.018201927,0.022166036,0.0049575707,0.69242597,0.009839603,0.023188561,0.016853105,0.008434382,0.011249138,0.004568255,0.24005412,0.015785716,0.009429504,0.013659453,0.010968972,0.018494979,0.0065217083
GP9,0.015375535,0.028005032,0.025755886,0.024907054,0.05731468,0.032617703,0.03900175,0.05696204,0.011572549,0.053729225,0.0520485,0.05105848,0.017706474,0.037062548,0.03889449,0.011481814,0.012239466,0.019314077,0.03453862,0.0314306,0.014447755,0.027167823,0.011558463,0.80601996,0.04983999,0.019937195,0.025144955,0.028224649,0.03314779,0.018123103
H1FX,0.06275272,0.15868476,0.14639167,0.14959902,0.21465251,0.13183473,0.16172671,0.25057957,0.06536838,0.2232334,0.19291796,0.21989077,0.08089684,0.18240155,0.19698402,0.08491502,0.06481724,0.13821311,0.224548,0.19671708,0.07806052,0.13130924,0.0499303,0.10479971,0.19847417,0.079625934,0.10206671,0.17956789,0.1786598,0.09290813
TRH,0.00038822743,0.0009532117,0.000929739,0.00092832244,0.0048479876,0.007163129,0.0012596908,0.001981815,0.00039599757,0.0016887324,0.0017277915,0.0019400017,0.00055786956,0.0015321113,0.0037567115,0.0005472225,0.061413933,0.0007775815,0.0013180408,0.0011932822,0.00048100742,0.0010804294,0.00046651493,0.00049821293,0.0015507549,0.0009046164,0.0045874408,0.0012235629,0.0012216187,0.00057757756
COL6A5,0.0002582474,0.00037150254,0.00038169045,0.00038134327,0.0005703818,0.00046099018,0.0004984776,0.0007935866,0.0002123601,0.00070126774,0.00069230393,0.00078523933,0.00030539682,0.00058260787,0.00058789656,0.0001925006,0.08214038,0.00031855798,0.0004944673,0.00048535626,0.00022050728,0.00040347755,0.0001625346,0.00021209777,0.000571967,0.00035743747,0.00043400069,0.00045927695,0.00048593257,0.00025788235
EPHB1,0.39738455,0.020968195,0.021086207,0.012326213,0.017602611,0.017986884,0.013379211,0.021598643,0.009381293,0.018853767,0.017237747,0.019741066,0.007921565,0.01989042,0.015621824,0.005161051,0.00455247,0.0068350337,0.013133766,0.013877891,0.004909513,0.009698676,0.0050051636,0.008566283,0.013936034,0.026771365,0.024447493,0.013152366,0.012811758,0.71880865
CHST2,0.060372148,0.12132164,0.092348844,0.10495214,0.18917193,0.30095398,0.102477044,0.17657813,0.05807357,0.13911588,0.13179572,0.17125948,0.05214816,0.111178316,0.15680118,0.043737702,0.031657163,0.06427162,0.112582624,0.47224343,0.18575998,0.2284136,0.06557521,0.055032358,0.12471521,0.115008,0.09489924,0.13247804,0.13608772,0.05069538
PLOD2,0.0011097799,0.0024343198,0.0023434127,0.0022478115,0.0046860743,0.003148371,0.003209501,0.0050282725,0.0011081856,0.0046555963,0.004031575,0.004625349,0.0019768998,0.003536583,0.003876539,0.0012424142,0.053353675,0.0017802431,0.0036944773,0.0035826894,0.0014407733,0.0026056217,0.001164663,0.09557995,0.009265517,0.00246823,0.0024327063,0.0030262398,0.003285507,0.0015198413
PLSCR1,0.0874158,0.14348873,0.1491161,0.1567207,0.4234054,0.24510068,0.19186795,0.324858,0.08776105,0.26595733,0.28512743,0.29254803,0.11293206,0.2587674,0.24524437,0.078541346,0.0729777,0.13478254,0.23774162,0.21378663,0.093223885,0.18848462,0.05207435,0.098207444,0.19547403,0.13134286,0.26880577,0.16032887,0.17580612,0.09728274
CPA3,0.0014195846,0.0033149754,0.0031823015,0.003291368,0.005544555,0.0047745057,0.0045200395,0.008542649,0.0017334543,0.0067574587,0.0056980653,0.0067747855,0.0027825849,0.005457132,0.004759268,0.0018402355,0.719845,0.0026436846,0.004669508,0.005000243,0.0019760553,0.003292436,0.001552026,0.0017799218,0.0043492005,0.0030314045,0.0032293398,0.003131096,0.0042167087,0.0020569835
LINC01214,0.00049612776,0.0006979726,0.00069192104,0.0007135707,0.0019883716,0.029198902,0.0008926453,0.0014553261,0.00036628274,0.0012527349,0.001234312,0.0013806178,0.00050047843,0.0009839053,0.0010668962,0.00032836306,0.00033500278,0.00048069222,0.00095278496,0.0008984411,0.00038397935,0.0006967904,0.00037632315,0.000405387,0.0010473301,0.00052663666,0.00072886806,0.00083254115,0.00086155545,0.00046288836
MINDY4B,0.25658992,0.00054909027,0.0005260464,0.0005203156,0.00080919964,0.0006508768,0.0007082737,0.0012114249,0.00024929168,0.0010300982,0.0009529309,0.0010325505,0.0003760514,0.0009368179,0.0007749182,0.0002953967,0.00022795452,0.00039286935,0.0007824107,0.0007118176,0.0002961394,0.0005900137,0.00021170227,0.00030596642,0.0008580396,0.0004971883,0.004686539,0.000574897,0.000668448,0.036853176
P2RY14,0.14687248,0.035509083,0.061497852,0.21298768,0.037252374,0.030936658,0.029364213,0.056439802,0.014226857,0.0563601,0.06101974,0.046604365,0.015362513,0.041387446,0.036608856,0.015177001,0.012097785,0.043118052,0.20118423,0.033797584,0.013173505,0.074715726,0.009917442,0.015611604,0.044029843,0.56174076,0.2198017,0.031561583,0.036288016,0.559437
P2RY13,0.038393054,0.07155562,0.08176459,0.076531135,0.29873082,0.2817295,0.104538426,0.14805807,0.035725277,0.14548898,0.14367102,0.15018596,0.057079896,0.13076803,0.119885825,0.04387289,0.04144062,0.063566014,0.11785503,0.111880966,0.039157208,0.08863366,0.03405898,0.043065563,0.11610016,0.078897074,0.16340704,0.08691866,0.10598175,0.04617284
SUCNR1,0.03610213,0.0070479107,0.00645712,0.008651429,0.02794897,0.07557876,0.010622651,0.014586246,0.0032296136,0.0148494635,0.012646909,0.014880378,0.0057798126,0.011410496,0.01162585,0.0037165731,0.0073636915,0.0044254693,0.0101024,0.0105210515,0.003740999,0.006855631,0.0029001038,0.17332916,0.012453781,0.005895339,0.014311574,0.008052136,0.008696389,0.10264277
MME,0.002739088,0.010506909,0.02370445,0.040597036,0.022059616,0.007808217,0.008939422,0.013465417,0.0032188566,0.016342714,0.014059865,0.022553436,0.039817337,0.010591261,0.012454471,0.0032187426,0.078656524,0.050541986,0.009237555,0.009155665,0.003011894,0.006961402,0.0028145022,0.0036539894,0.010100907,0.0063042464,0.0065708174,0.008815922,0.032887626,0.04617983
PLCH1,0.001145643,0.0019542058,0.003319485,0.001975149,0.0032746422,0.0026801892,0.0027556436,0.006358604,0.0013158038,0.006781621,0.0036839251,0.005193511,0.0019944871,0.0034243993,0.0036078522,0.0011792332,0.016756665,0.001313061,0.002937801,0.002685185,0.0011826487,0.0021872101,0.0008861549,0.06462215,0.0030492072,0.0018791545,0.002165201,0.0020980437,0.002400518,0.0012464126
SSR3,0.057908926,0.13994995,0.13630745,0.14287601,0.2334902,0.19437662,0.22189121,0.30936563,0.064364426,0.27118206,0.28650925,0.28313476,0.07899868,0.23328754,0.27490312,0.07053153,0.047288895,0.12738968,0.25623134,0.21432933,0.072997935,0.15820959,0.19720331,0.082174264,0.22414981,0.10088361,0.14242348,0.20882975,0.21813785,0.14129183
TIPARP,0.04373519,0.055344325,0.05394856,0.059585758,0.12032714,0.07746694,0.10283939,0.12688725,0.061288167,0.1532355,0.18056045,0.11421599,0.059276827,0.14288701,0.13733256,0.03594643,0.024530524,0.053333014,0.14158638,0.12503485,0.04568901,0.115410246,0.022639768,0.03216252,0.083838105,0.04780322,0.09012421,0.07886105,0.10836925,0.038100176
PTX3,0.023427691,0.04599536,0.04820034,0.046790265,0.2814233,0.101419955,0.056334298,0.09472143,0.022483822,0.08449152,0.09635867,0.09524587,0.04581696,0.083787665,0.07128069,0.026552346,0.024031566,0.029688943,0.06268567,0.055789605,0.02757222,0.046726793,0.020642998,0.028723449,0.0643991,0.040052976,0.05496987,0.056954622,0.06640155,0.028015517
C3orf80,0.00125446,0.0025993085,0.0024609063,0.003467614,0.0043385867,0.0027719222,0.00289466,0.005144959,0.0012108258,0.0040292116,0.003948645,0.00922828,0.0013875948,0.0037004715,0.00386385,0.0015535451,0.6020766,0.0018638566,0.003552777,0.0041783946,0.0012938863,0.0022969884,0.0011257763,0.0061900034,0.0036172087,0.0019199002,0.0024872175,0.0030204344,0.0029560574,0.0015286638
SMC4,0.06023645,0.13770123,0.13742785,0.14129779,0.17866898,0.16340998,0.23078291,0.2489849,0.336596,0.24861652,0.20859547,0.23218752,0.2752146,0.24785967,0.23821539,0.03978772,0.12080867,0.09410255,0.18162154,0.20789035,0.4238423,0.14479652,0.10327046,0.05662159,0.19601212,0.08800526,0.12789574,0.21522652,0.21699375,0.0983208
SPTSSB,0.005577053,0.011905572,0.009576349,0.008705321,0.0141827855,0.01702167,0.014931715,0.01890522,0.0050905454,0.018919025,0.028072484,0.016063185,0.0062158606,0.01393318,0.019913178,0.0048650242,0.0035890213,0.0063469866,0.12030861,0.06163544,0.012908222,0.8128729,0.0039420584,0.008576657,0.011796652,0.007963302,0.009710607,0.009283089,0.034090616,0.005242613
MECOM,0.00086556433,0.0018055042,0.0018053579,0.0018379119,0.003697069,0.020292087,0.0025960852,0.0041119372,0.0010055738,0.005448486,0.0033378967,0.0037531871,0.0017149,0.0027186114,0.0029738976,0.0011797202,0.14937113,0.0016494603,0.0065035704,0.0023904503,0.0010189287,0.001989467,0.0007669076,0.004195022,0.0026847282,0.0017985846,0.0018422713,0.002363543,0.002517826,0.0044260956
SKIL,0.063940346,0.15695822,0.1122291,0.15723334,0.24960896,0.21881123,0.13574414,0.21614833,0.038682155,0.17794695,0.18425684,0.20061179,0.09316512,0.18523622,0.16073987,0.061117206,0.047035303,0.078877494,0.16387087,0.16490515,0.069055155,0.15494226,0.035474043,0.061011646,0.13342988,0.09590457,0.14600092,0.12277662,0.13229492,0.06800323
TNFSF10,0.060675796,0.14415924,0.14394748,0.15092483,0.34129968,0.42338324,0.25010163,0.33150753,0.06642501,0.3671512,0.3152226,0.30328143,0.08850389,0.26196533,0.2821751,0.08084257,0.066829324,0.19949026,0.24767087,0.23239633,0.081831895,0.19227241,0.055344116,0.11219948,0.2541131,0.13711639,0.12882581,0.21642773,0.26397339,0.08605722
NLGN1,0.0004883971,0.0006471657,0.0006481414,0.00068405,0.008768875,0.00083131687,0.00092196424,0.065517105,0.00045309775,0.0012250437,0.0012005898,0.0012608173,0.00047469055,0.0009767589,0.0009598933,0.00044225785,0.021701904,0.0005722672,0.0009150533,0.00082267047,0.00035077604,0.00063563447,0.00029968342,0.010649835,0.0009966826,0.0007169645,0.0006814452,0.00074451877,0.0007904062,0.00044438633
AC109779.1,0.00023105316,0.0049055163,0.00041559688,0.0004891459,0.0008165715,0.0005655979,0.00060555467,0.0009663483,0.00018236443,0.00091364654,0.00088114175,0.0008904969,0.00037157847,0.0006957391,0.0006956371,0.0002300711,0.00022318655,0.00035404475,0.0006226429,0.002275515,0.00027589645,0.00050403486,0.00022288767,0.00025938463,0.000683743,0.00042824974,0.00046652314,0.00054249336,0.0005572798,0.0002636017
LAMP3,0.0018518487,0.0029686196,0.00443386,0.0044307504,0.0054208646,0.004600574,0.0037703284,0.018791053,0.021782374,0.039063424,0.0187629,0.018594079,0.0021226143,0.014083662,0.011266573,0.0017058557,0.0016243983,0.002566214,0.006740887,0.0059852605,0.012943617,0.0032260516,0.0029432934,0.0021916782,0.028028052,0.012340524,0.006275989,0.01688073,0.008528849,0.0017901014
B3GNT5,0.023533918,0.04176946,0.0409936,0.040125728,0.21153985,0.072301954,0.052671824,0.083362676,0.015103505,0.07283253,0.07235856,0.07914631,0.032722775,0.05928397,0.06755871,0.019404456,0.04055312,0.02782764,0.053320393,0.052043483,0.019438503,0.0386398,0.015602654,0.021332853,0.06416367,0.033393238,0.07545095,0.0485451,0.054601472,0.030869054
AHSG,0.00018373081,0.00034387142,0.00033859638,0.0003355451,0.0005054991,0.000404621,0.0004335956,0.00078148965,0.00013303809,0.00058597827,0.0005208474,0.0007278411,0.00020845115,0.0005567965,0.00051891454,0.00018733545,0.00016324004,0.00029896648,0.0004593483,0.00041901684,0.00018444355,0.00035234634,0.00015498529,0.00019509363,0.00052170025,0.00033732166,0.00039067146,0.0003769644,0.00041140328,0.00022926182
BCL6,0.048309367,0.077522084,0.07046082,0.08456553,0.2519569,0.13234018,0.09406493,0.14686419,0.029954365,0.13455848,0.14047498,0.12856585,0.048872378,0.10792965,0.11148014,0.0318532,0.029204624,0.06257508,0.11095922,0.08770692,0.033683192,0.06956123,0.029035488,0.040458918,0.1049451,0.15742585,0.09661003,0.06885675,0.0967568,0.039903156
TP63,0.005087848,0.015044727,0.04131128,0.002560781,0.0050562816,0.0052634035,0.009734019,0.0053596045,0.07839448,0.013702358,0.007650878,0.010538489,0.0016648434,0.0041286545,0.003681575,0.0013956936,0.0016555656,0.0019098698,0.040190864,0.0028573973,0.0011539875,0.0025150834,0.06899381,0.0020909004,0.0032390016,0.0019685263,0.003508536,0.002547555,0.0027963982,0.0015521795
CCDC50,0.34673694,0.5052008,0.3472534,0.22897026,0.23756671,0.1504587,0.17810169,0.24267839,0.07287319,0.22989695,0.20289297,0.17985408,0.086706124,0.17073092,0.18608673,0.055379998,0.050654255,0.122493446,0.16836566,0.16168766,0.09611304,0.16798359,0.08756412,0.06570285,0.18867846,0.12083863,0.2465749,0.10914714,0.17075455,0.82372934
HES1,0.0061023543,0.065775014,0.020402733,0.030255329,0.037044577,0.13670217,0.014697041,0.028927509,0.014782606,0.024051564,0.02314204,0.024286892,0.010679905,0.0209926,0.020195879,0.0057281777,0.008390578,0.008809526,0.020584978,0.018356696,0.009034045,0.012521395,0.0062197237,0.007774252,0.024307342,0.011673651,0.019790977,0.014959858,0.013966544,0.0074041253
APOD,0.0003483938,0.0602371,0.00065569504,0.0006561551,0.0009873214,0.0008049219,0.00089147995,0.0014734833,0.00033495488,0.0013361204,0.0011762764,0.0011919977,0.0003693189,0.0010849447,0.00095011457,0.00036073796,0.00028305268,0.000630214,0.0010040555,0.00081060815,0.00038930398,0.0007268421,0.00027365034,0.00038364079,0.0008942616,0.0007423452,0.00072403,0.0008241287,0.0008647907,0.00044817323
TFRC,0.05284084,0.104311414,0.1189394,0.093804516,0.16478366,0.16392471,0.10413513,0.13639462,0.04521545,0.15504752,0.1850644,0.13759468,0.06834578,0.13533893,0.14542006,0.042141385,0.09995231,0.07866313,0.10520382,0.09378774,0.05320425,0.07871011,0.06887309,0.036285456,0.11075893,0.094984025,0.08513438,0.0940039,0.10811258,0.120929554
SPON2,0.0415879,0.1146849,0.09653198,0.08892371,0.13506685,0.11572509,0.26881713,0.21078677,0.092470944,0.1817546,0.1804692,0.20343181,0.15490703,0.16201295,0.37774476,0.047802158,0.04630394,0.08689098,0.18018357,0.81522286,0.25515923,0.15418993,0.044080585,0.0954883,0.14632167,0.07516926,0.08701422,0.11134553,0.3528451,0.06301862
CYTL1,0.024982547,0.009175926,0.007453876,0.0076898835,0.021939773,0.011419617,0.016786011,0.01846244,0.003982773,0.014248873,0.013562878,0.015507818,0.0049434276,0.014116789,0.017937766,0.0053608287,0.54119045,0.006386538,0.0115423035,0.04790369,0.016158218,0.10164112,0.003850538,0.007061274,0.012675489,0.006774375,0.0076523437,0.010515008,0.012953569,0.0049316413
S100P,0.015673498,0.02750877,0.026056206,0.027843114,0.14822824,0.06828192,0.040443853,0.06128108,0.17410631,0.07055114,0.07573696,0.05832401,0.15069374,0.04686695,0.044396643,0.025801906,0.012105417,0.019940197,0.044307772,0.03778058,0.027788647,0.0281101,0.012663279,0.01766913,0.04796899,0.023761103,0.027667383,0.031012654,0.042040147,0.017204067
CLNK,0.0111345425,0.036808483,0.07624651,0.043828152,0.016634047,0.019021638,0.0136603555,0.024301482,0.004598872,0.025709651,0.017814275,0.023662467,0.007662192,0.015382024,0.01670577,0.0049686753,0.03987816,0.069074415,0.016772917,0.023459405,0.014064825,0.09382401,0.024789859,0.008459925,0.12644565,1.5626153,0.05295856,0.0125372335,0.01284447,0.03190353
BST1,0.040484764,0.06084654,0.06120796,0.06130754,0.25702283,0.10974817,0.076846235,0.1268254,0.0292938,0.121414416,0.11377611,0.12164324,0.043694057,0.08950349,0.09369884,0.03266589,0.034080647,0.045927968,0.091436654,0.08119565,0.03192546,0.057556275,0.026477441,0.034009054,0.09577259,0.052298702,0.06651501,0.07817678,0.07676978,0.037723284
CD38,0.05177377,0.090741165,0.10238147,0.15256321,0.13544938,0.092625014,0.12701099,0.21001787,0.20286217,0.17668335,0.13309796,0.16858087,0.089793734,0.1263833,0.17048763,0.043163814,0.07720646,0.056032028,0.10459186,0.44198337,0.2502713,0.25157434,0.3120159,0.053488743,0.09979551,0.17100751,0.13341239,0.23008351,0.12987834,0.084376104
FGFBP2,0.063754156,0.16728501,0.15672877,0.15525147,0.22269115,0.20633997,0.73184174,0.3375258,0.102300495,0.31954056,0.3518182,0.31753471,0.22206962,0.27546057,0.69336253,0.07300507,0.06140867,0.13578287,0.23191325,0.83096683,0.27780402,0.17618695,0.06135722,0.11836107,0.2209834,0.14701068,0.16993558,0.20798667,0.42568618,0.08735004
PROM1,0.0010786098,0.0018352626,0.0016686142,0.0018181286,0.0029408252,0.002284079,0.0022456965,0.0040105646,0.0011182696,0.0036602637,0.002890628,0.0037407663,0.0011985239,0.0043381504,0.003854952,0.0011068081,0.47000664,0.0013428555,0.0025771295,0.003125778,0.0009787838,0.0019541457,0.0007810087,0.0010016834,0.0024686216,0.0016290356,0.0019927793,0.001984211,0.0021209645,0.0010923421
LAP3,0.11758774,0.14157039,0.14765167,0.15184651,0.33962145,0.24322617,0.23468372,0.34890482,0.08984148,0.29082257,0.25903076,0.31472668,0.09296599,0.25076792,0.2684326,0.07839383,0.056533087,0.15200561,0.23403713,0.21220006,0.093833044,0.17872348,0.06972998,0.087370604,0.2478405,0.16940662,0.24143259,0.19474596,0.21062739,0.14215298
NCAPG,0.0057667415,0.014985897,0.021684494,0.020792393,0.020894604,0.013134782,0.010941695,0.02148428,0.5291074,0.024232032,0.019100713,0.022704609,0.15078695,0.016221417,0.021378929,0.0055143363,0.01979114,0.0061957375,0.014048752,0.015648521,0.50677025,0.017674657,0.08343911,0.008395392,0.015845168,0.007409364,0.015973385,0.015734686,0.015524124,0.009250961
SEL1L3,0.12201237,0.23290573,0.3401738,0.27792695,0.09898259,0.072055064,0.12714964,0.15986094,0.041965194,0.16629884,0.19552611,0.16923207,0.05845235,0.16475937,0.15523137,0.037794646,0.027347175,0.06728713,0.1361051,0.117494114,0.05543159,0.09778622,0.16255397,0.042328954,0.14030819,0.10857979,0.080281466,0.102817245,0.11632607,0.21139157
DTHD1,0.011185192,0.03273175,0.027489647,0.031060949,0.046248656,0.043491546,0.062418863,0.06484509,0.025505498,0.051926747,0.08453878,0.06147632,0.017841402,0.04983803,0.15968584,0.018090397,0.012449102,0.021680893,0.061682735,0.2679952,0.07093988,0.063125595,0.014884384,0.020482004,0.0441973,0.028173579,0.030593151,0.18290482,0.14000751,0.018947104
TLR10,0.047527023,0.5062287,0.5372026,0.30540338,0.07685729,0.06919391,0.04722839,0.07796781,0.016253866,0.070385695,0.073232844,0.07847233,0.026038395,0.06493163,0.062557325,0.011850727,0.017855529,0.031472612,0.056416105,0.05216296,0.019988462,0.03941662,0.024032248,0.02025519,0.059321683,0.49681753,0.108352296,0.054833736,0.051262863,0.0919904
TMEM156,0.0631654,0.25512135,0.33060873,0.27376196,0.091998376,0.07096748,0.15374173,0.20105566,0.051104322,0.2511098,0.17976387,0.16659008,0.055632778,0.15076783,0.13885151,0.031441137,0.030981721,0.05369429,0.14645892,0.14512622,0.052653905,0.10660974,0.1427708,0.040673736,0.15652412,0.08579967,0.09367258,0.14833345,0.121496774,0.079235956
RBM47,0.12487961,0.10097576,0.0979133,0.08111693,0.34373513,0.14680478,0.11240622,0.17209707,0.041119535,0.14509472,0.13567881,0.15710732,0.04154841,0.11425926,0.12785946,0.04197575,0.031126706,0.07101302,0.11067392,0.100725114,0.047322623,0.08181205,0.06000108,0.04505944,0.11412246,0.10559027,0.1418421,0.09809023,0.10931854,0.08898953
UCHL1,0.0007449518,0.0018168504,0.020168616,0.0019754816,0.0024697848,0.0019652627,0.002331411,0.0035987825,0.0006400555,0.0066516604,0.007501657,0.0034390797,0.0013729793,0.0023837092,0.027323686,0.0011052785,0.10475594,0.0011109516,0.0022992508,0.004440845,0.00092239666,0.0018083656,0.12750638,0.0032222099,0.18174687,0.0012513067,0.0039405893,0.0019091484,0.0018800294,0.0010065897
GSX2,0.00027986683,0.00055872777,0.24374552,0.031150233,0.000796562,0.0006433693,0.0006852554,0.0011081382,0.00024451726,0.0010209929,0.00093666674,0.00094254385,0.00035888923,0.00077526853,0.00080920587,0.00029085623,0.00023709497,0.00043359827,0.0007477871,0.00066136336,0.00031942275,0.0005373821,0.00024071663,0.00031397014,0.0007574928,0.00053767575,0.00051873166,0.000643756,0.00064868346,0.00036530464
KIT,0.004103526,0.010059162,0.0075150225,0.008435936,0.011668342,0.009151333,0.009691281,0.016460773,0.0032261666,0.026893817,0.035496883,0.015427052,0.0059812763,0.015533102,0.012587668,0.0040776394,0.26237136,0.65501827,0.061704013,0.012530791,0.008424993,0.22194853,0.0031891738,0.010595421,0.011864737,0.10349772,0.038006246,0.009673035,0.012307367,0.004622303
KDR,0.26783332,0.00088345935,0.0008128509,0.00081377814,0.0012834268,0.0010034872,0.0013500747,0.0017306902,0.0005034347,0.0016602591,0.0014974484,0.0016434751,0.0005570525,0.0013980303,0.001457363,0.0005815326,0.0003802385,0.00074743154,0.001335028,0.0133051425,0.00048820372,0.0008779392,0.00037905108,0.0005237276,0.0012495653,0.0008226869,0.001007745,0.0010157117,0.0011512147,0.00051242823
PDCL2,0.0001772493,0.00034153738,0.00035560055,0.00034083475,0.0004996591,0.008086836,0.00043110753,0.0006527183,0.00017672479,0.0005877803,0.00057333574,0.00059765874,0.00028510412,0.00047923002,0.00051779544,0.00022614207,0.00014983388,0.00023750246,0.0004581929,0.00041365088,0.00019851749,0.0003188653,0.00014179472,0.00019939702,0.00045538758,0.00030817045,0.00034303783,0.00038446087,0.0004451386,0.00020084383
HOPX,0.038949598,0.108919844,0.1098741,0.09963793,0.14727725,0.11864135,0.33564296,0.21941885,0.04969272,0.25115463,0.2938879,0.20368063,0.13831675,0.24543078,0.37317395,0.043361668,0.08338501,0.17216475,0.33541882,0.4868332,0.16048755,0.36890873,0.03733699,0.07675537,0.14570166,0.11672193,0.105889216,0.117461696,0.37426382,0.057243284
SPINK2,0.01278151,0.035882782,0.045502752,0.05266887,0.037779804,0.036982153,0.066835165,0.13479307,0.017347515,0.11267063,0.07776903,0.29956618,0.01644042,0.1468463,0.06909418,0.014818791,0.5510457,0.41195843,0.058265466,0.039864723,0.019499993,0.2886413,0.023120675,0.022930216,0.10048241,0.06673806,0.030303534,0.066169895,0.0536652,0.018662635
IGFBP7,0.076141976,0.08027203,0.07543599,0.08269578,0.22223547,0.15702964,0.12422912,0.16579731,0.05130495,0.1434166,0.14606369,0.16862154,0.06280085,0.13709275,0.17674668,0.04734192,0.1525175,0.09654835,0.10797177,0.4706025,0.24985327,0.31774285,0.04032629,0.051556002,0.12796366,0.22599667,0.21456553,0.08673487,0.16833895,0.049701005
TMPRSS11E,0.001331309,0.0023671347,0.009574935,0.006637585,0.003910638,0.0033228653,0.0034547898,0.0067103,0.001275384,0.0098182885,0.004642795,0.023442898,0.0020848429,0.24483398,0.0052456893,0.0012819099,0.0011485902,0.14625973,0.0034707116,0.0035103648,0.0012992682,0.005889821,0.016282283,0.00144533,0.0038862599,0.0021736838,0.0025589215,0.0033230584,0.0033928866,0.0015457147
ENAM,0.001071944,0.008220689,0.003295743,0.0029650233,0.0035114652,0.0030928107,0.003368199,0.0065704403,0.0016875869,0.0068520675,0.0047148694,0.0053702877,0.0018151887,0.004345283,0.0058498895,0.0014051258,0.0014608629,0.0019644853,0.0034832912,0.003660345,0.001373846,0.0025989872,0.09158716,0.0013789185,0.0040000044,0.0019529134,0.0021858881,0.0027512372,0.0032878644,0.15132254
JCHAIN,0.08556829,0.3501747,0.4195231,0.21670884,0.0860094,0.063920215,0.0917908,0.13318717,0.02405535,0.11214002,0.18146695,0.13269979,0.032481663,0.103515305,0.11382311,0.05035542,0.032502398,0.04326565,0.09165632,0.09812693,0.03572096,0.06499472,0.71238005,0.056378875,0.09932421,0.053538866,0.05521392,0.0784312,0.09450948,0.637437
RASSF6,0.004707009,0.03959533,0.27105123,0.020540718,0.015450256,0.013259654,0.012958632,0.034166936,0.004491978,0.08673525,0.03317988,0.020614447,0.0076204105,0.016206624,0.0216719,0.006566738,0.026666457,0.008029777,0.013886478,0.013828199,0.0060259122,0.010144957,0.01930189,0.0113352025,0.0454281,0.007878534,0.009166866,0.011292557,0.018785594,0.0066098315
CXCL8,0.019459767,0.053610396,0.04523838,0.052869786,0.23870443,0.06473806,0.06722587,0.113697864,0.023084972,0.0966821,0.083500266,0.09599887,0.024337638,0.07212898,0.083159395,0.03039421,0.026895562,0.04062358,0.07518446,0.06480119,0.025747154,0.058527432,0.0203477,0.037887402,0.0807301,0.036221124,0.06923667,0.058540992,0.064567566,0.028445825
PF4V1,0.00318416,0.005726207,0.0064536827,0.0063650887,0.014621725,0.007877596,0.009773318,0.0135094905,0.0029734082,0.01018146,0.010964857,0.010765968,0.004366769,0.010587134,0.012637638,0.0038959945,0.0030752842,0.004586751,0.0078010405,0.007320415,0.0031479998,0.005728733,0.0022548365,0.16846734,0.008716229,0.0039020965,0.005240913,0.006080159,0.0069598616,0.011863949
CXCL1,0.005257702,0.012435923,0.011345696,0.013424994,0.07471177,0.015326815,0.016503332,0.025140248,0.00688365,0.027333895,0.025486339,0.024669848,0.008984559,0.025552388,0.020727998,0.0056094443,0.0051399246,0.0110009685,0.017024944,0.017062783,0.0064958404,0.012847269,0.005273,0.008571593,0.018904954,0.011512239,0.012072441,0.014672032,0.019072298,0.007900601
PF4,0.01668417,0.061302632,0.053364124,0.05616427,0.15596204,0.08881943,0.100008234,0.12965903,0.023724565,0.10801048,0.096335374,0.11548708,0.03440597,0.08740457,0.11354261,0.016949715,0.021185623,0.038658105,0.078727946,0.08649417,0.024026774,0.06885551,0.02190675,1.051605,0.09940375,0.04341486,0.054351114,0.060533762,0.092452265,0.068581864
PPBP,0.014420454,0.051483177,0.049296435,0.051439844,0.11449548,0.08636727,0.08566451,0.10408108,0.019164698,0.10083655,0.08789127,0.09778861,0.045541804,0.08600536,0.097259715,0.033300698,0.017992977,0.03293155,0.07491678,0.07827307,0.029243393,0.061179537,0.019367168,0.8203496,0.093504295,0.039190013,0.048043247,0.0703099,0.08197065,0.06453292
CXCL5,0.005697555,0.01213561,0.011938115,0.011773536,0.023090068,0.01564825,0.01531789,0.024695206,0.0057222405,0.02453972,0.021048639,0.022480948,0.0074724546,0.018686876,0.022053003,0.005803199,0.0050782184,0.010129332,0.017234473,0.015872285,0.0062190276,0.015276932,0.004962669,0.38840568,0.01581607,0.010521291,0.01338054,0.0126357265,0.014732548,0.008404411
CXCL3,0.008421129,0.023595734,0.023540705,0.025866216,0.115223885,0.04320468,0.03160764,0.054969944,0.010001827,0.044159513,0.039234437,0.04452213,0.015817242,0.039585102,0.04131723,0.011765505,0.020303136,0.017691912,0.03370577,0.029267425,0.012513652,0.021867918,0.009709333,0.03834183,0.035024647,0.017266601,0.031544905,0.027793337,0.031204084,0.013155764
CXCL2,0.025493436,0.05654213,0.05495962,0.05796187,0.2287572,0.07784154,0.07482124,0.109892875,0.02481828,0.101468824,0.10010273,0.10876745,0.033532698,0.086009435,0.08053755,0.0205104,0.02947716,0.033617806,0.07194459,0.07036021,0.027267246,0.07045037,0.02246546,0.034564212,0.0864775,0.05052424,0.06209009,0.071508616,0.06791431,0.03822284
EREG,0.01760494,0.035501696,0.035275605,0.037277758,0.1686298,0.042760298,0.04902774,0.069610134,0.019363139,0.065593645,0.062084023,0.06237248,0.027884178,0.05432446,0.054907553,0.024170045,0.062199574,0.047183752,0.048413143,0.044860866,0.019590817,0.035892226,0.013920527,0.02267021,0.048528355,0.026747039,0.0720741,0.03808747,0.043562274,0.02110319
AREG,0.06777856,0.0672676,0.054586045,0.07026476,0.076841295,0.049053576,0.05780407,0.0928078,0.022299206,0.10863325,0.104367636,0.078728214,0.046777975,0.088589676,0.09620765,0.025756076,0.025108274,0.23570682,0.13100722,0.16849789,0.055880375,0.38718176,0.01595986,0.027502492,0.05880568,0.056730896,0.20678386,0.055708393,0.08174188,0.050258286
NAAA,0.06251829,0.16681568,0.16445713,0.15240714,0.33227104,0.45494023,0.23413587,0.34567472,0.044251733,0.28938287,0.2977047,0.31452978,0.07310189,0.2716075,0.28725943,0.06940896,0.05697335,0.100347385,0.23657857,0.22057365,0.07677513,0.1557343,0.050864212,0.07408975,0.27447835,0.17571336,0.13345125,0.19947533,0.18912476,0.07698106
CXCL9,0.000950064,0.0024504673,0.002880724,0.0026227671,0.0066709626,0.0031298718,0.002736321,0.0043842704,0.0014856271,0.003939995,0.0032472014,0.003621508,0.001078698,0.0074156844,0.0034619702,0.00089785806,0.0015486393,0.0015352808,0.0028804904,0.0025839037,0.0011111452,0.0020397974,0.0008101875,0.0011426122,0.0030472844,0.05545887,0.008699874,0.0016605174,0.0023930536,0.0012622168
CXCL10,0.007079683,0.016011227,0.015663642,0.014246103,0.058997743,0.08036643,0.017336536,0.033961322,0.007572768,0.025978986,0.023612345,0.027488982,0.009491745,0.020700594,0.023249052,0.009340636,0.016352005,0.009562789,0.022784233,0.02019909,0.0064912783,0.014065221,0.0053886217,0.009471591,0.020720487,0.010940934,0.01844329,0.016803106,0.01710531,0.010419744
CXCL11,0.0012976072,0.0020608364,0.0032226653,0.0020526669,0.006983094,0.0054655992,0.0025298053,0.0045507476,0.0013051842,0.0038255837,0.0037527096,0.003932443,0.0015134014,0.003791362,0.0029958219,0.0012290874,0.0009343599,0.0016466108,0.002967763,0.004599201,0.0011172899,0.002223978,0.00084709865,0.0011940373,0.0029241904,0.0018200382,0.013516302,0.0021044135,0.0026303425,0.0013340693
LINC01088,0.0012791354,0.0025082817,0.0030756209,0.0026286228,0.00688666,0.0053548054,0.0036370812,0.005278204,0.0014004628,0.004792972,0.013470891,0.006545295,0.0013589249,0.0042873197,0.0042625624,0.0012129651,0.0046092607,0.0016368055,0.0065002916,0.003451995,0.0013206167,0.0028342346,0.0010486585,0.09342729,0.004103556,0.0016860394,0.0027278422,0.002942468,0.0034531117,0.0016938869
BMP3,0.0013013097,0.002232394,0.0023630667,0.017583597,0.0038144747,0.0028394824,0.0032966456,0.0051564504,0.001397298,0.004587553,0.0041002785,0.0060814437,0.001544228,0.0034132279,0.0036058528,0.0011031739,0.0012083675,0.0021044658,0.00318087,0.0033910074,0.0014507911,0.0077059167,0.0010461201,0.0014611458,0.0034258794,0.0025831726,0.0024132316,0.003218603,0.0031585488,0.0014704514
RASGEF1B,0.061985373,0.12004081,0.08514215,0.09881912,0.24115577,0.20905328,0.08975071,0.14104843,0.031392824,0.12686235,0.13725288,0.14972225,0.080785885,0.10423447,0.106750324,0.038897455,0.03179864,0.066214375,0.09532779,0.086866386,0.041829996,0.123784125,0.02610608,0.042403143,0.10354471,0.04597744,0.075311415,0.08011668,0.08239898,0.12990785
PLAC8,0.13668555,0.14789963,0.1258239,0.13723631,0.254181,0.17140643,0.18450157,0.2769698,0.080024116,0.2370338,0.23023987,0.21042821,0.0752795,0.19438791,0.2046269,0.07817919,0.040438816,0.10437796,0.19414586,0.24901885,0.07300274,0.22367997,0.06311145,0.1039535,0.2286007,0.17105794,0.13910523,0.20993035,0.14775169,0.22250693
GPAT3,0.032248788,0.05302144,0.04670294,0.05155086,0.25382942,0.12434394,0.070987254,0.13439076,0.032468867,0.13029139,0.12950775,0.10864549,0.031652592,0.098297656,0.08848145,0.030423375,0.047366578,0.04385663,0.08800291,0.063462585,0.02712118,0.054586902,0.023099406,0.03175161,0.09130415,0.23151043,0.36119962,0.075472124,0.06353872,0.030510893
ARHGAP24,0.031049483,0.41338378,0.25531757,0.27913123,0.18165109,0.08067131,0.07589323,0.12766652,0.024902739,0.11873157,0.10056035,0.10305324,0.0321786,0.07698112,0.08355003,0.019308269,0.027455563,0.044199258,0.07755977,0.069154374,0.031743247,0.05866621,0.028300002,0.03326323,0.0810864,0.051340576,0.066295646,0.06605608,0.07525888,0.093675286
PTPN13,0.024119567,0.014364756,0.013180994,0.013713643,0.027122108,0.07650357,0.018852737,0.02827633,0.020272365,0.1346798,0.09096615,0.028965745,0.008497667,0.025881603,0.022057982,0.0068231057,0.017551571,0.009688214,0.058544632,0.017699387,0.0074554957,0.0131815635,0.0058006058,0.016035877,0.021293366,0.014360802,0.018417314,0.014857447,0.018106248,0.008171759
SPARCL1,0.00025420694,0.0072444133,0.0004369306,0.00044865505,0.00070379884,0.0005239193,0.0005780975,0.00084916176,0.00025839297,0.0007521029,0.0007275007,0.0060111806,0.00025030767,0.0006013089,0.00070281065,0.00017603025,0.00020609246,0.00030410316,0.0005943271,0.00054186455,0.0002894881,0.00042339833,0.00018670993,0.00024781117,0.0005825904,0.0003778185,0.00042358742,0.00044578314,0.00055080646,0.00025701954
HERC5,0.023806697,0.04845874,0.0567223,0.046688013,0.09125638,0.084720306,0.07491643,0.09465074,0.017214434,0.10799346,0.09351523,0.0836646,0.063650824,0.08731144,0.08838566,0.015197906,0.019749882,0.05569378,0.07736984,0.07801821,0.050619707,0.06267228,0.021230903,0.022618413,0.07067928,0.028477417,0.05033244,0.04270187,0.07023707,0.046253875
FAM13A,0.046371542,0.064274415,0.067343,0.07518204,0.2869986,0.11400753,0.10660977,0.2827747,0.04096394,0.26594362,0.16353118,0.13571732,0.052669723,0.122380726,0.12863319,0.0300159,0.063309364,0.0816431,0.13332413,0.12061037,0.05484058,0.10324894,0.031702507,0.042248968,0.209852,0.06618277,0.09981222,0.13009812,0.13126858,0.07222753
SNCA,0.12721065,0.049888536,0.04964221,0.051860597,0.20648044,0.080052555,0.064520285,0.09738712,0.023903362,0.10457725,0.10205716,0.092906326,0.033316117,0.07789404,0.075645834,0.55344766,0.10945301,0.060371153,0.073382325,0.07165559,0.0359423,0.08427079,0.020735428,0.6170053,0.07173264,0.05611579,0.14409424,0.064379394,0.05980686,0.129754
MMRN1,0.13012539,0.016822929,0.016169684,0.02604784,0.0356449,0.020422349,0.021743678,0.058431927,0.014792905,0.043521386,0.031667143,0.03102293,0.013632894,0.026955932,0.023438282,0.009357115,0.096512064,0.01500777,0.024407525,0.033527587,0.011883294,0.21478729,0.0073052645,0.38918298,0.06906122,0.013452898,0.021731842,0.020325039,0.020367129,0.11315727
CCSER1,0.04931499,0.39911297,0.16988002,0.30392036,0.07738949,0.046392113,0.042471863,0.080102734,0.017168125,0.08018573,0.0804502,0.07312571,0.021236593,0.076297075,0.060001306,0.019952796,0.039555285,0.105693676,0.050380915,0.047180127,0.019166002,0.07574845,0.021239003,0.027135182,0.05372647,0.9041119,0.41278186,0.059642535,0.04173427,0.036571126
HPGDS,0.0016822278,0.0034165352,0.003641694,0.0045919865,0.006208546,0.0041884147,0.0049556876,0.009370707,0.014325655,0.011941934,0.005845084,0.011074583,0.0024062416,0.0057622804,0.0071107876,0.00217682,0.30712768,0.31858224,0.005634481,0.0050641974,0.0020945263,0.0040679597,0.001291626,0.0021319035,0.005004437,0.0035482491,0.01638708,0.004806698,0.004875343,0.0019531595
DAPP1,0.099382035,0.34420902,0.2682319,0.31845945,0.38986802,0.26547703,0.24081004,0.35513213,0.070744224,0.35944533,0.31769085,0.29866123,0.10059713,0.2661182,0.26896715,0.07857579,0.079877965,0.14691235,0.24507113,0.19903818,0.07937125,0.1735744,0.063226156,0.42289504,0.23850496,0.38499263,0.2949149,0.19218083,0.22899844,0.11791347
H2AFZ,0.04333542,0.1270883,0.11942244,0.15391237,0.19172166,0.17855886,0.2121077,0.3014473,0.2240241,0.24862002,0.24533688,0.29811952,0.19424656,0.2264506,0.2528793,0.07195454,0.03687721,0.13370512,0.22861528,0.20768273,0.17777215,0.14986978,0.064998016,0.12563156,0.24725805,0.07712787,0.09221648,0.19353923,0.19181426,0.060088832
DDIT4L,0.00056979887,0.0009482092,0.0057748463,0.0010071931,0.0063795,0.0013191917,0.14555721,0.0023847057,0.0005153372,0.0073308027,0.0020295111,0.0021310332,0.0010449854,0.010953738,0.034691714,0.00054502906,0.0005807517,0.00078016537,0.0013312179,0.011042855,0.00055774226,0.0011862664,0.0004926986,0.0006220008,0.0016017242,0.0009793588,0.0010875772,0.0014806458,0.00134739,0.00062128756
BANK1,0.037087627,0.72563446,0.6539274,0.6482295,0.106226236,0.078551434,0.10193658,0.13491978,0.02736452,0.13559747,0.1266883,0.15919611,0.070169985,0.12105192,0.10609165,0.049452905,0.032641094,0.062193155,0.09934563,0.09544401,0.039793387,0.08363378,0.032360476,0.07413911,0.10581342,0.12571579,0.086854644,0.08946569,0.08852289,0.057628956
NFKB1,0.055618517,0.11377523,0.11510538,0.13056521,0.23465887,0.14187734,0.15305239,0.29543895,0.044561673,0.24514525,0.23717779,0.2651996,0.05402308,0.20630461,0.19232565,0.04118013,0.040943183,0.15183645,0.16497143,0.15390524,0.06367349,0.14621902,0.0365795,0.06864077,0.18513456,0.09874201,0.11860262,0.16677387,0.18552151,0.07430952
CENPE,0.009774519,0.03392973,0.035166584,0.024117842,0.04446698,0.088476315,0.057866305,0.053078845,0.45512477,0.06293148,0.048864976,0.05207486,0.28288975,0.04079271,0.07352399,0.011267417,0.009745917,0.014438594,0.028916476,0.042091344,0.29355866,0.040657483,0.07026902,0.017047172,0.06369252,0.023344217,0.034918018,0.049614135,0.054527,0.0350422
LEF1,0.07146989,0.11552039,0.10181617,0.110920705,0.17127821,0.13756666,0.18668544,0.77834463,0.10929612,0.38281086,0.27721912,0.6335541,0.0754687,0.28618988,0.23677981,0.067425914,0.047602586,0.13650948,0.17765495,0.15374918,0.069901265,0.15106939,0.05250545,0.077100255,0.4791588,0.11057139,0.12523282,0.3622544,0.18204038,0.06573104
PDE5A,0.013282928,0.026801419,0.02511478,0.022222744,0.040463228,0.02737268,0.050833277,0.05770457,0.011255246,0.047040068,0.043010566,0.04850819,0.012242151,0.0434451,0.045073405,0.011356075,0.01311283,0.013537782,0.03210836,0.033985462,0.031713236,0.02303613,0.012510137,0.46206892,0.03996335,0.014005217,0.022809628,0.020749263,0.045323428,0.01633885
MAD2L1,0.0138068255,0.035041355,0.033347078,0.031506393,0.032649215,0.027044589,0.04450473,0.0983027,0.2020953,0.09318408,0.07965987,0.12989172,0.15699053,0.10410253,0.06534866,0.014366528,0.035850152,0.018624062,0.04782641,0.042529114,0.18697773,0.050086807,0.045828123,0.018185228,0.07107889,0.029588826,0.027978526,0.077516064,0.052112497,0.030578148
TNIP3,0.0041250647,0.011045657,0.012520358,0.012850564,0.027550539,0.014614313,0.04644441,0.04758596,0.037358902,0.026567383,0.032583144,0.046827435,0.076643646,0.075341135,0.119120106,0.0053477315,0.0049840175,0.010055518,0.024410829,0.027737286,0.02026373,0.019433932,0.0050148,0.0074934983,0.02309827,0.010434933,0.012246251,0.09991029,0.050454404,0.0075436244
ANXA5,0.114446916,0.18055417,0.16486087,0.1966058,0.41715735,0.37757415,0.28439558,0.43601057,0.09975011,0.35791653,0.33307895,0.40101603,0.16654406,0.28874564,0.3303202,0.113470845,0.0657478,0.1899341,0.2954433,0.27429384,0.114643574,0.21104458,0.048113357,0.14549528,0.2819894,0.1640803,0.30112338,0.2651097,0.2850569,0.092266455
CCNA2,0.0066521773,0.024461556,0.03681809,0.024023103,0.026119003,0.02510058,0.02737177,0.040693372,0.35360825,0.047120098,0.051910203,0.03658479,0.24874486,0.03682816,0.038331334,0.029462427,0.012162397,0.015741544,0.024806263,0.033931144,0.18786295,0.010905656,0.054145813,0.0072579477,0.027096013,0.018377323,0.015660798,0.03504971,0.030957783,0.00947261
IL21,0.00025315533,0.0005442831,0.0005048224,0.0005391356,0.00078522525,0.0006020942,0.0007276184,0.0011102506,0.00030400726,1.4433835,0.0009524497,0.0010422752,0.0003781648,0.0008561548,0.0007840228,0.0002651683,0.00029669554,0.0003837319,0.00073125225,0.08588289,0.00029818906,0.0005479105,0.00023623764,0.00026888817,0.00085385115,0.0005000633,0.0005307322,0.00065180624,0.00066367176,0.00032525754
IL21-AS1,0.0002462774,0.0003863628,0.00038276386,0.0003755787,0.0005610384,0.00040409504,0.00052786147,0.00086192536,0.00022552731,0.39109275,0.0007038668,0.00087465096,0.00026219338,0.00077129767,0.0006296067,0.00019441609,0.00016559429,0.00024369855,0.00058675697,0.0005523135,0.00020950612,0.00041028572,0.00017167979,0.00021330814,0.0006317314,0.0003839085,0.00039794,0.00053900335,0.0004894041,0.00023273635
SNHG27,0.00018097591,0.00041398566,0.0003957654,0.00040758075,0.0006008795,0.00051785546,0.0005865503,0.00091584714,0.00024514843,0.0008465748,0.00077529694,0.000805064,0.00030940812,0.0006915837,0.0006193441,0.0001762455,0.00019334187,0.00028864623,0.0006448566,0.00050268683,0.00022297262,0.00045785637,0.00016832072,0.00022920087,0.0006184351,0.000470641,0.0004131044,0.0004951723,0.00056956394,0.00024006929
SLC7A11,0.012092757,0.00965227,0.005704529,0.0079144705,0.013417985,0.009391632,0.022994822,0.016654897,0.0023930476,0.012976162,0.012790441,0.012059979,0.0042416714,0.013556779,0.011599152,0.0028712505,0.0026865567,0.047176987,0.008757455,0.009690214,0.003059668,0.006847581,0.03629665,0.00999168,0.0097795855,0.022938982,0.0360509,0.0072838296,0.008270653,0.2816025
TBC1D9,0.17556736,0.33092186,0.24556704,0.14468728,0.3263028,0.18162316,0.10521934,0.17328401,0.040581577,0.16906114,0.15398315,0.16306351,0.079288565,0.13189684,0.11308094,0.05299188,0.035843924,0.059236925,0.11853573,0.103127934,0.04760164,0.0885722,0.059298668,0.049898323,0.12885736,0.20370597,0.2317713,0.09497759,0.0888251,0.12573925
LINC02432,0.01994821,0.024221836,0.022887813,0.025555134,0.115019135,0.31329852,0.030489929,0.04874064,0.013677299,0.046681307,0.03771395,0.04672762,0.014926133,0.03726786,0.03729244,0.018625027,0.011748699,0.016091703,0.032487504,0.031418495,0.0125780245,0.023781983,0.009602963,0.015648244,0.036776554,0.01988307,0.027581176,0.02781304,0.028521985,0.015578319
GYPB,0.0010983904,0.009046531,0.0018008497,0.020261204,0.003413861,0.0021431095,0.0026164611,0.012328501,0.0013743887,0.003292416,0.003235745,0.0042055333,0.0016274499,0.013290656,0.0024761246,1.2130631,0.027555743,0.0015524678,0.002627401,0.030566836,0.0011830298,0.0018693785,0.00069571874,0.0010846386,0.002682611,0.0012554816,0.0017848416,0.0020931948,0.002315384,0.0011076566
GYPA,0.0005890256,0.0010767087,0.0011286178,0.0011292325,0.0017726868,0.0012717824,0.0013438755,0.0023861325,0.00047231637,0.0020328793,0.0018357207,0.0021321587,0.12448953,0.001928591,0.0016164968,0.5686846,0.016738797,0.0008499182,0.0016304884,0.0014318813,0.0006054706,0.0011110738,0.00047055772,0.0005576569,0.0017336868,0.000827269,0.0011421551,0.0011766255,0.0013275951,0.0007719587
AC097375.1,0.0034409477,0.005633031,0.0058330786,0.0075164707,0.010677521,0.0069820425,0.007923233,0.016587162,0.0033740366,0.0118561275,0.017618038,0.014887855,0.00431479,0.0122134825,0.013534929,0.003946659,0.0026894428,0.0054072337,0.00897054,0.008880622,0.00321969,0.020885708,0.0025445109,0.015380476,0.009250653,0.0056584235,0.0063286484,0.008165458,0.011302881,0.562436
MND1,0.0036305464,0.008291745,0.009529067,0.010737855,0.014913289,0.009676554,0.012132804,0.025531167,0.6089658,0.022792095,0.012039076,0.018970309,0.15445624,0.01236184,0.012704285,0.003821766,0.031322658,0.004581198,0.009454984,0.021238942,0.38023305,0.008653914,0.033754047,0.0058022016,0.02116584,0.058256686,0.024931062,0.006457411,0.009842514,0.0040530893
TLR2,0.034769956,0.07599423,0.06804454,0.07576561,0.2947975,0.13606605,0.104160875,0.15943323,0.036973584,0.14363113,0.13261758,0.14184445,0.04762072,0.10980545,0.10605298,0.049884494,0.0338673,0.070929304,0.11016698,0.08703627,0.040887117,0.0787522,0.028800797,0.04283529,0.11397687,0.054408696,0.087427825,0.07781767,0.09114814,0.038157973
GUCY1B1,0.006031963,0.010950413,0.010191474,0.011106173,0.023336954,0.07224309,0.013619504,0.02332492,0.007988904,0.018061088,0.017069038,0.01974203,0.0074179755,0.014935863,0.01757491,0.0070679807,0.06215008,0.0069126855,0.013673438,0.020892521,0.017487768,0.009651273,0.0042823576,0.20578508,0.016446384,0.021472523,0.015641682,0.010786595,0.01298176,0.011572167
FAM198B,0.034606293,0.07021707,0.0666722,0.06825428,0.33859858,0.12252491,0.098314196,0.14453577,0.036283057,0.13507885,0.13572948,0.13817528,0.045866553,0.102671586,0.110803224,0.043753404,0.030167557,0.04724044,0.10252226,0.09385788,0.034056753,0.07205146,0.02549671,0.044017985,0.10298161,0.07131651,0.08189016,0.08363157,0.09961426,0.04315848
RAPGEF2,0.013922225,0.040577557,0.03623827,0.043186855,0.12433505,0.061854962,0.05568339,0.06918855,0.019046297,0.0794024,0.07604027,0.06311228,0.018690268,0.058791675,0.06497233,0.015128015,0.039913833,0.034457494,0.06544469,0.052635748,0.02150951,0.046019938,0.024600118,0.022895351,0.052029774,0.0377637,0.04805782,0.049306996,0.050334826,0.029756194
MARCH1,0.045713216,0.24928743,0.22012646,0.2493204,0.32177538,0.19183919,0.13671893,0.25273114,0.043111693,0.19531336,0.18005052,0.21507221,0.08654502,0.16558653,0.17515743,0.071768336,0.0459749,0.10928816,0.16345663,0.14860599,0.060743622,0.123713315,0.047838483,0.06937032,0.15735953,0.12517294,0.12616193,0.13505295,0.14778157,0.0685285
MFAP3L,0.008223888,0.013977851,0.014245806,0.014467526,0.03233288,0.020641914,0.01938379,0.029306604,0.00690831,0.027879894,0.031227062,0.028271558,0.008293454,0.0262749,0.023163809,0.0057222527,0.006729908,0.010340329,0.025197953,0.018190058,0.009811221,0.013353153,0.006203623,0.4075261,0.022296112,0.01638218,0.013922606,0.017249012,0.017931405,0.009369158
HMGB2,0.050983414,0.14506932,0.12223791,0.1358604,0.22398472,0.13056459,0.20958592,0.31978366,0.25344673,0.24716483,0.2602844,0.25618306,0.26604053,0.21464781,0.24742289,0.076309584,0.044595145,0.11470829,0.21201056,0.19471802,0.2201243,0.15557681,0.06928606,0.09446036,0.26758847,0.09380856,0.08475955,0.20859267,0.18705758,0.06091861
HPGD,0.013419638,0.029144086,0.030169412,0.02844172,0.047647044,0.03574334,0.12511763,0.11642241,0.03018739,0.09132444,0.08428491,0.13619594,0.07432968,0.07490455,0.107455835,0.028789848,0.05246103,0.13351792,0.27389294,0.0690099,0.047416538,0.043574594,0.049904063,0.08707444,0.070429996,0.023333764,0.034517616,0.05536433,0.15447885,0.017209137
GLRA3,0.000990623,0.041088473,0.055547226,0.0033790793,0.002966855,0.0020201567,0.002382237,0.0042804778,0.00080569374,0.0033301055,0.0031150412,0.0039421944,0.0012165809,0.0029686515,0.0029676273,0.0011010239,0.0007779544,0.0016005385,0.0025029038,0.002351568,0.0009875552,0.0018918547,0.0007542387,0.00095254154,0.0027835874,0.0017020992,0.0016301535,0.0024132761,0.002350728,0.0010904487
CENPU,0.045135614,0.024862403,0.026513869,0.028828913,0.038260337,0.06174468,0.099596225,0.04634928,0.3987433,0.04205626,0.046782084,0.038264804,0.28251174,0.034051914,0.049686812,0.009820263,0.07847796,0.021305088,0.038154397,0.036925517,0.3519115,0.04825543,0.03497694,0.025326949,0.05529313,0.02328116,0.026972143,0.01765375,0.03891929,0.027951509
ACSL1,0.04973601,0.107734494,0.101057775,0.0918531,0.3592234,0.1352685,0.13975848,0.2227025,0.056616608,0.18546037,0.19033022,0.15720393,0.07080321,0.15193234,0.1456571,0.041401,0.043002352,0.09011983,0.13527505,0.1199399,0.053848945,0.109570526,0.039391033,0.0632504,0.13774921,0.08876929,0.09271508,0.116998486,0.12998113,0.05890153
MIR3945HG,0.00839904,0.020301806,0.020651603,0.020393709,0.12143085,0.040554427,0.03342451,0.049329583,0.009246366,0.036626995,0.037337944,0.044018924,0.012437347,0.03216889,0.033617146,0.007811616,0.011130294,0.014711408,0.027712656,0.029086785,0.01604105,0.022828761,0.00845212,0.014455147,0.032990385,0.02124762,0.02644906,0.024895433,0.030198963,0.018648345
AC106897.1,0.0013524571,0.0064413394,0.009910181,0.0033565208,0.003201518,0.0024330064,0.03645098,0.0048771356,0.0010130523,0.018249717,0.0057377247,0.0044629597,0.0016837888,0.003717095,0.010475293,0.000957494,0.0010256047,0.0014993986,0.0030871877,0.0033879906,0.004443211,0.0022668468,0.19005516,0.0018543504,0.0035077492,0.0017886102,0.0070751,0.0028782508,0.002600006,0.0012816854
ZFP42,0.00026783717,0.00045614372,0.00047656154,0.00044578142,0.000718762,0.0005303858,0.00068593066,0.0009926612,0.00031543113,0.0009176371,0.0010072431,0.0008456588,0.00027196307,0.00087203673,0.0007411856,0.00022522427,0.00020835956,0.0003881825,0.0007401216,0.000589996,0.00022385437,0.0004886067,0.00023144051,0.00028698254,0.0006698753,0.0004928761,0.0004583338,0.00056110625,0.0006333103,0.00030516952
BASP1,0.1712771,0.20215766,0.21916078,0.20760174,0.2614261,0.14156304,0.08446656,0.16337202,0.040975496,0.13659258,0.1263134,0.14022584,0.053944834,0.109353594,0.11545298,0.038168482,0.049648486,0.065247305,0.09879445,0.09488589,0.041907568,0.073556595,0.043852743,0.05112443,0.10147168,0.5400362,0.30974016,0.09050419,0.089640416,0.044645272
CDH18,0.00014563037,0.00029756592,0.00030691436,0.00030669247,0.0010520056,0.00032461295,0.0003935318,0.0006488126,0.00015033562,0.0022120562,0.0005680286,0.056178894,0.00016578921,0.00047517786,0.00045750456,0.00017629708,0.00013723616,0.00023486621,0.00045038798,0.00039211678,0.00012649385,0.00030172933,0.00012615076,0.00013789807,0.00044070074,0.000272436,0.00026166058,0.00038338936,0.00037055032,0.0001762914
CDH9,0.00037848402,0.0007066943,0.0006422992,0.00063302345,0.0009791398,0.0008279309,0.0009845659,0.0013210608,0.00039755367,0.0013115277,0.001195483,0.001235498,0.0004824952,0.0010686193,0.0010479959,0.00026778338,0.06980646,0.00055969576,0.0010327777,0.0008353029,0.00035336096,0.0007286879,0.00028989254,0.00038519138,0.00092099834,0.0007243549,0.00074219814,0.0008090721,0.00092959404,0.00040476443
SUB1,0.056106374,0.10285669,0.10332785,0.10081112,0.112627886,0.09846534,0.16694088,0.19843881,0.13921171,0.18942831,0.20952165,0.19465025,0.08707359,0.14099927,0.1729688,0.112629086,0.02843649,0.07411554,0.14943363,0.14307795,0.06399763,0.09277569,0.14974962,0.12422478,0.15698595,0.16966674,0.09606544,0.17007138,0.14605868,0.07336404
NPR3,0.002190495,0.0048130597,0.004831807,0.011904783,0.008083689,0.0059756534,0.007397653,0.009939289,0.003149881,0.008575809,0.010954065,0.033219986,0.0026012594,0.007116655,0.013581835,0.0028325405,0.8441885,0.003979841,0.0065380572,0.013523882,0.0021870832,0.0043710493,0.0022624051,0.009352511,0.006781059,0.0044384915,0.0050808243,0.0052499967,0.0071362704,0.002631106
IL7R,0.24037518,0.5922217,0.5509103,0.56243855,0.94556886,0.7784088,1.1256086,1.8554362,0.34628347,2.2796903,2.2871704,1.3893919,0.29575178,1.6991234,1.073871,0.22943345,0.29939854,0.88899875,1.9251686,0.76637703,0.31263834,0.67880565,0.27117673,0.4291659,0.7266117,0.6268338,0.718446,0.55701804,1.0345238,0.37041718
DAB2,0.30502832,0.039761256,0.040812355,0.039294,0.09239364,0.05963049,0.056832332,0.07921654,0.015432847,0.07595492,0.07118437,0.07874094,0.045932647,0.061226383,0.09174134,0.023524655,0.030553522,0.02602371,0.056980345,0.19144863,0.055140812,0.04873225,0.016554002,0.32549265,0.060058486,0.042519234,0.09985784,0.0634627,0.06745033,0.24276866
PTGER4,0.023362556,0.06712058,0.058931835,0.07531162,0.14936338,0.12750992,0.10240319,0.16207238,0.0319489,0.1634521,0.16787827,0.13659266,0.061975162,0.13096695,0.13123302,0.027516836,0.028664399,0.09187484,0.1330344,0.12671386,0.0405204,0.07430813,0.023018848,0.039256357,0.09985529,0.06357489,0.07948591,0.1124704,0.12026691,0.0370882
SELENOP,0.005098893,0.008300921,0.011854148,0.016283907,0.016584631,0.026817651,0.00878207,0.019434178,0.003445559,0.013268251,0.016530724,0.0363807,0.004698116,0.014886785,0.024471715,0.032014545,0.32804182,0.033172853,0.011696942,0.016108168,0.0063345125,0.0070963097,0.003248336,0.0037817145,0.009412588,0.006417007,0.010394457,0.008773704,0.013863847,0.005730502
SNX18,0.05817675,0.10812331,0.101537816,0.11500643,0.302557,0.35612726,0.1401534,0.2129202,0.032267563,0.16576698,0.18494761,0.19717333,0.06870013,0.17137006,0.17491263,0.04712566,0.041132916,0.07560174,0.13549836,0.13889387,0.056142565,0.10997399,0.036091685,0.061150603,0.13954625,0.085819155,0.10499083,0.106305465,0.13155751,0.09518118
GZMK,0.17669806,0.32568583,0.36147398,0.3255438,0.4912208,0.4397517,0.72635573,0.7205883,0.5550103,0.84492093,3.2745914,0.7992819,0.7028901,0.8579146,2.0967412,0.37051687,0.15150271,0.28465116,3.922604,0.59932667,0.445554,2.603046,0.16961735,0.2547876,0.59815204,0.27826515,0.33551273,3.4771318,1.2189528,0.20802651
GZMA,0.116475485,0.23240162,0.21830331,0.24349247,0.3398227,0.297135,0.7639124,0.47359088,0.15356705,0.43883038,0.5431154,0.4865774,0.46308848,0.4032034,0.8955754,0.119754285,0.11569491,0.16404527,0.6935509,0.91839474,0.50639695,0.49785396,0.09373234,0.17071088,0.3494917,0.17322427,0.23774955,0.46162394,0.62846833,0.14051244
PLK2,0.025167873,0.03440517,0.031085692,0.030797122,0.113545954,0.060036488,0.05417681,0.06050032,0.012655264,0.05196134,0.054574538,0.045455888,0.015215455,0.051875696,0.04585574,0.010670514,0.018433088,0.10326746,0.059899528,0.04669629,0.017357977,0.14353493,0.012984691,0.017528705,0.0352453,0.13507262,0.08865393,0.05643891,0.044569165,0.029238578
GAPT,0.120352045,0.18329538,0.16426836,0.19983166,0.24477048,0.17876437,0.09278392,0.14968492,0.035920464,0.14527737,0.12915397,0.13644107,0.04206118,0.11460274,0.11410384,0.027397305,0.0748508,0.061360303,0.11136061,0.09483375,0.032370795,0.07454833,0.031037983,0.0437936,0.11234296,0.058509752,0.13945366,0.094463035,0.09939456,0.25996393
AC016642.1,0.0006558286,0.0019451531,0.0010079162,0.0009989906,0.0021762494,0.001240713,0.0013225746,0.002648981,0.00051884155,0.0044331374,0.0017821359,0.004067058,0.00055808196,0.0017189677,0.0015766424,0.00041139088,0.0004965031,0.00091799465,0.0015493617,0.0013178285,0.0004967141,0.0010445742,0.00044607575,0.043106806,0.004811199,0.0010732935,0.0010575687,0.0011690164,0.0013437101,0.0006150052
PDE4D,0.036504827,0.06154884,0.09301111,0.076701686,0.1069898,0.08062721,0.14024323,0.18083003,0.030184058,0.2676954,0.28864217,0.1557206,0.05689524,0.16422348,0.1736577,0.039464775,0.029613536,0.08597998,0.21759132,0.17866613,0.0665277,0.09533141,0.028042713,0.08350466,0.09985268,0.051872063,0.06996851,0.09440053,0.16089025,0.041422606
DEPDC1B,0.0036109302,0.012606045,0.012183747,0.012099259,0.015433242,0.015133301,0.036503337,0.020300193,0.5284682,0.020604765,0.06786757,0.016950674,0.32330737,0.018898722,0.02697327,0.0036616665,0.029510617,0.0441646,0.022658335,0.026916891,0.23950867,0.008410977,0.04048988,0.013523152,0.028899312,0.032478318,0.016991723,0.009659711,0.021517137,0.004221541
ELOVL7,0.004435097,0.00929911,0.0082344385,0.007900194,0.02090576,0.011280124,0.010088769,0.017013153,0.0037356673,0.016012143,0.013577689,0.01715578,0.0057070935,0.011323319,0.016329003,0.004417632,0.0120925745,0.005398676,0.010920012,0.011386199,0.0042114817,0.008921074,0.0033285196,0.2791996,0.013235863,0.013635043,0.008051952,0.009514312,0.01197139,0.0060863597
CENPK,0.02475383,0.0608314,0.058462214,0.057502978,0.04959622,0.044811007,0.098303154,0.16751531,0.14689207,0.14371224,0.109822,0.13157462,0.113433786,0.10172095,0.09321263,0.0218231,0.028006032,0.047217418,0.074840166,0.07537692,0.1634775,0.05841524,0.028208368,0.02855376,0.11629449,0.030534975,0.037233345,0.105087206,0.08376398,0.025740158
CCNB1,0.034315985,0.026359553,0.027401477,0.0255206,0.028907312,0.03214979,0.021712039,0.04628451,0.4144472,0.05684644,0.044741858,0.043179817,0.13603054,0.040286444,0.044612322,0.009670725,0.04095315,0.038498167,0.0337727,0.03567078,0.17446221,0.023620013,0.055711523,0.009797141,0.028782446,0.024963526,0.040930685,0.06627958,0.03249808,0.02255315
NAIP,0.09280386,0.13585754,0.14122643,0.14426972,0.42925668,0.14721628,0.19830953,0.3288001,0.036235098,0.27722123,0.23096436,0.27846196,0.08115379,0.2493794,0.22720261,0.057808507,0.056423638,0.10091819,0.21267685,0.18712327,0.07522866,0.15782987,0.05379972,0.07642008,0.23548876,0.10398094,0.17644162,0.19751012,0.18661797,0.07202114
CRHBP,0.004849847,0.008615642,0.01680635,0.010223927,0.024935586,0.02704958,0.009369266,0.013485026,0.0031105492,0.013738742,0.018541105,0.013146476,0.0051433025,0.009817264,0.010859902,0.0032508757,0.6426117,0.0063054473,0.010899161,0.008701771,0.004083491,0.0064713405,0.0024627082,0.0057592723,0.00906923,0.028893465,0.034300752,0.0075402632,0.008328749,0.0041790614
DHFR,0.019360531,0.0643936,0.06811134,0.06300479,0.07780659,0.06926914,0.06906777,0.11685777,0.26346868,0.09172717,0.09543729,0.12146792,0.41576967,0.091661036,0.08533028,0.022722727,0.03872738,0.03398631,0.0683803,0.07564203,0.2562902,0.07018221,0.029571053,0.033259902,0.0842352,0.11404649,0.062467713,0.082277276,0.06535952,0.054330632
VCAN,0.12518185,0.1727547,0.1668239,0.17462067,0.6141565,0.14932999,0.2289282,0.34393984,0.08853468,0.31134674,0.2945959,0.34664035,0.10417477,0.2660327,0.25363955,0.08090713,0.080349185,0.13506569,0.25257027,0.21775576,0.100183435,0.17103454,0.08910642,0.09638402,0.27403495,0.16159154,0.15863024,0.20773609,0.20635551,0.108766064
MEF2C,0.1338896,0.27108207,0.26958242,0.44779098,0.2330552,0.19808473,0.16449289,0.25974497,0.05050408,0.21767609,0.1951609,0.2538231,0.12301755,0.19718926,0.18694158,0.06733524,0.06566315,0.08221403,0.16473635,0.16043358,0.06442036,0.14120191,0.10082399,0.10689418,0.17478678,0.06471474,0.18611614,0.14974323,0.16020909,0.16173567
LUCAT1,0.023246987,0.032774277,0.03371837,0.036423028,0.20607871,0.04747762,0.05427515,0.07846864,0.0223635,0.07249329,0.07306705,0.06967557,0.018050086,0.057580087,0.06510661,0.023173748,0.014816684,0.034715787,0.05280764,0.048013356,0.020876551,0.036626108,0.0122086,0.024439003,0.05658255,0.03267478,0.049501535,0.042725746,0.055208743,0.026630677
MCTP1,0.066479474,0.082217045,0.07670473,0.07791866,0.3163095,0.19803302,0.110059515,0.14520699,0.052436065,0.13888837,0.1381165,0.14997034,0.05187593,0.12312787,0.13663912,0.032317605,0.041208677,0.059706535,0.1062188,0.096487515,0.041187204,0.08622394,0.03506096,0.1096867,0.11905125,0.08474273,0.14816722,0.09812658,0.11586805,0.07113808
FAM81B,0.0024170866,0.006408311,0.0038361584,0.006861505,0.0070427614,0.0045399894,0.0050261156,0.009123988,0.0021719479,0.007445155,0.0064101242,0.013343731,0.012320311,0.005545361,0.010376016,0.0024020455,0.017615816,0.0037009628,0.0052217157,0.0055134045,0.0018495994,0.029678388,0.0016075018,0.0964588,0.005357694,0.00310075,0.004709246,0.0044361567,0.0042374413,0.008073833
ELL2,0.015138755,0.070119746,0.0790432,0.064782806,0.121214785,0.069160014,0.06532017,0.08509596,0.08965082,0.08962565,0.10252993,0.082539186,0.047066297,0.08895941,0.094938956,0.029847387,0.030563708,0.08835944,0.08834745,0.07305363,0.033583257,0.07516085,0.20055752,0.023693474,0.064731255,0.041646603,0.040960312,0.063656285,0.0703556,0.027383855
CDO1,0.0024683536,0.014371574,0.003616482,0.0040278053,0.006454954,0.007918764,0.013604761,0.05723794,0.012779635,0.08831195,0.014644377,0.04215127,0.0028102146,0.014174761,0.006018806,0.0017491626,0.0043478673,0.048381567,0.006252583,0.0049392222,0.011801845,0.0042135115,0.0016845262,0.0021506667,0.009409633,0.0032192103,0.0039520515,0.004960572,0.005250748,0.002377348
FAM170A,0.00017541001,0.00027824624,0.00027123396,0.00029085515,0.0004106888,0.00033311255,0.0003319664,0.00057882635,0.00015809266,0.00051374536,0.00044616635,0.00049715326,0.00012191857,0.00041959147,0.0004110913,0.00016072215,0.000121181845,0.00023113457,0.00037372758,0.03886142,0.00016489894,0.00025720656,0.0001355914,0.00017056376,0.00038512427,0.00024359392,0.0003167076,0.00030841315,0.00032050596,0.00017342293
LMNB1,0.095765494,0.10855546,0.11537325,0.103747874,0.32864237,0.1209911,0.13913089,0.22565511,0.27691972,0.18381117,0.18990585,0.2136931,0.27121988,0.17686641,0.18244323,0.03426139,0.07871492,0.064748265,0.14354785,0.17782934,0.24289285,0.12843476,0.046608124,0.054050926,0.17886455,0.1434386,0.1804913,0.21970153,0.1560231,0.090601936
IRF1,0.04118425,0.095287755,0.0953507,0.0967073,0.18663567,0.13034807,0.12024968,0.24646977,0.027867023,0.20843805,0.19787247,0.21909265,0.026843544,0.16949302,0.16529876,0.06740664,0.041123934,0.077060945,0.15761843,0.149331,0.046574254,0.12655699,0.027896468,0.08468535,0.18147448,0.077448264,0.09020377,0.144036,0.13269438,0.053460598
TCF7,0.058058243,0.122409634,0.11239405,0.13699098,0.20153643,0.15936129,0.18701717,0.5356495,0.056128006,0.41179156,0.30984312,0.45040706,0.07490317,0.3024459,0.25573525,0.058586128,0.060302,0.15334608,0.23304547,0.18833488,0.06876608,0.18711908,0.050620534,0.08691349,0.26255575,0.10720041,0.13961229,0.3772049,0.22146304,0.073862076
H2AFY,0.10420193,0.08709779,0.080995016,0.10044957,0.19412781,0.12604435,0.1432971,0.22378494,0.06950486,0.18779056,0.18223909,0.19374077,0.074164286,0.15911716,0.17158495,0.04656664,0.09549557,0.07552515,0.14789528,0.15260583,0.06595494,0.10767629,0.031647727,0.07308033,0.16707757,0.16047055,0.14318198,0.12052227,0.14749575,0.058037445
CXCL14,0.00046312544,0.00082266144,0.00076048065,0.0008146455,0.0044161268,0.0009494385,0.0011589621,0.0017571503,0.00033198693,0.0015445811,0.0014151373,0.001560964,0.00056259555,0.0013102909,0.0013498456,0.0005428118,0.00038374582,0.0007509589,0.001209058,0.0010517684,0.000547643,0.0009525875,0.0003918291,0.00048349457,0.0013251097,0.0007762238,0.017686699,0.0010166087,0.0011105769,0.00053641235
TGFBI,0.17244934,0.08521217,0.08600289,0.092233606,0.35359147,0.14216886,0.12467705,0.18859391,0.033392884,0.16161574,0.1619882,0.16336462,0.05302829,0.1279745,0.11473635,0.043765694,0.038707826,0.069911174,0.12609053,0.10803799,0.044124126,0.0928168,0.036255922,0.056573566,0.1342394,0.2254904,0.14063698,0.101929136,0.103457086,0.1623296
KIF20A,0.0011679889,0.011886133,0.003755574,0.0030979163,0.0045179445,0.002802674,0.003322701,0.0054106214,0.3815893,0.004945434,0.004622676,0.0049871034,0.035298746,0.004045693,0.0052799615,0.0014656138,0.0011646197,0.0016773195,0.0037188197,0.0032189572,0.09660895,0.002572867,0.03629079,0.0013925588,0.0039134943,0.0022219152,0.0024927284,0.003430323,0.0031736488,0.0014147852
EGR1,0.044813324,0.08251679,0.08497653,0.07892537,0.34990495,0.1327126,0.10032384,0.16288818,0.03423033,0.13244618,0.1362451,0.1428042,0.037018914,0.11607216,0.11645666,0.048411507,0.027126499,0.061104845,0.10799658,0.101872265,0.041391525,0.07316274,0.03225583,0.045618806,0.11554704,0.05915707,0.10429625,0.098284744,0.09791462,0.042635623
MZB1,0.05155899,0.2014612,0.1505602,0.16903965,0.04949605,0.036695648,0.05468934,0.06983769,0.018051842,0.0633914,0.15802187,0.0601458,0.0633074,0.05626089,0.062550806,0.012203463,0.07197163,0.04582207,0.069719285,0.04509284,0.020727286,0.044994157,0.6792975,0.026053408,0.045172933,0.025733776,0.031545006,0.03694805,0.052256618,0.5443373
CXXC5,0.062680975,0.36635727,0.32813257,0.27047104,0.21555386,0.12962775,0.12472195,0.21319118,0.04467228,0.1985409,0.20865166,0.1973995,0.08716889,0.16215342,0.21630636,0.047576077,0.09882373,0.12487127,0.27638337,0.3560911,0.14936547,0.30400413,0.110779636,0.06020859,0.1571876,0.08773867,0.11261225,0.121528976,0.20556073,0.22133467
HBEGF,0.03490903,0.06858436,0.061075266,0.062748626,0.3494601,0.12925139,0.09084987,0.14520174,0.031421747,0.14053649,0.13063963,0.12582824,0.031222884,0.0950191,0.115756154,0.03970614,0.031965453,0.050006345,0.09553013,0.085773304,0.03951774,0.06678102,0.02547006,0.042609707,0.09892881,0.056151405,0.27485132,0.066463895,0.095797025,0.042723056
CD14,0.081945576,0.1997811,0.18815045,0.19135247,0.7112447,0.18502077,0.2554592,0.37553158,0.08159041,0.33319643,0.33614105,0.38659152,0.13670646,0.3061598,0.3154449,0.06267289,0.084648,0.16141373,0.2803783,0.25984105,0.09071924,0.19016051,0.08153,0.10221107,0.30572155,0.16309439,0.13361575,0.26741478,0.253556,0.10897292
PCDHB15,0.00013571876,0.00036682704,0.00032437587,0.19977355,0.0005450516,0.0004191759,0.0004696388,0.44556382,0.00017021663,0.0006704815,0.15509295,0.00070216006,0.00026964274,0.0005416627,0.00057544943,0.00018217221,0.00016575227,0.00033614854,0.0005367996,0.00046194997,0.00017832498,0.00036353397,0.00017771038,0.00019935858,0.0005595886,0.0002954212,0.00036137947,0.00042799782,0.000477623,0.00021247557
SPINK13,0.0001920626,0.00042873577,0.5484157,0.000431172,0.00063338975,0.0004589444,0.00056470593,0.0009180604,0.00021453173,0.0008408093,0.051839232,0.00081874896,0.00022777864,0.00074904837,0.0007192416,0.0001717405,0.00019802418,0.00028044533,0.0006535157,0.0004986898,0.00019461518,0.00040374565,0.00016992552,0.00022051312,0.00068494305,0.00039923965,0.0004035555,0.00059207255,0.0005457238,0.00024796522
CSF1R,0.046687618,0.09209204,0.09006679,0.087765105,0.3051768,0.5296265,0.1233206,0.18599966,0.045840036,0.17444465,0.15653507,0.1773897,0.06131283,0.15896402,0.14272387,0.037007567,0.04495319,0.08139902,0.13421446,0.11268043,0.04879842,0.09980478,0.03470805,0.0470595,0.14561982,0.077912964,0.14028436,0.108216755,0.120571025,0.06005827
CD74,0.12343401,0.21397837,0.2266781,0.23140758,0.1981116,0.14149462,0.13715203,0.3065097,0.032140367,0.2667229,0.20453867,0.2650958,0.039080042,0.2123326,0.15064505,0.048322663,0.048099764,0.08756743,0.1712539,0.1275578,0.044289313,0.070443615,0.01834119,0.07473084,0.20445661,0.25167686,0.28730553,0.12093607,0.11699172,0.14148238
TNIP1,0.04519847,0.11372932,0.11251187,0.11572064,0.23086248,0.12657386,0.1640924,0.2319958,0.0378046,0.2002486,0.21546692,0.20705128,0.08366971,0.1844572,0.18788771,0.054001547,0.03995836,0.10173257,0.1707486,0.16495018,0.06136614,0.12699257,0.035375994,0.06752331,0.17241712,0.0746711,0.09069161,0.15838012,0.15330485,0.061792076
SPARC,0.016956404,0.026911056,0.034336917,0.029248279,0.083638094,0.040146083,0.0348364,0.06794448,0.0152545525,0.059779823,0.045357775,0.05914941,0.015804853,0.042421404,0.04564854,0.014637249,0.037292305,0.017447384,0.03726459,0.03803757,0.015952125,0.02700706,0.011217172,0.7384605,0.046993453,0.020117078,0.029270886,0.03626325,0.032278482,0.026355868
FAXDC2,0.009401769,0.021773651,0.024547823,0.023530433,0.068034105,0.03665774,0.02989199,0.045599744,0.0118255345,0.044057485,0.04350815,0.068569586,0.02349256,0.0449568,0.041170754,0.026202083,0.025878312,0.015355945,0.06605025,0.030551119,0.02209671,0.03055638,0.010144988,0.59716916,0.0494988,0.03502817,0.071487084,0.025477195,0.03265521,0.05468747
EBF1,0.016737713,0.35734046,0.32678857,0.3196601,0.048423525,0.03802567,0.0402005,0.060604177,0.012530938,0.055038564,0.055608515,0.0637607,0.025474135,0.05071012,0.045150053,0.017397627,0.013753156,0.020530725,0.040238153,0.037195373,0.015726723,0.03008189,0.0170938,0.016973734,0.04453539,0.02817711,0.02995626,0.040704194,0.046541207,0.01771805
IL12B,0.00225032,0.010485335,0.0047514364,0.0028197023,0.010168698,0.01057567,0.0037461515,0.0054680738,0.0015624299,0.0050131422,0.00476846,0.0067735394,0.0016600488,0.003913566,0.0046588955,0.0014813881,0.0011842359,0.0025394626,0.0036857978,0.0043074028,0.0014742267,0.0027771937,0.0013027033,0.004629186,0.0038972672,0.0028116086,0.0053857984,0.0034361263,0.004525398,0.0017113497
PTTG1,0.16807842,0.064529054,0.07789474,0.05925774,0.07161957,0.07900273,0.12746584,0.11452357,0.6967685,0.15702772,0.15557002,0.108390145,0.32739925,0.09400894,0.15846355,0.050826002,0.03951731,0.035171557,0.06714962,0.08599779,0.23436195,0.05485382,0.13452671,0.02918173,0.16151455,0.12894455,0.10238216,0.118067116,0.1106514,0.050849915
HMMR,0.0040565464,0.019768577,0.05745839,0.024354057,0.017490705,0.018003114,0.022822812,0.023857653,0.6180372,0.037935834,0.020116951,0.026774758,0.42507008,0.020831965,0.017540963,0.005408368,0.008330519,0.0060585756,0.015774596,0.024329389,0.3709061,0.009866893,0.09769641,0.0065768817,0.014631182,0.058951836,0.016980743,0.01194997,0.013137715,0.0064048963
DUSP1,0.06993298,0.11700436,0.13357803,0.12509541,0.38815218,0.25871557,0.21670082,0.41960984,0.09265965,0.28302008,0.25637326,0.34123307,0.10086335,0.23804986,0.24751171,0.10665472,0.05550624,0.11967631,0.22280887,0.1926503,0.08501971,0.13639846,0.08342557,0.12007892,0.25433314,0.13073714,0.09343916,0.2070544,0.19109537,0.11315644
LINC01484,0.00044044064,0.0006859435,0.0006742955,0.00072196935,0.0028117,0.0008445473,0.000875038,0.0015485847,0.0004422102,0.0124763455,0.001163821,0.0013316168,0.00046031544,0.0010224484,0.0033092396,0.00047493906,0.00034846293,0.00062052923,0.00093440164,0.0008919441,0.00040050352,0.0007067279,0.031192211,0.00041568733,0.00095427496,0.00061508024,0.00073965936,0.0008140807,0.00087860716,0.00251468
HRH2,0.14815381,0.08515584,0.08510143,0.087671965,0.3283133,0.29336867,0.121261686,0.27011794,0.039252836,0.20282793,0.15516444,0.22184962,0.065256074,0.16276577,0.13646322,0.042799897,0.04208096,0.06344503,0.12880215,0.11188445,0.052225877,0.09435601,0.046996627,0.055117257,0.16733985,0.09120148,0.14332588,0.14917144,0.12254196,0.09107075
SNCB,0.00019339094,0.00035436233,0.00036114248,0.00047213963,0.0005184901,0.00045164098,0.0004705758,0.0007650091,0.00022667302,0.00063244894,0.00067709835,0.000682341,0.0003198327,0.00058021565,0.00050549797,0.00025025223,0.00016541057,0.00028722617,0.00046148195,0.0004395362,0.00020787145,0.0003625313,0.00019188535,0.00021363405,0.00053500436,0.00033698682,0.00036298193,0.00040988156,0.00041677977,0.0002192971
AC106795.3,0.00023692922,0.00036618236,0.0003649846,0.0003617542,0.00052781194,0.00043800732,0.00048481877,0.011294788,0.00018157365,0.0006659783,0.0006106968,0.00071190466,0.00033275466,0.00057837984,0.0047440035,0.0001980623,0.00017039974,0.0002716314,0.00051784544,0.00048200044,0.00022435642,0.0004036418,0.000148973,0.016410684,0.0005471168,0.0003217131,0.00038450203,0.0004067754,0.0004538561,0.00023534364
RUFY1,0.063788794,0.075903416,0.07843778,0.08820346,0.120698966,0.099230684,0.09616928,0.14623688,0.031516146,0.1354747,0.1352123,0.12983863,0.052449457,0.10927353,0.12822054,0.032452695,0.031188339,0.05989022,0.09969887,0.10626075,0.046207987,0.08916537,0.024911515,0.32769257,0.0854832,0.07834208,0.08008183,0.105714165,0.093241684,0.051397685
RNF130,0.09490688,0.11568306,0.12906262,0.13360932,0.3833494,0.19824572,0.17343137,0.30484334,0.07656572,0.25641346,0.22353087,0.24121556,0.08780637,0.20128927,0.2166701,0.078613795,0.068985805,0.099664316,0.19369385,0.1772953,0.057482183,0.14015749,0.04481505,0.079662554,0.20364282,0.09300541,0.21720858,0.19357593,0.165637,0.108975805
SCGB3A1,0.012917759,0.027755897,0.023972567,0.022842856,0.039746445,0.15527643,0.032086823,0.11422447,0.026494458,0.11072111,0.08563791,0.16123943,0.018715972,0.10192028,0.069339246,0.010409211,0.010504534,0.017329697,0.12634249,0.03387723,0.012360375,0.024195947,0.009570475,0.015553421,0.1150495,0.017699309,0.057259142,0.17200729,0.067995764,0.017855
BTNL9,0.0041713645,0.06338349,0.26620665,0.045062028,0.011188488,0.009233355,0.010100658,0.015346194,0.0037015558,0.012768051,0.01296019,0.016386472,0.0047293664,0.012609053,0.01257596,0.0040778727,0.0038018508,0.006708884,0.0108251255,0.010586811,0.0046862066,0.0072554634,0.003529976,0.0066264183,0.010462415,0.0075306934,0.016953267,0.009705064,0.01030307,0.0060081063
IRF4,0.33194205,0.09040565,0.07810073,0.10438057,0.06622942,0.049922455,0.05796268,0.11466835,0.067732126,0.07746469,0.10761569,0.070869125,0.07433407,0.06588659,0.101434685,0.02732865,0.0182677,0.032336745,0.054315623,0.07167272,0.055829637,0.09029112,0.18407482,0.027411398,0.068197764,0.035175562,0.19682471,0.06139837,0.06938562,0.460152
FOXQ1,0.0005419933,0.0010038876,0.00097445433,0.0009707277,0.0050437246,0.0010763251,0.0013574174,0.002124675,0.0005084929,0.0020413199,0.001804818,0.0019992427,0.00085267215,0.0014727225,0.0014806449,0.00051129924,0.00042384223,0.00080238876,0.0015079435,0.0012550686,0.00055218866,0.0010330668,0.00044511314,0.0005729743,0.0015389435,0.0009809192,0.00091661635,0.0011360084,0.001164153,0.0005982164
FOXC1,0.0024078856,0.0046862294,0.00752805,0.0045822067,0.011578362,0.015560088,0.0057989825,0.01246123,0.002266402,0.009884588,0.007826485,0.008431186,0.0031227018,0.0061475453,0.0064032967,0.0022708012,0.0020321026,0.0034844393,0.006412121,0.00699125,0.002498836,0.09854861,0.0020487898,0.015787462,0.006946828,0.0036955678,0.009728004,0.0049704183,0.005315525,0.0026121268
SERPINB1,0.050743263,0.108429834,0.10184308,0.11675529,0.21171229,0.09545229,0.17507565,0.2633785,0.049290366,0.20925117,0.20392531,0.21178094,0.06783498,0.16499737,0.19361666,0.08948246,0.1155707,0.08193832,0.1753402,0.16215083,0.060996298,0.11955473,0.056498032,0.09570818,0.1802982,0.06514878,0.091936275,0.13323727,0.16563559,0.04618206
SERPINB9,0.058789387,0.11229254,0.10513274,0.11764087,0.25022474,0.16163693,0.19931021,0.2830965,0.022500692,0.25900623,0.23040746,0.25402483,0.07426706,0.19744709,0.25262526,0.06553185,0.042745393,0.10046117,0.19139205,0.19915804,0.06661401,0.14640404,0.036815654,0.088813305,0.21416955,0.11732728,0.10816141,0.18291439,0.23544544,0.06495215
AL133351.1,0.0019380251,0.0044717467,0.004921223,0.005283415,0.01024024,0.0065957108,0.006087901,0.01072426,0.00232202,0.009965587,0.0082687205,0.014656144,0.02191763,0.017576717,0.0075037074,0.0023573954,0.012370207,0.00388478,0.0062034894,0.006159366,0.0022856724,0.004817961,0.001762213,0.07911753,0.00666372,0.003499377,0.004165229,0.0053063883,0.005930673,0.0023782733
PXDC1,0.024262559,0.031009,0.07657897,0.018208578,0.018367503,0.011735291,0.009452105,0.015471453,0.003984592,0.011218548,0.016549198,0.013665308,0.004594052,0.011141949,0.013293364,0.004037366,0.010212264,0.005685508,0.011230725,0.011019935,0.0037030966,0.0076989136,0.0035596327,0.053394366,0.010628507,0.035705913,0.07815244,0.008439047,0.009764694,0.004487286
F13A1,0.03760982,0.06135098,0.05821981,0.061842542,0.24690922,0.07474533,0.08232744,0.12581223,0.034303755,0.10918602,0.09723913,0.11321261,0.040118117,0.08516367,0.088364474,0.03511429,0.027208691,0.058977954,0.087154225,0.08058129,0.036694005,0.07319532,0.028131908,0.41218784,0.08879635,0.05056543,0.13098076,0.06805923,0.07757306,0.046939943
LY86,0.12831269,0.29605836,0.29954892,0.28182563,0.4983928,0.22865626,0.22049874,0.33841503,0.075615294,0.3173658,0.30745414,0.33216435,0.12150318,0.26254758,0.2594063,0.06581928,0.07403262,0.13964291,0.24743949,0.21853346,0.08699,0.16440071,0.065418094,0.097642355,0.24669011,0.37908286,0.34246033,0.21048054,0.22231087,0.09878716
DSP,0.0064033107,0.10392281,0.03493356,0.2180115,0.019624637,0.013883649,0.01614363,0.027273396,0.014374667,0.021257164,0.01981555,0.026398033,0.0070687355,0.018294191,0.021794714,0.007456651,0.0051048957,0.011193691,0.016704602,0.016945662,0.006136606,0.012645165,0.0054333247,0.007758986,0.022773938,0.010161372,0.013925424,0.0116022,0.015629156,0.0077818357
TXNDC5,0.0071936534,0.032989495,0.051243577,0.05088679,0.05069463,0.022647597,0.024015253,0.06259325,0.009206161,0.043355934,0.084331565,0.04065985,0.08849877,0.039160985,0.036692627,0.006572395,0.02878537,0.052627992,0.03383271,0.041010007,0.019000955,0.019195944,0.6651978,0.011915992,0.028515678,0.022530634,0.04086398,0.017811412,0.030938646,0.12360983
TMEM170B,0.0819206,0.10838375,0.11650997,0.11806264,0.5093998,0.23087083,0.14899758,0.24011144,0.06612513,0.21651763,0.21095242,0.21958101,0.055865917,0.16459884,0.15895866,0.04741599,0.053924784,0.08327924,0.1494492,0.1332472,0.068154134,0.1147654,0.051808756,0.069530405,0.16466956,0.0958963,0.16157445,0.12454939,0.13334012,0.118756495
ADTRP,0.021282408,0.048029087,0.0431529,0.045179386,0.07443443,0.061312202,0.067955025,0.55589944,0.03074412,0.23076247,0.10396579,0.11811098,0.02681658,0.07638538,0.07039226,0.03163149,0.018365758,0.034522843,0.08162814,0.057150196,0.027164398,0.04922751,0.02309741,0.030141521,0.36664557,0.038646813,0.047150705,0.07922133,0.065447636,0.035506703
EDN1,0.00496408,0.04194853,0.018077416,0.019390218,0.026447859,0.04226955,0.02527261,0.042903427,0.0048709125,0.040466197,0.01837409,0.043970235,0.007528348,0.033259332,0.019266756,0.004034595,0.008176519,0.006229064,0.012582557,0.012651674,0.0050836015,0.043729406,0.014008183,0.01761199,0.037772343,0.008038375,0.009901541,0.01148597,0.015271868,0.023188697
PHACTR1,0.118266515,0.14039169,0.09067082,0.16002268,0.21842743,0.09169879,0.07527958,0.12196052,0.024223033,0.10257826,0.09349329,0.11337121,0.0297814,0.092073396,0.09093219,0.023842063,0.049204502,0.034890298,0.08347608,0.07685674,0.027290458,0.058869347,0.024034923,0.033829816,0.08889094,0.09959679,0.21446775,0.07275205,0.06958921,0.2053121
CD83,0.040213138,0.08981356,0.07366763,0.10471219,0.21209902,0.14382781,0.09073243,0.1291014,0.023763685,0.10239068,0.12501991,0.1300333,0.04564429,0.11310971,0.11931778,0.042625617,0.032598864,0.050360132,0.0955938,0.087776855,0.038792904,0.06544975,0.027949797,0.039971042,0.09626942,0.07398062,0.08796255,0.07877016,0.095129035,0.04677689
GMPR,0.025991194,0.026738066,0.025106031,0.024634888,0.07594296,0.05158974,0.033238232,0.056740925,0.012244213,0.05016251,0.044480413,0.04604391,0.01810808,0.050192207,0.04107355,0.12405075,0.0653339,0.018812768,0.037313823,0.03571822,0.016313817,0.038120784,0.00922878,0.60637647,0.033363044,0.050919544,0.035300348,0.027802711,0.032609854,0.035382874
RBM24,0.0026460027,0.0043555168,0.004345028,0.0041423975,0.007966399,0.004754785,0.006772034,0.009526704,0.0019546584,0.009114992,0.02550633,0.008907843,0.0022392648,0.007803015,0.008280285,0.0024217446,0.0017087844,0.003568945,0.3183924,0.008214061,0.0025353795,0.0048508556,0.0020356288,0.0022959164,0.0065309107,0.004316998,0.004127966,0.005746163,0.011355911,0.0025765086
RNF144B,0.055957053,0.098261,0.09145216,0.09284697,0.34330788,0.30681106,0.11314758,0.19229078,0.045741234,0.1763289,0.1431326,0.17234787,0.07236589,0.14834176,0.12707153,0.040446837,0.048846763,0.052595805,0.12321518,0.11320297,0.047949247,0.089755885,0.030871589,0.06023652,0.13268961,0.07714876,0.12248103,0.09458652,0.0941642,0.07207599
MIR548A1HG,0.00022107211,0.0003815137,0.00039028478,0.00038229942,0.0028181989,0.0004513559,0.0005195995,0.00082263636,0.00027940326,0.00071760634,0.0006613307,0.0007690891,0.00022621293,0.0006152277,0.0006306064,0.00017976455,0.00018769766,0.00033570852,0.0005833889,0.00053539185,0.0002503436,0.00042552463,0.00017802723,0.0002401455,0.00057638553,0.00039736365,0.0003872903,0.0004500801,0.00050220004,0.006143237
SOX4,0.41625735,0.11180069,0.10741812,0.14543155,0.35543668,0.22381078,0.13496757,0.32953504,0.08806713,0.23036695,0.17789513,0.27154315,0.069946654,0.15943952,0.17289594,0.04378331,0.46546292,0.2658683,0.16441931,0.17112352,0.07376433,0.20401533,0.03948905,0.091524474,0.16681302,0.21742283,0.17055406,0.20283233,0.2082385,0.3160707
PRL,0.0011435011,0.002075512,0.0019658376,0.0020176112,0.0051034503,0.0049929875,0.002997387,0.005806771,0.0010445409,0.0040071877,0.004177932,0.050341483,0.0013300154,0.003353429,0.0031109196,0.001034892,0.0010221918,0.0015449283,0.0030085158,0.002813402,0.0011309168,0.002187971,0.0009904205,0.001129497,0.0033799182,0.002154678,0.0019148552,0.0031586336,0.0028820413,0.0012978872
GMNN,0.044178657,0.043609962,0.046856612,0.03931794,0.053634707,0.057300314,0.07123669,0.067787364,0.23328997,0.06389154,0.07256322,0.0658692,0.28345308,0.051565446,0.06917302,0.020232208,0.03502248,0.04688538,0.048722457,0.064007856,0.23496869,0.040966775,0.06035745,0.017728347,0.06674762,0.09277354,0.05170198,0.051830754,0.051083382,0.030861031
HIST1H1A,0.0054297987,0.011615912,0.0109791625,0.014025342,0.014416654,0.0114826765,0.04315139,0.045123022,0.050073694,0.06405841,0.046598148,0.041579418,0.008928147,0.045030825,0.03351764,0.018470878,0.013923175,0.0059304037,0.041380707,0.050688125,0.04126561,0.05310071,0.005460207,0.008016452,0.023957634,0.033944394,0.014522274,0.012531445,0.021944424,0.015707841
HIST1H3B,0.002118446,0.0066384594,0.015265609,0.013045542,0.00971789,0.0073967986,0.011417368,0.015534361,0.46247563,0.014435986,0.014153384,0.01488356,0.2398908,0.010225421,0.019348778,0.002953969,0.013851865,0.005056814,0.0072453525,0.015654957,0.29038462,0.0048740325,0.05612412,0.013148717,0.01059195,0.0047339504,0.012958175,0.0108777145,0.017715069,0.006031246
HIST1H1C,0.06504591,0.15830064,0.122692876,0.1726432,0.16611409,0.12600887,0.19116327,0.2782574,0.10908866,0.24625665,0.24348238,0.24473543,0.12233898,0.21119535,0.260189,0.058748137,0.051529884,0.112885095,0.22174077,0.22757877,0.14909057,0.15462872,0.04631772,0.12498395,0.2208674,0.10489027,0.09868032,0.17126176,0.18215215,0.099202864
HIST1H4C,0.06124924,0.17762217,0.15338606,0.19800481,0.21490891,0.16651933,0.25914377,0.38155574,0.23819487,0.29239473,0.32782423,0.3624261,0.17820571,0.2791208,0.32419616,0.07906489,0.05414251,0.15842387,0.27396935,0.27845752,0.21745671,0.21053731,0.070619434,0.102750495,0.26051903,0.10127404,0.118394345,0.23663655,0.25141218,0.111491494
HIST1H1T,0.00041479515,0.0007040641,0.0006381834,0.0006682081,0.0009921,0.00069701957,0.0009662737,0.0012215056,0.0003966443,0.0011832903,0.0012349887,0.001258012,0.00044673253,0.0011836552,0.0011043673,0.00027968417,0.00024631224,0.00061441766,0.0010553038,0.00087008753,0.0003142897,0.0006728341,0.00029103959,0.012778402,0.00089104736,0.0006950249,0.0006533537,0.0007787255,0.000942332,0.00040208307
HIST1H2AC,0.042576354,0.09021712,0.08238059,0.10155342,0.13815245,0.09475316,0.11560001,0.17289546,0.030096283,0.17182896,0.14168222,0.15965767,0.045957137,0.14880459,0.12364635,0.030487414,0.048013914,0.08212795,0.11712177,0.11611354,0.076006256,0.098063916,0.026880061,0.5152062,0.1325344,0.06114388,0.072507836,0.099792846,0.108041056,0.095306516
HIST1H1E,0.042821873,0.11592086,0.099752545,0.123269215,0.1388938,0.10873349,0.18561475,0.22580113,0.045822274,0.21364103,0.22219114,0.19277628,0.08185466,0.17850873,0.20649518,0.05498668,0.03561574,0.1048713,0.18632306,0.18207091,0.087104045,0.14445624,0.036166657,0.07147811,0.18712722,0.08846859,0.08366236,0.13701278,0.17324047,0.06572834
HIST1H2BG,0.021540357,0.044484716,0.051970303,0.054932315,0.0494504,0.038288064,0.07904334,0.08258074,0.041817237,0.07345131,0.09136037,0.08042701,0.029725136,0.07161098,0.090473995,0.015333552,0.052863013,0.033645645,0.062446445,0.055100363,0.0329305,0.045620058,0.027945047,0.072215185,0.07128943,0.040094435,0.036989015,0.09228144,0.06065111,0.05392687
HIST1H2AE,0.012784088,0.058141403,0.04973194,0.050570846,0.061677437,0.049143966,0.08825656,0.09615949,0.13560967,0.08933675,0.09107358,0.10239039,0.06716422,0.098189056,0.09644707,0.014939388,0.038693834,0.043273885,0.067635,0.08717593,0.08800665,0.064036466,0.025921801,0.24816206,0.05494783,0.059160195,0.04671464,0.050002065,0.087726474,0.05424428
HIST1H1D,0.088655524,0.13377269,0.13048597,0.15656805,0.19080916,0.13803244,0.23508883,0.30703267,0.1561415,0.27741334,0.29895955,0.27868772,0.105301246,0.24486946,0.2807357,0.06768346,0.039629005,0.14601251,0.23725972,0.24018376,0.12686923,0.17777826,0.05635202,0.0797397,0.24077152,0.13623315,0.11560567,0.22405124,0.22168323,0.1089079
HIST1H3F,0.0042066593,0.00962207,0.009826791,0.016204111,0.013574487,0.013573313,0.026340552,0.017396966,0.2882752,0.018392986,0.017088275,0.01516022,0.15568194,0.014179073,0.017676523,0.002620676,0.0030610124,0.006040619,0.012865247,0.036966108,0.30218002,0.012205339,0.041836355,0.0057475273,0.010966432,0.006148368,0.010875578,0.022038765,0.023858657,0.004348239
HIST1H2BH,0.016559893,0.031812895,0.029364435,0.03627289,0.041364834,0.028147986,0.040256847,0.044696953,0.24589606,0.042782526,0.036000434,0.04189347,0.093473785,0.044335615,0.040401377,0.019140394,0.03366926,0.024036467,0.028654864,0.051870845,0.21419787,0.046014544,0.059432775,0.08414223,0.040869687,0.01846674,0.036412016,0.053587914,0.043934595,0.032895263
HIST1H3G,0.0029101805,0.013988792,0.013961193,0.016063802,0.015113407,0.008167194,0.011587215,0.022310061,0.6357875,0.021707803,0.014473257,0.01640387,0.13748345,0.023186944,0.024810174,0.0027943393,0.0047791195,0.005636427,0.009991854,0.0136727495,0.34963226,0.018093562,0.08143516,0.004645593,0.01179579,0.0061873733,0.0111487275,0.007890485,0.011022584,0.003544331
HIST1H4H,0.010373335,0.043545518,0.03399901,0.044730216,0.046608273,0.0332285,0.04301472,0.07304357,0.14817083,0.05856789,0.052649174,0.06713546,0.12287747,0.054384526,0.056117643,0.0107346475,0.02300578,0.071836755,0.0616693,0.052524675,0.067182004,0.04470414,0.03726519,0.06357056,0.040036343,0.029906278,0.03045977,0.061160006,0.043467544,0.021045761
HIST1H2BJ,0.009549259,0.03337938,0.025733886,0.028171308,0.039020512,0.02606123,0.034849152,0.055889986,0.04784052,0.048683263,0.044044502,0.04691141,0.024403315,0.03812576,0.032839287,0.0088412715,0.01167684,0.017350044,0.036241237,0.029792113,0.053283628,0.02222794,0.016380653,0.4425858,0.035647314,0.025940252,0.020838598,0.02995635,0.03423293,0.02413099
HIST1H2AH,0.009290724,0.04750569,0.03955444,0.051506277,0.033618417,0.029824195,0.058817215,0.05957818,0.294155,0.051701467,0.07575958,0.055926114,0.11534379,0.04594152,0.08027681,0.027038174,0.03573157,0.014106889,0.05678349,0.074329734,0.29138306,0.05260045,0.051752362,0.016932828,0.03052532,0.038653474,0.04655925,0.025240185,0.055906046,0.032075524
HIST1H3H,0.012618493,0.035203967,0.031256165,0.038391817,0.048258044,0.037485313,0.032033537,0.062177468,0.08672999,0.05394707,0.058945548,0.06393712,0.048555035,0.051657617,0.053886414,0.018252071,0.019263024,0.018628106,0.04016151,0.04707429,0.052717857,0.026805,0.012647031,0.44388074,0.037574664,0.031928428,0.03399067,0.03899554,0.040370725,0.01950279
HIST1H2AJ,0.0087833665,0.028207907,0.028668702,0.02930263,0.023680642,0.019824924,0.039307624,0.038080275,0.6339481,0.038624514,0.054243598,0.035332225,0.1847281,0.057469033,0.036600035,0.0063794972,0.026449533,0.009758709,0.023294099,0.052522738,0.20819394,0.036537744,0.04436492,0.011151653,0.025637945,0.11353073,0.03633386,0.12183338,0.02992428,0.025628962
HIST1H2AL,0.06808214,0.05980548,0.04802358,0.05792613,0.054613296,0.05872635,0.043496605,0.047925122,0.1517198,0.047879178,0.041369565,0.047747597,0.119981915,0.051873058,0.055672567,0.0078493375,0.013255391,0.015317419,0.034787547,0.05319088,0.17636202,0.03318245,0.04808274,0.020362457,0.036900807,0.16440263,0.07692553,0.060549367,0.04630964,0.06203744
HIST1H1B,0.062026847,0.08161228,0.060773443,0.08411221,0.07187617,0.056344107,0.08528578,0.09656254,0.3064842,0.08640261,0.0871069,0.093133144,0.26866466,0.07636866,0.09475203,0.026483048,0.033195306,0.036760762,0.06035338,0.115610644,0.23325714,0.06377979,0.079520114,0.03328855,0.06406099,0.17121048,0.095923565,0.054521255,0.07440848,0.10202282
OR2B6,0.0023444393,0.00449997,0.004882961,0.004788874,0.013013603,0.008735583,0.006660028,0.010944947,0.0022022107,0.008627495,0.008332203,0.011342213,0.003306547,0.008206544,0.0073806043,0.0018506201,0.0022334198,0.0038014534,0.006984768,0.014099094,0.0023902871,0.0049878582,0.001885699,0.118409306,0.008136604,0.0048281346,0.0042174878,0.0061344947,0.006263661,0.0029765472
AL049543.1,0.013319958,0.008391074,0.030642556,0.011080572,0.008333453,0.006284138,0.0072185076,0.052210417,0.014170596,0.027238347,0.0136719225,0.042089406,0.0036897368,0.015143445,0.010396665,0.0028433485,0.0045369077,0.0043318486,0.008371904,0.0065951156,0.0030334843,0.005081135,0.0049091536,0.003446422,0.016474562,0.0146745825,0.005213742,0.006736025,0.007866564,0.003107647
UBD,0.00028757844,0.0005722269,0.00054755626,0.00060013856,0.004803173,0.0007316374,0.00072906644,0.0012064698,0.00022220322,0.0011550953,0.0010170077,0.0010542528,0.00034133042,0.0009443793,0.00088436727,0.00032478367,0.00024733032,0.00043248208,0.00079661456,0.00065820763,0.00033389602,0.0005721456,0.00026629868,0.00034514416,0.000888083,0.40022653,0.006631265,0.00075633137,0.0007592681,0.00037343457
TRIM31,0.023456482,0.0017467085,0.0016579916,0.001738987,0.0030943386,0.002374196,0.0025097353,0.014378719,0.0008237362,0.008258004,0.0066650193,0.010935815,0.001286931,0.0030111233,0.0033638307,0.0007790417,0.0008978307,0.001200757,0.00256026,0.0021998994,0.0010127428,0.0019081288,0.00077971065,0.004359329,0.007372106,0.0013667193,0.0035839651,0.0020828622,0.0025071534,0.0011273604
TRIM40,0.0008837022,0.0012176821,0.0012282007,0.0011704727,0.0020351345,0.0014500746,0.0015388055,0.0024950432,0.0007593444,0.003829581,0.0020411327,0.0020148745,0.0009217038,0.0016851521,0.001686986,0.0007632659,0.0006005512,0.00097093655,0.001658761,0.0015699426,0.00070975506,0.0012207415,0.0006458876,0.082561105,0.001691686,0.0010836602,0.001306093,0.001513753,0.0014578674,0.00081014
TUBB,0.06631348,0.1143012,0.1366597,0.12569198,0.17245507,0.14205085,0.18692112,0.24614827,0.22879563,0.22405513,0.20730063,0.23057911,0.19671953,0.19564916,0.20273018,0.050071303,0.06652259,0.12397704,0.17355919,0.19474813,0.20987572,0.138748,0.04991617,0.08656157,0.2065048,0.08629837,0.072562195,0.16700111,0.17795762,0.090952955
IER3,0.06242858,0.102796756,0.0981345,0.105504215,0.41185743,0.14213547,0.140243,0.23666398,0.037655167,0.19522852,0.17953357,0.21491252,0.07922567,0.16431363,0.16014795,0.045361858,0.043865338,0.09265489,0.15005814,0.1416388,0.06345609,0.109261364,0.04579407,0.06606387,0.17659757,0.08945681,0.1159299,0.121709175,0.12997614,0.06082277
TNF,0.03521771,0.074146956,0.06970682,0.07441226,0.3114045,0.2447111,0.09729955,0.1414395,0.02651795,0.1301479,0.14752604,0.12420644,0.043062977,0.10621335,0.123370424,0.039050892,0.030283619,0.06308998,0.14963323,0.098183505,0.04382234,0.06666195,0.026273748,0.046296626,0.10448698,0.053463478,0.07499707,0.06699267,0.09734216,0.044544578
LTB,0.14356107,0.46739903,0.5803095,0.4835392,0.65712726,0.3071857,0.40854207,1.0602626,0.22017406,1.1621567,0.98801094,0.67692435,0.26989025,0.7873742,0.49295175,0.18040188,0.2295274,0.42197564,0.6590888,0.4467856,0.24075273,0.2926297,0.20230128,0.2621502,0.60095096,0.31231812,0.4209005,0.3911544,0.39590436,0.18823613
LST1,0.1118694,0.17961335,0.17070645,0.16936837,0.48177814,0.7223259,0.23153669,0.38894403,0.12322305,0.2661432,0.30219516,0.38992548,0.118147954,0.26179767,0.28868845,0.10440149,0.04975079,0.11988062,0.23951614,0.23543519,0.09193677,0.18164591,0.09624108,0.11547213,0.2870048,0.10665895,0.26746348,0.23472562,0.22217809,0.0772551
NCR3,0.061523624,0.2369393,0.2361978,0.20414573,0.18588603,0.157043,0.21544479,0.27188152,0.06961821,0.26131597,0.44633856,0.3147998,0.21160555,0.34535807,0.4228483,0.059663806,0.053661168,0.18868758,1.2117714,0.59326893,0.24411099,0.37425548,0.054860286,0.07851112,0.24188389,0.10587613,0.12649922,0.18841739,0.4938684,0.07388145
AIF1,0.037279304,0.18962516,0.19452739,0.19579531,0.4717411,0.60917455,0.2802594,0.3665795,0.109615274,0.42378256,0.36367425,0.23077089,0.115648136,0.28299114,0.31481045,0.099704936,0.0675877,0.17208678,0.32062867,0.24352165,0.108630955,0.22424816,0.09071601,0.1262335,0.29335308,0.14724858,0.24780431,0.22942472,0.23593003,0.083980255
LY6G6F,0.0025610346,0.0092643825,0.0073553226,0.008292685,0.016345082,0.0098415725,0.01299271,0.015203575,0.0041558524,0.012815832,0.012333126,0.016108189,0.007233264,0.012293655,0.011847603,0.0039713485,0.003514322,0.0043940255,0.010127176,0.01021255,0.0038749124,0.0071113845,0.002896192,0.29045334,0.011854705,0.006101682,0.007139082,0.009476278,0.00899085,0.004500615
MPIG6B,0.015615526,0.022065086,0.020016711,0.02457742,0.041710373,0.025532747,0.033238076,0.04752822,0.009623928,0.034405462,0.03222901,0.046237763,0.009939896,0.029414171,0.034512866,0.0122045735,0.011115752,0.015981365,0.027318787,0.036026347,0.01332804,0.033780254,0.009488629,0.5119247,0.039153133,0.01850708,0.020228703,0.019277357,0.027001683,0.046371065
HSPA1A,0.033538137,0.0707117,0.07029789,0.06814355,0.21088603,0.15461546,0.1346961,0.17771696,0.039869737,0.1555058,0.13240276,0.1353307,0.044159934,0.10583205,0.14820383,0.031600296,0.053308863,0.062484294,0.10323,0.108207375,0.050668415,0.08046782,0.028867655,0.041702863,0.120192,0.06497668,0.09208521,0.08156183,0.113733344,0.04477203
C2,0.0068728356,0.023017244,0.01979819,0.019567918,0.09014507,0.16346759,0.02828403,0.04702939,0.012688361,0.04191377,0.04447348,0.047973286,0.016568424,0.03968698,0.031992942,0.011709507,0.009888217,0.015635863,0.029201852,0.02638256,0.012253697,0.022428878,0.009181995,0.0114387795,0.03156916,0.017693967,0.023771198,0.024943523,0.027429461,0.011075759
HLA-DRA,0.12899372,0.22769514,0.20601061,0.2404724,0.1897922,0.16946112,0.17064558,0.25426465,0.04499649,0.21682493,0.20990801,0.27201998,0.066486284,0.23003791,0.16779196,0.060615662,0.031144526,0.06148951,0.18370442,0.15339738,0.057918984,0.10075005,0.040549777,0.06445942,0.1915531,0.26966107,0.27588153,0.13532019,0.13267973,0.09978452
HLA-DRB5,0.07572469,0.14902464,0.13913473,0.16150986,0.18630476,0.19077851,0.11782877,0.20905623,0.04204893,0.14869726,0.16277573,0.18730386,0.045632124,0.15317965,0.13102217,0.04608147,0.038738787,0.06761283,0.13464294,0.11254175,0.042176567,0.098558396,0.028700775,0.05251955,0.13784666,0.27293077,0.30276212,0.10774301,0.11064621,0.07191168
HLA-DRB1,0.18706085,0.24095517,0.22853123,0.26700103,0.2653417,0.2361364,0.17372045,0.3365221,0.038822297,0.28579116,0.27536657,0.33027935,0.08776707,0.29112622,0.20001934,0.07587272,0.04467272,0.13951735,0.22010224,0.15881565,0.066502884,0.1262192,0.037087962,0.090872064,0.24259585,0.36715353,0.40379846,0.14262167,0.15232842,0.09891531
HLA-DQA1,0.263516,0.55552757,0.4873283,0.5603167,0.3414304,0.2982417,0.19638266,0.275085,0.04802117,0.24174476,0.23982601,0.3037483,0.11294438,0.22576496,0.25944683,0.06409786,0.06089277,0.13112599,0.19552703,0.20491162,0.0756588,0.1526695,0.053008936,0.089214705,0.2343463,0.8186751,0.6735755,0.20387688,0.18404464,0.20861393
HLA-DQB1,0.14584847,0.23153675,0.20564991,0.25668275,0.25632337,0.12797064,0.1439052,0.2333258,0.0331334,0.19924966,0.17582731,0.21200594,0.042523164,0.16647412,0.16470103,0.058000762,0.02606137,0.095128804,0.15465617,0.13583004,0.05533561,0.111930124,0.030093076,0.06563332,0.16241062,0.31308472,0.40459287,0.12381361,0.12612714,0.086141735
HLA-DQA2,0.12852307,0.251765,0.20836161,0.28361565,0.23460487,0.20771389,0.083202586,0.1421717,0.037413277,0.103976406,0.10447081,0.12108033,0.06977182,0.090716094,0.12308374,0.029077612,0.027613714,0.04361334,0.08875872,0.09853291,0.040391225,0.082601696,0.034751847,0.043956965,0.09851366,0.41396978,0.4795987,0.07205557,0.08724128,0.14791788
HLA-DOB,0.054376144,0.4156109,0.35916546,0.5368287,0.070691355,0.053234093,0.05959116,0.09224254,0.026435096,0.08799667,0.09731002,0.09370088,0.03764091,0.07995476,0.074518144,0.026851207,0.023814453,0.035555154,0.06656003,0.06673805,0.028364118,0.05183917,0.031251065,0.025919626,0.07138312,0.39308318,0.09994586,0.0535436,0.06645873,0.027920142
HLA-DMB,0.11857905,0.21910638,0.2199336,0.28641355,0.2396833,0.12768915,0.14612584,0.23395687,0.04976157,0.2147311,0.19032606,0.2387256,0.084797874,0.1748463,0.1851785,0.048600297,0.056266945,0.07697955,0.16163225,0.15134235,0.057065174,0.12485833,0.04673335,0.06646668,0.18010071,0.26628664,0.29731792,0.1426495,0.15395738,0.1194207
HLA-DMA,0.15284863,0.17897813,0.15432061,0.19969343,0.2866512,0.16670373,0.14471273,0.19867828,0.05039471,0.17550462,0.18926425,0.19975181,0.07065387,0.14994454,0.16418713,0.05173302,0.048143733,0.07577544,0.15100785,0.14200118,0.051305994,0.114379406,0.031915676,0.06985784,0.15324266,0.23873971,0.33093455,0.13222675,0.15696053,0.120696686
HLA-DOA,0.12469132,0.2626463,0.21503371,0.2911899,0.10291908,0.08303517,0.06491807,0.103359684,0.026762411,0.09156141,0.08519463,0.15766376,0.03406119,0.09100388,0.09034961,0.019017337,0.034366474,0.037490714,0.060365118,0.057263583,0.028041977,0.052926034,0.023465833,0.028283417,0.072042234,0.25840172,0.36840683,0.07726259,0.0769514,0.12574854
HLA-DPA1,0.27470815,0.29781434,0.28867647,0.29587165,0.28757885,0.4163475,0.15967639,0.4151237,0.06265708,0.36954284,0.3247523,0.3599707,0.098921485,0.2995383,0.18509452,0.06906115,0.05808668,0.12679741,0.23393017,0.18092777,0.07513949,0.13440123,0.046086363,0.107968196,0.27578506,0.5607521,0.57368773,0.1925316,0.16330561,0.16567303
HLA-DPB1,0.24758804,0.36768466,0.38211346,0.37530923,0.32216755,0.32775837,0.19338262,0.46374413,0.103868224,0.39090246,0.38306957,0.3617709,0.085925974,0.32661018,0.25726545,0.09511702,0.04694915,0.15565917,0.28880295,0.21347664,0.08632176,0.16059613,0.06984466,0.13306156,0.32513985,0.68666327,0.6541019,0.29625282,0.20764862,0.17044768
KIFC1,0.0030923183,0.0077254605,0.03072182,0.008341797,0.011831621,0.0092551485,0.007958875,0.01678138,0.39152253,0.017348012,0.011999821,0.013229663,0.23417771,0.022235332,0.012918109,0.0031095755,0.0027911903,0.0041780453,0.0112468805,0.0112751415,0.44205132,0.008000214,0.047225293,0.0040804977,0.0118034305,0.059930928,0.019110134,0.0076048025,0.016922995,0.004736805
PACSIN1,0.04113816,0.02172949,0.022363463,0.019726109,0.028174061,0.019025987,0.019740008,0.03150783,0.017297704,0.036256548,0.05617244,0.037401393,0.10223031,0.025446769,0.039062634,0.0060703657,0.028034166,0.012209703,0.06837267,0.036538444,0.024991982,0.2662397,0.007992402,0.015394059,0.02458376,0.091525845,0.014780088,0.1893781,0.03348039,0.60391146
CDKN1A,0.08233781,0.09324171,0.092740566,0.08916389,0.32681495,0.19350559,0.11926476,0.17259079,0.044496603,0.14551248,0.15219106,0.16913803,0.07417518,0.14635108,0.13785024,0.039344385,0.034679662,0.07994405,0.13686739,0.11424327,0.053266287,0.09113815,0.03777938,0.15883188,0.12892067,0.10061313,0.15598142,0.11493166,0.108110815,0.06521826
CPNE5,0.024193948,0.2164397,0.35450968,0.1345266,0.050474208,0.037494335,0.03303479,0.055665273,0.015863296,0.04635636,0.04431308,0.051504664,0.020171013,0.039250653,0.037861623,0.015120843,0.012477441,0.020155612,0.03361033,0.03458407,0.014242207,0.029576188,0.15559341,0.10367518,0.03556782,0.020774508,0.028734487,0.041525844,0.032787547,0.019392602
FGD2,0.113235414,0.16378947,0.14572833,0.14106275,0.18348956,0.21959259,0.07714906,0.14035766,0.023034269,0.12867646,0.11788779,0.12301745,0.051979996,0.11472014,0.09763746,0.03066733,0.028630005,0.04982514,0.10356674,0.091164425,0.033653,0.07164692,0.031139202,0.03940532,0.094039574,0.16143186,0.15466867,0.078034766,0.086071834,0.07956549
CCDC167,0.046732757,0.08862289,0.10142454,0.082703054,0.10797937,0.078947775,0.16228496,0.16777986,0.1429355,0.2109949,0.21979241,0.15934755,0.1495576,0.1750267,0.17993411,0.039544813,0.035080172,0.086466804,0.16901737,0.14832337,0.13300496,0.09619383,0.08757466,0.048487306,0.14827763,0.063780054,0.06805105,0.12324589,0.15364598,0.041011352
DNAH8,0.0031349878,0.047806103,0.15215532,0.00696624,0.00928976,0.008496251,0.008414209,0.011816373,0.002874412,0.012754107,0.014148479,0.011616496,0.004608318,0.009209944,0.010096334,0.0027881078,0.0028360076,0.0047848863,0.008334073,0.008550752,0.0032121155,0.0059550595,0.019830897,0.0035721506,0.059636425,0.0052226083,0.005390038,0.0068146638,0.008393838,0.0036759377
KCNK17,0.17953233,0.0058160136,0.005868526,0.005908917,0.010995775,0.007865273,0.00767339,0.016531367,0.0032230504,0.01238188,0.010055618,0.012282,0.0040661385,0.008672479,0.012278305,0.0036015953,0.1411941,0.43241423,0.0084732575,0.008660098,0.0030672138,0.11369104,0.0027630418,0.003404181,0.009184093,0.0057212966,0.030279374,0.00773672,0.007614551,0.45828205
TSPO2,0.00028337,0.0007120262,0.000676064,0.000662365,0.0014895704,0.0008052166,0.0010099895,0.0014880873,0.00033157467,0.018280879,0.0013273719,0.0014154888,0.0005731636,0.0013275052,0.0012333343,0.35914722,0.00032837447,0.00053124427,0.0010740261,0.0010388023,0.0003649906,0.0007134452,0.00027981173,0.00039540362,0.0010465469,0.00067644473,0.0007327581,0.0008333416,0.0009472262,0.0004107266
TREML1,0.016509894,0.019732393,0.0224987,0.022514122,0.06983905,0.02876313,0.031543095,0.053706896,0.009792844,0.047355123,0.041834705,0.048497513,0.013518857,0.030615585,0.04168862,0.008766631,0.0086101,0.015501867,0.052825935,0.031446733,0.01093553,0.02286828,0.008654434,0.6660423,0.06695723,0.020453516,0.021774227,0.02517707,0.026309986,0.041186165
TREM1,0.03388455,0.0551724,0.05836549,0.05847459,0.27791268,0.09200126,0.071477614,0.13104576,0.027307168,0.10345416,0.08780534,0.1136199,0.034969483,0.09544444,0.08991765,0.034768227,0.025095051,0.038734116,0.07936802,0.06795556,0.030624915,0.055226587,0.02587479,0.0380048,0.08681532,0.06693109,0.08009219,0.07679557,0.073258504,0.038311634
PTCRA,0.009298854,0.017206298,0.017395949,0.016965643,0.038711064,0.023014786,0.030354103,0.037316445,0.008469673,0.03442021,0.03215867,0.044860143,0.013181915,0.028470399,0.030643811,0.011120801,0.008923453,0.012575454,0.026268257,0.024134595,0.0096912915,0.018246436,0.0077812346,0.4550763,0.026782526,0.015646001,0.02005363,0.01861822,0.022943743,0.31587777
VEGFA,0.027203824,0.0639298,0.06244369,0.059862792,0.28636122,0.07305068,0.07854953,0.13149892,0.023845112,0.10784664,0.10684484,0.118064456,0.03593799,0.10593489,0.10032779,0.025542969,0.028224964,0.0382713,0.09403106,0.08083206,0.03396456,0.06532375,0.035646863,0.03451989,0.0980518,0.06732488,0.202834,0.089407906,0.0774353,0.038770422
NFKBIE,0.033828396,0.083228886,0.06507451,0.07499343,0.20249088,0.13775627,0.08598894,0.1164141,0.040466733,0.1046753,0.10521354,0.11351194,0.042475075,0.09089025,0.106469385,0.035742313,0.025680343,0.057990193,0.07375129,0.08810044,0.032128245,0.06440617,0.028517628,0.03283973,0.08648066,0.06398891,0.12157925,0.08655805,0.08551851,0.06483912
AL096865.1,0.096513264,0.026307909,0.037528347,0.026466936,0.050295196,0.035884347,0.12624982,0.06814479,0.036408734,0.094493255,0.08559664,0.08991268,0.039998632,0.08558054,0.09708469,0.0118709095,0.05971121,0.01794141,0.08572332,0.041999746,0.017247913,0.12782872,0.045482017,0.022466123,0.052683055,0.030881567,0.0699654,0.04559022,0.058858316,0.609838
PLA2G7,0.0130757885,0.025659729,0.025254142,0.028774442,0.15914635,0.041201457,0.033644445,0.052406628,0.017675424,0.04199235,0.043688834,0.04982473,0.020716649,0.041489497,0.04052226,0.01519993,0.011131224,0.017274138,0.034277838,0.032424167,0.014420211,0.025646675,0.012035443,0.020797782,0.035034746,0.026780566,0.045797467,0.029232386,0.02927499,0.01689788
TNFRSF21,0.32807732,0.023168415,0.014990622,0.01713439,0.03745477,0.037257742,0.018185245,0.031178055,0.007899007,0.0249028,0.022938984,0.02657154,0.007078381,0.02022943,0.018280832,0.0069822986,0.015332288,0.0095192855,0.017258063,0.01583098,0.010013176,0.01149129,0.0053763166,0.010569781,0.016969452,0.03908935,0.08382263,0.01258111,0.018300941,0.6513529
MCM3,0.040827405,0.113513574,0.116331644,0.11444111,0.11952655,0.101001605,0.16258071,0.23096988,0.3018058,0.22162206,0.20467027,0.24595343,0.35118037,0.19192886,0.1725904,0.029848821,0.065489806,0.07747713,0.13531013,0.1735181,0.30111435,0.14078063,0.043851066,0.043537207,0.14246695,0.07408781,0.10032063,0.16747971,0.16453391,0.06923646
FAM83B,0.00016317653,0.00039294746,0.0003865917,0.00039162204,0.0005706993,0.00044834008,0.000524143,0.00086914276,0.0002394246,0.00071984925,0.000636291,0.0007911721,0.00025645536,0.00073563843,0.0031683738,0.0002535086,0.00019332359,0.00031150374,0.0005563439,0.00047870228,0.00021663982,0.00039411813,0.0001701404,0.00023009909,0.0005737562,0.0003556863,0.0003991538,0.00050867227,0.0004607899,0.00023447652
COL21A1,0.00019870939,0.0002898397,0.00029198083,0.00029393,0.007908666,0.00035692894,0.00039322732,0.00062700675,0.00018827831,0.00054792047,0.0005079447,0.0005906587,0.00018588723,0.00048128513,0.0004542805,0.00021731925,0.0001286494,0.00026438956,0.00040856822,0.0020188983,0.00015500015,0.088054046,0.00013118988,0.00017376903,0.00040093713,0.00029342202,0.00029712843,0.00030287175,0.00034910755,0.00018117999
DST,0.07312507,0.051815275,0.054225393,0.050392967,0.20368262,0.15022272,0.063650474,0.13245685,0.05074353,0.12582207,0.09480345,0.104752444,0.037833497,0.0806713,0.090266265,0.024836043,0.095695116,0.12771933,0.07471405,0.089004174,0.03904856,0.13392454,0.025768612,0.031290453,0.082092956,0.42284876,0.28135645,0.06556113,0.07099517,0.13224176
BEND6,0.148282,0.0064105834,0.0056813825,0.0063179936,0.010408776,0.0077553415,0.008128622,0.015078281,0.002882557,0.010625861,0.010334618,0.014187533,0.0037256093,0.010933033,0.017089194,0.0034521488,0.034527715,0.004395956,0.008381171,0.010006515,0.0030900782,0.012326904,0.0023819255,0.0070794714,0.008469018,0.12984747,0.12842897,0.0073316875,0.011619376,0.39149964
COL19A1,0.01294589,0.25463662,0.10881442,0.44180918,0.043409895,0.029597485,0.032125805,0.060847264,0.011837584,0.050399635,0.04332183,0.057253156,0.039653804,0.037366122,0.03635556,0.029783763,0.012417207,0.019131448,0.04271034,0.033427622,0.013707305,0.02557478,0.018042054,0.02000339,0.037571486,0.021038143,0.026367435,0.09379897,0.032962482,0.016345598
AL365226.2,0.00026381525,0.00035630443,0.00036205756,0.0026768579,0.0007172651,0.00045823416,0.0005082276,0.005407058,0.00019784628,0.034037456,0.0106630605,0.0007548178,0.0002636406,0.0005700228,0.0006469559,0.00018129784,0.00016364324,0.00033945145,0.0005496311,0.0004709364,0.00020684543,0.00044687392,0.00015149674,0.0002252307,0.3009044,0.00037162236,0.00038345734,0.00040769516,0.00054553075,0.00022104739
OGFRL1,0.05681097,0.12629531,0.13547596,0.14396478,0.36316025,0.19034092,0.19734207,0.28020924,0.05409882,0.2607119,0.2965082,0.27163735,0.09554189,0.25756738,0.2205577,0.053988356,0.06252706,0.107951306,0.23255889,0.19760135,0.073228136,0.16059348,0.04679591,0.0813684,0.20177005,0.12868254,0.16772112,0.17431033,0.1872317,0.06451286
SH3BGRL2,0.020607429,0.03840969,0.041900754,0.039942864,0.08068571,0.05629206,0.05585859,0.09741403,0.018576205,0.10224789,0.08126094,0.20578621,0.026263213,0.11300749,0.078228176,0.020462433,0.051423036,0.0363201,0.10289275,0.053217858,0.023424288,0.03880914,0.017120378,0.8581052,0.05847511,0.03422731,0.041593168,0.055613432,0.06340655,0.02544745
TTK,0.0043835915,0.030113343,0.026479505,0.022710117,0.022616833,0.018577592,0.026805555,0.032182556,0.6072027,0.026788097,0.032665774,0.03698483,0.3198576,0.023629243,0.021031678,0.004770801,0.008114495,0.0084729055,0.03490044,0.03566822,0.49410567,0.009607443,0.042675983,0.0072544054,0.014160766,0.02353059,0.025143208,0.08801781,0.014631179,0.0055272793
TENT5A,0.078726456,0.10874191,0.09257791,0.108728796,0.2606036,0.26622295,0.13869807,0.19916718,0.045930285,0.14061536,0.1574411,0.20622343,0.10358712,0.14413963,0.16962038,0.045960933,0.075234056,0.13002358,0.1596579,0.21896718,0.07820032,0.1669614,0.03648076,0.052140176,0.13198951,0.10453557,0.16002746,0.09687941,0.13408819,0.058824766
PRSS35,0.0035161474,0.0049783993,0.005324506,0.004960906,0.007707482,0.005751026,0.007582387,0.0124845095,0.0031584334,0.011054333,0.07539617,0.0104751,0.0032450233,0.027154367,0.008208312,0.0029816094,0.002147319,0.004379162,0.39721933,0.00732981,0.002991616,0.0058393627,0.0022650587,0.005781835,0.0072722086,0.0046354714,0.0054730484,0.0056368927,0.022432745,0.0030980343
NT5E,0.0300747,0.11364726,0.31339777,0.29373527,0.06984524,0.057777125,0.06569802,0.123887464,0.024537634,0.16475241,0.18670852,0.3827936,0.03731661,0.24569511,0.110024326,0.08658421,0.020069825,0.033136554,0.08998185,0.06667911,0.026683323,0.0561955,0.023664288,0.027792884,0.09003567,0.044776794,0.0482745,0.06809097,0.13141587,0.027967377
UBE2J1,0.0642714,0.12969708,0.17100821,0.14385222,0.223409,0.17004547,0.15003364,0.23925084,0.023185212,0.18874635,0.18272987,0.21322665,0.07704472,0.16505632,0.1837872,0.055531006,0.04039036,0.098143496,0.16693936,0.1550159,0.0509913,0.13328798,0.14681989,0.087718286,0.1580265,0.07124192,0.08134832,0.13229582,0.1490003,0.16478552
PRDM13,0.00026736318,0.0008058028,0.0007586904,0.0008527072,0.0012259876,0.0008838641,0.0011723473,0.001678327,0.00041863686,0.0015137488,0.0014062658,0.0016247518,0.0006462535,0.001341638,0.01990544,0.0004544124,0.0003294542,0.0006543894,0.056876432,0.0017767441,0.00044576256,0.0008419907,0.0003034336,0.00042434284,0.0011510603,0.0006624691,0.00082088396,0.00089070416,0.07648151,0.0004849448
PRDM1,0.053833142,0.11143106,0.115548305,0.11879698,0.1983525,0.14203683,0.32320532,0.24273165,0.050735965,0.35746586,0.40443197,0.23618269,0.13312653,0.2782051,0.3380713,0.05568318,0.052551143,0.09796855,0.42703345,0.33459947,0.113701984,0.12503168,0.10952275,0.07322352,0.2121385,0.10296566,0.12964289,0.15278906,0.24628286,0.07060711
CD24,0.0141736,0.3839474,0.41416726,0.3050343,0.046058513,0.03462089,0.037314348,0.059997175,0.012300571,0.048610415,0.048075713,0.060813323,0.017971594,0.04356625,0.046160955,0.019222258,0.011226097,0.024886118,0.04156916,0.04154224,0.015191123,0.034270693,0.011554818,0.020106386,0.043488413,0.02255926,0.029699244,0.04164801,0.0380999,0.018620249
MARCKS,0.072323605,0.17227484,0.16553678,0.13756825,0.35499218,0.32500094,0.18454696,0.27312028,0.056547724,0.24283788,0.24216081,0.2588624,0.10051701,0.20086195,0.22202921,0.057039943,0.056698877,0.084606886,0.18619715,0.17467338,0.07676292,0.13918777,0.055276204,0.08067223,0.20845534,0.08594962,0.115434796,0.15025355,0.18232715,0.07183421
DSE,0.048737478,0.120581165,0.08940868,0.10902924,0.2783327,0.16112605,0.10469686,0.16439433,0.03670069,0.14996506,0.17369023,0.18223086,0.06795316,0.12934303,0.1296052,0.048397936,0.04953338,0.054077238,0.12458358,0.10700601,0.04732737,0.089210995,0.030837288,0.13798216,0.115251,0.26024058,0.2042693,0.099932864,0.11605633,0.0974136
CALHM6,0.09419548,0.2176778,0.18733153,0.3165836,0.3244672,0.52091247,0.1344253,0.25283867,0.042172145,0.22586057,0.19713888,0.24891408,0.06726944,0.18494518,0.18243125,0.052466616,0.073522694,0.104615815,0.17113754,0.15933023,0.06981709,0.11438189,0.045628138,0.0689403,0.17008941,0.19742592,0.27354848,0.13538137,0.14660795,0.089962736
TRAPPC3L,0.0045019905,0.008165995,0.0098365955,0.0089221625,0.01911531,0.011696197,0.018570589,0.020314358,0.0046032625,0.020266498,0.020048808,0.01709744,0.004723637,0.012750007,0.012383082,0.003618616,0.006186445,0.0076905927,0.01372774,0.010622412,0.0050384896,0.00860003,0.0040531103,0.26908314,0.019649021,0.0075100246,0.009396672,0.009942717,0.01173364,0.0050763064
MAN1A1,0.048847318,0.10309581,0.10088888,0.11127367,0.20023027,0.16272536,0.21932548,0.22191283,0.064049475,0.20900394,0.21745172,0.17483498,0.11528224,0.15843381,0.2550449,0.04248738,0.08837563,0.10683484,0.21038875,0.30216736,0.11129162,0.11230964,0.24582417,0.13254857,0.13951555,0.12165448,0.12979113,0.07961765,0.22061796,0.16478744
GJA1,0.00023111363,0.00043019227,0.0004077563,0.0004157935,0.0006144765,0.0004753677,0.00052367756,0.00081985915,0.0002475771,0.0007725674,0.0006958852,0.0009363927,0.00037974905,0.00062337273,0.0005782288,0.00031998561,0.0069951843,0.0962556,0.00064917747,0.00049390056,0.00024800823,0.00038404632,0.00017258973,0.00026156646,0.00058628287,0.00046921635,0.00044604973,0.00048732533,0.0037882007,0.00025520223
PKIB,0.022128765,0.026553946,0.0147094345,0.016383333,0.03571216,0.04041014,0.023444891,0.04195794,0.0084897,0.03033393,0.032455966,0.03660534,0.024910823,0.028007414,0.024271797,0.007917777,0.0115665225,0.089627534,0.023058243,0.019939335,0.008904277,0.017406015,0.011770115,0.013037818,0.022120906,0.15824045,0.67853564,0.017444948,0.024779337,0.016080283
CENPW,0.02120942,0.034043435,0.040624406,0.02781509,0.07943761,0.068717964,0.044629496,0.053993724,0.2613786,0.048498154,0.04382018,0.051990815,0.13914268,0.04431023,0.039352674,0.012002823,0.03572766,0.016396217,0.046675473,0.031218657,0.19134901,0.025783718,0.04933304,0.015663281,0.031473104,0.058732998,0.061305862,0.03580545,0.039173182,0.034560945
ARHGAP18,0.11401604,0.110841505,0.106072254,0.10050886,0.25527987,0.13017915,0.15381934,0.19320819,0.05860461,0.2018716,0.21396416,0.17949294,0.10912346,0.18305284,0.2404568,0.035042673,0.050691288,0.08418011,0.17219138,0.24322434,0.09424674,0.14087337,0.058533244,0.48260453,0.17741396,0.10543603,0.15625876,0.1900517,0.2119584,0.16952693
SAMD3,0.046312656,0.10018811,0.09961804,0.09892643,0.1378221,0.105955385,0.3043436,0.28397292,0.07450604,0.23926048,0.30803224,0.24253897,0.19055933,0.24753551,0.37091294,0.041024406,0.044125743,0.16413613,0.28135523,0.37466213,0.121350035,0.32185057,0.034775533,0.06861925,0.17509542,0.085834794,0.09503531,0.21250828,0.25856957,0.060270447
EPB41L2,0.03710284,0.17447995,0.12570038,0.24139589,0.16714443,0.18004021,0.082506865,0.16847658,0.061131284,0.16400535,0.17151362,0.15368152,0.0461049,0.100162834,0.124152094,0.024319395,0.049894694,0.061753258,0.13191241,0.08477843,0.07055195,0.10471674,0.036709562,0.0402292,0.11265646,0.13695207,0.27458328,0.10503902,0.10941445,0.054330196
ARG1,0.0013472851,0.0027668327,0.0038332636,0.0026702844,0.004514694,0.0076822303,0.0040078927,0.012771935,0.0017844607,0.0076993764,0.005382472,0.00714791,0.0018508986,0.00449144,0.0041470123,0.048019428,0.0012479449,0.002651851,0.004453865,0.0044808416,0.0016965552,0.0030470542,0.001177325,0.0016449624,0.19078833,0.0026970354,0.0039683683,0.005628464,0.0035872874,0.0016454264
ENPP1,0.002158409,0.0044081146,0.0074367127,0.010207271,0.0067075184,0.0063712494,0.0054634996,0.008229357,0.0024998088,0.01839276,0.016296627,0.010034389,0.0032384836,0.020106418,0.009117651,0.0022768725,0.0018390012,0.10023027,0.011037692,0.007322003,0.004828267,0.07190084,0.0021596665,0.0023097666,0.014703947,1.6020715,0.0037441414,0.05231906,0.0055315103,0.002396983
MOXD1,0.0024011484,0.031398494,0.049431738,0.057406735,0.007128624,0.0053413683,0.006500878,0.010919841,0.0034485143,0.008843781,0.008721911,0.009581357,0.0038088514,0.007676588,0.011616612,0.0029283436,0.0021125542,0.004426509,0.0070714876,0.0063499655,0.0030605365,0.0050024036,0.042919382,0.002731373,0.006279943,0.00496448,0.0050737704,0.0048768115,0.011510287,0.053544033
STX7,0.09687929,0.23818323,0.1730689,0.30069208,0.21997501,0.16780008,0.16206728,0.24475779,0.03715132,0.21179652,0.20612797,0.21768008,0.06568877,0.1939085,0.19645734,0.056604818,0.060297858,0.08711555,0.17405449,0.17123547,0.053343307,0.12485104,0.03673622,0.084527515,0.17032042,0.07671518,0.13674061,0.14352444,0.16508842,0.14120996
VNN1,0.010114575,0.03239139,0.031108407,0.028251208,0.17772718,0.08124589,0.041683428,0.06362919,0.013137919,0.051116113,0.048793245,0.053862173,0.01729828,0.043305907,0.044685274,0.017737042,0.013008409,0.022523206,0.040138707,0.037686437,0.015614928,0.02936514,0.012639019,0.029548263,0.04309707,0.028261255,0.04526005,0.028054839,0.0355742,0.015621247
VNN3,0.018539317,0.03746801,0.040363766,0.04099729,0.28884205,0.057204235,0.046656214,0.09605028,0.022917587,0.07765355,0.062355336,0.073843434,0.023458753,0.06997207,0.05840608,0.029472198,0.017445002,0.032700878,0.05508907,0.052047987,0.022013403,0.037265375,0.01639146,0.025199393,0.062179923,0.03707069,0.037829835,0.052182496,0.05325614,0.023108559
VNN2,0.047357928,0.10955883,0.0860997,0.09235365,0.33628157,0.13167329,0.11119914,0.19449767,0.041143894,0.15204875,0.14875634,0.18938293,0.04648329,0.13318907,0.1691967,0.049089927,0.038394433,0.061028156,0.123003304,0.12899707,0.056782853,0.099625945,0.03964371,0.04968524,0.1417715,0.06675209,0.07928908,0.14199336,0.12699759,0.053030923
SGK1,0.053684913,0.11023904,0.101939514,0.11356139,0.39968193,0.13432053,0.14882512,0.22368418,0.042050317,0.18719234,0.18580922,0.20251298,0.05811058,0.17050295,0.17136736,0.059176084,0.042511646,0.08278409,0.14854936,0.12705189,0.0641925,0.10712103,0.04481336,0.05763489,0.16944078,0.089211255,0.12295103,0.11980707,0.16026047,0.06164178
AL078590.3,0.00028628018,0.0005036131,0.000479756,0.00047855865,0.002118347,0.0005360691,0.00060197257,0.0009739194,0.00018010125,0.0008340457,0.00075821654,0.00095617934,0.00021370054,0.0006691737,0.0007145829,0.00022847381,0.00022352643,0.00034220857,0.0006604552,0.0005864061,0.00023652201,0.00048869743,0.00021913991,0.0002562655,0.9588158,0.00042897268,0.00043748057,0.0005339134,0.0005645972,0.00029118732
MYB,0.022060947,0.015736159,0.017805213,0.018451542,0.045018822,0.020832323,0.019601783,0.08830498,0.14245458,0.03921238,0.03914421,0.09123364,0.04639363,0.03561356,0.035213407,0.007409437,0.5341055,0.010063761,0.020289313,0.020714741,0.012694705,0.014824574,0.013545673,0.011293236,0.068075426,0.015700264,0.019549487,0.551244,0.04359141,0.09257548
IFNGR1,0.071563005,0.10663343,0.11119833,0.11958458,0.24634029,0.17688605,0.1639255,0.25766298,0.059918642,0.19924411,0.19863291,0.20680657,0.07311766,0.16588259,0.22690111,0.065259926,0.035854686,0.09085392,0.18771644,0.18705857,0.06529488,0.11980206,0.045164682,0.082341716,0.16840467,0.12001511,0.11235984,0.14106426,0.19962801,0.058361553
TNFAIP3,0.07811896,0.174814,0.16575973,0.17209128,0.42659065,0.22431797,0.26152003,0.3863414,0.100228,0.3820678,0.4217193,0.34273285,0.11620402,0.30121627,0.3190078,0.099751405,0.077055685,0.23450679,0.30125642,0.2462412,0.07402226,0.22140688,0.06929041,0.11093551,0.29236713,0.13501523,0.17869006,0.21901828,0.23766036,0.075298935
PERP,0.010856421,0.026901504,0.031989,0.026799904,0.033976823,0.027594738,0.13353512,0.05416098,0.02396008,0.108947754,0.1712426,0.049750675,0.03837945,0.098471075,0.121831454,0.014274614,0.008355159,0.03213878,0.14774878,0.04142135,0.016629083,0.029450605,0.12482862,0.015135238,0.05514793,0.016487012,0.021719256,0.024925606,0.092972495,0.013961245
CITED2,0.06067476,0.12134514,0.1207509,0.13315135,0.28229716,0.16222516,0.25319317,0.30380905,0.040438086,0.3110308,0.26979497,0.30748707,0.16039383,0.24218813,0.23066162,0.05826392,0.07358599,0.23342356,0.21314758,0.21143575,0.09369869,0.18585591,0.05751009,0.07484148,0.23187788,0.08882638,0.110322244,0.22484654,0.17447473,0.079988554
ADGRG6,0.01688007,0.0050606607,0.0049887733,0.0055047427,0.011098984,0.015180495,0.0073820404,0.026482036,0.0023221395,0.0125844125,0.008975353,0.01826387,0.004614688,0.024739807,0.0077587897,0.00251267,0.5608329,0.004155796,0.007140879,0.0075976923,0.0029568681,0.005460607,0.0021418168,0.002793005,0.008457038,0.74013215,0.13854666,0.007179501,0.007018706,0.0032354863
STX11,0.043577883,0.05031033,0.05128651,0.054718107,0.17334774,0.18512604,0.08654085,0.104130246,0.025286758,0.088704474,0.10766393,0.10162017,0.04962417,0.07646368,0.087423824,0.031844288,0.023846397,0.032167915,0.07953109,0.08037475,0.03710832,0.059494663,0.019123018,0.05805156,0.084649794,0.049267054,0.0751678,0.06669133,0.07559346,0.031139642
RAB32,0.061233148,0.07496381,0.072395995,0.072837815,0.26750776,0.14515279,0.10789952,0.1603,0.041474015,0.14898317,0.14729658,0.14657286,0.051864132,0.11749882,0.11878619,0.040588673,0.03663243,0.06368786,0.108863205,0.09892119,0.04191062,0.08589402,0.031932395,0.18199658,0.12146824,0.28989652,0.15608928,0.0950654,0.09557916,0.045571398
SASH1,0.030205658,0.07014586,0.0678583,0.07579771,0.38175195,0.33495897,0.09940486,0.15068841,0.034175094,0.15086018,0.12812579,0.14611946,0.050510436,0.12287366,0.12268772,0.029246245,0.030749554,0.052098308,0.10606116,0.09964233,0.041726016,0.07392396,0.028841117,0.03522006,0.11367371,0.082695365,0.06123251,0.092585236,0.101867884,0.041367024
AKAP12,0.0031985363,0.005699487,0.006957703,0.038659375,0.012572518,0.021953449,0.0073571545,0.019014971,0.0028423916,0.03230026,0.010619905,0.011617653,0.0048326943,0.03969415,0.015055933,0.0026302405,0.003201,0.0046808505,0.010514923,0.012917138,0.0029674172,0.012202939,0.002406847,0.0032372882,0.0084926,0.0065123616,0.005762641,0.0074552936,0.0122554,0.0033953201
CCDC170,0.012738873,0.025258986,0.024567414,0.025492603,0.12790261,0.08877526,0.032881614,0.052605525,0.012783557,0.04543901,0.048018865,0.0537683,0.01726176,0.039485954,0.041039895,0.011340759,0.010329083,0.017716233,0.035508584,0.03192473,0.013780023,0.027907597,0.01108656,0.01567751,0.0361618,0.026593892,0.062808976,0.027632723,0.035281282,0.016619585
SYNE1,0.07898504,0.16163348,0.15000533,0.16657794,0.21181206,0.17233522,0.35824454,0.3400321,0.12585254,0.272174,0.31262043,0.34062967,0.14224355,0.23940204,0.513501,0.07407471,0.056117658,0.1256882,0.29434168,0.4448391,0.16280523,0.2763982,0.049929433,0.10326702,0.273232,0.096246526,0.12880696,0.21988267,0.3399093,0.07876612
MYCT1,0.0030962587,0.0057627936,0.005562625,0.0055733644,0.01091319,0.0074965223,0.008002664,0.0118384445,0.0028714202,0.00999266,0.01044897,0.012565426,0.0044826604,0.008401155,0.009870522,0.00425011,0.19307147,0.0042788223,0.008215782,0.0072548157,0.0029202902,0.0059163,0.0044744126,0.120118186,0.008718184,0.0045016273,0.0059946403,0.0074614584,0.007969166,0.003472282
FBXO5,0.022326073,0.036344517,0.050771423,0.045954183,0.04053947,0.03575336,0.052493777,0.07393842,0.2443217,0.06327407,0.055217788,0.058348212,0.06769385,0.058871455,0.060288854,0.012592791,0.023374047,0.0746983,0.05941072,0.06459334,0.18938477,0.050192505,0.06577142,0.016812742,0.05527414,0.038594294,0.038062382,0.0729054,0.05795663,0.032117523
SOD2,0.05859155,0.13299176,0.12994367,0.150919,0.42702186,0.1869766,0.2065475,0.31270567,0.049873766,0.2784407,0.27695018,0.27402973,0.12864798,0.25389314,0.23331551,0.055887397,0.04833085,0.14701335,0.2323469,0.21015005,0.07654101,0.17011721,0.061563455,0.16693453,0.22601928,0.11623552,0.11228508,0.18859394,0.1974802,0.07690451
CCR6,0.018271903,0.18408145,0.12946418,0.18644562,0.07378504,0.059822362,0.07780281,0.12198084,0.043358337,0.3376082,0.3496094,0.09763906,0.029330753,0.1308632,0.08458576,0.02569668,0.018690066,0.0919774,0.3058682,0.06367016,0.025072712,0.076484546,0.017897878,0.030214109,0.096121274,0.08740895,0.09024754,0.051464137,0.08776084,0.0352359
SMOC2,0.00028430726,0.0138901295,0.0004138805,0.0004511089,0.00071075966,0.0005072291,0.00052695005,0.00087142264,0.00020264449,0.00076246884,0.0007690246,0.0008025696,0.00030565422,0.00059472525,0.00053496915,0.00023971102,0.00017980294,0.00029428708,0.00058672257,0.00051964866,0.0002331165,0.0004286973,0.00018259439,0.0002283884,0.00059544196,0.00035800392,0.0004015039,0.00048364018,0.00049486407,0.00023467455
PDGFA,0.00738259,0.015683554,0.01456318,0.011326272,0.025955254,0.01536726,0.023727853,0.030023957,0.007496539,0.02046159,0.022099698,0.027550329,0.0067487704,0.020028448,0.028647237,0.0066719414,0.006010421,0.032911316,0.016950076,0.020446602,0.010068962,0.042362824,0.0063203587,0.44436702,0.018164648,0.013284016,0.011352909,0.0130044725,0.023634767,0.010136407
AC147651.1,0.011063244,0.019720653,0.018718395,0.01984279,0.038126238,0.025322968,0.025034029,0.04443389,0.012361162,0.042765476,0.035938907,0.039485354,0.012545543,0.032822333,0.032517243,0.007081253,0.009149876,0.016790744,0.029868698,0.031637345,0.010284804,0.021162508,0.008482124,0.5943524,0.038444817,0.018736247,0.01894065,0.023127887,0.02466443,0.021297395
ACTB,0.10118327,0.15943696,0.1306318,0.15756428,0.23080386,0.23893444,0.17462459,0.40737233,0.23122887,0.25225842,0.26116097,0.2846946,0.1205136,0.22741939,0.209253,0.18530749,0.11863315,0.06788799,0.18076728,0.16377477,0.08910276,0.1484273,0.13843064,0.1702192,0.19789287,0.25186232,0.24302402,0.17780481,0.18118691,0.045831874
FSCN1,0.012928065,0.018273028,0.032464553,0.019368676,0.10675274,0.022687422,0.025072085,0.03920709,0.014460129,0.036043923,0.032121375,0.038705707,0.013451026,0.030224543,0.02924423,0.007953337,0.12698267,0.027697233,0.024457354,0.022949046,0.009670542,0.01951965,0.010040425,0.009522844,0.032607,0.12109804,0.094185136,0.020518936,0.02437216,0.01129603
TSPAN13,0.35881802,0.15082976,0.14651354,0.4013996,0.047610275,0.039868355,0.050317384,0.07380099,0.025361145,0.06401798,0.05649704,0.07430112,0.031699423,0.05508479,0.055327546,0.018111221,0.032185953,0.023833469,0.047827832,0.045910023,0.027485702,0.039959695,0.025747526,0.054521214,0.051116664,0.11923114,0.03404566,0.059196103,0.055899255,0.5741241
AGR2,0.00015051312,0.00033309797,0.0003191839,0.019130241,0.001281047,0.0025976861,0.0003935007,0.00071307615,0.00019416113,0.0005534082,0.0005313609,0.00064837775,0.00021324429,0.00051019853,0.0005163884,0.00019169057,0.2886197,0.0002541443,0.00045707158,0.0003979385,0.00017882552,0.00030174686,0.00015401494,0.00020044167,0.00042530932,0.00032465757,0.00033768604,0.0003258025,0.00039446002,0.00019324012
AHR,0.071230896,0.077119164,0.075800106,0.07350371,0.2670088,0.097024165,0.10399893,0.1692889,0.034201574,0.15221746,0.16425814,0.15541047,0.03955469,0.13043433,0.1231368,0.036782723,0.033913646,0.09697753,0.10861373,0.09498063,0.041276854,0.10706481,0.02822248,0.043702934,0.13355689,0.08497865,0.14056914,0.11543668,0.09385116,0.04883905
HDAC9,0.06889259,0.12149035,0.09585941,0.14634368,0.18186946,0.0981346,0.061156087,0.08881865,0.0284191,0.08937775,0.07748005,0.0877025,0.039906092,0.08254259,0.07958884,0.025874088,0.026508514,0.03846186,0.066655695,0.07558999,0.036755595,0.056017805,0.028502932,0.040849432,0.0698165,0.2273767,0.16220596,0.05222845,0.067265764,0.09579684
TWIST1,0.0004231081,0.0010947179,0.0010704595,0.0011109066,0.0032444003,0.0013410427,0.0016227502,0.07788431,0.0005292956,0.9571915,0.002085234,0.002486879,0.0008618598,0.0019092017,0.009999625,0.0006875234,0.007307905,0.0010096431,0.0017189013,0.0040694904,0.00061054097,0.0012680477,0.0005360197,0.13006768,0.0019453835,0.0010364918,0.0010875372,0.0014830166,0.0014715692,0.000614815
TWISTNB,0.058626764,0.09147898,0.08076869,0.0867062,0.13231897,0.08979133,0.11727683,0.16673914,0.047502197,0.14975673,0.14076802,0.15696305,0.062071234,0.1473041,0.14165983,0.03425182,0.04122694,0.09254474,0.12187909,0.10688383,0.04884241,0.09161857,0.025827873,0.037488088,0.127211,0.062056277,0.07927151,0.09728648,0.10070689,0.054183874
CDCA7L,0.061255425,0.19468607,0.17089726,0.34015077,0.07104669,0.06461831,0.06343759,0.23167513,0.122439206,0.101762,0.091281556,0.18085158,0.16690266,0.09112967,0.07375574,0.026480043,0.06809589,0.03833871,0.07194771,0.06188205,0.0768144,0.046251837,0.04124578,0.029702244,0.12091636,0.09146272,0.06769558,0.09044036,0.07522025,0.15740015
IL6,0.017147977,0.053579986,0.03114744,0.040654715,0.12166803,0.058446493,0.030249182,0.052525528,0.012230816,0.047096293,0.051345598,0.046408426,0.022444608,0.03639153,0.043218017,0.014006201,0.01117746,0.01956902,0.03563263,0.03791885,0.014005461,0.029378945,0.011434803,0.016959725,0.03650031,0.028496131,0.029244876,0.028476762,0.04030806,0.017696789
GPNMB,0.0035390693,0.0069303364,0.006465518,0.006986529,0.036509484,0.016476959,0.0078525385,0.015992375,0.0027184803,0.015131887,0.014793114,0.012975615,0.004713191,0.009829476,0.009590938,0.0034768644,0.0031533374,0.0049788887,0.0096434085,0.008535672,0.0034744958,0.007370793,0.0053567244,0.0038688926,0.010735596,0.0061107343,0.011709317,0.007560264,0.007906196,0.011265626
IGF2BP3,0.0063442714,0.044193782,0.052993104,0.023941347,0.06825339,0.029247465,0.022252338,0.04339798,0.007953696,0.041823845,0.028589504,0.039372653,0.014848637,0.033422675,0.030504763,0.0100024305,0.022117166,0.05881177,0.026714614,0.024022955,0.009938071,0.021097114,0.017579827,0.33361548,0.02762408,0.014489914,0.020896632,0.021803774,0.021256331,0.011304539
SNX10,0.065205,0.15741532,0.14121054,0.17319581,0.28488815,0.22100121,0.15477872,0.20949166,0.037292026,0.1968262,0.1984964,0.23118651,0.069759466,0.18475522,0.19235334,0.052243434,0.049519822,0.09774867,0.16988046,0.18497993,0.06239567,0.12530634,0.043325137,0.07074681,0.1751573,0.10847622,0.12683947,0.11734955,0.16057296,0.067250475
KIAA0087,0.00063283695,0.0012210711,0.0012336662,0.0012622881,0.0019415404,0.002070769,0.0017262767,0.012748589,0.00052865176,0.0057702824,0.0023484046,0.014379486,0.0007787759,0.002149363,0.0018868684,0.0090766335,0.36269435,0.001142217,0.04368671,0.007777705,0.00069848343,0.0012093894,0.0005657232,0.0007184689,0.0018965726,0.001044643,0.0013297503,0.0014798563,0.0014671759,0.0071176384
SKAP2,0.09426722,0.1513918,0.1448982,0.16002874,0.28834882,0.23921464,0.19247173,0.30208993,0.040393777,0.2768906,0.2785434,0.31292707,0.1059323,0.24150942,0.24227637,0.059269175,0.052952025,0.15315379,0.21211414,0.2097876,0.08561128,0.17635886,0.034515988,0.120493874,0.21263503,0.1025745,0.1453281,0.17665288,0.17822073,0.13101722
HOXA5,0.0068077696,0.014310153,0.0136852125,0.014479787,0.06405283,0.027050693,0.016572285,0.024844298,0.0063828877,0.023606714,0.023349749,0.022731366,0.006106162,0.018849216,0.023194883,0.0046293563,0.19521418,0.014077892,0.028404165,0.031129913,0.005748203,0.19405703,0.008190108,0.0067738923,0.017562905,0.011227708,0.0687647,0.013025339,0.017560605,0.0079288995
HOXA9,0.020188773,0.008251004,0.00639677,0.006895503,0.018864702,0.011870805,0.010401577,0.01829266,0.0036228166,0.013206991,0.017718427,0.013481584,0.0040093763,0.009522817,0.01562534,0.0033396853,0.365871,0.052801184,0.014892523,0.017827926,0.006568443,0.077880315,0.003206235,0.0040180716,0.0105179325,0.0583852,0.04762708,0.0073150303,0.035452686,0.010540607
HOXA10-AS,0.0020528778,0.0031831358,0.0028864662,0.0030265276,0.005098392,0.003574556,0.004660553,0.0059782104,0.0018662988,0.006132224,0.0055054524,0.006024547,0.0021125653,0.0046100346,0.0068486826,0.0016904663,0.16198,0.009328407,0.004153802,0.0109853735,0.012008583,0.052361023,0.010226153,0.011041183,0.004819028,0.0029473084,0.011030627,0.0033241382,0.007910051,0.01599735
CREB5,0.041054856,0.069542155,0.072555006,0.07281644,0.3565929,0.08247992,0.09155011,0.16444285,0.037226807,0.12311662,0.12088821,0.14310452,0.04486149,0.11321837,0.11150457,0.030872382,0.030697994,0.045578066,0.10274222,0.088773765,0.034099057,0.07016486,0.027886992,0.03868592,0.105592035,0.06598751,0.13696048,0.09130962,0.08852137,0.044000536
CPVL,0.05328311,0.09107258,0.08440732,0.09603125,0.31874436,0.1476136,0.12620945,0.19627811,0.034635257,0.16301946,0.15259542,0.18112458,0.055056073,0.13791272,0.12788022,0.04152027,0.0354435,0.06355564,0.13144709,0.12230022,0.0439785,0.0955218,0.039192583,0.05272061,0.13680895,0.3447206,0.2679868,0.114461064,0.11938787,0.055526413
MTURN,0.028879711,0.067426614,0.062065117,0.059179176,0.13074525,0.062138207,0.0825979,0.12890841,0.020511236,0.101682775,0.09186319,0.106265455,0.035980653,0.094804466,0.099063344,0.032747526,0.12275206,0.053872354,0.066372484,0.085010655,0.030191252,0.0683439,0.02227748,0.4926646,0.09997635,0.05418304,0.0690079,0.11875792,0.084805705,0.08228772
PPP1R17,0.0043516182,0.009092697,0.007860694,0.008442762,0.014233124,0.21431594,0.010662239,0.015301008,0.017467003,0.015044598,0.015135053,0.0148758,0.0038042597,0.013399566,0.01190887,0.0036152937,0.0033942163,0.006016685,0.011777184,0.012114002,0.0038163564,0.008242246,0.0035849512,0.003984483,0.011601184,0.00709286,0.007670391,0.009161466,0.010580695,0.0046074945
NT5C3A,0.055516515,0.15219718,0.13564295,0.17890674,0.19081165,0.14988208,0.19480911,0.26769868,0.035936523,0.23723024,0.22729337,0.23910378,0.110143036,0.20744763,0.21583803,0.05332647,0.054270234,0.087988555,0.1886929,0.18094824,0.070286095,0.13739637,0.043781005,0.30429605,0.2323877,0.07473995,0.09565595,0.20241888,0.16427517,0.068119325
ANLN,0.00242909,0.008180068,0.006417362,0.0074290205,0.025001315,0.008364647,0.008720389,0.014077446,0.260902,0.016339673,0.010543604,0.014841562,0.13249472,0.009134744,0.011654433,0.002158274,0.0086338725,0.003964346,0.008523414,0.009912508,0.2232025,0.0061089587,0.04501988,0.0061133006,0.009053987,0.005256649,0.010967659,0.007956053,0.0073691085,0.0034906652
AOAH,0.06830997,0.12073822,0.11273529,0.115765646,0.29878324,0.17125082,0.170229,0.30106834,0.07994609,0.22557802,0.21967463,0.2516101,0.123103246,0.20494579,0.23893955,0.062774,0.05056729,0.12562427,0.1877235,0.24906081,0.09078473,0.18770583,0.05087363,0.07664152,0.18764782,0.10577319,0.1479419,0.13780263,0.17690462,0.07489464
TRGC2,0.07542386,0.1861538,0.17869152,0.17301503,0.2914092,0.22089669,1.144556,0.38377437,0.15262724,0.42868948,0.5662987,0.3984189,0.45095193,0.652183,1.7837956,0.14146028,0.07366183,0.38289312,1.1358608,0.46953872,0.18731995,0.5306195,0.08188328,0.15060426,0.26144493,0.22090496,0.1952399,0.5010267,1.6818643,0.10708662
TRGC1,0.06463785,0.13142854,0.13158254,0.1235701,0.19841331,0.15185948,0.44217837,0.31618187,0.05285785,0.25819767,0.3309007,0.29702386,0.21860722,0.29709864,0.76745945,0.14186515,0.056668244,0.47803643,0.56654,0.65037936,0.26013198,0.6989458,0.060544483,0.096003845,0.18659267,0.101548016,0.122800626,0.5041437,1.9745276,0.07516498
TRGV10,0.009668354,0.017550228,0.015431595,0.017108306,0.024389097,0.019460252,0.11533084,0.041237272,0.016611986,0.05360048,0.07090597,0.052726265,0.027629541,0.07860748,0.17790024,0.009064533,0.007395314,0.015877096,0.08624459,0.03405539,0.0159645,0.031159401,0.008126286,0.01233512,0.026736097,0.0136327,0.016230214,0.04975047,0.14329924,0.008896749
TRGV2,0.006789524,0.016284594,0.0163374,0.014516976,0.022329781,0.017545925,0.10429509,0.028683532,0.01776749,0.029445887,0.046762563,0.026807452,0.009906447,0.072495356,0.1872023,0.005189639,0.005931626,0.011423951,0.113948494,0.02033159,0.0077865417,0.016482295,0.0069332677,0.009891251,0.020305077,0.010821735,0.014003531,0.027537689,0.123947464,0.008481751
BLVRA,0.059993614,0.09339687,0.10027748,0.09565376,0.29617932,0.25506318,0.15784481,0.21223284,0.06271092,0.20178896,0.20640717,0.1938101,0.0792319,0.16637872,0.18084121,0.05008054,0.05179752,0.08591463,0.13997672,0.16016835,0.06776498,0.115904056,0.038854305,0.07336228,0.15142514,0.101772465,0.10890467,0.14933833,0.17140651,0.06049627
SPATA48,0.0007409838,0.02675937,0.012784525,0.0012718366,0.0028957678,0.029893702,0.0018440115,0.0026674794,0.002572139,0.002679708,0.090733156,0.0023136826,0.0008767732,0.0020405438,0.00756034,0.00049205526,0.1204189,0.0011643263,0.0019954797,0.04540208,0.0006434704,0.0013534036,0.00053900026,0.0007078864,0.0018765427,0.0015901508,0.0034361256,0.0016271502,0.0017385432,0.0008260428
CLDN3,0.00019638333,0.00036715413,0.00034581445,0.0003802125,0.000549211,0.00045438582,0.00047765297,0.00079638074,0.00017971975,0.00064616307,0.0006083412,0.0007425124,0.00024915926,0.0005847686,0.0005991369,0.00027202212,0.00016795118,0.00029641972,0.00050643395,0.00044832268,0.00024332642,0.00038340903,0.032680247,0.00022349786,0.00054987805,0.00038584947,0.0004094408,0.0004092659,0.00045528714,0.0002557276
NCF1,0.053969845,0.1607537,0.13085517,0.23037471,0.39135358,0.1516136,0.21146825,0.30974984,0.061827585,0.2682029,0.26623806,0.30225536,0.13445665,0.22316332,0.2536289,0.09146153,0.07023869,0.11580126,0.21510835,0.21711278,0.085856244,0.16579424,0.04758259,0.09284075,0.26339328,0.08654859,0.107436895,0.2070173,0.19855312,0.118791275
HIP1,0.21275763,0.044470817,0.0543352,0.054554254,0.14284217,0.07668953,0.06315642,0.087318085,0.018794725,0.07937018,0.078593306,0.07871317,0.035188343,0.06810727,0.07300226,0.015279424,0.030398298,0.06736303,0.089853644,0.08826348,0.04284043,0.124863386,0.037071478,0.027440364,0.05945766,0.1083887,0.22192368,0.044949025,0.06611269,0.106487356
FGL2,0.07004174,0.09080351,0.09741233,0.10252492,0.3151986,0.20421067,0.1248985,0.22671884,0.05599707,0.18286438,0.16646911,0.18856232,0.06349187,0.1527488,0.13141981,0.05465775,0.049314298,0.078167826,0.1443996,0.117056996,0.044705328,0.10029443,0.047252215,0.062728286,0.16287686,0.18266837,0.14772506,0.113718316,0.105180636,0.057468288
CD36,0.06522758,0.17267063,0.17113863,0.16809477,0.5784279,0.17693269,0.23098114,0.35918063,0.078627296,0.33981305,0.30253312,0.32381392,0.11995859,0.27208593,0.26067436,0.07423489,0.07347523,0.16565457,0.26127556,0.21821156,0.095953174,0.17444745,0.07133088,0.16590603,0.23072259,0.17451341,0.18018204,0.21797825,0.23112425,0.1602698
AC005009.1,0.00019407674,0.00027242175,0.00028354555,0.00029110204,0.0004090319,0.00032293444,0.00039369272,0.0006363289,0.00014508287,0.0005972602,0.0005272582,0.07635381,0.00023958107,0.0004691907,0.00042797334,0.00016841019,0.00012780329,0.00024598525,0.00041599566,0.00036825694,0.00016352195,0.0003164194,0.00010895981,0.00015513037,0.00044213785,0.0002464718,0.00028330128,0.00037631713,0.00036529425,0.00016819005
STEAP4,0.023151016,0.060235966,0.0562821,0.05618199,0.27204663,0.076696634,0.0806993,0.12470377,0.031985573,0.11823138,0.10515482,0.112243704,0.035935618,0.08660447,0.101315595,0.029633712,0.027536206,0.043243635,0.08582927,0.07395221,0.028627878,0.057722606,0.023424393,0.037779268,0.08487945,0.056459207,0.060643338,0.056769,0.086354755,0.033543006
CDK6,0.05663594,0.06360354,0.07281968,0.07515943,0.1059265,0.09216062,0.109631345,0.203044,0.04126467,0.19651532,0.17628527,0.19346538,0.044866707,0.15258937,0.15621227,0.029418461,0.26819578,0.08013328,0.14654742,0.14976679,0.05532151,0.12409473,0.03946743,0.044427227,0.11834662,0.09750394,0.09241936,0.10808835,0.13755766,0.056122363
AC002454.1,0.0015685394,0.0033611276,0.003154421,0.005419296,0.0059834416,0.0040183663,0.0041399007,0.008308376,0.0016949013,0.008596302,0.011039089,0.0073350407,0.003142624,0.005696335,0.00499368,0.001405574,0.63423175,0.0024206995,0.00701811,0.0046418826,0.001724364,0.003316814,0.0012697804,0.0018787943,0.0068216873,0.0029362722,0.011124411,0.0038381207,0.0038322755,0.0072059995
TFPI2,0.00072182977,0.018088477,0.0011382992,0.0010951178,0.0017651994,0.0013217737,0.0015043529,0.0024524461,0.0006800237,0.0021261652,0.002073391,0.0022424546,0.0009668785,0.0019116561,0.0016563911,0.00054839073,0.0005060787,0.00082513504,0.0016272436,0.0014359237,0.0006686164,0.0011962263,0.00052072905,0.05804992,0.0017167507,0.0011435238,0.0011935842,0.0014680717,0.024338454,0.00073315774
GNG11,0.07332762,0.11330753,0.050083283,0.07241082,0.11190975,0.07163984,0.07167003,0.09807118,0.02178277,0.089358255,0.086207874,0.10148711,0.03569092,0.071247645,0.07387761,0.022056596,0.07190741,0.042473607,0.06841815,0.064361446,0.025753004,0.043275405,0.020924008,1.020859,0.07195585,0.033338513,0.058421675,0.051637456,0.0679485,0.06423252
PEG10,0.003774355,0.07653452,0.044194423,0.06818405,0.011693526,0.009059327,0.021689737,0.017218381,0.017885515,0.020337638,0.01713211,0.015170174,0.0070429547,0.013563509,0.025366887,0.0033217128,0.003481575,0.006181255,0.011193013,0.01693066,0.01139023,0.0494082,0.0032571908,0.0047519803,0.014612971,0.0067570466,0.00774952,0.009432725,0.014255611,0.0065448754
PPP1R9A,0.0073150015,0.06529567,0.09040189,0.04985463,0.032796662,0.03957017,0.028019127,0.051178537,0.017962983,0.03960265,0.034076836,0.03832405,0.01150728,0.040507838,0.037671622,0.015300884,0.034973852,0.21913815,0.045352306,0.18954037,0.06708659,0.7397122,0.013045801,0.021730322,0.028771466,0.02038259,0.019511586,0.026312966,0.031664282,0.02303669
PDK4,0.014980972,0.041400965,0.03866406,0.044905048,0.19165748,0.20332429,0.04866146,0.083332516,0.02627885,0.07413576,0.06504453,0.07595741,0.02782544,0.0762465,0.06049695,0.028352462,0.016358877,0.031457003,0.05396031,0.04379371,0.02271349,0.039401446,0.015277991,0.022051407,0.05661809,0.039989077,0.07141323,0.052870296,0.047480937,0.02447802
BRI3,0.033543564,0.13816589,0.13117838,0.15149689,0.3790607,0.3295011,0.20926178,0.25937548,0.061043896,0.27902195,0.24726003,0.26260543,0.081303254,0.19501297,0.2164769,0.06608877,0.048294626,0.14049071,0.21215203,0.21116424,0.075815335,0.14315236,0.056510087,0.11765245,0.2103274,0.08157826,0.11340387,0.19247907,0.19934097,0.082300045
MCM7,0.028117577,0.07818646,0.08491979,0.09911526,0.09243502,0.08975739,0.089983106,0.16053632,0.23321196,0.12932847,0.13735889,0.13866514,0.22033824,0.103125304,0.12651984,0.031724993,0.052608483,0.06343846,0.09802026,0.11115405,0.28509453,0.085547976,0.030666104,0.028806785,0.1016918,0.053087536,0.058975995,0.089952506,0.10722179,0.04336374
STAG3,0.023570765,0.12471803,0.25994647,0.3937515,0.07909902,0.056441005,0.07187953,0.13056949,0.05564007,0.09910906,0.09240413,0.15272005,0.03175616,0.13973106,0.09810987,0.022464253,0.016048249,0.044195905,0.069584765,0.08500212,0.038176376,0.10242089,0.022035731,0.03113111,0.07505971,0.04330287,0.060274053,0.16793856,0.073970966,0.03493766
PILRA,0.03187224,0.076005675,0.07290978,0.07587789,0.2682307,0.32531476,0.09889986,0.16291936,0.047130175,0.15800823,0.13660398,0.14499609,0.040624987,0.13124834,0.11467035,0.041071635,0.03478484,0.06783422,0.11525839,0.09849144,0.039461862,0.07881561,0.030592442,0.049648564,0.11065395,0.05039453,0.10027765,0.08653961,0.09370644,0.04536418
SERPINE1,0.00502973,0.0094656,0.00976014,0.009528304,0.057035603,0.011871535,0.013832143,0.06618809,0.0057494207,0.02052972,0.017623534,0.028184025,0.009690079,0.016600868,0.020588871,0.0037208374,0.060859628,0.007516052,0.014565079,0.01717109,0.014480163,0.29809096,0.0040302556,0.24410672,0.014351133,0.008631488,0.016962085,0.010552324,0.0136690615,0.006067392
NAMPT,0.0518963,0.10908938,0.11215714,0.121084735,0.36583346,0.1865167,0.17002034,0.2947048,0.043796904,0.2637979,0.2305254,0.21975365,0.04388725,0.19181009,0.185573,0.080144964,0.04774101,0.09980164,0.19760501,0.15632114,0.05937036,0.13257219,0.047973245,0.076338686,0.20838563,0.068229295,0.090306394,0.13837866,0.16075702,0.05042046
PRKAR2B,0.04533983,0.03496369,0.03327054,0.034746524,0.09877914,0.071225554,0.052265577,0.0891255,0.015566411,0.076902226,0.06200599,0.07731535,0.035159923,0.050715126,0.05848719,0.018823767,0.045815643,0.042085607,0.047343098,0.049411833,0.018961983,0.061277233,0.015276383,0.7087635,0.0563378,0.08477661,0.08893457,0.048581306,0.04886325,0.06013373
LRRN3,0.030821795,0.06720063,0.06733816,0.06684663,0.097275645,0.07527635,0.08641158,0.7135218,0.062977076,0.22899707,0.15780109,0.71825707,0.09129311,0.27255568,0.12371022,0.051347524,0.034996398,0.053544313,0.10541195,0.083091095,0.055275485,0.08046503,0.029821055,0.042909693,0.14323696,0.05616464,0.066409625,0.21836305,0.122526474,0.041052673
TFEC,0.043592267,0.14002088,0.109996,0.07634656,0.34105885,0.099983655,0.09707488,0.16178094,0.02914934,0.13528875,0.12458154,0.16219522,0.06278006,0.12952183,0.12479118,0.03559471,0.060679376,0.05723319,0.10177417,0.10324705,0.040315703,0.074776806,0.036735345,0.043924253,0.12939994,0.05008685,0.13134317,0.11190499,0.099032015,0.070654504
CAV2,0.0019310775,0.00457716,0.0043032276,0.0041324203,0.012272602,0.0055391276,0.0056057894,0.009742828,0.002210965,0.0088045485,0.008298338,0.008499296,0.0034792777,0.0069833836,0.0067732953,0.001916555,0.02823472,0.0033274246,0.006231151,0.0061373035,0.002451348,0.0044747903,0.001756904,0.109376974,0.009347309,0.013212967,0.0049077854,0.0047739767,0.005508248,0.0025063918
CAV1,0.002337544,0.0058064437,0.0060466407,0.009837974,0.007139846,0.0064773858,0.0058320384,0.011084963,0.04004134,0.0093164025,0.01771131,0.00997356,0.002629443,0.0062158224,0.007636765,0.0018096645,0.008632251,0.0031176945,0.0057040653,0.0059460704,0.002189461,0.010558072,0.30685866,0.01455586,0.0065041035,0.00399278,0.0042418493,0.63572145,0.0052050776,0.002344854
TSPAN12,0.0001997734,0.0003454402,0.0003351723,0.00034452596,0.0005360924,0.00042508953,0.00048686043,0.00078844023,0.00020538054,0.0007368481,0.0006278985,0.0006563294,0.00022389418,0.0006247731,0.00054541463,0.00014777729,0.00018899585,0.0002562616,0.00052838156,0.0004781228,0.00021866238,0.00040568682,0.002913432,0.00018998861,0.00057353056,0.00028931414,0.00038221572,0.0004590153,0.00045821173,0.00023336434
CADPS2,0.00028998658,0.00052197324,0.0004874004,0.0004742328,0.0007185044,0.0005361224,0.00071531156,0.0011029616,0.00024694946,0.0010384734,0.0009001265,0.0009791892,0.0004260124,0.0008047637,0.0007574458,0.0003005477,0.00022039717,0.00047048452,0.0007569578,0.00062254665,0.0002882037,0.00052887225,0.06092011,0.0002921047,0.0007413813,0.00048455622,0.0005002699,0.00064268406,0.0006670428,0.00034193535
TSPAN33,0.051366795,0.20992959,0.14899538,0.21086055,0.123019196,0.060151756,0.06296779,0.12686554,0.022441916,0.09140765,0.079447076,0.13290738,0.028418638,0.07772505,0.06778601,0.027747286,0.044082817,0.03226677,0.06625378,0.061154187,0.024235552,0.06051325,0.02288905,0.3903252,0.092655264,0.57915246,0.16989326,0.04869754,0.06527977,0.040442046
CPA5,0.0103314435,0.022648796,0.0207322,0.021898365,0.028926982,0.02495274,0.028787848,0.08202399,0.0491393,0.101315044,0.061348587,0.2761526,0.02328475,0.11160493,0.037400104,0.013673847,0.010016937,0.017442882,0.033818398,0.02576216,0.012387575,0.01980128,0.009507375,0.016228814,0.128141,0.020781731,0.022261279,0.091769956,0.03039559,0.01354467
PLXNA4,0.24004228,0.012487032,0.014072835,0.012783142,0.021607172,0.015355954,0.017275125,0.040580828,0.0103057,0.060988106,0.025998216,0.041478436,0.13000762,0.033425853,0.018933222,0.0058640875,0.005104451,0.07966906,0.019256398,0.058478806,0.026951395,0.122659855,0.005247697,0.014270957,0.023803776,0.010281389,0.023696736,0.020739838,0.023407366,0.37215722
CALD1,0.0071295584,0.013489219,0.01562802,0.010181036,0.015752677,0.013771021,0.014020149,0.024435503,0.004189307,0.02025297,0.016418241,0.021971006,0.007592095,0.016818926,0.018572077,0.0047297054,0.0039021329,0.016542023,0.012541674,0.01409368,0.0044061835,0.009888459,0.0034729494,0.23378311,0.014950487,0.0064651305,0.010090566,0.011597248,0.013699551,0.011439524
TMEM140,0.011570822,0.03935346,0.03587622,0.039848536,0.0632854,0.050866798,0.051949,0.08057346,0.016176078,0.071658604,0.06345554,0.074994,0.021178622,0.061734416,0.07336231,0.024474315,0.01905637,0.020972988,0.058126006,0.06849723,0.028750082,0.04585474,0.021731896,0.35423872,0.060559914,0.01971431,0.03259421,0.03993916,0.05524547,0.017098574
PTN,0.00014666739,0.00036558948,0.00036932618,0.0003620338,0.00056776195,0.0004245637,0.00051635865,0.015247993,0.00014078093,0.02280293,0.00068136374,0.001416177,0.000279668,0.00059093273,0.00055177073,0.00017817458,0.0001991082,0.0003372413,0.025306381,0.00044486212,0.00020178671,0.00036114018,0.000159091,0.010110422,0.0004929817,0.00036807766,0.00037265327,0.00046230078,0.0004857639,0.00023272965
CLEC2L,0.026476685,0.005101105,0.005693664,0.0054526567,0.015549626,0.009550815,0.0073152827,0.011488392,0.0027893211,0.011025346,0.009119157,0.011344523,0.0038096325,0.00869837,0.009768632,0.0024177765,0.0029522446,0.0033106897,0.00752394,0.0072420747,0.0027221101,0.0056569027,0.0023656983,0.1552406,0.015459161,0.01466277,0.005292632,0.0066871606,0.006539807,0.015699564
TBXAS1,0.039158873,0.116083436,0.13613492,0.115190804,0.36983156,0.35858205,0.16245645,0.26145157,0.0666406,0.23654476,0.21187277,0.23663664,0.08102714,0.1940819,0.20335451,0.0501182,0.06547012,0.10518581,0.1928853,0.2096515,0.062027734,0.12335907,0.044524092,0.09206128,0.17982897,0.102886945,0.13507931,0.14306462,0.16076662,0.06946593
CLEC5A,0.017603375,0.015931763,0.015508633,0.016316446,0.108198635,0.018421743,0.021283709,0.03132305,0.01042259,0.025042431,0.025758376,0.030916616,0.012418644,0.026945842,0.023732848,0.006356862,0.007240664,0.013839193,0.022133227,0.020461874,0.008427842,0.015386145,0.006754927,0.009001937,0.022386856,0.0143263405,0.018046511,0.01758689,0.021220084,0.009671164
AC245088.2,0.0005603278,0.0026905031,0.0012696817,0.0013913197,0.0022819075,0.0017333295,0.0018685731,0.010536704,0.0007591779,0.0030681833,0.002323977,0.03556674,0.0010954308,0.0038639894,0.0022475042,0.0008397795,0.00070427137,0.0011354048,0.0020337142,0.0018374712,0.000836171,0.0014975072,0.0006535458,0.00082932645,0.0021663457,0.0012934463,0.0014590418,0.066162415,0.001710485,0.00091051095
TRBV3-1,0.0030745638,0.0053375573,0.0050274227,0.006050994,0.00930837,0.0070662457,0.010107818,0.040910944,0.0028568662,0.022709457,0.027491108,0.019313924,0.0036450934,0.019016376,0.023351207,0.0033560614,0.002415999,0.0040434576,0.017355975,0.0070524313,0.003027322,0.005759059,0.002301084,0.002766606,0.031047316,0.004449855,0.005011375,0.008107879,0.010190415,0.0033428844
TRBV6-1,0.000663659,0.0012558781,0.0011856199,0.0012369235,0.002090831,0.0014929223,0.023354944,0.007570193,0.00063483353,0.009429502,0.0057317303,0.0071349703,0.001173993,0.0019937807,0.0029901667,0.000633493,0.00061605044,0.0009443251,0.012981608,0.0015454717,0.00064737466,0.0013419999,0.0005362748,0.00076128665,0.0085790055,0.0012744839,0.0013260561,0.0015079513,0.0014779882,0.00068976585
TRBV6-2,0.00512721,0.008951634,0.010774844,0.008934211,0.013510754,0.010439394,0.023144385,0.07455157,0.007589588,0.04593847,0.038781967,0.040034857,0.0067252023,0.035913397,0.034219988,0.035698734,0.0041214568,0.0064378795,0.086125016,0.011074702,0.008758559,0.009140025,0.004173382,0.0073497607,0.029417116,0.008982786,0.00860486,0.108784035,0.010737841,0.0057997033
TRBV6-8,0.00026060562,0.00042298605,0.00042154564,0.00042519075,0.00068817666,0.000451717,0.0006223936,0.20242809,0.00023978938,0.0008084071,0.0007764829,0.0007759809,0.00026534483,0.00072798337,0.00068948657,0.00017327035,0.00018147098,0.0004035873,0.00064849557,0.00050190504,0.00025653536,0.00047551873,0.00017236614,0.0002655728,0.00064108334,0.00040984622,0.0003874394,0.00052046584,0.00058623863,0.00026660075
TRBV12-5,0.00031002582,0.000563735,0.0006085729,0.0006312963,0.0008437807,0.00073395885,0.00085185224,0.0033886803,0.0002834298,0.012382232,0.010618868,0.0012331688,0.0004021423,0.0010269864,0.003889865,0.00032890844,0.00028141547,0.0005087256,0.0009463625,0.00077127886,0.00036660323,0.00061538897,0.00028467283,0.0003454124,0.001002235,0.0006263821,0.0006079988,0.0008564751,0.0007462991,0.00035203612
TRBV14,0.0035566234,0.01080023,0.0079959,0.008390023,0.0106843375,0.009340752,0.013436333,0.03520488,0.004104228,0.031711545,0.030866105,0.047783993,0.0052915346,0.03329919,0.039078545,0.019469693,0.0033158106,0.0058291373,0.025352368,0.010284189,0.0039731795,0.0074550104,0.00312513,0.0036301138,0.022215385,0.0059053577,0.00707673,0.03637593,0.019374738,0.0058639925
TRBV16,0.00033866233,0.0005044849,0.0004849886,0.00047090702,0.00071525783,0.00055003696,0.00059340504,0.13533825,0.00026871875,0.014557428,0.0008518745,0.011695013,0.00034610016,0.0007552929,0.0007424706,0.00028931996,0.0002033556,0.00032607737,0.00065864506,0.00061146007,0.00028053418,0.00054758013,0.00023038377,0.0002927253,0.00074702327,0.0004457924,0.0005066719,0.0006181611,0.0005686707,0.00028383508
TRBV18,0.004799989,0.008038371,0.00863988,0.008641003,0.012653286,0.010713202,0.1941332,0.060525674,0.004269973,0.059949428,0.11273376,0.046046767,0.027444681,0.023295505,0.040165477,0.0044861757,0.0040761344,0.007108127,0.019456295,0.012980543,0.0047965148,0.008691633,0.0036482895,0.0047701146,0.023795316,0.0059188083,0.009068966,0.06665845,0.014618239,0.005456496
TRBV23-1,0.0012333086,0.00185417,0.001892966,0.0018361128,0.0028517463,0.0021981262,0.008186474,0.010734159,0.0010216134,0.012299693,0.0059600123,0.007226652,0.001350648,0.00303363,0.006653254,0.0012146983,0.0008998595,0.0013887152,0.0055181487,0.0029046827,0.0009057896,0.0018526062,0.0008139519,0.0010522219,0.010210194,0.0018206831,0.0018614361,0.002515034,0.0024576632,0.0010994957
TRBV28,0.011799171,0.023114301,0.023422044,0.02334765,0.03070527,0.024058096,0.0775971,0.14114083,0.020617187,0.09826505,0.100097835,0.11505388,0.08304275,0.07443328,0.15616064,0.024712386,0.012365803,0.038803853,0.042917978,0.035094976,0.010719114,0.028441979,0.008801263,0.01490113,0.08357198,0.016373424,0.022213867,0.082631566,0.040859457,0.015715962
PRSS2,0.00082992885,0.0017143942,0.0011691715,0.0013351502,0.0021848518,0.0014656342,0.0016120082,0.0027955286,0.00061889016,0.0024553917,0.0075697363,0.0039068963,0.0008793816,0.0020948867,0.0019381926,0.00055672816,0.19807735,0.0009686747,0.0019337517,0.00318479,0.00069962314,0.0013993041,0.0042207795,0.0007510675,0.0019987167,0.0013301175,0.001242845,0.001631154,0.0015293248,0.0007864613
TRBC1,0.08713087,0.17765123,0.18823284,0.19062887,0.29331288,0.23913857,0.43452957,0.649767,0.11015488,0.6350623,0.5668007,0.4879343,0.21027102,0.3773852,0.45245665,0.113003016,0.08694011,0.1541667,0.34968987,0.34530008,0.11222984,0.2014602,0.07662506,0.1331603,0.44317418,0.16565822,0.19155498,0.43241328,0.35861927,0.111967295
TRBC2,0.1665866,0.1833143,0.18304336,0.17882271,0.38908994,0.31874132,0.43451768,0.72545093,0.19087963,0.6233145,0.557322,0.5590277,0.16794871,0.45373556,0.7444101,0.123774566,0.09222542,0.16368163,0.44608477,0.2772426,0.101878814,0.21732526,0.09758015,0.19079368,0.5109244,0.24771163,0.29550824,0.510051,0.39896068,0.14840834
CNTNAP2,0.0074789803,0.08085791,0.18043873,0.27049497,0.03285818,0.022879526,0.022561196,0.038617894,0.0072993133,0.03106842,0.028398493,0.039569795,0.014469959,0.030054498,0.028752755,0.009565934,0.056855857,0.012883372,0.026568387,0.026564328,0.00998486,0.048945196,0.0107514495,0.010883168,0.02907618,0.013013222,0.017120931,0.020504158,0.024077047,0.009266976
EZH2,0.054945026,0.07796674,0.09265938,0.07796219,0.12028878,0.08432615,0.104085445,0.15528567,0.20862186,0.14112559,0.14243734,0.13566619,0.25436828,0.12705564,0.12965845,0.03150555,0.055873685,0.045176946,0.081354156,0.12258351,0.28097564,0.11469136,0.053059388,0.0390711,0.13262817,0.08203699,0.09452589,0.108903885,0.08544999,0.05475245
PDIA4,0.084570095,0.112459876,0.10930538,0.12659311,0.19325116,0.1312626,0.17451668,0.23869881,0.08451829,0.22345752,0.22464092,0.24442714,0.13421023,0.20203921,0.23082756,0.036907118,0.046304844,0.08111377,0.21022801,0.21615033,0.1054403,0.14898229,0.2922621,0.0505851,0.1699431,0.12009213,0.10721323,0.18848708,0.16793129,0.1678575
ZNF467,0.06690498,0.073574476,0.0742872,0.07423525,0.32254472,0.122707285,0.09767907,0.16062784,0.03387124,0.13690415,0.13872406,0.15731858,0.037474968,0.117791116,0.12726492,0.04053393,0.035778698,0.061149996,0.106657065,0.09602139,0.03500604,0.07209852,0.03007681,0.04363967,0.12025888,0.103004426,0.13231568,0.09310824,0.09816658,0.061893545
LINC00996,0.010301194,0.120085046,0.117662825,0.033526924,0.038083885,0.030215712,0.03450568,0.0545129,0.045438197,0.045476798,0.052257948,0.053465184,0.016253745,0.039837997,0.053135637,0.011132373,0.010402891,0.041394103,0.034608964,0.08025743,0.05404315,0.1455414,0.010381582,0.030745517,0.03641403,0.024404757,0.023054011,0.024947615,0.05090259,0.9644167
TMEM176B,0.05850207,0.11374244,0.116661504,0.11859241,0.4564339,0.3334768,0.15622438,0.24256198,0.062357415,0.21288858,0.21475397,0.21861635,0.07688097,0.18980905,0.17960127,0.04554258,0.051053893,0.09370222,0.17699976,0.150832,0.06128506,0.117967024,0.05118998,0.06508505,0.16932888,0.14834903,0.10510177,0.14790891,0.16425608,0.07231523
TMEM176A,0.028842347,0.060014144,0.056742,0.058117833,0.2582063,0.13701881,0.07975413,0.1260896,0.028490575,0.10949834,0.11613027,0.10747559,0.042318158,0.09722454,0.08711092,0.023522517,0.026152033,0.040709447,0.08680392,0.075487435,0.03392093,0.05764356,0.024219979,0.03788534,0.08846556,0.06463475,0.065389976,0.06885882,0.08380213,0.036570456
INSIG1,0.10704007,0.17149188,0.16244641,0.19103603,0.29962835,0.35979256,0.25912565,0.29275486,0.10893066,0.26729116,0.3059124,0.2867767,0.16160314,0.22790274,0.26553324,0.044435542,0.078471586,0.2062107,0.24200436,0.2708605,0.13998152,0.18517898,0.05626494,0.14722243,0.22466852,0.23424888,0.22100091,0.20996682,0.22515039,0.104739025
BLACE,0.0006489512,0.0013499408,0.0013248875,0.001323333,0.019208713,0.0023714288,0.0017748371,0.0026100066,0.0005908424,0.00229984,0.0021946463,0.0024759697,0.00089851004,0.0020098465,0.0018643145,0.0005680469,0.0006267636,0.0012362684,0.0018776797,0.001725304,0.00071928086,0.0013687517,0.0005193869,0.00070986815,0.001898664,0.001455026,0.001197793,0.0016030272,0.0016321258,0.00083431567
CSF2RA,0.13675544,0.046688206,0.046951346,0.048443973,0.20447181,0.10081575,0.061143238,0.10850384,0.02041886,0.08731483,0.07121811,0.09896768,0.023082184,0.07500005,0.06990084,0.028205879,0.02155524,0.03750277,0.065055326,0.057589587,0.023503033,0.04433998,0.021443669,0.029251391,0.0807569,0.18394153,0.17447215,0.065838955,0.06172749,0.10004999
IL3RA,0.42428777,0.038077243,0.041430544,0.057850104,0.07046155,0.2645674,0.042391457,0.06265964,0.021009374,0.060304977,0.055884548,0.0664503,0.04276601,0.061848305,0.065916836,0.016538346,0.05038264,0.028279118,0.05121123,0.044921722,0.020542722,0.06647723,0.019588437,0.028887004,0.047017027,0.039594565,0.06853503,0.036975313,0.046560947,0.9349987
CD99,0.035969097,0.14259705,0.14912748,0.17090939,0.20765077,0.24245027,0.2814914,0.38228345,0.11120908,0.29573762,0.2930595,0.34974536,0.16596767,0.27788132,0.3645453,0.09422162,0.07569909,0.14576247,0.22302508,0.26982486,0.12121628,0.19188124,0.049562316,0.22023284,0.27248365,0.105329596,0.11543783,0.26649588,0.26164046,0.072860494
GYG2,0.00015831171,0.00038181784,0.00037866674,0.00037984888,0.02685378,0.0004934637,0.0004909808,0.00079570856,0.00026041133,0.00069303694,0.0007263704,0.0007496917,0.00027976785,0.00061197317,0.0045292415,0.00018912293,0.05345116,0.00030890675,0.00056797714,0.019927599,0.0002209156,0.00037544005,0.00016680105,0.00023085288,0.00056007475,0.00038134016,0.0003836192,0.00048320662,0.0004652409,0.00020620479
VCX3B,0.00026981375,0.00049939833,0.00049145956,0.00048161644,0.003420476,0.000566572,0.0006247877,0.0010941096,0.00024921144,0.00091356976,0.0007807667,0.0009805341,0.000269321,0.0007873925,0.0007388564,0.00025375118,0.00019478523,0.0004079643,0.0007203187,0.00057533046,0.0002697277,0.00046260617,0.00021183329,0.00028917965,0.0006412809,0.00046938978,0.0005081069,0.00053702825,0.000598754,0.00028389576
ARHGAP6,0.012942281,0.03417739,0.06303071,0.024117896,0.06483705,0.058396053,0.029674137,0.040192153,0.010769682,0.04506187,0.04264388,0.04440333,0.015540727,0.038016528,0.035540104,0.008869446,0.023405617,0.07856497,0.030682806,0.030310953,0.01213073,0.028630396,0.00985558,0.61009115,0.028542686,0.01920876,0.029991072,0.024110384,0.027113581,0.01982918
TLR8,0.030224303,0.06623987,0.068011716,0.071075015,0.31077895,0.18069342,0.08796396,0.14048032,0.028826732,0.13202094,0.114497356,0.13773747,0.038285997,0.10883472,0.11037435,0.031641718,0.026458751,0.059854005,0.10486396,0.08906546,0.040532924,0.06930429,0.028366823,0.040705875,0.09368082,0.058393814,0.09051542,0.07609354,0.09320563,0.04013564
TMSB4X,0.10519072,0.38647527,0.34544158,0.31933472,0.28416944,0.46642804,0.32151392,0.45344102,0.26759017,0.37505382,0.34632912,0.43495387,0.15697101,0.2985052,0.3986198,0.72666967,0.50677484,0.16905428,0.3212302,0.31416565,0.12501706,0.25398922,0.4357862,0.5778171,0.27104324,0.6094618,0.29796284,0.4692928,0.31728166,0.33165586
EGFL6,0.0002940243,0.0007691546,0.0007092495,0.0007213836,0.0010979031,0.00080480735,0.0010364015,0.0015029648,0.0003947054,0.04409281,0.03987725,0.0013964531,0.00043295455,0.0012112908,0.0029659995,0.00037444185,0.00033624307,0.0005639837,0.0010396948,0.0028944155,0.00043889647,0.00079229934,0.0003690025,0.005940522,0.0012070165,0.00063403987,0.0007087595,0.00083247264,0.0009398909,0.00038378403
OFD1,0.0849775,0.13363063,0.13951758,0.16809624,0.16529599,0.1062195,0.20669597,0.2784475,0.033693276,0.24292697,0.2837767,0.25860274,0.09670476,0.2301787,0.24830689,0.047941994,0.055750526,0.109802395,0.22201428,0.20800103,0.061812,0.15664895,0.040647432,0.07095485,0.21778338,0.11546228,0.0979642,0.18286717,0.21401218,0.20052736
AP1S2,0.040152866,0.07485379,0.06860268,0.07951332,0.21512783,0.10901725,0.118461184,0.174156,0.029538333,0.15487893,0.15481608,0.16598178,0.029746154,0.14905709,0.14857744,0.057283584,0.023608552,0.06008282,0.12991577,0.11764097,0.039030727,0.08472738,0.030380558,0.07003456,0.13662718,0.08057591,0.12383597,0.1039345,0.110959865,0.035894044
BEND2,0.006241326,0.012096039,0.012662808,0.012057004,0.021015882,0.014320018,0.020334326,0.025215194,0.004284136,0.016910078,0.019514395,0.024083482,0.0067276754,0.017075252,0.018443417,0.006691011,0.0057454663,0.007484752,0.016227119,0.01524321,0.005455815,0.009632038,0.0047376156,0.3637329,0.017979844,0.00859973,0.01147085,0.01262505,0.013418388,0.009799756
AL928596.1,0.0001573611,0.00027830925,0.00027820063,0.00029415326,0.0012050718,0.00032604038,0.0003508011,0.00057485176,0.00017580176,0.000490806,0.00047473927,0.0005290419,0.00020829227,0.00042675523,0.0004261896,0.000166257,0.00013361647,0.00017388567,0.00041486023,0.00035237448,0.00018729195,0.00027073914,0.000121254016,0.00017453571,0.0004022712,0.00025003607,0.00029553013,0.00030832939,0.00034676574,0.00018796061
PHEX,0.013374617,0.02046602,0.01084514,0.009860272,0.013449753,0.010326192,0.0105812,0.022635367,0.010781619,0.029839186,0.015231857,0.019659387,0.005750706,0.013749874,0.015744936,0.0045102104,0.0036206548,0.005716533,0.011373967,0.011192003,0.004773053,0.008672361,0.0037080573,0.013781777,0.014643983,0.006800691,0.01101681,0.011576536,0.017746229,0.5003063
PRDX4,0.07407486,0.07956664,0.07021915,0.068385065,0.11336265,0.1327831,0.116805434,0.15477063,0.03666515,0.15377598,0.13067953,0.13556604,0.06583067,0.10885765,0.12411702,0.03099911,0.058899764,0.07612656,0.11983637,0.10623928,0.081822604,0.091353424,0.18235484,0.031071989,0.09991896,0.08675343,0.106859334,0.063646734,0.10085374,0.05245492
SAT1,0.0243246,0.07507112,0.073711574,0.08980138,0.2484494,0.28942576,0.11755582,0.23607127,0.03578015,0.18399648,0.1651267,0.24804918,0.07516129,0.16343464,0.13918711,0.05828181,0.04378661,0.073362015,0.15322353,0.11823074,0.053294126,0.09410806,0.043128584,0.096214525,0.16691084,0.05094367,0.07296584,0.15545323,0.12334952,0.039185546
GK,0.058894143,0.07413813,0.07667767,0.09052723,0.24256374,0.121169165,0.07672186,0.12404792,0.050511125,0.11114116,0.10314526,0.12533705,0.029997744,0.10891822,0.09960257,0.03016854,0.035154186,0.04955597,0.091350436,0.0834657,0.05169259,0.08724912,0.030991303,0.060021047,0.10839081,0.0701313,0.11894453,0.096888654,0.072663,0.046199128
CYBB,0.040272452,0.1118463,0.106691204,0.12307237,0.39399356,0.25666708,0.19828716,0.31649187,0.0729142,0.28187802,0.27136087,0.30252898,0.115049794,0.23950727,0.23012067,0.07469929,0.07296065,0.118491225,0.21973237,0.19038235,0.07626878,0.15108755,0.048723336,0.08428701,0.2467006,0.10819142,0.08349914,0.18096724,0.18752009,0.10846712
SYTL5,0.00045480373,0.00082086667,0.00076675,0.00080848974,0.001011651,0.3358673,0.0011534313,0.0016565378,0.00038536568,0.0015324512,0.0014148317,0.0015051306,0.0004849477,0.0012859497,0.0013305617,0.00037685808,0.00036750804,0.0006982244,0.0011025503,0.01300134,0.00037750625,0.00084671937,0.00035058075,0.044121977,0.0012348468,0.0006858464,0.0007543473,0.0010158136,0.0011031855,0.00045578976
SRPX,0.0010225541,0.0017380354,0.001579866,0.0016639492,0.0023970997,0.0018370344,0.002306327,0.0032503607,0.00092483213,0.010931784,0.0029805074,0.003082084,0.0009229823,0.0027354665,0.002455516,0.00084118324,0.0008070294,0.0013816182,0.0023663307,0.0020069284,0.00085267547,0.0018335072,0.00070588925,0.000944686,0.0028548553,0.0013619213,0.0016680725,0.0017969481,0.001983243,0.15096602
MID1IP1,0.04269056,0.090631954,0.074110046,0.08945561,0.21299915,0.13378534,0.12298957,0.16847613,0.0387535,0.14785422,0.13591652,0.15171492,0.036921542,0.122081466,0.115690075,0.054011416,0.046509128,0.13182284,0.1224146,0.09186083,0.0412345,0.08559384,0.026293786,0.05489069,0.13217045,0.058150586,0.0920147,0.08126553,0.10466586,0.06348475
MIR222HG,0.023969544,0.056711044,0.05168872,0.052507363,0.16019046,0.050613865,0.057633005,0.0868524,0.03305881,0.09397821,0.080525704,0.07715919,0.030603323,0.070442215,0.06774319,0.021804268,0.06986239,0.085717544,0.05730128,0.05653493,0.025652118,0.057464354,0.020478545,0.021397742,0.07931557,0.041516945,0.043836247,0.06251547,0.04964638,0.026390092
TIMP1,0.048805133,0.12232608,0.11314779,0.11924386,0.20364042,0.29078633,0.15927425,0.21829277,0.056172777,0.2005711,0.21754724,0.21633044,0.05584907,0.17061329,0.17942569,0.052075896,0.030140644,0.11467354,0.16618669,0.15350395,0.06526729,0.12479363,0.0564149,0.19325721,0.16772035,0.09174066,0.13740362,0.14236343,0.1777388,0.06839167
CFP,0.044308465,0.11833725,0.12554593,0.122645035,0.40497324,0.28423938,0.1512667,0.2596568,0.046146166,0.23349574,0.21041155,0.24103257,0.07281082,0.19614531,0.19987145,0.05489729,0.059055265,0.084747076,0.19119088,0.15995485,0.058328744,0.11171365,0.050053716,0.06226862,0.19598676,0.0924143,0.238012,0.15640327,0.15135787,0.07235516
GATA1,0.003577522,0.007441666,0.00611391,0.0063832593,0.020456111,0.007935083,0.008766178,0.01456062,0.0035401834,0.0126295965,0.013135883,0.013982924,0.0048796157,0.010074178,0.011663946,0.01802506,0.09763636,0.0058011576,0.009918034,0.008200566,0.003989621,0.007236452,0.002831027,0.20463781,0.01061002,0.005398979,0.00813062,0.0075859176,0.007944785,0.0033830185
SYP,0.004297752,0.038141467,0.025636345,0.022138702,0.033322323,0.031164646,0.018268986,0.04673618,0.0071485396,0.033991534,0.045654256,0.05280682,0.018201783,0.032176897,0.04110948,0.0066054035,0.029046007,0.009140909,0.019212192,0.025686188,0.01656314,0.015158476,0.01121182,0.012403844,0.03898587,0.012712796,0.02111328,0.013503623,0.021901878,0.013719726
TSPYL2,0.050513383,0.13460702,0.11055256,0.12816122,0.12593563,0.09983282,0.18545523,0.2706886,0.043573946,0.2915217,0.2925733,0.26140648,0.053093035,0.30385533,0.27871445,0.040349457,0.04308099,0.10083725,0.26104316,0.17988738,0.064831264,0.14015874,0.035425983,0.059873305,0.21118167,0.06942039,0.089932784,0.19299081,0.29910478,0.13947208
ALAS2,0.0024058996,0.0095356135,0.013525646,0.0042564548,0.007037324,0.0065265647,0.022578642,0.029686077,0.0019073212,0.05134105,0.0060495995,0.015317161,0.002591917,0.0091169095,0.010690715,2.7459664,0.041534267,0.0025466292,0.0050776745,0.022511026,0.0018591778,0.011859946,0.0016235347,0.0020388872,0.005159368,0.0038252857,0.0034006804,0.0042979084,0.0071235895,0.0113817565
AL034397.3,0.0893004,0.11810925,0.11035331,0.15416409,0.41707096,0.17625755,0.12967618,0.19433774,0.046828452,0.17754716,0.16105418,0.19127706,0.06550675,0.13726297,0.14295265,0.05763318,0.12057071,0.10321354,0.13376096,0.12250132,0.04863842,0.12606056,0.034560677,0.19879614,0.13763441,0.0876408,0.16245875,0.1216361,0.12279167,0.07007538
VSIG4,0.004668658,0.011257029,0.010654126,0.010700619,0.044676222,0.018708512,0.014212088,0.02279551,0.0057976036,0.02099309,0.020507958,0.023657935,0.009023291,0.017592141,0.022654237,0.005524651,0.0052547785,0.007959602,0.016734779,0.013463456,0.0052413438,0.010286262,0.0041718553,0.0054913945,0.016741699,0.009707987,0.13823952,0.040024336,0.013184392,0.005980295
KIF4A,0.0030123505,0.0048201485,0.012474098,0.006367618,0.011249803,0.007807515,0.006814546,0.010925298,0.529627,0.014301084,0.01103157,0.010122097,0.22223717,0.012379601,0.010076987,0.002960075,0.007801692,0.004611583,0.0069693755,0.009292938,0.3529329,0.005383797,0.04746674,0.002843528,0.015217988,0.045078382,0.008043125,0.006033023,0.008111325,0.0030199056
CXCR3,0.109192155,0.07123255,0.08016937,0.051457662,0.06040086,0.0599076,0.18781026,0.09883601,0.2059799,0.19196615,0.29078513,0.14400087,0.12935628,0.21282455,0.19530036,0.028019914,0.019288559,0.051567543,0.12535639,0.087935664,0.06680812,0.17275004,0.039513215,0.030544322,0.07926694,0.13089539,0.061618518,0.108765244,0.1429826,0.26352853
XIST,0.14661895,0.30893633,0.33344263,0.28986606,0.46061978,0.34746113,0.32636547,0.47851264,0.109699816,0.506955,0.44829717,0.4469466,0.20362195,0.36413953,0.3425714,0.10006551,0.09224561,0.22393355,0.29698694,0.31715244,0.1623652,0.28453347,0.12765127,0.12441709,0.28055808,0.26614437,0.2811317,0.24336198,0.27577317,0.26057556
HMGN5,0.047344066,0.03727539,0.03809833,0.061211705,0.07028092,0.066756144,0.07330383,0.10951915,0.018009229,0.09190757,0.0965388,0.0926541,0.04776341,0.06520904,0.08616097,0.010135515,0.07729153,0.024512967,0.07389179,0.06820972,0.032455985,0.051188014,0.022399131,0.01801529,0.05889156,0.039034303,0.06398844,0.03653638,0.07782959,0.04811458
FAM133A,0.0006110726,0.0014294545,0.0013614336,0.0016233291,0.0025471444,0.0016972626,0.0018832198,0.012283545,0.0007431486,0.009600114,0.0032088184,0.020800501,0.0008207619,0.003153601,0.0044087255,0.0006201866,0.043678336,0.0010422531,0.0019757946,0.004555778,0.0007314795,0.0015283031,0.00065530644,0.00080490194,0.0019512788,0.0012062093,0.0013816087,0.009337387,0.001900287,0.00080792536
SYTL4,0.056739677,0.01636059,0.015766304,0.012658575,0.03927757,0.016612679,0.020765102,0.02556087,0.005342939,0.023029197,0.0198488,0.02494398,0.019956106,0.020191196,0.03545449,0.0045839977,0.06536902,0.008231174,0.026220106,0.017968265,0.0062308405,0.012449012,0.0047893203,0.35999784,0.018714493,0.011578737,0.013227032,0.014645299,0.015289077,0.0075488845
BEX1,0.0026415559,0.007367052,0.012949067,0.008606508,0.022060242,0.010839321,0.008306624,0.015987653,0.003739138,0.033041887,0.0113037005,0.024860043,0.004886603,0.010417561,0.012535145,0.003859528,0.16464964,0.0053910976,0.009783922,0.011733653,0.003069034,0.013513458,0.0026562614,0.0085578915,0.015179257,0.0053694295,0.0084334565,0.043988027,0.011273031,0.00371119
TCEAL5,0.0003985161,0.0007539479,0.00071025937,0.0008133294,0.0011391926,0.0009715221,0.0009941316,0.0017040665,0.00044043834,0.0014133342,0.0014440211,0.0015042917,0.0006022911,0.0013340027,0.0013327309,0.00045746122,0.2347623,0.0005815689,0.001150925,0.011897513,0.0004358889,0.0008342592,0.00036132033,0.00039149364,0.0011828116,0.00081962696,0.025188033,0.0008851598,0.0010596524,0.00047185636
TCEAL9,0.019794252,0.014510927,0.022248264,0.016960736,0.04166724,0.020510666,0.025624026,0.06357982,0.008241013,0.049878765,0.030220073,0.069187954,0.012130363,0.055062875,0.0318916,0.006299624,0.23699781,0.11975335,0.034748316,0.020880828,0.022844449,0.02615585,0.014337414,0.15842879,0.026068449,0.026357409,0.03953664,0.016819807,0.023434808,0.0507538
BEX3,0.035553988,0.060278613,0.060697693,0.0616615,0.103865474,0.08068374,0.08474586,0.3212412,0.032928728,0.21772045,0.14347768,0.29641291,0.07103337,0.17228578,0.10850004,0.029220175,0.14222363,0.057353176,0.0885099,0.07635463,0.04628747,0.07666383,0.024564829,0.42149052,0.22476266,0.05646016,0.06148611,0.16899441,0.09734357,0.03970111
PLS3,0.64541763,0.002869033,0.0029068193,0.0044015697,0.0063469233,0.0037481808,0.004077296,0.00783799,0.04823275,0.019968143,0.019753026,0.012338892,0.0638631,0.0043233293,0.0047965567,0.0016621522,0.050712813,0.0025923692,0.0041953917,0.0057421806,0.0017142342,0.0031926397,0.0014213923,0.0016997914,0.023168042,0.04787508,0.009356879,0.0035321494,0.0058397283,0.067154594
IL13RA1,0.09177718,0.09302889,0.12615176,0.14524403,0.35107002,0.11819559,0.10487784,0.1843589,0.04623693,0.17606251,0.13631193,0.1585674,0.061383627,0.121767215,0.120700985,0.04872921,0.03845468,0.062248856,0.1305636,0.11108325,0.044773355,0.08779426,0.039112654,0.05103765,0.12520137,0.075732045,0.32796696,0.09457609,0.10675815,0.07117602
PGRMC1,0.036821645,0.056636445,0.057401005,0.05352844,0.13054883,0.09107235,0.0979692,0.13414755,0.05787779,0.123773016,0.12888789,0.12817384,0.10161034,0.10537549,0.11232979,0.032602496,0.040170185,0.047671262,0.09287339,0.08886398,0.056240253,0.07413263,0.023172626,0.40463996,0.11132431,0.041007333,0.06282243,0.0784836,0.08862203,0.047429543
SH2D1A,0.026978692,0.06409537,0.058460925,0.06846995,0.08805424,0.075369254,0.17902079,0.20784393,0.12426182,0.203002,0.20249584,0.1924559,0.16286884,0.17604978,0.24923114,0.040919833,0.025295142,0.048264526,0.24037194,0.2103479,0.103158765,0.18238844,0.023457404,0.04286436,0.13637778,0.05012752,0.06270255,0.2770626,0.1829238,0.037624046
RAP2C,0.047363054,0.09396381,0.085180625,0.0888378,0.15991959,0.13914847,0.10763207,0.18104832,0.038796134,0.15649998,0.14638613,0.14279471,0.043610007,0.13082291,0.14231212,0.040303756,0.03213418,0.04084643,0.13087453,0.12015638,0.048730556,0.09921704,0.026659686,0.040798277,0.12638102,0.068559825,0.0674056,0.111385286,0.113288425,0.045099195
AL672032.1,0.000288035,0.00066252676,0.00063915376,0.0007041452,0.0020130798,0.0008191842,0.0009336613,0.0017987425,0.00029830544,0.0011453611,0.0011941392,0.004136872,0.0005393271,0.0010291969,0.0010315361,0.0004607254,0.0003379031,0.0005455235,0.00096155674,0.00082125916,0.00039761642,0.00063885906,0.0003428664,0.00037690802,0.0010091162,0.0005643793,0.0006499498,0.000830547,0.0007888895,0.0004044695
FHL1,0.03572993,0.047604803,0.042369034,0.04125631,0.05430475,0.03766758,0.074528925,0.10678368,0.035608575,0.15216081,0.2198976,0.08169978,0.1058032,0.09130963,0.06293409,0.01898988,0.2294585,0.1435177,0.09320766,0.04526927,0.031433783,0.06830364,0.012607041,0.24575739,0.089735955,0.023854993,0.055972137,0.043524306,0.048458442,0.076519676
HMGB3,0.03451669,0.054316174,0.06905067,0.055141028,0.15520899,0.10088077,0.05938613,0.08832632,0.3225914,0.10460421,0.067322284,0.07862232,0.21006367,0.075803824,0.07047308,0.01871062,0.14868274,0.022529218,0.062070403,0.04895481,0.26074645,0.05809553,0.089862935,0.027500829,0.05288178,0.21237175,0.106222115,0.06113829,0.053032562,0.029744195
GABRE,0.00017658703,0.00029905475,0.0002859235,0.00028812813,0.0016134214,0.0006620197,0.00037924194,0.0006351023,0.00023624903,0.00055315695,0.0005197719,0.0005729288,0.00019017623,0.0004158758,0.00044173427,0.00018458968,0.00013750442,0.00022013749,0.00041289214,0.00038860907,0.00015566581,0.00031402404,0.00012547207,0.0113159465,0.0004311162,0.00031885982,0.00033495133,0.00031047416,0.0003544277,0.00018434407
TKTL1,0.015227697,0.021898014,0.020110624,0.020461118,0.030996902,0.03016361,0.06577364,0.11759349,0.024537373,0.100512244,0.06409364,0.09712266,0.01506398,0.053674906,0.06486755,0.008199378,0.008294168,0.016554551,0.052926943,0.102186464,0.031050859,0.030232716,0.011686978,0.022631265,0.043954976,0.018761124,0.018768327,0.029183276,0.040251553,0.012148323
MPP1,0.06500194,0.087896205,0.082761206,0.09687088,0.3110122,0.22331855,0.12531927,0.20041043,0.04599471,0.15745726,0.15769273,0.18630712,0.05115139,0.135609,0.14328158,0.12172045,0.08483883,0.06533014,0.1106374,0.125421,0.0663062,0.08804944,0.033458386,0.47121224,0.1213556,0.10471898,0.12446163,0.124282524,0.11612556,0.08139535
CLIC2,0.2567039,0.03499086,0.027173067,0.027114099,0.09113955,0.1209369,0.03381277,0.050665032,0.011277629,0.05073396,0.042550452,0.049706504,0.015088341,0.048609518,0.042203676,0.03425165,0.07172892,0.016518537,0.030558538,0.030513132,0.012716087,0.02928057,0.010816432,0.013470944,0.041176274,0.6902036,0.5285146,0.030775473,0.032989837,0.023528852
WASIR1,0.00045103728,0.0011933051,0.0011158378,0.009390392,0.0016447678,0.0012997412,0.0016041744,0.0024932174,0.0006663013,0.035297308,0.0020061329,0.0023034983,0.0007176852,0.029122757,0.0018889387,0.0007084683,0.0005060945,0.00081620493,0.0016218226,0.0013984666,0.0005757568,0.0012328014,0.00044371674,0.00056836277,0.001856668,0.0010090722,0.001208594,0.0012912158,0.0014961973,0.0006755832
MYOM2,0.018828735,0.0484655,0.046312384,0.055070095,0.07566952,0.055779748,0.06598528,0.11266217,0.0781016,0.10871067,0.07932098,0.10601583,0.037674293,0.075938255,0.08732039,0.016826978,0.022608068,0.040457204,0.07027817,0.49035648,0.17777908,0.08517108,0.019666897,0.033687387,0.08113903,0.052089915,0.050638255,0.057592835,0.090412974,0.031334884
DEFA3,0.0005030631,0.0012939341,0.0012541587,0.0029202926,0.003228075,0.0015329053,0.0017801065,0.002615897,0.0006895541,0.0026320224,0.0023528188,0.002452722,0.0009846706,0.0021751418,0.002041339,0.0005275112,0.00059558026,0.0010506305,0.0019953803,0.0016561486,0.0006975727,0.0013188943,0.00051673566,0.0006606621,0.0018301342,0.0012373796,0.0012664214,0.0013532133,0.0018147284,0.0007505733
LINC00599,0.0035204643,0.0050249645,0.011868916,0.00485831,0.016084969,0.069873,0.006529092,0.009594171,0.0030317775,0.008082518,0.0077734217,0.009034146,0.0030564838,0.007120071,0.008476847,0.0024310409,0.0026830623,0.0038245982,0.006662501,0.0057541057,0.0029501265,0.0050078765,0.002234427,0.002742855,0.006206313,0.0053662728,0.016311882,0.005442549,0.006366969,0.0032892
BLK,0.017379884,0.39417422,0.6114741,0.30932304,0.059794188,0.050003204,0.058168635,0.09886291,0.024424572,0.100598454,0.102002546,0.08612922,0.03203528,0.085343406,0.07198522,0.017133763,0.019905709,0.045783564,0.18788965,0.05670005,0.020212451,0.050660707,0.063089155,0.024007076,0.072008535,0.04316075,0.041445117,0.06403432,0.06916388,0.10168681
CTSB,0.097016715,0.24006358,0.24575032,0.26330635,0.7785087,0.36610073,0.3685333,0.55306953,0.10470203,0.4905834,0.47736397,0.5025732,0.1311758,0.38450408,0.44295827,0.11279762,0.102266505,0.22709289,0.3829131,0.35001338,0.14060009,0.2637656,0.10249331,0.15495475,0.4199552,0.18691754,0.23076476,0.341216,0.34839046,0.2545285
MSR1,0.0109741865,0.022547305,0.02258257,0.022869892,0.08478099,0.20830023,0.025653983,0.045528017,0.010639322,0.041631468,0.03815764,0.041322514,0.012207081,0.035985712,0.035638776,0.011877263,0.00916263,0.01733335,0.032166943,0.028312776,0.011461217,0.021360435,0.009547329,0.013133989,0.032393236,0.032864656,0.07997937,0.031853236,0.028517334,0.014408674
PDGFRL,0.00081496756,0.0014640095,0.0013858017,0.0013570219,0.0048750457,0.0015440688,0.001990239,0.097323924,0.0005633024,0.0024194247,0.0025136524,0.020343363,0.000948205,0.0023784954,0.038910955,0.0006041454,0.000556316,0.0009872792,0.0019955626,0.0016064042,0.00084580615,0.0016080503,0.00066665653,0.0007936822,0.0021051043,0.0013503125,0.013357619,0.0016517715,0.0018556629,0.00087349
ASAH1,0.032106426,0.08486315,0.082486056,0.10190575,0.20586373,0.2328016,0.13087314,0.205739,0.039404467,0.19775079,0.16736624,0.19313583,0.051831104,0.15549792,0.1570128,0.056326512,0.024504079,0.071088925,0.15818796,0.12214856,0.042988736,0.09140421,0.024436297,0.08293488,0.15846659,0.0372522,0.062482893,0.12655379,0.13104792,0.044689108
AC100849.1,0.00017795074,0.0003519174,0.00030743482,0.000330179,0.0004543607,0.0016104217,0.0004542783,0.0007486718,0.00016505849,0.00057116925,0.0005507245,0.0006980906,0.00020659046,0.00049613876,0.00049267977,0.00021295485,0.00015564854,0.00025974115,0.0004775793,0.00037427977,0.00019312087,0.00034534297,0.00013422688,0.00020243067,0.0005030533,0.00023071704,0.00033551553,0.00038402743,0.00041833916,0.00020262001
LPL,0.0043062703,0.0071906,0.006856987,0.009319115,0.03623165,0.11961749,0.00972758,0.016163139,0.0028095774,0.01871144,0.018422011,0.012761543,0.005073692,0.011965789,0.011803042,0.003106366,0.003349277,0.005481152,0.010073757,0.008623706,0.004225845,0.0072702444,0.0031349258,0.0036366673,0.0120974565,0.005533985,0.008081312,0.008660066,0.009686652,0.0044493326
GFRA2,0.00503632,0.009539775,0.010385182,0.013470797,0.04071785,0.062404916,0.029512798,0.034022465,0.004561725,0.023097364,0.016039819,0.020389656,0.007325309,0.015715145,0.018880969,0.004289258,0.0043594292,0.010355863,0.014607599,0.0144996615,0.0054618893,0.009053478,0.004333161,0.006088588,0.017840657,0.20532542,0.08979738,0.0131500345,0.012608717,0.0057771727
DMTN,0.011766286,0.027203616,0.031240515,0.02811877,0.054297663,0.02721772,0.04844229,0.07987198,0.02352478,0.09767888,0.077579156,0.075660944,0.017090293,0.113930225,0.077662535,0.112913944,0.0124309445,0.044446427,0.060481947,0.047661204,0.028153894,0.032391455,0.013469556,0.3812549,0.070115656,0.020584794,0.023933806,0.04272524,0.054414343,0.032060288
EGR3,0.018717457,0.03509414,0.03277315,0.0362899,0.18364891,0.08925793,0.04544456,0.07451577,0.018058484,0.06265712,0.05592312,0.0663279,0.025437092,0.050340757,0.053172138,0.016546741,0.016481478,0.025760937,0.049746413,0.041400537,0.018779654,0.030901521,0.014705899,0.022055555,0.048703056,0.029897092,0.05268339,0.041410197,0.038842868,0.018807283
SLC25A37,0.034974013,0.10438831,0.104757234,0.10772601,0.25903714,0.12868409,0.12828596,0.225575,0.026833668,0.19254501,0.16459116,0.17505135,0.050741322,0.16334172,0.15452163,0.30087185,0.050335992,0.07437709,0.14929624,0.12311302,0.043759707,0.098565325,0.03321475,0.06296092,0.15160838,0.08579142,0.098059826,0.08911547,0.13228963,0.05442317
ADAM28,0.09937292,0.3956348,0.32299915,0.38563788,0.10161222,0.060380027,0.07160819,0.120562464,0.030197592,0.08423773,0.08975853,0.104969755,0.033251673,0.08114819,0.0817399,0.04545852,0.06653305,0.06699458,0.07774029,0.07932221,0.033140212,0.106874116,0.046294983,0.029915478,0.078536496,0.27002573,0.2411422,0.06258313,0.06971723,0.033352904
NEFM,0.002150961,0.0036591522,0.0036600793,0.0039709457,0.006723627,0.0052407794,0.005548851,0.028211635,0.0020772312,0.037785925,0.06413648,0.013049283,0.0022838772,0.024787692,0.007886781,0.0022055202,0.0016828883,0.0034515504,0.0055150543,0.0060261125,0.0021721215,0.0076148678,0.0016477747,0.0059265965,0.0318642,0.0036523482,0.006254948,0.004352424,0.009387547,0.0023046
NEFL,0.009205979,0.014478678,0.014694562,0.01693281,0.02246292,0.019839223,0.0221767,0.06133677,0.008724685,0.20326425,0.04437894,0.029224623,0.010444821,0.08186027,0.026102522,0.008774484,0.0063544894,0.054859318,0.025052728,0.02396882,0.010169609,0.01593036,0.009169992,0.013321666,0.025843307,0.014556608,0.017767694,0.017692791,0.022445401,0.008877312
CDCA2,0.0026393086,0.032472614,0.021715526,0.014995011,0.011145375,0.007948441,0.021740055,0.01645302,0.5284395,0.017959282,0.017953858,0.017680291,0.26012662,0.013408615,0.012581445,0.0026303641,0.0050457465,0.005140434,0.008495422,0.014901446,0.37111577,0.010626137,0.054471828,0.0031844748,0.00908332,0.0057216147,0.013653279,0.0067759138,0.013593859,0.003353713
DPYSL2,0.13066848,0.09247762,0.10248069,0.10012823,0.2395404,0.13336505,0.14316162,0.18335819,0.03583454,0.18475471,0.17293306,0.18500638,0.06411256,0.15362254,0.16453014,0.043685567,0.03548918,0.08438672,0.12927714,0.13846895,0.057506815,0.1105373,0.03472884,0.05895919,0.12807566,0.17049865,0.1938931,0.11384386,0.12373211,0.122048415
CLU,0.012612555,0.032110844,0.033418458,0.032779988,0.114635244,0.0460365,0.059671696,0.09045641,0.015542072,0.07801726,0.071454026,0.077321395,0.021954458,0.057857055,0.07206967,0.012239821,0.05064753,0.023897137,0.073532164,0.043182034,0.019224672,0.03437459,0.013192272,0.6887317,0.079909466,0.026205674,0.032771423,0.036359843,0.050306216,0.04219064
ESCO2,0.0067986236,0.034957524,0.022221591,0.03464813,0.04589212,0.026232295,0.034002505,0.0385541,0.4276737,0.03904843,0.039235584,0.0680732,0.28108093,0.029125527,0.04403339,0.0072510787,0.008245652,0.0117592,0.0657885,0.034907524,0.7548516,0.015014848,0.08666544,0.01898192,0.071422204,0.027046766,0.042703323,0.019318389,0.030988315,0.02699205
PBK,0.019448977,0.0036620477,0.022865683,0.0047229817,0.0068408735,0.005930548,0.0063525788,0.007594514,0.2833405,0.008614076,0.009840298,0.009176193,0.10311684,0.007159838,0.006853637,0.0022095323,0.0018556142,0.0026054648,0.004776056,0.0060197506,0.23226465,0.0038305835,0.067280136,0.0089211585,0.005201219,0.0030534847,0.007343965,0.0040254015,0.0042623873,0.002275132
SCARA5,0.1280429,0.0038229607,0.0024526557,0.0051538525,0.0040157614,0.0027568326,0.003092556,0.0053127934,0.0012896653,0.009161702,0.0040938472,0.008766207,0.0017310516,0.0037159985,0.0033999344,0.0015045324,0.0010612921,0.0016710147,0.0034570135,0.005404624,0.0012429247,0.0025448974,0.0010830617,0.0030136604,0.0036607916,0.0025989804,0.013633896,0.0027922892,0.0028607985,0.21633239
PNOC,0.015581513,0.2485098,0.27193585,0.2517607,0.050324198,0.044826165,0.038397904,0.058437254,0.016534928,0.04738963,0.04706408,0.05249815,0.016048465,0.040350437,0.045112133,0.01470668,0.01471583,0.029540202,0.034908086,0.035716243,0.01622908,0.02744914,0.082421795,0.014925507,0.037163563,0.03687963,0.025074618,0.030332014,0.03601747,0.10324406
DUSP4,0.011617721,0.032740954,0.02972815,0.015946226,0.024439279,0.018349802,0.04186383,0.032689117,0.036450494,0.09322141,0.07624902,0.033568382,0.051503476,0.05811313,0.05117005,0.007659167,0.006247689,0.013329259,0.01865842,0.021639653,0.02146732,0.03776556,0.009622376,0.009863616,0.06729627,0.26953214,0.041850284,0.01871776,0.032213435,0.026858687
NRG1,0.027153067,0.046001915,0.041731756,0.046128567,0.25093237,0.055804554,0.06470629,0.104179785,0.019120792,0.080943346,0.09006302,0.09148667,0.031007912,0.07567496,0.07605852,0.021289255,0.023830289,0.030020492,0.067349926,0.06578988,0.02631712,0.046639994,0.019852456,0.031933613,0.06757783,0.041948386,0.06468944,0.05554278,0.05812858,0.026450707
ZNF703,0.020858886,0.05277149,0.03974008,0.051011335,0.18065697,0.4190733,0.063521005,0.099010214,0.02773934,0.0761292,0.07878109,0.089044936,0.03247655,0.06967888,0.07072533,0.025239998,0.019751722,0.06075014,0.06513323,0.061101228,0.033773754,0.04520929,0.022893,0.03304779,0.06489782,0.055130143,0.07596695,0.053485308,0.051104967,0.026719408
RAB11FIP1,0.158883,0.13101733,0.12500355,0.13098727,0.26616898,0.15695564,0.18867183,0.26212,0.03859378,0.24206324,0.2458701,0.22093947,0.07967041,0.20448801,0.2158026,0.054295804,0.057679936,0.109823965,0.20757763,0.23901638,0.09884347,0.16585581,0.04658369,0.07581212,0.18457924,0.14695299,0.1661486,0.12755543,0.19072047,0.1336915
PLPP5,0.046926357,0.28448722,0.19426352,0.66341275,0.12652463,0.10223187,0.11130186,0.17849375,0.037887048,0.17192714,0.16492821,0.18538912,0.07358963,0.17261992,0.15631382,0.04953025,0.06375783,0.07745992,0.16949515,0.12946585,0.052634325,0.10479311,0.15824765,0.06957052,0.14328058,0.08834639,0.08919305,0.12711863,0.1215817,0.06974482
IDO1,0.0025857592,0.003977929,0.0048490306,0.0042809336,0.013540992,0.009608442,0.0058741416,0.010144162,0.0017560683,0.008804377,0.008129806,0.008998555,0.0034825907,0.006619567,0.0065298444,0.0023858638,0.002095309,0.0037766106,0.005707125,0.005638592,0.0025369157,0.004109189,0.0018553595,0.00253443,0.006404335,1.8340344,0.0496509,0.005626163,0.005440425,0.0027211956
IDO2,0.0014382033,0.008938048,0.0018999759,0.0019615807,0.0060162996,0.008757472,0.0027511935,0.004493956,0.0013291236,0.003991879,0.004081818,0.0039091674,0.0023850452,0.0029892658,0.0027463401,0.0013059326,0.0010714157,0.0013869513,0.00266723,0.0024189139,0.0012264685,0.0022447559,0.029881265,0.0011390973,0.021883192,0.4751027,0.06009629,0.0025302484,0.0025624228,0.0011770918
AP3M2,0.045885015,0.11474101,0.13327183,0.11580717,0.16207199,0.1356685,0.2498278,0.47742704,0.11211984,0.6137581,0.49929005,0.24837661,0.2317443,0.47297603,0.22914702,0.0541051,0.053463664,0.09749972,0.17438008,0.16919753,0.0982199,0.12907568,0.0518554,0.06712352,0.27932847,0.19294433,0.12197838,0.1697305,0.19580674,0.0769522
CEBPD,0.0738914,0.16013749,0.18480724,0.17478864,0.503151,0.20128983,0.24022605,0.40555894,0.091957904,0.33756202,0.34075952,0.36040434,0.110879734,0.29094145,0.33971962,0.092485815,0.076705866,0.1373603,0.2735232,0.23003688,0.0800942,0.1680856,0.07389391,0.10845669,0.2962338,0.16013382,0.18759133,0.24471843,0.27011782,0.09647589
MCM4,0.021496786,0.055769637,0.04930679,0.039812934,0.054334722,0.057296194,0.067655504,0.07529676,0.3010512,0.07236123,0.07866824,0.07969955,0.51847535,0.058954656,0.07016731,0.012826062,0.039432354,0.050289836,0.046574328,0.06252973,0.34346455,0.044308145,0.044546522,0.018764026,0.07007878,0.046141226,0.048783366,0.069427885,0.051306613,0.021508208
LYN,0.052584216,0.09532075,0.08549585,0.103386424,0.1677718,0.23895605,0.13218611,0.20807225,0.049706828,0.19481598,0.17138696,0.19677159,0.065615304,0.16160658,0.1520981,0.023089282,0.02511091,0.06337242,0.1446723,0.1333026,0.04456847,0.09297919,0.028370822,0.05638846,0.15063028,0.058972515,0.070052765,0.11644099,0.124600165,0.06496605
SDR16C5,0.0027123925,0.009553648,0.35079235,0.006318577,0.008498537,0.007950516,0.006321752,0.009337638,0.0019906445,0.01868896,0.008088543,0.0096035795,0.003579982,0.0075044134,0.0073137195,0.002380371,0.0021674,0.0033685619,0.0067342874,0.0070318007,0.0024920532,0.0047240364,0.002205781,0.0024395036,0.0069825766,0.004285212,0.004796751,0.0060345707,0.007566635,0.003005097
GGH,0.024583656,0.04161088,0.0449311,0.030257,0.04341621,0.042879503,0.02740499,0.04080369,0.10961609,0.03159785,0.037970927,0.03609809,0.14441499,0.030732408,0.031118473,0.007669268,0.035603058,0.021554563,0.028878847,0.022932818,0.1899704,0.02308219,0.11030636,0.015842987,0.023036977,0.017098103,0.038202014,0.027275674,0.024697598,0.12859088
DNAJC5B,0.0032717364,0.06516348,0.17119431,0.03419922,0.021868993,0.011884429,0.011237271,0.018500254,0.0031541996,0.017637622,0.013188045,0.01317046,0.0045675426,0.010447672,0.011180806,0.0039716004,0.0032474704,0.0065270513,0.010667211,0.01074148,0.004555719,0.008406278,0.0039007291,0.003967004,0.011184773,0.014909651,0.011957604,0.009163696,0.009436179,0.0042055687
MYBL1,0.05690198,0.13113156,0.12972723,0.13545449,0.1928663,0.14638783,0.5883877,0.30970258,0.059786107,0.3581071,0.48132002,0.2924703,0.2071952,0.35359836,0.51532274,0.06832249,0.05722364,0.11023392,0.55991316,0.55266076,0.18744832,0.25787434,0.046553362,0.09179748,0.20122443,0.122940354,0.14044149,0.17427549,0.3867567,0.0820515
MSC,0.020227557,0.02182849,0.047240146,0.016846666,0.05173887,0.019856649,0.108682275,0.034060024,0.030159019,0.045769505,0.040122274,0.035939697,0.02852315,0.040387947,0.091274485,0.008218007,0.0066265864,0.011682122,0.041901417,0.02299131,0.02386721,0.014397286,0.022683645,0.010782563,0.030231845,0.011548411,0.017838044,0.017550819,0.044412646,0.015179111
LY96,0.054164354,0.14881839,0.14079657,0.13815537,0.3922,0.30820975,0.18343101,0.294423,0.054108877,0.27237338,0.21930715,0.24567492,0.06752529,0.22422576,0.21243577,0.06120672,0.049972072,0.118135296,0.18927585,0.14498363,0.06877834,0.1344055,0.060695615,0.077202484,0.19043821,0.102328844,0.1671033,0.16792423,0.17775328,0.09180064
STMN2,0.26044485,0.00081199483,0.0026023418,0.00075992243,0.0018407408,0.0009456189,0.0010972822,0.0015111453,0.0005024304,0.004420867,0.0013574685,0.0015018719,0.00078349904,0.0011870397,0.0012564072,0.00027924308,0.00037846883,0.00073146157,0.0010967987,0.0009599892,0.00044885807,0.0007722687,0.0003686765,0.00946762,0.0010604569,0.00064902,0.0007668514,0.0009667899,0.00096466864,0.00044110467
TPD52,0.028958512,0.25015977,0.20198089,0.29303238,0.09117621,0.07061477,0.12388756,0.20690356,0.051106397,0.2040754,0.18897292,0.17109188,0.04743822,0.17024946,0.12772638,0.037626695,0.043656684,0.090951845,0.19588372,0.13056564,0.067883715,0.12320221,0.11558383,0.039127342,0.13058375,0.11665239,0.0682315,0.07814493,0.12408407,0.060149662
ZBTB10,0.09271282,0.12050481,0.09415059,0.13485594,0.14580582,0.08783075,0.08917885,0.17929715,0.027729338,0.15949273,0.1533013,0.15983564,0.04137684,0.14401563,0.11666214,0.031754516,0.043764375,0.10895739,0.11428766,0.111795105,0.041753296,0.11651288,0.022446282,0.033504695,0.12558128,0.09885887,0.084255606,0.10187643,0.11811514,0.11508858
FABP5,0.37754714,0.14410156,0.13083513,0.10272076,0.19756676,0.13882567,0.1439797,0.2061314,0.22904158,0.20170724,0.16276577,0.26323158,0.21797125,0.1925201,0.19864361,0.0383583,0.12057266,0.102625236,0.1603508,0.13067311,0.1948986,0.13789867,0.10660441,0.048712417,0.15906897,0.27650484,0.28112102,0.3922893,0.15572739,0.16632015
CA1,0.0010428024,0.0017440914,0.0016115133,0.0029825922,0.002836776,0.003465303,0.0022104036,0.0068485015,0.0010322852,0.004975824,0.0029031564,0.002977193,0.0013191928,0.002544082,0.002373571,0.6759348,0.017452776,0.0013335592,0.0023198188,0.0053916303,0.0008790896,0.0016640718,0.00072393904,0.00090439187,0.009919642,0.0014716673,0.0017388358,0.0020962316,0.0020117352,0.0050598127
CA2,0.037056714,0.02540415,0.02408012,0.036573727,0.08514109,0.09053159,0.034439407,0.05199373,0.0088490695,0.039340504,0.045019723,0.051935233,0.015459621,0.038714007,0.039025094,0.044580605,0.010511771,0.025745058,0.065621264,0.03137344,0.012731554,0.02719813,0.009865834,0.43609563,0.034397416,0.019518973,0.07139835,0.03023923,0.037516292,0.01629882
RIPK2,0.06023073,0.09434176,0.09985656,0.09640208,0.25801116,0.16200316,0.13280568,0.17926076,0.03033141,0.18610646,0.19319177,0.17188677,0.056743126,0.15391359,0.17040668,0.043168582,0.042620044,0.085126795,0.15292093,0.13521217,0.059259452,0.102667585,0.032034587,0.054059412,0.122394584,0.078024305,0.1150056,0.09637157,0.15137458,0.05801273
NECAB1,0.0020691538,0.006863239,0.0059065553,0.018469691,0.012183395,0.0066121356,0.101022996,0.011723858,0.0020690411,0.011587396,0.009447041,0.0146677205,0.00290245,0.011836126,0.011284801,0.0020228866,0.05434792,0.0033307944,0.014455374,0.007475253,0.0024646346,0.017306665,0.0018173327,0.0024036122,0.0061261863,0.003407911,0.0039184145,0.0048377477,0.013654864,0.016861346
AC117834.1,0.000638614,0.0015313664,0.0014328163,0.0015120978,0.012322714,0.0028011105,0.0020087333,0.0032218886,0.0009582119,0.002891595,0.0028042789,0.0030907667,0.0012153168,0.002486077,0.0021239975,0.0009397095,0.0007523635,0.0010194072,0.0022600433,0.0017657919,0.0008810205,0.0015332813,0.00063995185,0.00079717074,0.002313537,0.0011310806,0.0016194597,0.0014785824,0.0017713715,0.0008324657
CDH17,0.00041468843,0.00087250123,0.00086398626,0.0008376536,0.0048757168,0.0009769081,0.0012575651,0.0017452231,0.00048026213,0.0016233344,0.0016145951,0.0017487565,0.00048037994,0.0015541851,0.0014754226,0.00043190873,0.00041039046,0.00068652397,0.0012404396,0.015224636,0.00048718113,0.0008662474,0.00036291464,0.0004885032,0.0012801623,0.0007589573,0.18798989,0.0011797625,0.0012242533,0.00053561816
TP53INP1,0.061998226,0.19447428,0.40592754,0.37318128,0.27002165,0.18988448,0.18652123,0.27943248,0.074005276,0.32970217,0.3095629,0.19964172,0.06977499,0.17822753,0.20501849,0.05943743,0.10003342,0.18370108,0.17864841,0.16999796,0.065792665,0.17234437,0.2763114,0.08288599,0.24287295,0.10132381,0.12790823,0.13604659,0.15164739,0.06393039
PLEKHF2,0.04612604,0.17499347,0.18482538,0.2476601,0.22846016,0.16188273,0.14831631,0.20674211,0.045680486,0.174549,0.19565934,0.23018347,0.079290055,0.15964304,0.1929299,0.061020993,0.043075595,0.06471521,0.16639951,0.1363707,0.061356742,0.12058358,0.032309216,0.062183402,0.15959498,0.068821274,0.10191235,0.17742793,0.14412977,0.07084104
LAPTM4B,0.009625941,0.029810483,0.029553326,0.024365092,0.051589154,0.043896884,0.032774504,0.09764337,0.024864698,0.082713254,0.07512543,0.08549341,0.047064193,0.05620285,0.030958913,0.01117875,0.34377718,0.09040293,0.056072164,0.029577013,0.019303445,0.03873915,0.019212097,0.11279153,0.082257085,0.030352673,0.030309658,0.069864035,0.035496134,0.023799602
ERICH5,0.0010057534,0.0013130003,0.0021617918,0.001415781,0.0028692856,0.0017974807,0.0017707145,0.05706864,0.00084094546,0.023799276,0.004053706,0.013873904,0.0012629933,0.0052568326,0.0020438556,0.0007239962,0.0006409673,0.0011922726,0.0037827552,0.0017875147,0.000906813,0.0014700114,0.0006024551,0.0007862408,0.0022308386,0.6867852,0.0014252446,0.0018595251,0.0017876817,0.017257167
KLF10,0.10521731,0.1915716,0.19578709,0.1937725,0.56366926,0.2116457,0.28226155,0.35306826,0.07704946,0.36186573,0.36617953,0.37471533,0.12484406,0.30947542,0.34191868,0.07522358,0.07799442,0.24733241,0.2934654,0.25133935,0.103169665,0.22140594,0.05981163,0.1185284,0.26908433,0.14110596,0.21255468,0.20161663,0.28277886,0.12278652
AZIN1,0.08051108,0.10947622,0.1033152,0.102472775,0.21006085,0.13694085,0.1647761,0.22930348,0.036718022,0.22029434,0.2150033,0.20767394,0.054473545,0.16814159,0.17935574,0.035465237,0.04861318,0.08224464,0.16387004,0.15014057,0.070584275,0.12604326,0.036267508,0.06599257,0.17133334,0.07157921,0.10066896,0.12643582,0.15450312,0.080332525
AP003354.2,0.026604557,0.03389934,0.036692332,0.03586007,0.14476953,0.05338735,0.0374252,0.061481584,0.01449595,0.0537161,0.046098918,0.060120124,0.022500215,0.045697507,0.04387238,0.012729173,0.013377971,0.01967957,0.03994261,0.037183136,0.016956119,0.029474048,0.012846523,0.015829418,0.043441106,0.023841744,0.03844568,0.034860414,0.03581285,0.02407275
ZFPM2,0.0003549908,0.0006780067,0.0005998244,0.008386243,0.0010215996,0.00079536025,0.0009551911,0.0014227176,0.00040835247,0.0036821526,0.001124013,0.0012116481,0.0003904652,0.0010232257,0.0010368457,0.00030375688,0.00027116953,0.0005418059,0.0010159266,0.0008073197,0.00034792462,0.00067658146,0.00025617957,0.011019113,0.0009355614,0.0007013605,0.0006454147,0.0007520167,0.00088459963,0.0004183938
ATAD2,0.032669254,0.09134826,0.08301708,0.08747652,0.10829934,0.080765456,0.15089707,0.1584842,0.24607503,0.15100631,0.13535227,0.1542656,0.24093017,0.14018409,0.15990596,0.029189562,0.041607533,0.042808026,0.11449748,0.12034446,0.2923984,0.09201557,0.030330347,0.031287536,0.12977867,0.06651079,0.07225853,0.11869901,0.106868036,0.035531722
MTSS1,0.053218987,0.22122914,0.22055185,0.24364924,0.19715896,0.41586754,0.18215522,0.19861458,0.06730375,0.18616079,0.18625264,0.20785601,0.07561085,0.18827473,0.25890622,0.043031514,0.04336062,0.08864404,0.15777124,0.26396513,0.08648316,0.09458725,0.04420674,0.10473201,0.14649604,0.08611262,0.09146538,0.15949988,0.19598229,0.06095524
TRIB1,0.042142306,0.05934997,0.06305805,0.0557048,0.27786297,0.190073,0.07868563,0.11949579,0.04683482,0.131755,0.11650505,0.10470087,0.05341385,0.08416441,0.090554304,0.024459794,0.02778259,0.049017597,0.08818122,0.07721413,0.030858956,0.060298827,0.10956424,0.03385911,0.097732626,0.048934232,0.10842972,0.06942047,0.07628771,0.04758878
AC087667.1,0.00021785937,0.0004916412,0.00045430276,0.00047814177,0.0006595604,0.010456631,0.0006711609,0.0010824674,0.00026634944,0.0009475995,0.000871204,0.0010024656,0.00024194826,0.00082993077,0.09498749,0.00020038038,0.0002191359,0.00036002285,0.0007044678,0.000576645,0.00027920087,0.00046952665,0.00018857818,0.00023444324,0.00075161544,0.00046185666,0.0004839945,0.00053870364,0.00062804786,0.0002961389
MYC,0.03958348,0.17092879,0.092299804,0.12263864,0.09187401,0.06948697,0.090085804,0.27603656,0.03536734,0.20221788,0.17519818,0.24976802,0.04629607,0.1602067,0.0933532,0.043863837,0.04832337,0.048614,0.1747487,0.07539472,0.029942421,0.06932382,0.02811822,0.03446173,0.16200747,0.064856514,0.056377128,0.08204179,0.08775544,0.033508547
ZFAT,0.059726357,0.048568815,0.03504846,0.035477825,0.058941446,0.05296504,0.045359053,0.073629744,0.013335308,0.055432115,0.06646288,0.059166603,0.014869046,0.06048287,0.056062445,0.011071696,0.013300212,0.033689395,0.04945578,0.05212778,0.025207648,0.033073325,0.02931461,0.014559788,0.038998075,0.039586093,0.036228754,0.026813501,0.05172302,0.45042354
KCNK9,0.00034578372,0.021338383,0.09261224,0.00069169304,0.0013871326,0.0007389226,0.0008730623,0.0013590986,0.00041964813,0.0012384274,0.0011870792,0.0012011938,0.00039903747,0.00097437046,0.00094256504,0.00038142977,0.00030976304,0.00034570438,0.0009522764,0.0007621366,0.00035663255,0.0006725323,0.00024574902,0.00034805277,0.0008899614,0.0005169905,0.0006745721,0.00080801867,0.0008497442,0.00039768763
LYPD2,0.011221328,0.024959482,0.02220452,0.022018045,0.030780395,0.66750395,0.028911715,0.05025913,0.03396758,0.04218038,0.04864944,0.039640144,0.015341409,0.030767132,0.03235844,0.011572119,0.009818509,0.016302047,0.026921686,0.02868364,0.016975991,0.02329119,0.008648311,0.014347951,0.027810704,0.016120415,0.020470733,0.028962959,0.027499322,0.018387385
LY6E,0.032452635,0.079745986,0.080415115,0.09478553,0.14876783,0.16510653,0.12626934,0.2047919,0.058094345,0.15311506,0.16045767,0.17307623,0.06419262,0.13099794,0.17120531,0.05724221,0.04097016,0.08690988,0.14284584,0.16512068,0.06502415,0.10023228,0.03824713,0.068385035,0.14908916,0.04739272,0.081925206,0.12602596,0.12957707,0.053515445
TOP1MT,0.12628375,0.11728757,0.08061067,0.08245309,0.16995738,0.078104556,0.079568386,0.15732862,0.025201533,0.11673899,0.115854174,0.17941569,0.03218799,0.122682974,0.09837879,0.028282283,0.048691973,0.036365096,0.08251081,0.07021704,0.029225394,0.05614328,0.021302525,0.034642436,0.09533849,0.16000465,0.169742,0.057208892,0.07538079,0.06974258
GRINA,0.06372653,0.101125754,0.10755453,0.10954502,0.27723426,0.18388592,0.14763153,0.23460361,0.057950623,0.22020505,0.18495144,0.19359413,0.080913,0.16400684,0.16841722,0.05514848,0.049654946,0.09812397,0.15614595,0.13823897,0.04930031,0.10788712,0.036374953,0.058998916,0.16321144,0.066938445,0.10630395,0.106007844,0.13860188,0.06880777
CD274,0.0044161393,0.011512175,0.017036704,0.010305049,0.020347988,0.0197661,0.040581137,0.037353072,0.0079609165,0.05800947,0.05273847,0.027553722,0.0042291204,0.050079226,0.040176287,0.0046031238,0.008186571,0.007648352,0.03646657,0.02279601,0.016829124,0.015461961,0.008106411,0.014100189,0.017865514,0.008700366,0.011024765,0.019180084,0.045984484,0.005842575
GLDC,0.0016019667,0.005928939,0.01251842,0.013485355,0.0060999203,0.004264417,0.005173218,0.0189072,0.0021748687,0.012298604,0.006670555,0.021269996,0.0024500198,0.008491259,0.008357211,0.0022833257,0.0034376741,0.0032154869,0.0059418855,0.005978829,0.001814585,0.003784861,0.37324083,0.013734013,0.008389247,0.0031221544,0.017237587,0.005065354,0.0052768537,0.004790758
AL162411.1,0.0004121213,0.00087762246,0.00073800003,0.0027925877,0.0012329983,0.0010506372,0.0011223496,0.0016126799,0.00048068576,0.0015479624,0.0016695011,0.0016294863,0.00048274145,0.0014444874,0.0012924339,0.0004985449,0.00044353367,0.00075453834,0.0011710431,0.0100016035,0.00048056737,0.0008104599,0.12821777,0.00046838098,0.0012658379,0.00068683794,0.0008165451,0.0009669747,0.0009888688,0.000501812
MPDZ,0.00081392477,0.001380539,0.0014952285,0.0012967271,0.0028771954,0.005181852,0.0020640874,0.0028909466,0.000713555,0.0027421906,0.0027979023,0.0026010699,0.00088444544,0.0022954473,0.0021773635,0.0008342239,0.17256445,0.0013226181,0.002090974,0.0025239405,0.0006452223,0.0013996862,0.0005733145,0.00073939003,0.0022904375,0.0014687107,0.0014000277,0.0015726045,0.013416143,0.0008175333
FREM1,0.0005638083,0.0012665757,0.0012426632,0.0011641931,0.0017043722,0.0014040162,0.0015884792,0.002582445,0.0007982529,0.0021918162,0.0020543435,0.0022915348,0.000779849,0.0018724721,0.0019945365,0.00059757946,0.14465024,0.00078087294,0.0017025119,0.0015155986,0.0005613188,0.0013239022,0.00059935387,0.0006427022,0.0018927333,0.0011444174,0.0011801104,0.24329132,0.0017579809,0.00066891935
SLC24A2,0.00020818844,0.00048505177,0.8958011,0.00049990544,0.0021611855,0.00055830216,0.0006386128,0.19246069,0.00028738743,0.0010393155,0.21143702,0.0009973501,0.00036922452,0.0008230451,0.00073141046,0.00021283886,0.00022160025,0.00043022237,0.00070575945,0.00057637686,0.00027571816,0.0004769566,0.00020478264,0.00026791828,0.0007423449,0.00046528422,0.0004934883,0.0006303,0.00059661665,0.00027348535
IFNB1,0.002075909,0.0071913763,0.0032456783,0.003857949,0.020184401,0.02331985,0.004506832,0.009128661,0.0014116246,0.006346327,0.0059182914,0.009363325,0.0019918266,0.0053244364,0.004814087,0.0016114624,0.0014654979,0.002886573,0.0048157866,0.004579707,0.0020747508,0.0035088104,0.001357328,0.0072869663,0.0048027067,0.0025665618,0.009278642,0.003699062,0.0039272513,0.002338437
IFNE,0.00028915078,0.0006577708,0.0006921785,0.0006889816,0.0010495879,0.0007844003,0.008658214,0.0032289145,0.00041314066,0.0014946404,0.011146606,0.01649804,0.00039189626,0.0012227504,0.0011387028,0.0003436803,0.0002946607,0.00054030307,0.00089783495,0.0007783985,0.00039935595,0.00082489016,0.00033238344,0.00038997259,0.001045178,0.0006368832,0.0007286151,0.0007768282,0.0009138956,0.00042057215
AL445623.2,0.00068288395,0.0015835696,0.0016178186,0.0015322278,0.018856736,0.0026778982,0.0023654473,0.0033515848,0.0008230383,0.0032922365,0.0029200825,0.0032264108,0.0013229004,0.006789941,0.0026696515,0.00080679555,0.00064439763,0.0011542856,0.0025089374,0.0035309687,0.0010890698,0.0017995742,0.0006235786,0.0009006769,0.0024882026,0.0014917497,0.001625895,0.0019693477,0.0020802708,0.0010180334
C9orf72,0.05029275,0.100985415,0.09277296,0.09470318,0.2739936,0.20866828,0.12799585,0.20484582,0.039705724,0.18219237,0.18645388,0.19300735,0.064468585,0.15366545,0.13820936,0.066915676,0.034343503,0.063588716,0.13863692,0.1087988,0.053947236,0.108773105,0.039858427,0.049958598,0.15573291,0.073827416,0.10266758,0.11936291,0.125973,0.0503765
AQP3,0.048999287,0.09723716,0.08286829,0.09326327,0.1358059,0.11134721,0.18852401,0.4152631,0.22722137,0.64726365,0.50593656,0.30554062,0.07759836,0.31179148,0.16994028,0.065044336,0.040707156,0.206131,0.50575197,0.118161514,0.053254385,0.10619284,0.15176204,0.05240995,0.33010763,0.06611496,0.09541917,0.20726119,0.14852494,0.060302403
ENHO,0.17438275,0.028589357,0.027915135,0.028308753,0.07900469,0.13987364,0.050567996,0.07086934,0.0120864995,0.063103236,0.05050261,0.061906487,0.016070379,0.048891533,0.046067294,0.016518129,0.013816613,0.025680522,0.04461622,0.037319757,0.020564072,0.029743696,0.012046025,0.019928098,0.049711835,0.12342832,1.2275771,0.039342497,0.034954794,0.01832642
CD72,0.09871811,0.3731313,0.1044561,0.49149024,0.067378946,0.053646404,0.061832856,0.10319877,0.03423756,0.095981315,0.09391943,0.08807851,0.033332348,0.07623663,0.08214469,0.026854852,0.023852663,0.034631882,0.07663702,0.0942859,0.039788727,0.058364008,0.020063842,0.026844056,0.07909378,0.13702138,0.11131945,0.0633405,0.06734495,0.05363934
TPM2,0.22758731,0.029493572,0.029709153,0.031167194,0.04730459,0.03484966,0.07081955,0.11209708,0.012556368,0.109756716,0.105797075,0.08148946,0.02248819,0.0640373,0.0639893,0.017022768,0.03701836,0.021052161,0.09577609,0.06265457,0.023389801,0.061260868,0.012006937,0.029359229,0.071638115,0.026122142,0.04311782,0.053613383,0.05412884,0.6902336
RECK,0.03018463,0.074453644,0.072334535,0.08057305,0.13430128,0.09571562,0.1286091,0.21783935,0.071203955,0.18484572,0.16236697,0.150726,0.05329509,0.1508507,0.12766291,0.02054089,0.036571443,0.05500632,0.13120155,0.10201874,0.060247585,0.11040837,0.027154252,0.029374331,0.12648115,0.05352828,0.086609565,0.09166953,0.11501575,0.04913217
MELK,0.0029254782,0.01091172,0.01178513,0.011947998,0.011160652,0.0062588113,0.008206355,0.013449492,0.31336004,0.012042108,0.010511434,0.014092484,0.2670047,0.01080698,0.024741178,0.003745745,0.0021689755,0.004660751,0.013764773,0.019359851,0.5674841,0.055186577,0.07643728,0.0065951366,0.033569098,0.004398834,0.00816184,0.067946576,0.010870947,0.0035631068
PAX5,0.015940402,0.38622874,0.2674573,0.42684108,0.044433735,0.037860844,0.042821314,0.07619652,0.014959919,0.062071692,0.059006613,0.06922441,0.018670449,0.050260678,0.049048886,0.019557646,0.01420816,0.0268206,0.04638792,0.047284342,0.017532907,0.034744866,0.018647859,0.024406392,0.05483548,0.027267767,0.03184859,0.043033496,0.044116694,0.020015681
MAMDC2,0.0006344172,0.001207043,0.0012060103,0.0012177946,0.0036450508,0.0021667916,0.0015675757,0.0024385059,0.0004953211,0.0045123943,0.0020982823,0.0023514493,0.00089105644,0.0018763046,0.008960371,0.00080729765,0.14196137,0.0011390409,0.0016019463,0.0022909357,0.0006293713,0.009624145,0.00051880546,0.0007024826,0.0018637538,0.0015266235,0.00198044,0.0014898615,0.0014707756,0.0007530193
ZFAND5,0.037044153,0.0900388,0.08544479,0.09738223,0.25839758,0.20484082,0.13018833,0.19227858,0.023519248,0.17191377,0.16854371,0.17780624,0.062472206,0.15593512,0.15704857,0.047395814,0.034723166,0.062259488,0.13915542,0.14945722,0.048351184,0.111929104,0.027392091,0.06587367,0.14931825,0.052175224,0.08796303,0.11548335,0.1469366,0.047617197
ALDH1A1,0.029241238,0.05804103,0.0555239,0.056834858,0.2729508,0.06634145,0.07563298,0.12016258,0.021728603,0.10245715,0.10035298,0.107710645,0.033511616,0.084841035,0.08532131,0.025164302,0.12075544,0.033403542,0.0760799,0.073489286,0.030010175,0.059669256,0.02434942,0.027988257,0.0869365,0.04636962,0.052477907,0.06158463,0.06847255,0.033280525
ANXA1,0.14656691,0.5353386,0.5182487,0.5235194,0.6024733,0.3767571,0.4305224,1.0658879,0.27675617,0.70188105,0.5912999,0.9374788,0.26024818,0.5133929,0.5156273,0.2562105,0.18634273,0.29835922,0.47439492,0.4067186,0.17568491,0.35323107,0.2300762,0.3147179,0.79879767,0.20383526,0.4626052,0.4062105,0.38882416,0.3213347
CEP78,0.038841482,0.09932078,0.0929701,0.09953749,0.12665829,0.10908844,0.21316843,0.20682,0.11278215,0.19187057,0.18300156,0.21480303,0.13627632,0.1612434,0.30277526,0.056877367,0.043378282,0.088558,0.1597165,0.3986977,0.1433279,0.20400272,0.03168972,0.055404313,0.16473632,0.06014126,0.09865625,0.18188761,0.22588862,0.055643287
PSAT1,0.0046742344,0.009146028,0.01374926,0.010238191,0.012422378,0.011047623,0.022834927,0.055474058,0.070274495,0.0415413,0.03577494,0.0488651,0.013248587,0.024204127,0.028113456,0.0044563618,0.003414347,0.0065185493,0.021095695,0.019010795,0.038006593,0.008137793,0.040058006,0.011294221,0.024749942,0.0088592535,0.009869256,0.026459472,0.016781555,0.0050719497
FRMD3,0.010876353,0.024434924,0.022172796,0.021443743,0.08649547,0.06467058,0.026779432,0.038522374,0.010014931,0.035138506,0.03080142,0.036812354,0.010615518,0.03037425,0.029473377,0.012839601,0.008400706,0.012988697,0.025630644,0.029435119,0.012008178,0.020725215,0.0072107743,0.17732199,0.033662178,0.014378437,0.021345377,0.020439442,0.021052718,0.011940777
GAS1RR,0.00041529848,0.00091119396,0.005313354,0.0008924599,0.0014621055,0.0010881658,0.001241639,0.012427725,0.0004599345,0.0015669535,0.0015253123,0.007072655,0.00073624746,0.0013629392,0.0014103284,0.0004558835,0.0004108978,0.00063737563,0.0011718456,0.052553643,0.050459515,0.0008672757,0.00037875056,0.0004611922,0.0013403683,0.00067803724,0.00090177695,0.0008860429,0.0010441986,0.00055648433
CTSL,0.040234514,0.059157394,0.064615436,0.06299923,0.205578,0.7421304,0.08687859,0.24730639,0.028683847,0.17847165,0.117405795,0.1374004,0.048479818,0.10412275,0.09536674,0.032844637,0.026828635,0.063089386,0.085692,0.08044911,0.035326224,0.06003437,0.02838662,0.04573716,0.11399036,0.06807972,0.07930667,0.091569655,0.07989013,0.03803466
C9orf47,0.007918655,0.024784254,0.026114304,0.025158105,0.16971935,0.02956146,0.030378057,0.05357534,0.020267336,0.050894573,0.042691328,0.050933827,0.01795828,0.04144599,0.040693793,0.03551598,0.011347503,0.018567849,0.038219288,0.033902414,0.012361302,0.033423264,0.010391802,0.012357047,0.035342995,0.019036556,0.0252707,0.032289498,0.030223496,0.013910097
S1PR3,0.02830573,0.050128456,0.046383105,0.049714588,0.28300783,0.06655055,0.071849436,0.104705535,0.026161933,0.102800526,0.086057566,0.10557851,0.040350407,0.071039446,0.075778976,0.033159737,0.023753976,0.043458354,0.07448912,0.06636146,0.026530715,0.051275775,0.022121258,0.035980303,0.06286923,0.055161744,0.055102393,0.05040463,0.06925658,0.03397293
CKS2,0.055603456,0.08325251,0.09610409,0.06498275,0.09764832,0.084836,0.101787314,0.11060801,0.3912486,0.12664476,0.11325492,0.097766295,0.1293112,0.09763214,0.09978865,0.026716288,0.13301587,0.038830787,0.0987313,0.08649716,0.1967072,0.07621773,0.08242002,0.043345522,0.089519896,0.19448942,0.0862229,0.10427317,0.07863785,0.12540501
GADD45G,0.00517783,0.008626605,0.009108554,0.012163629,0.0454677,0.012902593,0.012326612,0.022126377,0.0050836015,0.027961133,0.02551557,0.023424296,0.008508055,0.014097152,0.015103707,0.0045233895,0.007659582,0.04692661,0.019619802,0.01432316,0.005589774,0.01948597,0.003505191,0.024987483,0.021039058,0.007920179,0.016539836,0.010484849,0.014050071,0.014707469
SYK,0.07430155,0.1850023,0.12477052,0.14233233,0.23498476,0.14065833,0.13043576,0.22229058,0.05188818,0.15545017,0.17607152,0.18509857,0.06719894,0.14235203,0.15449902,0.06062848,0.03746713,0.07842898,0.14076236,0.15576062,0.061614152,0.13879061,0.04490243,0.05920506,0.14625813,0.12482654,0.15881571,0.113576904,0.12469927,0.10245203
NFIL3,0.039842505,0.08238682,0.073997185,0.07109175,0.2267202,0.11716714,0.146104,0.14149068,0.043608904,0.1390406,0.14605004,0.13514693,0.05959682,0.1216397,0.15981543,0.043524727,0.040318392,0.10112731,0.1426772,0.15998639,0.07057503,0.08957388,0.031169225,0.049316946,0.094416834,0.079114,0.11394465,0.08512756,0.1395388,0.05015248
NINJ1,0.03770308,0.12041407,0.1089073,0.12475001,0.33148685,0.2570762,0.16278543,0.24638422,0.04366206,0.21043517,0.22613534,0.22393389,0.06419257,0.18162353,0.19287631,0.07245704,0.04335085,0.11307446,0.19120128,0.14676146,0.064640716,0.11403278,0.04718368,0.07703974,0.18407755,0.06957982,0.11015554,0.14878409,0.16080275,0.064510465
FBP1,0.04528396,0.077464364,0.085893184,0.084164895,0.25617144,0.28131858,0.11743238,0.20436104,0.042330433,0.17178908,0.15282339,0.17242868,0.06533732,0.14228609,0.12606618,0.04297067,0.0380119,0.08243847,0.14435796,0.12379775,0.058939468,0.10486959,0.029821293,0.05075865,0.12753132,0.12315288,0.1918629,0.1045429,0.11047089,0.06284862
CTSV,0.20519109,0.0045856363,0.0043559154,0.004303283,0.01106917,0.0049610953,0.020714534,0.008752539,0.0016861529,0.012850179,0.0076603354,0.00886842,0.003164043,0.00697102,0.0065489733,0.0016988348,0.0018297244,0.0035087024,0.00584337,0.00593326,0.002265403,0.004351857,0.007380104,0.0021718412,0.0064174295,0.0039580306,0.18432617,0.0057722037,0.0057478384,0.27589872
HEMGN,0.0077814315,0.017437574,0.016032685,0.017226081,0.02839317,0.021106413,0.027039489,0.10300197,0.028042033,0.056051567,0.0724061,0.06814255,0.008503894,0.04137041,0.030841658,0.16708724,0.16560222,0.02964762,0.026685107,0.021738425,0.012568476,0.031680338,0.006623989,0.21946281,0.054549735,0.015276353,0.016886882,0.03708957,0.0332471,0.016900007
SEC61B,0.16809931,0.113091715,0.106104575,0.13605848,0.16411425,0.10741738,0.16594101,0.2754714,0.09327726,0.2278751,0.22843538,0.24181871,0.08638124,0.21236533,0.19174893,0.105135195,0.050816245,0.11790369,0.19599424,0.16890739,0.06897947,0.13249494,0.1488372,0.106409535,0.23295292,0.09141335,0.1156977,0.1467186,0.15465721,0.21850583
NR4A3,0.014712279,0.044342667,0.022619184,0.021757491,0.06465334,0.026606623,0.024135793,0.031390026,0.008772093,0.03497532,0.042015493,0.032647353,0.011666359,0.029103423,0.042445023,0.010146952,0.006478686,0.013727669,0.047702346,0.027811566,0.008129167,0.051573783,0.006009674,0.010021394,0.022930298,0.02656026,0.10185257,0.015555796,0.025663767,0.059235822
TMEM246,0.00093032426,0.0017965261,0.002134372,0.0055561373,0.0037918398,0.0028735932,0.0040126764,0.0038503783,0.00075122336,0.0044545587,0.0034257066,0.007314754,0.0010173324,0.0027694318,0.0027788552,0.0010207383,0.15768762,0.0013035678,0.0033524926,0.004843444,0.0011472241,0.0018037108,0.0008425517,0.0010666854,0.0026473051,0.0018343513,0.001916108,0.0021345853,0.002339229,0.0011125745
SMC2,0.060284827,0.10405898,0.10097247,0.1053629,0.12698542,0.1421712,0.13606325,0.19363932,0.3507388,0.17245896,0.17591873,0.206923,0.30933353,0.14805427,0.17642586,0.049703263,0.059274662,0.1842758,0.13596305,0.15952545,0.3047908,0.10972402,0.055172086,0.050178375,0.13461217,0.07052266,0.103678204,0.14275707,0.1465826,0.06689437
ABCA1,0.0318888,0.09418737,0.06890731,0.11860259,0.23188166,0.1437194,0.066271484,0.11395622,0.025407873,0.10297749,0.09619168,0.10225717,0.02992814,0.076198205,0.07188066,0.032000504,0.04627601,0.16031314,0.08144183,0.061339345,0.02709376,0.052950945,0.023248203,0.030836752,0.07286575,0.06232795,0.061578155,0.07184387,0.062259603,0.033994317
ZNF462,0.0044463775,0.0067420327,0.0071527096,0.0075193527,0.011016937,0.007828154,0.015497952,0.02104516,0.0030353686,0.09577742,0.06854584,0.017074754,0.0049380083,0.0441555,0.012134478,0.0032899433,0.038629055,0.040572222,0.05479947,0.010089158,0.0037483012,0.048459318,0.002991164,0.0041086087,0.021854056,0.13125566,0.0072018085,0.010097935,0.009568982,0.004015509
KLF4,0.13758194,0.08762575,0.08426756,0.08926308,0.3458055,0.2699295,0.122522235,0.2055132,0.0462383,0.18658246,0.15565462,0.19278729,0.07281237,0.13748917,0.13269095,0.049929615,0.044210054,0.06503962,0.13008645,0.11205347,0.04948779,0.08886216,0.035334677,0.049747672,0.12686227,0.09838782,0.19957946,0.100635774,0.10954168,0.050048396
CTNNAL1,0.0074084457,0.024488285,0.017341409,0.024348982,0.043797154,0.025871504,0.043502644,0.0759002,0.3652457,0.06331296,0.04035283,0.06891204,0.39648247,0.046721675,0.05144219,0.06326225,0.022938663,0.014713046,0.070210226,0.03814342,0.37106174,0.040093105,0.044177845,0.20460021,0.06411582,0.08578235,0.027154697,0.05347318,0.038348403,0.012760181
TXN,0.18068057,0.12560493,0.12594652,0.1478307,0.20996708,0.11672599,0.22251247,0.27892175,0.114299245,0.25714812,0.26724425,0.24759936,0.1353899,0.23861109,0.25197807,0.05347754,0.12577179,0.13139872,0.2295725,0.19026072,0.08118994,0.15476453,0.07433022,0.09766905,0.21662337,0.112939626,0.1577837,0.18349369,0.18918851,0.2504805
UGCG,0.17691748,0.14755736,0.120194465,0.13251199,0.11004388,0.08840549,0.103137165,0.20153983,0.04001311,0.18870693,0.1801893,0.1756367,0.041005515,0.14805536,0.14195919,0.031017957,0.026580328,0.05620797,0.14687668,0.1180548,0.047303576,0.09340107,0.03521366,0.04163205,0.18914738,0.07759361,0.108821474,0.13524078,0.108809434,0.616024
SLC31A2,0.030792996,0.10185465,0.101262614,0.10093812,0.40899393,0.35238522,0.13628453,0.20962112,0.056729306,0.19970928,0.2029865,0.19997934,0.07085427,0.17835504,0.16733892,0.035067506,0.047350284,0.087980926,0.18075643,0.13776018,0.050600834,0.108165696,0.043368317,0.060244463,0.1540009,0.12457466,0.14816327,0.13045487,0.14005414,0.06188514
RNF183,0.00044829986,0.0007376383,0.00074184604,0.00079566514,0.002842448,0.00090301345,0.0009824916,0.0253317,0.0004052588,0.0034804319,0.0044522993,0.0013544207,0.00035483253,0.01367308,0.00411195,0.00046460252,0.00030961557,0.00053403625,0.0010674036,0.00099665,0.00037236116,0.00083942147,0.00032782112,0.00045510317,0.014877363,0.00063134625,0.00080070767,0.0011027562,0.00095379824,0.01983984
TLR4,0.033762638,0.065002054,0.06421807,0.066301346,0.30228698,0.15401201,0.09525253,0.12974603,0.038063537,0.126606,0.11444964,0.11024324,0.04874015,0.10404286,0.10361405,0.025674747,0.025036654,0.069424674,0.10027881,0.08021491,0.035445653,0.077248454,0.027723731,0.043430086,0.09309439,0.05589628,0.09249627,0.07925625,0.089292124,0.046075802
MEGF9,0.06842569,0.1636831,0.14365609,0.16522741,0.49906397,0.19315602,0.2333698,0.34415096,0.04968986,0.29200625,0.28746313,0.2834009,0.108188644,0.25092256,0.24975969,0.05387413,0.07150523,0.16512701,0.21821932,0.22414817,0.09163436,0.18363364,0.061200853,0.09222617,0.25317794,0.124392875,0.12873334,0.22764243,0.22829089,0.09557405
GSN,0.16629714,0.104803935,0.11293124,0.0851149,0.25676253,0.11828339,0.13459311,0.15469517,0.03916132,0.14271775,0.1485595,0.15835096,0.05785826,0.13260809,0.16156799,0.037005924,0.07714027,0.16938247,0.13331811,0.22656085,0.09001001,0.28933722,0.03516789,0.21929707,0.1185677,0.19206412,0.33214194,0.102675654,0.14208247,0.22602284
STRBP,0.045200717,0.24024479,0.18086396,0.2992629,0.07836735,0.063975506,0.08270318,0.17663532,0.04647115,0.16534625,0.1427983,0.16867478,0.076580256,0.119503625,0.09371819,0.03152334,0.04077613,0.103426516,0.11365862,0.07052217,0.03705663,0.08044375,0.047316983,0.035827976,0.12576754,0.09165162,0.058380697,0.10814542,0.08416898,0.1360229
HSPA5,0.05915331,0.108234026,0.10300973,0.13036723,0.16017689,0.119968824,0.19197848,0.24497034,0.03477742,0.2384225,0.25260836,0.21659891,0.09907757,0.18878022,0.22328329,0.058479365,0.043922957,0.12142016,0.22247918,0.21998379,0.08466158,0.13198252,0.12471635,0.07828804,0.1964409,0.08905671,0.08958486,0.15281595,0.183342,0.07629615
ZBTB43,0.028231543,0.06499501,0.06249009,0.06353305,0.13289931,0.085475884,0.112843595,0.11512672,0.035461415,0.12420545,0.12991947,0.110311605,0.043092273,0.10701802,0.13294122,0.024608007,0.027092177,0.05522708,0.10185208,0.09181934,0.04041934,0.07759513,0.021284943,0.03015114,0.08104085,0.068229064,0.0638835,0.07201681,0.10859694,0.034931727
ENG,0.027943095,0.048597556,0.041189145,0.053598337,0.17691855,0.12174792,0.08273548,0.13385722,0.03036404,0.10038603,0.111149035,0.12011077,0.03510368,0.10740772,0.09506437,0.022731926,0.04231695,0.065853864,0.0825747,0.08353063,0.032215655,0.06871937,0.018044725,0.028174255,0.09108054,0.09339087,0.08295528,0.06298958,0.07733653,0.04642657
LCN2,0.0049359584,0.010919249,0.011680616,0.011975975,0.026214067,0.018145867,0.014814168,0.02641834,0.005327009,0.02269813,0.017765615,0.027708124,0.0069346577,0.018572362,0.01771509,0.0046862485,0.0072394544,0.008973716,0.016426414,0.013536318,0.007390903,0.017714443,0.0052817254,0.37698674,0.018780293,0.010570873,0.012720365,0.016596789,0.01712823,0.015985524
IER5L,0.025631646,0.057199538,0.053525135,0.058278512,0.24012032,0.15566204,0.10454412,0.13582827,0.02724273,0.12195913,0.1228841,0.10738967,0.041169852,0.09981946,0.13178723,0.025795132,0.034012046,0.07819557,0.12610695,0.085493,0.0363338,0.15354598,0.02645667,0.03746123,0.09051479,0.043588728,0.1105386,0.06632019,0.1471303,0.03570109
PTGES,0.009922925,0.020805469,0.02082448,0.021760598,0.12079019,0.12757474,0.030142026,0.045945935,0.011378674,0.041488748,0.038300242,0.04123827,0.017313091,0.030506328,0.033947006,0.010719681,0.009137599,0.017824396,0.029951002,0.029042771,0.011973729,0.019742742,0.008087098,0.017748624,0.029486788,0.017068233,0.0348862,0.024078045,0.027010819,0.0125247445
ASS1,0.07389841,0.0007458455,0.00068857864,0.00074381,0.0012660475,0.00084444287,0.0010366836,0.0075689824,0.0003898238,0.0013444348,0.0012194412,0.0015012092,0.0004902021,0.0011384807,0.0010354816,0.00037514966,0.00037546945,0.0005839934,0.0010329611,0.0025508557,0.00040093937,0.0006889974,0.038099684,0.00040155987,0.001117698,0.0007414551,0.00072665827,0.001009023,0.000818778,0.00041007582
FIBCD1,0.0014809193,0.003029211,0.0030069386,0.0038769746,0.0049703675,0.13361621,0.004474082,0.008054857,0.0017239971,0.0062156566,0.0069976375,0.006240456,0.002314607,0.005157433,0.005299548,0.0018404378,0.013437694,0.0024902697,0.004315209,0.0037190206,0.00181084,0.0035479083,0.0013244896,0.001943961,0.0040878407,0.031655848,0.0029819377,0.0033970117,0.005169515,0.001873039
NUP214,0.053588677,0.103583634,0.1116858,0.12623821,0.32119235,0.16142169,0.15772402,0.3178751,0.046902347,0.26505837,0.20857991,0.23025501,0.08357055,0.19143035,0.18677524,0.045276646,0.043395035,0.10655634,0.17858833,0.15953408,0.06380694,0.124601655,0.040982418,0.080775276,0.19730856,0.067292474,0.105469316,0.19054249,0.16403382,0.056916323
GFI1B,0.007562424,0.014279178,0.011859756,0.01267008,0.026997834,0.055060897,0.018022679,0.025588397,0.006683475,0.023382336,0.029966138,0.03851768,0.011668564,0.021727694,0.02278252,0.02586713,0.1352075,0.007610112,0.019203369,0.020476287,0.006601404,0.0128028495,0.005075307,0.39411357,0.018763749,0.0136627285,0.014445456,0.01497895,0.016835406,0.0086050555
SLC2A6,0.07200778,0.11777699,0.114522696,0.10810878,0.29953206,0.3839888,0.12337243,0.18215086,0.03202629,0.16950579,0.14869383,0.16213292,0.051442266,0.12833825,0.14094752,0.028365534,0.03612316,0.049396593,0.11726247,0.10350986,0.04904815,0.08489752,0.034024045,0.045763373,0.12551022,0.070894316,0.11624032,0.09200036,0.11773839,0.07295666
RXRA,0.05257952,0.10004727,0.0985841,0.101323836,0.3386118,0.2684346,0.14787155,0.22182423,0.041796517,0.21341673,0.17746101,0.19977982,0.07656823,0.16856384,0.1744939,0.053216275,0.04986374,0.08993857,0.15399706,0.14518407,0.05677246,0.112377346,0.0350865,0.062387347,0.16690645,0.08907603,0.112671025,0.11426537,0.14040725,0.06198342
FCN1,0.0925652,0.17455015,0.16533197,0.17055668,0.5379714,0.27065513,0.23608379,0.3313498,0.08597719,0.31624195,0.29026067,0.33047125,0.12980849,0.2707748,0.25946397,0.06709777,0.0791807,0.14758895,0.24929231,0.20626779,0.0956774,0.16775389,0.080887266,0.09397169,0.27981225,0.1606695,0.14326538,0.19075136,0.22737564,0.104850434
OLFM1,0.008612202,0.021017818,0.020798199,0.020612068,0.11447384,0.066630274,0.030004034,0.052084077,0.011431707,0.043260876,0.037536208,0.039898682,0.014194112,0.032590836,0.037747372,0.009446455,0.00949948,0.019181058,0.03588845,0.026897715,0.010793685,0.021469532,0.009316609,0.015421178,0.0324931,0.019081814,0.081708305,0.023112273,0.02898583,0.012587149
AL590226.1,0.0007568667,0.0012695123,0.0011750334,0.0012124196,0.001909627,0.0021386195,0.0015410435,0.0026333628,0.00076983694,0.0065140747,0.0023198936,0.0025849664,0.0008375425,0.0018822652,0.0018584831,0.00068306195,0.4179296,0.00095785205,0.0017198683,0.0054867673,0.0006701977,0.0012438504,0.00054843584,0.0006670775,0.0017616068,0.0011340925,0.0017038751,0.0013289348,0.0014871538,0.0716882
EGFL7,0.009979192,0.024887867,0.01917688,0.027842091,0.061622933,0.051184837,0.028320163,0.057051472,0.0149520915,0.03923449,0.045413055,0.049956426,0.022062719,0.037670694,0.030056892,0.009877134,0.6942762,0.016269153,0.029385483,0.028448,0.012051444,0.022933494,0.016936429,0.34346116,0.036527295,0.018421413,0.022200476,0.027046602,0.031112108,0.041706093
PTGDS,0.16514346,0.02427545,0.022416662,0.023663765,0.03430057,0.028054154,0.052703295,0.053821493,0.013592511,0.052449044,0.05293884,0.04849776,0.02761344,0.038797624,0.09342613,0.012833147,0.010627225,0.014583737,0.03759698,0.17524913,0.061042126,0.025033647,0.010182042,0.018257907,0.03194658,0.018892424,0.022239983,0.0259534,0.09535217,0.23169309
LCNL1,0.11981233,0.01926627,0.020106405,0.019677224,0.030256905,0.024296356,0.060052637,0.05538723,0.009580475,0.050496515,0.05241953,0.15082435,0.012483547,0.10985986,0.12714528,0.012100791,0.008645935,0.015345996,0.056910418,0.07260776,0.01154156,0.02127526,0.00807026,0.013304349,0.033846624,0.015052953,0.02145513,0.028322762,0.11190735,0.26925656
CLIC3,0.1580527,0.10978871,0.10199291,0.10229946,0.15550569,0.13339753,0.23295134,0.22302589,0.077159025,0.19705139,0.22212574,0.2257297,0.09672879,0.22660613,0.42714104,0.04267773,0.049190287,0.14101286,0.22866051,0.8359218,0.20900963,0.3248299,0.046555746,0.09390501,0.15544839,0.086326115,0.107741036,0.13276327,0.36332142,0.4018845
FUT7,0.097522184,0.05112732,0.107727006,0.049021423,0.11400004,0.048867125,0.060399264,0.0792039,0.09420469,0.15607943,0.10190613,0.08953865,0.09500826,0.11357191,0.111441836,0.019345086,0.029119343,0.15312193,0.13852866,0.081692226,0.038318254,0.24390364,0.016446715,0.022198731,0.08178022,0.09473102,0.12821378,0.043812536,0.08389242,0.19980815
LRRC26,0.3488108,0.009547401,0.009726298,0.0109575065,0.018278355,0.016683847,0.013228667,0.021291314,0.0058261044,0.020670662,0.018249823,0.022261554,0.0062124846,0.015163078,0.020683605,0.005434139,0.01829245,0.007705508,0.02195779,0.013780384,0.0047365464,0.010601765,0.003996644,0.018510787,0.014969563,0.0076302965,0.009507155,0.011530463,0.016715571,0.96165794
TUBB4B,0.06963631,0.11014959,0.11195762,0.10956091,0.1770278,0.13671009,0.16441679,0.18302421,0.18039493,0.19228005,0.1707921,0.17784952,0.16398527,0.14699316,0.18496728,0.04429317,0.040658902,0.14382017,0.18202898,0.15996054,0.17656839,0.12237958,0.052263957,0.153963,0.15798105,0.075275786,0.11077803,0.15509805,0.1477288,0.061960135
AL954642.1,0.002381909,0.0046906746,0.004773928,0.0048223496,0.0104470365,0.008021889,0.011545453,0.0123634385,0.0021525703,0.009353561,0.009000048,0.009401838,0.004849307,0.007499415,0.008755629,0.0020172654,0.0027228761,0.003875449,0.008412286,0.0067704497,0.0030624487,0.0051920256,0.0021184355,0.14621297,0.0070808153,0.004156529,0.0061344225,0.0072652875,0.006610224,0.0030877336
IFITM2,0.06639809,0.11631168,0.12010646,0.12517653,0.14794354,0.2256688,0.14886442,0.20834336,0.056156572,0.17803442,0.17056061,0.2036272,0.060613927,0.15951286,0.20305607,0.080790654,0.048778735,0.15465932,0.15811743,0.22918916,0.08367262,0.20147915,0.08738701,0.110243976,0.17129849,0.1318922,0.077854924,0.13623318,0.16033727,0.078620076
IFITM3,0.055552498,0.099868625,0.09825567,0.106862135,0.2486382,0.4556429,0.15621704,0.2406061,0.054585706,0.20816603,0.18715002,0.2181944,0.062284283,0.18362625,0.18056977,0.054506533,0.050438322,0.08716955,0.16486332,0.17077716,0.07215107,0.17420621,0.041395728,0.105435885,0.17286047,0.09913405,0.14844017,0.12624145,0.13653247,0.06328203
IRF7,0.18693283,0.10722616,0.11940165,0.10894415,0.22384572,0.21280643,0.13953076,0.20262054,0.05565578,0.20948339,0.16628106,0.19047104,0.057120208,0.15739533,0.16133088,0.040124647,0.046617866,0.10346212,0.14177021,0.1651302,0.061960574,0.12775978,0.054056104,0.065397136,0.14827767,0.097640194,0.13232172,0.12815456,0.13441077,0.5286793
SCT,0.6093864,0.012115517,0.015686972,0.016708843,0.020856638,0.016460726,0.022696959,0.034079153,0.00594877,0.028986026,0.021206036,0.029559264,0.0069977515,0.022803504,0.027307859,0.0062223426,0.009837488,0.009475959,0.029821254,0.019041553,0.008315188,0.021602362,0.00506784,0.010531854,0.022802208,0.011511888,0.019114165,0.035515085,0.01778409,1.0499023
DRD4,0.024689894,0.015010713,0.008946832,0.010416037,0.02211084,0.026144076,0.011408315,0.016342016,0.0036593173,0.015755197,0.013814378,0.019809684,0.005458546,0.01089203,0.012266121,0.05891142,0.008701906,0.006153133,0.011136743,0.012921014,0.005933409,0.013470926,0.0030080383,0.004301976,0.0105187455,0.009615706,0.010059413,0.007639452,0.009053568,0.4259363
TALDO1,0.03481582,0.0941428,0.09172247,0.1193765,0.3158172,0.11613291,0.1599448,0.25448635,0.03786032,0.21072361,0.20556137,0.23115106,0.09343138,0.16403472,0.18531922,0.05894162,0.073734656,0.080367,0.18723288,0.17057782,0.054294042,0.12113274,0.03331156,0.13271992,0.19952805,0.04563796,0.10020258,0.17292544,0.149591,0.043920945
KRTAP5-2,0.0005874831,0.001370667,0.019935912,0.00141704,0.0021296167,0.0017729778,0.008239585,0.0030334494,0.00061605376,0.02843482,0.0152271865,0.005463923,0.0009727224,0.013993532,0.0070380475,0.0007450759,0.00064935966,0.0008870665,0.0020675152,0.0034165136,0.0007279227,0.0014748764,0.00060077646,0.0007095388,0.020976815,0.0012360582,0.0076171546,0.0016764471,0.001895954,0.0007920403
CTSD,0.042652007,0.13437319,0.13044748,0.1491403,0.27670985,0.12729685,0.16677938,0.27673823,0.060580462,0.24519628,0.24359722,0.25280288,0.06554371,0.2257503,0.22988647,0.0673326,0.044210147,0.107946,0.219179,0.21987838,0.07024272,0.13006186,0.034263343,0.08749223,0.2271258,0.116607055,0.09282326,0.18228367,0.18969874,0.0537132
TNNI2,0.23084676,0.06409383,0.04888611,0.07210433,0.14761448,0.21758083,0.059286974,0.08359171,0.026479684,0.08364573,0.07851296,0.0833559,0.029745007,0.06693355,0.06149525,0.026704203,0.019095276,0.04775473,0.05987885,0.059003215,0.021462444,0.039865028,0.017758496,0.02549923,0.05777269,0.12093297,0.09935335,0.060915098,0.04896083,0.19011728
CD81,0.055417188,0.14576533,0.15512839,0.17763826,0.19479418,0.14539728,0.24941595,0.29705393,0.06043236,0.25657153,0.3252172,0.27388328,0.11551584,0.21444193,0.30242696,0.06950891,0.049940567,0.11522544,0.3164428,0.26687053,0.09148186,0.19330741,0.041768346,0.09722541,0.22981828,0.08664667,0.1123987,0.3444056,0.25694314,0.06694833
KCNQ1OT1,0.035772845,0.13343374,0.13174461,0.116751224,0.18945359,0.20836385,0.12181911,0.24454941,0.03363874,0.21442817,0.18041104,0.236423,0.057263624,0.15791348,0.14004734,0.04182231,0.111116625,0.06257869,0.12671037,0.10919392,0.05109655,0.08971212,0.03841675,0.042767346,0.15486592,0.08885621,0.11727116,0.14927144,0.123292394,0.054977
CDKN1C,0.05308235,0.09055992,0.07815873,0.09074982,0.19619901,1.3204913,0.10279298,0.1593193,0.07617666,0.13270195,0.14002469,0.15392688,0.051765274,0.11964078,0.12523903,0.03709191,0.07818617,0.09688887,0.11902123,0.11661567,0.043492362,0.07612695,0.033178296,0.054146316,0.13583888,0.05894507,0.07752315,0.09453221,0.10886158,0.059815872
PHLDA2,0.016351236,0.029415414,0.02698643,0.026133789,0.14407004,0.03858017,0.035684172,0.063279055,0.013350948,0.07149191,0.08777015,0.052693963,0.022526497,0.05349387,0.043418307,0.017853744,0.012360271,0.020332593,0.039192986,0.034163415,0.013097043,0.026975019,0.010808075,0.015667943,0.07461029,0.0744188,0.11543498,0.032161247,0.036292143,0.015901579
ART5,0.00027604803,0.00043317722,0.00044210954,0.0004681387,0.00064097927,0.00052197813,0.0006228139,0.00090925547,0.0002048863,0.0008295928,0.0007816857,0.0008037704,0.00031219207,0.00064010423,0.007604338,0.00020404867,0.00019805953,0.00029398294,0.00061953306,0.00050582876,0.00026496837,0.00044196373,0.00019177003,0.00025332547,0.00062298495,0.00034316667,0.00048180448,0.00047966556,0.0005268941,0.00026187193
RRM1,0.05110712,0.06535844,0.055338535,0.062627934,0.08335795,0.07626931,0.10763471,0.14869894,0.28926167,0.14945585,0.15169738,0.13032056,0.23669474,0.115656674,0.12115161,0.025399622,0.044196907,0.06357193,0.118429966,0.09434721,0.19592373,0.06596391,0.04319254,0.025957588,0.1198901,0.043572053,0.06792064,0.071990974,0.090730816,0.034935076
HBB,0.047508575,0.08678078,0.08816225,0.115797766,0.14656217,0.098970704,0.165595,0.23262772,0.03031209,0.22021008,0.19436496,0.23008248,0.067095175,0.16767739,0.16425443,1.0639595,0.055316128,0.07962033,0.17738463,0.16604894,0.05639537,0.09393598,0.0298233,0.06836212,0.19343951,0.058542784,0.078625716,0.15935206,0.14125487,0.05944016
HBD,0.0029647956,0.0060002073,0.005738638,0.006235477,0.010450595,0.009120094,0.007907828,0.021666192,0.002962621,0.018534869,0.017935287,0.02227496,0.003095467,0.026464812,0.014482635,1.9451231,0.11281042,0.004578058,0.008126077,0.02693611,0.0033795005,0.014396083,0.0026416508,0.06968335,0.008882219,0.006028174,0.0062051085,0.0064578666,0.006869931,0.0036957744
HBG1,0.00065044785,0.0012743776,0.0033717821,0.0012740565,0.0020681808,0.0015763796,0.00540637,0.0029250665,0.000780184,0.0023066322,0.0022713027,0.0024460976,0.00079675746,0.0022165831,0.0019523482,0.0007912227,0.0006021006,0.0012177975,0.0018190873,0.0015533447,0.0007111853,0.0013708813,0.0006234955,0.09278752,0.0018774912,0.0011883093,0.0013531268,0.0013050908,0.0049129245,0.0019526731
HBG2,0.0037002808,0.0090770675,0.007094322,0.009613164,0.026234841,0.012612422,0.009662167,0.02468102,0.003664834,0.013524215,0.013297682,0.019860996,0.004851061,0.010573143,0.012049401,0.34316593,0.0033850304,0.0054433662,0.010254952,0.016641205,0.0038962583,0.006827415,0.0030514726,0.26744792,0.011533255,0.010141006,0.0068708793,0.014262176,0.00940002,0.0074808546
OR51M1,0.00049532164,0.0023761776,0.00074848876,0.0007498775,0.0034538873,0.0009330157,0.0010348976,0.004384095,0.00032526927,0.0013259078,0.004730196,0.0014027008,0.0007210782,0.0012303204,0.0015096072,0.0004428849,0.0003629905,0.00061747746,0.0010322351,0.0009279157,0.000438781,0.0007952501,0.00031320693,0.0004298619,0.0012040973,0.0007890071,0.0007593931,0.00090955186,0.0014056436,0.010549272
CNGA4,0.00017592151,0.00033830022,0.00035235487,0.00034323294,0.0004841425,0.00043999328,0.00048329154,0.0006969266,0.00016621308,0.0006541239,0.0005721704,0.000685873,0.00029969795,0.00057457254,0.0005635378,0.00015459921,0.00019533878,0.00022919128,0.0005102461,0.0054746093,0.0001890944,0.00036160578,0.00017440907,0.00018854649,0.0004859407,0.00033824038,0.0003687238,0.00039359694,0.00048353293,0.00020932326
CAVIN3,0.020734755,0.016296875,0.013705718,0.014295156,0.08914245,0.0170823,0.021223018,0.027805274,0.0062289615,0.026105996,0.027729686,0.0297962,0.011203971,0.025263652,0.022629898,0.010383472,0.009262624,0.011407929,0.018685106,0.020062221,0.0088158585,0.01414181,0.0052118576,0.007918024,0.020364165,0.046287864,0.07143007,0.017146446,0.019656928,0.00836976
SWAP70,0.05414231,0.5221282,0.43732542,0.47659704,0.23732081,0.2498034,0.13717262,0.26721403,0.041865233,0.24039066,0.18863653,0.22180787,0.069246985,0.16449173,0.16279991,0.05078079,0.06576564,0.069883235,0.15717503,0.15438509,0.06326056,0.18355659,0.045142576,0.06017803,0.20684269,0.10167016,0.14705029,0.114397675,0.14639543,0.07071441
ADM,0.031426236,0.056238867,0.058085777,0.058059316,0.28065556,0.20398328,0.06681892,0.10643403,0.02637009,0.095265135,0.08888053,0.10259047,0.03981981,0.08035706,0.086723536,0.03689893,0.023564065,0.035758812,0.084977604,0.06881534,0.024756165,0.045679964,0.02629947,0.032879677,0.08599052,0.060767286,0.057809196,0.06549632,0.076503515,0.03843122
MTRNR2L8,0.08021537,0.2114772,0.18956357,0.22464803,0.31017125,0.21699117,0.1987453,0.34786016,0.09620742,0.31245235,0.31387728,0.37226573,0.19811492,0.27566648,0.33898202,0.055428777,0.068868205,0.20848979,0.22834359,0.25147632,0.12355235,0.20186852,0.06592323,0.25546703,0.23927143,0.12622431,0.20521231,0.18281627,0.31349456,0.11342905
LINC00958,0.001858157,0.003680072,0.0034978543,0.0035072472,0.021825531,0.024134388,0.06604212,0.027702339,0.0028533544,0.013291994,0.0064595407,0.016699351,0.0028224832,0.017290939,0.007313491,0.0018967763,0.0017376528,0.0029779803,0.01023606,0.009823242,0.0022407793,0.003920462,0.0014763261,0.0023124411,0.005516017,0.003044016,0.011760149,0.004210902,0.011656523,0.0019433285
AC022240.1,0.00016650434,0.00036842923,0.00037157518,0.0003755911,0.0005846156,0.00048013093,0.0005146126,0.0009147955,0.0002489325,0.0007484259,0.06572448,0.0007877095,0.00033460627,0.0006424795,0.00061744225,0.00018606354,0.00016120396,0.00033673117,0.0005625913,0.0004912878,0.00023207231,0.00040865457,0.00017429204,0.00023297606,0.00062747387,0.00031274246,0.00040965475,0.000580017,0.0005082132,0.00024374902
NUCB2,0.07118374,0.18333547,0.17944786,0.20013691,0.2618708,0.20711921,0.32386777,0.6660373,0.12480076,0.37162438,0.36740288,0.70263183,0.2006278,0.32554632,0.44146267,0.08622909,0.19217418,0.18862467,0.34315133,0.36213052,0.26120687,0.33679888,0.15948637,0.12956667,0.3454982,0.16113296,0.16372892,0.64071304,0.37089175,0.24427469
E2F8,0.0029062997,0.005143627,0.009468929,0.006028927,0.01027934,0.006307426,0.007998264,0.017375138,0.5402227,0.01846279,0.009539661,0.009903322,0.101397306,0.009176086,0.007804611,0.0024009729,0.0026645316,0.0036105,0.0071735783,0.007084107,0.393533,0.005702927,0.050434254,0.0030895479,0.008657473,0.0044497503,0.0084186075,0.0071048206,0.006851962,0.0032870006
CCDC34,0.010344212,0.041194282,0.044724107,0.041064225,0.039169073,0.04478049,0.056319304,0.10045224,0.11923583,0.08094053,0.079828896,0.10413414,0.15973702,0.07160909,0.060890514,0.018255442,0.056190003,0.012140965,0.06585111,0.05004527,0.1532455,0.039404757,0.017489452,0.016242301,0.056697283,0.015368515,0.032565933,0.04915952,0.06945939,0.020333089
AC124657.1,0.00028571484,0.000585684,0.000559715,0.00057048677,0.00085164903,0.0006926474,0.00091430236,0.0011816324,0.0003220424,0.0012253036,0.03613344,0.0010971982,0.00053124566,0.0009852992,0.00093425164,0.0003127609,0.00025390013,0.0005808774,0.00093043136,0.00070255925,0.00038228763,0.71806926,0.00025759597,0.00034743903,0.0008380432,0.0005764173,0.0005887066,0.00072035374,0.0007679034,0.00036498203
LMO2,0.06469846,0.12085091,0.12783362,0.13117461,0.40194777,0.443696,0.1497014,0.23827296,0.061415423,0.21270624,0.19551396,0.23125517,0.06854168,0.18455812,0.17590834,0.044409133,0.12329372,0.10057468,0.1634545,0.1550401,0.067265324,0.11255933,0.053345762,0.10193741,0.16297185,0.100516476,0.24381095,0.14423092,0.15530612,0.07359546
EHF,0.0019914203,0.005175735,0.008408461,0.0038983433,0.012550799,0.004768499,0.0054982607,0.008591107,0.0017382787,0.008864383,0.007553781,0.00956745,0.003246816,0.00684454,0.0067503443,0.0020382118,0.002036883,0.0034710392,0.005922118,0.005907304,0.002365126,0.0042097424,0.0016363901,0.0022506798,0.006376088,0.28764704,0.20188788,0.005708021,0.009258903,0.0022449119
CD44,0.029696768,0.120346956,0.10628005,0.12711625,0.20681594,0.101856284,0.1508955,0.22801255,0.038612615,0.18015175,0.1739377,0.21836641,0.0606405,0.1444009,0.19300053,0.06486141,0.044451226,0.115082175,0.16800278,0.19302228,0.06714306,0.16496068,0.045168873,0.109953985,0.17664863,0.09260778,0.066930905,0.13294613,0.16803849,0.060850307
SLC1A2,0.006445919,0.017236916,0.032369353,0.016644372,0.07591978,0.027092217,0.045755807,0.036631856,0.008265672,0.03394016,0.027789382,0.032781895,0.034688193,0.029355047,0.027339963,0.010405804,0.008498876,0.011339069,0.024239957,0.028483968,0.008397882,0.0266636,0.006998729,0.0116483085,0.0334889,0.027647328,0.022920635,0.026511457,0.018539144,0.008730199
LRRC4C,0.0005288193,0.0014212051,0.0013704483,0.0044843657,0.006389241,0.0016391936,0.0019613155,0.0069027,0.00050938746,0.002740889,0.0024812238,0.0024999448,0.0007815819,0.0024432351,0.0022305637,0.0007940327,0.011393325,0.0010307478,0.35355428,0.009230785,0.0007241452,0.0014187028,0.0006460066,0.0006927964,0.0023000333,0.0014584378,0.0013248661,0.0017160943,0.0018410097,0.0008618179
C11orf96,0.004877932,0.02780372,0.011565012,0.008252525,0.050650813,0.009944887,0.008765467,0.016937165,0.0036650242,0.02035546,0.02863199,0.015082014,0.0056770057,0.0119240135,0.016165275,0.004535588,0.0031233144,0.005065685,0.017815398,0.018901614,0.0241267,0.023957096,0.0028400996,0.006176581,0.010519592,0.0063744886,0.00918913,0.008989375,0.0104775205,0.0044830786
MDK,0.0040087565,0.013664775,0.010061234,0.014220701,0.02219101,0.014035015,0.024365399,0.043475907,0.016321637,0.022734312,0.019474836,0.03728304,0.04270406,0.033019718,0.030007528,0.0042690593,0.29912376,0.006293022,0.016461568,0.027775502,0.0077862246,0.009566869,0.005287173,0.028592918,0.013731556,0.019581588,0.016742295,0.026558135,0.015296799,0.01299348
SPI1,0.08388074,0.103434175,0.09565089,0.10539548,0.33640993,0.31825355,0.14156996,0.255719,0.04755591,0.19883268,0.18136923,0.22486873,0.061757784,0.16902494,0.17789282,0.07976575,0.038091347,0.08076996,0.1649864,0.1481844,0.05304343,0.11571939,0.038472448,0.06726552,0.17533024,0.14054553,0.17336333,0.14228696,0.14325574,0.056630995
C1QTNF4,0.0015888861,0.0045702886,0.005121371,0.039616574,0.00959933,0.0074544786,0.0054302197,0.011094105,0.0045434902,0.011117501,0.017700009,0.011118762,0.0027716758,0.023478046,0.011094543,0.0018725208,0.3605605,0.0039032788,0.006554632,0.0063514765,0.002516899,0.012297979,0.005727765,0.004019793,0.006563113,0.0033867673,0.005716924,0.005240559,0.0065675694,0.0026965667
FOLH1,0.00028893992,0.00055181875,0.0005314897,0.0005548297,0.0030424052,0.0006759381,0.00078723754,0.0011732059,0.00028449728,0.0010101629,0.0010232755,0.0011244054,0.00057889253,0.0010162607,0.0008924929,0.00041527807,0.00026284397,0.00039169186,0.00083921495,0.0007072426,0.00034253197,0.00062977587,0.00021803126,0.00034471764,0.00078970677,0.0005167851,0.0005702238,0.0006352282,0.0006588677,0.0003614307
OR4C6,0.00019676598,0.24498165,0.0003149152,0.00032741253,0.00050467666,0.00041849315,0.00044430656,0.0007383544,0.00020926044,0.00064579316,0.0006529261,0.00064626825,0.00020843477,0.0005876596,0.072758034,0.00022023829,0.00018562,0.0002849538,0.0004990353,0.00040633022,0.00021591524,0.00035801032,0.0001384571,0.00019901762,0.00049698015,0.00027945018,0.00036006793,0.0003855444,0.00039279473,0.00021234616
SERPING1,0.047134493,0.026411632,0.024374248,0.02630026,0.14105727,0.102022655,0.05206185,0.05398993,0.012098956,0.05125517,0.048338287,0.05550538,0.020911112,0.038226414,0.03902447,0.018165171,0.15451092,0.019900005,0.0355306,0.031430602,0.014956698,0.028454224,0.012368066,0.029615212,0.037092626,0.025272354,0.05974111,0.026999386,0.03221804,0.100393124
FAM111B,0.007497341,0.13454576,0.024523987,0.15480779,0.024115486,0.016958,0.019201705,0.02909223,0.41538373,0.030121863,0.024274908,0.028590238,0.22817154,0.022262365,0.02534322,0.007115635,0.008020153,0.012481891,0.02388972,0.023978392,0.36182746,0.025643637,0.02565099,0.012004187,0.020856632,0.0124465125,0.014133341,0.015615122,0.020272385,0.008068702
MPEG1,0.08390294,0.14972493,0.15655613,0.15906641,0.46108788,0.22725037,0.22548725,0.34469193,0.0769876,0.3315964,0.27615297,0.31556493,0.13002571,0.24169315,0.22831886,0.077977285,0.07756351,0.113723546,0.23444171,0.20896438,0.09271533,0.17192799,0.06731149,0.09077148,0.26682845,0.19355997,0.147127,0.18746051,0.18785457,0.19875105
TCN1,0.00027027947,0.00048113777,0.00047109468,0.0004810882,0.0026347542,0.0024753637,0.0006430323,0.0011347859,0.00025729006,0.008892713,0.0008729633,0.00094055245,0.0003472261,0.0007797214,0.000764583,0.0002377734,0.000259041,0.00035226293,0.0007440938,0.00062525895,0.00026598535,0.0005313355,0.00022945146,0.00029822235,0.00080654724,0.00057205366,0.010751513,0.0036538823,0.0005626714,0.00032082532
MS4A3,0.0012817597,0.003180456,0.0031482305,0.026682422,0.0071894475,0.0071794908,0.0042666425,0.006841616,0.0015663834,0.0061848853,0.005538864,0.03690713,0.0016452161,0.0056936094,0.00514341,0.0011632947,0.3202444,0.002139301,0.09067487,0.004064074,0.0015778873,0.0030194845,0.0013917639,0.0016034925,0.0048088306,0.0029612856,0.09758663,0.0040380703,0.0040376675,0.0018475587
MS4A2,0.0012213981,0.0029222318,0.007688075,0.008140426,0.009237386,0.0039850045,0.011716997,0.016003242,0.0017779513,0.0062127053,0.009246964,0.019761192,0.0023447843,0.005937431,0.0067651113,0.001813707,0.19722927,0.0024015093,0.0048425775,0.005367054,0.0017158854,0.0030322154,0.0013395246,0.002388634,0.0040711793,0.0219358,0.0034337332,0.0038000061,0.0039806045,0.0018915903
MS4A6A,0.11896155,0.2515036,0.23839402,0.25534976,0.8681645,0.23989452,0.3451104,0.4526279,0.12201562,0.44297925,0.42908466,0.47555467,0.17218997,0.38056517,0.40640175,0.092254534,0.098519705,0.22739369,0.3558383,0.3121388,0.12424337,0.25331604,0.099394195,0.14853811,0.35898426,0.2205607,0.36158207,0.28534064,0.3346998,0.24683538
MS4A4A,0.05789352,0.04094126,0.043538425,0.039305095,0.1267915,0.4801526,0.05528001,0.069033995,0.018734865,0.06831914,0.06765973,0.07257103,0.023939854,0.057168428,0.05931308,0.02046276,0.017047698,0.029188462,0.051971383,0.048785765,0.01897064,0.036619686,0.015357261,0.030378915,0.04763615,0.03702303,0.09869185,0.045215026,0.04713877,0.06964796
MS4A7,0.063598245,0.12656565,0.1188951,0.12708497,0.38524318,0.8491376,0.15315506,0.25306982,0.06848865,0.22560096,0.20234634,0.23177086,0.07672847,0.18940997,0.16931717,0.04917218,0.05940235,0.0647461,0.16416776,0.15330559,0.059050694,0.12577583,0.04693136,0.06859964,0.17630678,0.095189504,0.1329309,0.1203578,0.13984618,0.07396561
MS4A1,0.03591841,0.8273697,0.75352305,0.75285673,0.123958886,0.08971238,0.105427444,0.18153773,0.034195654,0.15132052,0.14871283,0.16206652,0.052150197,0.14185527,0.13069424,0.03617937,0.033416934,0.064284556,0.1182293,0.10376358,0.046107493,0.09195204,0.03399583,0.050350297,0.12529908,0.06326303,0.078380145,0.10940857,0.08825791,0.047417928
SLC15A3,0.051762994,0.093090884,0.09433563,0.08777321,0.29399613,0.21978846,0.10033856,0.15215744,0.042757098,0.1498984,0.12916532,0.15054221,0.054541156,0.12545314,0.10982827,0.0493264,0.03524999,0.05272321,0.10201935,0.09371639,0.04417532,0.077191025,0.028079808,0.03880045,0.113243654,0.06600174,0.14296013,0.08269779,0.08827088,0.07594692
CYB561A3,0.15343912,0.24730502,0.16457745,0.23674044,0.16253662,0.10475789,0.12589404,0.19187872,0.034587096,0.15449265,0.15535739,0.20318149,0.060320713,0.1412372,0.16481869,0.03509545,0.03176213,0.062179737,0.1284932,0.12763758,0.05216487,0.108040065,0.029970903,0.043848768,0.13496274,0.08577872,0.09735535,0.11743583,0.14257027,0.29023612
FEN1,0.052313406,0.04726776,0.04809037,0.053249635,0.061498467,0.055166103,0.0643547,0.07744553,0.28377706,0.07102942,0.079556435,0.073729984,0.21646422,0.07119138,0.06900022,0.017106006,0.028898226,0.0286368,0.07032702,0.07327355,0.25569564,0.0564204,0.05587686,0.018852228,0.04156635,0.031032393,0.05492625,0.0417479,0.06378562,0.054744877
FADS1,0.082316376,0.07820288,0.082116134,0.08773818,0.28856692,0.15468918,0.11359808,0.16565223,0.060884017,0.15668924,0.17647775,0.15959024,0.19070543,0.1394394,0.1314889,0.032123532,0.13112812,0.07292024,0.11210756,0.14905666,0.10433669,0.09114678,0.04027364,0.05347297,0.118375465,0.20960768,0.2113739,0.09427656,0.11380258,0.12562153
FTH1,0.089282416,0.14829402,0.16714817,0.14180209,0.6055291,0.65186816,0.32962966,0.6662093,0.12522206,0.3228139,0.32868686,0.63798577,0.15952751,0.35553014,0.40341753,0.25459805,0.06647475,0.15289038,0.30969363,0.32661968,0.1328595,0.3236184,0.19522429,0.34014508,0.38944542,0.19714114,0.26623505,0.44235787,0.31075528,0.08067402
AHNAK,0.090463504,0.25215307,0.25616136,0.34055957,0.45527112,0.22345881,0.42232195,0.9142592,0.08908495,0.5659943,0.4430261,0.8470088,0.16222933,0.4478052,0.47229484,0.21708402,0.14717919,0.3346481,0.43506503,0.37388787,0.1300613,0.28578794,0.10704006,0.2584093,0.42676044,0.1955217,0.23781197,0.473184,0.41674876,0.14387068
GNG3,0.049993116,0.07808023,0.052772235,0.050081424,0.007905511,0.009494207,0.006188434,0.00940232,0.0022303283,0.0116772065,0.009182949,0.008944422,0.0033893213,0.010319323,0.006759919,0.0025802604,0.0026344866,0.0038322094,0.006476088,0.005942639,0.002735316,0.0045620543,0.060638502,0.0026623488,0.0066425484,0.0048739715,0.005068981,0.0057906616,0.0053714374,0.002945909
HRASLS2,0.009158425,0.018693939,0.01946863,0.017864218,0.027956728,0.022198126,0.085950516,0.058238555,0.0106482,0.048161574,0.06471188,0.085512534,0.01448807,0.046321917,0.087619044,0.008507049,0.007195629,0.015591878,0.059791032,0.0891963,0.020428317,0.035690285,0.14614724,0.014678401,0.033208087,0.016633583,0.01849534,0.074577175,0.055014662,0.014682617
PPP1R14B,0.12865436,0.09111752,0.08168313,0.08166973,0.11558547,0.09809455,0.12278709,0.17014687,0.023512406,0.18795957,0.19930883,0.15565358,0.08019778,0.13752703,0.12317784,0.03526491,0.0646275,0.070380524,0.15626447,0.10299168,0.04945216,0.08747392,0.0344847,0.050011266,0.124948114,0.17572588,0.09617564,0.11549629,0.10382713,0.2929494
CATSPERZ,0.0007321283,0.0011298354,0.0011198539,0.0011982874,0.004494826,0.0014461107,0.0013671152,0.0024820222,0.0005551076,0.0032328006,0.0018869168,0.0022027385,0.0008596491,0.0018587713,0.0050168745,0.00059206196,0.0005432616,0.0009150324,0.0016528663,0.0015023825,0.0006458877,0.0071339994,0.0005560614,0.00062607764,0.0015991806,0.0010064285,0.0012076673,0.0014514369,0.023543619,0.00072842266
EHD1,0.052248795,0.13007724,0.14599593,0.12770987,0.21734115,0.15225111,0.23491237,0.24792969,0.06455178,0.23605846,0.2637594,0.25470454,0.0914034,0.1944182,0.2914234,0.06380214,0.044304192,0.12731521,0.21888658,0.2231151,0.07372762,0.15877372,0.03784211,0.14074367,0.19467281,0.060233906,0.09963742,0.1696867,0.24085136,0.055171628
CDCA5,0.003381534,0.0073197177,0.009620586,0.015489353,0.014150073,0.013588575,0.01028341,0.020654164,0.5821417,0.016722348,0.016363872,0.017085956,0.21453694,0.013224613,0.022025183,0.0038239765,0.017526131,0.006220926,0.010665929,0.014980777,0.55077404,0.007788697,0.037006173,0.01899953,0.011070188,0.0053766067,0.013714401,0.00932466,0.01627996,0.012739154
AP003068.2,0.011807236,0.032097075,0.037590474,0.04328392,0.047083084,0.032801226,0.029972667,0.04277709,0.010620829,0.040918652,0.039416116,0.045069467,0.014417607,0.039829887,0.036941756,0.012610885,0.019417629,0.034255248,0.029532166,0.03400114,0.012209154,0.019699883,0.010824182,0.34844387,0.02703733,0.025416361,0.021851227,0.028132189,0.031450164,0.017898722
NEAT1,0.10418181,0.18984698,0.19677001,0.3082105,0.56936044,0.3355056,0.20494826,0.52847344,0.07009352,0.30391958,0.32488352,0.52684736,0.08750712,0.3608188,0.26183438,0.14412427,0.049482666,0.17678866,0.34949774,0.17659426,0.089478604,0.12300536,0.06137068,0.18098018,0.34960657,0.13238303,0.15836014,0.33707288,0.23052123,0.16871855
OVOL1,0.0002229141,0.048059236,0.00041397224,0.03260263,0.017632067,0.00046909024,0.00050532544,0.0008169451,0.00018466271,0.1390944,0.00070997677,0.000734904,0.00024111428,0.00058410875,0.00058923353,0.00019501126,0.00018770766,0.00033964464,0.0005433187,0.0005038153,0.00018947475,0.00039807285,0.00016998163,0.00022337986,0.0006071064,0.00048647064,0.00040959127,0.0005037452,0.00047860216,0.00026615587
CTSW,0.10237804,0.29249963,0.29264155,0.29941592,0.44945934,0.38765815,0.56774956,0.7134991,0.17509982,0.62085646,0.69971824,0.6462705,0.49984616,0.6263979,0.99709004,0.12882198,0.11530037,0.54798466,0.8202244,1.29717,0.5367996,1.2159065,0.14414679,0.23820065,0.4913647,0.24948616,0.26465806,0.42956603,0.8377449,0.1638077
SPTBN2,0.00095928897,0.03168954,0.0020801746,0.0019861073,0.0038797222,0.0019784605,0.0028294944,0.0721763,0.00087080407,0.0037147012,0.003598098,0.0039856364,0.001375646,0.0032667667,0.0030927504,0.00070761977,0.14914756,0.0018124816,0.16326697,0.08150783,0.001132769,0.002151626,0.0045444965,0.0010871699,0.0030396816,0.0018530448,0.0017776827,0.0026698327,0.0026221098,0.0013113042
GSTP1,0.12311648,0.13329788,0.16187282,0.14752273,0.31455675,0.1814721,0.18737464,0.38123652,0.058318127,0.34174153,0.29447377,0.32558218,0.075662225,0.26566082,0.18942928,0.07443694,0.0635181,0.079355136,0.24347194,0.17934082,0.10754156,0.14920336,0.04483265,0.118219174,0.28190807,0.33518854,0.26295233,0.19938092,0.16537939,0.051924292
ACY3,0.0049361917,0.009778233,0.01614645,0.025466407,0.022740278,0.16235957,0.013112737,0.028229926,0.023850141,0.025368787,0.02232645,0.024353862,0.08431162,0.017803114,0.0243156,0.005204076,0.085726865,0.0065608067,0.014280047,0.018415129,0.0055568945,0.011182619,0.08449159,0.0056271846,0.015537269,0.03782522,0.028420085,0.012773337,0.018780012,0.13480468
CCND1,0.005555897,0.069619305,0.050949566,0.04608183,0.016096767,0.017515399,0.014273019,0.047527246,0.0055434653,0.035948418,0.047352035,0.024793662,0.0058223265,0.019742701,0.04505474,0.0059028417,0.004576827,0.009752275,0.025032587,0.023878196,0.005930346,0.018281352,0.004327585,0.012655133,0.02099877,0.9059349,0.026784642,0.01343971,0.02597476,0.0073223165
CTTN,0.00859628,0.021986865,0.020592956,0.020514447,0.04302017,0.025769213,0.027487786,0.046763785,0.010733627,0.04098987,0.03638397,0.03637998,0.016015874,0.03333221,0.037468333,0.007002301,0.008350488,0.01957844,0.030241704,0.025795171,0.01112788,0.02095288,0.009383865,0.57683915,0.029706674,0.018969469,0.019480059,0.025292508,0.03034402,0.022634674
AP003498.1,0.0004180136,0.0010802053,0.0010547012,0.022544323,0.003314066,0.0011705711,0.0014684899,0.0022018987,0.00056296884,0.01629022,0.6220824,0.0020622176,0.0007321122,0.0016846962,0.0016784223,0.00030917258,0.0004571419,0.00078046945,0.0014871415,0.0013465094,0.00050887937,0.00106171,0.00054067257,0.0004983169,0.0016771652,0.0009984957,0.00089737796,0.0012364793,0.0013779708,0.0006363856
KCNE3,0.040362928,0.07065764,0.06809194,0.071760006,0.2925383,0.20737587,0.09215752,0.14861688,0.03266687,0.13158248,0.117559746,0.13629742,0.04713734,0.114354864,0.12293503,0.038685244,0.033740003,0.046305545,0.103289455,0.094258256,0.03712635,0.06742457,0.032061916,0.056830723,0.107081935,0.06406026,0.09674221,0.09707704,0.0975798,0.04157687
AP001189.1,0.008240821,0.014862913,0.013573886,0.017369535,0.036882933,0.020053213,0.039046556,0.03489207,0.005340445,0.030090341,0.027940327,0.031283423,0.011190078,0.020633036,0.022803094,0.005121655,0.0059610424,0.0108347135,0.020217987,0.018899592,0.007410219,0.014743286,0.005938605,0.34502387,0.023278905,0.01234207,0.01509771,0.019316774,0.019561669,0.022126583
LRRC32,0.005413072,0.020589704,0.016489837,0.011188624,0.05384369,0.04414728,0.01783031,0.020173302,0.006616144,0.023788042,0.023663009,0.02012848,0.006519669,0.01986725,0.015599304,0.0051877745,0.0052810344,0.008204779,0.013895966,0.014210666,0.005897254,0.010534773,0.0046373266,0.009042006,0.051597223,0.011760113,0.017915083,0.012157563,0.014352337,0.006403945
PAK1,0.07571718,0.07962984,0.08491843,0.082246415,0.22564255,0.21555047,0.10831231,0.19617125,0.04240134,0.15835574,0.13915443,0.17388315,0.057443716,0.12818621,0.13457078,0.04549178,0.036935892,0.07036391,0.119716175,0.10673296,0.04855137,0.09232361,0.03000022,0.051152814,0.11505403,0.13901953,0.23889893,0.10850304,0.11631369,0.052321196
SYTL2,0.029074384,0.07830449,0.07470224,0.07363939,0.10943365,0.0862044,0.31258312,0.2133958,0.049336407,0.23469725,0.29670888,0.19603112,0.18239741,0.19156289,0.36149138,0.036777616,0.036209427,0.19864787,0.4842681,0.31509528,0.11365188,0.19530252,0.03080892,0.05071421,0.10935122,0.08084427,0.07136104,0.10034686,0.30957517,0.045818523
PRSS23,0.023148894,0.05564067,0.051747218,0.058014512,0.08106055,0.073844135,0.25636733,0.10997071,0.022562837,0.10362761,0.101076305,0.11921515,0.089497305,0.09469544,0.32721248,0.031183012,0.028754253,0.04346367,0.08017709,0.46469948,0.123057,0.095883414,0.023372872,0.04641323,0.07845386,0.04507887,0.057123017,0.07043664,0.19958486,0.03412119
CTSC,0.09621818,0.1620159,0.15563777,0.17335425,0.22037168,0.32212698,0.26071712,0.32355124,0.051707167,0.28805512,0.27085006,0.31480244,0.091555424,0.24223173,0.30322877,0.06797,0.048749767,0.14172953,0.27298015,0.31286058,0.11971732,0.17448816,0.050631892,0.10412502,0.25007987,0.078287214,0.10025642,0.25776753,0.25238732,0.17945592
SMCO4,0.119968645,0.10237592,0.09871325,0.10046826,0.37967336,0.32710385,0.14098209,0.21386252,0.111440405,0.21051519,0.18007624,0.20905595,0.07919696,0.16495462,0.16211352,0.04135795,0.050178837,0.0747482,0.15476228,0.14078908,0.08350681,0.11062616,0.040572416,0.060320467,0.1529182,0.2658031,0.17077526,0.1852224,0.12821549,0.09603911
CEP126,0.0151053,0.05363596,0.05093725,0.0472289,0.0355844,0.029434718,0.060535308,0.08133849,0.011558794,0.07785479,0.081855975,0.082348645,0.027948912,0.060851894,0.089448966,0.0150677115,0.061629888,0.029476719,0.03787405,0.12736684,0.050659552,0.054520715,0.009309135,0.015929917,0.055925764,0.018873354,0.027221287,0.03508561,0.065862246,0.031863045
BIRC3,0.08667176,0.35783544,0.30068138,0.4536434,0.29954582,0.2558266,0.22910343,0.52392745,0.062025283,0.5606038,0.4217608,0.37940168,0.060345475,0.35020205,0.29003692,0.09491048,0.08135586,0.26900098,0.30106643,0.22484832,0.084938236,0.2063039,0.060189128,0.1084176,0.50742024,0.182464,0.14955199,0.25290662,0.24094342,0.09166336
MMP10,0.00027943886,0.00043131,0.00042076627,0.00041347454,0.0036156413,0.0005053129,0.0005494075,0.0009820248,0.00023508236,0.0007109393,0.00072507915,0.000813959,0.00027885122,0.0006389248,0.0007137613,0.00028634287,0.00020457359,0.0002600711,0.0006171955,0.0005594573,0.0002713385,0.00042469022,0.00022344566,0.0002595248,0.00060280325,0.0003940803,0.00047791062,0.00048011146,0.0005979189,0.0002893606
CASP5,0.009474763,0.024135986,0.022947202,0.023881264,0.074235626,0.46737146,0.029375993,0.04954506,0.010538575,0.04419148,0.048462696,0.05063447,0.014452465,0.035182673,0.04103066,0.010201585,0.011752554,0.018649254,0.03775961,0.03458067,0.0120889265,0.022741925,0.0102865575,0.015137027,0.0379189,0.019305216,0.029833818,0.026928086,0.03578514,0.013087908
CASP1,0.07065079,0.14268894,0.1410951,0.14472836,0.36582923,0.35327137,0.21780267,0.2913264,0.037989225,0.25431415,0.27602845,0.27839628,0.09057545,0.20669189,0.27372202,0.09498603,0.05915759,0.11893096,0.25866383,0.22995187,0.06349963,0.15706141,0.05034949,0.094258904,0.2335271,0.12163258,0.18850166,0.2013049,0.2665645,0.09573766
CARD16,0.03998482,0.11646349,0.11551784,0.13065818,0.22705927,0.2293644,0.1734812,0.26780093,0.030342849,0.23139459,0.21035425,0.24548997,0.029514236,0.19029124,0.19219524,0.055989828,0.04701442,0.09992259,0.17960727,0.17872131,0.045689117,0.124557324,0.034777485,0.08248384,0.23104306,0.13316558,0.11363949,0.14322318,0.15384963,0.07327746
POU2AF1,0.025953019,0.45107204,0.53582823,0.32996878,0.060863525,0.05110219,0.06541839,0.10286584,0.0879454,0.09422981,0.09518454,0.08908229,0.040213395,0.061987076,0.06892856,0.025534695,0.019012824,0.033229545,0.06161614,0.060881197,0.024207033,0.05329092,0.39444873,0.025065253,0.07980736,0.038861796,0.047184557,0.2601845,0.060833644,0.02419112
IL18,0.1526129,0.058828168,0.055146307,0.06214629,0.30313432,0.13734603,0.07590503,0.11977571,0.035835177,0.10284346,0.09776726,0.111124,0.032184955,0.09187277,0.091386296,0.023518257,0.15635419,0.11904801,0.08372554,0.11443095,0.050324287,0.18192734,0.022651063,0.039154474,0.086757444,0.14460634,0.3185743,0.06809515,0.07857729,0.07285556
NCAM1,0.03519881,0.04248548,0.03921545,0.039931312,0.058876835,0.051312324,0.070066154,0.07289898,0.017354654,0.06817251,0.071740575,0.07232449,0.06259374,0.055513076,0.12665609,0.01880797,0.015920212,0.038225163,0.07503191,0.3566557,0.12689361,0.6029025,0.018907357,0.036305152,0.054163344,0.043046635,0.04768407,0.041321535,0.11404624,0.02238781
CADM1,0.008207582,0.021919176,0.026972093,0.015855355,0.027844531,0.023910834,0.12534781,0.038293928,0.006988658,0.058139488,0.032193553,0.03523738,0.072754905,0.07963234,0.15276869,0.009454783,0.0076277233,0.15201288,0.0764119,0.07918822,0.035880696,0.02510075,0.0769045,0.013473576,0.04481077,1.1875665,0.018940153,0.038468067,0.17393808,0.010056292
JAML,0.17827292,0.14541487,0.15352243,0.1550669,0.34141967,0.17567559,0.20977473,0.36232904,0.05096419,0.3126075,0.27103695,0.27457052,0.08586168,0.2710555,0.24798436,0.055993173,0.06635658,0.13097452,0.26274875,0.19755667,0.069048844,0.15048343,0.06586706,0.088729165,0.24274309,0.10941717,0.30496925,0.21525966,0.20206545,0.12266997
CD3G,0.30369195,0.5612924,0.5010021,0.4698086,0.75382435,0.6377893,1.3896211,1.3202105,0.4428772,1.1066864,1.1041548,1.1770285,0.6397133,0.8846348,2.131136,0.14806664,0.25444508,0.46898943,0.8487386,0.91494524,0.3433256,0.6559911,0.25968963,0.42360952,0.9848596,0.5101369,0.5694001,0.926387,1.9682775,0.32120878
CXCR5,0.016909346,0.21383378,0.17835511,0.36858284,0.054128792,0.050542753,0.0713706,0.10219007,0.026584223,0.17592184,0.093627244,0.10218892,0.06442175,0.07150832,0.081284516,0.023493027,0.014682417,0.022528786,0.06545152,0.06275949,0.024280354,0.042517096,0.01543527,0.026500383,0.101873286,0.030419039,0.034519713,0.107644275,0.07608993,0.020981517
H2AFX,0.03133605,0.05666514,0.06132518,0.057799283,0.08766172,0.060928296,0.09392284,0.10665854,0.20219927,0.09456134,0.113782085,0.10407257,0.13515441,0.08880033,0.10923073,0.020114658,0.040807046,0.036337446,0.10340715,0.12006669,0.21093947,0.102798104,0.039614018,0.031665575,0.07467618,0.056571275,0.0732651,0.09326355,0.09434102,0.034730885
MCAM,0.004853518,0.009224679,0.013168532,0.010006018,0.016317762,0.009687763,0.012384902,0.025148626,0.0039095967,0.05682156,0.05404547,0.02689291,0.0067854393,0.02333196,0.01854492,0.039106265,0.003976266,0.007846287,0.10818274,0.012540628,0.004968887,0.009250347,0.005585226,0.005196935,0.04089605,0.008301917,0.009216015,0.012623275,0.013408651,0.0054173926
THY1,0.00037322252,0.0008803887,0.0008374197,0.0008397624,0.0015980822,0.0018631888,0.0011726735,0.0016818898,0.00037588237,0.013312338,0.023092443,0.0016683792,0.0005128105,0.0015143668,0.001427226,0.00035664707,0.00039540837,0.0005361933,0.124750815,0.0010514822,0.00046769503,0.0009267348,0.00038687105,0.0004653708,0.0013313994,0.0006671448,0.0008315879,0.00095680356,0.0010707491,0.0004674423
NRGN,0.05049379,0.105530575,0.105952814,0.11494749,0.36945415,0.18505917,0.18133768,0.27921453,0.04978613,0.2360034,0.20300822,0.2383271,0.074933,0.17478675,0.18700099,0.052300427,0.051148582,0.075830825,0.16198643,0.15458998,0.066518135,0.11806993,0.04882224,0.91203773,0.18269792,0.0742973,0.12339817,0.14264812,0.16428523,0.09460409
ESAM,0.0050326134,0.010448619,0.010560003,0.01856182,0.018208949,0.010963868,0.011737307,0.024254479,0.0039461656,0.02025751,0.016637975,0.023787908,0.0049146987,0.024521846,0.015702074,0.005147552,0.006380748,0.007160269,0.012829353,0.01392257,0.004531785,0.009646028,0.004707259,0.26814628,0.0134796,0.00991414,0.008715571,0.01119549,0.012467086,0.010252206
AP003501.2,0.00023721636,0.00033973315,0.0003225954,0.0003393063,0.00046142386,0.00038184482,0.0004743008,0.00079097267,0.00021426362,0.0007752759,0.00061862275,0.0005859681,0.00019484565,0.00049386243,0.00053749606,0.00019360916,0.00016722185,0.00030686462,0.00049340853,0.00040272425,0.00018270344,0.00034214504,0.00014928478,0.00018101039,0.0005075056,0.00030660076,0.06653716,0.00044647447,0.00041008578,0.00019572573
CHEK1,0.020921886,0.02768648,0.028775183,0.026263231,0.03526344,0.02592697,0.0601029,0.044669073,0.29527372,0.051441804,0.03546129,0.044990767,0.315895,0.043626085,0.043031402,0.007143187,0.021732464,0.011532257,0.037972488,0.04656122,0.4392145,0.028590234,0.05148165,0.013047952,0.06098523,0.026878567,0.042985417,0.025709877,0.046426035,0.040969342
KIRREL3,0.0022683612,0.004065074,0.0037907716,0.0044384208,0.0070732683,0.006094244,0.0060458244,0.010160349,0.0019860961,0.009562423,0.008415811,0.013311787,0.0035158682,0.0066646817,0.009115721,0.0024649512,0.0023231253,0.003119503,0.0059393486,0.007991368,0.0027573751,0.004649075,0.0020133897,0.0025225643,0.0061794254,0.003926735,0.008620673,0.005950734,0.0062101614,0.55422235
APLP2,0.10755509,0.21348502,0.2318922,0.19531755,0.5744575,0.25328225,0.292436,0.47109267,0.09687481,0.39620173,0.420202,0.5098291,0.18517022,0.442195,0.3407758,0.12993872,0.062731214,0.1504028,0.32474026,0.2585688,0.118012674,0.25088805,0.08882801,0.14866759,0.3770498,0.1038305,0.16300859,0.27200478,0.27033943,0.12027937
NTM,0.00054679374,0.0013121709,0.0011798377,0.0012377505,0.0073946263,0.0016590816,0.0017566979,0.0035034467,0.0007231568,0.0022457913,0.012198007,0.004491819,0.0007965839,0.0020284813,0.0019671994,0.00070842326,0.00053850096,0.0010020384,0.0076801856,0.0019973966,0.00062792626,0.0013413868,0.00059928873,0.00065418903,0.0018604207,0.0012195273,0.0013346066,0.0013454704,0.0017493689,0.16365093
B3GAT1,0.0067277285,0.019872176,0.019308206,0.0199796,0.026935939,0.02058702,0.12576066,0.03889864,0.016834382,0.034929845,0.038678557,0.039276514,0.06330163,0.0311843,0.12792467,0.008947694,0.00822595,0.013736902,0.026096024,0.13946873,0.051063687,0.020271147,0.007935572,0.013696394,0.028319927,0.015511104,0.019790765,0.040307637,0.095748074,0.009788329
KLF6,0.08447476,0.2061724,0.22046487,0.2061404,0.3596535,0.264123,0.2795952,0.5889243,0.09945952,0.39073926,0.38263866,0.45993683,0.17917116,0.3234704,0.31454659,0.15496872,0.10084253,0.26959917,0.34267074,0.2549459,0.10554873,0.2595698,0.12192582,0.18705009,0.3276527,0.17260988,0.19424105,0.25567818,0.28489444,0.07693905
AKR1C3,0.027390346,0.05340289,0.054625936,0.057859153,0.08886909,0.08003022,0.16978022,0.12238286,0.038346842,0.10716098,0.13200085,0.11054073,0.065751895,0.104053065,0.1345993,0.02246223,0.14904408,0.093257345,0.08271856,0.49606332,0.21674849,0.072993994,0.025147662,0.041867327,0.085278116,0.05054475,0.057308957,0.08250419,0.13504376,0.06817631
NET1,0.015557579,0.024908094,0.02853119,0.026470637,0.04452361,0.037510455,0.037007064,0.16685833,0.06524193,0.071087606,0.051947344,0.08133523,0.096383244,0.048115853,0.039640345,0.014562017,0.07446797,0.021409027,0.035581797,0.040803965,0.07789756,0.02143645,0.03148082,0.026070748,0.06561384,0.4484571,0.12552783,0.026707867,0.030333454,0.05500497
IL2RA,0.025210388,0.17676868,0.16445783,0.07348245,0.078001745,0.06433086,0.09017751,0.16562071,0.07098445,0.480727,0.18733364,0.10586421,0.05282628,0.22508472,0.09791209,0.03437275,0.047553502,0.41894206,0.08704911,0.07578301,0.03006887,0.09742387,0.02120672,0.0329815,0.83018196,0.048501212,0.058443297,0.09597783,0.07078033,0.03405718
PFKFB3,0.042782802,0.0805929,0.07290328,0.0791165,0.31526116,0.17641605,0.13445577,0.16495503,0.045485083,0.15455511,0.18304285,0.16109738,0.07957301,0.16860567,0.15468092,0.04825141,0.03458119,0.068323195,0.17008926,0.12443092,0.04023763,0.099182636,0.03344015,0.06322702,0.12659523,0.114387386,0.101542115,0.10189792,0.12356549,0.04725469
GATA3,0.024188751,0.07290142,0.07567811,0.07435111,0.10222101,0.07949151,0.18512379,0.2391401,0.10334056,0.32767907,0.30096474,0.20166767,0.13127683,0.3380089,0.20365153,0.042331576,0.034957696,0.4132309,0.21889432,0.19561853,0.0810001,0.35546747,0.028183488,0.04961547,0.18262008,0.075900935,0.06688903,0.16087508,0.18276522,0.042051885
GATA3-AS1,0.0024215784,0.0050969888,0.0065018935,0.008670766,0.008862936,0.006045666,0.009243267,0.028575309,0.01040848,0.031247688,0.011869697,0.019618187,0.06700298,0.11157771,0.010950404,0.0027147797,0.008930746,0.124259464,0.015655901,0.012914185,0.0031185334,0.0056693056,0.0020256133,0.0028648584,0.06395587,0.0047587384,0.004855167,0.0072230496,0.0063038026,0.003414443
MCM10,0.0054114256,0.0038711603,0.0037846495,0.006382943,0.006885092,0.0052408995,0.005921063,0.009547107,0.5080037,0.010793954,0.0073478147,0.0098471325,0.43362507,0.0068948134,0.007667494,0.0018829511,0.004841717,0.0031552864,0.005484028,0.007492633,0.5060256,0.0037328764,0.024797421,0.0066922517,0.013135341,0.003605187,0.0043587377,0.005555526,0.0052617593,0.0022865126
OLAH,0.00044489585,0.0007829015,0.00080353627,0.00081775413,0.006503569,0.0031512142,0.014127868,0.01781582,0.00034101703,0.0015318849,0.065515,0.0016328738,0.0006243406,0.022778736,0.01074771,0.0004403278,0.00046144135,0.00076379324,0.0011422702,0.0011345565,0.0025568078,0.0008613071,0.00034040032,0.00044620203,0.0012143225,0.0008232108,0.0008499742,0.000870014,0.0010411314,0.00053140364
ITGA8,0.00046067245,0.0009679601,0.00087572983,0.0032836073,0.0019296294,0.0012293807,0.0012432117,0.02347114,0.000561374,0.0016781623,0.0015995775,0.0018983624,0.0005926407,0.0016382698,0.0013963487,0.0005047448,0.0004052919,0.0005731013,0.0013433341,0.0012235607,0.00055808853,0.00097291515,0.09649167,0.0005049184,0.0014521489,0.0010144452,0.0010221313,0.0010904345,0.0011538785,0.00056180195
VIM,0.25155914,0.174837,0.14804229,0.28659564,0.3735644,0.17821093,0.17699178,0.3578985,0.12870467,0.27036208,0.25359955,0.2704909,0.11022417,0.19162902,0.24896745,0.25553304,0.107447445,0.09594283,0.24053808,0.3394106,0.10957371,0.26876876,0.07807955,0.18999057,0.278153,0.3520011,0.32599726,0.26385048,0.20608027,0.07728368
MRC1,0.03005361,0.012028566,0.01289729,0.012000543,0.03225778,0.05209646,0.0158709,0.030387312,0.007160121,0.026937945,0.023282334,0.02397678,0.009864513,0.0210129,0.0189173,0.0051584635,0.005487612,0.052908868,0.025987618,0.016756522,0.0066232076,0.013304944,0.0052369493,0.008175607,0.050332025,0.014572601,0.54041755,0.012897151,0.01773124,0.019715432
ARL5B,0.05214069,0.07201807,0.07377569,0.08743429,0.2333432,0.09087304,0.10211636,0.14123331,0.046685707,0.15694283,0.14450468,0.13139343,0.052089382,0.12355857,0.1187812,0.030675719,0.040045395,0.10275497,0.110572584,0.10770123,0.05667163,0.085622676,0.0292624,0.040960465,0.11639642,0.07948173,0.10153515,0.11106102,0.09418965,0.0743775
AL157895.1,0.0025271778,0.010181718,0.0063621895,0.007914647,0.012924826,0.008436467,0.007864944,0.013571546,0.0034708357,0.013367021,0.015791371,0.012016979,0.0037313008,0.009904617,0.0121858595,0.0026277355,0.32343054,0.032407884,0.008662146,0.009606822,0.0031809781,0.0065815626,0.0026613234,0.18662494,0.010167485,0.0047347345,0.0066259135,0.0076775285,0.007934153,0.0037200262
PLXDC2,0.06143466,0.12740754,0.12829618,0.12567273,0.40586343,0.20467542,0.17141917,0.26735738,0.06262078,0.24358015,0.22592947,0.24604116,0.088830456,0.2095046,0.18400246,0.064462945,0.07139091,0.13614032,0.19859762,0.1635698,0.07556927,0.14065833,0.050947048,0.124887,0.17130652,0.10428352,0.18613681,0.13789982,0.16225597,0.07412778
OTUD1,0.042515904,0.14063267,0.119639724,0.14569445,0.281092,0.15214804,0.12527336,0.21522918,0.03879932,0.1964071,0.17285396,0.1861689,0.070929565,0.15925772,0.16799647,0.05079642,0.038876012,0.0835872,0.15078515,0.120363764,0.050446052,0.0940078,0.035871424,0.05976417,0.17718346,0.06328979,0.09822613,0.1591594,0.14047669,0.05267181
ENKUR,0.009669422,0.020510131,0.019861927,0.020934982,0.051238585,0.030889332,0.07421184,0.047134455,0.012654681,0.04239892,0.037971642,0.041434005,0.015106888,0.03440095,0.027492914,0.011918866,0.008544576,0.014974374,0.029481774,0.029931756,0.0121751195,0.03030862,0.008517253,0.6724257,0.031039396,0.016451439,0.021736585,0.020010864,0.030131016,0.023295088
BAMBI,0.0017049928,0.008339872,0.007856565,0.006245888,0.008485534,0.006418478,0.0050099753,0.008171614,0.001913691,0.008030577,0.010752168,0.009018041,0.04046988,0.017115653,0.0090621505,0.0047381856,0.008821453,0.003111357,0.006417577,0.008743552,0.00217883,0.005835678,0.0016544991,0.04909572,0.009621882,0.0033930507,0.0068383105,0.005237081,0.008518221,0.002380991
MAP3K8,0.13561319,0.1421723,0.122897625,0.14231098,0.26613766,0.1875781,0.21139312,0.2697427,0.07016573,0.25599453,0.24385361,0.25133097,0.08534144,0.18571222,0.24519855,0.06465589,0.040692866,0.16727228,0.23485625,0.2639006,0.1059492,0.24558786,0.04127262,0.0898081,0.19053349,0.11710804,0.18660602,0.15745872,0.23726398,0.09335325
ITGB1,0.27614608,0.60688716,0.78987813,0.69443554,0.6405172,0.58913314,1.3778145,1.6081659,0.5110871,1.8247635,1.2938865,1.4599375,0.82004154,1.2609779,1.5035892,0.37119398,0.20225921,0.8746191,0.9627021,0.8675969,0.4110731,0.7846249,0.43596327,0.81949764,0.97923553,0.29158896,0.37572888,0.9894239,0.9449785,0.274784
NRP1,0.14191893,0.01846569,0.01928111,0.019583281,0.08978526,0.036185734,0.023518668,0.044433888,0.010306793,0.039952118,0.033537615,0.037041783,0.014606444,0.03616154,0.030293386,0.010056299,0.008591238,0.014936509,0.031209862,0.024995213,0.010974281,0.019780513,0.008014243,0.016404081,0.026688322,0.035661943,0.05014346,0.13001534,0.027881963,0.6631973
PARD3,0.004112993,0.0072295847,0.007275964,0.008680263,0.019380968,0.009574599,0.010386006,0.026078584,0.0036145546,0.016578147,0.012954893,0.014489032,0.004508227,0.01157124,0.012720295,0.003947682,0.013350109,0.005715872,0.010605095,0.00943461,0.0042764507,0.007696828,0.0033128513,0.20215599,0.012647338,0.0053054234,0.0076307002,0.009343058,0.013948404,0.011684566
CREM,0.05153303,0.09565506,0.07483899,0.08607589,0.11817375,0.087251335,0.19475399,0.15918161,0.049027286,0.20768565,0.24218729,0.17197712,0.09449902,0.18912318,0.21309243,0.039452773,0.031545,0.054762814,0.20965235,0.23501633,0.06989853,0.123026416,0.031860683,0.053531848,0.1316148,0.06024204,0.09266381,0.1328568,0.1810741,0.06393857
RASSF4,0.046338834,0.08637721,0.07769195,0.08823959,0.30774102,0.18806507,0.12228542,0.20008555,0.04787244,0.17704901,0.17614475,0.1618277,0.080013506,0.1383074,0.15072955,0.0464901,0.040550567,0.06649159,0.13693464,0.18664402,0.06407842,0.10763533,0.042384237,0.05569954,0.14367615,0.07488058,0.17082414,0.1131562,0.13046835,0.054313432
DEPP1,0.0015206516,0.0032619261,0.003218777,0.0056450455,0.014047568,0.008664018,0.0044830744,0.007865102,0.0015299707,0.005953032,0.005576827,0.006685064,0.0025561934,0.005495464,0.0056405663,0.0015336346,0.0814311,0.0026189508,0.0046811937,0.004697821,0.0016001319,0.0034431196,0.001291752,0.037155803,0.0052196993,0.002514937,0.0030929395,0.004059841,0.0044841017,0.0018251367
NCOA4,0.068843275,0.09712306,0.10131933,0.11264482,0.2552067,0.13608271,0.14636731,0.23101714,0.02236843,0.18367584,0.18785056,0.21547326,0.07249241,0.16986527,0.18394078,0.057188224,0.06872216,0.09028396,0.16830623,0.15277699,0.057253048,0.10820682,0.0341391,0.2382207,0.17112738,0.064841054,0.08417144,0.15640736,0.14443803,0.0504369
WDFY4,0.20517232,0.29712182,0.24094178,0.24403638,0.15506747,0.099620245,0.0806251,0.12203193,0.028935721,0.09878448,0.11062886,0.1056144,0.03945465,0.104290806,0.08713155,0.032069784,0.025706451,0.039925538,0.094525404,0.075464636,0.023456454,0.058902465,0.02625311,0.03164506,0.085006535,0.938163,0.19930536,0.06702036,0.06824605,0.23934929
TMEM273,0.029134618,0.09201164,0.17131749,0.04630576,0.081302874,0.050463933,0.09000567,0.088872366,0.03297784,0.14458509,0.17491654,0.08248737,0.05633006,0.09170543,0.12523156,0.018749073,0.031537227,0.047458675,0.20318463,0.13866524,0.038579665,0.042090278,0.020990686,0.022467716,0.0669622,0.1315359,0.288361,0.041414615,0.09732891,0.023896169
ZWINT,0.007164896,0.020439444,0.024115194,0.025313696,0.030820765,0.0324873,0.047570594,0.08190605,0.50143653,0.0647855,0.043951955,0.061965775,0.5339389,0.0404988,0.035320416,0.009246454,0.031426232,0.021927875,0.021004286,0.025621362,0.48953944,0.03841697,0.0593241,0.018085388,0.03740249,0.024100188,0.02708376,0.053352855,0.023524195,0.013138069
UBE2D1,0.03919565,0.09615872,0.0838897,0.10841223,0.2575434,0.15413341,0.1260862,0.18171112,0.029261502,0.17350987,0.16055937,0.18628019,0.059268087,0.1499584,0.15927865,0.05510753,0.03720364,0.08961297,0.12729512,0.119732946,0.054631993,0.08776346,0.029884625,0.051110435,0.1367506,0.06760748,0.08933631,0.1155462,0.12574562,0.05682501
CDK1,0.0048111514,0.01762717,0.019366166,0.0144408485,0.026147386,0.01688969,0.023416843,0.03655557,0.80753624,0.029558668,0.037708335,0.03200599,0.4950615,0.028455524,0.026471008,0.007063662,0.013216754,0.0069107446,0.04088949,0.02003269,0.4958995,0.028224159,0.062400125,0.019042479,0.0314089,0.018100562,0.01415941,0.01684548,0.020425664,0.012351648
ARID5B,0.07434155,0.20947473,0.29801884,0.25155297,0.19436643,0.16127264,0.29191902,0.4097052,0.07005107,0.36194792,0.28890958,0.2941628,0.11068571,0.29191563,0.36083248,0.07463936,0.057901252,0.12452379,0.189858,0.24172877,0.07793723,0.17549448,0.04258849,0.08781391,0.3470651,0.0938102,0.12059483,0.22349337,0.26906726,0.07529333
RTKN2,0.025425361,0.063569665,0.063185,0.069004156,0.11167295,0.07681468,0.12762111,0.32134384,0.08638283,0.4872555,0.28254393,0.17016593,0.07486898,0.32638246,0.23711479,0.035099212,0.03539598,0.12830071,0.10820751,0.08922905,0.06927646,0.07337427,0.024314815,0.050979782,1.6195372,0.053866453,0.06735576,0.44217032,0.72670394,0.03693217
EGR2,0.015679393,0.034562502,0.036554005,0.033402592,0.1889376,0.06718888,0.052937727,0.065597646,0.020839494,0.063033745,0.06575037,0.06997386,0.02156249,0.058197744,0.06313777,0.01715819,0.013756947,0.022598904,0.04809169,0.04191755,0.019962586,0.03597597,0.015635723,0.023174336,0.045981295,0.027692487,0.044190913,0.041660223,0.044786736,0.020482805
SRGN,0.07120535,0.30921227,0.31122187,0.32079923,0.4134835,0.21752876,0.16095716,0.6926656,0.07699083,0.3716671,0.27977446,0.5319277,0.05382728,0.35022494,0.18306462,0.18357258,0.06648701,0.13704538,0.21261814,0.16008033,0.051750362,0.17007035,0.03414979,0.15133214,0.30373517,0.088027634,0.18519965,0.21886359,0.16920201,0.049482234
PRF1,0.08202019,0.16326776,0.1580703,0.15269832,0.21007726,0.1946489,0.47627705,0.36318558,0.13279192,0.31528375,0.36480382,0.317757,0.23815143,0.29813892,0.69106567,0.06985113,0.06356082,0.17146565,0.4103514,0.9985538,0.29249343,0.41438395,0.07310849,0.14352411,0.24617068,0.13640267,0.1530914,0.20825802,0.5513199,0.081422605
CDH23,0.14712323,0.040957928,0.0481526,0.046509307,0.16729788,0.39384833,0.059781343,0.104728356,0.03145977,0.102687314,0.09151938,0.11604384,0.043501366,0.096076,0.07906626,0.026576241,0.019044453,0.03285583,0.08698139,0.062190603,0.0225127,0.045706276,0.019199444,0.031297483,0.07993525,0.051390227,0.08348589,0.06970841,0.05958138,0.12576963
VSIR,0.053837474,0.15564083,0.1463882,0.15438646,0.31670615,0.2672263,0.19027208,0.31525758,0.044276983,0.2694949,0.27126667,0.27639136,0.082984634,0.23155086,0.25402728,0.062498152,0.06175164,0.10784716,0.2444499,0.19458237,0.06754524,0.1565862,0.043161456,0.08799601,0.24450602,0.046439588,0.09523972,0.18668889,0.20403716,0.065874495
PSAP,0.025227953,0.085680604,0.09969036,0.10861172,0.25862506,0.24684376,0.14731924,0.27366474,0.067837276,0.23335814,0.22250137,0.23001248,0.065121554,0.19861594,0.1765258,0.062993206,0.04347336,0.082047574,0.17753354,0.11665218,0.03735763,0.099192604,0.029007219,0.07071667,0.19883037,0.06890925,0.07381031,0.15750341,0.14812331,0.049986094
DDIT4,0.11891686,0.16162044,0.14118285,0.17517115,0.20895748,0.18020754,0.25521654,0.30791986,0.085979894,0.3580639,0.3293952,0.30814233,0.09763149,0.28459883,0.31347203,0.09100714,0.07308049,0.2977774,0.3569254,0.28041047,0.10406608,0.21885309,0.057935275,0.11629401,0.24592204,0.18535575,0.2105576,0.21482353,0.26852027,0.11467103
VCL,0.09143808,0.13688238,0.13507792,0.14059202,0.26333773,0.18915655,0.27353498,0.2948222,0.07316889,0.26374876,0.24430119,0.279033,0.12304028,0.215632,0.27920958,0.07672978,0.05654545,0.14118399,0.2177287,0.25103703,0.10313292,0.1452866,0.053759117,0.45929152,0.2088735,0.08042975,0.17113106,0.16040762,0.20172481,0.09236598
DUSP13,0.00027875643,0.0004858851,0.0004326957,0.25132415,0.00067868654,0.0004879698,0.0005888424,0.34951377,0.00018160795,0.0008463014,0.0008764142,0.0009614949,0.00035448305,0.00076350564,0.0007335806,0.0001821216,0.00021149198,0.00038732874,0.00066221633,0.0006283597,0.00025079132,0.00048432592,0.00019489712,0.0002453159,0.0007111354,0.0004059484,0.00042157367,0.00059168803,0.0006398098,0.0002759814
ZNF503,0.022042314,0.029139604,0.028395107,0.026321508,0.13905294,0.07552788,0.041374832,0.063836806,0.016317505,0.04810067,0.046291035,0.05760877,0.0154976435,0.051728215,0.048700213,0.024837513,0.019389695,0.030778294,0.0385396,0.034758758,0.015874976,0.030647244,0.01165427,0.018329376,0.03850418,0.14565071,0.18700825,0.03338223,0.040495,0.019221045
KCNMA1,0.008741654,0.031111153,0.0346012,0.021991396,0.055950556,0.29177904,0.022805527,0.04210019,0.010355752,0.03851516,0.035572216,0.03692095,0.012789884,0.025714954,0.029414821,0.007821952,0.008405115,0.019071862,0.024246467,0.024577254,0.008574764,0.01912372,0.04202377,0.009549351,0.027111553,0.0138391415,0.01792159,0.02197748,0.023737684,0.011155971
PPIF,0.10200314,0.10170508,0.100396514,0.09362972,0.32965946,0.10409025,0.11980955,0.18983287,0.07367085,0.16020328,0.16631581,0.17034087,0.08869838,0.14277516,0.13337821,0.040023044,0.039645456,0.09143653,0.1390051,0.12531018,0.07159466,0.09009017,0.043461163,0.087825894,0.12577182,0.1899451,0.18311484,0.12362508,0.113160916,0.05972321
SFTPA1,0.00046830287,0.00068444735,0.0007078009,0.0006885119,0.0009792724,0.00086980115,0.0009327896,0.0014237498,0.00028078438,0.0013478757,0.0012041401,0.0013440436,0.0004996286,0.0010312097,0.005973783,0.0003655101,0.0003382022,0.00055223645,0.0009825703,0.00091274,0.0003502731,0.00072384876,0.00030162616,0.00040977896,0.0010566267,0.00076744694,0.000691971,0.00094540993,0.0008662196,0.04131417
FAM213A,0.045352217,0.10457543,0.073743984,0.06869251,0.09210017,0.040144756,0.05212723,0.16820443,0.026376968,0.09194405,0.071448945,0.17084542,0.042764716,0.08362038,0.08875267,0.017246634,0.066903904,0.026091887,0.094173774,0.060409952,0.054602433,0.040175714,0.018739942,0.026752416,0.07336211,0.031934343,0.04723799,0.08137945,0.071298465,0.3786732
AL731544.1,0.0001744539,0.0004267909,0.00042119095,0.00042126834,0.0006199158,0.00054669246,0.00060631766,0.00085336197,0.00024180031,0.0009256438,0.0007808427,0.0008571511,0.0003320169,0.0006679506,0.00065982115,0.00021455422,0.00020303867,0.00039076695,0.0006421228,0.0005268113,0.0002535537,0.00043646508,0.00020010301,0.0002406109,0.00061224913,0.00041525075,0.00043093393,0.00048619104,0.00054310815,0.00025024448
AL603756.1,0.004347064,0.007857061,0.00825181,0.007873285,0.019656952,0.013519471,0.052322026,0.019328084,0.0027820026,0.028965164,0.03602524,0.014640559,0.005506408,0.021399299,0.021509765,0.0028176089,0.003131633,0.0048652627,0.023356216,0.013996891,0.008081158,0.0085597895,0.007271743,0.0033827706,0.022380268,0.020218385,0.0064840075,0.008464956,0.009883265,0.0040059583
ADIRF,0.001607652,0.0038312508,0.0036388666,0.0038553386,0.013453173,0.0045064148,0.00546958,0.06088858,0.0018722791,0.0317972,0.011541492,0.063706815,0.0034183625,0.006714875,0.008224865,0.0017749796,0.0016112644,0.0034691948,0.05462437,0.005124426,0.0021815537,0.0041180784,0.0015083086,0.0021927508,0.036722265,0.0036639369,0.0064997394,0.00463478,0.0049534836,0.002092021
ANKRD22,0.0038860736,0.012666659,0.014609859,0.009214072,0.051689018,0.04007252,0.014612607,0.031220958,0.004026086,0.020500084,0.015145672,0.018180707,0.005159018,0.015020519,0.015065134,0.005604024,0.004089986,0.0065906565,0.013083454,0.011801987,0.0045139706,0.0150267435,0.0039456,0.005343914,0.014452642,0.0077968473,0.015737936,0.011061252,0.016621884,0.005351959
FAS,0.02367581,0.05790469,0.061387043,0.053399187,0.12671304,0.10689111,0.1376095,0.102789834,0.07786574,0.16189323,0.16255543,0.09440246,0.071276054,0.1221588,0.14555128,0.02464089,0.023947421,0.078418195,0.11242133,0.08737318,0.038484808,0.057892077,0.025129301,0.029385937,0.1277875,0.043326825,0.06482046,0.10240919,0.106461175,0.031800233
CH25H,0.0024913547,0.01010263,0.0042447774,0.005312859,0.023865312,0.009923959,0.0061090863,0.012234825,0.0016034383,0.025896264,0.010015484,0.011833537,0.0033130483,0.010069847,0.010876998,0.0024057922,0.0019111877,0.0034331097,0.00964092,0.008520981,0.0021433579,0.0045379167,0.0019471119,0.0023152176,0.0069024744,0.0035556424,0.0073035755,0.057101037,0.006822217,0.003943251
LIPA,0.04871792,0.10267641,0.090566784,0.10144364,0.23022102,0.16652803,0.13278939,0.21536355,0.032541167,0.17642997,0.18086389,0.18947108,0.05623825,0.16929248,0.16393654,0.03877085,0.04540868,0.05710871,0.1432047,0.14921036,0.05722772,0.10008059,0.03132137,0.075739644,0.15559945,0.09886019,0.10673944,0.116684586,0.13151525,0.056385633
IFIT2,0.025278084,0.059815336,0.049935658,0.06221456,0.13197067,0.20166604,0.075175904,0.107535735,0.019219058,0.09123207,0.08814625,0.09591354,0.030216498,0.08403375,0.102991834,0.027388796,0.024332931,0.037412133,0.06832838,0.10301897,0.03712729,0.054663662,0.018324627,0.033185698,0.07595111,0.037295952,0.05852123,0.061598584,0.07703646,0.08432051
IFIT3,0.029445399,0.057955585,0.05695069,0.056001674,0.13093767,0.22489187,0.07086734,0.09573967,0.036860548,0.1122612,0.08317258,0.08590296,0.036560554,0.08450382,0.090154715,0.032874092,0.037422463,0.050729703,0.06897551,0.09034563,0.047535043,0.053641647,0.016919259,0.041435316,0.07504608,0.050369788,0.069147654,0.05335753,0.07825382,0.04044909
IFIT1B,0.0007959019,0.0014952454,0.0015078012,0.0014439728,0.0042546866,0.0016593923,0.0020471925,0.0032316977,0.00070922903,0.0027189925,0.0026307725,0.0031567966,0.0010304549,0.0023805927,0.01560302,0.8592754,0.0006353372,0.0012291305,0.002128499,0.016479341,0.0008490763,0.001529855,0.000676896,0.00080531614,0.0021100875,0.0014406961,0.0015725092,0.0017904263,0.0019703456,0.015536832
IFIT1,0.015160602,0.045558613,0.040614713,0.040533464,0.14339042,0.15374392,0.058459066,0.09144265,0.015966417,0.089252114,0.08021085,0.093723305,0.019805843,0.077925734,0.078131594,0.017218383,0.02248649,0.027303202,0.061245035,0.06651952,0.03308561,0.038129125,0.019809684,0.019880354,0.064970404,0.029155502,0.059096657,0.061021168,0.06642178,0.031060157
KIF20B,0.069415756,0.14349231,0.09859239,0.11934635,0.091473565,0.08622081,0.15022126,0.16145213,0.21446438,0.14205465,0.14775479,0.14485562,0.14435254,0.13384068,0.15811804,0.030601658,0.035745393,0.07728443,0.12638772,0.11387553,0.18713559,0.08923663,0.052046303,0.036953848,0.14960355,0.085829355,0.07186458,0.115559176,0.11536239,0.09447746
LINC00865,0.049579944,0.021483002,0.013459824,0.05009499,0.029993704,0.015346934,0.016985297,0.03663681,0.0056944992,0.027864546,0.025163304,0.035731126,0.007225572,0.021094674,0.01885636,0.006553822,0.013385828,0.00877738,0.018996084,0.014908873,0.006502802,0.032573663,0.0045143003,0.008761693,0.018941863,0.017201908,0.0207103,0.013801832,0.0155108785,0.3607226
KIF11,0.004235115,0.025875216,0.034098882,0.024858166,0.030263454,0.020705739,0.03982805,0.033050403,0.39824283,0.03804947,0.027193125,0.03254466,0.22214647,0.01758049,0.040315375,0.005680042,0.028950391,0.007691061,0.023892445,0.02658104,0.2581522,0.030718727,0.037028678,0.009571806,0.020549653,0.027068615,0.023794232,0.049776915,0.03040138,0.008836746
MYOF,0.11413471,0.059441954,0.050743137,0.05969321,0.23037674,0.41889143,0.08502893,0.108997814,0.0303398,0.08823771,0.10077741,0.118822485,0.038999364,0.07473717,0.09295734,0.037423983,0.026397469,0.038274158,0.07556381,0.07165793,0.03297615,0.057431996,0.021586047,0.0351996,0.0751877,0.07714611,0.1945043,0.071327075,0.07347952,0.06753737
CEP55,0.004695764,0.014358359,0.046379816,0.019515328,0.02255149,0.018961601,0.01904767,0.02570123,1.3854734,0.034378685,0.026148032,0.024911761,0.46656102,0.01864096,0.03125552,0.0046288907,0.004969968,0.008845633,0.016351812,0.025548648,0.49472162,0.012502203,0.083080836,0.015183594,0.02693977,0.02091231,0.017881133,0.01194828,0.050933342,0.021744033
HELLS,0.07717756,0.08723921,0.10564679,0.07234585,0.052576125,0.05298363,0.12331951,0.13068543,0.4350728,0.15482986,0.09773939,0.13786143,0.57338566,0.121108055,0.12373282,0.019223087,0.041846093,0.06443415,0.06610796,0.082817845,0.41515994,0.096967444,0.048861213,0.02603752,0.12533015,0.04565962,0.045765106,0.1479896,0.09526131,0.07832462
PDLIM1,0.12250812,0.333878,0.3865243,0.325126,0.12860548,0.09731556,0.120186955,0.19115917,0.062136557,0.15123633,0.1454851,0.1508853,0.10672231,0.11577309,0.14730808,0.033764686,0.094866484,0.057151806,0.1055113,0.1677777,0.11843678,0.09582558,0.12402784,0.5170665,0.12416647,0.18033604,0.2012207,0.10699733,0.13258356,0.05134082
ENTPD1,0.051146407,0.19026347,0.16231893,0.1808415,0.5096571,0.18981911,0.17859952,0.23928429,0.06773859,0.23863812,0.21624836,0.2591569,0.093832605,0.19757399,0.2064877,0.06322983,0.05421854,0.11258367,0.18053757,0.15924236,0.072654925,0.13545093,0.07806477,0.07701596,0.21808235,0.2007651,0.23430851,0.14953166,0.16826323,0.07715189
BLNK,0.2300478,0.43493354,0.30588102,0.42933,0.08542677,0.048946336,0.054977965,0.09314789,0.016515203,0.07599351,0.08083835,0.091767274,0.024102112,0.07176314,0.069449455,0.019023927,0.043197792,0.03324938,0.06506744,0.064142756,0.027554316,0.04693466,0.1287714,0.028109128,0.07027265,0.043103207,0.107755974,0.057796646,0.0657288,0.46375424
DNTT,0.0009403056,0.0018325218,0.0038871162,0.0332789,0.0031749639,0.002212762,0.0027879672,0.03642946,0.0007102135,0.004035716,0.008753325,0.0066537927,0.0012601992,0.003118465,0.0029706948,0.0010309302,0.2020395,0.0015485068,0.0026793843,0.0036014363,0.0011630083,0.0020744598,0.0020422598,0.0011766904,0.002903213,0.0018623468,0.0019038572,0.002470177,0.0026443845,0.0011314505
PIK3AP1,0.077342086,0.12358251,0.12274969,0.13358451,0.28558415,0.28872928,0.13246517,0.198731,0.041406296,0.18517485,0.17025141,0.18868373,0.0763718,0.15222378,0.1826861,0.054116018,0.04379953,0.084025465,0.15525419,0.19023304,0.05818037,0.1276959,0.03710588,0.059531726,0.14182828,0.09399378,0.0995033,0.12445126,0.1531137,0.09910513
WNT8B,0.00020054512,0.00033898454,0.0003594482,0.0003398078,0.00052154204,0.0004074608,0.00046452167,0.0006952609,0.0001743272,0.0006431491,0.0005930217,0.00066021166,0.00036863287,0.0005965975,0.000521029,0.0002187628,0.00016982225,0.0002866846,0.00049750396,0.00044053595,0.00017312523,0.0003416519,0.00016584937,0.0001940113,0.0004937116,0.00032462747,0.00033277264,0.00049313204,0.00043090555,0.00021278596
NFKB2,0.060728047,0.12420708,0.1363153,0.1417432,0.25357434,0.15055218,0.13039084,0.20199487,0.03068386,0.20190045,0.19979237,0.1960579,0.06741032,0.14609236,0.15087971,0.050237358,0.04501756,0.08285493,0.14800125,0.13457866,0.05402784,0.12467215,0.03670385,0.052712854,0.1336445,0.07390315,0.099356875,0.124605864,0.13877738,0.05671204
DUSP5,0.17518389,0.09782337,0.055126328,0.09383633,0.11606764,0.2950559,0.09882977,0.12186199,0.0466802,0.20322566,0.25998425,0.094759315,0.049390484,0.09088573,0.13591687,0.029289672,0.020035226,0.06336398,0.15188588,0.08711573,0.03648103,0.060822014,0.061961357,0.03527197,0.07422839,0.08666829,0.09118245,0.06639065,0.10589511,0.28782684
TCF7L2,0.05306916,0.09100719,0.09095689,0.09258345,0.3257393,0.7183047,0.13562396,0.16029358,0.06077484,0.14519683,0.158781,0.17504314,0.068176776,0.14551279,0.15755261,0.03574109,0.05791744,0.08305986,0.1544563,0.1375775,0.04704389,0.08063234,0.04175547,0.05510898,0.1255721,0.079188645,0.09594054,0.10355935,0.12841931,0.06468023
TDRD1,0.0017853619,0.0039359005,0.00581862,0.0093380045,0.008799349,0.0050061364,0.005052128,0.020605119,0.0018874697,0.009348647,0.018655391,0.015394894,0.0029186334,0.0063499776,0.006494946,0.0017494144,0.0018091385,0.0033184509,0.0052418527,0.013648734,0.0021672256,0.004201011,0.0018072064,0.002225654,0.006201518,0.003242504,0.0038560918,0.005301176,0.00531,0.0818519
AL355340.1,0.00017936874,0.00033640827,0.00032941462,0.00033844158,0.00049337535,0.00038158373,0.0004921599,0.00084031315,0.00021114656,0.0007526006,0.0006786386,0.00071777706,0.00018541809,0.00058838027,0.0005541975,0.00019108484,0.0001600292,0.00027867162,0.000529083,0.0009888108,0.00020929554,0.0003596735,0.00015165137,0.00018590254,0.00056918594,0.0002978503,0.00033815086,0.00048181394,0.00043651118,0.00020405719
SHTN1,0.17074518,0.112686515,0.104054905,0.107159644,0.42981857,0.18284756,0.15418541,0.21653476,0.049556028,0.20749235,0.18640928,0.20781069,0.080274105,0.17612217,0.16688263,0.03748749,0.051099576,0.08008971,0.1556349,0.13758472,0.06393147,0.11619609,0.042591322,0.056907598,0.17253473,0.9033447,0.27895677,0.12274974,0.14293776,0.1885316
AL731557.1,0.0048662764,0.008060258,0.008261408,0.008616644,0.022023309,0.012241842,0.011100202,0.019457893,0.0041289735,0.017036078,0.017109372,0.016743274,0.0037383928,0.013988768,0.012465255,0.0036305692,0.0067492374,0.005907668,0.012259689,0.010379237,0.004457768,0.012117621,0.004755367,0.28973663,0.0126901455,0.00873957,0.009261618,0.010016974,0.011015573,0.017754423
PTPRE,0.25253716,0.14786018,0.14753224,0.16179025,0.37730107,0.17777194,0.22653882,0.32873192,0.064838074,0.3131128,0.29893664,0.32536986,0.13834943,0.24358614,0.24675779,0.07769533,0.07274955,0.1310963,0.2229854,0.23068036,0.07713527,0.16949159,0.06499153,0.103201665,0.22094423,0.25161377,0.19883257,0.20525709,0.18237953,0.20607965
MKI67,0.011816061,0.028612355,0.03967758,0.021407705,0.034837365,0.023131376,0.033091344,0.05114907,1.093676,0.048151247,0.048397545,0.041683517,0.5704861,0.04032718,0.04750429,0.013414116,0.009903828,0.02320355,0.02860184,0.04944657,0.8462916,0.034341924,0.10923093,0.01896713,0.030055365,0.05138058,0.037571423,0.04638994,0.05483037,0.010835935
AC026369.3,0.11183406,0.00865651,0.007017352,0.008586633,0.039774522,0.06364742,0.009676499,0.01677729,0.0032714668,0.013814475,0.026737275,0.016059075,0.0046949927,0.014377241,0.012378527,0.015336532,0.072156444,0.005687932,0.0129333595,0.011601316,0.004194411,0.00869636,0.014828526,0.004138274,0.013004552,0.095457055,0.030757004,0.016722478,0.009704866,0.0067904945
FOXM1,0.004913992,0.010615173,0.022029681,0.01721189,0.019160705,0.01182405,0.018242562,0.035492502,0.42198628,0.024681253,0.023949487,0.03430454,0.16482073,0.02304361,0.016339175,0.0043987553,0.02737602,0.005472541,0.016223975,0.01798847,0.3408033,0.014908913,0.041392986,0.009362555,0.013835458,0.0069459775,0.019148009,0.010221064,0.015846096,0.0100834705
TSPAN9,0.017675627,0.013217731,0.012484599,0.012433097,0.025629627,0.01763101,0.017918687,0.029187096,0.0060899607,0.024267843,0.026976764,0.023012504,0.0074900105,0.019434571,0.02022668,0.0068408474,0.0048756963,0.011048557,0.018155023,0.0153114125,0.009250183,0.012652179,0.005189204,0.4220249,0.02877551,0.011107073,0.012478369,0.012409425,0.016184725,0.0076603075
RAD51AP1,0.11195432,0.054023646,0.057838827,0.078437224,0.039240845,0.065896764,0.058441166,0.042506766,0.24825995,0.034668624,0.036421724,0.08290072,0.26506525,0.032492492,0.033081297,0.008274928,0.008162359,0.014425934,0.03633246,0.03493962,0.36153436,0.01761318,0.027850222,0.0142913405,0.04194929,0.029904341,0.028231129,0.031097721,0.03047151,0.07988775
CD9,0.044748083,0.041626144,0.050829947,0.07106394,0.12671313,0.05291179,0.055357825,0.113883354,0.015578676,0.08028886,0.05971808,0.12969474,0.02216596,0.07780497,0.060718853,0.026632138,0.049430724,0.043540884,0.053202182,0.04706662,0.02879043,0.037755743,0.023286246,0.51915836,0.074973896,0.051054228,0.04897327,0.05527763,0.05030553,0.025453428
CD27,0.04319852,0.15326867,0.14203495,0.10530053,0.1351022,0.1159292,0.135015,0.39422625,0.081242904,0.3581019,0.27611405,0.39623713,0.08106862,0.29100502,0.24789964,0.052960377,0.039827418,0.10716775,0.22746891,0.13656682,0.06845354,0.12069887,0.15518165,0.0687721,0.303705,0.086841285,0.096346475,0.42799762,0.21926773,0.06076938
GAPDH,0.04714254,0.15059368,0.126153,0.23618598,0.3039708,0.11984276,0.16796538,0.37528387,0.16584845,0.24034278,0.25129116,0.36926103,0.1915033,0.21551743,0.2301891,0.1671659,0.071248904,0.10735234,0.20036028,0.17688361,0.12686038,0.11742765,0.08636239,0.12070894,0.23454578,0.12232438,0.20783827,0.30266163,0.20343146,0.09160724
ACRBP,0.030027144,0.037121214,0.033566326,0.034487206,0.08264993,0.0737264,0.057825856,0.07067364,0.013289057,0.052575115,0.067170754,0.069357045,0.027586771,0.05833679,0.057467114,0.019298572,0.028619519,0.021958437,0.051143415,0.04557251,0.017708873,0.031081008,0.015441351,0.66388035,0.05067372,0.050944336,0.04597616,0.04403272,0.03958146,0.030454578
PTMS,0.07402253,0.070219345,0.073801905,0.070619814,0.15750903,0.084750995,0.17414585,0.15597689,0.044185787,0.14111316,0.15338738,0.13189343,0.17809692,0.17494911,0.33287573,0.033937246,0.15396686,0.08029564,0.18244657,0.17375658,0.085748695,0.089694224,0.033197597,0.06804107,0.11021392,0.37677187,0.19185132,0.1348154,0.25327924,0.28745902
LAG3,0.024179349,0.043205757,0.046479832,0.050312676,0.06982599,0.060500268,0.2075884,0.12311866,0.047874425,0.1498198,0.1903837,0.10124295,0.22380832,0.2479488,0.36278954,0.0491575,0.021254549,0.03690338,0.33334368,0.13605322,0.060792822,0.054441977,0.023118546,0.03339024,0.07846625,0.044100195,0.045865886,0.13829571,0.346425,0.032477103
CD4,0.32208517,0.46308878,0.481511,0.50195503,1.1556392,0.94133425,1.0800575,1.4252043,0.2473774,1.2978561,1.3826715,0.9607526,0.4106226,0.8471086,0.8011999,0.22174062,0.22183637,0.4131833,0.7380971,0.6571207,0.28442636,0.50702727,0.23087843,0.31931126,0.9855014,0.29895422,0.5826769,0.7859451,0.7167557,0.7274221
CDCA3,0.0025024456,0.008610907,0.024020357,0.008073438,0.010025642,0.0090688,0.0069192327,0.012912413,0.3037232,0.016049009,0.010796134,0.018298853,0.046072517,0.010492847,0.011082557,0.002395074,0.006075536,0.0042138705,0.013048418,0.009296988,0.20403674,0.008022192,0.02474007,0.0029695234,0.015937243,0.0044205426,0.007279822,0.006070114,0.016924728,0.014618737
CD163,0.0428185,0.083452635,0.08094332,0.08764197,0.39477393,0.10526246,0.10970422,0.19242686,0.043665435,0.16834228,0.1448363,0.16681843,0.057593584,0.13598986,0.12417719,0.046930924,0.03872987,0.072083056,0.12715086,0.11588445,0.047182944,0.084464505,0.039814,0.049810108,0.12804778,0.07410373,0.16157712,0.11412693,0.105915725,0.05323812
CLEC4C,0.6665143,0.028336892,0.017322771,0.03328822,0.029478868,0.01843179,0.020224217,0.029831713,0.006202332,0.026137006,0.027532209,0.033094954,0.007943332,0.031873822,0.021877524,0.007941596,0.006874674,0.010204464,0.026963891,0.021964416,0.010798329,0.015821237,0.0060184966,0.014465632,0.021172365,0.08238914,0.033893533,0.016450984,0.019788787,1.1168242
SLC2A3,0.05355547,0.16411994,0.124381945,0.14243825,0.31758234,0.1508193,0.20145532,0.3045785,0.04384653,0.29193377,0.2526146,0.2596978,0.08153005,0.23477103,0.25026846,0.071418,0.06009431,0.13735858,0.26896662,0.2155859,0.063426614,0.15411074,0.05421854,0.1180432,0.21824527,0.111163765,0.12207248,0.17590033,0.25155208,0.080861926
C3AR1,0.036200777,0.08199328,0.08185666,0.08531676,0.30270854,0.50503814,0.13054155,0.18895054,0.05592734,0.16250683,0.17294091,0.17316331,0.07228292,0.14304869,0.15951078,0.050334387,0.03225299,0.074599355,0.17045157,0.13667579,0.054321997,0.09734591,0.035820868,0.053202428,0.11185541,0.093943894,0.10494879,0.107919864,0.13507806,0.05065214
CLEC4A,0.09920734,0.119224906,0.10643243,0.12132631,0.42307,0.24340771,0.1531205,0.2435605,0.03936706,0.18989435,0.18442506,0.21660046,0.062368672,0.16203065,0.1772677,0.052028365,0.04645027,0.0759988,0.15171614,0.1377125,0.05847508,0.113392316,0.045611475,0.07441462,0.1675253,0.08652977,0.31379104,0.15885636,0.145311,0.07634212
LINC00937,0.03097145,0.07055975,0.070363045,0.0748963,0.3686825,0.075321734,0.08711422,0.1334446,0.02964873,0.124771066,0.12606888,0.13537575,0.034822334,0.112015374,0.12069255,0.03387845,0.02901083,0.059768632,0.10441176,0.09338553,0.036776572,0.06756187,0.03211942,0.039888997,0.10407429,0.090781055,0.07966992,0.07005824,0.098546,0.04116768
CLEC4D,0.031616967,0.06582783,0.062738836,0.06792089,0.3331005,0.076595426,0.087266065,0.12090259,0.03302607,0.11223619,0.11443264,0.13497025,0.046872843,0.111560985,0.10058073,0.052771863,0.02856221,0.04651059,0.08631805,0.078604706,0.033381086,0.065492205,0.026724182,0.037761148,0.099284835,0.051901095,0.06305288,0.07247196,0.07911647,0.035866518
CLEC4E,0.03503278,0.07715264,0.07288191,0.07531689,0.2646337,0.07984003,0.09958079,0.13815708,0.034806043,0.12943186,0.12846819,0.14548448,0.046740726,0.10490648,0.11480607,0.027139109,0.028353846,0.057633772,0.09881162,0.0919433,0.031962845,0.0731946,0.02967928,0.03888029,0.1101686,0.06600321,0.06962012,0.081433885,0.09760479,0.04282734
KLRG1,0.046423297,0.09387652,0.09265052,0.08956761,0.13398957,0.10215294,0.45518836,0.20889586,0.049626637,0.24096842,0.4291448,0.18241617,0.17569268,0.25178123,0.54586273,0.056879945,0.042755663,0.15592894,0.6914526,0.24388519,0.104568824,0.13880719,0.036826074,0.07082219,0.14796871,0.074728705,0.09446778,0.19053492,0.5065593,0.054026943
KLRB1,0.14859222,0.4028627,0.42024004,0.41634196,0.6300638,0.49856696,0.99086,1.0281272,0.31046304,1.6411535,2.260022,0.75573087,0.28037867,0.8948987,0.8847849,0.22316657,0.18543176,1.2660576,3.192983,1.5479934,0.48021695,1.0163298,0.17582034,0.3437387,0.65196586,0.39439344,0.4270681,0.45389622,1.2732813,0.21154581
CLECL1,0.037535697,0.49858975,0.4132808,0.07645241,0.1041248,0.1105213,0.1173858,0.088323414,0.041344564,0.11560485,0.114220515,0.09414536,0.038505092,0.09178507,0.10124461,0.024165146,0.01968403,0.03683647,0.063449614,0.063767605,0.02993514,0.045807786,0.11097941,0.031856164,0.06351001,0.07358013,0.1252528,0.056489073,0.07449195,0.082966834
CD69,0.08117938,0.25160268,0.18971965,0.2684201,0.2676755,0.21668065,0.29797158,0.5159971,0.05381565,0.5680477,0.5235633,0.362954,0.102179244,0.42616203,0.41104296,0.09740198,0.07740412,0.25368285,0.58789366,0.31993338,0.10488902,0.24766009,0.070861325,0.12091143,0.3593912,0.15675361,0.18874769,0.2392504,0.32133454,0.11088007
KLRF1,0.074757576,0.18528602,0.15975724,0.1577655,0.25429374,0.23374137,0.32851806,0.31161892,0.21947168,0.28757304,0.3258056,0.32529977,0.11986108,0.25000075,0.6863666,0.09383297,0.07809981,0.1549489,0.36580545,1.4471947,0.45655072,1.2042087,0.08335239,0.19337709,0.23183715,0.17683315,0.1655257,0.17018153,0.6546047,0.09723261
CLEC12A,0.028571613,0.05620834,0.057858158,0.054888718,0.18847477,0.15656172,0.08062444,0.12931548,0.026272057,0.10778715,0.1119123,0.12221752,0.059163276,0.088669285,0.10245158,0.0343741,0.025112271,0.040625684,0.08469866,0.08068045,0.030199923,0.062682256,0.026233733,0.03606997,0.09994892,0.04304928,0.069368064,0.07681179,0.0837515,0.033868276
CLEC1B,0.003895751,0.009449303,0.009831363,0.010498074,0.020754972,0.014598893,0.013540734,0.021638097,0.0055984017,0.018769084,0.016087256,0.02031014,0.0068657147,0.018874273,0.019234132,0.004572263,0.0051515186,0.008022308,0.014686593,0.0147772115,0.0054019988,0.011576278,0.004026328,0.29325634,0.01495631,0.008858434,0.011330123,0.012547145,0.01323614,0.008823913
CLEC9A,0.0042882594,0.0105387615,0.006988271,0.0071463813,0.0137959765,0.038655803,0.00898572,0.018160695,0.004061507,0.016016288,0.01197282,0.01953182,0.0039780615,0.015632296,0.012229783,0.0028872455,0.11368741,0.08187994,0.009974133,0.008050779,0.0033923013,0.0064911586,0.0026494474,0.0063490756,0.010325573,3.144142,0.076264046,0.0079875775,0.009344774,0.004051931
CLEC7A,0.052720465,0.11020646,0.1197275,0.11538169,0.33708447,0.2523786,0.1717016,0.24443409,0.05293889,0.2631824,0.22560434,0.22094245,0.07570769,0.20013373,0.17202918,0.067741595,0.056621585,0.11343281,0.1827524,0.14351673,0.060358074,0.12065521,0.048867755,0.06798013,0.2008242,0.17022024,0.11931189,0.13215047,0.14582965,0.06994366
OLR1,0.015236488,0.023472782,0.025276877,0.025355242,0.14848897,0.02979347,0.032547764,0.052825533,0.00891088,0.046161655,0.03983295,0.04686763,0.012093111,0.036328975,0.035661325,0.012067703,0.011098164,0.01759305,0.03309457,0.028797412,0.013235097,0.023633055,0.009654064,0.013298479,0.035383914,0.024165275,0.066743776,0.028317256,0.029274244,0.014754614
GABARAPL1,0.052286074,0.11336797,0.10114067,0.1153509,0.30508506,0.16330406,0.21277584,0.2537179,0.037507392,0.2648248,0.2605798,0.25902224,0.068016104,0.30346566,0.36371538,0.079285346,0.052416496,0.15452829,0.23363417,0.2481071,0.08327852,0.2152723,0.047037754,0.09114754,0.2220161,0.083533086,0.13920613,0.15011866,0.2496862,0.07656183
KLRD1,0.0972777,0.2924576,0.2749424,0.28198153,0.41053757,0.34773353,0.5771469,0.611982,0.15912023,0.534641,0.5709853,0.56597906,0.28157794,0.62562805,1.3412987,0.14996812,0.11648344,0.29188392,0.56747645,1.4476234,0.49265876,1.3526888,0.13864884,0.20418993,0.4832528,0.24049623,0.263663,0.33953363,0.98883563,0.15119968
KLRK1,0.022925474,0.05301595,0.051715113,0.05508963,0.07843584,0.06474809,0.09118504,0.12033331,0.022777895,0.110791676,0.11389333,0.29464635,0.034448255,0.25712594,0.28852296,0.023580613,0.0218088,0.096146986,0.12712581,0.2394336,0.093677714,0.19689246,0.025978258,0.028682183,0.082502484,0.040292297,0.049992204,0.16633652,0.21561715,0.02919502
KLRC2,0.026161207,0.06309793,0.06369973,0.0624905,0.08990889,0.071024925,0.098169595,0.12671526,0.03350791,0.10528211,0.09941847,0.12132,0.12017378,0.12925406,0.50078964,0.028350042,0.024384875,0.06319968,0.09164689,0.41154686,0.10574675,0.2589052,0.027520841,0.065064125,0.09327058,0.065721884,0.061134346,0.08759151,0.48221785,0.03253173
KLRC1,0.031344067,0.08627243,0.09174612,0.08363433,0.13615294,0.10780145,0.1109274,0.1873047,0.034540605,0.15278582,0.14688696,0.16764285,0.15387754,0.26767248,0.24587402,0.061741572,0.036324225,0.14698333,0.18506092,0.55995375,0.3004709,0.9396681,0.036579754,0.05973834,0.123645276,0.07555447,0.0848761,0.101318076,0.67491233,0.04460604
LINC02446,0.054573223,0.115067735,0.12525396,0.13848913,0.19854899,0.1721621,0.18452114,0.33540362,0.06792755,0.28197902,0.23332854,1.8094337,0.31908646,0.7336496,0.45486522,0.07207936,0.059468612,0.10948825,0.17726912,0.19406468,0.10012381,0.20077625,0.063079745,0.085792534,0.21752605,0.11080287,0.13513757,0.22836722,0.38594168,0.08079132
YBX3,0.17713551,0.47498247,0.41216612,0.8396034,0.9789439,0.63524854,0.63828945,0.9927732,0.16635543,0.91133994,0.8710656,0.9433393,0.18398038,0.7421587,0.7714737,0.6464955,0.4568656,0.37539634,0.5937222,0.54024714,0.24452625,0.47703394,0.15765469,0.47185338,0.7237838,0.31911284,0.4511813,0.6801632,0.6683932,0.2397036
EMP1,0.08178809,0.012044736,0.011541218,0.012348941,0.062590525,0.02096056,0.022927562,0.027265951,0.005916147,0.033315156,0.021033775,0.022917962,0.0055267643,0.017655378,0.021980638,0.005712722,0.16640311,0.0506917,0.016990753,0.016332446,0.0062163803,0.035642516,0.005084869,0.0072244788,0.020180533,0.0096318135,0.14835216,0.014419477,0.016493326,0.0070090517
PLBD1,0.05928834,0.10063739,0.09507661,0.10074123,0.3693018,0.14530009,0.13802731,0.20162402,0.05068477,0.18242931,0.17315274,0.20326118,0.06485774,0.14718188,0.16730775,0.040775858,0.040561203,0.08031215,0.13432236,0.1351008,0.0473676,0.10234934,0.042820092,0.057264388,0.14983043,0.12228261,0.15873995,0.11683054,0.13373056,0.06416692
SMCO3,0.0001795151,0.00040200885,0.00037217845,0.00039605008,0.0022489985,0.00052412663,0.00049574615,0.000815886,0.00022436582,0.00077543966,0.006226775,0.00074841076,0.00023890748,0.0006325445,0.0006191657,0.00027987707,0.00017533862,0.0003416334,0.0005535248,0.0005121286,0.00021997087,0.00039303003,0.00017783363,0.00025197957,0.14882323,0.00039667264,0.00045004574,0.00042723815,0.00051352096,0.00025379597
MGST1,0.052847613,0.095140666,0.09875192,0.095040634,0.44611514,0.11982936,0.14535643,0.2247547,0.043972008,0.19756636,0.16832536,0.18651587,0.07325441,0.14516833,0.15253505,0.07465718,0.11968911,0.08301734,0.14703156,0.12531276,0.05904539,0.10009799,0.037109863,0.055818044,0.14477211,0.16941687,0.21713471,0.108479634,0.123601295,0.07510756
SPX,0.004496243,0.012135714,0.010731302,0.009484253,0.020161564,0.012024634,0.012107642,0.025955321,0.004309623,0.020535732,0.01933781,0.018432738,0.00776382,0.014025503,0.013290094,0.0037506032,0.0037171373,0.0066830087,0.014237657,0.011764922,0.0047132606,0.008982989,0.0063456697,0.31497464,0.013168998,0.009005423,0.009331943,0.01626182,0.012215105,0.00530508
AC084816.1,0.00019887985,0.00049538,0.00053832354,0.0031803648,0.00075756054,0.00058396853,0.0006875148,0.0019236931,0.00030070893,0.00093263516,0.00092899095,0.00091962994,0.0003134847,0.0008032339,0.00080519466,0.0002616261,0.00022476332,0.00036071503,0.0007402808,0.00063261326,0.00031824113,0.0004754104,0.00021709116,0.00027176717,0.00066411385,0.0003762632,0.00052571215,0.0005204642,0.00067168055,0.0003162918
SOX5,0.0038378655,0.36635578,0.09888642,0.031610325,0.0136008505,0.0109212035,0.01185372,0.018241318,0.0041470886,0.023207048,0.01705855,0.020386713,0.0055233086,0.013492097,0.014513455,0.0033171098,0.0038797967,0.006360461,0.011985874,0.011982019,0.0048894766,0.008650337,0.003543541,0.004805583,0.012587632,0.006591284,0.0078022266,0.010060884,0.0117434,0.010567484
AC026310.2,0.00021559795,0.0005442679,0.0005065898,0.0005088725,0.00634016,0.00061392406,0.000717695,0.00098775,0.0003643766,0.0009255792,0.0008695783,0.0009192923,0.00034488016,0.0007759225,0.0008434301,0.00024617228,0.00025497883,0.00038289523,0.0007729496,0.000603817,0.00028171128,0.00056794035,0.00024234911,0.0003029985,0.00071216904,0.00045649926,0.0066786697,0.000602187,0.00075257634,0.0003392567
BHLHE41,0.007895884,0.26730588,0.2218272,0.038814,0.019647187,0.016088812,0.01773087,0.024238568,0.0059153936,0.02094835,0.022800317,0.02466513,0.008545357,0.025508696,0.018845249,0.012722598,0.014970245,0.011744798,0.016622499,0.0158752,0.0090826135,0.012672996,0.18186589,0.0067836465,0.017669067,0.0132269375,0.012873001,0.014000054,0.018641135,0.007695754
SSPN,0.008922245,0.12539421,0.58189476,0.055708267,0.026262362,0.020685805,0.025101911,0.041408904,0.009391652,0.03718886,0.030292388,0.03304246,0.0149323875,0.024893645,0.024332084,0.013086685,0.02738286,0.014352425,0.023191748,0.02341033,0.009028812,0.026979292,0.14809409,0.011699714,0.024606481,0.03139929,0.019192971,0.029363837,0.022996163,0.010876755
DENND5B,0.06536854,0.2776727,0.18405238,0.1667452,0.034024343,0.02695203,0.029336313,0.047988612,0.0104876105,0.03619689,0.044145342,0.047690164,0.0109223705,0.04159468,0.034566052,0.011759621,0.032892987,0.017496414,0.032943383,0.028066346,0.015730314,0.022276847,0.19568239,0.012534789,0.03327906,0.10189845,0.048784792,0.025776124,0.02662511,0.10028194
AC023157.3,0.04533194,0.07608556,0.076826006,0.08320125,0.14988004,0.07819761,0.07611471,0.15365474,0.034109335,0.09862019,0.08550838,0.13339923,0.038151424,0.10236901,0.07788246,0.020596275,0.027799267,0.08828061,0.07733316,0.06695337,0.029060109,0.054415196,0.023119029,0.03430001,0.0939355,0.043062408,0.060818583,0.098785505,0.07594526,0.050904255
FGD4,0.07435828,0.14392519,0.1324439,0.12915193,0.5004799,0.44643223,0.15853587,0.21795627,0.059226412,0.1800953,0.19963339,0.23760651,0.07948307,0.19283171,0.2033403,0.08251551,0.049885448,0.07670672,0.15943334,0.14067268,0.059762713,0.12881312,0.05307425,0.071195304,0.1644456,0.11791818,0.23018116,0.14530817,0.15573838,0.067194365
KIF21A,0.024257664,0.052582674,0.060488034,0.05339857,0.07005113,0.059155956,0.21406612,0.13514195,0.054245126,0.16719662,0.22432467,0.13371924,0.15841945,0.13557911,0.2624327,0.031947102,0.025587428,0.05570379,0.19380397,0.15320386,0.12951638,0.10995723,0.027612843,0.031105554,0.11579152,0.041605216,0.054449026,0.08123943,0.16373052,0.027417041
LRRK2,0.06412704,0.1599046,0.13080636,0.14352088,0.4245398,0.22380936,0.16430113,0.24303727,0.045626123,0.21044551,0.22945942,0.23410885,0.08987312,0.16557197,0.18782422,0.05611374,0.053212672,0.07483935,0.1637788,0.14676881,0.064821474,0.111579314,0.04879832,0.07279681,0.18224773,0.11993268,0.11192092,0.14266421,0.1535977,0.06952245
PDZRN4,0.0003708024,0.0007195054,0.0007305006,0.00072299445,0.0011293227,0.0007986458,0.000967483,0.001563698,0.00049500336,0.001382932,0.0013484408,0.0013973127,0.00042421566,0.0012503043,0.0009938709,0.00041546315,0.22557199,0.0006642929,0.0010551307,0.0008076179,0.0004534365,0.00084263633,0.00032494206,0.0004099991,0.001112455,0.0007540816,0.0007727404,0.00090264477,0.00075200817,0.00041107569
NELL2,0.03283729,0.08369633,0.08072448,0.08175745,0.12208838,0.10094033,0.11763938,0.5005059,0.05511746,0.33602408,0.28622267,0.679331,0.044237863,0.43595663,0.21049039,0.07654697,0.034277,0.06333471,0.19223273,0.104025796,0.049608212,0.17146502,0.037283584,0.051629115,0.155031,0.056619782,0.084540315,0.29415488,0.20249721,0.048144713
TEX49,0.00032107878,0.00049005856,0.00047564963,0.00048162873,0.003983991,0.00057735987,0.0006758284,0.001111577,0.00026775422,0.00095743226,0.0009307106,0.0009497559,0.00035543123,0.0008023709,0.0008297085,0.0003026483,0.0002640045,0.00042837934,0.0007721151,0.0006412743,0.00028588675,0.0005778238,0.054906934,0.00030074612,0.0007843604,0.0005160111,0.0070868474,0.0005401057,0.0006457484,0.0003058665
FKBP11,0.051710848,0.11868581,0.12640005,0.12598462,0.1590447,0.1288982,0.2704516,0.2700807,0.044843942,0.32611665,0.37825492,0.2829696,0.14267083,0.30934122,0.27241293,0.060957935,0.05407336,0.13573855,0.40988204,0.31370708,0.117295906,0.13970509,0.24563347,0.06486663,0.19908307,0.09249919,0.10309719,0.16323608,0.25649452,0.068250544
TUBA1B,0.24837352,0.20096298,0.19215861,0.22088121,0.30119056,0.39601463,0.33355287,0.42109922,0.37627277,0.40971762,0.38279966,0.3966741,0.3702621,0.34252518,0.3554439,0.06934131,0.11705432,0.20825085,0.3444653,0.3124465,0.42020637,0.21802521,0.09296644,0.22483099,0.33217886,0.23880145,0.37836367,0.27811283,0.3141544,0.17710741
TUBA1A,0.066254586,0.106055185,0.10518134,0.13518025,0.24225062,0.22321673,0.16804384,0.2586912,0.055014703,0.21444283,0.21989752,0.21810123,0.06626903,0.17117035,0.20133409,0.060470697,0.06422259,0.10528952,0.1915411,0.16966115,0.05100942,0.13430917,0.051542923,0.07908644,0.18176536,0.09567956,0.12823208,0.1664982,0.16898596,0.058127664
TUBA1C,0.04718498,0.053057164,0.05675514,0.04794706,0.09591182,0.067632325,0.0926893,0.09153513,0.10811967,0.10835864,0.11686714,0.0856082,0.049648684,0.07550096,0.087724954,0.03370085,0.05414129,0.035825446,0.09646568,0.067427084,0.066808686,0.05080501,0.022575181,0.18323497,0.07541971,0.101357386,0.08364668,0.058558613,0.06744363,0.043212578
TROAP,0.0029481105,0.013700134,0.0437721,0.015966382,0.014287994,0.010963355,0.018226897,0.02616198,0.45534912,0.06475578,0.018825218,0.041677944,0.06814413,0.016303819,0.024878252,0.0033927578,0.0038664844,0.0062239273,0.022121105,0.016474549,0.26794502,0.0075842915,0.102395125,0.0046463106,0.022645947,0.029439379,0.018617364,0.040466025,0.028142711,0.004644137
SPATS2,0.04681781,0.10415259,0.080179594,0.066888414,0.081087925,0.048934866,0.08723838,0.11758168,0.044423766,0.10658611,0.0949704,0.13218762,0.048581563,0.098377235,0.12481153,0.023648908,0.07257714,0.043731797,0.08300739,0.10983666,0.0807533,0.050759334,0.22057788,0.028777115,0.09362559,0.13569988,0.10738141,0.07982881,0.08719734,0.09709767
GRASP,0.13183996,0.086343855,0.0776185,0.07690831,0.120651916,0.108297616,0.0582794,0.10918253,0.018471658,0.10820169,0.10676873,0.09262477,0.026562238,0.11295653,0.07426373,0.028683655,0.018496687,0.11476131,0.07677883,0.07029109,0.03011495,0.060209222,0.017576661,0.025526447,0.06553014,0.076104164,0.2094574,0.046735816,0.06381028,0.06853378
NR4A1,0.030622916,0.10607743,0.08470463,0.10041154,0.2913978,0.2523754,0.109303184,0.16963866,0.041817363,0.16676497,0.14409001,0.16346186,0.064956605,0.12971465,0.12864438,0.03541761,0.03397716,0.08687897,0.11893494,0.10372079,0.046794474,0.08058104,0.029872876,0.054455988,0.116808265,0.060992904,0.1435827,0.11227665,0.10498085,0.05426899
KRT5,0.019128831,0.0060396874,0.0066368706,0.0070818258,0.010820415,0.008148262,0.008357199,0.019379212,0.020475263,0.01664447,0.0132514285,0.015237025,0.005233236,0.010185323,0.014157255,0.0046252455,0.0031612732,0.0057491474,0.01032974,0.0090725655,0.003955972,0.0065987366,0.002875816,0.003870725,0.008080615,0.005592729,0.01379198,0.007122527,0.013056294,0.5789634
KRT1,0.011340934,0.027726632,0.021573767,0.026841186,0.034211896,0.026003761,0.026145391,0.091258675,0.0083592925,0.21108747,0.057103578,0.053851426,0.011038656,0.5605158,0.03971238,0.29931435,0.017141735,0.1743903,0.029206898,0.036252577,0.026616951,0.019953838,0.008263472,0.01258224,0.050687056,0.029998228,0.019854844,0.02143326,0.029744778,0.013257208
IGFBP6,0.0056346087,0.009484201,0.012071294,0.011344967,0.01634888,0.1511442,0.01584568,0.0284486,0.0043132515,0.024515858,0.025747137,0.10444325,0.115195446,0.056671865,0.032382812,0.005333823,0.029989928,0.007227788,0.055901088,0.014588833,0.009059153,0.010356497,0.00910583,0.006864029,0.029729716,0.0089842295,0.012897855,0.02068805,0.020885805,0.0058201677
NFE2,0.028095849,0.046289217,0.04803479,0.04834773,0.22739631,0.09982881,0.07200864,0.10413274,0.02037464,0.09732872,0.10160856,0.09566197,0.04502152,0.08569441,0.07862634,0.033893473,0.1480051,0.033509597,0.0746984,0.064474046,0.029273747,0.056133445,0.02319642,0.15103018,0.07176719,0.056759447,0.07449552,0.062034313,0.07110611,0.030541021
GPR84,0.016552607,0.034403812,0.03486901,0.042916805,0.25589177,0.05005247,0.051106814,0.079394944,0.015449629,0.07537088,0.062295314,0.07775913,0.029257862,0.057069756,0.05792048,0.020057013,0.016331768,0.028123843,0.050771315,0.0494306,0.025857396,0.039459728,0.014346917,0.023239035,0.045506597,0.03029901,0.107580654,0.041530672,0.046418775,0.021947762
ZNF385A,0.0652503,0.07398956,0.07793505,0.08419662,0.3277936,0.19379492,0.10113169,0.15514858,0.039349534,0.13374875,0.13857868,0.15503138,0.046375718,0.1281832,0.12752293,0.03865419,0.03958912,0.060708158,0.10966969,0.104697086,0.04505293,0.08077164,0.03772899,0.047370408,0.114413664,0.14022602,0.17152923,0.09696687,0.10170344,0.049456824
CD63,0.107555196,0.21563257,0.21214657,0.24383502,0.35541737,0.23467395,0.31392005,0.5285587,0.09685712,0.4343992,0.38601115,0.48094255,0.15117516,0.34600145,0.37545198,0.10842693,0.068360604,0.25735432,0.33568415,0.41456437,0.14022052,0.33804983,0.059241943,0.18885122,0.37930742,0.15015547,0.16314234,0.33679694,0.29688802,0.09387357
IL23A,0.015652359,0.040196247,0.058196284,0.042134624,0.07567092,0.033761863,0.039491244,0.12649149,0.022373699,0.15995698,0.112923235,0.12279694,0.017921591,0.095496245,0.06398196,0.018133415,0.013202385,0.0517504,0.090136856,0.036599033,0.015234949,0.049967762,0.01678533,0.019881496,0.09292729,0.024502095,0.0323907,0.14865665,0.07108155,0.01863196
LRP1,0.038863324,0.08515285,0.08316167,0.08326863,0.28469,0.13804018,0.12261875,0.17665654,0.05132591,0.1566173,0.14581566,0.16678578,0.05469658,0.14531288,0.14010319,0.03414302,0.033395622,0.0738566,0.1277452,0.11220043,0.04567728,0.09073858,0.035111483,0.051587787,0.12005294,0.08456071,0.08421174,0.100466914,0.11126442,0.0479604
NDUFA4L2,0.0010928301,0.019223193,0.024913954,0.005630682,0.004523405,0.0031314802,0.0032184806,0.018903969,0.0011370828,0.026882863,0.004212068,0.0075955116,0.0015552276,0.020648465,0.0033907918,0.001424664,0.0011433373,0.001904011,0.003490121,0.0028504217,0.0011464142,0.0024892923,0.007961265,0.0012628187,0.15884204,0.0021047585,0.0023580766,0.0029283243,0.0028630667,0.001364473
AC084033.3,0.043467917,0.052305955,0.052068125,0.06461668,0.08980327,0.046405733,0.07606371,0.13757312,0.14616635,0.10899628,0.088081144,0.14349763,0.090028055,0.09478929,0.1001725,0.014629779,0.41404957,0.0670401,0.093168914,0.092178605,0.088874586,0.06644457,0.028902328,0.021818006,0.07329032,0.062559694,0.067600004,0.18561049,0.08580636,0.046623565
AVPR1A,0.0023488484,0.0036856849,0.0037233105,0.003701576,0.011936216,0.004542695,0.0050871945,0.007647852,0.0017811615,0.0065870085,0.006241716,0.007193963,0.0022014335,0.005688853,0.0055457465,0.0023523262,0.0017091576,0.0027658623,0.0049615735,0.005174045,0.0017550127,0.0038122348,0.0015604356,0.10815644,0.005827422,0.0035710866,0.0039013163,0.0044557424,0.0041077565,0.0023941544
GNS,0.06531881,0.12773554,0.117450364,0.12877588,0.39134842,0.26538482,0.17083424,0.26779678,0.07587827,0.21804492,0.21573107,0.23046245,0.06318564,0.20338301,0.21890028,0.050100125,0.04388979,0.115234,0.17325996,0.1996995,0.07357629,0.1319996,0.04952998,0.07823758,0.18746546,0.101123884,0.13191508,0.15872471,0.1708695,0.08269475
MSRB3,0.0061770664,0.012303741,0.012526171,0.014028654,0.046694096,0.023174608,0.01986176,0.026109196,0.006044769,0.024377711,0.020583365,0.025447588,0.0079887705,0.0233195,0.020299563,0.010958887,0.3132523,0.06956241,0.017701576,0.01736846,0.006863365,0.12798274,0.0048607853,0.20180154,0.018636247,0.025158158,0.04448834,0.015289853,0.016301937,0.20898089
HMGA2,0.001677009,0.0028412032,0.0029412715,0.0068546697,0.0060368096,0.0042858673,0.0038042413,0.005886292,0.0013203176,0.005291202,0.0050643953,0.0054404293,0.0018217587,0.0045597265,0.0042260247,0.0011578618,0.4373265,0.13992268,0.004184775,0.0041587004,0.00790957,0.03332311,0.0012306636,0.0030401663,0.057792667,0.0035433618,0.0031169124,0.0035447206,0.0036136832,0.0017355335
IRAK3,0.037976168,0.08321521,0.079494596,0.08329963,0.28656814,0.173082,0.09434651,0.15997896,0.03306075,0.13585451,0.13025168,0.15103132,0.061426792,0.12280189,0.12454733,0.032218408,0.03699028,0.06396071,0.10481978,0.10498806,0.042838383,0.085560024,0.035431962,0.043197826,0.12223241,0.06853007,0.0765085,0.10105498,0.094114386,0.04786333
GRIP1,0.045077804,0.01853404,0.014282303,0.015534645,0.027268052,0.019282952,0.034921177,0.076924875,0.007478934,0.0657146,0.04181113,0.058933966,0.009010713,0.039775707,0.032577187,0.0069662873,0.010860151,0.012591107,0.03039292,0.021614276,0.008192785,0.013589375,0.0068296203,0.008877206,0.02582194,0.041231886,0.4142428,0.016494326,0.025216015,0.013497418
IL22,0.00031442975,0.00055799633,0.0005516609,0.0005387896,0.00084203633,0.0006989606,0.0007479583,0.0011507764,0.0003017412,0.14774613,0.0010092425,0.0010678474,0.000352722,0.00085983804,0.000991118,0.0002623339,0.0002427534,0.0004435973,0.0007694517,0.00067600195,0.00029658465,0.0005827752,0.00023044125,0.00035523652,0.0008166851,0.00041939432,0.00058997836,0.0006856175,0.0007801393,0.00031369345
CPM,0.029128157,0.05085407,0.04583175,0.06261633,0.1942217,0.07952394,0.056364816,0.087539725,0.046105802,0.08504807,0.063901655,0.08274005,0.032411274,0.067814685,0.067917295,0.02334885,0.01729953,0.028101955,0.060745846,0.05711556,0.029956745,0.04660663,0.019733228,0.027070755,0.06987717,0.06047954,0.11092726,0.052378997,0.060919736,0.027675679
LYZ,0.11177498,0.13691989,0.13198318,0.13257469,0.48563194,0.11686225,0.18452068,0.30225337,0.08449739,0.28175324,0.25410596,0.30658498,0.124758154,0.23128225,0.18063746,0.09005187,0.08245192,0.07942522,0.23162799,0.16405065,0.08814056,0.13320157,0.09216473,0.05256573,0.2381588,0.21444052,0.25945812,0.20551823,0.15364945,0.09993537
AC020656.1,0.07611546,0.079588845,0.07389129,0.08567948,0.30439022,0.091130696,0.105575584,0.16424118,0.026875854,0.1621382,0.14405079,0.17526197,0.057896614,0.115541115,0.11776649,0.044706434,0.041450188,0.06467385,0.11991157,0.09773915,0.04262791,0.08046546,0.032572,0.05375723,0.10915135,0.14057165,0.17004538,0.09319721,0.0962559,0.047610883
PHLDA1,0.008154778,0.019045906,0.021711783,0.02138268,0.106347784,0.03761776,0.025158802,0.04784819,0.031493258,0.051104996,0.055617478,0.043827508,0.03491288,0.044008292,0.049283784,0.019605413,0.008030635,0.11721214,0.053876985,0.047842145,0.022345902,0.021874595,0.008390143,0.020083698,0.04246397,0.021069298,0.029354412,0.07358712,0.037614383,0.010453794
E2F7,0.0018399834,0.007640808,0.011654945,0.012045046,0.0112563865,0.0055644773,0.0050574676,0.0077210595,0.09960105,0.007776176,0.006320358,0.009022823,0.04515271,0.0067165727,0.0058004446,0.0017456947,0.009456925,0.0030072825,0.0052326503,0.0065416237,0.30982813,0.0038044755,0.020360699,0.0056482623,0.0057774354,0.056205336,0.006754004,0.004509041,0.0053801425,0.020266721
SYT1,0.0044771503,0.13306837,0.07191939,0.017253904,0.030114586,0.009287336,0.009564755,0.015648486,0.0031872846,0.015046324,0.015100069,0.015458271,0.005224662,0.01103774,0.011769153,0.003583343,0.040555913,0.0054421867,0.010371504,0.009689121,0.0040980475,0.008486381,0.027079416,0.0041297227,0.011665102,0.006197829,0.017235756,0.009128305,0.008694337,0.004541672
LINC02426,0.002489439,0.005427391,0.004983121,0.005328179,0.03709725,0.005918947,0.0069118612,0.013026316,0.0022036587,0.009518072,0.008866135,0.010203612,0.0045591444,0.008183887,0.010512261,0.0022139437,0.0020711548,0.0041427016,0.0076532746,0.0074956305,0.0030584622,0.005303951,0.002474805,0.003083039,0.007734497,0.0042576566,0.005411707,0.0072210636,0.015856462,0.003089502
CEP290,0.024165504,0.08130937,0.07197133,0.07757144,0.07783585,0.066177145,0.12516,0.14380383,0.04932054,0.1423249,0.14407134,0.15405034,0.06454496,0.11332995,0.13491231,0.026871253,0.04430419,0.059496585,0.10733732,0.1050174,0.049323257,0.099000156,0.020425152,0.028615115,0.096451916,0.04853723,0.052115694,0.12719466,0.12426288,0.049680263
DUSP6,0.05324256,0.09107447,0.09388822,0.09991699,0.33557707,0.27359125,0.13679913,0.19774514,0.039178647,0.1946549,0.18649162,0.1927633,0.07833589,0.16449994,0.15810144,0.050432056,0.04941566,0.08651611,0.15102814,0.14577372,0.06022174,0.106829986,0.0385839,0.05663307,0.14421645,0.07678344,0.095182426,0.11737447,0.13191736,0.058237366
ATP2B1,0.056240607,0.15698986,0.15888399,0.15013342,0.2105621,0.17395173,0.21121064,0.29298103,0.07488909,0.22303453,0.24727944,0.24331404,0.08723562,0.19408429,0.20566556,0.07252491,0.050318997,0.14222091,0.20173672,0.18077266,0.059251986,0.14841549,0.03952044,0.08246381,0.20763128,0.0921722,0.1448099,0.1608951,0.17148437,0.06303251
ATP2B1-AS1,0.06142684,0.14969239,0.14538878,0.17739153,0.4715622,0.19180042,0.2496356,0.37542358,0.09526727,0.32623035,0.31424084,0.35757902,0.10262075,0.23848149,0.2836437,0.09121796,0.056970976,0.13555922,0.25197995,0.23262882,0.07882346,0.17348975,0.055855695,0.10974642,0.25278935,0.13136859,0.14037664,0.20058544,0.22481285,0.09089577
LINC02397,0.020978559,0.3377892,0.24133731,0.42800063,0.041499957,0.032030605,0.043149706,0.06713005,0.012681083,0.053012412,0.06244376,0.06992244,0.021945735,0.054391496,0.056026287,0.0203455,0.013519445,0.022029936,0.048243735,0.040563244,0.015169693,0.036462605,0.028414037,0.02449244,0.047063846,0.030050073,0.028212482,0.034541704,0.048981447,0.047056857
PLXNC1,0.076561555,0.13457362,0.10698337,0.10185489,0.29866022,0.30239755,0.14932752,0.20443949,0.05667461,0.19890419,0.21203957,0.20807473,0.11502998,0.17866254,0.1438578,0.0530618,0.058504246,0.06826539,0.15966569,0.12836583,0.058709808,0.11960329,0.037695758,0.055362307,0.15528284,0.11117618,0.15519579,0.118119694,0.13046412,0.060311962
LTA4H,0.07092421,0.10459373,0.116082504,0.120868236,0.23751064,0.17549358,0.1485061,0.22547267,0.023745494,0.2229445,0.20998758,0.18797763,0.062271804,0.15478563,0.16566458,0.049512435,0.035368297,0.13152051,0.16282298,0.14078125,0.057295613,0.1323275,0.034645434,0.059552908,0.1717788,0.063633494,0.08343079,0.114544526,0.14302309,0.05529724
TMPO-AS1,0.03181438,0.03498352,0.04502032,0.045681816,0.13091318,0.12734045,0.07017599,0.09335272,0.05967878,0.06820648,0.07142092,0.09254249,0.054110307,0.062328454,0.07145255,0.018516485,0.02008725,0.04564847,0.05077898,0.049464457,0.08182255,0.047008164,0.016481321,0.027657159,0.075928874,0.026069997,0.046586454,0.03577303,0.055255394,0.02155536
SPIC,0.0024167176,0.003424613,0.0031588138,0.0032996142,0.007939317,0.123407155,0.0043120487,0.013414931,0.0015448462,0.0059166388,0.005632173,0.006662053,0.0025337434,0.00469463,0.0046794144,0.001499298,0.0013125399,0.002906278,0.004559547,0.004237708,0.0019959318,0.0034534847,0.0015190057,0.0018387159,0.004780028,0.0028520436,0.0031830696,0.0037588181,0.003740803,0.0022509408
DRAM1,0.042192087,0.09399555,0.10034061,0.087101355,0.35907215,0.25846848,0.124910906,0.17225137,0.05505318,0.18720457,0.16399038,0.16284393,0.080320284,0.1328956,0.1532537,0.052263957,0.06980046,0.15710151,0.1441204,0.12028762,0.05179101,0.10332808,0.049148772,0.08673618,0.12582727,0.084853634,0.12096178,0.08976282,0.1468387,0.05107768
PMCH,0.00056387,0.00089813414,0.0008414856,0.00088226673,0.0029396468,0.0011173403,0.0011291626,0.001674818,0.00035983528,0.056475583,0.021511253,0.0020478617,0.00068930635,0.0013067953,0.0043260674,0.00038302923,0.00035336107,0.0007063009,0.0011412359,0.0015733897,0.0052749473,0.00085328176,0.00035543714,0.00048207602,0.49199334,0.0007489596,0.00091036974,0.010894884,0.0010454293,0.0005347679
IGF1,0.001575341,0.0040424983,0.004134803,0.004106858,0.012952939,0.02512376,0.023429101,0.009927744,0.002732002,0.010007897,0.04327358,0.008114515,0.0023998055,0.007314702,0.022184093,0.0019441599,0.003390725,0.0037295802,0.0060346066,0.01008961,0.002324426,0.004776581,0.49091873,0.0027603803,0.0097630955,0.035987914,0.026975859,0.0049651214,0.008157957,0.0023879295
HSP90B1,0.100240335,0.14976272,0.14230804,0.17615588,0.21245919,0.1496867,0.24243696,0.3262082,0.05308335,0.30357862,0.28754047,0.3142679,0.087166704,0.24532735,0.30875868,0.11945776,0.06314234,0.19517034,0.24936172,0.26473254,0.116601676,0.17803118,0.2903698,0.15963358,0.25129846,0.13044815,0.12440663,0.23088518,0.2699969,0.23853575
C12orf75,0.17385046,0.09577462,0.09714667,0.0973939,0.13024303,0.101222046,0.31721896,0.2125318,0.14860311,0.20272647,0.27091208,0.20757896,0.2506656,0.21459061,0.3147196,0.058168393,0.034601502,0.09753321,0.20650601,0.27132836,0.14677837,0.14301649,0.05941956,0.13940306,0.1884755,0.06604688,0.08873626,0.16981865,0.21471679,0.2572168
CKAP4,0.033019133,0.08717391,0.08606309,0.07268504,0.27515313,0.11470532,0.100955255,0.14012456,0.033452094,0.13850147,0.12348578,0.15514405,0.04649219,0.121113434,0.1241591,0.04332866,0.030901786,0.072111525,0.09924356,0.08919809,0.037295464,0.06793795,0.08192364,0.042450722,0.10255489,0.05428654,0.0663184,0.097853445,0.10240666,0.037455287
CUX2,0.026823407,0.0061533386,0.009820406,0.0079882,0.01133656,0.008440236,0.008518356,0.020580854,0.0037070594,0.013438598,0.011089655,0.030776538,0.0123980185,0.010648103,0.011042808,0.0034802968,0.009997541,0.0053956346,0.009060824,0.009137487,0.0034592398,0.006478688,0.0025541147,0.0036029909,0.008967226,0.0059883967,0.007426465,0.0075690164,0.013189735,0.51065534
ALDH2,0.18399227,0.10375577,0.09623788,0.109695904,0.32713118,0.13718987,0.14845788,0.21636444,0.04980064,0.18020447,0.16791786,0.19326003,0.054504365,0.147655,0.1629538,0.05569183,0.04515878,0.08505785,0.14050876,0.117066614,0.05554293,0.10438135,0.041302714,0.06621671,0.14569058,0.1455837,0.27732056,0.11822971,0.14337072,0.09218579
RPH3A,0.02537788,0.03644526,0.029518979,0.032109648,0.20052311,0.0951838,0.045016844,0.06544054,0.014402415,0.061131775,0.05572401,0.058793988,0.015466074,0.043729965,0.048271302,0.023904206,0.013752895,0.023790622,0.047491815,0.042987473,0.01624643,0.036979742,0.012709661,0.021111896,0.051966462,0.031714,0.037862353,0.032723922,0.04284838,0.01892272
OAS1,0.054090217,0.12642974,0.09930846,0.103039294,0.27305952,0.37794748,0.120358266,0.17656131,0.05727967,0.17951499,0.16031817,0.15946253,0.07013185,0.12025126,0.1416355,0.050611373,0.03739149,0.083868556,0.12195618,0.13226068,0.055387404,0.10123853,0.051585317,0.050613966,0.12797602,0.08061561,0.114125334,0.111758426,0.10665167,0.10131583
OAS3,0.023065338,0.06157843,0.058709837,0.05788858,0.20323053,0.1630336,0.08586673,0.12655786,0.07762598,0.124945395,0.11436191,0.11590331,0.03762334,0.10242667,0.097586274,0.022214696,0.0222713,0.049707085,0.089611605,0.07832912,0.04751466,0.08182866,0.024232512,0.030206311,0.09399911,0.052810512,0.097840235,0.09103304,0.081726894,0.029883964
OAS2,0.0766338,0.12343441,0.12156333,0.14040622,0.26160935,0.18880048,0.18065049,0.26459065,0.06386605,0.26960906,0.2559891,0.2628703,0.13787581,0.20511623,0.2275542,0.050046433,0.04675739,0.13738401,0.20216426,0.20730984,0.0840476,0.14565818,0.04425199,0.06608525,0.2081257,0.08178974,0.12451426,0.2556606,0.19007845,0.09963743
SDS,0.05751287,0.009211298,0.0068200957,0.006917986,0.026879093,0.015555957,0.009669218,0.015624174,0.0040867915,0.012831057,0.012581141,0.015689932,0.0037086778,0.011201959,0.011683477,0.0029576928,0.0032653057,0.0049193283,0.009840492,0.010207093,0.0034705645,0.007960745,0.0030825145,0.0034861527,0.016553503,0.10447166,0.12854072,0.008616345,0.009822277,0.01426283
AC125603.4,0.0002565732,0.0004475407,0.0004379745,0.00046555614,0.0021477179,0.0005146362,0.00059629756,0.001068917,0.00024323743,0.000872272,0.0008152809,0.0009603544,0.00030623033,0.0006758487,0.0006915157,0.00024266288,0.0002151717,0.00032988127,0.00069412467,0.0005451115,0.0002609216,0.00047305768,0.00021383865,0.00024392812,0.0006245088,0.00042940202,0.0004679059,0.0004676553,0.00056810875,0.00027522116
HRK,0.0037311974,0.079058416,0.08710481,0.08083901,0.014004029,0.011179222,0.015427052,0.016276091,0.0038202126,0.013895778,0.012071927,0.015853098,0.0043243873,0.0106183,0.012719967,0.0042745066,0.00838937,0.0055669216,0.010667178,0.010173822,0.0044019637,0.008144872,0.033554003,0.0039911484,0.010838702,0.0057664816,0.0071505113,0.008789393,0.00932409,0.004036896
TESC,0.028995495,0.08620636,0.115458675,0.0700542,0.22961676,0.30465224,0.15392135,0.170498,0.047116444,0.1751006,0.1468346,0.14106175,0.079710215,0.12182753,0.15812364,0.047818426,0.03730014,0.071813844,0.118215755,0.14492151,0.090981044,0.095503785,0.029371591,0.04573162,0.11577708,0.055972062,0.10453871,0.08553769,0.12327323,0.041383818
CIT,0.0064140544,0.035065107,0.035210602,0.039921377,0.021280643,0.03025108,0.03794149,0.038414557,0.4683206,0.057625376,0.03267574,0.04589802,0.30136207,0.03134765,0.070076056,0.005975624,0.0062185624,0.0104173515,0.043129023,0.05056087,0.4885057,0.011445844,0.022799999,0.02051567,0.034463648,0.010964502,0.018806808,0.23333588,0.041494887,0.007381858
OASL,0.026241478,0.046918858,0.043746836,0.05307795,0.17191382,0.13703386,0.1611037,0.09871422,0.03216627,0.09847195,0.11283792,0.10370856,0.07892774,0.085383974,0.18416053,0.028615233,0.022323528,0.033787295,0.0758237,0.10246906,0.048075724,0.059937388,0.02026113,0.033437587,0.07534688,0.040781394,0.07519412,0.062314644,0.09364615,0.03174429
P2RX4,0.03233598,0.08076402,0.07990661,0.08042442,0.26267332,0.14697595,0.11743926,0.17567906,0.03968246,0.17297804,0.1628479,0.18259071,0.050892513,0.14657098,0.1322429,0.036428344,0.0488341,0.0890615,0.13107184,0.120532684,0.046899952,0.10957239,0.034504555,0.045225747,0.12922484,0.0619143,0.09049447,0.1084732,0.12221087,0.04431578
BCL7A,0.23730773,0.28701177,0.172861,0.58960056,0.092319354,0.074170604,0.096257314,0.16200888,0.05269281,0.12610742,0.11774052,0.1821219,0.04611484,0.118277214,0.11183706,0.0484355,0.09784091,0.057741884,0.0797846,0.079936676,0.053229425,0.056952063,0.05325851,0.040773463,0.09299873,0.12490174,0.1843603,0.10193308,0.109448634,0.3098763
HCAR3,0.0072831535,0.014789478,0.013172916,0.015452573,0.092749014,0.11986765,0.019386329,0.030997932,0.00896169,0.028238231,0.023805797,0.028509894,0.009993297,0.021779666,0.0222129,0.010669888,0.0071583963,0.013153228,0.021548375,0.01966203,0.0069688805,0.015959404,0.0075599393,0.008836517,0.020304762,0.011665393,0.021524336,0.016311778,0.019950636,0.009023777
RILPL2,0.04334005,0.14576219,0.1383727,0.1388062,0.30372727,0.22771513,0.20497777,0.34793755,0.050688397,0.27667892,0.2735144,0.27237883,0.08001513,0.24574506,0.2503909,0.07609501,0.0466572,0.112255104,0.20949209,0.18559259,0.08671849,0.19208707,0.05182718,0.11060776,0.21326528,0.07844456,0.17172398,0.17366482,0.19426773,0.08875523
SLC15A4,0.10174806,0.10396955,0.11399418,0.09881207,0.18840528,0.114093944,0.15385543,0.15952785,0.03127401,0.14421234,0.14626116,0.16606714,0.049320184,0.1295782,0.18367724,0.041535415,0.0375005,0.05919376,0.13839993,0.24432223,0.10199312,0.11150666,0.026380531,0.04787845,0.10894347,0.06210966,0.085290976,0.10769979,0.14047581,0.31103796
RIMBP2,0.0009996339,0.0028320807,0.0024697992,0.027349861,0.0028983995,0.0021082268,0.0023880391,0.00371797,0.0009184696,0.003087199,0.0049585016,0.003599187,0.0012555043,0.0027244054,0.0027929824,0.0008360457,0.0007816462,0.001389509,0.002431298,0.002258763,0.00088860065,0.0018380953,0.0008995561,0.0009812079,0.0027257972,0.0016014484,0.0016893765,0.002092384,0.0023823385,0.0010835762
LINC00566,0.0001929772,0.00031990887,0.00030849583,0.00031788458,0.006655465,0.00040555562,0.0004546849,0.00067234656,0.00016688916,0.0005999807,0.0005369696,0.0006250564,0.00019158048,0.0005212902,0.012325665,0.00010931307,0.00016872535,0.0002106528,0.00045336378,0.008381009,0.0001739412,0.00032224154,0.00013561854,0.00016395263,0.00046815714,0.00028729154,0.00033633423,0.00034955534,0.0004075729,0.00019132228
FLT3,0.32969794,0.028467523,0.026988273,0.027561495,0.098851226,0.035335414,0.03344109,0.051957205,0.01079195,0.049719624,0.042777985,0.050931346,0.0195974,0.036744997,0.03938923,0.018845482,0.124287255,0.018028542,0.033037752,0.031189186,0.014364042,0.024490809,0.009897674,0.022681072,0.034632046,0.95694053,0.47463626,0.027968783,0.030057594,0.29146054
ALOX5AP,0.21550322,0.22694793,0.19059283,0.20856585,0.27255064,0.19924252,0.36093774,0.37682807,0.18927658,0.405159,0.4641353,0.3789228,0.13257407,0.31160465,0.46711162,0.079377614,0.08179918,0.15602504,0.43395084,0.47905174,0.15119976,0.21826877,0.07724092,0.13221878,0.29356983,0.18915461,0.13699599,0.19083467,0.43182692,0.44677478
BRCA2,0.070582844,0.08166549,0.09183583,0.06710325,0.0681481,0.066331826,0.073197685,0.08093716,0.24596046,0.073255725,0.06974316,0.080288514,0.33449942,0.06878313,0.07547678,0.01491922,0.023362996,0.03102657,0.046508126,0.06735305,0.23646457,0.040998567,0.060600854,0.020402715,0.07216098,0.054736234,0.048407722,0.04388278,0.07789306,0.091706604
RGCC,0.03583199,0.04810845,0.04555686,0.04579958,0.08603185,0.058383122,0.10100579,0.21405168,0.039251786,0.21643458,0.20200959,0.18799692,0.053487524,0.15669231,0.104623824,0.03833572,0.02173816,0.08165968,0.0977538,0.070450746,0.027874297,0.078747906,0.021612257,0.06409595,0.1676908,0.101837724,0.048993953,0.10239426,0.098687835,0.030002287
EPSTI1,0.056905195,0.11559478,0.10789782,0.11191659,0.19453448,0.17887966,0.16123323,0.22115542,0.07916323,0.20864472,0.21504144,0.1829973,0.071456455,0.16258998,0.1770606,0.061166976,0.04835265,0.06518724,0.14950235,0.16786893,0.07397679,0.14945503,0.037508424,0.0657941,0.15924807,0.10910418,0.13378845,0.14538181,0.16546135,0.05629498
TSC22D1,0.014904435,0.03833368,0.044114877,0.045509543,0.06585626,0.050566137,0.062267963,0.08467289,0.019159036,0.072641544,0.07636819,0.08978667,0.022226842,0.08012233,0.078642786,0.029396744,0.10195393,0.039093267,0.067707494,0.06697632,0.033038385,0.06421128,0.013041181,0.34697598,0.057818927,0.036148004,0.035487425,0.057828292,0.063476674,0.039451297
DIAPH3,0.011942544,0.008970468,0.014834378,0.0073732645,0.015212419,0.007784461,0.007138239,0.016241197,0.54028785,0.01502053,0.014399453,0.011038852,0.2892095,0.008858141,0.009662743,0.0026273662,0.002678061,0.0046326923,0.013900782,0.011709129,0.35240245,0.013677338,0.050659467,0.0034109657,0.008499053,0.0112368325,0.015189629,0.0071174195,0.006586477,0.009089092
PCDH9,0.013529065,0.14342515,0.048850477,0.41069177,0.034847412,0.027346762,0.03679045,0.058335308,0.014907667,0.042935885,0.043460075,0.057892285,0.014522034,0.038561802,0.043157633,0.010591429,0.18887834,0.09310645,0.032360934,0.036898166,0.021462794,0.09294864,0.011172333,0.029825473,0.042023145,0.022513134,0.024967339,0.03262409,0.033671606,0.055298794
KCTD12,0.06665539,0.12488907,0.12525874,0.12790732,0.5201821,0.15265197,0.16121058,0.24995825,0.05086843,0.22059308,0.20249835,0.25466996,0.09114457,0.20330511,0.18667378,0.057771623,0.060520392,0.09556316,0.17935814,0.16743734,0.072768494,0.120413624,0.057025317,0.06680942,0.20354465,0.16341081,0.1702941,0.18311255,0.15634158,0.07264121
ACOD1,0.0018413935,0.0053920452,0.005416018,0.005242218,0.041252237,0.01547757,0.007478859,0.011186514,0.002791395,0.011802755,0.009748535,0.011108493,0.004106482,0.008367779,0.010460006,0.0020581079,0.0026271287,0.0035203209,0.007693458,0.00820008,0.078839004,0.0056004077,0.0022552852,0.002582559,0.008978084,0.0038549888,0.004720787,0.006313081,0.006635506,0.0031261502
LINC01068,0.00037884034,0.0007489473,0.00074285315,0.00074015517,0.0010791954,0.0008154358,0.0010329193,0.002928918,0.00047363894,0.0037690336,0.0028401406,0.0014480333,0.0005048676,0.0012175336,0.012883058,0.0003463424,0.00032051766,0.0006884455,0.0010464245,0.0020832922,0.00044308798,0.0007605227,0.0003111851,0.00040906688,0.0010371836,0.00067246554,0.00070494873,0.030110113,0.00097609806,0.00044140138
SLITRK5,0.0021624619,0.0039218944,0.003866448,0.004631243,0.0068063675,0.004655249,0.0053268173,0.015747566,0.0021531235,0.016852118,0.01267815,0.008372217,0.002695545,0.006827655,0.006328722,0.0023249132,0.03424249,0.013671147,0.05171372,0.012430052,0.0021668023,0.065867685,0.0035277065,0.0027976804,0.0060362383,0.0030902068,0.003914383,0.004584215,0.006673026,0.120739505
GPR183,0.31410918,0.38723066,0.30712774,0.21955965,0.36929822,0.2530123,0.28922662,0.6173524,0.08821078,0.6386045,0.57549566,0.3863286,0.1270295,0.5269991,0.34457657,0.10894802,0.08391228,0.38147175,0.32498902,0.26273927,0.096547425,0.3806875,0.06387287,0.1481371,0.38965267,0.18129204,0.3749601,0.6279714,0.28393745,0.30334705
CCDC168,0.0027500908,0.008146216,0.0056373207,0.010257599,0.012238507,0.009036082,0.007081041,0.020303747,0.0038834712,0.017686801,0.020248491,0.016617507,0.0041044005,0.01572749,0.017010368,0.0032206716,0.0024580457,0.02170911,0.014861905,0.01931632,0.01657806,0.01717621,0.002365528,0.0034062658,0.008932492,0.0050642844,0.008417058,0.0061511267,0.02007911,0.010894095
TNFSF13B,0.09353396,0.13729958,0.14409836,0.14227894,0.47608578,0.22750208,0.19352393,0.28704804,0.07059548,0.2504895,0.2662775,0.29767814,0.08903482,0.23776075,0.22038019,0.05907237,0.06582919,0.107590154,0.21273562,0.20277557,0.07919484,0.14433655,0.06329493,0.090031676,0.23134375,0.0763367,0.20656888,0.18687916,0.1830732,0.092824526
IRS2,0.04274669,0.113627076,0.10634855,0.12780063,0.33024672,0.14373934,0.13459788,0.2716782,0.039219826,0.2732393,0.21929254,0.22330038,0.07120536,0.1995124,0.17003746,0.041711826,0.048015468,0.15069084,0.20837185,0.16306925,0.061728097,0.14459372,0.03956177,0.07830348,0.19458263,0.10213727,0.10975775,0.15240957,0.15197614,0.05990365
GAS6,0.28871027,0.02377656,0.021684807,0.023792073,0.07576228,0.037386626,0.033227235,0.046999678,0.014930741,0.04691234,0.055240534,0.046336416,0.031611115,0.04504478,0.04168698,0.012805109,0.00899008,0.015290697,0.030555595,0.026482008,0.011518509,0.02011576,0.030333254,0.013376797,0.04625074,0.025469083,0.1986742,0.033327285,0.031703837,0.44385388
AL355075.4,0.017690094,0.041146617,0.04027327,0.038991466,0.13735768,0.060379658,0.044123083,0.07635905,0.012886941,0.065426946,0.07152323,0.06926748,0.027199553,0.07809252,0.069963865,0.017951617,0.017082756,0.053695332,0.06036335,0.050024055,0.037572615,0.04397238,0.029493386,0.016541675,0.062516585,0.03274649,0.0832847,0.04067596,0.050838288,0.112427145
KLHL33,0.0035980095,0.0064047924,0.008336729,0.01659305,0.010932848,0.0070383986,0.008545839,0.015457923,0.002666864,0.01668383,0.011850018,0.05684893,0.004479283,0.010336221,0.017193355,0.0038614187,0.008476173,0.005031486,0.009320584,0.0104717,0.0034916396,0.006932353,0.0026185173,0.0036077548,0.010626683,0.0059840567,0.005725783,0.007384357,0.019679515,0.52721757
RNASE6,0.22798559,0.15427378,0.12016364,0.18818463,0.34661093,0.1453587,0.16068636,0.26006046,0.075502574,0.24184696,0.23237115,0.21081088,0.10742774,0.17728719,0.16967347,0.073134765,0.04517833,0.0917805,0.16394821,0.1454937,0.06589262,0.15511629,0.07467087,0.07533094,0.1632859,0.19189015,0.3348264,0.14424182,0.1466755,0.32294548
RNASE1,0.007279695,0.017446246,0.016660675,0.016535401,0.10264949,0.023483505,0.019448506,0.034290217,0.0065454156,0.028454736,0.026030112,0.029826283,0.008912619,0.022764303,0.022966275,0.036843717,0.008556226,0.014390713,0.022324149,0.019832749,0.008020268,0.016443646,0.0057608755,0.010732359,0.022271033,0.01160553,0.056009624,0.019107692,0.024909632,0.009306002
AL133371.3,0.0002047067,0.00047856438,0.00048913277,0.00047439485,0.00073724246,0.00049649563,0.0006632512,0.0010142078,0.000249126,0.00092108554,0.0008761987,0.0010166363,0.00040002834,0.0008283988,0.0008041529,0.00021213124,0.00024844523,0.00039832352,0.0007491653,0.00063543173,0.00026576768,0.0005302488,0.00020413678,0.0002712659,0.00076643244,0.0004841105,0.00044039133,0.000708008,0.00066611177,0.005806204
RNASE2,0.04355087,0.07848901,0.08149859,0.08108168,0.36996716,0.09724268,0.10860572,0.16597354,0.039542943,0.1614171,0.1295403,0.14684136,0.06445089,0.12562539,0.12031753,0.039714526,0.039026987,0.06539892,0.11444146,0.1017536,0.04741234,0.08306736,0.032464065,0.05193082,0.11060905,0.0869632,0.15389067,0.099256285,0.106707215,0.051119596
NDRG2,0.030278035,0.044661462,0.033303607,0.043751128,0.06506055,0.041853108,0.058532868,0.13086055,0.01685701,0.111056864,0.11220499,0.1308335,0.025448907,0.097018324,0.07996882,0.011826148,0.03967744,0.022417737,0.08801501,0.059368372,0.032571558,0.043497622,0.014003078,0.026193177,0.085134625,0.57011014,0.43624634,0.054026984,0.069012605,0.019156454
AL161668.3,0.00018004554,0.00039690355,0.00036636507,0.00038349876,0.0005987145,0.0005362837,0.0005915444,0.0008092136,0.00023259842,0.00078007276,0.0007220099,0.00077261694,0.00029386135,0.00063787185,0.0007744384,0.0002691702,0.00017145708,0.00033461148,0.0005638525,0.00047534826,0.00022979021,0.00044573483,0.00018808556,0.00025152738,0.00058926875,0.00039343338,0.0004194554,0.00047836773,0.000680629,0.00022929462
RNASE7,0.00025363918,0.0005013429,0.000450775,0.0004539435,0.011474043,0.0005493824,0.0006735021,0.0011052972,0.0003252951,0.0008783194,0.00082710444,0.001105153,0.00035645734,0.0007091292,0.00083868636,0.0002802215,0.00023421738,0.00041712576,0.0007509568,0.00061985146,0.00031256574,0.00056963955,0.00025257838,0.00029355122,0.0007677885,0.00034344758,0.00047351097,0.0005677301,0.00074176013,0.0002752535
ARHGEF40,0.037294883,0.05965938,0.05943967,0.060253143,0.32909825,0.10900128,0.08388491,0.13728441,0.03472,0.12459415,0.10837234,0.12350137,0.049794316,0.102843165,0.099165745,0.024798756,0.053470723,0.057786893,0.09136552,0.07782396,0.037297145,0.063627005,0.025512466,0.038225185,0.09482171,0.051377025,0.13907318,0.078083366,0.085780464,0.03693802
TRAV6,0.006276359,0.012303043,0.009706622,0.010553971,0.016832646,0.012584619,0.033194955,0.055349283,0.005105497,0.05063897,0.047673773,0.0488989,0.008388538,0.05481276,0.052231666,0.007046598,0.0061474484,0.0070096157,0.020436732,0.012439389,0.0061726226,0.009932066,0.0043249982,0.005263389,0.06113475,0.009112148,0.010563114,0.05783105,0.0121976,0.0065321084
TRAV14DV4,0.0024269759,0.005296172,0.0051000016,0.005174137,0.008272793,0.0063998764,0.0074246535,0.036624886,0.004500348,0.030703856,0.029761035,0.024590453,0.019294795,0.039464,0.032342277,0.0032491316,0.0022089041,0.0042083208,0.012677474,0.007911697,0.0033175051,0.0058167134,0.002187621,0.0030593215,0.013617286,0.005234104,0.006057632,0.007105457,0.011021066,0.0032243088
TRAV16,0.001368787,0.002365433,0.0028442736,0.0023271404,0.0036927916,0.0030154618,0.012959395,0.01780051,0.0010495667,0.014992147,0.02084066,0.022905622,0.0015262984,0.022194562,0.008585211,0.0014090177,0.001215349,0.0022267657,0.0033216567,0.0037193336,0.0013943331,0.0026099724,0.0011759308,0.0016102724,0.0104611255,0.0020926911,0.0029538954,0.0100339595,0.0048476,0.0014751374
TRAV17,0.004714689,0.015518937,0.01412294,0.015094002,0.01995345,0.021449806,0.17604646,0.05779375,0.019959355,0.07258627,0.074678995,0.07570925,0.04558944,0.07017512,0.12437255,0.014101738,0.006856821,0.009501485,0.028974317,0.018295554,0.006941778,0.013729707,0.0076324088,0.009613086,0.05491427,0.009553806,0.014836671,0.051217355,0.021864876,0.00852035
TRAV20,0.0033340065,0.0071049696,0.007060431,0.0072027473,0.011610354,0.0088148,0.00948935,0.043411806,0.0039641275,0.04547302,0.035651825,0.045794666,0.0061785895,0.039574046,0.037085164,0.023666603,0.0038407827,0.005444671,0.01096524,0.009175344,0.033009663,0.008468313,0.0034318168,0.00425574,0.047601648,0.0072738943,0.0069927885,0.036172535,0.009694633,0.0039004618
TRAV25,0.003383582,0.006961853,0.005517781,0.006350556,0.009655739,0.0077024475,0.049578734,0.058267165,0.012418053,0.035152424,0.04307501,0.038251944,0.029729137,0.034370307,0.024890654,0.0033092208,0.0030627314,0.0047266223,0.010671185,0.007467823,0.0032706766,0.006016228,0.002616465,0.0056461263,0.036850058,0.006180073,0.0066305515,0.015113519,0.00765952,0.0040109437
TRDV2,0.0068851137,0.012567436,0.012689492,0.013116174,0.018608512,0.016281556,0.01717305,0.030973826,0.012214343,0.021976369,0.023942238,0.027486376,0.010221129,0.026025537,0.024686454,0.008049694,0.00584467,0.008850711,0.050945517,0.019958818,0.012584019,0.013024503,0.005795342,0.007070955,0.017531388,0.010432344,0.012905724,0.01344323,0.6199743,0.0076034046
TRDC,0.19391885,0.38588586,0.39081258,0.36523497,0.5450065,0.5145464,0.5589073,1.0081829,0.21283597,0.66876954,0.781014,0.85996175,0.3266281,0.5647528,0.9768865,0.39610127,0.1547227,1.504275,0.7433683,2.4141243,0.9792489,2.0532985,0.17494282,0.300831,0.5795761,0.24114338,0.3922652,1.2491657,4.870479,0.20242153
TRAC,0.19579948,0.3421542,0.28802767,0.32446998,0.5022732,0.42572048,0.787555,0.9355214,0.4248548,0.91937363,0.9568989,0.794063,0.3214665,0.7005297,1.1432304,0.20604889,0.15761545,0.28311908,0.6144069,0.43991306,0.20018037,0.39520982,0.1406913,0.22745207,0.7676925,0.3076388,0.33976567,0.6866281,0.53520566,0.19171783
SLC7A7,0.054175276,0.087693736,0.0837658,0.09762305,0.287979,0.27291545,0.10407326,0.1670254,0.039365664,0.13951777,0.13907368,0.18058023,0.06904387,0.13390578,0.13700068,0.055060577,0.0385317,0.063954934,0.11585943,0.10861834,0.04390319,0.07563937,0.027948614,0.047616538,0.1252278,0.071755126,0.086046934,0.10438024,0.10969464,0.050682027
CMTM5,0.008494322,0.019304011,0.017232278,0.019972896,0.04050093,0.021480689,0.025962532,0.040524483,0.009142773,0.037785206,0.031781297,0.043048527,0.014125592,0.030424101,0.030519137,0.008019785,0.010506648,0.013769064,0.025242517,0.025048796,0.00955828,0.018333727,0.006844438,0.55087626,0.023678768,0.014405991,0.017675214,0.020161416,0.024009876,0.015977127
DHRS2,0.0007713036,0.0014744388,0.0014066994,0.0014253268,0.0020355696,0.0017480323,0.0019248009,0.0032200934,0.0009471456,0.0027730183,0.0026711128,0.0028308958,0.3302882,0.002526181,0.013224456,0.0007050143,0.0005612908,0.0013592856,0.002206348,0.029285073,0.0018365317,0.0015225312,0.00062935945,0.0008722872,0.0019112788,0.0016676625,0.0015571916,0.0018622002,0.0018546815,0.00081409106
NFATC4,0.066771135,0.11308863,0.028753696,0.03066492,0.0011949604,0.0014017093,0.0011863287,0.020741168,0.00040594643,0.0015675257,0.0014724486,0.001578075,0.000562748,0.0013499798,0.0013837483,0.00041079856,0.025110984,0.00067122164,0.0013447136,0.0011217569,0.000452003,0.0009014311,0.00044196175,0.00048327877,0.0012251966,0.077144645,0.00085456553,0.0010438571,0.15456358,0.08167021
CTSG,0.051828712,0.0070302677,0.008702785,0.006861449,0.04059203,0.008857214,0.037962757,0.017045906,0.0040683746,0.014258504,0.0154475495,0.015456627,0.007377948,0.014672552,0.018843418,0.004222457,0.078570634,0.0052020303,0.011510791,0.014885778,0.0053143087,0.007891307,0.002738406,0.004029624,0.0106848,0.0070207757,0.08708132,0.009461951,0.019872617,0.0042026765
GZMH,0.075047754,0.17296211,0.16550274,0.16495125,0.22941472,0.21121772,0.9419737,0.3449774,0.12706664,0.31090155,0.37210342,0.34880668,0.53796,0.3063561,0.9635861,0.08429036,0.07629793,0.13478102,0.24750088,0.72720146,0.31410563,0.22286461,0.065823056,0.12666148,0.24761264,0.14180115,0.17483838,0.2161313,0.4832186,0.086904325
GZMB,0.06666827,0.17479482,0.15797529,0.15403341,0.22191341,0.18906978,0.51108587,0.34755978,0.14402214,0.320203,0.31599826,0.3195409,0.42038894,0.29104894,0.7161892,0.07255419,0.0688117,0.16641341,0.25921962,0.96247095,0.36763802,0.37206793,0.069302864,0.16213393,0.23189777,0.14225172,0.16438535,0.18203056,0.5450778,0.5053842
STXBP6,0.0057357657,0.004394734,0.02417749,0.004538551,0.01003522,0.004928725,0.019300967,0.009195515,0.0020332106,0.007906896,0.010905355,0.008157959,0.003002913,0.00679228,0.025535366,0.002044271,0.03882118,0.0034122688,0.015630728,0.014666113,0.0024296048,0.004617106,0.0038069233,0.004411655,0.0069180564,0.0043921955,0.0054902234,0.004601208,0.013452157,0.03322069
LINC02327,0.00038077097,0.11901605,0.00082760135,0.0013058983,0.0012897426,0.00093108806,0.0010865165,0.0017127768,0.00040768608,0.0015664945,0.0014536289,0.006484269,0.00037358885,0.00121525,0.001240246,0.00039625214,0.00040910885,0.0006454865,0.0012184759,0.0061979243,0.00045572454,0.00083059055,0.0053559123,0.0004254322,0.0010472706,0.00067925814,0.0008437607,0.0007709749,0.001049523,0.00043149907
COCH,0.009741758,0.06846715,0.6865155,0.057948045,0.0427237,0.029019132,0.037417807,0.056179307,0.010012294,0.049679648,0.048287895,0.051043283,0.014192297,0.05320197,0.041454513,0.013148072,0.01668999,0.02030568,0.036346227,0.033962317,0.021452056,0.024329245,0.10776192,0.01370225,0.030874772,0.024192527,0.028201917,0.041362084,0.052399363,0.016601378
EGLN3,0.121096626,0.015487503,0.016192563,0.0172708,0.024199773,0.01582751,0.017897325,0.03476103,0.0059482185,0.065710515,0.047124255,0.03386268,0.07208873,0.052465253,0.025485285,0.0061729923,0.033507336,0.032930817,0.023098895,0.018325327,0.0066821324,0.021411115,0.0051687523,0.21210627,0.033899255,0.24836919,0.016976519,0.0134067,0.021994993,0.19027397
NFKBIA,0.08473526,0.13566953,0.11486131,0.1334536,0.40212882,0.23276486,0.21354026,0.306391,0.10144585,0.29955542,0.2736661,0.3265571,0.08728015,0.23678865,0.2509697,0.12198801,0.07843703,0.12496584,0.2082738,0.18575418,0.08408659,0.132811,0.073236205,0.12533459,0.23749804,0.1471656,0.1626585,0.2500189,0.20098111,0.085588574
SLC25A21,0.00036908773,0.0007189715,0.00071683346,0.00072911114,0.0049303058,0.0008269716,0.0009824311,0.03926592,0.00037090766,0.005980892,0.0012221658,0.0013762863,0.00053877174,0.0011551824,0.0010875558,0.00032561386,0.00035772595,0.0006298156,0.0010300769,0.0009923674,0.00035493655,0.0006985555,0.00035400948,0.00037738727,0.0011139316,0.0007165351,0.0007261117,0.00087734207,0.00090794463,0.000448156
PYGL,0.044045117,0.081403844,0.08780113,0.08731255,0.4169414,0.17576934,0.12396054,0.17732032,0.048317853,0.17024249,0.16255416,0.1746231,0.058911506,0.14915405,0.16645667,0.05017039,0.06292641,0.080231,0.12806423,0.116894975,0.04384307,0.09647172,0.040061276,0.15283553,0.123859525,0.08408529,0.12777954,0.10392165,0.13328774,0.05009558
PTGDR,0.025852954,0.05563963,0.05460068,0.052179724,0.08228332,0.062449176,0.20012116,0.12105776,0.07129264,0.10782345,0.16237551,0.12172521,0.03943319,0.13115726,0.25041914,0.02487656,0.024276357,0.20056368,0.19317463,0.35570806,0.094254434,0.29054558,0.022181932,0.051812336,0.081868865,0.0420762,0.053264745,0.08594969,0.15507078,0.028867617
CDKN3,0.006520675,0.014686145,0.03450527,0.019892609,0.029360168,0.025696207,0.029070249,0.04499358,0.57301635,0.047786083,0.025317403,0.04494607,0.20695722,0.02998878,0.03365621,0.0047031436,0.01791102,0.010735343,0.0225895,0.022542628,0.19226886,0.040344875,0.08560601,0.013922,0.026459869,0.02641554,0.018706348,0.025927013,0.027698517,0.014335469
GCH1,0.03390775,0.07832692,0.08326662,0.08000651,0.23151088,0.21957438,0.13519451,0.19660951,0.03920738,0.17817165,0.17793767,0.16540673,0.10169159,0.14605023,0.15139906,0.044976722,0.034495167,0.06282553,0.15460084,0.13808668,0.05667241,0.10702248,0.029531043,0.04863857,0.116714574,0.07208482,0.077434845,0.12468077,0.120792925,0.04366645
LGALS3,0.05912019,0.15385406,0.15674953,0.16395217,0.4654244,0.30117464,0.2176818,0.38819396,0.07344015,0.31064606,0.30715173,0.32039493,0.098144285,0.27723607,0.2648804,0.1291624,0.06339851,0.11359843,0.2526252,0.23015109,0.0728094,0.1579553,0.04761355,0.10203593,0.32206175,0.0946614,0.18843175,0.29003426,0.20303898,0.089049354
DLGAP5,0.0037054073,0.006727438,0.027930457,0.012019542,0.015074179,0.009074692,0.008853209,0.015339706,0.58390766,0.0258699,0.017031867,0.018451896,0.20801395,0.011326437,0.01697408,0.003577929,0.0040891822,0.005116892,0.013731154,0.014892895,0.4193588,0.0058437996,0.079108045,0.007580266,0.021515666,0.08547726,0.008713473,0.008068225,0.00927761,0.009793733
DAAM1,0.06350931,0.1309248,0.21170515,0.09974122,0.12017743,0.09023788,0.11667636,0.19295198,0.040266823,0.18650523,0.15408131,0.15766075,0.06260377,0.14444834,0.14345716,0.034447074,0.04068403,0.18517281,0.09880744,0.1363165,0.052512225,0.13858278,0.043011684,0.09084242,0.13805866,0.075278275,0.081860945,0.085754715,0.1200606,0.18274122
AL359220.1,0.013039518,0.027764775,0.028873533,0.02608347,0.0396285,0.03136752,0.064554214,0.13804977,0.046198882,0.112989776,0.12726423,0.15458426,0.023631327,0.12924913,0.09998841,0.024700506,0.013187103,0.022640796,0.08518654,0.06818729,0.01825507,0.08719826,0.012548924,0.017091764,0.099826716,0.026656434,0.027852265,0.08165428,0.07445515,0.016531881
HIF1A,0.035218608,0.10963696,0.09642656,0.11927953,0.2669717,0.112392865,0.13903275,0.2321765,0.05353682,0.22635713,0.19684352,0.1957233,0.060533244,0.1622615,0.16033734,0.056630675,0.03531883,0.09119839,0.16164686,0.1446038,0.059951015,0.11622161,0.037246656,0.074086875,0.17934805,0.058306605,0.107330866,0.1581016,0.15388605,0.05070906
SYNE2,0.07295987,0.14785579,0.14620376,0.16076665,0.24862944,0.18479545,0.3714942,0.31239054,0.09572919,0.35657609,0.36732253,0.27727166,0.22810927,0.266028,0.40158865,0.07364383,0.08520205,0.17280613,0.35026935,0.41766962,0.16218089,0.1526977,0.048821762,0.11419194,0.23066312,0.18558772,0.17590913,0.29459068,0.352191,0.09642705
ZFP36L1,0.09358543,0.09964381,0.10111975,0.12761167,0.24122444,0.11909508,0.14678076,0.23524539,0.04927675,0.19680502,0.19320986,0.21713954,0.047625307,0.16825166,0.18997401,0.05222099,0.056763507,0.095277,0.1684356,0.15103202,0.05236174,0.101407796,0.06483923,0.09051243,0.18635643,0.10452298,0.07494919,0.1810409,0.14782181,0.06912962
PLEKHD1,0.003991605,0.010958194,0.0103223985,0.008413374,0.01909388,0.012569531,0.010642179,0.01950384,0.009893889,0.016585404,0.01758039,0.014126653,0.0035873794,0.019320956,0.018640805,0.0033345728,0.0036182948,0.0064970646,0.011365015,0.013658984,0.016287861,0.046535872,0.0043266006,0.004443506,0.011087854,0.006903724,0.01028859,0.008399818,0.016133308,0.2706177
AC004817.3,0.02329588,0.014910949,0.012981053,0.013516932,0.049643196,0.02012009,0.019129435,0.031651586,0.015351039,0.044955358,0.06795559,0.031352542,0.008009307,0.027835714,0.024550568,0.006262052,0.0059540253,0.04032736,0.079388775,0.018490301,0.008489503,0.050795555,0.004662177,0.0069940835,0.021323422,0.05381745,0.18849961,0.016073262,0.0380152,0.011875772
RGS6,0.004914141,0.009824693,0.009492433,0.013870662,0.024883294,0.014086369,0.0138277775,0.021064242,0.006326611,0.022823568,0.021694856,0.021323048,0.0062664854,0.016261507,0.01747126,0.0064576846,0.006395419,0.009229513,0.033023294,0.014884284,0.005721198,0.018022321,0.004714553,0.3745196,0.015419571,0.011383106,0.010487689,0.028787725,0.012534202,0.006269827
NPC2,0.06478725,0.0936369,0.09402337,0.09945076,0.217406,0.23678264,0.1688146,0.24162495,0.03101607,0.21065696,0.19755657,0.21176739,0.057369586,0.1627704,0.17063697,0.05772954,0.033301026,0.08645267,0.16954982,0.14420591,0.053447135,0.113459334,0.022706114,0.07401594,0.18447126,0.09441044,0.08874565,0.12756617,0.14834557,0.16089739
PGF,0.002497718,0.010763842,0.006926808,0.009704135,0.020626882,0.008738449,0.010128448,0.009186759,0.0023126511,0.012833415,0.008397014,0.01658332,0.002865934,0.0074819713,0.009901559,0.0019506139,0.0022641595,0.0041113547,0.006526788,0.008340482,0.002521459,0.013663516,0.0071484875,0.0024341908,0.0076491656,0.0035609389,0.009478306,0.005167935,0.010395963,0.006240276
FOS,0.042647857,0.17708015,0.17788607,0.1697272,0.64702594,0.16675648,0.2551444,0.36125377,0.09772335,0.31628862,0.30306482,0.3557423,0.12506624,0.27942252,0.28492418,0.067108594,0.07729242,0.16464227,0.26167166,0.22688264,0.09287967,0.18088365,0.08158265,0.11449271,0.29716128,0.106282614,0.20054491,0.25228798,0.23002999,0.10631176
JDP2,0.06426651,0.088036984,0.09295571,0.08209713,0.35984102,0.27458996,0.10359907,0.1671267,0.041151177,0.16505644,0.16385287,0.15947609,0.080937564,0.12557894,0.114071816,0.052045893,0.04314451,0.0659908,0.10892622,0.10336687,0.04627058,0.093155384,0.036833595,0.04929548,0.10827471,0.11893051,0.19055614,0.09730905,0.099043734,0.059793442
STON2,0.008883024,0.014927001,0.015333807,0.01522993,0.058211654,0.031175714,0.020026939,0.0320497,0.0051662773,0.026253494,0.024485158,0.027829371,0.007895833,0.024570914,0.022908717,0.0061602145,0.07264092,0.025641324,0.018943844,0.018690579,0.007220483,0.012635735,0.0067514437,0.3445508,0.02259687,0.015340565,0.05398611,0.01831633,0.017098501,0.0168266
SLC24A4,0.065367326,0.065075286,0.053494338,0.061275277,0.2662256,0.19130577,0.07885866,0.14256705,0.026327973,0.1158682,0.11176452,0.11294316,0.042211186,0.09603584,0.092186645,0.033411063,0.030850288,0.05569645,0.09204943,0.08369486,0.03164529,0.06053266,0.027355239,0.03808484,0.097710386,0.13668388,0.07639581,0.06789786,0.07778466,0.034124963
LGMN,0.36221448,0.054674447,0.07461282,0.034927584,0.045416165,0.032674573,0.02968354,0.09294119,0.02046824,0.06469234,0.044251263,0.081669465,0.014086186,0.05444197,0.036886774,0.011171151,0.020522783,0.016430622,0.032528467,0.027598064,0.01654108,0.025919586,0.067395076,0.03096879,0.03823734,0.404073,0.18504834,0.023800937,0.030917034,0.37375167
IFI27,0.03955595,0.04430219,0.04517394,0.044459604,0.18359195,0.14641622,0.065621905,0.09881319,0.01766009,0.100955434,0.11219182,0.08326569,0.025197996,0.07682028,0.07418268,0.1449048,0.018336575,0.0325852,0.06599195,0.061133865,0.031031808,0.057235964,0.022589454,0.07922322,0.06726876,0.04044059,0.105247825,0.051040392,0.067853175,0.03393232
SERPINA1,0.04884926,0.104849525,0.09800101,0.10160149,0.2881497,0.32429707,0.14204681,0.23727964,0.054711096,0.21401198,0.18483786,0.22296879,0.092759445,0.18366879,0.14896387,0.0510346,0.051975343,0.05941304,0.15574111,0.12155767,0.05670705,0.11396536,0.041068573,0.056662515,0.17076537,0.075588375,0.074637406,0.11671211,0.12156412,0.0585819
AL133467.4,0.0002164157,0.00043354585,0.000426823,0.0023662765,0.0006167718,0.0005225469,0.00058621366,0.0009918003,0.00019296691,0.0022946908,0.0007364246,0.00083665433,0.00030709905,0.00073500373,0.0007021129,0.00021241265,0.00018798506,0.00033451334,0.0006707521,0.0005827305,0.00024595077,0.0004420178,0.00016795042,0.00024950196,0.0006146388,0.00037540644,0.0004566196,0.0005032103,0.0005307842,0.00025687137
TCL1B,0.0030048257,0.010334249,0.007564549,0.12105432,0.009253368,0.0065543707,0.0069999127,0.011304138,0.0020748377,0.011015875,0.010174155,0.010484354,0.003073508,0.01015121,0.008848492,0.0027944017,0.0025196427,0.0049283635,0.007988604,0.008115999,0.0030783375,0.006003525,0.0022002053,0.0041101985,0.008709978,0.004330739,0.0062719635,0.006481532,0.0065186545,0.0144991
TCL1A,0.05611996,0.35471994,0.11015495,1.8374623,0.12817764,0.10109074,0.1035072,0.17417915,0.04317863,0.13314289,0.14435138,0.1800202,0.067238756,0.12383903,0.13770247,0.043756187,0.039738476,0.11090798,0.12600099,0.12774639,0.048863176,0.10008537,0.040270578,0.075465746,0.13536432,0.08038865,0.08687525,0.08967127,0.124365106,0.4736004
AL139020.1,0.00912134,0.05681299,0.021492613,0.4277087,0.029604714,0.022630978,0.025201296,0.03737891,0.010479533,0.032891598,0.033213485,0.041122347,0.01635188,0.030758198,0.031300128,0.008162664,0.008458928,0.016637776,0.02693637,0.02821313,0.00992065,0.01885828,0.007961145,0.011051481,0.036036663,0.02229862,0.019533506,0.020404426,0.025567345,0.023068922
CYP46A1,0.021181421,0.016227596,0.015962806,0.014604059,0.02162917,0.013614168,0.039427526,0.037405856,0.0054670745,0.048610974,0.04870349,0.03893817,0.023442077,0.04748592,0.028080357,0.005185071,0.0055472506,0.011064596,0.023851153,0.019152353,0.013746979,0.020408122,0.00559202,0.006828444,0.019874586,0.011945026,0.011339683,0.015308662,0.028749207,0.6513427
WARS,0.061914045,0.10879015,0.10061139,0.10889862,0.29155818,0.46357912,0.15100043,0.22780496,0.04361445,0.21174252,0.18446778,0.197097,0.07774349,0.17448701,0.15292627,0.038698383,0.041906454,0.07528998,0.15430294,0.14167091,0.059873655,0.11316654,0.05207783,0.05522389,0.1508523,0.11975261,0.11248897,0.104578264,0.1441977,0.06323578
DLK1,0.0007572706,0.0015362094,0.0015030967,0.0014836567,0.0037060562,0.012009397,0.0019969153,0.0030411112,0.0007334046,0.0028783956,0.002615022,0.0027420106,0.0010311934,0.0021141293,0.0021739812,0.00062126137,0.20311642,0.001003841,0.0021093334,0.0018277906,0.00075575354,0.0014924711,0.00075122627,0.031089908,0.0022554067,0.0012465056,0.0013767494,0.001710879,0.0017812268,0.0009341943
MEG3,0.003332914,0.0076018795,0.0051617045,0.0054490566,0.009049068,0.24666029,0.007155332,0.010430663,0.017831786,0.010742505,0.009572818,0.01327137,0.004062153,0.008641402,0.012452135,0.0029053094,0.06734793,0.004050201,0.007941422,0.008900142,0.0039556385,0.007285921,0.0025700426,0.0057912227,0.0081676645,0.0039773695,0.006892777,0.02083937,0.008650382,0.0060594715
ANKRD9,0.014930373,0.028444994,0.03034993,0.02899942,0.07736712,0.052858166,0.09231061,0.080855355,0.044173468,0.06885115,0.06380206,0.06350202,0.13010423,0.047748424,0.06737921,0.04118884,0.01589087,0.035740804,0.05047966,0.07837112,0.09660176,0.035248008,0.021901418,0.47072116,0.07802982,0.04191119,0.04009501,0.030360283,0.057471283,0.01664292
TNFAIP2,0.032680787,0.089667365,0.086769976,0.08649837,0.28738788,0.14211106,0.13512315,0.167851,0.047088604,0.16446745,0.16049655,0.17656845,0.05824589,0.14906669,0.15984552,0.036647584,0.03522249,0.07198105,0.13105117,0.110623226,0.048666105,0.102650985,0.044892434,0.06458461,0.13292103,0.04161457,0.085240215,0.102277495,0.14249213,0.04811734
CKB,0.09647227,0.061438207,0.04848424,0.054665048,0.11627718,1.033331,0.082424134,0.114289366,0.035157792,0.11267826,0.09738163,0.11264697,0.03287576,0.09092699,0.0960668,0.023561543,0.10494102,0.049673144,0.08033209,0.08160756,0.050312947,0.058987685,0.02479637,0.06677895,0.07778622,0.14903219,0.11150397,0.064875014,0.10732117,0.034271687
RD3L,0.0011617965,0.001521725,0.0014019754,0.0015807191,0.016862057,0.002047566,0.002009759,0.037286434,0.0008860143,0.0028289142,0.0025626558,0.0032773183,0.0011204461,0.0023037903,0.0024027575,0.0007480287,0.000692696,0.0012405219,0.0021633748,0.0020101443,0.0008383671,0.0014515339,0.0006988328,0.037163902,0.0021179174,0.0016959017,0.0015905225,0.002044677,0.0019334477,0.00092329085
PLD4,0.4583577,0.19882083,0.10822646,0.14361985,0.14038838,0.2667313,0.079027474,0.11691856,0.029236725,0.11291458,0.094401434,0.104367435,0.0368512,0.08654758,0.07916812,0.027835935,0.04435623,0.04716819,0.082442075,0.06709285,0.025620762,0.06295116,0.021858117,0.03529283,0.0816977,0.09596449,0.4239535,0.058455955,0.06393546,0.79363865
GPR132,0.055469945,0.05948614,0.058344964,0.061303597,0.16259791,0.124163404,0.08333336,0.13873067,0.028666487,0.116826184,0.11844001,0.12603796,0.024069546,0.09855764,0.099677876,0.031885836,0.019828996,0.078918464,0.081958264,0.06737261,0.02234958,0.06729033,0.020548323,0.02885578,0.07789337,0.033657014,0.06903539,0.044853617,0.07463234,0.03495792
CRIP1,0.10849899,0.16397572,0.18418999,0.13845488,0.2435962,0.17202194,0.27937737,0.36824116,0.1612098,0.38192907,0.3440556,0.27942005,0.12914628,0.27084106,0.34055114,0.065526046,0.0526674,0.15976927,0.2723843,0.22954555,0.09443499,0.19064121,0.07294973,0.10262606,0.27169287,0.10129184,0.17826417,0.2110124,0.242307,0.07909185
IGHA2,0.013360829,0.09858523,0.49626043,0.047416035,0.043846548,0.029300025,0.032883458,0.05928301,0.017663455,0.051422846,0.052228063,0.0573241,0.015517495,0.045377694,0.04875053,0.039704494,0.010542663,0.028374098,0.034938347,0.03830752,0.016754271,0.029719466,0.4460379,0.020730425,0.041565947,0.031028023,0.02485615,0.066805795,0.035356745,0.025636839
IGHE,0.0031167723,0.024263792,0.2719241,0.059196874,0.0100510195,0.021959996,0.009312927,0.011662341,0.0033284817,0.012677413,0.011556048,0.012785308,0.0043913107,0.009991311,0.011691851,0.0033269369,0.0025422284,0.0061088866,0.008924207,0.008633838,0.0034065412,0.013242255,0.010641162,0.0037091842,0.009465263,0.0051504117,0.005650245,0.0077360165,0.00942588,0.0037649288
IGHG4,0.006521222,0.15460399,0.33602336,0.027976152,0.02410244,0.020307545,0.019050494,0.035710048,0.005010162,0.031201258,0.025368666,0.032923512,0.0088064615,0.04873742,0.023353422,0.006425716,0.00966401,0.009251821,0.018582303,0.021124449,0.01095183,0.013321793,0.15715247,0.014407317,0.024950353,0.012072835,0.012272059,0.015392141,0.031668022,0.008627086
IGHG2,0.02076572,0.26518354,0.33923337,0.05201166,0.037973564,0.028789954,0.03317459,0.05985338,0.011381954,0.041178685,0.058717355,0.05275316,0.010641358,0.056213,0.049127996,0.009599305,0.009333304,0.01616117,0.037990075,0.038446806,0.010964527,0.03252959,0.14591438,0.017840391,0.038806416,0.015222212,0.023798332,0.02864757,0.03742451,0.01384054
IGHA1,0.04639912,0.3138475,0.6268872,0.18222043,0.12323174,0.10507418,0.11754919,0.20756596,0.041386433,0.17149921,0.17658167,0.19738881,0.061532214,0.14126207,0.16691422,0.068573534,0.034855258,0.08568215,0.13170147,0.14474304,0.047710404,0.11642341,0.69501376,0.08060999,0.16221592,0.075013824,0.07495779,0.14927745,0.13853796,0.05226017
IGHG1,0.021545827,0.364599,0.5797725,0.1244509,0.062613085,0.056554664,0.05485409,0.09708093,0.02219539,0.08066174,0.0854405,0.09333648,0.02424411,0.084000275,0.08392506,0.0279547,0.017223572,0.02841317,0.06836517,0.05509436,0.02484149,0.03829141,0.31576353,0.028582597,0.07607042,0.03501286,0.038560305,0.08021279,0.059824307,0.027443066
IGHG3,0.01201671,0.29348728,0.41801882,0.1325449,0.04394397,0.03701834,0.038710978,0.05911733,0.017280819,0.05940105,0.050571855,0.05955917,0.03149638,0.042873297,0.05171015,0.018845465,0.010440492,0.027730005,0.042852823,0.041045018,0.013627635,0.030749764,0.21296154,0.019600132,0.042756956,0.02991667,0.027342495,0.038962577,0.03344413,0.019381119
IGHD,0.081708044,0.90803075,0.1734701,1.8131835,0.12086175,0.10189844,0.11433222,0.19196194,0.051220775,0.14585121,0.1736004,0.19533798,0.055880245,0.14459267,0.14802253,0.050859872,0.06294787,0.072249226,0.12615325,0.1350832,0.04732788,0.09176198,0.1130831,0.06822483,0.14380799,0.0868312,0.08596543,0.10067831,0.12744306,0.06340523
IGHM,0.13000593,1.7295195,0.4421364,2.0643036,0.2437546,0.18550497,0.26616526,0.43543118,0.059486397,0.34281906,0.3031243,0.39790997,0.10496888,0.28035906,0.2936721,0.09104881,0.11549084,0.14515619,0.26872194,0.2656494,0.086401165,0.20634432,0.38941094,0.11591669,0.298046,0.12939227,0.15356521,0.23821037,0.229845,0.30371994
FAM30A,0.027683752,0.34184188,0.32186198,0.32385486,0.05892768,0.045132212,0.06214547,0.08753772,0.01777885,0.07075182,0.06805895,0.085564904,0.02344268,0.06879624,0.07012619,0.01829384,0.30703044,0.30983073,0.05659777,0.049766608,0.022178935,0.06752671,0.119480096,0.040737294,0.050695904,0.036430586,0.039139766,0.04071186,0.075512044,0.10988308
IGHV6-1,0.0011767434,0.022951359,0.022625921,0.02551537,0.0029289327,0.0020477625,0.0024887829,0.0038956685,0.0010544731,0.0031799516,0.0031679594,0.0043461462,0.0014645421,0.0029747433,0.0037843613,0.0010710831,0.00083186454,0.001626182,0.0026284903,0.0026048715,0.0009619076,0.0019920426,0.045913808,0.0011456321,0.0029263333,0.0013884032,0.0016397759,0.0023660602,0.0024821938,0.0010375746
IGHV1-2,0.0014155025,0.044591717,0.018782642,0.04827602,0.0053046397,0.00352456,0.0045801825,0.006763501,0.001595934,0.006404736,0.0059660673,0.006455938,0.0021964577,0.005499466,0.0060675777,0.0013426902,0.0015503777,0.0025444706,0.004922211,0.0044617634,0.0018398303,0.0034036336,0.105405144,0.0017263102,0.005229093,0.0031766694,0.0028090805,0.0042989776,0.00586192,0.010945936
IGHV7-4-1,0.00033233335,0.0074381502,0.00074213,0.012293302,0.001164396,0.0008845022,0.0009501107,0.0014682251,0.0003715285,0.0012705803,0.0011839917,0.0014344658,0.00055800943,0.0011234462,0.0010984881,0.0003829939,0.00042022593,0.00044218247,0.0010354507,0.00089861907,0.0004914647,0.00072368537,0.032228198,0.00038280664,0.0010504065,0.0007213041,0.00073646044,0.00079799746,0.00082543894,0.00044254918
IGHV2-5,0.0005787493,0.01339693,0.006335849,0.013554678,0.002553377,0.0016881,0.0020980977,0.003171719,0.0008276454,0.0028078735,0.0030495012,0.0031809655,0.0010553047,0.0025201011,0.003364845,0.00085140753,0.00065541035,0.0011993211,0.0021827845,0.0020069724,0.0009995736,0.0015965272,0.021499313,0.00091735704,0.002323889,0.0011383458,0.0013822982,0.0017920313,0.0019921022,0.000968437
IGHV3-7,0.00091541617,0.0494185,0.008215896,0.023532962,0.0030360187,0.0027357913,0.0030389198,0.0051041148,0.0012043534,0.004229539,0.0042066006,0.0045305155,0.0018709932,0.0035227425,0.0045510936,0.0013963836,0.0010864924,0.001695965,0.003021911,0.0027019149,0.001189689,0.0024295058,0.06586579,0.0012314806,0.003433388,0.0016911562,0.0021695995,0.0026056296,0.0030118255,0.0012369681
IGHV3-64D,0.00049217185,0.020968685,0.00234322,0.01752363,0.00122257,0.0011296931,0.0012390744,0.0020096572,0.00050735497,0.0017728623,0.0016840653,0.001806681,0.0006162642,0.0014904612,0.0015977105,0.0005478179,0.0011015016,0.00077633566,0.0014274603,0.0012973135,0.000517373,0.0009959259,0.051204212,0.0005008403,0.0013536167,0.000751676,0.0016868946,0.0012766299,0.0012581821,0.0006343247
IGHV5-10-1,0.0010503607,0.009676751,0.012015155,0.07987574,0.0021834518,0.00175617,0.0021233747,0.0032415295,0.00083971536,0.0026283034,0.0027380893,0.0027968711,0.000735183,0.0023989368,0.0021640435,0.0008345139,0.0006779957,0.0009629557,0.0022764595,0.0019127254,0.00088539504,0.0016770569,0.095169395,0.00076149165,0.002503379,0.001648904,0.001434533,0.0021460268,0.002012938,0.0010373298
IGHV3-11,0.0014946911,0.020504627,0.039315682,0.022950105,0.003639474,0.0030663456,0.0038603004,0.013379718,0.0015581644,0.0051568723,0.0057566776,0.005279576,0.0019760337,0.0040272367,0.00414663,0.0015720868,0.0012027237,0.002051367,0.0038124823,0.0035271188,0.0014608498,0.002805042,0.064755805,0.006212455,0.004050201,0.00232167,0.0024158438,0.002938096,0.0036208306,0.0014690147
IGHV3-13,0.00069867744,0.017674867,0.001860183,0.012172441,0.0025274218,0.001873786,0.002122525,0.004259962,0.0007906994,0.0031334013,0.0073576183,0.002998386,0.0009932058,0.0024357804,0.002244679,0.0008124503,0.0007970845,0.0012382428,0.0022587823,0.001951725,0.0008970867,0.0015857291,0.00079489214,0.0030266468,0.00231576,0.0013159177,0.0015502023,0.0020807532,0.0020340334,0.00090811757
IGHV3-15,0.001987615,0.019396763,0.01900464,0.05384105,0.0060960627,0.0054262583,0.0056421235,0.0097723445,0.0032253198,0.008234052,0.0075442223,0.007899095,0.002620172,0.015652675,0.0074113687,0.0018829079,0.0017939091,0.0036605548,0.0061249193,0.008215154,0.0027153876,0.004625637,0.015393087,0.00263086,0.0055732094,0.003282247,0.004169928,0.0048797987,0.0064314953,0.0025392214
IGHV1-18,0.0009582404,0.018649176,0.022112027,0.04202558,0.0026212009,0.0021974337,0.0025526392,0.0044682035,0.0012234206,0.0037075877,0.0034136486,0.0035861537,0.0013678045,0.004054702,0.0026986748,0.0011697324,0.0007740959,0.001663333,0.0028523514,0.0022686075,0.001065522,0.0017809656,0.053664953,0.0010248031,0.002786458,0.0014772525,0.001991249,0.0022376955,0.0024004306,0.0010263454
IGHV3-20,0.00056462095,0.035024032,0.052955706,0.02703757,0.0016895629,0.0012955663,0.0016264153,0.00321352,0.0005896877,0.0021118117,0.002008888,0.0021622418,0.0006944223,0.001780744,0.0017297828,0.00072933594,0.0004676222,0.00078678643,0.0016091936,0.0014327181,0.0006262349,0.0012047803,0.03922981,0.0020324097,0.001688971,0.0009890972,0.0011207926,0.0014343953,0.0014676561,0.00066283095
IGHV3-21,0.0011662359,0.021607153,0.009586762,0.03142752,0.0041491236,0.0031806517,0.0033336862,0.0063604643,0.001497363,0.007619901,0.004652252,0.0056993645,0.0018083402,0.0038623516,0.0041690753,0.0018491609,0.0012715092,0.0022784448,0.009038098,0.0036993646,0.0015602483,0.0027766929,0.05456719,0.004087697,0.0041381745,0.0020289745,0.0029894847,0.0028007703,0.0050593265,0.0015350551
IGHV3-23,0.0029192846,0.07183574,0.02229032,0.06734915,0.007293065,0.0072457,0.00718896,0.009167036,0.0022451323,0.008647578,0.009428289,0.0094995005,0.003485749,0.007375964,0.009702812,0.0024926402,0.0028051385,0.0041887383,0.007007844,0.006994286,0.002497946,0.0074114003,0.1162404,0.002961263,0.007081679,0.0045439336,0.0052645043,0.006149891,0.0076744496,0.0034292573
IGHV1-24,0.0007529837,0.021124512,0.009083558,0.027593479,0.0021659688,0.0019260247,0.0018533284,0.0035449972,0.00081480213,0.002817764,0.002371126,0.0031434358,0.0010709863,0.002125451,0.0021027895,0.00071485207,0.00070603023,0.0011887827,0.0021111947,0.002744038,0.0008847359,0.0015715107,0.045647614,0.0007964543,0.0022598417,0.001346861,0.0015281226,0.0015702449,0.0017582021,0.00083661
IGHV2-26,0.0008352128,0.012871134,0.009219414,0.01323971,0.00224742,0.0017030046,0.0017520074,0.0027396716,0.00068990834,0.0023272731,0.0023926394,0.0024616474,0.0006853025,0.001978005,0.0020988877,0.0008270044,0.00058950874,0.00095151435,0.0019134595,0.0017131637,0.00074884295,0.0013079997,0.35768637,0.0019533425,0.0020973266,0.001089072,0.0013239885,0.0015346922,0.0016334649,0.00082041934
IGHV4-28,0.00039553916,0.00851605,0.0006846027,0.014617779,0.0008833155,0.00072817504,0.0007298772,0.0011935256,0.00030858465,0.0010564652,0.0010817432,0.0011354866,0.00054707966,0.0009296955,0.0009303375,0.00029827392,0.00033043063,0.0005334844,0.00090136734,0.00081526744,0.0003989982,0.0006724284,0.011789374,0.00035390735,0.0009087919,0.00059981045,0.00065479195,0.0006866088,0.0007705817,0.00038968335
IGHV3-30,0.0017398461,0.028674457,0.023494815,0.037943818,0.0049433643,0.003553922,0.004450167,0.008950374,0.0014131613,0.0070417398,0.005644442,0.008265089,0.0022659507,0.005145003,0.004880081,0.0017411115,0.0012857155,0.002480733,0.0045559136,0.005086016,0.0017848756,0.0033919865,0.049901348,0.0017754382,0.0055820085,0.0031572122,0.0032917368,0.0038145394,0.004386653,0.0018534075
IGHV4-31,0.0007162648,0.0023751892,0.0013899188,0.010084369,0.001867538,0.0041630054,0.0014330292,0.0024415203,0.00067913876,0.0019834356,0.0017821868,0.002112098,0.0008094075,0.0017154402,0.0017025016,0.00070096535,0.0005374496,0.0009119653,0.0015403627,0.001459764,0.0007282586,0.0012421992,0.16348167,0.0006695239,0.0016440782,0.0012967786,0.0012762797,0.0013343013,0.0014866233,0.00070429634
IGHV3-33,0.0018336505,0.010891103,0.014446478,0.034319837,0.0045500244,0.0038328196,0.0041588396,0.0071470034,0.0015144415,0.005539019,0.008339959,0.006860035,0.0018272959,0.01297649,0.0049000126,0.0017932949,0.0013089136,0.002063347,0.0050406223,0.0037591706,0.001893993,0.0033712264,0.036379408,0.0022091586,0.004365869,0.0032415334,0.0034245786,0.0036563394,0.0057591866,0.0019462245
IGHV4-34,0.0017154815,0.033907983,0.0097162705,0.046139207,0.0046021356,0.0037635623,0.004009509,0.006574408,0.0013408511,0.0073813777,0.0053310944,0.005758225,0.0021150045,0.004374305,0.0047427537,0.001807884,0.0015362222,0.0028989085,0.0041355584,0.0037599846,0.0065615405,0.0030713389,0.07688043,0.0017803722,0.0042503285,0.0024641254,0.0029547587,0.0033880745,0.003638173,0.0019243881
IGHV4-39,0.0021029057,0.026448771,0.0047644004,0.033586185,0.0040341015,0.003165861,0.0036619608,0.005835974,0.0015004231,0.006057526,0.004407045,0.005081515,0.0020472945,0.004032339,0.003908696,0.0015000284,0.001113763,0.0018475913,0.0039457306,0.003960546,0.0016796971,0.0029321713,0.10291213,0.0015982903,0.0038335922,0.0027690479,0.002855525,0.0032882916,0.003570699,0.0016765922
IGHV3-43,0.0004302171,0.025431613,0.0030733687,0.022189345,0.0014247593,0.0010978787,0.0012999983,0.0019509525,0.0004067599,0.0017152088,0.0017686235,0.0018202036,0.00080038665,0.0014841909,0.0016346932,0.00051695626,0.00043780563,0.00074236037,0.0014090866,0.0011479415,0.00046359113,0.00096651854,0.04634489,0.00057952694,0.0013157643,0.00094812823,0.0009236318,0.0010624796,0.0012437647,0.00056824245
IGHV1-46,0.0011820348,0.016993033,0.006734269,0.033052478,0.0026017863,0.002167095,0.018822543,0.005294118,0.0008895946,0.0029551466,0.002964025,0.0061132126,0.0012195914,0.0023691757,0.0025768173,0.0011888647,0.0008797891,0.0016308704,0.0025930887,0.0023460104,0.0010844449,0.0019041599,0.07442678,0.0010128078,0.002452018,0.0015955634,0.0018595803,0.0018046802,0.002200092,0.0011921218
IGHV3-48,0.0009647292,0.03752665,0.016428886,0.020938976,0.0030685375,0.0022773477,0.0025219105,0.004151142,0.0010817123,0.0039179926,0.0035694262,0.0034802346,0.0014569764,0.0029325753,0.0027633775,0.0009945118,0.00086092466,0.0015764381,0.0029043735,0.0023641868,0.00093382876,0.0020039189,0.041688148,0.0013028564,0.0029985376,0.0014894324,0.002034477,0.0022494467,0.002329345,0.0012813726
IGHV3-49,0.0007201324,0.021188108,0.016985292,0.03251457,0.001944125,0.0016493225,0.0016835536,0.0027292208,0.0006481573,0.002379605,0.002356855,0.0023738497,0.0010265666,0.002100907,0.002463234,0.0007281845,0.00065808423,0.0013316903,0.0018633564,0.0015965163,0.0007670462,0.009040634,0.0018148934,0.00077896076,0.0017916139,0.0011383585,0.0012979582,0.0014798959,0.0017176064,0.00088666787
IGHV5-51,0.0018328365,0.050545115,0.06636998,0.08509408,0.0055862847,0.0047708494,0.0048777373,0.008125601,0.0016353449,0.008209175,0.0064460626,0.006943069,0.0015061789,0.00566786,0.006856496,0.0016120009,0.0015157339,0.0030779084,0.005006175,0.0044560586,0.0020389217,0.0036750122,0.12377561,0.0020450915,0.004886482,0.0031767914,0.003674688,0.003969072,0.0050155716,0.002065341
IGHV3-53,0.00077698956,0.014940319,0.014191371,0.021913465,0.0030252084,0.0019540135,0.0020298378,0.0029933262,0.0010250332,0.0026994934,0.0024150363,0.00259663,0.0008738192,0.002280665,0.0022383633,0.00070261606,0.00072540465,0.0012786167,0.0020609922,0.0026598757,0.000905227,0.0015197285,0.018365841,0.0008945589,0.0021323655,0.001503792,0.00163769,0.0017218504,0.0019372652,0.00093407754
IGHV1-58,0.00032709443,0.000608639,0.0006043075,0.026225712,0.0009316893,0.0006934747,0.0007883241,0.0013249434,0.00029189358,0.0011052323,0.0010921047,0.0011443588,0.00045564718,0.0008837175,0.00090082176,0.00042086313,0.0002735344,0.0004237255,0.0008170467,0.0007525753,0.00035555946,0.00065124774,0.0002501718,0.0003292176,0.0009658726,0.00045761376,0.00057094946,0.00068685965,0.00065333606,0.00037747162
IGHV4-59,0.0006409012,0.012041813,0.0072488445,0.013546304,0.002644873,0.002048615,0.0023476493,0.0035063552,0.0011018654,0.0051915157,0.0030193953,0.0050460794,0.0012962555,0.0028031867,0.0029093316,0.0009835538,0.000887155,0.0011249196,0.002315289,0.0022681167,0.000936623,0.0018863669,0.0988308,0.0009697411,0.0028268714,0.0017755913,0.0021295664,0.001960016,0.0064460575,0.0010099347
IGHV4-61,0.0006011669,0.00388222,0.0030872242,0.0022811221,0.0016885663,0.0014356413,0.0015630103,0.002454165,0.00054855226,0.002110548,0.00197052,0.0021717476,0.00096538704,0.0016649562,0.0016720355,0.00065063784,0.0005315611,0.00095523335,0.0015554192,0.0014783633,0.00068287464,0.0011376303,0.06466158,0.00062717416,0.0015090496,0.0011825938,0.0012266332,0.0012720445,0.001466801,0.000682378
IGHV3-64,0.0004959672,0.017404435,0.0018709073,0.0064472267,0.0011027395,0.0008550491,0.0010664336,0.0015750686,0.0004533472,0.0012862014,0.0012864947,0.001538816,0.0005922846,0.0012688818,0.0012412928,0.00045678436,0.00040274463,0.0005372949,0.0010633433,0.0009736771,0.00046285102,0.0008605873,0.0075508207,0.00043654095,0.0011076909,0.0008144686,0.00077021046,0.00086789415,0.001073719,0.0004673217
IGHV2-70D,0.0003123138,0.00055884913,0.0035033491,0.096091814,0.00092534366,0.0006742049,0.00074176525,0.0012156201,0.00026673198,0.0010934464,0.0011301389,0.0011276861,0.0003432415,0.0009836074,0.0008376197,0.00028817338,0.00026274894,0.00042064884,0.0008652831,0.0007573694,0.00032467127,0.0005648773,0.014987048,0.00032344676,0.00082197116,0.00056485104,0.0005888835,0.0007832132,0.00070490513,0.00034483656
IGHV1-69-2,0.00027640795,0.00070367445,0.0007036645,0.0042566992,0.0009820026,0.0008013406,0.00079694134,0.0015204767,0.00043420793,0.0012203609,0.0011080416,0.0013399101,0.00042669455,0.0010396711,0.008281875,0.00041526783,0.00033399725,0.00049320277,0.0009878082,0.0008179814,0.0003846482,0.0007023517,0.0003617308,0.00039834692,0.0008815444,0.0006769731,0.00069563097,0.000812291,0.00076617446,0.00039963392
IGHV1-69D,0.0013860351,0.028321482,0.006962951,0.034505665,0.0038756616,0.002963813,0.0033196232,0.0060400083,0.0014738307,0.0048144828,0.0042575602,0.004874816,0.0022529657,0.0037599204,0.004342774,0.001425917,0.0047892537,0.001568562,0.003426403,0.0032286032,0.0014248074,0.0026976855,0.052747756,0.0014356009,0.00363241,0.0023164505,0.0025423006,0.0029808588,0.003037854,0.0022039856
IGHV2-70,0.00026784727,0.0007198397,0.0006578356,0.039332934,0.0010453509,0.0008695131,0.00096960913,0.0014403634,0.0004375183,0.0012319258,0.0013280298,0.001440887,0.0005231598,0.0011602765,0.0012013733,0.0003684472,0.00030314177,0.0005977307,0.0009940588,0.00091199216,0.00040571834,0.00073241023,0.0002961126,0.0003931797,0.001024766,0.0005341835,0.00069296994,0.00081770704,0.00094709697,0.0004352661
IGHV3-72,0.00055331294,0.0010793431,0.008501663,0.007354828,0.0014050618,0.0011845279,0.0013198345,0.001957583,0.0004764208,0.0017497643,0.0017806534,0.0019576936,0.0008724979,0.0015037373,0.0014088587,0.000608389,0.0005042344,0.0006941378,0.001301126,0.0023584354,0.0005685395,0.0010104916,0.00048232867,0.0005481309,0.0015418874,0.0008860675,0.0010394445,0.0009943814,0.0011144322,0.00064350513
IGHV3-73,0.00055290206,0.013854005,0.0708521,0.020070558,0.0018214564,0.0014767525,0.001747839,0.0029385895,0.0007018616,0.0030158772,0.0022120466,0.0024860925,0.0008093412,0.0023011554,0.0018599315,0.0005465052,0.0006398956,0.0011367525,0.0017700831,0.0021806443,0.0006397553,0.001387834,0.0902872,0.0007346331,0.001885811,0.0011518468,0.0013480646,0.0017754303,0.0016428502,0.00075698015
IGHV3-74,0.0007412475,0.023591544,0.007459167,0.007653649,0.0022662624,0.0014901947,0.0017483028,0.0029383306,0.0007054655,0.0035867014,0.0029613099,0.0034911234,0.0009306105,0.0019276913,0.0022329502,0.00079406024,0.0005778666,0.0012233861,0.0019434069,0.0017120712,0.00078269345,0.0015269754,0.12896316,0.00078843546,0.0020871556,0.0013333784,0.0013792546,0.0016638032,0.0018217971,0.0008328803
AC135068.9,0.00037368518,0.0006323027,0.000641757,0.00064908795,0.0009234941,0.00077970425,0.00075727736,0.0013214662,0.00035826175,0.056135833,0.0010415788,0.0011655694,0.00049556256,0.00092569087,0.0008798783,0.00032714137,0.00028012643,0.0005800399,0.0008819598,0.020150749,0.0017494964,0.0005940936,0.00026634135,0.00039126215,0.00086383306,0.0007188174,0.000688389,0.00085083186,0.0007422874,0.00038721703
TJP1,0.0004238802,0.0006979055,0.0006481015,0.0006874589,0.0017055599,0.0016845412,0.0009435308,0.001596821,0.0004420746,0.0012336713,0.0011845496,0.0014005733,0.00032446007,0.0010368654,0.0011014051,0.0004743594,0.00029514657,0.00050703855,0.0009945183,0.0008575858,0.0003981805,0.019981582,0.0003288245,0.029905045,0.0010263864,0.00055983657,0.0008040433,0.0009132801,0.0009098281,0.0004458361
AC022613.2,0.0003830141,0.0008799886,0.000865179,0.0024295885,0.0037374715,0.0010828137,0.0012002271,0.005306107,0.00041565878,0.001726329,0.0016074288,0.0028766682,0.0005150675,0.0013303043,0.0032777418,0.0004659482,0.000426599,0.00065911,0.0013693369,0.0010504037,0.0005014234,0.0008715997,0.00038772955,0.0005326232,0.0014132725,0.0007686683,0.0078934645,0.0010586155,0.0012249654,0.00050859683
ARHGAP11A,0.029365713,0.030930229,0.044189576,0.027300669,0.044424105,0.029470718,0.046363432,0.061359048,0.2250787,0.05635342,0.0429746,0.045839105,0.15371992,0.038404204,0.062152367,0.011182231,0.028751964,0.011527104,0.033430185,0.033271268,0.14397234,0.03645732,0.030799605,0.012539792,0.044291753,0.018060436,0.032829992,0.04657996,0.04596996,0.024981072
LINC02345,0.0038083508,0.0071198177,0.006910673,0.01101021,0.012302887,0.16334324,0.009253855,0.015940223,0.013074293,0.013578534,0.012208969,0.014389721,0.004893823,0.01291076,0.011776687,0.0032501307,0.0029292982,0.005549972,0.010214406,0.0102018155,0.0035795812,0.0072854212,0.0029510916,0.004853836,0.011727166,0.0059318193,0.006193169,0.008078141,0.0088215135,0.008494725
THBS1,0.035017103,0.073463194,0.065575555,0.07531155,0.32063878,0.091612734,0.095176175,0.14377409,0.029166993,0.1321369,0.14075865,0.13935164,0.047888804,0.11206685,0.124896094,0.04173761,0.031852026,0.05625479,0.11087016,0.10204283,0.042112797,0.07491174,0.029287668,0.12562476,0.109213986,0.05748459,0.094249815,0.09737627,0.101705045,0.04282943
BUB1B,0.003264658,0.011772161,0.02529393,0.015234222,0.011205829,0.007945065,0.005934081,0.014328581,0.40912005,0.016280662,0.019396864,0.010401687,0.39025518,0.012694756,0.01381473,0.0029617774,0.006648823,0.0355746,0.007043288,0.008395798,0.28051865,0.021225251,0.03741472,0.0049899234,0.016210526,0.005053229,0.015320422,0.033358283,0.006315386,0.024449313
KNL1,0.0084265685,0.08273429,0.050480958,0.061270878,0.04321332,0.05239122,0.02228957,0.037635293,0.5349455,0.048870876,0.041259043,0.03831966,0.302194,0.031073175,0.036182832,0.012159348,0.016757667,0.013052795,0.028907789,0.031613883,0.41142413,0.045413833,0.10739576,0.031162217,0.039725143,0.031350728,0.040318992,0.08231184,0.031859934,0.02069916
NUSAP1,0.023271702,0.05841407,0.07152176,0.052284993,0.093737885,0.0655111,0.083805606,0.08981977,1.0772475,0.0892779,0.067209385,0.10213245,0.552981,0.057114143,0.08351745,0.019000622,0.03680084,0.025244396,0.047422353,0.060911622,0.9572656,0.04728116,0.124576226,0.046362244,0.05217935,0.09563561,0.07585062,0.05040016,0.06863832,0.07691136
EPB42,0.0019033176,0.0027290038,0.002705224,0.015140142,0.0047590546,0.0030283215,0.0038084944,0.005705589,0.001378462,0.0049178363,0.005389134,0.0057810834,0.0020235463,0.005010946,0.0044128024,0.7801631,0.0038906534,0.0021280556,0.0042211395,0.003913023,0.0014629674,0.0030446977,0.0013637488,0.0015031933,0.0042161066,0.002976147,0.0028493744,0.0038448852,0.003596831,0.001830206
MAP1A,0.073187485,0.020738536,0.019819627,0.022789687,0.03411305,0.02918706,0.029289681,0.049572144,0.0278549,0.06356663,0.06390671,0.044657666,0.014559787,0.04116226,0.033298817,0.008417493,0.09674619,0.021759067,0.029887209,0.027036373,0.012983926,0.040986095,0.007984143,0.2711012,0.028496008,0.020978164,0.01992127,0.022856979,0.027844258,0.7029975
C15orf48,0.027714066,0.0635084,0.06528941,0.06456095,0.29194915,0.11690304,0.09223935,0.13608591,0.03156202,0.1254537,0.12878475,0.14284761,0.061945423,0.10904198,0.11217234,0.031241775,0.030292157,0.05156703,0.09092864,0.10109459,0.03874116,0.0705649,0.02411392,0.04739527,0.09480357,0.06539428,0.10459227,0.080535695,0.10260499,0.039179742
DUT,0.03752754,0.10874077,0.10913161,0.12168846,0.13406509,0.10283242,0.16293223,0.23177403,0.20127346,0.21381696,0.20359626,0.21064557,0.18593132,0.18392843,0.2068496,0.052847628,0.051264748,0.0878434,0.16787182,0.15294228,0.19360633,0.11682362,0.044230472,0.06308023,0.16588804,0.05322181,0.07659378,0.1408831,0.1634411,0.0622859
SLC27A2,0.0035725902,0.008410787,0.008751624,0.0077095297,0.00890448,0.0066743596,0.011511642,0.014123132,0.15371785,0.013278843,0.020240288,0.034791116,0.07311923,0.020447496,0.03249947,0.0036078405,0.15211,0.0049410323,0.015509233,0.01837151,0.07261311,0.023403104,0.0061868164,0.002838045,0.019632101,0.0052222167,0.00579273,0.051065467,0.01810055,0.003307581
HDC,0.0014500258,0.0021662414,0.0056438744,0.0022203026,0.005101809,0.009855946,0.0030803217,0.0046712686,0.017419025,0.009895329,0.003736463,0.0077489107,0.001770266,0.0073622526,0.0032467088,0.0010027086,0.31171373,0.0014327753,0.02363931,0.0034323537,0.0011596943,0.002257032,0.0010396332,0.0054164813,0.0034170912,0.0018463983,0.0023772316,0.0028023736,0.007959267,0.0013713591
DMXL2,0.045668438,0.13363357,0.12235718,0.12925659,0.41051054,0.21845818,0.16935681,0.2571712,0.051880844,0.24323747,0.21650799,0.24766761,0.07931517,0.19237219,0.22228211,0.056055725,0.054819427,0.094754145,0.17852579,0.17404228,0.06515038,0.1328497,0.056441408,0.07378471,0.20513545,0.08134528,0.10108869,0.14973982,0.17449825,0.07411362
AC023906.2,0.00022224418,0.00033984406,0.0003441941,0.00033194662,0.0005041441,0.00041103558,0.00045487806,0.00071571715,0.00018681325,0.0006559892,0.0006687598,0.0006987606,0.00021605975,0.00059796794,0.000518213,0.0002754194,0.00018029935,0.00023216821,0.00051932054,0.0004106919,0.00019822072,0.0003529691,0.00014933496,0.00020447686,0.00052703376,0.00037292365,0.00032429164,0.000432779,0.00043111434,0.00019268137
TEX9,0.0075843576,0.057377737,0.534569,0.026067784,0.025531711,0.025322527,0.023153435,0.047506753,0.009474446,0.033829086,0.028285611,0.038567737,0.01059397,0.028192937,0.030449834,0.013420931,0.11600454,0.03076641,0.025960317,0.021850055,0.008198709,0.016563976,0.078970574,0.027493639,0.023643544,0.013237607,0.015219335,0.01378868,0.026614511,0.010217754
MNS1,0.0021508946,0.00836607,0.06721301,0.022039443,0.013899637,0.0077406806,0.0067226635,0.030727334,0.002379055,0.011331884,0.016440088,0.015426461,0.0029680051,0.007861147,0.020798428,0.0016203778,0.2642916,0.0038666306,0.007144161,0.0071293493,0.15351379,0.058248293,0.009523703,0.0024845065,0.00683087,0.09127198,0.007088023,0.005839993,0.0064569595,0.01726163
LINC00926,0.029904252,0.49044493,0.4757108,0.6393919,0.0810071,0.058521315,0.07568861,0.12869924,0.028425386,0.11546966,0.10484823,0.11271217,0.03947654,0.09047189,0.0975488,0.03196176,0.025521444,0.045248155,0.08811248,0.08023075,0.03237703,0.05266169,0.023439376,0.039196353,0.08455248,0.053025734,0.055019975,0.054839477,0.07557756,0.033105
MYZAP,0.005618604,0.03315694,0.01695136,0.042081438,0.030598853,0.030738505,0.015639486,0.04870957,0.006636137,0.026579482,0.021325251,0.036923856,0.0077793235,0.020704718,0.017974604,0.0065079955,0.02016565,0.009189357,0.017599797,0.015701445,0.0065225363,0.011576826,0.005357432,0.23486608,0.035825428,0.035416596,0.01736649,0.01610615,0.018268703,0.007299606
AQP9,0.034122057,0.065444015,0.06955509,0.06603141,0.3300826,0.113866806,0.09546264,0.15391958,0.032307755,0.13685624,0.12528221,0.13566065,0.05185903,0.1019195,0.10739594,0.03536843,0.029405585,0.053718098,0.09663024,0.09019804,0.0389861,0.0722145,0.025985984,0.040631015,0.114648215,0.06812853,0.06651733,0.083141804,0.09502589,0.04228966
CCNB2,0.0046092663,0.016677536,0.0742266,0.03184272,0.02052233,0.014210972,0.014829657,0.042977702,1.3880491,0.14466451,0.025121303,0.046037376,0.4158526,0.019787384,0.034402296,0.0052926335,0.021856224,0.00810578,0.015130632,0.03388674,0.5602128,0.0121239545,0.17804293,0.006542891,0.055484477,0.0752997,0.0802932,0.012625427,0.01825713,0.008367499
ANXA2,0.15029919,0.1657634,0.15041873,0.18969975,0.35326502,0.28444147,0.23612642,0.5070704,0.10025519,0.3221359,0.2868621,0.44277748,0.10629544,0.31175673,0.29499707,0.09933181,0.105512016,0.21752949,0.28105447,0.24586597,0.09345495,0.19721699,0.057221845,0.14051342,0.27839252,0.22376537,0.30725962,0.23345251,0.23848514,0.09746741
RORA,0.050158925,0.12323449,0.11846057,0.12909852,0.19912145,0.15558383,0.36345434,0.30153212,0.1222782,0.4209428,0.42020735,0.2497652,0.092114896,0.29890937,0.3083355,0.057150807,0.061197694,0.14959794,0.45652604,0.2940255,0.1187615,0.1534346,0.049831666,0.082614794,0.26636612,0.10591659,0.1279925,0.19322805,0.2697819,0.062834844
C2CD4B,0.0007095436,0.0016053399,0.0019088209,0.001722345,0.004252743,0.0037557376,0.0021866637,0.003527485,0.0006987524,0.005401964,0.0050428333,0.003209757,0.0013059591,0.0027423224,0.0039699315,0.000983926,0.0007495897,0.0015371297,0.024495907,0.0021254264,0.0011563187,0.001703055,0.0007354365,0.0010110651,0.004269343,0.0017436186,0.0017453406,0.0020972423,0.0021795523,0.0010642769
TPM1,0.06161899,0.07690475,0.07062478,0.07239302,0.16788957,0.1334,0.102023736,0.1795615,0.034407903,0.13905153,0.15387684,0.16625586,0.089778185,0.12994023,0.14634751,0.03695999,0.103685215,0.06175884,0.10831623,0.14837213,0.046680916,0.10024556,0.032724384,0.45694384,0.13359487,0.078325264,0.12853698,0.11442996,0.11257064,0.053052384
LACTB,0.0578027,0.12033343,0.106775954,0.11313879,0.35724074,0.23327947,0.14509547,0.22618905,0.049059875,0.2140789,0.20849763,0.22606283,0.074735634,0.16272548,0.17656547,0.064321786,0.06838165,0.090425715,0.15199709,0.15376036,0.052918468,0.1369115,0.038337924,0.058368355,0.16117013,0.074629806,0.17429288,0.11975916,0.1504928,0.066150725
SNX22,0.017527666,0.2082045,0.33723658,0.4027285,0.06238072,0.048017614,0.047274478,0.072414786,0.010313809,0.071710534,0.074771546,0.07448482,0.026456233,0.049390364,0.05240099,0.03175146,0.01617813,0.03520668,0.056831848,0.04741814,0.020145454,0.035819907,0.024171548,0.021416724,0.043014538,0.18124138,0.03928802,0.038891077,0.04763607,0.026702924
PPIB,0.10728182,0.14412703,0.13481335,0.15557827,0.19895725,0.11931026,0.23519635,0.32266515,0.07128536,0.26365805,0.3028097,0.26328957,0.11292593,0.22976388,0.25578317,0.07220818,0.045340717,0.12903398,0.256813,0.22926536,0.08461254,0.17622444,0.23926196,0.1379153,0.22157489,0.14582719,0.11313677,0.2038157,0.2151756,0.18788287
PCLAF,0.030916927,0.02554645,0.042298175,0.054184705,0.046336982,0.03993508,0.04101814,0.061156854,1.2171191,0.10715138,0.049496517,0.08707276,1.0539135,0.06348115,0.054931957,0.030432735,0.09843981,0.0141253825,0.03865911,0.041942917,0.91625315,0.042810705,0.12866266,0.02697479,0.039236248,0.117949076,0.052481107,0.13755395,0.048626468,0.015349189
OAZ2,0.053554505,0.09947714,0.09423751,0.10361337,0.22342606,0.19890901,0.12603137,0.21085294,0.03579729,0.2024436,0.17419259,0.17798378,0.055391166,0.16769126,0.13796875,0.041666996,0.04985502,0.06741714,0.15382527,0.12574208,0.054004338,0.108077,0.02446825,0.052603956,0.15000065,0.09627388,0.084207945,0.12736446,0.109948196,0.059412684
AC055855.2,0.00015207536,0.0002945146,0.00030452397,0.00029697793,0.00043147182,0.0003233589,0.00037776996,0.0006763042,0.00012142353,0.000627536,0.00048285263,0.0005492634,0.00016971304,0.0004234782,0.00043271913,0.00019003639,0.00015531105,0.00018969296,0.00042742048,0.00036733077,0.00016836452,0.0003125773,0.00012691089,0.00017235677,0.00044184105,0.00026936992,0.00031053036,0.00035171164,0.20867722,0.00017848724
LINC02206,0.054737084,0.002004875,0.0019727687,0.0020056786,0.0038050776,0.0023050043,0.0026312124,0.0040438822,0.0012530161,0.0035606758,0.003510611,0.0036873794,0.0013161519,0.002995258,0.0030616596,0.00082743133,0.00081311486,0.0017092713,0.0029061323,0.0027321225,0.0012005484,0.001972467,0.001022196,0.0010659455,0.002884928,0.36210436,0.037404343,0.0023767038,0.002413167,0.0012758519
KIF23,0.0203558,0.013145313,0.024365218,0.02141787,0.067279354,0.024417989,0.0178316,0.029953437,0.3208095,0.02587368,0.025699696,0.026315542,0.09889768,0.019296072,0.025015237,0.0082905395,0.005770975,0.0093373675,0.018073203,0.01740338,0.23928103,0.014633928,0.080186985,0.01671437,0.018791115,0.040766742,0.018838048,0.016553128,0.018771365,0.010211546
UACA,0.013284363,0.0306052,0.04428951,0.08154115,0.0937712,0.070989385,0.026378913,0.048802186,0.008557814,0.042667277,0.034045182,0.054756515,0.012803984,0.03218184,0.030209843,0.011995284,0.03785856,0.0170419,0.027929131,0.030840633,0.01724655,0.021147849,0.008485262,0.020524357,0.030255325,0.016667597,0.053070646,0.02169871,0.028254956,0.012142923
AC090826.1,0.0002096955,0.00036099143,0.0003554515,0.00036597575,0.0005264974,0.00043525075,0.000493965,0.00083157205,0.00018607391,0.0006979109,0.00063290895,0.000714092,0.11948181,0.0005737111,0.000586182,0.00022126587,0.00019654345,0.00028718138,0.0005500161,0.00047467757,0.00021025317,0.00039999746,0.00016232386,0.0002088998,0.0005399093,0.0003108782,0.00036065932,0.00050874293,0.00050691376,0.00023481497
SCAMP5,0.218863,0.01145751,0.018305529,0.011445876,0.020937165,0.022225676,0.015996916,0.022497408,0.0044948333,0.01793865,0.021602673,0.024070363,0.0071333773,0.014988644,0.019769542,0.0042406484,0.006481787,0.0073349886,0.012688822,0.013583485,0.0052713123,0.009434326,0.05389955,0.0056603956,0.018970829,0.007621837,0.011128593,0.012347414,0.012164445,0.7000833
NEIL1,0.049805854,0.11943599,0.14226559,0.21299396,0.09148458,0.05967006,0.110524,0.14340803,0.019646486,0.13419378,0.15156686,0.13859195,0.036410972,0.12478653,0.16674758,0.024566222,0.030579615,0.05639615,0.13998994,0.2311352,0.053865883,0.24785411,0.030562261,0.028722506,0.101599716,0.059576325,0.05183596,0.08710218,0.1685688,0.03464885
CIB2,0.0942308,0.044342432,0.026261035,0.028532375,0.025390806,0.028015228,0.019991182,0.05824294,0.010306126,0.046391685,0.03870971,0.05477494,0.04567798,0.045561235,0.0378353,0.021338228,0.025378432,0.010003061,0.034685735,0.024486518,0.033616956,0.013248035,0.006627831,0.011212371,0.05963387,0.11594867,0.047371045,0.015581184,0.025193656,0.38102758
CTSH,0.14606665,0.16589136,0.14298384,0.1331702,0.2898894,0.1669941,0.17350297,0.23099975,0.06482394,0.2198383,0.21214233,0.20255548,0.073742546,0.1702828,0.18675992,0.060200665,0.042803045,0.11577901,0.1939411,0.14443366,0.06189578,0.12130273,0.05838344,0.07331096,0.16745459,0.101409875,0.25230488,0.13159296,0.16599864,0.06535941
BCL2A1,0.03739088,0.094675116,0.09637556,0.10443134,0.3196339,0.28972897,0.1501879,0.22452617,0.039255735,0.19620213,0.1995928,0.19370064,0.054621987,0.14409539,0.17682257,0.053035628,0.041044734,0.07301108,0.14386867,0.13624193,0.06249126,0.11563886,0.04478959,0.075651005,0.16083743,0.08321864,0.09719679,0.13446091,0.15411152,0.053822696
ISG20,0.061614327,0.14579,0.14140013,0.180454,0.20451257,0.124694005,0.17987,0.31326988,0.060981046,0.29616478,0.24979,0.2580985,0.07196707,0.21047078,0.2190717,0.06614952,0.061837565,0.12147704,0.24496362,0.1869346,0.058148373,0.14396791,0.141862,0.09084797,0.22702165,0.10735857,0.116070405,0.26129708,0.17275688,0.05626263
FANCI,0.07792626,0.04178322,0.04337227,0.038086988,0.06721335,0.061616287,0.07807462,0.08459053,0.41911724,0.090158544,0.06582219,0.07938411,0.28544614,0.08694142,0.087267734,0.016356295,0.04701225,0.027162932,0.05786092,0.08533956,0.44301718,0.043548025,0.03503603,0.023274986,0.080478095,0.03782957,0.045297347,0.04683673,0.071998976,0.036215764
TICRR,0.0012629471,0.0024837076,0.002622901,0.0027435895,0.0044355174,0.002996062,0.0032908253,0.011125232,0.35499972,0.0050168,0.004821263,0.022521311,0.09231901,0.004225131,0.0104938485,0.0012161846,0.0012472701,0.0018558693,0.0037938396,0.0071115885,0.24736905,0.0025081222,0.0632133,0.0014173387,0.0040104743,0.002097175,0.0025170415,0.003347088,0.003390214,0.0015362332
ANPEP,0.032166492,0.102631636,0.100003585,0.103686616,0.4897078,0.19235025,0.14333744,0.20503816,0.05428371,0.1817129,0.17264637,0.2049359,0.07871342,0.16026689,0.17382897,0.041871633,0.062137734,0.08315819,0.1418793,0.13523702,0.05078509,0.10330258,0.0415875,0.053013373,0.16770601,0.21510223,0.10726562,0.12810662,0.13529839,0.059517093
NR2F2,0.0014102602,0.003586252,0.0035125203,0.0034727214,0.0055135223,0.0060369447,0.005083068,0.0077329427,0.0021000288,0.0065352404,0.0061091017,0.0084617045,0.0023071144,0.0068227933,0.0063760164,0.0022041546,0.0013939572,0.0028765455,0.004950303,0.030616708,0.0019205498,0.003626301,0.0014310064,0.0020271274,0.0046039387,0.0028478461,0.0037143242,0.0041716746,0.0049051,0.0021463959
SELENOS,0.051608723,0.11464101,0.09817768,0.10684871,0.17863345,0.13225916,0.19879687,0.24641652,0.04154091,0.19736937,0.21082693,0.23532869,0.07602527,0.2066519,0.20932898,0.04585546,0.045035418,0.11473432,0.19013819,0.16623862,0.07162593,0.16379805,0.11854501,0.056786764,0.18348882,0.07119919,0.09035442,0.13385282,0.1645379,0.23142487
HBM,0.0016581764,0.002517763,0.005019835,0.0028138373,0.0048986143,0.0031708318,0.021281378,0.009902641,0.0011969224,0.012916459,0.0045003486,0.005078112,0.0019158365,0.003920987,0.007141433,1.7709653,0.003982048,0.0021206515,0.0036246302,0.005190742,0.0013320004,0.0024625403,0.0010691829,0.0013614832,0.005893028,0.0023353712,0.0025661092,0.002910558,0.0072094807,0.0025084363
HBA2,0.021854587,0.043265473,0.05561697,0.061853364,0.07902464,0.05369633,0.10563731,0.1472141,0.017900785,0.12466096,0.09367146,0.12154474,0.074912205,0.0875868,0.109482825,0.94846314,0.0390895,0.024680473,0.08094434,0.15484874,0.03276844,0.053042024,0.014843543,0.035608366,0.111474514,0.02911875,0.03879289,0.08864122,0.088723086,0.054883845
HBA1,0.029514749,0.057516843,0.060937345,0.062092643,0.09007127,0.06456014,0.09035163,0.15378562,0.020258838,0.15027702,0.11255107,0.12085971,0.035172664,0.10047162,0.11978308,1.3834705,0.05841446,0.03852175,0.09703486,0.21514942,0.03983043,0.056575295,0.020063985,0.08436036,0.13654707,0.04038999,0.04239209,0.06283958,0.09858905,0.057865705
MSLN,0.039338533,0.0028230443,0.002632734,0.0026183333,0.0051044635,0.007373976,0.0034234135,0.0060082,0.0011510605,0.0051052175,0.0048129056,0.0054541384,0.0016525841,0.016533645,0.0043564932,0.00168637,0.0013137552,0.0023366418,0.0041310326,0.0035403247,0.0012834643,0.0029157933,0.0012271075,0.0013963823,0.004452298,0.0023829557,0.15752701,0.0036510178,0.0034287402,0.0015412976
AC120498.8,0.00013299672,0.00029720078,0.0002841851,0.00028826442,0.00045186718,0.00031668242,0.00043400915,0.061536364,0.00012978753,0.0005980557,0.00053349364,0.0005936123,0.00023399816,0.0005420199,0.00049378414,0.0001543778,0.00013799423,0.00029856488,0.00045824668,0.00038017312,0.00016643357,0.00032758276,0.00012018288,0.00019079549,0.00044251597,0.00028006037,0.00026634656,0.00037197722,0.00041474067,0.00018676127
TPSB2,0.0008963521,0.0019346761,0.001966608,0.0037382843,0.003618758,0.0021422354,0.0027255348,0.005371938,0.0012604982,0.0039205654,0.0036764087,0.0043764757,0.0016252561,0.0031842922,0.0030758113,0.0007954444,0.26897708,0.14305276,0.002942139,0.0024652907,0.001114049,0.0020492799,0.00091136375,0.0026209434,0.0026500837,0.0020486945,0.001983893,0.0021145053,0.002582306,0.0031735164
TPSAB1,0.0010421576,0.0017172492,0.0016698422,0.0017850555,0.0028079718,0.0034066911,0.0023519811,0.0035170524,0.0009934986,0.0038496563,0.003434128,0.0036763574,0.0012003913,0.002800644,0.0035864052,0.0010304961,1.4551998,0.08127954,0.0026465103,0.0023802177,0.009634897,0.0019524589,0.00075173675,0.0010305427,0.002549149,0.0015830421,0.001960751,0.0017874253,0.0023858869,0.0011209769
NPW,0.0017494762,0.0057798573,0.003409789,0.004181855,0.0076724677,0.00495259,0.010597818,0.008591684,0.0021944337,0.0086551495,0.006417826,0.009363428,0.003179972,0.0062053553,0.0058574546,0.0018890174,0.20482157,0.0029008887,0.005005807,0.0048693917,0.001974869,0.0036858462,0.0014500417,0.0075457506,0.005190423,0.0032687674,0.03258107,0.004313249,0.0069138613,0.002142184
AC141586.2,0.0024119106,0.008041866,0.005736448,0.012874889,0.024206176,0.01825723,0.006702235,0.02044313,0.0019384769,0.01099205,0.035511035,0.012487061,0.0035279556,0.0077127847,0.008904519,0.002794978,0.002166208,0.004230899,0.008201068,0.01086786,0.0027887027,0.0111362245,0.0021819214,0.0029555452,0.0083727455,0.0077691176,0.01142746,0.006445132,0.032420475,0.0032665585
PKMYT1,0.0027967086,0.005963267,0.0067929234,0.0094199935,0.01599269,0.010261885,0.007938184,0.012109645,0.2739976,0.011750549,0.010333951,0.0128373075,0.13700917,0.008652426,0.011441294,0.002760306,0.007006452,0.0051874556,0.008364361,0.0096930405,0.43495265,0.006112348,0.03401922,0.0032708978,0.009260639,0.012409357,0.005466115,0.0074706357,0.008090159,0.01485326
IL32,0.20210941,0.40989578,0.4294588,0.42674208,0.69885707,0.5765254,1.0060682,0.7227902,0.3703325,1.0276469,1.0234889,0.6434853,0.48005313,0.8223727,1.1022954,0.2487573,0.23642261,0.70121634,0.86181223,0.6262344,0.27307722,0.4512974,0.21534546,0.29004836,0.62169534,0.48600736,0.5486522,0.3936057,0.81893873,0.29365152
AC108134.2,0.03631725,0.048077,0.039896004,0.041026615,0.09639847,0.05381463,0.057066485,0.104274556,0.018919114,0.08595526,0.1025434,0.121043846,0.05593623,0.07749246,0.07721834,0.014028627,0.043579914,0.082513265,0.064552195,0.066083804,0.019404642,0.073734604,0.012718747,0.0182261,0.08027646,0.036795776,0.07604898,0.047826592,0.06328029,0.06191006
MEFV,0.06363295,0.09938395,0.105317764,0.10739905,0.5167409,0.35694554,0.14681171,0.24888745,0.037667107,0.20406356,0.19077545,0.21041994,0.08397306,0.18046461,0.16892709,0.057567686,0.051855065,0.09124385,0.13641247,0.13280793,0.05375284,0.09869894,0.047700956,0.06940248,0.17277597,0.09479867,0.19281313,0.1552126,0.14478157,0.06595744
C16orf89,0.000187835,0.00037424354,0.00037138228,0.0003677907,0.006168935,0.00044259013,0.00048108917,0.0008283215,0.00014902803,0.00074980233,0.0006318038,0.0007017175,0.00023320582,0.0005472335,0.0005661546,0.0002533182,0.00017411867,0.00026527472,0.0005688598,0.00046376852,0.00019802396,0.0003958331,0.00016158518,0.00022767694,0.0005989254,0.0002896269,0.00039393583,0.0004532085,0.00043057345,0.00023011804
EMP2,0.0011408386,0.00306618,0.001959489,0.0045923297,0.009592899,0.0065656696,0.0024020725,0.0057497374,0.0012075432,0.0039940225,0.0032637625,0.00480824,0.0013611076,0.00288879,0.0033703297,0.00081464625,0.00086454244,0.0018903046,0.0027440626,0.0064273477,0.0011282021,0.0018826711,0.0008125471,0.0037108343,0.0029786215,0.0017806888,0.0043872353,0.0021433646,0.005715628,0.0037031593
CIITA,0.15544192,0.1860757,0.14792874,0.21653566,0.19839999,0.11883228,0.082875125,0.11231282,0.025424346,0.10603898,0.09691999,0.119605355,0.041593242,0.09648207,0.10517522,0.031009875,0.038649715,0.054340396,0.08572256,0.08932443,0.03695396,0.07631996,0.023613637,0.03528193,0.084319875,0.18779716,0.2981774,0.07215359,0.0865976,0.08789317
SNN,0.042807084,0.12515338,0.10979952,0.11528151,0.26172072,0.26478207,0.12188079,0.216837,0.031277943,0.17725179,0.18243353,0.20249875,0.072589375,0.16719331,0.16043691,0.041304983,0.035885006,0.066996485,0.13652845,0.10801034,0.047707852,0.09293319,0.03989822,0.31864247,0.17071655,0.097747706,0.12605949,0.1391927,0.13754125,0.06586229
TNFRSF17,0.008327217,0.07442089,0.118242666,0.09289252,0.023237027,0.019788558,0.028772866,0.039079677,0.009810614,0.033429384,0.1320542,0.033582013,0.0139169395,0.026018122,0.03440643,0.007506908,0.0064327037,0.04934986,0.026447576,0.024134103,0.008292784,0.016607357,1.0637616,0.014886735,0.033003792,0.014076049,0.014914938,0.023706546,0.027863737,0.11582027
CPPED1,0.054720946,0.106492065,0.105431825,0.108193725,0.30795577,0.29388428,0.14788145,0.21944536,0.041067865,0.21881564,0.16836447,0.21048084,0.08691229,0.16453028,0.1591284,0.049542267,0.044382356,0.08511856,0.14897819,0.14083982,0.059964877,0.10793128,0.03850384,0.06958092,0.14820468,0.09129265,0.15814097,0.11970636,0.13153003,0.063450046
NPIPA2,0.00066357857,0.0014858698,0.0014721291,0.0029209317,0.0029558835,0.001902307,0.0022266652,0.007153704,0.0007603587,0.0062967297,0.01605075,0.004182919,0.0012022496,0.004354051,0.005167059,0.00088434486,0.009251852,0.0013637145,0.0071029216,0.0056301355,0.011515017,0.007918035,0.14274244,0.0009139777,0.0025833526,0.001524513,0.0015839873,0.0020695673,0.0026171517,0.00086181954
ITPRIPL2,0.035030257,0.044115156,0.06396826,0.040190723,0.18892701,0.14240135,0.066176035,0.087427616,0.023114718,0.06492876,0.07940666,0.07704797,0.037360698,0.06998578,0.08575742,0.031147255,0.025639977,0.03529091,0.05749823,0.05135701,0.024273382,0.053732112,0.022461839,0.024754757,0.058451813,0.11495224,0.11271219,0.04818704,0.063875705,0.035930507
AC130456.3,0.00070400967,0.0016673263,0.0015658609,0.002286892,0.0040451554,0.0028717725,0.0022541955,0.026086632,0.000785343,0.0028315054,0.0027509064,0.0030792267,0.0008557202,0.002489342,0.0025141519,0.5095598,0.0006935351,0.00116018,0.0023234533,0.004605921,0.00089275034,0.001704196,0.00069162616,0.0008415615,0.0025198965,0.0015762999,0.0016270138,0.0018807529,0.002032584,0.018299457
CRYM,0.01742325,0.01747531,0.0043233186,0.014814046,0.007473523,0.004253424,0.009340349,0.009409258,0.0017150358,0.0066263014,0.006605727,0.007593135,0.0021969324,0.0059606354,0.0058727004,0.0018019219,0.026637312,0.0024516385,0.0054031396,0.0053074667,0.001872261,0.0035941706,0.0016257681,0.024255682,0.006038383,0.0032894693,0.0036894614,0.004143823,0.0048658047,0.21815139
IGSF6,0.06035651,0.090804435,0.092431694,0.09403456,0.28693274,0.22944099,0.1242075,0.19482481,0.03646555,0.18410799,0.17067988,0.17455067,0.054438032,0.15092006,0.14152889,0.041269805,0.041691136,0.06804611,0.13762516,0.119323395,0.04906879,0.08448459,0.040800117,0.054576844,0.15490283,0.06814261,0.19768664,0.11269397,0.1125762,0.056610405
PLK1,0.0035143914,0.011077278,0.0167674,0.013175068,0.014968894,0.012837422,0.011662556,0.021102296,0.40301222,0.02675014,0.016471842,0.025952851,0.0691385,0.01623626,0.025007859,0.0029286363,0.009022012,0.005806268,0.014780943,0.017928878,0.10507825,0.0070891487,0.05589531,0.00725762,0.014867159,0.067201436,0.013120761,0.025769452,0.026747208,0.008123712
IL4R,0.05430688,0.2027695,0.17581035,0.62685364,0.2562538,0.15024754,0.19558726,0.39157522,0.045002267,0.36434722,0.2899692,0.28919113,0.09493723,0.24772435,0.22069788,0.0626278,0.059628382,0.16854298,0.23053677,0.20856845,0.08924,0.22123364,0.047796585,0.07385344,0.24379922,0.104993686,0.13979019,0.22778113,0.21692161,0.084464565
SULT1A1,0.06292234,0.11104235,0.11792254,0.11392224,0.44805443,0.24505956,0.17430966,0.2612692,0.051787294,0.2515192,0.23435724,0.22877005,0.076986976,0.20978159,0.18067628,0.046083365,0.060425796,0.18296435,0.19441605,0.14192288,0.06259583,0.12747915,0.044949748,0.0678193,0.19824865,0.08866046,0.13552755,0.151012,0.15358603,0.07359704
CD19,0.014871161,0.36196187,0.2073992,0.31168202,0.04088151,0.036691107,0.033649668,0.06107302,0.011221606,0.04862836,0.046462778,0.05123945,0.02512429,0.038742706,0.044547625,0.0114606805,0.016328609,0.01674308,0.040927608,0.035544686,0.013513773,0.02927011,0.056842837,0.016380463,0.03983295,0.028638134,0.027169393,0.029971434,0.035768088,0.017651666
PYCARD,0.10157579,0.09264118,0.08549509,0.107460015,0.22961482,0.24038939,0.13722605,0.24814504,0.024014812,0.18495259,0.1823056,0.19949517,0.063474946,0.15037522,0.16976689,0.069149114,0.029712725,0.086012855,0.16585757,0.13665433,0.050053503,0.099331036,0.026075162,0.0713284,0.16424063,0.13546309,0.13896717,0.12291735,0.13068321,0.06046408
PYDC1,0.00048595577,0.0007590432,0.0031381608,0.00084306166,0.0011933851,0.00092251756,0.0010272439,0.0015584342,0.00033871294,0.0013490579,0.0014579424,0.0016693029,0.0007169242,0.0046233265,0.0017693212,0.0005073987,0.00036761572,0.00062950957,0.0010577962,0.0010815796,0.0004238942,0.00082370534,0.00033032705,0.0004227506,0.0018436513,0.0006475224,0.0008579873,0.00096552394,0.0021268758,0.00049003557
ITGAM,0.041557882,0.10826894,0.09739481,0.09148192,0.24783851,0.11247256,0.17140302,0.19000356,0.047240704,0.1767471,0.17304592,0.20481063,0.064865544,0.18206476,0.18034366,0.04160647,0.038676217,0.109127425,0.14002353,0.20670716,0.06735767,0.18329877,0.03458428,0.06720229,0.1507303,0.07544423,0.08415499,0.12609412,0.14952117,0.05340196
ITGAX,0.081210144,0.12960276,0.10553604,0.1159767,0.32731518,0.30269533,0.14124525,0.19533356,0.037303504,0.18006021,0.17651112,0.20517448,0.084149785,0.1465941,0.18501067,0.061945274,0.052629936,0.16823797,0.14809886,0.24721691,0.07572038,0.26190233,0.042223625,0.06757973,0.15222876,0.10006098,0.24062862,0.12491974,0.1784274,0.06108245
ITGAD,0.0013940842,0.0029694664,0.0028948886,0.0030172186,0.0045058783,0.0037924808,0.0044938894,0.006469605,0.0012272155,0.006070775,0.0057462305,0.005684818,0.0025268444,0.0048356736,0.023973707,0.0014081626,0.0013688055,0.0021033192,0.0041714464,0.014599239,0.021806581,0.08668652,0.0013722958,0.0016903414,0.0046648583,0.015446088,0.003041256,0.0034037805,0.031866137,0.0018137456
AHSP,0.0020430428,0.0062149335,0.007022651,0.0059933206,0.0057447366,0.005322869,0.0053384947,0.010611808,0.0014418268,0.026395721,0.01501314,0.00742866,0.0024271004,0.0063621574,0.00783727,1.570088,0.020174991,0.0026905271,0.0052299523,0.012868414,0.0021060375,0.0040432904,0.0018458128,0.0022114757,0.020429293,0.0034512107,0.003959811,0.004485809,0.0052531054,0.0023542764
SHCBP1,0.028435115,0.02606789,0.04177284,0.02340965,0.055551786,0.051037014,0.025659718,0.03388495,0.40715542,0.033758566,0.032977022,0.028107889,0.17019045,0.026163528,0.0227935,0.0067832316,0.020083943,0.012252271,0.019930298,0.025455302,0.2599684,0.018169006,0.13091233,0.012960655,0.025007224,0.074478544,0.057823077,0.028545648,0.021281103,0.013269176
ORC6,0.07173666,0.09919819,0.06044776,0.06676989,0.053664017,0.049271125,0.038554754,0.07889137,0.3898715,0.076147966,0.06913588,0.06300222,0.45538104,0.049225613,0.06136516,0.011490773,0.030071767,0.017756643,0.050929796,0.04111945,0.41755378,0.05603024,0.059151426,0.0152999805,0.03677932,0.040846128,0.082029775,0.032315493,0.046465125,0.037795316
IRX3,0.0016752213,0.0027946827,0.003178265,0.0026389167,0.0056451275,0.0028906101,0.0038996087,0.0058043962,0.0011230282,0.004963662,0.0047754035,0.005663866,0.0019884529,0.0042309593,0.0064580264,0.0015064072,0.0011398711,0.0021984323,0.0039748223,0.00364141,0.0015608909,0.0028708857,0.0011607475,0.12692057,0.0041635353,0.0031479064,0.0029292654,0.0029730422,0.0038349414,0.0017509131
LPCAT2,0.1335146,0.08277751,0.08469244,0.08178901,0.3668587,0.375031,0.1144903,0.17821322,0.041371997,0.17674747,0.16813982,0.1574343,0.053341836,0.12590536,0.13261603,0.03821003,0.077536464,0.06477411,0.11913987,0.10237931,0.04825501,0.10040959,0.039694365,0.05571915,0.12503284,0.22951461,0.21021092,0.11096656,0.12057877,0.056641173
CES1,0.03660901,0.05654906,0.059201624,0.052690353,0.205493,0.06747163,0.14855152,0.11326413,0.03378949,0.10692194,0.09729223,0.114988156,0.12226677,0.11278136,0.2833027,0.031093901,0.023747299,0.042125825,0.089064404,0.11853548,0.059814684,0.06156414,0.026966058,0.043603826,0.073464535,0.055405326,0.12138779,0.06951334,0.25777256,0.032608185
MT2A,0.086261116,0.14119554,0.14204817,0.17214839,0.24212366,0.25557888,0.23679584,0.34006935,0.18291207,0.30793434,0.25861913,0.29763767,0.19110473,0.26403716,0.30118963,0.06752264,0.062137693,0.13210788,0.27192405,0.2630165,0.13326429,0.16742386,0.062183812,0.110573664,0.2641399,0.15045978,0.14139087,0.40601775,0.25575367,0.09130605
MT1E,0.034907732,0.04038201,0.041679468,0.042588815,0.08167357,0.08298508,0.22707796,0.108134024,0.14141855,0.14318469,0.14264876,0.1414566,0.26644462,0.12522121,0.2572942,0.026342748,0.020002775,0.038334876,0.10882442,0.08442775,0.081611894,0.054895926,0.024169605,0.036927007,0.09241112,0.03126354,0.06708954,0.27286124,0.19360372,0.025238043
MT1M,0.0008926224,0.0013552413,0.0013954965,0.0013297579,0.006299478,0.0034973167,0.0018795051,0.0027873302,0.00056503055,0.0031243651,0.0024952213,0.0026837399,0.0012809025,0.0020284392,0.0020867793,0.00079294015,0.00059429265,0.0009645847,0.0018058483,0.005130183,0.0007100217,0.0013687026,0.0005918252,0.000754024,0.0020450344,0.0012683881,0.0021291869,0.0016951984,0.0018512143,0.00087603356
MT1G,0.002416672,0.0063258656,0.010110254,0.0070870183,0.029014293,0.010546255,0.008938727,0.015126876,0.026648402,0.0135674905,0.01376839,0.011935602,0.004953927,0.011882645,0.010955391,0.002992049,0.0029170006,0.005507652,0.009805587,0.009568871,0.0046971403,0.01526177,0.0027614632,0.0037961812,0.008032782,0.005041684,0.016877024,0.040743206,0.010443095,0.004094453
HERPUD1,0.17986962,0.2450389,0.21475348,0.22073215,0.33020124,0.20811032,0.3274283,0.40977508,0.057115775,0.39305973,0.342661,0.35513052,0.09201291,0.27630442,0.3392204,0.11401836,0.07843997,0.20112337,0.29206932,0.26256493,0.09312551,0.19077635,0.15876144,0.12517147,0.27538493,0.13038644,0.2669418,0.27551702,0.29674423,0.33304125
ADGRG1,0.038369283,0.08861229,0.08355641,0.077719085,0.12727576,0.10024886,0.34754813,0.18687575,0.09110055,0.14495993,0.15142143,0.17247215,0.105482414,0.13685632,0.44528,0.05328314,0.055384167,0.07362594,0.13170287,0.51772714,0.15841582,0.13801889,0.036252044,0.058498953,0.12744911,0.06513844,0.09214496,0.09603761,0.2706152,0.04473014
CDH5,0.04177205,0.0018032079,0.0017013091,0.0016387008,0.013779942,0.002783727,0.0023815092,0.003918027,0.0008146656,0.0031454663,0.0030290354,0.003444617,0.0015080875,0.0027849008,0.0030498225,0.000947468,0.0008415972,0.0014384103,0.00282319,0.0022823024,0.0010574412,0.0017974754,0.00063364056,0.0010185521,0.0025773663,0.0011798572,0.0030010291,0.0021273086,0.0024263475,0.0010854197
RRAD,0.0029993092,0.007502544,0.0051659453,0.005401419,0.027277196,0.0127899535,0.020720666,0.01360137,0.0024403476,0.012495323,0.014647299,0.012559232,0.0038395347,0.017991157,0.010805108,0.002791179,0.0024737113,0.0043116985,0.019750986,0.010026806,0.002770499,0.005831705,0.0023404574,0.0030135673,0.010860345,0.008651253,0.016978787,0.0058950502,0.008346493,0.0031648816
TPPP3,0.023983523,0.035076965,0.03312081,0.034205634,0.15073325,0.26205495,0.044724733,0.07630177,0.022062946,0.062616274,0.06242277,0.069591396,0.019775722,0.051469665,0.051176682,0.019262563,0.030294705,0.02740964,0.052229878,0.044223312,0.022648854,0.03458305,0.015684752,0.033987306,0.045260713,0.042087983,0.07151574,0.03727925,0.045599442,0.023741586
SMPD3,0.09271424,0.06548766,0.044471435,0.03919882,0.046398427,0.04856447,0.043917242,0.08155966,0.03311563,0.08557313,0.06203811,0.05820301,0.05220591,0.05278528,0.086734734,0.030430214,0.013256041,0.026435353,0.058742743,0.07944813,0.048074055,0.03303306,0.021181205,0.02372192,0.091758534,0.16821861,0.0708511,0.03512181,0.08549129,1.0319383
CDH1,0.7884979,0.006963299,0.006429697,0.007306089,0.011318429,0.008682258,0.0094329035,0.01654531,0.002481654,0.017212572,0.023789408,0.018737758,0.0051750788,0.026705468,0.021435797,0.0039915135,0.0038247504,0.004618551,0.00989718,0.009593126,0.004000193,0.0073453304,0.0060455874,0.003588159,0.010468007,0.06626058,0.110700235,0.0535436,0.014719189,0.30639178
HP,0.01877165,0.015359729,0.012883649,0.01485856,0.092997864,0.017205808,0.021044364,0.029980797,0.008310723,0.026486047,0.024586307,0.03013126,0.007781383,0.02250262,0.020989731,0.0060774647,0.0056275004,0.010292497,0.021246608,0.020283118,0.006765692,0.014639101,0.006008641,0.006931926,0.02462454,0.012704464,0.027080504,0.016662197,0.016983142,0.00808276
ZFHX3,0.05525898,0.1480263,0.12997718,0.12233455,0.40637478,0.23194821,0.13954595,0.22444597,0.08656954,0.19914614,0.20949477,0.22274393,0.07236319,0.16476928,0.17073745,0.046859145,0.05685872,0.14088294,0.14820148,0.15009193,0.08107218,0.21158378,0.041000694,0.052509807,0.16744779,0.18847641,0.17917226,0.13269965,0.14213973,0.069091894
HCCAT5,0.00025557278,0.00051953824,0.0004981603,0.00049974903,0.0009079315,0.0069731628,0.00068364,0.014811727,0.0002914817,0.0010283199,0.00091016997,0.00097048166,0.00035085765,0.0007813799,0.000762114,0.00021854557,0.0002514352,0.00035035686,0.0007298454,0.0006596072,0.0002801241,0.00056618196,0.00022636667,0.00027281442,0.00074222253,0.00048367566,0.00055732985,0.000676986,0.00065300084,0.00032744865
AC009139.1,0.00013825431,0.00029116007,0.010790315,0.00028056302,0.00043159127,0.00032909855,0.00037668512,0.00062895135,0.00013568134,0.000512341,0.00045775398,0.09139517,0.00018479717,0.00045243223,0.00044954437,0.00019188118,0.00012228503,0.00022029436,0.00039866424,0.00034415792,0.00016384058,0.00030421265,0.00012516764,0.0001575547,0.0003942771,0.00025993405,0.00029575694,0.00031612348,0.00037127273,0.00018047135
MAF,0.05781813,0.13727598,0.13369244,0.13877586,0.22727957,0.21195538,0.6534986,0.36444825,0.24055669,0.7910502,0.72989905,0.27251396,0.13565226,0.2629157,0.43934512,0.07943277,0.06280497,0.43876398,0.7335259,0.35950652,0.13725226,0.19011523,0.054842453,0.08597041,0.31338534,0.11869362,0.15207833,0.20822611,0.26504043,0.0740834
LINC01229,0.0005484881,0.0009657737,0.0010151962,0.0009676743,0.0017702506,0.0011438921,0.0013926444,0.0055896244,0.00048617518,0.051273484,0.0063476814,0.0027020765,0.0008598771,0.0016670671,0.0016117495,0.00059592613,0.030458463,0.2529563,0.005837091,0.0031589086,0.00063764595,0.001051731,0.00045569584,0.0005981366,0.001533386,0.0009099243,0.0009963412,0.0012888758,0.0012251892,0.005005505
HSBP1,0.08950931,0.1382132,0.12933564,0.14228196,0.26963502,0.35515812,0.17001186,0.2785069,0.061899643,0.23952809,0.24010077,0.26078779,0.06803281,0.2285121,0.2288813,0.06302226,0.07713888,0.1231148,0.20278747,0.19977166,0.07167248,0.13989669,0.033556297,0.10921833,0.19400941,0.08899001,0.122379996,0.17430635,0.18829666,0.07569755
DNAAF1,0.012832328,0.03696124,0.03498453,0.039433517,0.18718283,0.10521088,0.04528715,0.06879366,0.017894002,0.06273874,0.065369695,0.07124032,0.01790557,0.06308011,0.05300869,0.023082463,0.016187742,0.05808462,0.050620653,0.043765474,0.017403837,0.03158379,0.021718917,0.023280464,0.04602238,0.03256423,0.04163687,0.037172135,0.04294219,0.018899003
COTL1,0.1937258,0.17101178,0.15858044,0.24440055,0.5529852,0.82855296,0.3815364,0.59296644,0.2629242,0.37263873,0.4099315,0.45322692,0.1915628,0.2934601,0.39465755,0.19723943,0.12100748,0.30243814,0.44988057,0.38021517,0.19067715,0.2210316,0.07706824,0.18486682,0.360865,0.28379074,0.47942987,0.2880734,0.35310388,0.17734058
CRISPLD2,0.03021053,0.07492289,0.07856266,0.077120945,0.3604731,0.0941764,0.10424111,0.16912001,0.038672633,0.14624546,0.14405574,0.15237708,0.04799087,0.12675793,0.13153385,0.032898515,0.033479817,0.050291367,0.11636911,0.1052534,0.032249603,0.07645991,0.033510257,0.03707125,0.11874661,0.08207846,0.069059104,0.08454968,0.108269855,0.04546166
FAM92B,0.00035901208,0.0007278563,0.00075075234,0.00078376575,0.0011283509,0.0008964098,0.0009968379,0.0016460494,0.00031816424,0.0015974545,0.0013631671,0.004637483,0.0003856342,0.0013548576,0.003952395,0.00040712667,0.00035791373,0.00060737174,0.0011641167,0.0049095703,0.00041209772,0.00077865645,0.014000198,0.00044289575,0.0011538333,0.00065189914,0.0007836397,0.0009549453,0.0011094651,0.00045221418
GINS2,0.014351775,0.018479055,0.026341258,0.03400525,0.026173778,0.030162178,0.065314054,0.06136993,0.7079505,0.039913945,0.038758587,0.043502096,0.5053299,0.057792917,0.03913592,0.009428874,0.024650682,0.011619706,0.035626754,0.03122361,0.5530577,0.035304222,0.06360389,0.013495442,0.027604448,0.07334047,0.027660254,0.020803884,0.047978707,0.017376611
IRF8,0.23108949,0.19959964,0.17814921,0.22780158,0.17143218,0.11162066,0.10902003,0.15026024,0.04176719,0.12549728,0.13389978,0.17534693,0.056802854,0.11775202,0.14259622,0.03518893,0.034747597,0.05554297,0.10193086,0.12994327,0.050901636,0.1302526,0.031567976,0.062039785,0.11078177,0.55353117,0.1113299,0.0888332,0.11972585,0.40827975
SLC7A5,0.0936542,0.050288744,0.040850673,0.03934614,0.12679137,0.045643147,0.097595364,0.07819579,0.020015476,0.08749384,0.088755,0.08635686,0.035620593,0.08735737,0.092460506,0.022334661,0.02154332,0.027216239,0.16579236,0.06788244,0.027497998,0.07512598,0.06063106,0.033227567,0.061738957,0.055310484,0.07637275,0.08090765,0.09369333,0.22979409
AC134312.5,0.009587835,0.019690765,0.005406953,0.0069916593,0.020602932,0.0103219515,0.0066775857,0.0123713715,0.0019186763,0.010505519,0.009297209,0.014089054,0.0039523933,0.008559407,0.00835056,0.0022741584,0.002607803,0.0049054725,0.007194842,0.008844526,0.0028033487,0.0054331236,0.0022421118,0.0067273146,0.008122468,0.0047115223,0.23766343,0.0077090506,0.006944934,0.0031735217
LINC02182,0.001615174,0.0031714686,0.00310725,0.0033720436,0.008014323,0.01840633,0.0043475004,0.006749684,0.0017837544,0.0064115273,0.0057800724,0.008473377,0.0021106983,0.005472312,0.0071978066,0.0012706673,0.0015821271,0.0023588713,0.0046806918,0.009606633,0.00145558,0.003366598,0.0013884404,0.0016731997,0.005603738,0.0026006417,0.20740083,0.00382712,0.004112823,0.0019951032
CDT1,0.0059498283,0.0130062625,0.017544735,0.018577706,0.01938166,0.015503725,0.020221304,0.032219984,0.51222724,0.03707062,0.024224216,0.034149513,0.71166563,0.030597696,0.020832418,0.005209344,0.0742725,0.0074649174,0.014916637,0.028729392,0.57356906,0.05184526,0.026693707,0.013863739,0.022105463,0.024292797,0.036654726,0.022594731,0.021474501,0.008881653
DOC2B,0.001225165,0.00238487,0.002486541,0.002461416,0.0070213415,0.033303846,0.0037309916,0.0063026827,0.0011863041,0.007846297,0.00466532,0.005361026,0.0015163824,0.0044384734,0.0066580093,0.0013587879,0.00094142515,0.002050074,0.0036329716,0.003672217,0.0012869181,0.0027655698,0.0011130061,0.0014587617,0.007888211,0.0023271407,0.003408042,0.0029858202,0.0035466957,0.0025096424
SLC43A2,0.04267835,0.09171865,0.07891536,0.08876357,0.27473783,0.16309512,0.11529464,0.16066311,0.032025483,0.13017793,0.13676375,0.15554926,0.053653724,0.10297988,0.12447054,0.048817333,0.041650847,0.05112056,0.11136645,0.09999563,0.03877249,0.07746792,0.031604216,0.045658384,0.11038937,0.057539117,0.089793056,0.0941059,0.11228443,0.049785636
SERPINF1,0.35046458,0.05255708,0.038581353,0.03876113,0.0751322,0.039373286,0.048901767,0.071463585,0.015569066,0.063497804,0.06051962,0.090373866,0.020645758,0.05827795,0.055022795,0.011903577,0.0155273,0.027030185,0.047439955,0.041150246,0.016522214,0.036599103,0.012656688,0.025280412,0.05303474,0.5706281,0.16413201,0.034581218,0.040427893,1.2537836
P2RX5,0.036924902,0.47554842,0.46560612,0.4527916,0.09195276,0.07008069,0.10467276,0.1640649,0.06654626,0.1553499,0.17661707,0.15065695,0.04907988,0.14967172,0.09847967,0.031940665,0.05957994,0.044393532,0.1393024,0.075671375,0.03494291,0.06941622,0.0981725,0.03380707,0.14219622,0.04739339,0.06811887,0.16705526,0.09845555,0.034851983
ITGAE,0.09029669,0.22316624,0.18032779,0.22110738,0.24530397,0.13560122,0.21827395,0.2987266,0.11511117,0.2557643,0.2858126,0.31969664,0.08298664,0.26137108,0.24120428,0.06823405,0.08384161,0.086024694,0.2118153,0.20526625,0.09950199,0.15919156,0.06896459,0.07445632,0.24539128,0.0916706,0.15703781,0.2832852,0.20748444,0.1543609
CYB5D2,0.022733768,0.064500004,0.057864722,0.06285192,0.101627246,0.07555353,0.07984309,0.13046926,0.026298331,0.11332722,0.10647635,0.15211004,0.031622984,0.11215626,0.088739365,0.023137242,0.020841096,0.03310006,0.081180304,0.075346656,0.032434646,0.07746058,0.022969104,0.057353366,0.07292898,0.034460325,0.07193092,0.07667612,0.080938414,0.05536754
CXCL16,0.068364084,0.08106562,0.07951936,0.07440255,0.333258,0.38263902,0.092108436,0.14487876,0.024050634,0.13917059,0.12539476,0.13892215,0.05072257,0.109687634,0.10806059,0.03390326,0.02611238,0.07176973,0.10286837,0.10446177,0.043298032,0.08070644,0.03110963,0.06307495,0.09731017,0.23547845,0.15575491,0.09535149,0.102933764,0.051741373
VMO1,0.009476909,0.021876669,0.029132513,0.021834755,0.046113446,0.58272266,0.029479321,0.046130724,0.010115354,0.044358738,0.036300298,0.051455878,0.01650578,0.048235763,0.03804886,0.009798422,0.012101183,0.020818451,0.05095421,0.03252783,0.012471359,0.02397575,0.008828142,0.027932135,0.03254683,0.07652138,0.06504538,0.026334995,0.035307005,0.026576933
GP1BA,0.0064222272,0.012075903,0.0132822795,0.014011834,0.030638618,0.018354502,0.018454237,0.030543776,0.006642903,0.019944636,0.02588336,0.028958764,0.005801196,0.01848779,0.0229758,0.0071161673,0.0071905223,0.021197041,0.019894334,0.017821632,0.0060654944,0.010622428,0.005371768,0.33123505,0.016934086,0.01149198,0.016539933,0.013446748,0.019606898,0.006691253
SCIMP,0.028490258,0.14213935,0.18812634,0.113049924,0.20488402,0.23141153,0.09029261,0.14505273,0.031605195,0.13534428,0.11988994,0.14349084,0.044540618,0.10742067,0.11281943,0.024831418,0.03759222,0.052860964,0.102517396,0.104327686,0.037118085,0.07761133,0.026614688,0.04116868,0.11041023,0.066814624,0.12252056,0.080496766,0.09188618,0.04001946
PIMREG,0.0018093501,0.004076945,0.022533923,0.021866133,0.005979483,0.0043299687,0.0050279335,0.015967946,0.137116,0.024085259,0.006741981,0.0076190894,0.038553424,0.0064623863,0.0059055113,0.0017748169,0.0017698391,0.003546674,0.005430366,0.015103375,0.2748296,0.0037159938,0.0016804211,0.016017003,0.005345556,0.0035485437,0.0038114192,0.0046444014,0.07147134,0.0021524949
XAF1,0.05999494,0.10445467,0.10438478,0.114401504,0.18077736,0.1336599,0.14740983,0.24056901,0.058571476,0.2211511,0.2005351,0.2118882,0.053648185,0.16235808,0.18828346,0.06354257,0.037461903,0.112251684,0.1723364,0.17285745,0.05808867,0.13486482,0.046708323,0.06342221,0.18298924,0.09472856,0.09663252,0.1474225,0.14632581,0.062991425
ALOX12,0.0047888886,0.00981182,0.0120045,0.0121768825,0.019624619,0.012115529,0.013779007,0.02780337,0.0060100784,0.02053355,0.016712429,0.02173737,0.007901482,0.015806433,0.015822863,0.006022969,0.0042179166,0.008236526,0.013755225,0.013568328,0.0056061973,0.012639641,0.004950966,0.419644,0.016989598,0.008309861,0.010259013,0.01406568,0.01239361,0.010683296
CLEC10A,0.31114578,0.04115661,0.04111486,0.04196661,0.17018183,0.07819203,0.049974147,0.096250355,0.0181252,0.076681845,0.07223468,0.08251811,0.034291744,0.06963212,0.06342033,0.016394746,0.019954082,0.038517438,0.05855096,0.051497925,0.022035416,0.041571964,0.018190963,0.024393206,0.05865698,0.035937257,0.88952595,0.040607665,0.05066096,0.028918618
ASGR2,0.06743236,0.10090453,0.09858954,0.09464729,0.4927224,0.10917234,0.11964122,0.19325216,0.050271846,0.17235789,0.1653898,0.18711275,0.060384303,0.16100295,0.13560665,0.047156,0.04274625,0.06909179,0.14134899,0.12149596,0.04505896,0.09029094,0.039688874,0.051291805,0.13472511,0.12144703,0.21738021,0.12960763,0.11183611,0.056666605
ASGR1,0.041642405,0.10163912,0.09631211,0.096805334,0.3888212,0.15270479,0.14643267,0.21367104,0.056738716,0.18692662,0.18879844,0.1872129,0.06915789,0.16066809,0.15930897,0.0374702,0.043823063,0.08286133,0.15373702,0.12713552,0.047590658,0.10549607,0.04417773,0.056850642,0.14581178,0.11136294,0.09951825,0.11345563,0.13864173,0.05894981
CD68,0.03966789,0.0911434,0.09164908,0.09305919,0.29286063,0.3163671,0.123767145,0.18329659,0.04787013,0.16923587,0.16165923,0.18867871,0.03571948,0.13987662,0.14937225,0.05560464,0.03851868,0.08440791,0.12501569,0.12140685,0.045981828,0.09080584,0.036558717,0.07304258,0.13788778,0.059575845,0.069606364,0.114409156,0.12563366,0.083932884
KDM6B,0.044963308,0.07099551,0.07306214,0.07287068,0.17073175,0.09249603,0.09283877,0.1504605,0.026864067,0.13489357,0.1269695,0.13744695,0.036732372,0.11966878,0.110824324,0.033405665,0.035239644,0.07504575,0.102957495,0.08723069,0.03654197,0.07646198,0.021711377,0.04072798,0.11994299,0.06199701,0.08557457,0.103248455,0.08580584,0.048918508
AURKB,0.010728329,0.011188609,0.031046113,0.01629951,0.025335561,0.013932671,0.019453036,0.027737072,0.83501744,0.020648647,0.023775047,0.024086604,0.1685578,0.017690629,0.016297696,0.004128228,0.007518269,0.035632163,0.02150924,0.013372924,0.47247928,0.020033853,0.09177635,0.014090506,0.018618494,0.06104961,0.018638788,0.011624669,0.016646871,0.007397063
RNF222,0.001307659,0.0034488307,0.005022887,0.003308736,0.004897318,0.003099672,0.0035735816,0.008151416,0.0014090976,0.0080690235,0.01307587,0.017894328,0.001578643,0.015054436,0.008354625,0.0013814968,0.0010204726,0.020396512,0.007042447,0.0041119154,0.0013134007,0.008747233,0.001002681,0.0013272369,0.003832515,0.0020286713,0.004799511,0.0028972982,0.007473327,0.0014947315
GAS7,0.046263825,0.08156073,0.07034698,0.08338053,0.25922734,0.12453334,0.0998711,0.1473744,0.03507186,0.13855733,0.13906506,0.13707621,0.06559416,0.11171631,0.13214548,0.042967923,0.030612584,0.09469878,0.10978201,0.12981448,0.046468418,0.117324725,0.030738445,0.04490425,0.099600054,0.080076724,0.084169835,0.09021016,0.113006994,0.04000903
AC005224.3,0.018611431,0.029357115,0.025474492,0.024356559,0.051920973,0.037894383,0.0831373,0.10073381,0.014490253,0.105339035,0.10702496,0.111211084,0.018181156,0.085311726,0.07334932,0.013044048,0.011721763,0.020303447,0.0630095,0.071358114,0.035541736,0.056274794,0.012486719,0.014149983,0.10282057,0.023489641,0.032280996,0.07545048,0.06950244,0.12020806
AC005703.4,0.00020970155,0.00045850204,0.00044120214,0.00045863373,0.0007046565,0.0005960193,0.000649948,0.0010192733,0.00021393389,0.00096450595,0.00091456785,0.0009417958,0.00035994896,0.00075192447,0.00063855544,0.00020403496,0.00022543297,0.0004032721,0.00067732437,0.06060762,0.00027726789,0.00047740838,0.00021327821,0.00023955062,0.0006609326,0.00033200195,0.00045988362,0.000508601,0.000565153,0.00026917958
TNFRSF13B,0.012913532,0.5467972,0.537175,0.068870395,0.03941887,0.03183774,0.03760719,0.068971224,0.017346574,0.05341984,0.053521454,0.05202744,0.014622422,0.048769873,0.04707967,0.023780297,0.012175807,0.024044588,0.04260339,0.035221793,0.014929255,0.034849294,0.2858172,0.017792242,0.05383221,0.024544103,0.034566846,0.03147194,0.039222308,0.016541075
AC104024.1,0.0031605489,0.21533534,0.09032711,0.019949786,0.010518754,0.009002724,0.0070065013,0.011743891,0.0020201965,0.012104469,0.0149594685,0.012086827,0.004146718,0.009456956,0.009131,0.0030765347,0.0030107547,0.0040109716,0.008162125,0.008375748,0.0033765857,0.005231244,0.09154684,0.0031870476,0.017339835,0.0047306935,0.0053877914,0.007835762,0.006987072,0.07150981
NT5M,0.0075116036,0.019004911,0.019851446,0.01668527,0.025732337,0.018815754,0.04092996,0.04620935,0.018751971,0.036578324,0.03249941,0.047073197,0.009090874,0.036157716,0.041032344,0.010848334,0.077380314,0.011075281,0.024113577,0.030501949,0.04696694,0.03252636,0.007463258,0.31351477,0.024627944,0.017023014,0.019793874,0.034530595,0.031174196,0.015658347
RASD1,0.02171354,0.01417779,0.008116142,0.013008441,0.020814175,0.038895387,0.01407064,0.019629018,0.0037154097,0.017217005,0.020539325,0.020991782,0.006007235,0.01935002,0.02124869,0.0038888804,0.016600696,0.0076318933,0.031282015,0.014673936,0.004516915,0.011221362,0.017225906,0.0047198655,0.021151628,0.007305753,0.011204879,0.009871208,0.012952869,0.3750899
LINC02076,0.0050063245,0.023155639,0.01583065,0.021890547,0.023279509,0.009328446,0.012597299,0.04221814,0.008475712,0.023518052,0.020226968,0.032763753,0.020121917,0.022131555,0.02201207,0.0031665866,0.032615323,0.0071980515,0.011513664,0.028163755,0.040952202,0.020169305,0.0035810138,0.015564398,0.013907135,0.006776244,0.025089506,0.013653188,0.016808828,0.014384786
AC007952.4,0.08562003,0.12469878,0.12385732,0.13317756,0.37825686,0.14982241,0.16420487,0.23206362,0.044281766,0.20747048,0.19828157,0.2341701,0.07404258,0.19307639,0.19084354,0.06261356,0.050992664,0.08757926,0.16641305,0.1680972,0.08075024,0.11775811,0.051130395,0.06178959,0.17248534,0.077855,0.13054594,0.139856,0.15798986,0.17448412
SPECC1,0.13368848,0.09863253,0.087376624,0.09044385,0.27333102,0.15142727,0.12494446,0.17883319,0.057711232,0.16827092,0.15988669,0.15475106,0.04792822,0.15284403,0.19768888,0.043567747,0.051984854,0.1547099,0.1541444,0.16671152,0.06842764,0.25076663,0.038306866,0.07990237,0.13464947,0.14113371,0.27115613,0.09639398,0.14194584,0.0671101
LGALS9,0.07102158,0.13304037,0.11374872,0.1442756,0.27271137,0.27096814,0.14519557,0.26704374,0.031498298,0.22027378,0.19059916,0.24300866,0.05225355,0.19454476,0.16698216,0.064997904,0.044333257,0.10440488,0.15771423,0.15915525,0.06452802,0.12415851,0.04543641,0.06931906,0.18201144,0.1674904,0.19988489,0.13245854,0.14495543,0.06800136
NEK8,0.02489749,0.10271479,0.0858465,0.09865783,0.06774708,0.053441796,0.063724406,0.08078954,0.05286863,0.07064381,0.062976204,0.08119076,0.013188118,0.062301088,0.06908138,0.027493231,0.027212624,0.020191962,0.048222505,0.060888775,0.0141211,0.081237204,0.043107033,0.018034654,0.054513108,0.02396768,0.02758489,0.066226676,0.05535361,0.21496724
TRAF4,0.10634643,0.14751503,0.14227329,0.096516244,0.077089705,0.07713098,0.081865884,0.0957808,0.03250352,0.111246,0.13685283,0.091316245,0.06698628,0.077528,0.09215539,0.016065607,0.033686478,0.06498253,0.09120817,0.07228525,0.041840676,0.06230633,0.03254643,0.026983619,0.07517227,0.092672646,0.091262825,0.0623749,0.08041457,0.50276667
ATAD5,0.033441767,0.07797157,0.062536746,0.097498775,0.08259947,0.07632106,0.12337901,0.13798097,0.27522463,0.121973224,0.1240223,0.14453326,0.257698,0.10123291,0.112564184,0.0271255,0.03252047,0.06511174,0.098794796,0.09923061,0.26335615,0.0659873,0.032970518,0.02503113,0.101448104,0.06795479,0.05450368,0.14637172,0.10125604,0.06102516
ADAP2,0.034663673,0.097192,0.08220309,0.082995705,0.28888342,0.25798663,0.10456329,0.16459683,0.04400876,0.14525668,0.14595583,0.14395295,0.042105876,0.14086258,0.13312589,0.04380359,0.032953963,0.057832655,0.12215779,0.10242969,0.038640913,0.07824614,0.034512553,0.043891802,0.11279506,0.1527336,0.14530039,0.072278,0.104586475,0.04524663
CCL2,0.0033573657,0.006346103,0.006178292,0.007355529,0.046842214,0.008534367,0.012910476,0.015704539,0.0028269296,0.012647455,0.013962139,0.013943594,0.0049460786,0.01072276,0.009583833,0.0044000973,0.0031790845,0.004894049,0.009208557,0.00849054,0.003680826,0.006736746,0.0030033386,0.0038520389,0.009314436,0.0055380464,0.0066722943,0.007590822,0.009434123,0.0038256736
CCL7,0.0007816524,0.0014193471,0.0012628961,0.0013026377,0.0054946137,0.0016265025,0.0017419081,0.002745365,0.0005629298,0.0026113724,0.0023315777,0.002629719,0.0012383561,0.0020819046,0.002078056,0.00074665534,0.0006993189,0.00090896006,0.0019572324,0.0017020928,0.0008262498,0.0014998296,0.00057754,0.00077735534,0.0020065901,0.0015041342,0.0014365442,0.0015462688,0.0017872633,0.0008679372
CCL8,0.00110389,0.0020834247,0.0021137344,0.00218515,0.011528886,0.0024502706,0.002831319,0.0060938178,0.0010336206,0.004006056,0.0035740132,0.0043255766,0.0012196517,0.0035415262,0.003395055,0.00084475544,0.0010361987,0.0013175746,0.0032295142,0.0028646083,0.0010605634,0.0022883867,0.0009431177,0.0010992518,0.0033243294,0.0024562932,0.0021408605,0.00236161,0.0027100893,0.0012896266
SLFN14,0.0020624422,0.0038066318,0.0037682122,0.004230079,0.007402731,0.005812133,0.0052493736,0.008129907,0.0019665654,0.007367791,0.006796461,0.0076807328,0.0036860872,0.006108359,0.005972253,0.011974906,0.0029217452,0.003411314,0.005476438,0.00514196,0.0018506064,0.004057954,0.0017210613,0.17574546,0.0060764747,0.0026104783,0.003701252,0.004848211,0.004933255,0.002336611
CCL5,0.4688673,0.6107662,0.5982624,0.5989614,0.9975048,0.85922855,2.1923895,1.3485653,0.27517056,1.2819772,2.1003628,1.5725017,1.3353381,2.0181274,2.8039753,0.38938844,0.3828077,0.42859942,1.8134261,1.9370654,0.7276117,0.8725694,0.31899214,1.2672315,1.0568441,0.74067223,0.69432986,0.8349511,1.8949082,0.40459087
CCL23,0.0021432226,0.0059385416,0.00535821,0.0059330016,0.022466449,0.017971907,0.0071083037,0.010348637,0.0021621122,0.009504658,0.009653724,0.009968716,0.0037659092,0.0079817185,0.010583312,0.0026641502,0.0075918655,0.0041200663,0.0076276073,0.02189292,0.018798152,0.00513158,0.0024234836,0.004401761,0.007240029,0.0052237995,0.0075626955,0.0054428214,0.008108439,0.0030458323
CCL18,0.0008975311,0.0024743285,0.002900962,0.0016209818,0.0070580095,0.0044076997,0.0019738516,0.0031883244,0.0008755626,0.0026829138,0.0026514889,0.0028410044,0.0009815542,0.0026309777,0.0037944745,0.000688937,0.025647758,0.0011866175,0.0020684006,0.006090191,0.00083589624,0.0015649962,0.0006729787,0.00088859076,0.0022527468,0.0014237056,0.0015178212,0.002026945,0.0020651764,0.00092476944
CCL3,0.034181442,0.07738105,0.06748954,0.07743761,0.31621304,0.15123066,0.10934891,0.17983162,0.034686655,0.15545976,0.14174315,0.15760674,0.054185633,0.13102658,0.13388146,0.039632935,0.035782367,0.07009698,0.12687087,0.13826855,0.05025428,0.09307219,0.03240843,0.063181885,0.13385181,0.07213017,0.07927362,0.10072152,0.1115355,0.041702073
CCL4,0.048889544,0.10680664,0.10413838,0.11685193,0.31232727,0.21645609,0.20507309,0.23548262,0.0625156,0.23428473,0.2188531,0.23147966,0.12870806,0.18267933,0.26226088,0.054284167,0.0573821,0.11442356,0.18225609,0.2697068,0.118972234,0.14040768,0.052413892,0.09464298,0.17475893,0.10891369,0.117997855,0.15567519,0.20712095,0.0646363
CCL3L1,0.041634277,0.096497,0.0989351,0.10194715,0.4212251,0.17318518,0.14775054,0.20348161,0.042950444,0.18965676,0.18918934,0.21717574,0.0757085,0.17097245,0.17724103,0.0760004,0.047024183,0.079908356,0.14223792,0.13690105,0.06441514,0.10610151,0.043221723,0.088957146,0.14773786,0.08833694,0.10073675,0.12970985,0.14385591,0.05144619
CCL4L2,0.043997616,0.072399095,0.06882655,0.07718808,0.29148945,0.13894224,0.11326337,0.15315598,0.029183319,0.13349573,0.14098506,0.12784764,0.047800306,0.10998808,0.1480158,0.036991354,0.030279147,0.07137763,0.111510545,0.11597049,0.045899916,0.080590725,0.027782692,0.057792816,0.10963021,0.06564305,0.07829728,0.07012889,0.108808115,0.039419405
CSF3,0.0014218749,0.0032357334,0.0028853847,0.0040589543,0.017926242,0.0072401217,0.0043546883,0.0068397466,0.0016572721,0.006042002,0.00584767,0.008506307,0.0024293193,0.0047017112,0.007070665,0.0017869375,0.0014473869,0.0027573472,0.004428137,0.0049561523,0.0017675704,0.0032172897,0.0015154586,0.0016988151,0.0051606707,0.0025261182,0.003436865,0.003784101,0.0036919764,0.0017165872
CDC6,0.002999941,0.007096123,0.0066307676,0.024905805,0.0129849985,0.012053806,0.036206394,0.019867096,0.4384296,0.023646755,0.023420198,0.016935244,0.3273087,0.02071527,0.01353803,0.003907064,0.011973473,0.0050193206,0.023037426,0.014197248,0.32865632,0.007350366,0.076557055,0.017401239,0.019327166,0.006350302,0.010557313,0.008582191,0.0171008,0.025763355
TOP2A,0.0374628,0.035714664,0.071720265,0.038479645,0.040416308,0.033899147,0.033786558,0.048732758,0.9931767,0.10607322,0.03735971,0.053012412,0.5761779,0.0560857,0.04794811,0.009579069,0.045995317,0.027681874,0.038368706,0.04003584,0.8539656,0.045129407,0.09189506,0.018134262,0.03784803,0.024808777,0.05185371,0.061055582,0.044616673,0.015538435
AC004585.1,0.008472901,0.03531971,0.026005665,0.084089376,0.030699277,0.023787262,0.106384486,0.054085415,0.08234812,0.08520106,0.074789636,0.04799881,0.023334404,0.039862603,0.07067362,0.015255299,0.007530505,0.01347708,0.04814205,0.059283666,0.025725171,0.075130604,0.008062819,0.01304577,0.028020017,0.016722037,0.01915198,0.62246656,0.046730943,0.01083886
CCR7,0.038389493,0.14175314,0.11108203,0.17473501,0.14640425,0.12063545,0.1712897,0.7185927,0.060183737,0.3703131,0.22447887,0.5784676,0.0717313,0.26211697,0.19526643,0.06912038,0.053699832,0.12321772,0.16105106,0.13281512,0.053083368,0.1572236,0.03715535,0.07722825,0.26993623,0.13397756,0.10449312,0.29846215,0.18237294,0.05747894
JUP,0.046444744,0.08127736,0.10389024,0.111794524,0.18200628,0.19253759,0.06446636,0.0990742,0.020684278,0.09281957,0.07745991,0.09615936,0.03170536,0.068207495,0.06925384,0.03202527,0.05187379,0.05225341,0.067896456,0.059874564,0.022611804,0.048148505,0.020301165,0.029005459,0.06864915,0.044776876,0.090591185,0.057747353,0.057465434,0.036667407
CAVIN1,0.0019616394,0.012659546,0.003393858,0.0034436837,0.008304009,0.0039770426,0.0043574423,0.011104673,0.002088653,0.018631995,0.011710493,0.008666333,0.0023026147,0.019262884,0.0075657573,0.0016615151,0.23575118,0.0025556663,0.004737841,0.006591316,0.0045960243,0.0033909539,0.0014589586,0.0037276184,0.0053037875,0.0030026177,0.0036189829,0.003951937,0.0074914345,0.002121954
CCR10,0.005471468,0.022020083,0.020624083,0.0154954875,0.03520011,0.018935055,0.024560539,0.03270189,0.008352779,0.050307013,0.046852663,0.0326321,0.0068055103,0.07229034,0.02860507,0.0052917185,0.0060809175,0.0076938574,0.024217553,0.02727531,0.017906355,0.014219931,0.21790288,0.00797561,0.03290217,0.011453125,0.021303501,0.013246006,0.021149382,0.022896908
BRCA1,0.015213896,0.058293268,0.054227628,0.047614694,0.10425884,0.043204237,0.07447433,0.07442785,0.36675566,0.06548018,0.072410464,0.08808018,0.35923252,0.08126354,0.06760795,0.012012598,0.024238158,0.028524721,0.04996409,0.07467602,0.30872723,0.046392165,0.038629137,0.020698702,0.05900983,0.056710564,0.07161483,0.050766166,0.064012975,0.02595586
PPY,0.00080406264,0.0012400054,0.0012033064,0.0012393257,0.0017154621,0.0012514513,0.0014811191,0.002342443,0.0005192726,0.0021999911,0.0019695978,0.0021346116,0.00057918776,0.0016439413,0.0016347251,0.000623838,0.0006106792,0.0008186722,0.0016622778,0.0014472743,0.0006509329,0.0011063236,0.00053202006,0.0006195797,0.001785462,0.32471874,0.0011464981,0.0013219264,0.0061522,0.00071278657
PYY,0.00016395438,0.00032137363,0.00031602866,0.00034385946,0.0006177399,0.00044188325,0.0004616466,0.13060562,0.00018441712,0.0006327723,0.00059210014,0.0006618226,0.00028703368,0.0005097868,0.0005290648,0.00019711078,0.00017127795,0.00028793077,0.00054599193,0.00043660504,0.00020283855,0.00031757195,0.00013779571,0.004649215,0.00048025444,0.00030295315,0.0003482267,0.0003931958,0.00041780985,0.00022418356
SLC4A1,0.0012529051,0.003508939,0.0035728838,0.0031874035,0.007706311,0.0060148537,0.0041764034,0.017790148,0.013968496,0.029502707,0.0060889632,0.012007838,0.0017293991,0.009227031,0.008535561,0.90051764,0.007692793,0.0023633265,0.004348255,0.016196132,0.0035004169,0.0032819193,0.0013910676,0.0016730977,0.0049006348,0.001990424,0.0039684046,0.00427685,0.008970425,0.010873825
GRN,0.13218677,0.17233254,0.167756,0.20231599,0.6127479,0.20581393,0.2651586,0.40193477,0.08268299,0.34707218,0.34523907,0.421999,0.113133915,0.32925522,0.31888,0.09369966,0.07904795,0.16555116,0.3003476,0.25693014,0.1030738,0.20921217,0.07397866,0.11398226,0.34194255,0.25904235,0.27447036,0.26334417,0.2581668,0.19681424
ITGA2B,0.011751933,0.023616798,0.021409981,0.02318534,0.06761416,0.034170426,0.032237012,0.04812695,0.009795733,0.049853828,0.039751176,0.057793643,0.0168535,0.03594076,0.038932696,0.010699381,0.052883055,0.025771178,0.046284873,0.031665426,0.013634332,0.027792256,0.010488013,0.7172517,0.07744394,0.018646315,0.023739628,0.025824524,0.031169858,0.032431833
KIF18B,0.0014502257,0.003399461,0.0030065158,0.003823533,0.0075893286,0.0033921676,0.00412098,0.01644018,0.24931471,0.0065983054,0.005630137,0.007582882,0.14684108,0.0053755497,0.007132423,0.0014522109,0.0013967445,0.002398686,0.004736691,0.005006263,0.43280932,0.0034906412,0.024614062,0.0023906182,0.00510821,0.0027191567,0.00466737,0.0033839745,0.004042814,0.0019589814
MYL4,0.0030468116,0.005704936,0.0051348484,0.008102213,0.012225682,0.0070714587,0.0068525346,0.011338385,0.017660573,0.008992737,0.008623884,0.020030618,0.0041685575,0.008294613,0.008521032,0.33147076,0.010520265,0.0043423125,0.007234974,0.0064182007,0.009215431,0.00538801,0.005146746,0.13452783,0.0074518463,0.0049952455,0.0069986503,0.0057734377,0.009184473,0.020507714
ITGB3,0.004614468,0.00896832,0.009060732,0.008243411,0.018846288,0.010430783,0.011678235,0.01866113,0.0042715236,0.015249895,0.014072481,0.018462008,0.005301162,0.016043,0.014331486,0.0035333198,0.0032606558,0.0053771255,0.012896651,0.011649226,0.0046462496,0.00898635,0.0037841399,0.29647234,0.012560516,0.007243204,0.008400068,0.009066967,0.01061571,0.0050765746
TBX21,0.037077527,0.09141786,0.07711491,0.08305578,0.10433567,0.10137824,0.32965297,0.1740146,0.09642051,0.16283405,0.19735143,0.1710247,0.13679664,0.15688264,0.38862884,0.038402718,0.030854613,0.06300591,0.22089067,0.45452094,0.16968656,0.25323457,0.029542217,0.05844858,0.107810795,0.06769101,0.08296965,0.100635126,0.2725252,0.043911256
HOXB5,0.0006914983,0.0015323125,0.0066501442,0.0015344655,0.0027869912,0.0018051566,0.026851444,0.0034729033,0.0008432067,0.0059884107,0.0027091329,0.002860393,0.0010870099,0.0023772246,0.0023819928,0.0008221527,0.2722547,0.0010814038,0.002302472,0.034981586,0.00089746225,0.0016698219,0.00080094096,0.0007979356,0.0024397227,0.0014223759,0.0261479,0.001906521,0.0042105066,0.0009680531
ABI3,0.12994505,0.14276618,0.12480209,0.12671174,0.28071472,0.4504297,0.28154415,0.26132575,0.059623078,0.22740288,0.2545709,0.25163728,0.12697938,0.2003293,0.34524697,0.06658826,0.043654796,0.1180243,0.22998503,0.39050856,0.14187086,0.18314208,0.050749943,0.07470359,0.18670607,0.12572217,0.21805964,0.176452,0.27203536,0.069478124
ABCC3,0.017573543,0.034394056,0.03539844,0.035342682,0.13187294,0.2304849,0.042149603,0.08086774,0.018011017,0.07395358,0.05519049,0.07512741,0.024957787,0.048370995,0.05297316,0.018748809,0.015540962,0.028348576,0.06491405,0.04450931,0.020972582,0.03912126,0.016445998,0.2577017,0.04483001,0.03547515,0.0470489,0.046958633,0.046531226,0.026653843
TOB1,0.083254434,0.14842534,0.14664026,0.15449348,0.24018444,0.17799006,0.356139,0.44203627,0.039653894,0.54145074,0.34794757,0.4699365,0.15254788,0.3980468,0.32042077,0.08668473,0.06361481,0.22409673,0.41017246,0.23308079,0.09200383,0.1694919,0.05192411,0.102850385,0.2866395,0.11599807,0.21274173,0.2818451,0.24103253,0.09375862
MMD,0.019782068,0.07200846,0.0563818,0.07944801,0.073056996,0.06540992,0.07219955,0.110514246,0.027320936,0.097209424,0.09166955,0.11665562,0.03354167,0.10556018,0.07668524,0.021919727,0.025209226,0.046032984,0.09427404,0.07745839,0.044385806,0.06883265,0.015053749,0.39218682,0.07461362,0.03333801,0.059787683,0.041556094,0.059514314,0.033399746
AC015912.3,0.0136374105,0.03645984,0.03561329,0.036870528,0.16807178,0.056432348,0.04752036,0.0783507,0.022689832,0.06435192,0.061097845,0.06735026,0.018234715,0.05864833,0.0695224,0.025073405,0.021142919,0.019978547,0.051234294,0.05854554,0.03481901,0.039234947,0.013961596,0.017461726,0.052243803,0.03547574,0.057273313,0.045389526,0.047172118,0.023744076
SCPEP1,0.049107045,0.12355749,0.14048102,0.16031137,0.31141478,0.19142269,0.15338829,0.22393678,0.038102265,0.21951725,0.20369989,0.23280957,0.09150136,0.18309069,0.18937016,0.04940245,0.052370258,0.08083065,0.16433576,0.15185344,0.058549758,0.12602799,0.03427382,0.05831241,0.1924108,0.07889606,0.09088919,0.13343176,0.14356256,0.061009493
EPX,0.0002940704,0.00043193027,0.000420921,0.00042566314,0.0007157463,0.0005215517,0.0006301768,0.0009747966,0.0002231979,0.00084984995,0.0007779499,0.0008716112,0.00028530328,0.00069024717,0.00071008864,0.0002126311,1.5686948,0.00034869454,0.00062709564,0.0005711466,0.00025126073,0.00049604377,0.00020386105,0.00024721186,0.00067523407,0.00040835445,0.061192892,0.0005346928,0.00062224857,0.000271062
MPO,0.008160591,0.014076129,0.01626187,0.0176962,0.11131672,0.025668211,0.016321411,0.029547963,0.014435114,0.02353914,0.02234807,0.026350554,0.011940958,0.021927275,0.021960812,0.014519788,0.093505085,0.008933253,0.01911703,0.019794008,0.008122035,0.012845322,0.005287366,0.010746757,0.02633838,0.010578586,0.15886874,0.08602088,0.015781587,0.007613336
VMP1,0.031491447,0.102317825,0.09283794,0.10489221,0.26322642,0.16342734,0.16038555,0.2594897,0.030286565,0.19915546,0.19706391,0.19580899,0.051809736,0.17445783,0.19944954,0.053503755,0.031094471,0.11100832,0.15958537,0.14565796,0.059109494,0.12047841,0.034460496,0.07583847,0.16922186,0.054215748,0.07864506,0.12862827,0.1580526,0.051822063
CD79B,0.05538485,0.7319961,0.50878876,0.70712274,0.18246321,0.300034,0.16631524,0.2684923,0.04389166,0.21861804,0.21990952,0.2548785,0.08159612,0.19677082,0.21063425,0.04620156,0.052131765,0.10024719,0.2095294,0.21565071,0.07893733,0.1400982,0.09091545,0.06955721,0.21359873,0.079718865,0.103752084,0.19556385,0.17667949,0.06596785
PECAM1,0.09105663,0.2132944,0.20909436,0.23051307,0.5690271,0.8452678,0.31561664,0.5411445,0.07104307,0.44695926,0.43447164,0.44514996,0.15115532,0.34264398,0.36975405,0.102213494,0.089723155,0.17871413,0.30782637,0.29364246,0.1277977,0.23748289,0.09221786,0.20485935,0.35824543,0.12857363,0.15907283,0.38569972,0.3277682,0.14876522
AC037487.1,0.0012531893,0.0020627365,0.0020800417,0.0071246545,0.008966502,0.0039142957,0.0026380082,0.012515819,0.0012512001,0.0042993906,0.006114526,0.00877652,0.0012690364,0.003130876,0.012749917,0.000901093,0.0008212403,0.0021342759,0.0029061327,0.027609663,0.0012909321,0.0019552987,0.0009187571,0.0011024484,0.0031876622,0.001856498,0.0020832939,0.0022664503,0.0025351138,0.0074712844
KPNA2,0.093175106,0.0857717,0.07435029,0.06132407,0.11387079,0.10659735,0.09877012,0.10027194,0.18137912,0.12028307,0.10630876,0.10625988,0.11112574,0.09389141,0.11715175,0.023671271,0.046497382,0.034650322,0.09822914,0.10337342,0.10435382,0.06321409,0.05642748,0.02775764,0.09135093,0.16157417,0.107037865,0.08100003,0.09086021,0.08977447
SLC16A6,0.024657564,0.05702798,0.056811985,0.053535655,0.21735097,0.096632,0.103802115,0.12960409,0.0438066,0.12756634,0.10836026,0.12378374,0.036047608,0.11750482,0.1210041,0.029781695,0.022557518,0.05320255,0.0996372,0.11164613,0.05712326,0.07338013,0.024997212,0.033376276,0.11384647,0.057528313,0.09266917,0.09093256,0.10248412,0.03524748
ABCA9-AS1,0.00060562964,0.0008849595,0.0009147092,0.00091185624,0.0013024216,0.0011457473,0.0012188356,0.0018138415,0.0004316567,0.0016316009,0.0015542487,0.0017864456,0.00055729895,0.0016194322,0.0015697957,0.00037676538,0.029680584,0.0006674205,0.0014195733,0.0012038404,0.0005245136,0.0008811978,0.0004150063,0.00046066823,0.0013609225,0.0010516954,0.0008977191,0.0010406163,0.0012445123,0.03071037
KCNJ2-AS1,0.013002139,0.02496641,0.025338829,0.024608968,0.14050661,0.054092202,0.030608254,0.04676561,0.009658689,0.039626457,0.039945755,0.045472912,0.015470492,0.036071748,0.03655393,0.011685365,0.012469393,0.022461975,0.034194972,0.030532036,0.012690005,0.023993328,0.009089869,0.014686615,0.033860695,0.02182969,0.028427994,0.02615047,0.03013569,0.014841134
KCNJ2,0.016332766,0.04233361,0.04941198,0.04544416,0.2533822,0.13033758,0.058505572,0.085080236,0.020234289,0.083959304,0.07223187,0.0872474,0.033452388,0.073535725,0.07097392,0.022005621,0.016334957,0.03739696,0.06634406,0.05286696,0.025028197,0.045618452,0.016520055,0.027345266,0.053029332,0.041070078,0.046782155,0.046286613,0.059350923,0.026250571
CD300LB,0.06639236,0.037865777,0.036952537,0.040184874,0.20539752,0.073825546,0.048769407,0.07238747,0.015197825,0.0655115,0.065585434,0.078830756,0.022214899,0.06342112,0.06948233,0.013800678,0.015239052,0.029078702,0.0536861,0.056212083,0.020355893,0.042766057,0.016540749,0.021917796,0.058295015,0.036500502,0.11497206,0.051908072,0.053791143,0.043303024
AC064805.1,0.016436245,0.042244926,0.036743633,0.03521954,0.14999685,0.4674074,0.05797473,0.084220685,0.023306552,0.06400406,0.06887501,0.07309943,0.02459442,0.065267175,0.06110736,0.02961294,0.013443511,0.030651208,0.05977998,0.052379545,0.022825075,0.042309914,0.016375905,0.022192422,0.062903285,0.039221343,0.16646299,0.04625055,0.04875658,0.02313789
CD300E,0.05667014,0.10686038,0.1058091,0.11110791,0.4294017,0.2605875,0.14062616,0.24587426,0.04880774,0.20607924,0.19193278,0.21836111,0.07070585,0.18584166,0.1604107,0.04184167,0.042094786,0.077407666,0.1593659,0.15295137,0.051750932,0.11341235,0.042377155,0.060090404,0.17796081,0.107414424,0.1041159,0.13569207,0.13575701,0.06220228
CD300LF,0.03742692,0.04854824,0.04595242,0.048849232,0.22332807,0.2294608,0.0694616,0.10931213,0.02155293,0.11024005,0.09695165,0.09772693,0.039154716,0.07509652,0.08604701,0.024492811,0.029701108,0.044661537,0.07739608,0.06911592,0.026239214,0.055650465,0.019907104,0.03298078,0.08650907,0.04743386,0.089992225,0.059315894,0.06646583,0.030769503
SMIM5,0.038594805,0.02409758,0.02163358,0.023792315,0.0667847,0.063811354,0.030952005,0.047475647,0.010440403,0.039075892,0.0372226,0.07114062,0.01537671,0.03962956,0.03638678,0.023547659,0.016320156,0.014609605,0.034263555,0.030713594,0.012989649,0.025145601,0.009000098,0.47746256,0.035159044,0.015628606,0.021285139,0.02344562,0.024408022,0.43637955
TK1,0.009526453,0.02041294,0.026015468,0.02860071,0.031921025,0.027529284,0.057240523,0.03624696,0.5423936,0.04279592,0.03274826,0.0357375,0.7524327,0.03584965,0.034579802,0.0077934335,0.017187234,0.009864034,0.020429796,0.03142533,0.7671896,0.03967932,0.10173872,0.015565238,0.023906551,0.01159174,0.04157337,0.054766264,0.029292442,0.013330127
BIRC5,0.007261742,0.01675666,0.034544792,0.024252098,0.024747761,0.02414695,0.037096683,0.026695386,0.75033396,0.044559535,0.023401558,0.03394188,0.3760452,0.017202705,0.027191356,0.007980623,0.0150072975,0.00941613,0.021019926,0.031456053,0.6540708,0.01135266,0.14494596,0.026020639,0.017642228,0.04833156,0.022914387,0.03564142,0.050366152,0.008635718
SOCS3,0.064131774,0.101861194,0.099321,0.10323086,0.28606036,0.13964437,0.15501651,0.32501778,0.05170518,0.28913176,0.23176096,0.22745886,0.08553852,0.18603653,0.17565452,0.056572516,0.049795926,0.12396569,0.21806204,0.13982813,0.05672534,0.119905554,0.041458227,0.075611666,0.18834417,0.094565175,0.112116724,0.18276569,0.16803382,0.0688641
TIMP2,0.05751607,0.11256809,0.114296876,0.11509914,0.39029685,0.22618818,0.14915839,0.2265595,0.044279486,0.20767064,0.18265523,0.22838902,0.08714319,0.17728983,0.16354811,0.051847916,0.048272982,0.08689537,0.15683103,0.1390333,0.06293271,0.1090417,0.04085189,0.06507277,0.18223016,0.072812654,0.11041478,0.15056036,0.13895327,0.073445275
ACTG1,0.13477531,0.18211044,0.16048062,0.23374763,0.20661145,0.15638696,0.23562019,0.35963207,0.23396775,0.2928915,0.25093985,0.2541839,0.2072748,0.23217185,0.2760517,0.22701707,0.06432899,0.11538381,0.22226217,0.24739484,0.16697514,0.15582465,0.10040459,0.15950128,0.2484079,0.40024146,0.26451024,0.3458707,0.22774875,0.07756548
CD7,0.08673853,0.23271778,0.22201099,0.21495613,0.3197936,0.24270219,0.3410762,0.6255001,0.089465566,0.44504014,0.4428344,0.58403414,0.14640258,0.41824356,0.511038,0.095559284,0.09014074,0.43175796,0.44320807,0.6085692,0.2442284,0.6062887,0.107250124,0.14679562,0.37259147,0.1949209,0.2125215,0.30399752,0.4034193,0.12651087
SECTM1,0.08311326,0.08655667,0.08792037,0.08817242,0.3816615,0.41868496,0.12083723,0.19428758,0.040345866,0.1906854,0.1899826,0.17280737,0.046816107,0.13245393,0.13692537,0.040038012,0.045774374,0.079670034,0.13533844,0.12370786,0.04294038,0.08998524,0.037238877,0.06410635,0.13725704,0.083612576,0.13522132,0.09831653,0.13068856,0.065254025
METRNL,0.06416795,0.10001466,0.09604844,0.09466371,0.23612425,0.17903063,0.14534496,0.2232508,0.043276314,0.17266268,0.15878046,0.19891591,0.10076006,0.15755132,0.20354357,0.0479327,0.043528624,0.09458749,0.16753753,0.22933468,0.07603817,0.15243305,0.039668296,0.05779803,0.14275151,0.07603291,0.13623522,0.11135559,0.14109977,0.055607975
AP005530.1,0.00020349138,0.00041737533,0.0020343391,0.0003961582,0.0006298833,0.00046370635,0.00048738066,0.0008798299,0.00020014442,0.0007835774,0.0006469042,0.00075614656,0.00027567445,0.00062628184,0.00061020494,0.0002214171,0.00020563738,0.00030479033,0.000550972,0.0004942881,0.00021384415,0.00036772084,0.00018762072,0.00022307389,0.0005289422,0.00035728017,0.00040039408,0.00043883285,0.00046066547,0.00024431097
TYMS,0.023323052,0.019258969,0.054298107,0.043350067,0.03457985,0.021797279,0.08372784,0.05364685,1.589182,0.056270838,0.04296083,0.057194006,0.77206826,0.053233013,0.036897764,0.010685882,0.070857346,0.013176055,0.030944984,0.04382113,1.0044494,0.037742175,0.14077385,0.02428822,0.027466856,0.014190941,0.03921435,0.051059887,0.036283787,0.011629279
AP005328.2,0.00054781494,0.0008424535,0.0008153012,0.000852099,0.0025308712,0.0012775672,0.0010205,0.007877766,0.0004946478,0.0014549914,0.0013325335,0.001632593,0.00064784224,0.0012449664,0.0012927029,0.00047863775,0.00034521957,0.00062087836,0.0011956175,0.0011268426,0.0004517022,0.00088083855,0.0003976252,0.00048703206,0.0011824727,0.00089966215,0.00084437866,0.0007587045,0.0010241335,0.0005036244
NDC80,0.0152449235,0.040718645,0.06642056,0.040551685,0.033763476,0.028816197,0.052933913,0.07827762,0.33478516,0.101056404,0.094242856,0.06247377,0.08921096,0.0759267,0.09547086,0.01111954,0.013280103,0.10013173,0.069766365,0.06503293,0.18926851,0.030758876,0.03046294,0.024860736,0.06757924,0.026051173,0.022628138,0.08077442,0.067191996,0.018129854
EMILIN2,0.04768822,0.10913796,0.10487822,0.10311695,0.3848569,0.22003265,0.1686463,0.24522524,0.060132455,0.20959696,0.22307308,0.20323507,0.07422961,0.19919549,0.17851095,0.05764505,0.05191124,0.0811179,0.17379996,0.14072667,0.059405234,0.12811637,0.04646266,0.06332636,0.15790789,0.10319623,0.17346455,0.14336659,0.14825514,0.07457088
AP002478.1,0.0025208,0.005448257,0.005501055,0.005434585,0.011753808,0.008161162,0.0068473034,0.0110953115,0.0029331427,0.008828417,0.009264033,0.011195649,0.00416058,0.0100184055,0.008334595,0.002434022,0.0039197165,0.004195108,0.0073357234,0.007172444,0.002789012,0.005437701,0.0023398795,0.21416341,0.00796718,0.004293953,0.0054853465,0.0065157884,0.0063878885,0.0034441687
EPB41L3,0.04275849,0.08814319,0.09095378,0.090404585,0.32498577,0.3466984,0.115210675,0.24315824,0.03890553,0.20364079,0.1517046,0.18895775,0.05292122,0.14407142,0.12905928,0.044679362,0.052261576,0.0853777,0.1345901,0.1101404,0.05378313,0.08266997,0.039280515,0.08556347,0.14915676,0.10137552,0.18105243,0.13741882,0.12257805,0.054349177
RAB31,0.059462775,0.083001696,0.087473385,0.08564555,0.27785087,0.13818143,0.10695285,0.15078858,0.02727934,0.14857092,0.1295236,0.14004995,0.040907446,0.11508205,0.11854115,0.04365828,0.03326543,0.06875744,0.10855691,0.09504642,0.0420632,0.07669107,0.028309304,0.106168345,0.120336115,0.12059837,0.13715445,0.07443577,0.09345155,0.045359287
RBBP8,0.05368434,0.0744929,0.07062174,0.070653334,0.13400638,0.20691149,0.081239805,0.0826146,0.14639802,0.07852981,0.0663971,0.077479534,0.06773457,0.07233516,0.073752165,0.019776385,0.04656818,0.052356537,0.05955957,0.062063687,0.12477105,0.067392394,0.039359096,0.028395893,0.053303856,0.12945904,0.09414865,0.061100803,0.06070729,0.06911743
TTC39C-AS1,0.008104,0.016099993,0.013260967,0.015747972,0.0224289,0.01793824,0.032966714,0.03225857,0.007278377,0.17070629,0.08836395,0.02910084,0.009905533,0.058447205,0.026735755,0.0068887603,0.006382264,0.008563401,0.08512304,0.020508755,0.0077459137,0.01569663,0.006311204,0.009267685,0.026729869,0.011121765,0.014331497,0.037873298,0.024558734,0.008183535
ZNF521,0.0024440638,0.004203066,0.0046331696,0.007531232,0.01138657,0.004119296,0.0044385414,0.0068602148,0.0018185616,0.005698124,0.0056822277,0.006996523,0.0024321955,0.004541954,0.006198965,0.0018366979,0.55016744,0.0023854903,0.0049622594,0.006433117,0.0017432538,0.061995894,0.0014732848,0.0017881921,0.0049793296,0.002900872,0.004956826,0.0043691983,0.0046185553,0.09377615
PCAT18,0.0005367765,0.0009928951,0.00094804185,0.00095964386,0.0059515573,0.0011012711,0.0012118126,0.0024716547,0.00053723477,0.0018204738,0.0016124648,0.0020233737,0.0005132525,0.0015820895,0.0014776863,0.00046856265,0.04868038,0.0007846287,0.0014521454,0.0012543295,0.00051661325,0.001127577,0.00041330143,0.00059091306,0.0015395337,0.0010340278,0.0010691207,0.0010205838,0.0011256742,0.00058150274
DSC2,0.017496204,0.037561044,0.035946906,0.033823747,0.22124113,0.04646556,0.05010903,0.0739494,0.013224113,0.07195306,0.065210044,0.06515483,0.020494942,0.056663767,0.054600634,0.022011353,0.016584262,0.032889485,0.057010975,0.042891417,0.018621618,0.03613865,0.014172435,0.020127904,0.049064144,0.035705276,0.04367836,0.040878154,0.049512174,0.021045294
KLHL14,0.0060737347,0.09286626,0.038271893,0.13150972,0.012687153,0.010299876,0.019107746,0.019242734,0.004524519,0.016588574,0.015694138,0.017870655,0.005857744,0.014129279,0.014129348,0.0050362973,0.004163526,0.0069264667,0.012994471,0.011282097,0.0043945326,0.008929804,0.09496201,0.0050164033,0.014005898,0.0088254195,0.0084153395,0.010222706,0.011980448,0.0055498285
AC011139.1,0.0006083776,0.0010768184,0.0010975309,0.0010587183,0.0020247975,0.0012824098,0.0014879609,0.0021595727,0.00039366062,0.002021909,0.0025245775,0.0020834832,0.00082198007,0.0017627706,0.001870025,0.00062000257,0.27031824,0.0008883015,0.0035988938,0.0014671905,0.000641474,0.0010993927,0.0005164067,0.0026191648,0.0015271577,0.0011115259,0.0010563425,0.0012683504,0.0015862341,0.000703196
PSTPIP2,0.06005537,0.09157109,0.08922965,0.09359205,0.28145316,0.23190089,0.17965448,0.17917173,0.05015875,0.17679521,0.17126475,0.18977419,0.0716583,0.1512971,0.20394342,0.039702397,0.07507306,0.11187286,0.13829374,0.18507262,0.06716312,0.10824229,0.040629055,0.17911477,0.14218062,0.076374464,0.16428438,0.103640385,0.16850628,0.056958273
RAB27B,0.011628408,0.03559333,0.03269603,0.03271747,0.061957784,0.043501057,0.09538472,0.09530432,0.023154158,0.085642695,0.075800404,0.07013407,0.030113885,0.05703605,0.09258724,0.015333937,0.09416154,0.028488338,0.062194224,0.14285341,0.06666729,0.092433095,0.014202608,0.44773006,0.051938873,0.028460369,0.03212306,0.048230056,0.07476886,0.019762844
AC098848.1,0.002350099,0.008132804,0.0058717025,0.0072145867,0.008740911,0.0073342416,0.008425648,0.015190223,0.0032093953,0.013477533,0.011352694,0.012595752,0.004877916,0.010401126,0.014091208,0.0026431582,0.0027814931,0.008150963,0.009346242,0.014950447,0.0032853486,0.006815554,0.0028199425,0.14867705,0.009144332,0.004658326,0.0056647374,0.008687816,0.023971327,0.0035165586
TCF4,0.36678782,0.45289296,0.3124034,0.3379951,0.17690799,0.12163135,0.10251146,0.1498216,0.03084445,0.13641924,0.12490919,0.13076492,0.049812898,0.10084875,0.10576397,0.028450554,0.099473596,0.09925288,0.096619315,0.11570873,0.04799963,0.13875273,0.11420404,0.059770335,0.099835366,0.12312678,0.14301041,0.09168127,0.097836405,0.6367873
SEC11C,0.058564935,0.1345523,0.14175422,0.13456516,0.18191037,0.14505804,0.24379645,0.2925761,0.08706487,0.29395905,0.32091442,0.28010085,0.14287177,0.25110552,0.25140235,0.06234898,0.05738607,0.11760689,0.28460523,0.21868266,0.093772285,0.15412198,0.2921678,0.07990392,0.23520106,0.04997751,0.09385529,0.19328953,0.23463212,0.11928071
LMAN1,0.044520054,0.10698323,0.09549714,0.11416784,0.13783428,0.09569709,0.17049275,0.21352135,0.054069575,0.21046823,0.22157778,0.2173442,0.12703727,0.18402395,0.21076407,0.03745211,0.060195465,0.097928636,0.18674842,0.1874348,0.0767629,0.13666095,0.17535128,0.059646588,0.17541957,0.07255016,0.070788056,0.13722676,0.19593108,0.10264353
PMAIP1,0.04736833,0.17310277,0.1538099,0.14631537,0.19719875,0.1422565,0.14071769,0.17811371,0.07712871,0.17366113,0.1858688,0.15074155,0.06307374,0.13858657,0.16955633,0.037782613,0.0446364,0.08821472,0.18328962,0.16006953,0.067771085,0.09604701,0.028110577,0.05251622,0.1653151,0.0728789,0.113660045,0.1585403,0.1433306,0.06357528
AC090409.1,0.00530826,0.012189904,0.0101963775,0.011450684,0.029569555,0.01359791,0.014694011,0.021831006,0.004749531,0.025691748,0.024158059,0.021835847,0.008628836,0.016857803,0.017339401,0.0045804223,0.0049780337,0.009050449,0.015167008,0.014142074,0.005729823,0.011351884,0.004511893,0.4017436,0.014228068,0.009288451,0.010227714,0.0122145815,0.014862449,0.0070278733
SERPINB13,0.00019008805,0.0005608203,0.00052270346,0.0005356003,0.017145943,0.0006410813,0.00084094534,0.0013741348,0.0003049815,0.001088167,0.00096789334,0.0010627939,0.0004954845,0.00086290593,0.0008468725,0.00030086096,0.00021966943,0.00049338816,0.0007902786,0.0007085991,0.00029506034,0.0006740992,0.00023660576,0.00031438057,0.00093000766,0.00052198075,0.025095584,0.0007455538,0.0007463681,0.00034176657
SERPINB2,0.008569656,0.02244392,0.02494385,0.02432058,0.12771854,0.026622735,0.029780038,0.050613146,0.0097682215,0.04052207,0.036893185,0.04332293,0.014402074,0.033454396,0.0349181,0.04647483,0.008921929,0.017763807,0.033798933,0.029792288,0.014247917,0.030444346,0.008659231,0.012587173,0.03241952,0.02245399,0.023298556,0.026416872,0.031348083,0.012369151
CD226,0.046191905,0.093896694,0.09968337,0.098838605,0.1504942,0.12633018,0.31537342,0.3373914,0.058786456,0.3549558,0.2978526,0.27804548,0.14110807,0.29588822,0.29215848,0.05966655,0.045656424,0.20383258,0.20932609,0.31928682,0.1295009,0.23399512,0.033783205,0.22484979,0.19124265,0.11102315,0.11746607,0.11964384,0.2387454,0.057687636
FAM110A,0.034783352,0.06980841,0.076446965,0.068091765,0.17961037,0.38078633,0.09976741,0.15628763,0.03951011,0.12565246,0.11993669,0.14552006,0.040205088,0.1152173,0.13581558,0.03389274,0.033675563,0.08655654,0.10330684,0.11014579,0.05490629,0.06749927,0.027713677,0.15851834,0.1335338,0.06776389,0.10540004,0.11450619,0.100679904,0.041319106
SIRPB1,0.07845333,0.11052289,0.1092841,0.10413483,0.4221935,0.34833828,0.14974329,0.23937446,0.05417918,0.230682,0.19065483,0.21024549,0.07733638,0.1816836,0.16782771,0.04617307,0.050930392,0.096330784,0.17240326,0.13115723,0.056427453,0.10635816,0.041693743,0.06441139,0.16034636,0.10594709,0.13628428,0.13406105,0.15052713,0.10591439
SIRPA,0.048367217,0.082202576,0.074657455,0.0809778,0.3757461,0.1133443,0.10028139,0.1729733,0.043617852,0.12971,0.11130609,0.15200318,0.04592299,0.10927695,0.118974246,0.058340523,0.03255076,0.05534385,0.109674394,0.100131854,0.044162333,0.08275389,0.034826662,0.05193636,0.10774707,0.08460705,0.15194729,0.09037935,0.09631821,0.048097525
CPXM1,0.0019161339,0.05587973,0.007296063,0.005749926,0.0062656254,0.005735978,0.00591457,0.008971557,0.0025004144,0.018600972,0.04669512,0.12617308,0.0029267916,0.0068613836,0.007619514,0.0030903367,0.47266683,0.0031190442,0.005924608,0.014481081,0.030034827,0.034897104,0.03068923,0.0025091735,0.0069160596,0.04148464,0.016617343,0.005017055,0.023065692,0.0022075316
AVP,0.019028256,0.0035365892,0.0024278807,0.0036978705,0.004073748,0.0030279248,0.003259353,0.006438288,0.0016675589,0.0053769443,0.0043451735,0.0048561944,0.0014929357,0.0038195464,0.004743011,0.0013985189,0.49170488,0.0014444481,0.0037954312,0.0039789304,0.001481112,0.0025302586,0.0011047804,0.00124918,0.007625913,0.002105618,0.006596065,0.0025216788,0.0031581922,0.0014465298
ADAM33,1.9820894,0.0009307611,0.0009590161,0.0009701629,0.0031461606,0.0011258811,0.0013659719,0.0021497519,0.00043723968,0.11422842,0.0015990555,0.0018720091,0.00056870957,0.0016208946,0.001378442,0.0004646146,0.0004433179,0.0007357475,0.001354492,0.0012016713,0.0005104298,0.0009293764,0.00039193465,0.00047011892,0.6093027,0.00092913484,0.0009653149,0.0011349401,0.0011685195,0.0006395892
SIGLEC1,0.13190077,0.03968284,0.038911276,0.036383655,0.21265562,0.05678276,0.05658202,0.086687244,0.014941993,0.07890246,0.07650886,0.07168051,0.024731863,0.057161923,0.061841495,0.019145127,0.018194098,0.026155755,0.059290923,0.05048658,0.024697747,0.03873977,0.01842927,0.025445841,0.061349634,0.054843247,0.08291461,0.045098912,0.051955987,0.02669526
SPEF1,0.00048573426,0.00096656225,0.0008045751,0.00085872674,0.0034849574,0.0009984361,0.0011767931,0.01549703,0.0005038703,0.0015110758,0.001604913,0.001583269,0.00064649695,0.001302162,0.0013946078,0.00050617254,0.07664288,0.00067817623,0.0012577076,0.017843287,0.039335303,0.0008274708,0.00033743336,0.00045562128,0.0012495305,0.0006805681,0.0008170865,0.0010555442,0.0011176167,0.0005162191
SMOX,0.012966783,0.022418804,0.023566986,0.026122833,0.06996844,0.03440419,0.03195875,0.058937494,0.016307646,0.04892472,0.048153915,0.053832985,0.016345385,0.03792885,0.03224509,0.04453726,0.043976657,0.017903594,0.044189464,0.032310598,0.012882345,0.024820164,0.04216046,0.6119028,0.0378707,0.026567344,0.06535549,0.052093573,0.027471252,0.02710146
PCNA,0.04255585,0.0795642,0.07140171,0.076588474,0.12102037,0.11236333,0.12187482,0.16553642,0.37631536,0.1531215,0.1304051,0.14005153,0.43069655,0.123427056,0.13349457,0.020288467,0.054655798,0.046435285,0.13888156,0.1304663,0.40502942,0.10497187,0.04280987,0.036291644,0.1093912,0.08510862,0.08006487,0.1262073,0.11277045,0.053492256
CHGB,0.0013909581,0.0023584282,0.002248581,0.0029124229,0.0047841775,0.0027715075,0.0031241653,0.006457037,0.0011477355,0.034715727,0.009357923,0.006666677,0.0015581304,0.037996672,0.0052965246,0.0011506153,0.0010744799,0.0013488281,0.003091109,0.0035194505,0.0014404132,0.002634487,0.0009849468,0.0013457165,0.019845987,0.002437039,0.002491808,0.0028077676,0.004533791,0.005605503
LAMP5,0.0720401,0.02056845,0.02987149,0.023689257,0.050447155,0.027383674,0.033259094,0.045885406,0.013160204,0.044328414,0.03680307,0.039735787,0.009927398,0.037271976,0.037903886,0.014678254,0.008703,0.017568063,0.030700479,0.03041967,0.010946394,0.020991823,0.045399748,0.09938544,0.029883686,0.020254936,0.08441509,0.10293015,0.03193994,1.1420258
MACROD2,0.00531007,0.116360344,0.04671597,0.24170184,0.024413012,0.01699977,0.017788898,0.029198363,0.0077947816,0.025823543,0.020656405,0.027530236,0.009856695,0.023670988,0.02219724,0.006356591,0.006421038,0.01165221,0.019490223,0.020130763,0.007911727,0.017019672,0.009729117,0.00786256,0.01991008,0.026990505,0.014918556,0.0143549135,0.018202275,0.010326133
PCSK2,0.00020839398,0.00050960295,0.00050763355,0.00048063984,0.000704223,0.0005465205,0.0007793614,0.0010014562,0.00029918668,0.050489984,0.0009830417,0.0009976847,0.00027103972,0.00096033065,0.0008797686,0.00023018765,0.00020932798,0.00046810042,0.0008301754,0.0010634781,0.00024390088,0.0005605053,0.00020781938,0.00028321182,0.0007464001,0.00049781427,0.00049044436,0.0006325028,0.0007860279,0.00030237445
RRBP1,0.06458441,0.09557134,0.08197996,0.09491374,0.1709388,0.15145221,0.18225065,0.19079411,0.03289604,0.17085844,0.19793895,0.1979098,0.0847375,0.1901591,0.20865884,0.042428687,0.040002897,0.1917613,0.16305251,0.1911337,0.078501716,0.20616488,0.106492236,0.054584183,0.15686314,0.070515916,0.101995364,0.117197,0.15220103,0.21324572
RIN2,0.023048274,0.05587281,0.05251829,0.053940028,0.25733864,0.14064673,0.071493186,0.10943952,0.031048568,0.0987908,0.103646316,0.104883276,0.041034237,0.09009452,0.08690372,0.031190367,0.025204126,0.044188485,0.079332985,0.06586571,0.03061988,0.053092383,0.018671399,0.036191855,0.07902071,0.04925647,0.09502631,0.07369931,0.07147207,0.030233571
THBD,0.16128562,0.020964807,0.020375345,0.022488048,0.11951528,0.049378514,0.031853706,0.043308042,0.01362435,0.04178903,0.043504696,0.0415696,0.024336807,0.033484086,0.03248204,0.0105855195,0.012412536,0.016951645,0.031159054,0.028677918,0.012795539,0.019205,0.009427095,0.01445583,0.03367935,0.52278244,0.07010759,0.025318226,0.027450003,0.04941111
CD93,0.08034114,0.19421956,0.18725556,0.1921832,0.7097832,0.22878702,0.27173766,0.36930543,0.091106065,0.36823663,0.33212087,0.36185056,0.1373144,0.2927869,0.30194092,0.08264276,0.07595126,0.17927054,0.28798854,0.23959108,0.09591419,0.1875848,0.07630854,0.11016673,0.26548636,0.18766521,0.1707361,0.23146039,0.2611707,0.10816139
CST3,0.15148503,0.10903859,0.10528791,0.105684906,0.30921242,0.2924139,0.15010113,0.24115893,0.06289868,0.21665327,0.20488073,0.23431504,0.06764827,0.19090542,0.17662618,0.06863471,0.0298307,0.089724794,0.18121149,0.13026728,0.049937166,0.10135376,0.05161585,0.07127907,0.15190193,0.38284934,0.3352846,0.12609054,0.15629026,0.090278774
CST7,0.14619432,0.27040368,0.26623333,0.2564653,0.37432078,0.30097842,0.7997649,0.5906382,0.15653448,0.49773428,0.5787864,0.56100696,0.40937492,0.5067338,0.91909766,0.123248935,0.10106479,0.18165185,0.6673672,1.0725479,0.3403138,0.45053965,0.10566719,0.19262616,0.42446417,0.20190373,0.21120685,0.3925978,0.5673014,0.13573214
ID1,0.019520087,0.052471526,0.044676416,0.042459466,0.2811298,0.070299976,0.060352467,0.0988886,0.024578761,0.08093071,0.0924793,0.09165821,0.03556411,0.07344714,0.067640096,0.0331167,0.07813168,0.032019578,0.0661679,0.05883814,0.027146453,0.056792367,0.020126814,0.023193816,0.07013109,0.05500578,0.102809004,0.0841076,0.06250086,0.030013395
TPX2,0.005994347,0.021597348,0.044728953,0.019049143,0.020289052,0.021645132,0.027558647,0.03420567,1.0916954,0.04398123,0.029746734,0.03380893,0.13925283,0.027286526,0.032188665,0.007132378,0.048031386,0.010181866,0.019637387,0.03361791,0.5470444,0.025506759,0.053251408,0.014390588,0.019793434,0.03365401,0.016413538,0.026566153,0.04428983,0.021388011
HCK,0.030769207,0.09304046,0.08340942,0.0881127,0.25485668,0.25583833,0.11132626,0.16219105,0.04096215,0.15802003,0.14876504,0.16251384,0.0640386,0.12042147,0.12832071,0.03845057,0.038687192,0.066566564,0.11725039,0.10402227,0.04581669,0.08580474,0.039368205,0.05200177,0.12572974,0.08185436,0.07970201,0.09346216,0.102204494,0.04923132
PLAGL2,0.048168376,0.08940252,0.08004813,0.08084594,0.2395584,0.2817705,0.11478354,0.16331466,0.037488904,0.15721925,0.15531799,0.16016479,0.07663291,0.12940909,0.13080992,0.02655372,0.03985278,0.05730783,0.12728423,0.112512656,0.049967207,0.08185144,0.034993067,0.040633876,0.12519771,0.07882265,0.0755227,0.10850984,0.12097056,0.053095963
E2F1,0.0092597855,0.045250893,0.039942563,0.038528554,0.03219154,0.11611352,0.03925218,0.047454774,0.2233295,0.05738707,0.06140106,0.051028352,0.81862587,0.065600425,0.042581774,0.014830719,0.011879512,0.013305217,0.039151773,0.042592462,0.68120694,0.020743301,0.03207582,0.18934244,0.033705812,0.038810354,0.032315794,0.028845973,0.02726263,0.0110225165
ASIP,0.009672117,0.008836793,0.0044798213,0.005683558,0.009194051,0.0054880735,0.0059717307,0.009836999,0.0023437,0.008614218,0.010403349,0.0083825765,0.0037951767,0.0067283367,0.0070502437,0.0022609697,0.0020457983,0.003517374,0.008692504,0.0066718734,0.0026443729,0.0050285035,0.0018853176,0.0025497829,0.006667772,0.0044730655,0.005002165,0.0056386543,0.0064674797,0.39065832
FAM83C-AS1,0.00044201565,0.0006728002,0.000686262,0.0072125974,0.0037136313,0.0008171453,0.00097212265,0.0017075838,0.00043787598,0.0013642318,0.0012283542,0.24047473,0.0004957206,0.0010869268,0.001111977,0.00034537332,0.00028899647,0.00048900774,0.0010476428,0.00090656534,0.0004250244,0.00074722746,0.001178871,0.00039399462,0.0010365344,0.0007623618,0.0007701387,0.0008417,0.00096370344,0.0003801375
MYL9,0.009015477,0.024280561,0.027063478,0.022265173,0.049380284,0.031043027,0.026110137,0.044031806,0.012991472,0.040501837,0.038646437,0.038825806,0.010612471,0.03384965,0.040511098,0.011018432,0.017020682,0.01589332,0.028874071,0.03042085,0.013538883,0.025292711,0.0112548815,0.64974916,0.030543245,0.017572174,0.0201379,0.020899028,0.03070161,0.023357447
SAMHD1,0.15965983,0.19332851,0.17926767,0.1909106,0.22325423,0.1533362,0.17629924,0.25273082,0.039333135,0.22687034,0.2329058,0.22218737,0.07261394,0.18111356,0.19460273,0.110576004,0.087375045,0.10909358,0.21503356,0.17554814,0.06160126,0.14416784,0.08297065,0.115176745,0.19337669,0.16035382,0.23106785,0.14054197,0.16156954,0.09548311
GHRH,0.00040872977,0.000774632,0.00077562215,0.0007732808,0.0019756905,0.00325794,0.001116552,0.0016642936,0.00036913506,0.0016227458,0.0013690252,0.0016170706,0.00059364294,0.0013818874,0.001195766,0.00031048278,0.00034547,0.00066537166,0.0012005946,0.0010459328,0.00040315368,0.0008368676,0.00032907512,0.00044538116,0.001144183,0.0007619045,0.018726744,0.0010583511,0.0010919468,0.00043577922
MAFB,0.04362805,0.10867601,0.10680786,0.10531802,0.35715818,0.35608405,0.15506914,0.21805583,0.048637994,0.21843632,0.19042929,0.20610595,0.076251745,0.17218,0.17296758,0.047701642,0.048437923,0.09622838,0.16214634,0.13067956,0.05554322,0.13563529,0.044038508,0.06417131,0.14751984,0.10255323,0.10081234,0.115619384,0.1559195,0.061164226
MYBL2,0.036740668,0.116294436,0.08075104,0.119303025,0.03463884,0.025060445,0.026890574,0.050205637,0.5794409,0.041542903,0.0353627,0.045280635,0.22543257,0.02893089,0.042231414,0.010020972,0.013790129,0.015991617,0.030224388,0.028346859,0.36360335,0.020636065,0.19753544,0.026999423,0.03617465,0.016026458,0.029925924,0.07682315,0.028570255,0.6420562
PKIG,0.06672094,0.339669,0.25682876,0.3530392,0.06410457,0.04605959,0.04966217,0.10658579,0.017968038,0.07503978,0.06323945,0.12127411,0.030661395,0.06543574,0.061107054,0.028862065,0.10740335,0.03896583,0.058716025,0.05561138,0.019439451,0.05074721,0.017597081,0.09444505,0.05507727,0.08326584,0.047301266,0.056521695,0.05343436,0.045952383
ADA,0.06962379,0.063406296,0.058972176,0.0632408,0.09836789,0.32133797,0.15684386,0.17488477,0.14013173,0.1706433,0.16000283,0.16723762,0.052163407,0.17562762,0.19697051,0.03383706,0.07006271,0.07277141,0.14807633,0.19017006,0.10345713,0.13270876,0.050032344,0.038040824,0.1313393,0.0797813,0.08482113,0.08956215,0.13501503,0.14427018
SDC4,0.012818587,0.022576796,0.021343362,0.020268297,0.10342551,0.028418032,0.033655953,0.04758092,0.012543198,0.04956197,0.052237924,0.048631705,0.013914057,0.03755491,0.041165132,0.021586465,0.009260111,0.017805098,0.045756504,0.031280898,0.020950418,0.024387239,0.009354518,0.11657556,0.032681476,0.016556062,0.032535367,0.028487766,0.038873974,0.01714065
WFDC10A,0.00017528285,0.00024400094,0.00024371383,0.0006989132,0.0003676283,0.00029313553,0.0003225135,0.0004943933,0.00013754552,0.00041410705,0.00042092777,0.00044396188,0.00018057988,0.00036838284,0.00035957462,0.00013293658,0.00012180043,0.0001726745,0.00034458534,0.0002919626,0.00012841422,0.00025605503,0.00010977861,0.00013630855,0.00033384305,0.00025810653,0.0002516367,0.00026813408,0.0003014503,0.00016972642
UBE2C,0.0053141676,0.018082941,0.02762635,0.01815925,0.02489374,0.020993665,0.016559698,0.036113553,1.1290196,0.028551819,0.02155299,0.028735755,0.43588427,0.025217952,0.024283279,0.006440055,0.01761697,0.012201198,0.038569722,0.016812121,0.5643426,0.016681712,0.0984493,0.0910697,0.02983463,0.0381248,0.025846804,0.020734819,0.026427945,0.007726665
TNNC2,0.011123989,0.0454314,0.050231837,0.027854599,0.05057825,0.04026678,0.03249815,0.06456089,0.017056013,0.05740266,0.046718195,0.05655223,0.017055158,0.05015322,0.033707395,0.014298963,0.0134231495,0.051952336,0.040732782,0.033290613,0.018450962,0.023002762,0.013996419,0.55095744,0.037497442,0.038870703,0.026437562,0.0416759,0.033408664,0.016033513
CD40,0.034284696,0.31615484,0.36804286,0.3749022,0.13063483,0.1394525,0.08115511,0.12980734,0.026008375,0.11139182,0.115149215,0.13510068,0.045546014,0.088248745,0.100647256,0.038244825,0.029435406,0.04671021,0.09249945,0.087486826,0.038594957,0.06224957,0.0375292,0.03962488,0.09567698,0.12472131,0.082503065,0.06784213,0.08825932,0.04216273
SNAI1,0.037790727,0.028855737,0.022993311,0.026780348,0.12894748,0.03347824,0.031850066,0.05309814,0.01318518,0.049140915,0.04596287,0.055714022,0.052836876,0.041306857,0.040727127,0.02679669,0.010096904,0.019860271,0.036901057,0.033404034,0.014697847,0.02743624,0.010487133,0.015770629,0.03833719,0.029465277,0.16394474,0.029415583,0.029799955,0.038568795
CEBPB,0.0682595,0.12293314,0.106448166,0.120383374,0.26782182,0.2809712,0.1539622,0.26638654,0.057576902,0.20247918,0.18345614,0.27148685,0.09847061,0.21167664,0.16001838,0.066757664,0.047060747,0.078638494,0.17779788,0.12687369,0.056773823,0.14265688,0.050323468,0.082528576,0.19822691,0.106370755,0.09204897,0.148974,0.121948235,0.08736768
SMIM25,0.033487406,0.061145287,0.05801519,0.06275554,0.24898568,0.5350714,0.07789901,0.12652922,0.031001765,0.11572853,0.09970961,0.122536555,0.037390538,0.09954946,0.08804827,0.02541383,0.027086567,0.04284236,0.08773928,0.07798193,0.03286501,0.05792235,0.028442914,0.036673293,0.08746172,0.061734207,0.06537865,0.06443846,0.070954315,0.037596434
KCNG1,0.0067340066,0.04971534,0.015721524,0.33720368,0.023484329,0.016248444,0.020372383,0.033420745,0.008941753,0.027037004,0.03007257,0.032415196,0.0122704515,0.02439859,0.025182256,0.007672648,0.007668961,0.013083379,0.023138307,0.01963408,0.0076693045,0.016197849,0.00624498,0.01228197,0.022623062,0.014068659,0.015909817,0.018300341,0.018245645,0.00898637
TSHZ2,0.038095035,0.08257182,0.15075448,0.09862881,0.1311195,0.10773806,0.12939371,0.91689247,0.08095904,0.68022776,0.18228199,0.25420755,0.06401008,0.16957787,0.13340566,0.057267714,0.048734367,0.102835394,0.1347417,0.1140637,0.05649671,0.084911175,0.05607506,0.05669192,0.27106264,0.0678539,0.08092052,0.19002552,0.13207905,0.051188283
AURKA,0.03997501,0.029697778,0.04426337,0.028721599,0.07759795,0.084639624,0.056895155,0.06306761,0.65269053,0.07166032,0.064083345,0.051027216,0.14449377,0.049501482,0.06611629,0.010750763,0.019311098,0.015296117,0.04202422,0.057198726,0.24607602,0.03432779,0.040384952,0.012849122,0.03719759,0.017934255,0.057611607,0.07894755,0.038177166,0.015897734
PMEPA1,0.09111203,0.18875061,0.1097909,0.19604547,0.060223453,0.037474196,0.03641504,0.10250203,0.012732954,0.06347041,0.060026698,0.1064754,0.01734606,0.072982736,0.04710845,0.013115292,0.012995507,0.06824656,0.04299041,0.037278753,0.01558442,0.02701005,0.07140585,0.023116603,0.05014253,0.028466363,0.033030532,0.034896366,0.036848124,0.3535411
CTSZ,0.15343305,0.14168422,0.13837688,0.14780945,0.30624026,0.2479671,0.18959701,0.27484605,0.0625773,0.257924,0.25183752,0.27258652,0.077454045,0.22585806,0.23427445,0.052703273,0.057061512,0.1304617,0.20355141,0.18298265,0.06220384,0.14127816,0.037644684,0.092250675,0.20714325,0.33857486,0.28018177,0.12717125,0.17556268,0.14596179
TUBB1,0.015440614,0.026998842,0.028060887,0.029844988,0.06801122,0.040623873,0.041797582,0.06347333,0.013070571,0.054685175,0.0480038,0.059634745,0.01755081,0.03855457,0.046918985,0.014400546,0.011885532,0.024361791,0.04005708,0.03554992,0.017850593,0.02811842,0.009557405,0.62117434,0.043585677,0.022755418,0.02901854,0.028132735,0.041238144,0.027874595
GZMM,0.1115085,0.19026998,0.19005619,0.1939554,0.2907434,0.23392524,0.51717573,0.49873435,0.105189726,0.3885257,0.49675047,0.43249655,0.21309553,0.37891763,0.54019034,0.07454054,0.084941134,0.12292385,0.38161317,0.640394,0.18319903,0.32858872,0.09449046,0.13883208,0.35007322,0.18623117,0.2073725,0.3455585,0.45820343,0.1173156
FSTL3,0.015189561,0.035080064,0.034097612,0.038493667,0.15226807,0.0684699,0.037374236,0.08221989,0.009885828,0.063613616,0.06521127,0.067771874,0.018522453,0.044569958,0.052620728,0.012929532,0.034872156,0.024328347,0.07388149,0.048245057,0.017511545,0.03512951,0.013350441,0.021536201,0.0529439,0.038666874,0.05057778,0.027948305,0.046415325,0.021399787
PRSS57,0.009053224,0.0185316,0.02076364,0.020263666,0.030578736,0.02916156,0.022998182,0.032184687,0.008464138,0.026500951,0.036069974,0.03487273,0.010412551,0.027165769,0.034318518,0.010149651,0.61565566,0.026689714,0.02258899,0.1363931,0.057273373,0.02970417,0.0077505987,0.014355973,0.024098646,0.0144188935,0.03486739,0.017231634,0.037270226,0.012044017
PALM,0.0016631325,0.002273938,0.0023180395,0.0054344917,0.0054267943,0.02671422,0.0030537345,0.0070873066,0.0013082173,0.0041254973,0.0038802254,0.009665735,0.001092393,0.0034319,0.0037582077,0.0012054177,0.07925599,0.0017021198,0.003143856,0.0028665313,0.0012974245,0.0023729044,0.0008564357,0.0012254536,0.0031807392,0.0017498999,0.0029245731,0.0023362406,0.0030655053,0.0050889533
PLPPR3,0.00076058914,0.0016865211,0.0016291968,0.0017234263,0.0069407066,0.0025652207,0.0020872524,0.009468736,0.0007165733,0.0049072187,0.0027206747,0.0031210831,0.0010706708,0.0023055829,0.0047833915,0.0009554601,0.016620083,0.0014120028,0.002332754,0.0019627914,0.0008382253,0.0016713813,0.0006987274,0.0009541626,0.0023855262,0.0014429763,0.0015667639,0.0019246003,0.02494407,0.00095270784
AZU1,0.007813256,0.013020691,0.01319299,0.013892744,0.07246832,0.02861154,0.018049752,0.025268972,0.008256731,0.02416598,0.02882711,0.024266137,0.008362193,0.017291235,0.022052415,0.007996612,0.016413663,0.009705542,0.019079547,0.01816136,0.0071128584,0.0150282765,0.004628901,0.0067336657,0.021584814,0.011813089,0.03337541,0.017311426,0.020050382,0.0073051453
PRTN3,0.00033903035,0.0006959938,0.0006702989,0.0006740383,0.021745449,0.0007741876,0.0008669656,0.0014243743,0.0004372947,0.0012467427,0.0012077697,0.0014434331,0.0005235876,0.0009863062,0.0010499958,0.00044170988,0.0071605067,0.00043688406,0.0010923425,0.0008693818,0.00038451952,0.0007576579,0.00028418776,0.00037375366,0.00103306,0.00042837748,0.5924741,0.00088508613,0.00088612875,0.000420752
ELANE,0.00458947,0.011488295,0.011003116,0.01149196,0.08167414,0.015070814,0.015855579,0.021969892,0.004968648,0.02077911,0.02003199,0.023352234,0.006680437,0.017707288,0.016612776,0.0036730473,0.016471894,0.008593241,0.016182719,0.01437114,0.0062918123,0.0132405525,0.0041035498,0.010496472,0.019422915,0.009770632,0.11010729,0.013184216,0.014574303,0.0069896826
CFD,0.048088185,0.07641667,0.075863004,0.081601694,0.23677348,0.3229377,0.11596738,0.16770245,0.039701745,0.1524818,0.15973668,0.17047566,0.061651345,0.13361003,0.1186072,0.044602342,0.0326987,0.05108464,0.12677619,0.10023075,0.047129977,0.08770161,0.038327508,0.05426243,0.12025877,0.065378636,0.06270148,0.09723725,0.10407653,0.04390151
MIDN,0.054629795,0.15720612,0.15805767,0.16108248,0.30440846,0.28192103,0.22221966,0.34858036,0.057489607,0.30216488,0.29285288,0.31512228,0.084200785,0.25423336,0.24211287,0.07373233,0.049458496,0.14533868,0.2764589,0.2533388,0.087489925,0.20429061,0.055540435,0.0867358,0.2770997,0.07607024,0.14576156,0.18789835,0.20452885,0.067650095
PLK5,0.0002819664,0.0004803308,0.0004835131,0.0004730547,0.0020166195,0.0063973325,0.00062436046,0.008228017,0.00031226678,0.0009762407,0.0009811559,0.00304694,0.0004318506,0.000747372,0.0007375237,0.00021066525,0.00023813888,0.00035219657,0.0007612618,0.00064220995,0.00027848364,0.0005569142,0.00024751617,0.00029612074,0.0007002951,0.0003938701,0.00055072183,0.0005193172,0.00063137297,0.0002841755
JSRP1,0.05016545,0.011180113,0.04453046,0.014600115,0.027277373,0.02291187,0.051892966,0.034593143,0.006260136,0.026885986,0.03850928,0.024385458,0.0085649,0.021224378,0.03780749,0.018815165,0.0050959224,0.009513023,0.031206457,0.021059738,0.00788123,0.011634181,0.18858705,0.049355533,0.04377318,0.00963851,0.01748868,0.011821734,0.032536548,0.011446717
OAZ1,0.045091726,0.090340495,0.073684916,0.08435366,0.25083488,0.25549772,0.13344721,0.33066878,0.03308159,0.25037134,0.20732476,0.28126854,0.03728023,0.18370734,0.16357115,0.035818763,0.045336742,0.052480336,0.1595371,0.13546123,0.046762675,0.12605423,0.035350434,0.25114194,0.19756615,0.046385508,0.10982782,0.14495239,0.1294187,0.047738686
GADD45B,0.04678375,0.11388227,0.117714666,0.11914273,0.2708277,0.15217634,0.18677989,0.2796244,0.05181726,0.2448345,0.24737515,0.24180704,0.0766344,0.21817726,0.2023477,0.07836477,0.04063399,0.123592295,0.21505798,0.19736132,0.054553337,0.12980281,0.047483142,0.082302265,0.21130738,0.07678674,0.15385237,0.18451425,0.18306643,0.061111603
GNG7,0.13370287,0.2906654,0.38258195,0.3145123,0.09198268,0.051003844,0.0649311,0.10924835,0.022634884,0.10001389,0.0939065,0.12143364,0.04131768,0.0779378,0.073449455,0.02427738,0.036704153,0.044205125,0.06775131,0.059723433,0.028754447,0.04941053,0.1829757,0.031190773,0.08053706,0.25963312,0.10254605,0.066412345,0.06056142,0.2502006
SMIM24,0.012491666,0.007594897,0.004512466,0.013394287,0.0072568916,0.008354216,0.0062586386,0.0133207785,0.0018078579,0.009394275,0.025546169,0.030580048,0.003883827,0.011607371,0.010242845,0.005881453,0.6148552,0.022099609,0.006832729,0.009739411,0.0027155285,0.032143943,0.0018906562,0.0036987527,0.007012325,0.004144343,0.005857514,0.0073023653,0.010301157,0.003885219
MATK,0.062166516,0.10608216,0.1091836,0.11200301,0.17560795,0.14813751,0.3759179,0.28770617,0.09459879,0.26156965,0.32549727,0.27866536,0.15828745,0.25646052,0.41063794,0.049022775,0.09119956,0.16767721,0.3693413,0.57318306,0.1956489,0.45481834,0.05036486,0.086986236,0.17708547,0.09957871,0.11974624,0.17411731,0.37388816,0.06593695
CREB3L3,0.0002802009,0.00057968794,0.0005865985,0.0005761972,0.004355298,0.00064297224,0.00083576917,0.0012009045,0.05737876,0.0011736371,0.0011470491,0.0012316509,0.0004355078,0.0011642765,0.009196394,0.00020545832,0.00026745605,0.00048668764,0.00090804254,0.035554852,0.0003510683,0.00062410266,0.0002851989,0.0003520125,0.00086932734,0.00060100574,0.0005913077,0.00077291444,0.00072667055,0.00032732866
EBI3,0.004122915,0.08082426,0.10673809,0.024256475,0.017466536,0.03225249,0.008276568,0.014215507,0.0030291132,0.0124469,0.023146495,0.021244945,0.0052173776,0.010164146,0.010519331,0.0035559349,0.0028999671,0.0051972754,0.009422988,0.009938324,0.0044567194,0.0072092614,0.004621941,0.0035064295,0.009564325,0.006869234,0.020536415,0.008884156,0.014038706,0.004307599
SHD,0.016345132,0.008821652,0.0052662473,0.0057831877,0.009024969,0.0068612657,0.0073613613,0.013701564,0.0025896705,0.0115706995,0.010354207,0.012852724,0.0036589182,0.008593395,0.0113073485,0.0030966022,0.0035496166,0.014179971,0.008061494,0.008403429,0.0034724267,0.005361433,0.002603732,0.0072425115,0.007685373,0.00515864,0.00578264,0.0070325816,0.0074757165,0.56248176
LRG1,0.027851062,0.031712625,0.03057561,0.027048832,0.13364856,0.042584345,0.035127647,0.059621062,0.018854167,0.05852409,0.050365593,0.05231712,0.017726969,0.043329824,0.046441156,0.017906675,0.010633931,0.019997234,0.040334463,0.037417203,0.012441437,0.028441068,0.011707041,0.01591916,0.048406895,0.034281775,0.06718447,0.03366184,0.036567166,0.015479435
SEMA6B,0.008587445,0.021030521,0.022387918,0.024019955,0.107093416,0.03212139,0.026294474,0.039948877,0.011344762,0.034991767,0.031940382,0.03498407,0.009631749,0.036284663,0.030041419,0.009900813,0.008742671,0.013310617,0.028011639,0.030256705,0.012438204,0.028633354,0.0073831114,0.010899115,0.02897298,0.012521284,0.041820914,0.022935003,0.03181295,0.012876112
MYDGF,0.06254499,0.072650455,0.07289726,0.081323326,0.120198876,0.10098793,0.11851221,0.16175482,0.024748959,0.14590602,0.15588236,0.1482057,0.067746684,0.12093529,0.14409436,0.031999346,0.0315099,0.07082096,0.1406617,0.13435729,0.052690405,0.0991657,0.12524436,0.04451304,0.11531845,0.051290475,0.08639863,0.098764315,0.119468644,0.07047041
UHRF1,0.0053848345,0.010790688,0.023777945,0.023513122,0.030942054,0.017284073,0.021465978,0.027464114,0.7215288,0.022961369,0.018468825,0.029469533,0.5166764,0.024199627,0.025558619,0.0062383604,0.03978447,0.008503027,0.026536636,0.018334461,0.49227092,0.020841917,0.06248976,0.0066826497,0.033168375,0.00822492,0.03168315,0.047785707,0.01673049,0.03763606
PTPRS,0.0656592,0.02118189,0.008947341,0.01324643,0.015815537,0.010352576,0.009580606,0.02971626,0.002482077,0.016323412,0.013623293,0.022752043,0.0040452057,0.01395338,0.012070536,0.0034209727,0.0027129003,0.014963775,0.014743936,0.009082259,0.0037548412,0.009337006,0.004900267,0.011492105,0.01771031,0.0049579935,0.009288053,0.0095275715,0.018174795,0.35665116
TNFSF9,0.16244556,0.14762664,0.05966553,0.030893784,0.09803242,0.061522335,0.059854418,0.054418508,0.01856436,0.049186476,0.05570941,0.052294847,0.024178099,0.041363213,0.090619504,0.01474832,0.017876847,0.02068413,0.07996603,0.036820404,0.016112017,0.17704819,0.022249617,0.014854335,0.041381847,0.039529905,0.17784247,0.037270963,0.05336246,0.11761238
CD70,0.005505537,0.1289397,0.1581032,0.028889954,0.019899853,0.016440554,0.030715985,0.029645052,0.06077924,0.04120931,0.08348587,0.030540485,0.083015926,0.032908734,0.04887028,0.013125652,0.005518622,0.011106927,0.058408204,0.023435771,0.012750174,0.020436166,0.034275867,0.011193388,0.030549223,0.009901349,0.015736254,0.042603415,0.02046901,0.0068725753
TRIP10,0.037379097,0.054669894,0.029710624,0.04065282,0.10299431,0.037232295,0.03423162,0.05763829,0.010362518,0.05590916,0.04487953,0.055254698,0.015074576,0.05117842,0.04604785,0.014072241,0.026764307,0.01619233,0.048090737,0.034613144,0.01493103,0.03483171,0.023358481,0.023773167,0.04783796,0.10509021,0.111155115,0.026909184,0.03403458,0.12477802
STXBP2,0.08466701,0.12509386,0.11481069,0.14134493,0.3101502,0.43965116,0.17007902,0.2817308,0.053445954,0.24034867,0.23672007,0.2495788,0.08165649,0.21277213,0.21767192,0.061647315,0.044885613,0.098356254,0.20293008,0.18405363,0.071375206,0.13185115,0.0433628,0.12548244,0.1803467,0.09180437,0.10010445,0.15122965,0.16204461,0.069822825
RETN,0.0795955,0.10799809,0.109324366,0.11106627,0.55753094,0.25514656,0.15027857,0.23572348,0.049161147,0.21005484,0.19957079,0.24117449,0.076927185,0.16951567,0.19245051,0.05593464,0.04891208,0.0812638,0.16079685,0.14454074,0.051656492,0.11116091,0.05041287,0.061408572,0.17995127,0.0864633,0.17274852,0.1424375,0.14796285,0.06297641
MCEMP1,0.030045297,0.041661266,0.039796006,0.04101759,0.2471237,0.046957277,0.051250197,0.07967619,0.021123033,0.07104137,0.067638114,0.08390912,0.046977166,0.060455278,0.06398674,0.024391407,0.01702569,0.032515906,0.0540756,0.05499154,0.023091128,0.042823482,0.01675688,0.04890883,0.057445187,0.024942989,0.047252484,0.05467835,0.051405847,0.024215592
FCER2,0.02415123,0.3281171,0.21892115,0.8482845,0.100635365,0.07378855,0.064094216,0.09826836,0.023597522,0.08727876,0.08266141,0.10618612,0.036409188,0.07389632,0.08771748,0.027985686,0.022454597,0.041303836,0.068853766,0.07443017,0.02773753,0.0531989,0.037264507,0.030315762,0.07192942,0.04598104,0.056332007,0.060341604,0.077798106,0.03209793
MARCH2,0.044930436,0.08519017,0.07891341,0.08179024,0.17173648,0.14818977,0.14521828,0.1848845,0.05536161,0.18362269,0.17689075,0.16712762,0.051903702,0.15319704,0.17867413,0.043682456,0.045513257,0.085090525,0.13193595,0.13245974,0.049800545,0.09537242,0.028240914,0.37594092,0.132944,0.074430734,0.09074131,0.10923078,0.12577713,0.124317214
PRAM1,0.043833915,0.09237285,0.088628486,0.09000246,0.34273377,0.27122676,0.13167189,0.20232609,0.043370508,0.167637,0.1814655,0.17332274,0.05363354,0.14439435,0.1470991,0.04684222,0.049110122,0.115202114,0.14693318,0.1175874,0.046849433,0.11470125,0.038863637,0.05153803,0.12954159,0.09900024,0.116590835,0.099658035,0.12679018,0.05389855
MUC16,0.00079921517,0.002062017,0.08400171,0.0019935814,0.0029211084,0.0024734084,0.00500572,0.0056406357,0.0010802668,0.0047517354,0.0036247016,0.004129382,0.0011126488,0.0035545353,0.008409781,0.0012198299,0.0010354465,0.0016420699,0.010382915,0.0045964913,0.001138491,0.0022614016,0.0008336878,0.0013017593,0.0030484525,0.0017817202,0.0020119352,0.0024531095,0.0064436803,0.0011596702
COL5A3,0.0058988966,0.014678413,0.01361089,0.012156625,0.0211675,0.014331854,0.02931214,0.029762296,0.03732879,0.09508618,0.13083532,0.027634561,0.0069198776,0.023914136,0.02991912,0.008199749,0.0058911247,0.010339238,0.23851025,0.03297202,0.011017012,0.013446781,0.005463217,0.006699685,0.01859496,0.011026043,0.012820493,0.014386082,0.044679742,0.007099731
ICAM1,0.06890342,0.0682217,0.06379456,0.06279837,0.2986389,0.14707863,0.09185073,0.13633575,0.03232007,0.12972276,0.13231054,0.12382977,0.06088018,0.091967165,0.115413636,0.038497694,0.028237678,0.077106215,0.09468273,0.09822847,0.04085584,0.09006472,0.029883195,0.043036185,0.096849605,0.09042094,0.114914246,0.08666928,0.10636737,0.055252325
ICAM4,0.08742984,0.023878664,0.027482105,0.024927376,0.08584121,0.34287092,0.029059771,0.060944933,0.030690152,0.058522765,0.043086827,0.050368525,0.020796813,0.044795487,0.03516364,0.012663697,0.08922352,0.019825447,0.03671266,0.02915246,0.013189415,0.0242224,0.02433007,0.016896116,0.03381408,0.05448103,0.06999596,0.03004787,0.034787793,0.026610883
S1PR5,0.039716605,0.07725814,0.071021326,0.073342375,0.10792346,0.108269885,0.32686672,0.15832874,0.05535908,0.13680169,0.17205772,0.15599513,0.110607624,0.11506556,0.3776089,0.04411505,0.031248305,0.061627347,0.25875902,0.48606956,0.2168549,0.13674052,0.031827137,0.05364,0.10557188,0.060201317,0.08065533,0.08660463,0.2912511,0.042672854
C19orf38,0.06104639,0.1131229,0.11187883,0.10998452,0.39532828,0.3334832,0.13742194,0.22618985,0.059997596,0.20656495,0.18322556,0.2061759,0.07593846,0.16980231,0.16313973,0.050801177,0.05219044,0.08080174,0.16282362,0.15722474,0.060344227,0.12262772,0.041816354,0.064029716,0.16330507,0.14599088,0.15557541,0.1313903,0.13311864,0.065877125
LDLR,0.03093009,0.060698394,0.064258985,0.056116782,0.22698255,0.0860688,0.08672282,0.16789879,0.082951255,0.14278126,0.13303886,0.120984,0.054463476,0.11032547,0.14024684,0.029559111,0.06535848,0.057934813,0.09388465,0.14418878,0.079137966,0.07656619,0.053907007,0.035314642,0.13215223,0.04187512,0.07695017,0.14218424,0.105909556,0.035793032
SPC24,0.0029360869,0.005458059,0.018459,0.009136574,0.009102598,0.008907147,0.0077535785,0.019609382,0.46794868,0.018759636,0.013655861,0.01577429,0.17496575,0.010393518,0.016522637,0.0031837705,0.011297137,0.0047909673,0.011037459,0.010047763,0.24584903,0.0126410695,0.03462728,0.007993013,0.018893657,0.005663583,0.005716307,0.012030924,0.013251953,0.0032412014
JUNB,0.08062926,0.16461383,0.1878989,0.15809494,0.27660105,0.1798133,0.24016109,0.44676322,0.10678726,0.34779564,0.30694208,0.41392145,0.1472924,0.34047002,0.3236896,0.17019992,0.13927712,0.13393444,0.2812301,0.23226465,0.122717515,0.17773846,0.12292162,0.15773878,0.30022922,0.14318658,0.14431551,0.23360299,0.24257252,0.13730359
KLF1,0.0043088985,0.0073581412,0.007184025,0.0069591803,0.028311107,0.0694445,0.009898594,0.01739774,0.004879109,0.01655436,0.018005464,0.01222784,0.005847431,0.0099325,0.011952353,0.1909707,0.39284962,0.0067857946,0.01411831,0.01555494,0.03252971,0.0075053503,0.003712287,0.004291701,0.010312299,0.006342072,0.007970957,0.007370928,0.016728014,0.0039851097
CALR,0.033562236,0.08842662,0.07820185,0.099041246,0.14572321,0.091040745,0.15249394,0.19701087,0.050614,0.1700391,0.17154768,0.18151733,0.123945475,0.13514586,0.18870918,0.052945964,0.037444595,0.06407727,0.14620832,0.1805561,0.07680441,0.10562078,0.10340644,0.07387058,0.15837319,0.11579039,0.07916634,0.14281525,0.15314877,0.06903054
LYL1,0.06080414,0.16818526,0.19966327,0.20087829,0.29814154,0.34754646,0.14822257,0.21911426,0.05933744,0.2259667,0.19210643,0.19747305,0.06966593,0.16457622,0.16139866,0.05129744,0.18712276,0.12864134,0.15197057,0.124760054,0.056577064,0.10202318,0.041048355,0.21809359,0.16719818,0.121790215,0.16513488,0.11852246,0.15431929,0.07026001
IER2,0.049498517,0.11863174,0.10830928,0.14592516,0.28385326,0.11054005,0.16431797,0.2969464,0.06838129,0.23169498,0.2187549,0.28762478,0.0793913,0.22325808,0.17514467,0.076956585,0.054335322,0.087696634,0.16666318,0.14305261,0.060927834,0.13177486,0.06296904,0.10149744,0.22989106,0.071736276,0.088321194,0.16228715,0.16418993,0.08039395
AC020916.1,0.05183831,0.09189166,0.08365428,0.07801152,0.31770363,0.136435,0.12873968,0.18499991,0.046627037,0.18159737,0.1596081,0.14641084,0.060704254,0.12809259,0.1393075,0.049173534,0.07374753,0.12978514,0.13819435,0.11004322,0.042960938,0.17097673,0.030397581,0.059137423,0.11763381,0.07866791,0.1258848,0.08638964,0.11152926,0.058506373
ASF1B,0.0066352356,0.022490205,0.020926788,0.032850966,0.054105364,0.062268186,0.031016683,0.04418976,0.36926466,0.031010456,0.029646836,0.038955953,0.23633347,0.036226816,0.03556071,0.0066337087,0.0145131415,0.010298767,0.019713255,0.031946775,0.33083153,0.028263604,0.013894493,0.0226929,0.03714085,0.020093966,0.02201909,0.01737744,0.028686091,0.009955854
ADGRE2,0.030216094,0.05731412,0.06328939,0.058375116,0.24554205,0.27239934,0.07722237,0.119722225,0.025549255,0.1192323,0.097374275,0.10917725,0.04059035,0.09829564,0.08809351,0.02889454,0.031346142,0.049586006,0.08533084,0.07685465,0.032625496,0.06405044,0.022335235,0.031642128,0.078622475,0.047107935,0.10140031,0.056508683,0.06803597,0.048865713
TPM4,0.06874534,0.11612279,0.10025462,0.11551741,0.1800227,0.09686065,0.17138202,0.22184214,0.10534076,0.21683504,0.19855705,0.19859187,0.07949251,0.19890504,0.20515648,0.053639956,0.04229645,0.11574657,0.170632,0.1794668,0.0667495,0.12936935,0.03805356,0.2361846,0.1582746,0.123871066,0.12661491,0.13301499,0.16616821,0.060111593
NWD1,0.00037854924,0.0011254332,0.024777347,0.0036757505,0.006310849,0.0040144986,0.0015819519,0.00556524,0.00059999427,0.002110191,0.0020129723,0.0048968205,0.00066873064,0.0017424693,0.0016623694,0.0006968495,0.00049964094,0.0006975395,0.0015951544,0.0041098013,0.00072947796,0.0012062663,0.00050601026,0.00063237996,0.001808727,0.0010892226,0.0014857118,0.0015008172,0.0015621854,0.0006717094
F2RL3,0.0034003952,0.007409155,0.0069967983,0.008565432,0.034899484,0.010387231,0.009403391,0.01530668,0.0035138049,0.013902232,0.014259187,0.037070688,0.0043459884,0.01120564,0.012550097,0.0061553484,0.03179061,0.1009096,0.010730351,0.011846685,0.003388494,0.0073568667,0.022305852,0.26335764,0.010602901,0.0066191265,0.0067179864,0.008475592,0.010508132,0.0039525484
PLVAP,0.003202823,0.011477193,0.006409254,0.0073749963,0.012824611,0.028004391,0.007859479,0.015154622,0.003545807,0.011848291,0.0109615885,0.013250196,0.004187125,0.010370873,0.010238266,0.034136962,0.004890609,0.005354312,0.0099476725,0.00865616,0.0036546784,0.0073331897,0.0038033933,0.0037351814,0.009524383,0.0088371495,0.025454694,0.007413811,0.007860286,0.43452513
FAM129C,0.058882754,0.3284391,0.17577116,0.35364425,0.046683628,0.038468376,0.047008537,0.06760164,0.015256678,0.05978466,0.057503354,0.06507131,0.01891574,0.047338862,0.04832839,0.019154282,0.016633032,0.023219746,0.043557804,0.04618453,0.016859192,0.0336995,0.013593433,0.023148233,0.045317758,0.019302972,0.032205313,0.043362517,0.040413253,0.33798614
IFI30,0.036845177,0.090036765,0.09661704,0.09241129,0.29856437,0.3351174,0.115615174,0.1990145,0.04939124,0.1820697,0.14228451,0.1719909,0.05802448,0.14031415,0.13269216,0.06583444,0.04232235,0.076898746,0.1343346,0.11006943,0.051821258,0.09168777,0.037925437,0.0517258,0.128883,0.063290685,0.16668066,0.09920429,0.10841559,0.049753923
LRRC25,0.064019084,0.101595625,0.102145694,0.101975955,0.36459097,0.48875114,0.12408881,0.202646,0.05121148,0.19996941,0.17481348,0.18025191,0.069413446,0.14722191,0.14057401,0.046745446,0.037895396,0.09314031,0.1413459,0.13197872,0.06023566,0.10481736,0.040467918,0.060710352,0.15155095,0.07728847,0.14291202,0.120040745,0.12527315,0.0698743
CEBPA,0.120401494,0.07644637,0.072330825,0.07442661,0.3198895,0.37242246,0.12836434,0.18895291,0.042435594,0.14874943,0.13169974,0.13307944,0.07646094,0.114914805,0.14756525,0.031065669,0.05271396,0.060733557,0.12009725,0.123646006,0.04742554,0.07710771,0.030614138,0.05294544,0.117029145,0.078784265,0.19460015,0.07697657,0.14617139,0.042906888
SCN1B,0.017770445,0.028959747,0.017417552,0.020804351,0.050585628,0.024959868,0.041527055,0.03996412,0.009153781,0.055709288,0.05363668,0.033380114,0.01225754,0.0260183,0.02795637,0.009755051,0.016527535,0.15309168,0.09316306,0.022927526,0.015374557,0.025979426,0.009255827,0.28392932,0.02836974,0.014501741,0.089364745,0.01966543,0.032721914,0.010634462
FAM187B,0.00043906138,0.0011662834,0.0010430776,0.0020263619,0.0015885601,0.008056328,0.0014842491,0.0023344269,0.00046408916,0.001978366,0.0020218915,0.0021042125,0.0004556774,0.0017700292,0.0021859058,0.0005039464,0.00042824593,0.00072810374,0.0016379273,0.0013676926,0.00050821935,0.0012806827,0.0004494274,0.030252663,0.0016681023,0.0010110268,0.0010047255,0.0011113817,0.0015813424,0.0006821088
HAMP,0.35330427,0.021561997,0.0027819348,0.0029795854,0.012742803,0.005663318,0.003496762,0.0050976533,0.0016656698,0.0068552615,0.007411304,0.005092857,0.0016845991,0.004036199,0.0058747027,0.0014282955,0.0011382516,0.0023047996,0.003603268,0.0051215794,0.0013194161,0.010481703,0.0009786721,0.0015589099,0.0035802324,0.0025680189,0.009136846,0.00265505,0.007424002,0.0016435779
CD22,0.10386907,0.47600085,0.2666684,0.52099353,0.05583634,0.044583615,0.05257667,0.07944901,0.022450747,0.068859145,0.07018468,0.093404695,0.025319323,0.06023495,0.06711053,0.018046455,0.01862809,0.029035624,0.05788824,0.05754628,0.0187314,0.04445577,0.018826436,0.028263541,0.06190904,0.033174675,0.05024455,0.055889796,0.056940936,0.024892757
FFAR3,0.0026664739,0.005812419,0.005976505,0.00621147,0.041316424,0.034785297,0.008182176,0.012330377,0.0026633719,0.011442119,0.016228592,0.011367259,0.0051058475,0.009904304,0.010146539,0.0031572783,0.0028716002,0.0045274,0.008670363,0.007858798,0.0035251416,0.0060464563,0.0028221295,0.03605551,0.010058104,0.004108668,0.0070231003,0.008492759,0.007922333,0.003998938
FFAR2,0.022824649,0.041642927,0.04073624,0.042673633,0.19628057,0.13609107,0.05474079,0.08839698,0.023736363,0.08078343,0.0870699,0.08103124,0.03557486,0.07722032,0.06579883,0.02263757,0.018540531,0.051522937,0.05923429,0.05303656,0.026868142,0.048583183,0.019980501,0.029156769,0.062937476,0.0387384,0.046716403,0.051030636,0.0597281,0.02541018
ZBTB32,0.0057026725,0.22234327,0.17981808,0.017663538,0.017354742,0.014124324,0.014734055,0.031495444,0.12009932,0.03416305,0.045859825,0.036340963,0.008226953,0.019459935,0.023397274,0.0070938882,0.0050570657,0.00843189,0.030624086,0.016511539,0.0073081623,0.011274657,0.09669252,0.011727611,0.030701423,0.011413737,0.013038499,0.144179,0.01592106,0.006904432
NFKBID,0.074904606,0.14834727,0.12138211,0.12336266,0.28505716,0.14305112,0.13033538,0.18728083,0.037831977,0.18189336,0.17698361,0.197843,0.05452548,0.16003138,0.12827006,0.056814127,0.040531326,0.083343886,0.13861911,0.11559379,0.05616607,0.10130861,0.032905545,0.054730475,0.13938124,0.0788776,0.12499248,0.10619323,0.12101343,0.085689664
TYROBP,0.12045576,0.30932948,0.33532023,0.29446295,0.7022889,0.603869,0.515789,0.68464357,0.20231572,0.66654146,0.6404376,0.6776784,0.16102399,0.5439134,0.6578792,0.20268773,0.1359091,0.27922183,0.4368243,0.41082323,0.09587459,0.29166055,0.16112532,0.22676167,0.5176646,0.32713172,0.28824344,0.42398137,0.50753385,0.1140242
AC092295.1,0.00017384598,0.00044437224,0.0018104896,0.00044534856,0.000681295,0.0004885341,0.0006495431,0.00085037714,0.044338614,0.0008478333,0.0007554389,0.0008427393,0.00033732448,0.00072788406,0.002816567,0.0002286491,0.00020070377,0.00036979318,0.0006882367,0.0005356904,0.00023055305,0.00042607973,0.00016990132,0.00023853428,0.00060795905,0.00043224523,0.00046715004,0.00057110336,0.0005341622,0.00027006262
WDR87,0.00024471883,0.0074335034,0.0035388914,0.00081166107,0.0011351951,0.00064270775,0.00064112036,0.005602576,0.00022569112,0.0016543529,0.0008816392,0.001015567,0.00034875536,0.0009014634,0.0008024146,0.00029669525,0.00025269974,0.00038147005,0.0007089583,0.0016969374,0.0003234308,0.00055582967,0.00021674325,0.00027617405,0.0007709093,0.00039553453,0.0005494086,0.00059553445,0.00063208083,0.00032708308
PPP1R14A,0.47913304,0.23079455,0.1874038,0.15891404,0.040759344,0.02739823,0.03639746,0.050522726,0.010810284,0.049536657,0.041976195,0.05361906,0.020718591,0.047774393,0.040405486,0.016378373,0.017620094,0.01950393,0.0356687,0.035405822,0.014516427,0.026009355,0.050679218,0.17162736,0.039226282,0.067552485,0.17306955,0.03472943,0.03306023,0.13474074
C19orf33,0.00534482,0.013488096,0.014670376,0.016353747,0.04039903,0.017569473,0.019556662,0.032959446,0.0068626665,0.028595112,0.027096108,0.029553838,0.050960574,0.025647957,0.021644704,0.0076308777,0.01027036,0.030819856,0.02081995,0.018699585,0.0076735104,0.017335676,0.0062845307,0.30455443,0.019763608,0.07293323,0.09212602,0.019302402,0.017338667,0.01972061
KCNK6,0.119910136,0.10851019,0.10261115,0.09604068,0.3184604,0.18522207,0.16790937,0.22953755,0.06449261,0.23006673,0.20441854,0.19765848,0.06902258,0.17870404,0.16749676,0.05184819,0.04170364,0.12120477,0.16706601,0.11956378,0.054273363,0.098994836,0.0670644,0.10471776,0.17898494,0.509031,0.452302,0.11608222,0.13844445,0.06581173
FBXO27,0.0015091358,0.0038246724,0.004873752,0.004115067,0.008012583,0.006364838,0.005183191,0.010825125,0.0016159542,0.0095483055,0.01584984,0.008824235,0.0016664972,0.014383752,0.01436917,0.0017674201,0.0017625291,0.0030819336,0.008724072,0.009031476,0.0019805294,0.018277392,0.00144344,0.0019362523,0.033302143,0.59269416,0.006393968,0.0034180237,0.012451028,0.0023049428
ZFP36,0.03970882,0.09334911,0.10584016,0.10777233,0.2882264,0.12089938,0.16255498,0.26123953,0.06609646,0.19749862,0.2093505,0.25922602,0.069369026,0.18833165,0.16989367,0.055449773,0.06274389,0.084335886,0.16970614,0.16223244,0.053866737,0.11585154,0.045545004,0.08019504,0.18330842,0.08560968,0.09011008,0.17096289,0.1498224,0.05832558
PLEKHG2,0.044402253,0.06038725,0.05813233,0.055779167,0.18104011,0.0649835,0.07886672,0.1327057,0.044654652,0.10376895,0.09913251,0.12215152,0.03980094,0.08920255,0.090863794,0.020431591,0.031070793,0.03415449,0.07480244,0.069967,0.04955603,0.06227374,0.022795439,0.029709052,0.078653455,0.07774308,0.07065069,0.06704783,0.063829415,0.046272695
CLC,0.001083521,0.005933694,0.002343865,0.002848952,0.0064120516,0.0030633719,0.02870034,0.0055984943,0.0013529015,0.016516345,0.010520386,0.009949164,0.051799253,0.05298279,0.005779032,0.0013270704,0.09256506,0.0020554182,0.0036324172,0.0040807747,0.0014641627,0.0023616182,0.0010433319,0.007647546,0.0070804665,0.0018538029,0.0024488068,0.002910311,0.0031192603,0.0033366324
BLVRB,0.03241677,0.085221656,0.08631408,0.091553956,0.26059553,0.12031595,0.11834532,0.19953428,0.031658802,0.16942862,0.16063501,0.17878217,0.05979252,0.12988827,0.15344763,0.10488167,0.03390945,0.07105538,0.14431103,0.12325135,0.04429099,0.086372025,0.031383026,0.05758805,0.13745026,0.072003596,0.11786141,0.12068737,0.12764359,0.042334184
CYP2S1,0.043029107,0.0361202,0.03826902,0.039097182,0.18266742,0.053209938,0.055968318,0.08716605,0.018626845,0.07788136,0.07631446,0.08515162,0.026699897,0.06410239,0.06487145,0.027060427,0.017557582,0.027103353,0.055962536,0.059723202,0.018167306,0.04276078,0.01636088,0.023692895,0.06757983,0.44412014,0.44014296,0.05976817,0.05221556,0.029014438
AXL,1.5440412,0.0124808205,0.00844933,0.009088729,0.026377868,0.01909145,0.010726048,0.019022372,0.0057966076,0.014275177,0.016501965,0.017421301,0.0045799976,0.012376796,0.015048972,0.004286103,0.004404383,0.007239298,0.01154273,0.010625896,0.006565788,0.009370511,0.0039363373,0.0047812075,0.011453637,0.022414645,0.37972304,0.008799388,0.018318666,0.015224843
LINC01480,0.0071014077,0.08399387,0.1310431,0.221572,0.025742726,0.022555916,0.045157146,0.046101023,0.0148793785,0.037424766,0.038384702,0.038754392,0.010696888,0.024505345,0.029669425,0.00885873,0.010685573,0.015581776,0.02982401,0.02659606,0.012370608,0.05167748,0.05522523,0.013115104,0.03260973,0.013854897,0.020809237,0.024503112,0.025273656,0.09453454
CD79A,0.059821747,0.88167804,0.81474835,0.9790126,0.15179296,0.12991434,0.13867107,0.29483107,0.041930407,0.22509322,0.17814077,0.24295333,0.0695528,0.17817225,0.15486751,0.07163736,0.05141728,0.085453756,0.14261691,0.12844868,0.062346987,0.11079545,0.27303836,0.06835875,0.18757409,0.08934571,0.101341516,0.19099632,0.14915298,0.07611257
POU2F2,0.06420664,0.23877873,0.16654418,0.19903876,0.29243633,0.336563,0.2424748,0.35369092,0.07671639,0.3334825,0.29371998,0.29356274,0.09422821,0.25430194,0.26664197,0.08977991,0.06329563,0.14675868,0.2607411,0.22966361,0.08776389,0.20159136,0.046928503,0.110454775,0.2480821,0.092323326,0.13693543,0.23236707,0.24236573,0.07816214
PLAUR,0.030939018,0.068027124,0.06459254,0.06564823,0.21256077,0.122408435,0.0893389,0.14913692,0.027965436,0.13474526,0.12608837,0.1325246,0.04173903,0.10673439,0.09987352,0.034205914,0.028116165,0.044187903,0.099629685,0.076902576,0.03693547,0.06963794,0.026131442,0.03290823,0.11772376,0.052640565,0.071910985,0.07628744,0.081923105,0.038903117
PVR,0.01042412,0.01835755,0.019328685,0.018727913,0.11041178,0.073709115,0.024703419,0.049636245,0.020157581,0.042521704,0.033159602,0.04086261,0.023518674,0.03437021,0.028442409,0.01099627,0.017757153,0.013875534,0.029491745,0.03467302,0.016548103,0.026563425,0.007856296,0.0148824025,0.02880292,0.017840289,0.040582817,0.01913853,0.025748096,0.012346455
BCL3,0.07414122,0.08722095,0.08097444,0.09174926,0.3258983,0.14789762,0.114189,0.15588987,0.028350368,0.1471771,0.15363134,0.1658145,0.07544386,0.13173063,0.13950573,0.04119752,0.037503354,0.13574898,0.14685318,0.12329045,0.04505977,0.10221502,0.031016134,0.055025432,0.11175138,0.07855083,0.1448506,0.09110636,0.111135855,0.07314052
NECTIN2,0.016776802,0.036160145,0.03305857,0.0382205,0.22620325,0.07916933,0.049569324,0.07397785,0.01493566,0.0726448,0.071807,0.07716162,0.026951578,0.057726327,0.063066594,0.016664721,0.060706854,0.06471446,0.06016098,0.04757881,0.020000722,0.037100587,0.01307834,0.04747529,0.051546272,0.038819734,0.101173535,0.045785703,0.050349973,0.02494713
APOC1,0.24750476,0.01246122,0.007303862,0.014464585,0.011021364,0.009119429,0.0056405086,0.008891882,0.0022980298,0.008366394,0.008219594,0.008426025,0.0029710752,0.0064385133,0.006373437,0.002432302,0.32876122,0.0028616632,0.006836506,0.006174393,0.0025301047,0.0046328083,0.006586203,0.009684015,0.006282561,0.40001577,0.13826334,0.0054625226,0.0056346734,0.002535432
KLC3,0.00084900425,0.0071603437,0.0017612824,0.0017282728,0.0045539048,0.00207981,0.002809844,0.0064383713,0.0010646976,0.0065412354,0.008538841,0.011577743,0.0013422065,0.011542087,0.004719403,0.038546737,0.00092121714,0.0016007395,0.0029210795,0.00237552,0.0010128482,0.0018058657,0.00077306567,0.0010182384,0.0028519523,0.0016027701,0.0024382656,0.0027514352,0.011608319,0.0011130037
FOSB,0.07423693,0.14508976,0.13967746,0.14222693,0.5557121,0.16274065,0.18254301,0.30211702,0.047159955,0.24719085,0.21369858,0.2833555,0.0948272,0.2317009,0.21089621,0.065084815,0.086546876,0.24352139,0.1949496,0.1744076,0.06871958,0.16544133,0.05518173,0.073355235,0.22986,0.08804849,0.2641499,0.1698708,0.16880403,0.097862326
PPM1N,0.027778678,0.10798392,0.08110823,0.081397064,0.11073219,0.36230335,0.116077624,0.17180915,0.031612087,0.15920752,0.13444829,0.19600363,0.047522068,0.1944472,0.13395384,0.026558075,0.032260455,0.037587035,0.10800882,0.10580276,0.040872466,0.059520267,0.023276597,0.04339192,0.17958957,0.11967518,0.063001074,0.1881552,0.100479454,0.034416225
IGFL2,0.0006476879,0.0009912376,0.001007786,0.0009867029,0.0018913801,0.0012308361,0.0013865518,0.0021737227,0.0004596759,0.10409061,0.0042591877,0.0018880629,0.000747251,0.0015126134,0.0024887172,0.0005097751,0.00046332134,0.0008342397,0.007095186,0.0026646224,0.00057003915,0.0010351669,0.0025423584,0.0006063657,0.0015707999,0.00078731554,0.0010201945,0.0012833497,0.011812017,0.0006462624
PTGIR,0.043467022,0.072840475,0.07420619,0.07892662,0.3212994,0.25198582,0.101321355,0.26082245,0.03693882,0.16393892,0.11779607,0.15013346,0.0478814,0.12820697,0.10736234,0.046687443,0.031408958,0.06391992,0.11192351,0.09351095,0.03927215,0.071324825,0.031443432,0.14824131,0.15202525,0.08044165,0.17343459,0.10350316,0.09718041,0.06768753
C5AR1,0.03772687,0.069358744,0.06424427,0.06626575,0.24960878,0.19975139,0.08556452,0.13264085,0.027199244,0.1214827,0.12417274,0.1232221,0.03849293,0.10089384,0.1144802,0.035952233,0.027006434,0.052571487,0.090432905,0.08357195,0.03822412,0.0727408,0.025730025,0.039303772,0.09825792,0.053637035,0.060270444,0.067012295,0.09202196,0.037978586
C5AR2,0.023753488,0.05602965,0.052510366,0.054429304,0.21941513,0.32874325,0.07168628,0.13480125,0.028539602,0.12387299,0.10317645,0.11682519,0.069919676,0.09855975,0.09405012,0.026592355,0.03526487,0.049906675,0.09763417,0.070299305,0.03244514,0.05839726,0.02352249,0.029273305,0.12317754,0.04563815,0.054454666,0.06349317,0.07088974,0.029477932
PPP1R15A,0.097620234,0.15178627,0.15943983,0.1634522,0.36964342,0.22425576,0.20728019,0.3449251,0.044399966,0.32779485,0.3191949,0.30863398,0.08501234,0.23582505,0.24888436,0.058594055,0.0643841,0.14894183,0.25207245,0.19778584,0.07332623,0.17979762,0.050046805,0.12346706,0.25115675,0.098232895,0.1254611,0.19715233,0.19953072,0.10656278
FTL,0.044778347,0.08798172,0.07999226,0.09527374,0.37398064,0.37812084,0.1596693,0.3029316,0.12584946,0.28127506,0.23061523,0.2759863,0.11277438,0.22256237,0.17815825,0.06340561,0.044903092,0.07841605,0.18304539,0.17503868,0.1255006,0.16235027,0.08159128,0.07401968,0.19020483,0.0699584,0.056563403,0.15796256,0.1546403,0.054874916
TRPM4,0.04363131,0.01505794,0.015319355,0.015491321,0.10078609,0.039057065,0.020281743,0.03692873,0.011013459,0.02856971,0.023896622,0.033898417,0.011903631,0.025971178,0.02313366,0.006616946,0.007910592,0.011403752,0.023884851,0.019757874,0.01097507,0.025855498,0.0127201425,0.018018432,0.022370454,0.035019405,0.1281882,0.017009798,0.019022219,0.026326481
PTH2,0.0003114039,0.0006668554,0.00068363966,0.0007165541,0.0011331955,0.00084620964,0.0009835506,0.0015185556,0.0003838448,0.0138966935,0.018838165,0.0014758373,0.00063668605,0.023431145,0.0011188597,0.00042643896,0.00028742585,0.16582023,0.001038408,0.00094615086,0.0003984604,0.00079070596,0.00033174374,0.0003727448,0.0011365634,0.0005495502,0.0006610082,0.0009371618,0.00084401487,0.00041220614
FCGRT,0.1484971,0.13431318,0.13311127,0.14506683,0.36239696,0.20718129,0.187254,0.27317065,0.05014792,0.27628985,0.26293185,0.2608276,0.07089384,0.20938858,0.2300299,0.06451964,0.047243502,0.11642511,0.22607182,0.1902619,0.06965998,0.14768627,0.061179932,0.08436836,0.23316145,0.22803758,0.20276082,0.18598232,0.19850159,0.08223412
RRAS,0.029959517,0.08320509,0.08279823,0.0827738,0.194039,0.38162205,0.10139087,0.19548434,0.029947266,0.17758381,0.14706388,0.16441622,0.041855875,0.1503315,0.13571851,0.03630888,0.035426915,0.07218989,0.11379562,0.108335234,0.045436308,0.07864552,0.026860422,0.0883424,0.11900874,0.050956756,0.087128684,0.08698229,0.11071323,0.05083783
ATF5,0.17677869,0.06663113,0.07706078,0.06154711,0.20125197,0.15794782,0.09419698,0.13941796,0.035452567,0.1164522,0.1357802,0.13037899,0.047745433,0.10803943,0.10109099,0.028029902,0.041546218,0.04658286,0.11202948,0.0884131,0.035003424,0.07228086,0.10402609,0.03737492,0.103898875,0.07279406,0.15261462,0.058719397,0.088584796,0.11517438
SPIB,0.18087748,0.36954805,0.34338313,0.25583035,0.050830964,0.045089178,0.047159053,0.07186572,0.01864414,0.06518353,0.06461874,0.06659296,0.021460924,0.049489576,0.05706376,0.017147386,0.015721597,0.02661018,0.054957498,0.04811112,0.018332515,0.03452931,0.01557501,0.026000751,0.050679464,0.054133482,0.1142391,0.041948784,0.048821826,0.43717194
KLK1,0.010772137,0.3844281,0.18186823,0.03360025,0.036947682,0.021926705,0.017930822,0.031050388,0.008564938,0.023179103,0.026418908,0.031217748,0.008399195,0.022773214,0.023542032,0.0058565056,0.005723385,0.0118002305,0.019071212,0.020596491,0.008354988,0.013403114,0.0058977115,0.008229279,0.021567948,0.010862844,0.016943883,0.01824596,0.018797474,0.014782705
CD33,0.10574818,0.0825107,0.07716271,0.08637823,0.36343402,0.19200581,0.11408104,0.18626481,0.03614266,0.1720517,0.14866354,0.17861232,0.07987167,0.12702888,0.1282251,0.04472364,0.04552686,0.057019025,0.120437525,0.107503474,0.047239114,0.10548251,0.03739009,0.051397804,0.13481984,0.0858308,0.31905848,0.114789404,0.10445802,0.05433973
NKG7,0.12813783,0.3224662,0.3334265,0.2998234,0.46202296,0.33010498,1.1779948,0.7263487,0.19056262,0.6252716,0.6639781,0.677224,0.60878503,0.5067727,1.1393052,0.16862512,0.13258234,0.20269184,0.8433063,1.322309,0.51213986,0.84597605,0.16097367,0.21943903,0.5572997,0.30791897,0.33670798,0.4523316,0.87574255,0.140663
SIGLEC10,0.040794246,0.109684676,0.07321461,0.085602894,0.19214676,0.47899485,0.072371244,0.11693743,0.029646095,0.10142726,0.096783586,0.1080626,0.040020827,0.08389136,0.09087412,0.02828504,0.028237311,0.037183788,0.073096454,0.076516256,0.034125995,0.06251387,0.024737587,0.0322102,0.081356004,0.13731585,0.10054528,0.06624649,0.074995846,0.037697367
HAS1,0.0009907112,0.0016823312,0.00148426,0.0039689797,0.018325798,0.0017705099,0.0022409682,0.003353302,0.0008746014,0.002742879,0.0026829867,0.0032427912,0.0009029982,0.002471963,0.002975001,0.00081489695,0.0007414599,0.0015955585,0.0023164735,0.0027087375,0.0008069394,0.0018187807,0.0006659695,0.0009692362,0.0026011672,0.0014111674,0.020022362,0.0018759859,0.0019247727,0.0009670348
FPR1,0.057284754,0.13045901,0.12838475,0.12991151,0.4298626,0.16807687,0.18042701,0.2649285,0.055329505,0.25229684,0.23945504,0.25493914,0.09429954,0.21269666,0.19930547,0.046623833,0.055294577,0.10843678,0.20279314,0.16227879,0.07343426,0.13910976,0.052388303,0.06727444,0.18781556,0.14018725,0.105081536,0.15610884,0.17888032,0.07958874
FPR2,0.03763776,0.05513227,0.051896248,0.05862454,0.27252245,0.15659073,0.06521293,0.10463165,0.030225819,0.10041114,0.0953403,0.110096745,0.037708495,0.081874624,0.08286031,0.03434382,0.023685364,0.041624572,0.07693034,0.071243495,0.027505044,0.04889212,0.022779565,0.027021458,0.087732546,0.04641586,0.045801412,0.06323759,0.06796525,0.03204341
FPR3,0.008767636,0.01574849,0.015909407,0.016024873,0.086488254,0.04493662,0.02058907,0.0334669,0.0060256226,0.030171791,0.030171774,0.031895354,0.012189371,0.025555568,0.026711194,0.008054228,0.007124318,0.011861568,0.0222841,0.02173205,0.009195032,0.017684449,0.0067822537,0.009500975,0.024465479,0.013626405,0.1696488,0.019303983,0.025034802,0.009868255
ZNF577,0.015812328,0.05920041,0.047082715,0.058680147,0.09421488,0.052170336,0.051192995,0.08779189,0.01622225,0.074358664,0.06467051,0.08168432,0.05266093,0.07414869,0.07509633,0.010289195,0.040865865,0.03164714,0.056326054,0.063830286,0.02873905,0.061162848,0.017674165,0.024539424,0.07715234,0.03677975,0.04854827,0.06662776,0.089589156,0.027898302
ZNF331,0.031151814,0.14253248,0.087402865,0.09261432,0.115844056,0.07483273,0.09655963,0.17282061,0.036794487,0.20889105,0.18770567,0.15912287,0.06725476,0.19187461,0.1727266,0.035505094,0.02761733,0.11045544,0.22667316,0.12760422,0.05136618,0.12210409,0.022628635,0.040808327,0.11959486,0.062616125,0.09050567,0.11393415,0.1615098,0.054924294
MYADM,0.093519844,0.16163546,0.15913743,0.16580957,0.41511652,0.214158,0.24539171,0.33896133,0.0874204,0.33342767,0.3288454,0.34168327,0.13115677,0.2579817,0.29418668,0.07958214,0.11965352,0.2843413,0.27185002,0.24500127,0.09154643,0.30281818,0.053253755,0.112321734,0.24544704,0.09684389,0.19471179,0.19863766,0.24724665,0.096134126
VSTM1,0.02079669,0.05392391,0.04672314,0.05506014,0.28766736,0.1745878,0.06783155,0.09825286,0.016588472,0.09532614,0.086432405,0.104339465,0.03797219,0.07659521,0.081429645,0.027669352,0.040065814,0.040768236,0.07307398,0.06911369,0.030897453,0.05296748,0.019755373,0.03093438,0.078215346,0.041302204,0.052596126,0.062527806,0.07277334,0.032485485
OSCAR,0.049421564,0.06599386,0.072124094,0.075821646,0.33530858,0.17458022,0.09242397,0.16223383,0.042541977,0.14606865,0.14443219,0.13709462,0.06983303,0.12527938,0.112084605,0.045007862,0.03351556,0.05718613,0.10916538,0.09561053,0.038854327,0.07900789,0.032670572,0.047430437,0.11279485,0.069498554,0.116445094,0.088374436,0.093686335,0.04293667
LILRB3,0.060878705,0.11479251,0.11322111,0.11174939,0.42099118,0.27139586,0.15047461,0.27383524,0.062309835,0.25698,0.21914022,0.20614873,0.081180654,0.18166925,0.17516294,0.0562732,0.053823434,0.06659036,0.17807862,0.15172863,0.06145197,0.11953523,0.04654211,0.06771961,0.17481782,0.100365005,0.14802311,0.123735525,0.14039251,0.070973635
LILRB2,0.037688483,0.085484244,0.080391966,0.08402755,0.28852743,0.36233082,0.10928375,0.18046513,0.04855306,0.15659001,0.14952669,0.16057117,0.04913601,0.13847125,0.13187762,0.038218923,0.040251628,0.05626673,0.12662402,0.10645366,0.041678004,0.09329352,0.03312051,0.047706142,0.12493686,0.07522041,0.08457494,0.080223724,0.11779629,0.04917489
LILRA5,0.045537233,0.08222966,0.084899336,0.082470305,0.27992088,0.29654416,0.1134368,0.16525303,0.036705773,0.15201356,0.13721222,0.1507426,0.047969714,0.12524562,0.12668975,0.03669538,0.03342207,0.061597083,0.12151891,0.09971876,0.04914698,0.08204619,0.031852897,0.044021368,0.11664686,0.07183636,0.087674156,0.089197405,0.109015256,0.0639877
LILRA4,0.5225543,0.07517477,0.02062047,0.020392386,0.033422686,0.045670222,0.020930095,0.04360263,0.0089099035,0.032880045,0.02890943,0.032223277,0.011849892,0.024838464,0.026861645,0.0076825866,0.0064113205,0.011152737,0.021891458,0.021449108,0.008288903,0.015817186,0.0064106532,0.008763628,0.023680901,0.022737654,0.08036098,0.02317356,0.01901423,0.9376483
LAIR2,0.02111292,0.053175166,0.051333167,0.054046374,0.07796244,0.06924526,0.22431375,0.13919643,0.070469745,0.17085806,0.13577574,0.112282194,0.09495093,0.08603572,0.17049903,0.031171247,0.02118088,0.04715325,0.07873432,0.41648188,0.21283478,0.07646683,0.023569373,0.037046116,0.28887004,0.05836638,0.057904497,0.14082651,0.11424316,0.033897527
LILRA2,0.079232186,0.08032818,0.07496196,0.082196265,0.33326095,0.28966275,0.10324254,0.19625731,0.044639938,0.18782008,0.1540952,0.16920148,0.04628229,0.12655312,0.13059144,0.04454432,0.03833182,0.077849284,0.1145025,0.11042705,0.0481763,0.09186603,0.03435165,0.06128886,0.12781878,0.096268505,0.14229645,0.1095756,0.11442034,0.049082287
LILRA1,0.06445051,0.05156924,0.052613318,0.05217825,0.20605011,0.29177615,0.062843494,0.11831865,0.024924899,0.090379566,0.08836442,0.095644996,0.04420351,0.07592596,0.078907475,0.02417819,0.020741243,0.036969714,0.072843045,0.06428351,0.030731438,0.052050814,0.026066672,0.031729504,0.07389758,0.04546759,0.08595122,0.06529108,0.05687107,0.03480316
LILRB1,0.06131102,0.14748064,0.13398878,0.140038,0.32203174,0.43145627,0.16367796,0.21960363,0.05810814,0.19716635,0.18720765,0.21036698,0.08323327,0.19639474,0.23687962,0.047706224,0.04874437,0.08641009,0.15051661,0.1607195,0.07600156,0.11379546,0.041871976,0.06698329,0.16692212,0.096767694,0.12041632,0.10472831,0.16304581,0.106534146
LILRB4,0.21814702,0.0821915,0.07491265,0.07880963,0.32243237,0.19861953,0.098426916,0.15922518,0.035613768,0.1413188,0.14030421,0.15037733,0.054802727,0.11614691,0.113325715,0.035783526,0.030134073,0.06248438,0.10405385,0.091335334,0.042360008,0.08713116,0.05644399,0.04070541,0.117179364,0.068057604,0.18727402,0.096840955,0.09978419,0.33356863
KIR2DL1,0.0056888154,0.0155235445,0.0152993025,0.016422484,0.022586336,0.019238785,0.03070253,0.033291653,0.009943497,0.025048835,0.027537292,0.03204318,0.05693767,0.031578135,0.06480845,0.009357535,0.00700437,0.009239584,0.025514672,0.13571899,0.049354415,0.019712811,0.005638765,0.014605301,0.023169832,0.014317783,0.015131128,0.01873133,0.03445977,0.009286821
KIR2DL4,0.004469046,0.008740036,0.009643687,0.009165126,0.014299725,0.016757464,0.012287786,0.01865533,0.0045020366,0.016620131,0.015976045,0.01816312,0.005645941,0.012158536,0.021606512,0.0048996927,0.004310226,0.0066920426,0.012086807,0.05326607,0.033754993,0.2909876,0.0034648157,0.0052363398,0.01159189,0.020176517,0.010654767,0.010610664,0.021813476,0.0046034646
FCAR,0.018492403,0.03381993,0.03193228,0.033696096,0.2448521,0.0538462,0.049679723,0.06796671,0.022516135,0.05666808,0.06398965,0.06811247,0.023108648,0.047610547,0.059265427,0.02282863,0.014809571,0.030996513,0.050218917,0.04395983,0.019508813,0.034356803,0.013662791,0.019383784,0.051250335,0.027385363,0.034549475,0.041390333,0.041942984,0.021359006
AC245128.3,0.04194169,0.07754124,0.07466826,0.075893015,0.45236272,0.12082654,0.08972072,0.15023366,0.040171653,0.13760541,0.13829447,0.15062986,0.06387665,0.12469944,0.11271521,0.038135707,0.040924698,0.049410928,0.11338744,0.10336895,0.039722167,0.072128035,0.031344675,0.048068166,0.1026192,0.06358141,0.079716235,0.0946936,0.09939028,0.0493848
NCR1,0.017029617,0.034292422,0.029886233,0.03363721,0.052439358,0.051295985,0.050336294,0.073709585,0.030323923,0.06435077,0.0566255,0.06660571,0.031225001,0.051467717,0.16272785,0.015421298,0.015986979,0.10239701,0.051219214,0.31038722,0.09844296,0.27309212,0.014210811,0.02783447,0.051466014,0.025022259,0.0348596,0.034760356,0.12232319,0.019031534
NLRP7,0.003426632,0.007164157,0.0068399496,0.0076523814,0.01069154,0.008258249,0.008557364,0.02730232,0.0040969034,0.012577674,0.012232715,0.01186042,0.0047211586,0.012038488,0.0099027315,0.0031477446,0.002340649,0.005673184,0.009034691,0.014746191,0.00771501,0.006841243,0.08742432,0.0034172938,0.012060585,0.005908182,0.00734279,0.0073127714,0.0077149444,0.4185971
GP6,0.0034396476,0.0067967623,0.0076937336,0.0077301315,0.014609612,0.010684081,0.011888635,0.014800484,0.008526194,0.016175887,0.014899416,0.015267355,0.0065992167,0.014913293,0.011842965,0.003493025,0.0031222177,0.0052348166,0.010354191,0.012925623,0.004520656,0.0068367766,0.0026725375,0.18572536,0.013882523,0.0050270213,0.0068956385,0.008041267,0.011828182,0.006802568
TNNT1,0.016019298,0.03567528,0.03423982,0.03519095,0.21005584,0.10893323,0.049107864,0.080879256,0.021240298,0.07303957,0.07237926,0.06641434,0.033836324,0.056380715,0.054995183,0.028530141,0.016622871,0.031032713,0.053623263,0.044965617,0.02060578,0.041843038,0.0151639525,0.02484335,0.057646286,0.03876182,0.06526194,0.042371273,0.0476358,0.021684563
UBE2S,0.060322747,0.113481596,0.11064739,0.1066929,0.17500938,0.13893813,0.15537935,0.20614609,0.18100823,0.20706925,0.20004009,0.18322645,0.16261616,0.17061669,0.21795414,0.04172043,0.057891794,0.1673061,0.2189206,0.18325475,0.19781195,0.14257994,0.07022689,0.053271215,0.14321317,0.07398404,0.10831134,0.12140987,0.17930126,0.08538572
IL17RA,0.09285396,0.21046537,0.19977713,0.2027152,0.54198515,0.22640687,0.26062012,0.46642464,0.09042846,0.3845861,0.35852045,0.43254775,0.14415532,0.3129507,0.34533775,0.09409763,0.08219218,0.16868438,0.31567213,0.282142,0.109348275,0.23143098,0.08924031,0.12579672,0.32422513,0.13049099,0.16738974,0.26320776,0.28769937,0.114234574
ADA2,0.049069446,0.116164155,0.111642145,0.12374074,0.3053678,0.17033719,0.17707548,0.25887382,0.041744027,0.24918611,0.2545423,0.22572704,0.08392593,0.19721767,0.22194965,0.03914756,0.05924261,0.09287542,0.19212607,0.16327721,0.06655023,0.131332,0.045038283,0.07084221,0.18917866,0.1374905,0.10440355,0.18146671,0.1952732,0.07399931
BID,0.07619194,0.11366291,0.117940955,0.1238652,0.27084616,0.36685273,0.18244833,0.24826416,0.029993515,0.22816685,0.2092352,0.25447118,0.075622305,0.21303871,0.21058615,0.04653166,0.05527634,0.10215559,0.1843932,0.1903509,0.059476,0.13942903,0.030358993,0.08595933,0.19049603,0.16144511,0.18097457,0.1412231,0.16113375,0.079438694
CDC45,0.0033713921,0.009665775,0.011710757,0.0073079164,0.013361177,0.009866539,0.009175514,0.015677018,0.8670227,0.017047798,0.02157123,0.040050242,0.581149,0.012931408,0.017917808,0.003151868,0.024004372,0.14451584,0.016084244,0.018256515,0.807053,0.045551404,0.030034916,0.005672047,0.009081705,0.0077521466,0.020780357,0.011815649,0.012307158,0.0042405715
CLDN5,0.006387184,0.014556637,0.012821796,0.013194505,0.03322777,0.017729921,0.018318059,0.04386797,0.006216926,0.028209977,0.025785815,0.03187227,0.010282765,0.021951094,0.023277465,0.0052790516,0.00947668,0.009813521,0.01933912,0.018343052,0.007295351,0.0153102195,0.005619484,0.42598695,0.026865724,0.011779278,0.014091533,0.016908646,0.020360576,0.01047769
AC000093.1,0.0029291029,0.00610728,0.0055157854,0.005619261,0.014998432,0.007978251,0.008107127,0.013725614,0.0025267287,0.01197772,0.010221551,0.013209383,0.0039477525,0.0093276985,0.009027334,0.0031992511,0.03557551,0.0046774712,0.009147902,0.008220463,0.0042236843,0.0063493927,0.002396326,0.2371745,0.00858275,0.0056258044,0.007254615,0.0067978865,0.019076465,0.0038660993
SDF2L1,0.04512665,0.08534883,0.08477246,0.081658155,0.12628023,0.09927903,0.15332799,0.17215091,0.047474958,0.1502936,0.17959441,0.16541548,0.08969107,0.16389683,0.17652571,0.039250746,0.034855805,0.07270619,0.15689203,0.16285647,0.08831958,0.114440784,0.14953494,0.04848952,0.13104449,0.094830066,0.070834465,0.103688926,0.13525002,0.05933207
IGLVI-70,0.00030974034,0.0024085601,0.011449694,0.01785982,0.0008942819,0.0007042744,0.0008202825,0.0013240592,0.0003860234,0.0011365537,0.0009714108,0.0010902889,0.00048139208,0.0009297667,0.00087393593,0.00038510252,0.0002455115,0.0004714769,0.0008673871,0.0007852783,0.00037646783,0.000653111,0.010683848,0.00036728423,0.000939546,0.0005298147,0.00058659306,0.00092603685,0.000805178,0.00041015926
IGLV4-69,0.0008591089,0.052100502,0.013266724,0.017175104,0.0026752006,0.0021835184,0.0023022518,0.003345417,0.0009275229,0.003290289,0.003197287,0.00417295,0.0015862224,0.0025891594,0.0026587658,0.000786434,0.0009196157,0.0012815516,0.0022763624,0.0021658707,0.0008817959,0.0018306806,0.00076933956,0.000976505,0.0024008355,0.0017373068,0.0017555429,0.0020769075,0.0023677729,0.001090828
IGLV10-54,0.0003636238,0.018440062,0.00061234314,0.007848778,0.0011050445,0.000681296,0.00077957066,0.0012285202,0.0003200532,0.0010587843,0.0010106053,0.0011489873,0.00043897357,0.00094082986,0.0008997233,0.00027153082,0.00026617077,0.00038984927,0.0008267326,0.0026336296,0.00038849126,0.0006232288,0.0020179632,0.00035370557,0.0008570788,0.0005899471,0.000577115,0.00076908065,0.000846328,0.00036376968
IGLV8-61,0.0009254813,0.017302027,0.014469788,0.002889841,0.002633584,0.0016453373,0.0015745185,0.0029758194,0.0007970863,0.0024773485,0.0023255434,0.0026483017,0.00087628036,0.0020222247,0.0031147585,0.00090961956,0.0006001893,0.001183885,0.0018601186,0.0017708767,0.0007151236,0.0014931802,0.07880658,0.000770238,0.0021170666,0.0009856423,0.0014346694,0.001499879,0.0016812336,0.00088961906
IGLV4-60,0.00028694558,0.12978473,0.0005751478,0.010106395,0.0008137613,0.0006698368,0.0007361742,0.0012204404,0.00026786965,0.001144159,0.0010503763,0.001104781,0.0004075377,0.00090885535,0.0008547942,0.00033802388,0.00024382918,0.0004744762,0.00079679687,0.00070745306,0.00031943017,0.00060984417,0.06750137,0.00033064838,0.00092051487,0.13119665,0.0005312609,0.0006351758,0.0006908801,0.00030417496
IGLV6-57,0.0010964788,0.0154662365,0.036491722,0.014000579,0.0037846141,0.0021181162,0.0025244576,0.005881212,0.00092665775,0.0038912015,0.0058292258,0.003886364,0.0010553398,0.0030083559,0.002900076,0.00110715,0.0008019177,0.0012036654,0.0025646766,0.0038421052,0.0010457761,0.0020247735,0.12405586,0.0010998255,0.0027396646,0.0016888366,0.001936978,0.0023220235,0.0024831651,0.0011896273
VPREB1,0.00096139684,0.0040854076,0.010887449,0.026702194,0.003083514,0.0023301353,0.0026435864,0.0045522107,0.0010392214,0.0038516964,0.007422196,0.003935614,0.001125314,0.0039247978,0.0039142664,0.0013674566,0.06303303,0.1483592,0.002828479,0.0025356635,0.0009962659,0.0021095702,0.00093199254,0.0011105426,0.0028943126,0.0020604865,0.0020865374,0.0021122461,0.0032002411,0.0028734994
AC245060.5,0.026061036,0.13468324,0.13166033,0.17524847,0.103931874,0.07853923,0.09561306,0.17930998,0.024717672,0.13221103,0.12972622,0.17021526,0.08055401,0.11672413,0.12859353,0.025829952,0.07487774,0.107681766,0.09118988,0.123184554,0.050621655,0.14795463,0.025247948,0.031829458,0.11041355,0.056870673,0.072379276,0.10455408,0.11067311,0.085476816
IGLV5-52,0.00092645996,0.0015406429,0.0015189244,0.027043298,0.0037193692,0.025593583,0.0021954153,0.00877315,0.00064960617,0.008004857,0.016181076,0.023952492,0.0008336182,0.002360266,0.0106650945,0.00075568096,0.00069118623,0.0015916214,0.002256334,0.008680682,0.0009198949,0.0016433581,0.0049942797,0.0008531903,0.002151629,0.0014679076,0.003244337,0.0017586064,0.0019577602,0.0009289936
IGLV1-51,0.0017744291,0.02159305,0.02716362,0.050561007,0.007742783,0.0058894567,0.0051979297,0.027995802,0.0017280048,0.010826255,0.006173926,0.008303738,0.0023231418,0.006454098,0.009345443,0.0022512262,0.0019179814,0.00289116,0.0058557387,0.005455567,0.0019833366,0.0044465438,0.23810336,0.00213601,0.006105038,0.0033013073,0.004303958,0.0050396374,0.0054653203,0.007405359
IGLV9-49,0.00067859585,0.023309473,0.01669511,0.0032343185,0.0013833141,0.0011721395,0.0013722113,0.0020602103,0.00056047225,0.003060058,0.0016376739,0.0021464685,0.00050696754,0.0017773814,0.00238495,0.00061667594,0.00042624515,0.00079785084,0.0014342051,0.0013423754,0.0005565743,0.0010054207,0.034749173,0.0005459034,0.0015800439,0.0010091099,0.000949531,0.0012230489,0.0012994958,0.00059648044
IGLV5-48,0.0002849298,0.10090788,0.00060858054,0.0056648143,0.0008965372,0.0007210212,0.0008526302,0.00130133,0.0002920811,0.0010832788,0.0011683803,0.001388167,0.00045626896,0.0011496117,0.0010482525,0.00039790725,0.00028171038,0.00043577023,0.0008864521,0.00076582487,0.00035881822,0.0006934638,0.017324753,0.0003665134,0.00096835295,0.0005628276,0.00059810764,0.0007585624,0.00085430074,0.0003665115
IGLV1-47,0.0017083153,0.01909471,0.018282196,0.011071256,0.0042079003,0.0026798802,0.0031636832,0.0048662685,0.0010999995,0.0053360597,0.007163975,0.0062642912,0.0016699632,0.003938452,0.0035976793,0.0010412271,0.0010558289,0.002392982,0.0035514599,0.004122372,0.0012451755,0.0033075563,0.11030421,0.0012053413,0.0034858212,0.0021237773,0.002283531,0.0034979146,0.0030356727,0.0014980527
IGLV7-46,0.0013460764,0.016246079,0.021251226,0.011443324,0.003060503,0.002536956,0.0025393423,0.0039349743,0.0008605118,0.003610803,0.0035604876,0.005107208,0.0017113801,0.002647642,0.0025555813,0.0011363785,0.0010980566,0.0015215687,0.002510754,0.00289474,0.0011732456,0.0020943333,0.07958683,0.0010085725,0.0026234305,0.0019201469,0.0019157727,0.0023418667,0.0061969645,0.0012618446
IGLV1-44,0.0011349253,0.13380134,0.056484357,0.034610897,0.005262101,0.004157567,0.0055010356,0.008861844,0.0021654,0.0069196937,0.006659781,0.006320801,0.0028047669,0.0057141134,0.006469564,0.001475624,0.0015223917,0.003280098,0.0055213603,0.007320845,0.0019388009,0.0037600396,0.21716873,0.005397507,0.005252107,0.003313037,0.0035482415,0.0035973126,0.005591764,0.0022400506
IGLV7-43,0.00075176795,0.08995504,0.08080934,0.019468034,0.0019709214,0.0016932565,0.17028368,0.002912882,0.0007482743,0.008932409,0.002446617,0.0029213307,0.0010206419,0.002106856,0.0021502874,0.0008763154,0.0006437144,0.001223143,0.0019425332,0.003106017,0.00075482065,0.0015238841,0.30873987,0.00075473485,0.0019752397,0.0010267468,0.0014412871,0.0016007265,0.00183256,0.000909098
IGLV1-40,0.0021358854,0.15543549,0.045455657,0.039674487,0.007716241,0.0054848446,0.005455723,0.012381455,0.0017417138,0.0073869703,0.058883443,0.009509388,0.0029203207,0.0073363003,0.0060878242,0.0025082743,0.0018898759,0.0030422504,0.011662146,0.0048395423,0.0024130787,0.004551845,0.12538742,0.010757502,0.006021912,0.004016156,0.0041668266,0.004935133,0.0069984263,0.002654803
PRAME,0.00050496607,0.00081250747,0.01549618,0.0008180348,0.0025876751,0.000896977,0.0011191744,0.0016356676,0.00037544162,0.0016114836,0.0013823421,0.09227086,0.0006896881,0.0012816164,0.0011679775,0.0003572648,0.00033315818,0.00064146536,0.0011895788,0.000993231,0.00045412264,0.00081940886,0.0003187043,0.00040980717,0.0012433121,0.00079150655,0.00077841524,0.0010565077,0.0010305714,0.0004656815
IGLV3-27,0.00056679995,0.017990066,0.015668083,0.037967023,0.002512942,0.0014022297,0.001689976,0.002508198,0.0006846172,0.0024038232,0.0020008995,0.0023673736,0.0008863884,0.002006018,0.00199274,0.0005664304,0.0005182527,0.0011146724,0.001870835,0.005879113,0.0006484416,0.0013586316,0.18566282,0.00073547976,0.0018465884,0.0013132483,0.0011188345,0.0016061339,0.001653784,0.0007208518
IGLV3-25,0.00085338193,0.0020560736,0.027647702,0.011815429,0.0020511632,0.0016976056,0.0017168769,0.004896122,0.0007262793,0.0026395214,0.0023543865,0.0026024096,0.0009945023,0.0020576247,0.002260281,0.0008069878,0.00062826794,0.0012630617,0.0018213275,0.0016896739,0.00082120893,0.0013886163,0.029473403,0.0008736004,0.0020315852,0.0013429207,0.0014262387,0.0020226317,0.0016609334,0.00088747335
IGLV2-23,0.0011485482,0.013894843,0.033380568,0.010256933,0.0038721976,0.0023948543,0.0026614978,0.0053772717,0.0009036078,0.0041552735,0.007125323,0.0041471245,0.0018840828,0.0055755125,0.02066098,0.0010273546,0.0009368749,0.001746153,0.003063069,0.0032900237,0.0011687478,0.0021523596,0.11424894,0.0011147687,0.0029197722,0.0021747185,0.0050218306,0.0030275136,0.0027859518,0.0012861235
IGLV3-21,0.0010327778,0.012150787,0.12135102,0.023300886,0.003423782,0.002981165,0.0031080581,0.0048616906,0.011020996,0.004619868,0.0045504104,0.004568658,0.0017125742,0.0037425545,0.003841454,0.0012022031,0.0009882558,0.0017138572,0.0037953297,0.0036532185,0.007775166,0.0024008744,0.0527356,0.0012471472,0.0032286372,0.0018831786,0.0024499914,0.0022395886,0.003149974,0.0012987317
IGLV3-19,0.0009033605,0.015166017,0.0074202926,0.016697278,0.002140661,0.001761031,0.003129716,0.0032910325,0.0008667713,0.0028238436,0.0026446965,0.0060707065,0.0011274518,0.0026629341,0.003234782,0.0007048102,0.0006742185,0.0013462185,0.0021436303,0.0020800002,0.0008427532,0.0015868637,0.000693066,0.0009142256,0.0024843086,0.0012601363,0.0014124905,0.0018067426,0.0019210918,0.0008934853
IGLV2-18,0.00032459875,0.0047938894,0.02036786,0.00699674,0.00091838784,0.0019440069,0.0008817711,0.0012666354,0.00033026224,0.00427407,0.001211786,0.018137345,0.0005684871,0.0010120359,0.00858718,0.00027820855,0.00029062945,0.00041470004,0.00085509114,0.00082601974,0.00035346753,0.00070801075,0.0094178235,0.00035372854,0.0008755559,0.00063810725,0.0006457273,0.0007720776,0.06235385,0.00039376985
IGLV3-16,0.00039375978,0.0006670672,0.007428983,0.000597877,0.00082619686,0.00064047315,0.000734128,0.0011158796,0.00032913423,0.0009479554,0.0009835585,0.0010350308,0.00043302937,0.0008244671,0.00084654056,0.0003068173,0.00025073043,0.00046652884,0.00078982353,0.0007661595,0.00033596574,0.0005634343,0.00024344347,0.0003152862,0.00084165693,0.00057013973,0.0005581008,0.0006189399,0.0007534476,0.0003218645
IGLV2-14,0.0037166146,0.07326109,0.067901276,0.032613363,0.0120586185,0.00803568,0.016154094,0.013440003,0.003071267,0.013688443,0.023208508,0.012770957,0.0038256967,0.011328316,0.023462346,0.002769422,0.0030082262,0.005444213,0.013726327,0.015528214,0.0034268526,0.010070164,0.07944661,0.0043636975,0.009539072,0.005981114,0.0072299857,0.015127453,0.012391977,0.005627503
IGLV2-11,0.0015557997,0.012452463,0.05163671,0.03321853,0.005191809,0.003560848,0.003840016,0.0071450067,0.0012008956,0.0049655586,0.0047773607,0.0055824965,0.0019764386,0.0043292753,0.009688108,0.0016727604,0.0012029067,0.0018707952,0.0037948666,0.0040983907,0.001351406,0.0026401929,0.33629194,0.0014290329,0.0040757726,0.0028720284,0.0027313877,0.0033597674,0.007434752,0.0016060501
IGLV3-10,0.0012482166,0.06351616,0.09188548,0.028907858,0.0037802574,0.0044695153,0.0037222172,0.0113789,0.0011427958,0.0053299395,0.0050444626,0.005656351,0.0025453148,0.004419887,0.005791675,0.0013314069,0.001273207,0.0021311168,0.003938786,0.006685705,0.0014738879,0.0027644264,0.0011063007,0.0015351282,0.003829981,0.0024309487,0.0114742415,0.0032835193,0.009877659,0.0016038036
IGLV2-8,0.0013257011,0.024039596,0.053453863,0.03328357,0.0052662627,0.003144954,0.0087752,0.0054027024,0.0010794721,0.007037621,0.0043779397,0.00803521,0.0014415492,0.0037642643,0.0038533132,0.0015066819,0.0010290378,0.0019982907,0.0032994775,0.0035165744,0.0013653687,0.0022136297,0.14612012,0.0014703815,0.007980349,0.0061547738,0.004696991,0.002659168,0.0070759165,0.0030948697
IGLV2-5,0.0004735459,0.22933018,0.00082138577,0.009230102,0.0010469081,0.0008298332,0.0010354012,0.0016070969,0.00030399155,0.0012854406,0.0014302555,0.0015251177,0.00060252106,0.001342229,0.0013059581,0.0003720394,0.00031835327,0.00054808107,0.001167051,0.0010190185,0.00035804274,0.00083062454,0.036057178,0.00041859105,0.001219664,0.0007090694,0.0007101543,0.00089982484,0.0011320952,0.00045177236
IGLV3-1,0.0011176496,0.0267753,0.025908912,0.016463822,0.0026921968,0.0019836556,0.0021855738,0.00358544,0.0010191615,0.003152081,0.0030176656,0.0031252848,0.0016087098,0.010280917,0.002608445,0.0009463667,0.0008794449,0.0013583392,0.02038101,0.0023088057,0.0010039089,0.0018249167,0.047368005,0.0019176106,0.0026492795,0.0016071146,0.0017421572,0.0024114724,0.002170657,0.0010417246
IGLL5,0.0044351057,0.11837287,0.103574194,0.1257221,0.016286181,0.014896751,0.01450022,0.024472529,0.004220897,0.017409183,0.043779068,0.023003628,0.007101458,0.04983772,0.020569861,0.00567451,0.00457315,0.007078713,0.015841134,0.014293768,0.005520447,0.011008609,0.15079388,0.0059277783,0.015360138,0.010883652,0.009572999,0.011490905,0.013712354,0.009141927
IGLC2,0.031915616,0.41862723,0.32352337,0.36663714,0.12622918,0.092027605,0.13057067,0.19953234,0.027563835,0.14885831,0.15882109,0.16570693,0.047790434,0.13959992,0.15419477,0.048350096,0.040420894,0.06877343,0.12937923,0.12551403,0.049664363,0.10074902,0.17765638,0.06643832,0.1464154,0.04714505,0.07099131,0.09743258,0.1241823,0.054948017
IGLC3,0.018172111,0.26716477,0.22109954,0.2604259,0.06945819,0.049372178,0.058661975,0.09740987,0.016470984,0.08298462,0.07081932,0.085124694,0.026356408,0.07915562,0.07066757,0.026402364,0.019549996,0.030116484,0.06179302,0.060495485,0.0233039,0.054503318,0.14929867,0.036837846,0.06996827,0.033782914,0.036885537,0.055485863,0.060847905,0.030006835
IGLC6,0.0017414452,0.03886685,0.062355623,0.04914603,0.0054921606,0.004170822,0.0049386066,0.011954754,0.0020424328,0.0076976847,0.006043628,0.0072087203,0.002766766,0.0054356013,0.0066917026,0.0019890473,0.0019113901,0.002803064,0.005652172,0.005585484,0.002333588,0.0035402805,0.016344586,0.0020562538,0.00801441,0.003739266,0.0038841357,0.004319689,0.0058537545,0.0021627715
IGLC7,0.0014330893,0.0376616,0.06913912,0.028202798,0.0062524285,0.005263637,0.0055543245,0.010667032,0.0019641095,0.011234692,0.007266794,0.009227729,0.0030118,0.006934855,0.00865279,0.0022884903,0.0053765844,0.003676415,0.0090944385,0.006475119,0.002281511,0.0040642805,0.006777851,0.004866718,0.0052816225,0.0038237125,0.004517011,0.004518347,0.0070081186,0.002412084
GNAZ,0.009076009,0.03179929,0.017452141,0.027043018,0.030375736,0.024118863,0.02247497,0.03381239,0.007249071,0.031402096,0.029289847,0.034544684,0.0133328745,0.03250193,0.027125467,0.009620019,0.0086036725,0.012524949,0.027409857,0.027435416,0.017776992,0.017004339,0.007210125,0.40918794,0.025840815,0.042022455,0.02709405,0.01764566,0.029010046,0.010135384
IGLL1,0.0017082636,0.0025544907,0.0025952118,0.017682357,0.005785336,0.0051110387,0.0070837224,0.0062459596,0.0014260011,0.009598139,0.0068354434,0.01192648,0.0024712612,0.0061398726,0.009034746,0.0016825793,0.4021486,0.0023641349,0.011300837,0.0044511305,0.0016802389,0.0027103266,0.002845513,0.0014510914,0.0042538717,0.0026103365,0.0034644061,0.0037962145,0.011535662,0.0033647858
VPREB3,0.015126256,0.3703742,0.4195194,0.50252306,0.05522513,0.04904398,0.06185456,0.093342744,0.020153558,0.07629969,0.074362926,0.089550406,0.023092294,0.07014425,0.07016284,0.022336148,0.017643422,0.037448168,0.06338707,0.06166133,0.02196135,0.052851524,0.021234917,0.026270676,0.0640804,0.03274743,0.036709353,0.04711577,0.051204458,0.022513373
DERL3,0.03895587,0.17854519,0.14407924,0.16174549,0.04982084,0.040291816,0.041231655,0.060694925,0.046863306,0.05605151,0.114428565,0.057209056,0.030719737,0.06365444,0.055754047,0.017888993,0.033214755,0.022055686,0.04110003,0.04031198,0.04858293,0.030537317,0.64196306,0.023869319,0.040427677,0.022545503,0.029035097,0.029824043,0.0435642,0.91769606
ADORA2A-AS1,0.01483501,0.03902937,0.034174703,0.033645175,0.1882007,0.085247636,0.042656895,0.06564943,0.018202903,0.06196728,0.060943857,0.07459943,0.038112722,0.0554121,0.05634282,0.027228193,0.014483571,0.025875304,0.04971843,0.05021426,0.017994456,0.034008335,0.015423312,0.020929193,0.046441108,0.025449675,0.048492756,0.06909868,0.04590686,0.018946221
GRK3,0.054598764,0.15636462,0.11942354,0.14331074,0.25134885,0.24986558,0.11386764,0.17395876,0.042482827,0.1666473,0.14683615,0.16834718,0.06065478,0.14100333,0.13716865,0.036875553,0.04232796,0.113139704,0.12745038,0.1091178,0.053084068,0.092165075,0.030241668,0.06638371,0.10735536,0.08925742,0.14047943,0.09823912,0.12553369,0.06781081
MN1,0.008105903,0.015641598,0.016506586,0.016929138,0.09569162,0.047011968,0.020261366,0.03298796,0.0062451083,0.028998336,0.026585152,0.03282757,0.01258767,0.027708014,0.029153619,0.009562101,0.08860161,0.01267002,0.03300161,0.021871787,0.0192782,0.015697308,0.0077567743,0.009713619,0.02397629,0.013166737,0.035648126,0.018124046,0.021242877,0.011520576
XBP1,0.063264646,0.13871853,0.1353256,0.14761142,0.23043802,0.13234895,0.25772536,0.3489884,0.0351194,0.28920218,0.3186358,0.32578906,0.09547275,0.26623392,0.282394,0.051068887,0.05785272,0.12601861,0.29561877,0.31021377,0.07620175,0.21330865,0.19011305,0.08680941,0.27385578,0.07189805,0.09976059,0.25081596,0.23392501,0.12372927
EMID1,0.0010933245,0.0022943162,0.0023345193,0.00402995,0.0038513185,0.003335566,0.0031610823,0.004970757,0.0011679626,0.0052544205,0.003874008,0.0057333694,0.0016217186,0.0032635394,0.0054229978,0.0009136513,0.21444952,0.0030777461,0.003353948,0.008220351,0.0052399444,0.031480167,0.0011070902,0.0022843003,0.0034888315,0.0025354002,0.002843903,0.0026060832,0.0063342853,0.0015240586
GAS2L1,0.020025883,0.033159494,0.03242266,0.03342094,0.16442846,0.06905802,0.046583936,0.06582121,0.024069304,0.060157537,0.056470904,0.062023144,0.039550148,0.049530134,0.050032374,0.036746304,0.020811038,0.037576836,0.05001009,0.0422004,0.019719457,0.034277774,0.015096228,0.37170157,0.046621546,0.03327694,0.06817359,0.033476416,0.038615413,0.024556773
LIF,0.0010477463,0.002441735,0.002503295,0.00251628,0.010903338,0.0029879804,0.0033789512,0.012511808,0.009230365,0.01314759,0.004552975,0.0049712397,0.0019235569,0.0048514022,0.005586606,0.0017464549,0.0085385535,0.25593302,0.0035266096,0.00894518,0.010446854,0.0344807,0.0010193441,0.0014963379,0.0037309453,0.002572977,0.0025684568,0.0030350392,0.003560647,0.0015760442
OSM,0.031128004,0.05244892,0.050588563,0.054782603,0.22761045,0.06954828,0.10064554,0.1306909,0.02852928,0.20281096,0.16632663,0.12273377,0.035566773,0.1451971,0.099880375,0.030825809,0.028668104,0.04316764,0.18874954,0.07877678,0.033650644,0.06307258,0.022470972,0.034779936,0.09010175,0.05157466,0.09353404,0.063743845,0.09201105,0.031705424
YWHAH,0.05913238,0.17649357,0.18720682,0.16962975,0.26022592,0.20782323,0.26631936,0.3539103,0.103223026,0.3576916,0.31130198,0.27837616,0.15061097,0.27143154,0.2760063,0.08462163,0.0574039,0.16677868,0.303153,0.21244796,0.1320856,0.17389455,0.04231694,0.3776714,0.22643432,0.11120902,0.17697851,0.22781888,0.21008429,0.080087274
TIMP3,0.001230854,0.0035269277,0.0024631198,0.02013299,0.003485051,0.0026318552,0.002947062,0.005084897,0.0014131865,0.004136071,0.0039611435,0.0045438325,0.0016990493,0.003541644,0.0035796345,0.0012871401,0.20892072,0.0020829074,0.003237985,0.0029901054,0.0028618576,0.0026449212,0.0009889811,0.0012037138,0.003806412,0.0016370948,0.002037158,0.0028102857,0.002881796,0.0014233334
HMOX1,0.0450848,0.07811914,0.06976837,0.06585875,0.23317555,0.43193567,0.09308248,0.15111512,0.038071092,0.116117954,0.11497857,0.1352642,0.059113864,0.105254665,0.114582375,0.03686262,0.030340936,0.05347275,0.099404156,0.10729638,0.03826642,0.077133924,0.028405419,0.048451453,0.09910693,0.0934812,0.101559125,0.1358236,0.1109941,0.04064443
PVALB,0.0031713638,0.0050761686,0.006001347,0.0053100847,0.010645433,0.008988468,0.0074916487,0.014418782,0.0020623251,0.01151151,0.008235556,0.011900612,0.0042023095,0.009061302,0.008686648,0.0027101175,0.0026079349,0.0038101836,0.0066476404,0.0069874614,0.0033291883,0.0057163513,0.0025096394,0.25054523,0.008896175,0.0047001047,0.0058346028,0.007878369,0.0071966527,0.006845219
IL2RB,0.037206672,0.111473024,0.10916609,0.11292364,0.1597183,0.14507061,0.2135083,0.23498558,0.06671816,0.27551147,0.2592095,0.27050966,0.12059139,0.27728066,0.34430298,0.06455333,0.05547845,0.120261446,0.31971937,0.73086315,0.23812966,0.7789027,0.044879414,0.06958997,0.22842139,0.09902812,0.114711456,0.16361637,0.26562116,0.068484716
LGALS2,0.057165902,0.13300864,0.12642795,0.124381624,0.5223606,0.1533093,0.15711173,0.23528394,0.0680789,0.19621581,0.19887976,0.24389766,0.071879484,0.20703389,0.20957223,0.05771291,0.05321852,0.11532712,0.18763706,0.17528795,0.06623004,0.12496857,0.05576065,0.07737151,0.17522119,0.44779292,0.36945134,0.14910933,0.15391766,0.07421259
LGALS1,0.112269014,0.15628386,0.13752347,0.18448023,0.34473026,0.2848547,0.21098068,0.41889793,0.07207937,0.32234508,0.33015993,0.3672236,0.18330212,0.24919851,0.27694815,0.05424096,0.10580977,0.12703519,0.2744781,0.21112132,0.08724756,0.16605882,0.062848106,0.10812837,0.2704153,0.20956466,0.26008877,0.2541332,0.24050876,0.073378995
H1F0,0.04416187,0.062728554,0.060102325,0.066867426,0.27347025,0.21767911,0.087194115,0.1699334,0.030645568,0.14110622,0.11084909,0.14888042,0.044410303,0.10879007,0.101229414,0.03592979,0.15498652,0.059045438,0.09027881,0.081414424,0.036728892,0.0636883,0.026253402,0.097599305,0.10232731,0.095812835,0.13206886,0.10878447,0.09656703,0.091214456
MAFF,0.026218712,0.056710772,0.059035182,0.059434153,0.15549378,0.077533536,0.075372785,0.115201496,0.026675517,0.11577003,0.1251736,0.115063146,0.048844174,0.12028283,0.14601807,0.066953726,0.028480176,0.102252804,0.19043942,0.17603545,0.03904768,0.33537933,0.025496041,0.029807745,0.08816386,0.084873825,0.1031892,0.09143756,0.12684219,0.026767896
APOBEC3A,0.09180407,0.19132647,0.18219356,0.18714635,0.7314026,0.52868015,0.22778329,0.35739097,0.087918974,0.3009412,0.31247902,0.35103846,0.13440397,0.27620366,0.2932681,0.08674639,0.07187099,0.14195177,0.2534616,0.24478513,0.08667088,0.17438173,0.08289486,0.10746072,0.29375347,0.14749241,0.14817184,0.2438541,0.23603415,0.11278213
PDGFB,0.007344594,0.012150112,0.0138755,0.012697165,0.02892636,0.018564956,0.03768111,0.03300543,0.011088685,0.053950172,0.07266948,0.023999412,0.011813035,0.03484254,0.05286799,0.006093195,0.0057291063,0.020069435,0.061099913,0.016891144,0.0066137267,0.012557733,0.0048617893,0.06789928,0.03315753,0.010246767,0.02406106,0.013839793,0.04216557,0.046949882
AL031590.1,0.00429712,0.009285922,0.008400157,0.008288303,0.037319653,0.02147747,0.020332087,0.025334414,0.02022079,0.020569775,0.023426956,0.017134435,0.006068464,0.016038276,0.016247736,0.004315898,0.004040553,0.008353225,0.011203225,0.011806052,0.0067212638,0.008843878,0.003418572,0.015561907,0.03098908,0.008099813,0.015256132,0.010234368,0.011648513,0.005150242
GRAP2,0.041581012,0.07932793,0.07797505,0.081772946,0.10425061,0.08333123,0.19514602,0.31606755,0.04000116,0.22492447,0.19843364,0.3157536,0.06876603,0.21964924,0.21997027,0.040729146,0.033489935,0.05027418,0.17503798,0.14839403,0.06559198,0.084819876,0.02679074,0.38384283,0.16773745,0.05835265,0.06979046,0.13992439,0.19390258,0.044067163
TNFRSF13C,0.041466404,0.47405368,0.50015116,0.5285472,0.072752394,0.06588368,0.07040424,0.11466094,0.0253513,0.119973525,0.10889603,0.11326988,0.029919775,0.11599129,0.08450242,0.027833125,0.02455546,0.039567504,0.09838139,0.06778391,0.03542542,0.055307686,0.028769124,0.035197,0.11104511,0.038393483,0.05077805,0.12697843,0.083449185,0.03209911
CENPM,0.011223366,0.062022153,0.07861988,0.08879957,0.03544227,0.024473816,0.046003334,0.09022178,0.47739923,0.12100471,0.08375105,0.06572915,0.5041723,0.068151556,0.062932566,0.010512981,0.017456029,0.020024385,0.07752994,0.04266841,0.45912763,0.040390953,0.050136272,0.016894275,0.10192279,0.017399555,0.021413026,0.1263991,0.04764956,0.0129410345
A4GALT,0.0008798414,0.0012079118,0.011392927,0.0056593954,0.002912497,0.0016734237,0.0019142146,0.0033794455,0.0007090572,0.021617241,0.002290172,0.002518009,0.00070158317,0.00218508,0.011288892,0.00075092126,0.00057955296,0.0011299845,0.0018437376,0.0028655704,0.0006385098,0.022271266,0.0005784376,0.0060661174,0.002142932,0.0012893679,0.001313693,0.0015434129,0.0015898722,0.0937191
BIK,0.004798845,0.010430989,0.017067237,0.009819143,0.02264085,0.014082174,0.01449011,0.032678574,0.025002245,0.03672781,0.05066272,0.037430413,0.0071709836,0.037955236,0.024998276,0.004025643,0.007664398,0.042068936,0.060083076,0.015073021,0.004766055,0.009996765,0.11793754,0.0052166292,0.023149068,0.42467037,0.03119071,0.011455087,0.03085058,0.048412807
TSPO,0.06264387,0.174375,0.15918341,0.15149134,0.3908911,0.18834719,0.13949922,0.2697828,0.04347792,0.21543497,0.23665744,0.26870397,0.0834906,0.21087296,0.20917693,0.111374125,0.047052197,0.06761711,0.22934854,0.17232765,0.07706735,0.13723353,0.05255089,0.116307475,0.18614744,0.09111855,0.13377923,0.19228807,0.17304014,0.101765215
UPK3A,0.41906437,0.043665104,0.038140457,0.044637524,0.20641728,0.21457042,0.05548416,0.10519445,0.024517545,0.08428499,0.07140969,0.08266811,0.02672337,0.069170654,0.06292348,0.025995767,0.019468604,0.03543618,0.065976866,0.05325321,0.02447273,0.042002644,0.018149406,0.02767483,0.06119328,0.32016787,0.4640666,0.039837122,0.053935364,0.0588747
SMC1B,0.0013251287,0.009148294,0.0020761588,0.0020712991,0.005121976,0.0025974258,0.0029282346,0.0063129594,0.010663329,0.006147851,0.0037321493,0.015332421,0.016896032,0.012106627,0.0033511412,0.0015121347,0.0009767171,0.0015849178,0.0030196446,0.0041560475,0.1635906,0.0022629376,0.0010603227,0.0013120809,0.0032258586,0.001396406,0.00450688,0.0025126995,0.0026867697,0.0057791253
LINC01589,0.00019298354,0.00041391572,0.0003925535,0.00039507682,0.0005506183,0.0004614877,0.0005114634,0.0007064478,0.00019789347,0.0006773759,0.000671975,0.00070296583,0.00022781845,0.0005537975,0.0006018652,0.00014669792,0.00019137116,0.00026474276,0.0005388771,0.00047243162,0.00022136192,0.00041580913,0.00020373803,0.00020699191,0.0005671706,0.00033750612,0.00036040728,0.00039938904,0.00053830986,0.0002371104
TTC38,0.02189682,0.06293257,0.05472557,0.05707888,0.09710599,0.07240055,0.14179637,0.11759226,0.05574817,0.10730694,0.107995965,0.10029758,0.06534111,0.08370431,0.2737481,0.020375589,0.030586751,0.06788688,0.08474286,0.34512818,0.10937633,0.09787679,0.025603618,0.040154632,0.07663136,0.04546358,0.06271114,0.06640242,0.19169948,0.030728417
GTSE1,0.003276639,0.0077100527,0.0076018507,0.006516644,0.010432431,0.007934735,0.008604674,0.015499488,0.53404754,0.016552866,0.010755093,0.019765897,0.12655649,0.012788004,0.01883826,0.0028044954,0.00922076,0.004542765,0.008414369,0.016506853,0.35468686,0.03680346,0.04066304,0.00993268,0.0077445367,0.011302234,0.007399718,0.009336685,0.007370143,0.009024638
CRELD2,0.046496607,0.08607729,0.09332629,0.085120134,0.12755984,0.10117704,0.14879623,0.21752962,0.065881275,0.2208795,0.17617176,0.1791328,0.13369104,0.16628093,0.20347227,0.030339094,0.034303818,0.09729617,0.17136824,0.17674501,0.08168332,0.13725428,0.13622612,0.037479132,0.11423107,0.09450638,0.09115307,0.11506088,0.13990521,0.07839387
PIM3,0.05345186,0.13969755,0.12870193,0.14419745,0.33721292,0.17497428,0.1945144,0.2784906,0.040028118,0.25212154,0.24377267,0.27849928,0.07067628,0.2562976,0.2353358,0.058280624,0.042362336,0.14910099,0.21817255,0.17927587,0.0657348,0.16296886,0.038522817,0.084147625,0.22307281,0.12426989,0.13821948,0.20014675,0.17434497,0.10540676
PLXNB2,0.041797206,0.075214,0.0760227,0.07364312,0.2792243,0.24047996,0.1033775,0.17816028,0.03459333,0.16358829,0.12600029,0.14994101,0.057913404,0.108558916,0.11544623,0.04250042,0.039324228,0.048480827,0.119871795,0.09551561,0.04288489,0.072778516,0.030578518,0.052357227,0.11257772,0.09527995,0.13345705,0.103910275,0.10121198,0.08121894
TYMP,0.0649075,0.09366573,0.09420712,0.10845002,0.28723502,0.22527903,0.1543263,0.21841462,0.041851718,0.2084896,0.18876247,0.22512715,0.065826155,0.17436536,0.16557449,0.06455382,0.041847374,0.09123821,0.16066097,0.12470164,0.055391934,0.10613999,0.03272507,0.06830697,0.15191063,0.06348867,0.11618995,0.12529321,0.15120286,0.03917631
ODF3B,0.0573225,0.08335042,0.090611614,0.08765826,0.31616715,0.16626172,0.11512807,0.16664132,0.030292379,0.1603687,0.13470265,0.14799316,0.05010357,0.12774521,0.1281581,0.037693877,0.033773117,0.0892945,0.12082356,0.109962,0.05263506,0.09359638,0.033092733,0.049979296,0.12254564,0.07805821,0.12683874,0.106771395,0.11941549,0.05815675
FP236315.1,0.00018937567,0.00046148564,0.0015372493,0.0004777251,0.0007113585,0.00057247205,0.0007118816,0.025744166,0.031107679,0.006877429,0.0008740969,0.0071409186,0.00038634654,0.00086761295,0.0030005262,0.0002727539,0.00022002342,0.00045541,0.00073653634,0.0007118625,0.00027742662,0.00052052597,0.00022303514,0.00029458705,0.00078256195,0.00043803215,0.0004794472,0.00059952214,0.000615807,0.0002794598
LINC01667,0.00022239491,0.0004032816,0.00039877996,0.00044930683,0.00069913216,0.0005516104,0.0005901965,0.0009612556,0.00022623158,0.0008310545,0.0007697837,0.0008512079,0.0002764382,0.0005984246,0.0006466304,0.00023983156,0.00021251304,0.00028165948,0.00059389306,0.0005472769,0.0002622251,0.0004059278,0.00019942138,0.0002546269,0.0006587434,0.00042034374,0.00047101846,0.00054232293,0.0005354205,0.00027017476
SAMSN1,0.057860266,0.102279484,0.1090572,0.101842135,0.2571019,0.1913074,0.19274911,0.23328732,0.045448903,0.22473243,0.27239645,0.22348927,0.08543821,0.20614521,0.21403277,0.053999387,0.0415321,0.10638951,0.17189924,0.15338898,0.05839497,0.120914064,0.032886818,0.06420921,0.169742,0.09972198,0.10082036,0.1390411,0.16169062,0.0585029
NRIP1,0.082546614,0.12644619,0.1196392,0.15898739,0.2800746,0.19555333,0.14655975,0.2533213,0.038833205,0.19870496,0.26789036,0.25356048,0.062543325,0.17487693,0.19813809,0.07332817,0.14582846,0.16299196,0.3255919,0.17565802,0.06578552,0.15944715,0.040817548,0.06438048,0.18574908,0.10319954,0.12169955,0.13941666,0.17006007,0.0723941
AJ009632.2,0.0009779858,0.0020846808,0.0017990427,0.0018170458,0.0057822946,0.0046091625,0.002592198,0.0040836222,0.001174033,0.004196444,0.004324411,0.0044876668,0.0016275707,0.0029136427,0.0034491767,0.0009117115,0.2163318,0.0019918939,0.00275812,0.00477223,0.0010046085,0.0019894564,0.00077251537,0.0037272365,0.0025085893,0.0019834572,0.0020664805,0.0020160195,0.0037000664,0.001126098
BTG3,0.03749575,0.10030085,0.07737927,0.09071851,0.16016176,0.07689851,0.15713356,0.15491825,0.073010765,0.18283963,0.20015556,0.1479622,0.095793985,0.16693632,0.17349143,0.030927978,0.031376276,0.058726538,0.15090863,0.120769635,0.098223604,0.10629027,0.040646758,0.04081993,0.17139785,0.044255666,0.07769891,0.12415403,0.11666279,0.07796347
TMPRSS15,0.00023472167,0.0066262893,0.00046201565,0.13320917,0.0007403094,0.00059567695,0.00061672623,0.0010775538,0.00023308571,0.0010364826,0.00082631886,0.0009936459,0.00042533423,0.0007006054,0.0053461627,0.00033441203,0.00023329338,0.0004087655,0.000687878,0.0006285563,0.00027043288,0.0005275867,0.0002235994,0.0003081212,0.0006864821,0.0005382514,0.00048573661,0.0005891617,0.0005898879,0.00030073093
LINC02573,0.0018214209,0.003892374,0.004476185,0.0038163995,0.0065742773,0.005567921,0.0055779335,0.008896,0.0024338968,0.009834706,0.007520903,0.007530651,0.002574733,0.00619106,0.007991708,0.0026932233,0.62437856,0.0035362276,0.0058423686,0.005474392,0.0022552493,0.004333266,0.0018579252,0.0025556777,0.0057311044,0.0037554402,0.004277283,0.004433613,0.00582927,0.002287596
MIR155HG,0.041538797,0.10797646,0.08513158,0.05994317,0.13304874,0.072120585,0.10815719,0.09737451,0.034952093,0.11210344,0.12636212,0.100952275,0.03275348,0.079613216,0.092103325,0.02411246,0.05795561,0.040257886,0.08171322,0.060285594,0.030487241,0.04741794,0.021884069,0.023087021,0.08535017,0.029879497,0.061872613,0.062569454,0.07852224,0.1256064
APP,0.31269488,0.13421236,0.10168271,0.13122977,0.30359632,0.15890393,0.13237703,0.2779345,0.0460927,0.27069247,0.23155111,0.25339857,0.07966136,0.18107127,0.14591189,0.057135407,0.07790326,0.07665894,0.15525617,0.12394233,0.060745414,0.11479718,0.040958114,0.23166355,0.17713259,0.0817199,0.15272754,0.12843244,0.13397707,0.501058
MAP3K7CL,0.017344717,0.070589006,0.06997149,0.049336176,0.16965234,0.078129835,0.05984118,0.10182433,0.015607472,0.08491052,0.08241542,0.106006786,0.022991445,0.08488578,0.0784071,0.018932847,0.020275451,0.030128086,0.07025171,0.06625328,0.03581225,0.055662785,0.017542154,0.57344466,0.0697377,0.04254363,0.050016265,0.06934576,0.06779436,0.03994276
BACH1,0.061315984,0.1451261,0.11114153,0.1433384,0.31431654,0.20381157,0.16461211,0.2657082,0.053446908,0.24609049,0.2287634,0.24164431,0.105471574,0.19782099,0.19452332,0.06857749,0.046210837,0.10392843,0.1922117,0.17920837,0.055329595,0.13277741,0.036894448,0.08254204,0.20072685,0.08746649,0.09654871,0.16219781,0.15916564,0.06390314
OLIG1,0.018992089,0.037807997,0.03494389,0.036578942,0.19856054,0.1751656,0.04652598,0.07818146,0.025149083,0.066713996,0.05535016,0.06600171,0.024756642,0.05053935,0.0532239,0.023944765,0.0146818245,0.025524907,0.049699638,0.043052744,0.018157983,0.03354527,0.015037481,0.020282622,0.049999837,0.034949973,0.0374973,0.040067893,0.04576008,0.019207181
IFNGR2,0.040335204,0.12428617,0.10243196,0.11673453,0.27021292,0.20183165,0.14036174,0.23186716,0.05010461,0.19301234,0.17653224,0.20034204,0.072053105,0.15053062,0.1541397,0.05322081,0.0391588,0.067651935,0.1314741,0.1254047,0.05502746,0.109941825,0.029057954,0.06392883,0.15579136,0.054541573,0.088300206,0.113615945,0.12614097,0.056034025
ERG,0.0011028881,0.0021057886,0.004934808,0.0020745667,0.007516774,0.0038896927,0.0026056215,0.004225954,0.00091425964,0.0037352266,0.0035838785,0.005927842,0.001433463,0.003174903,0.0031427646,0.0009806289,0.26204067,0.024718044,0.0028149905,0.0028516261,0.001171306,0.002230295,0.0010309297,0.004903743,0.0031355044,0.0024228764,0.03781887,0.0025451465,0.0027054306,0.0013328822
ETS2,0.033885956,0.07221442,0.064791426,0.07149481,0.3081776,0.16462731,0.09652487,0.14021575,0.03598413,0.12204938,0.11209637,0.1473759,0.056801308,0.11512045,0.10978102,0.049235906,0.08176762,0.051580913,0.10074375,0.09423115,0.035903957,0.0712078,0.026383644,0.048244935,0.10662532,0.039247125,0.15543547,0.07896264,0.09091926,0.04289006
MX2,0.03751626,0.112360485,0.10042736,0.108533435,0.1946109,0.16226453,0.12874937,0.2179782,0.03231614,0.18930261,0.19038,0.19975261,0.07081281,0.16777883,0.16604556,0.033912152,0.038079135,0.086866714,0.14943913,0.14110544,0.04851511,0.10018976,0.036065508,0.05869236,0.16084892,0.05102444,0.10399871,0.13476841,0.15242325,0.058500797
MX1,0.08440231,0.11404681,0.09604203,0.107527964,0.19145957,0.13319209,0.12516111,0.1968621,0.06682835,0.18445331,0.1728936,0.15509282,0.061891783,0.12894131,0.1361808,0.03616522,0.03280443,0.068478994,0.12976922,0.12543285,0.05406129,0.09755974,0.034520768,0.049351826,0.15741359,0.057917982,0.11040761,0.105631806,0.12566236,0.09747953
LINC01678,0.019939614,0.062622935,0.051141348,0.099584594,0.14959589,0.09288741,0.05419192,0.104244746,0.026281282,0.08810111,0.07756224,0.10533067,0.032184873,0.08700112,0.06505159,0.027698575,0.026490359,0.061718673,0.062456522,0.051969696,0.024276916,0.045982607,0.016478881,0.02315244,0.070673235,0.051393535,0.097359695,0.059586972,0.059139755,0.062443815
AIRE,0.07297005,0.030880956,0.019080924,0.018985426,0.012926798,0.010529181,0.012164991,0.025484333,0.0036068484,0.074827604,0.03518611,0.029941099,0.014324696,0.036133945,0.0118129505,0.0035535358,0.0032364011,0.06876911,0.014927896,0.012662947,0.00571463,0.007260831,0.0029502898,0.004314096,0.02441487,0.005784299,0.009206908,0.009095395,0.016000861,0.0042317733
ITGB2,0.038041007,0.1603348,0.16096608,0.17162399,0.24559873,0.17394955,0.16669874,0.33943155,0.03227741,0.2871386,0.21754637,0.34239516,0.093378656,0.2634907,0.20513494,0.107904986,0.09243305,0.122761756,0.20986743,0.2035868,0.06703762,0.113795854,0.07807419,0.1318139,0.2434055,0.066991866,0.107379116,0.20976558,0.18368265,0.08479461
COL6A2,0.017416792,0.03287019,0.031526532,0.033175956,0.046457388,0.041363906,0.0708564,0.079544105,0.014078143,0.07543908,0.08863567,0.10116689,0.13035499,0.07474052,0.15981211,0.021608513,0.013989107,0.02067208,0.115418844,0.14903614,0.0440611,0.04662972,0.011293769,0.021899642,0.04818935,0.025361013,0.029562276,0.10421995,0.14474797,0.019501448
S100B,0.051303703,0.054821692,0.06414569,0.06372946,0.08979839,0.12117213,0.080196716,0.18334019,0.02381721,0.10391586,0.09694951,0.89344347,0.0752006,0.22356698,0.1350506,0.03615767,0.034304537,0.0452497,0.1555273,0.21764243,0.07885899,0.22823945,0.024194466,0.044858884,0.09913224,0.5174209,0.090674356,0.18663876,0.22038451,0.0424598
MT-CO1,0.04895929,0.17470786,0.14678743,0.18617949,0.40395406,0.29545754,0.24651916,0.83978957,0.10502685,0.64642394,0.43352845,0.3954926,0.18069117,0.45651183,0.31362474,0.5214427,0.098528676,0.23647541,0.26760176,0.29964936,0.10687721,0.24934982,0.13734072,0.20385304,0.4954979,0.15231958,0.22302803,0.38508475,0.3061155,0.145137
AC141272.1,0.00025876943,0.00045708436,0.117829025,0.0789934,0.0006039988,0.00047538162,0.00051756843,0.0008549768,0.00018853962,0.0007385729,0.0006563885,0.0009472422,0.00031717616,0.0006549207,0.0006603093,0.00022244672,0.00019822738,0.00033697477,0.00056687894,0.0005176777,0.00020690818,0.00043833462,0.0001601507,0.00024233488,0.00064293726,0.00036586204,0.0004232529,0.0004996063,0.00059860386,0.00023832402
AC233755.2,0.0007179642,0.013664756,0.006462056,0.019538319,0.0018432012,0.002030832,0.0015851707,0.0024874988,0.000645956,0.002381883,0.0022233173,0.0021357788,0.0008913017,0.0018364469,0.0017809668,0.00062973716,0.00051327975,0.0012512407,0.0017565604,0.0014654556,0.00067890104,0.0011263588,0.046726912,0.0007865551,0.0016145922,0.0011689024,0.0013140775,0.001251509,0.015404858,0.00075046695
AC233755.1,0.0007795482,0.027401902,0.0033986387,0.03058482,0.0027849348,0.002180794,0.0025734175,0.004319591,0.0010461699,0.0037199738,0.003459498,0.003472356,0.0010991417,0.0026691274,0.0028330698,0.001025508,0.0008609598,0.0015719287,0.0026209892,0.0022528197,0.0010451585,0.0019507189,0.07583027,0.0031853213,0.002974304,0.0017444879,0.001962123,0.0023900527,0.0024864364,0.0012007921
