gene_name,ASDC,B intermediate,B memory,B naive,CD14 Mono,CD16 Mono,CD4 CTL,CD4 Naive,CD4 Proliferating,CD4 TCM,CD4 TEM,CD8 Naive,CD8 Proliferating,CD8 TCM,CD8 TEM,Eryth,HSPC,ILC,MAIT,NK,NK Proliferating,NK_CD56bright,Plasmablast,Platelet,Treg,cDC1,cDC2,dnT,gdT,pDC
HES4,0.015612203,0.02228708,0.020876294,0.024846628,0.039600667,0.26130483,0.028153593,0.040514275,0.011171089,0.029265767,0.030535255,0.033953875,0.011927529,0.028532837,0.023357274,0.010770365,0.015739605,0.022015719,0.026285311,0.04862299,0.015703492,0.021568766,0.0121088205,0.022072682,0.027917022,0.01959525,0.023040667,0.027363477,0.023393033,0.027038733
ISG15,0.039919537,0.04807762,0.04774774,0.0578646,0.06848524,0.07110509,0.080173716,0.08698098,0.023505468,0.08031103,0.07103683,0.091222286,0.039468616,0.06630911,0.06417984,0.040029433,0.0279851,0.0454916,0.06788719,0.077617206,0.031536937,0.058292978,0.0261804,0.04177494,0.07361822,0.037374515,0.05236569,0.07390274,0.071721755,0.034381498
TNFRSF18,0.023692604,0.042267848,0.031877913,0.029845888,0.032693826,0.02453261,0.06057705,0.04154786,0.027520347,0.085652664,0.05887348,0.042021945,0.034718454,0.044212256,0.047654144,0.024240147,0.021542825,0.3115662,0.043686327,0.14001404,0.061273333,0.1814172,0.016117563,0.018450513,0.051614895,0.022854332,0.02463564,0.0236096,0.045372635,0.02141541
TNFRSF4,0.023645515,0.026219655,0.031544987,0.03345781,0.03204772,0.027789436,0.050327674,0.050571706,0.021269599,0.181265,0.12019493,0.05333567,0.025263496,0.05359673,0.035595756,0.023764674,0.028845662,0.3132375,0.04571365,0.07976589,0.033793394,0.08113928,0.017036958,0.020636939,0.071798384,0.024523031,0.024001578,0.024990419,0.043053083,0.03575083
AJAP1,0.002980572,0.0030665956,0.0033236493,0.0032914227,0.0036624304,0.0036572374,0.0040631546,0.0053282543,0.0020509148,0.0055933427,0.003902096,0.021073245,0.002173334,0.003980282,0.0054655736,0.0110659795,0.0023879316,0.0028887328,0.0036394221,0.0032463365,0.0018759723,0.002424212,0.0017766384,0.0022382352,0.00722477,0.0026762828,0.002883007,0.003321371,0.0035644434,0.12071738
RBP7,0.031029537,0.035904296,0.036433782,0.038936682,0.23395123,0.07910542,0.050701767,0.05961435,0.02237247,0.05613212,0.051701777,0.061533608,0.017279191,0.045655575,0.047942154,0.027357036,0.026760455,0.030188285,0.04396716,0.041820407,0.021261796,0.029802704,0.020940369,0.024830906,0.049318943,0.025058733,0.033238385,0.035239838,0.030333864,0.031239562
PGD,0.05185887,0.042186465,0.052677073,0.05590649,0.20267,0.07288015,0.0613075,0.08718801,0.03148107,0.06275819,0.06526001,0.07811405,0.034834556,0.053716045,0.050546337,0.03349724,0.06268506,0.03714966,0.05592993,0.05224157,0.035743937,0.038965385,0.025930608,0.07154397,0.06142341,0.0410391,0.074200176,0.049571455,0.041611716,0.06824103
SRM,0.041866045,0.05566464,0.06006565,0.061014015,0.051570013,0.04284205,0.08925833,0.0964029,0.03264308,0.082334384,0.08218134,0.08924229,0.029859075,0.07188084,0.06404379,0.027379382,0.04014657,0.05443498,0.0659804,0.05942789,0.03981491,0.049857724,0.066721745,0.02827193,0.08396371,0.06275093,0.06177112,0.069025874,0.06634425,0.040942863
TNFRSF1B,0.06069636,0.095529504,0.10529663,0.13191909,0.22273873,0.25686026,0.174685,0.1993443,0.054152023,0.16380514,0.14892603,0.19142713,0.047724884,0.14784002,0.14019221,0.08080119,0.0885182,0.095332876,0.13355428,0.13786043,0.06257545,0.089183964,0.06722997,0.088813975,0.14759442,0.09333404,0.086974226,0.11476755,0.13823041,0.06534267
PADI4,0.048956208,0.033488557,0.03897869,0.043312505,0.16358574,0.035141014,0.04304949,0.072188206,0.017253086,0.05022337,0.047076616,0.109665506,0.020346813,0.047983557,0.04500947,0.026111444,0.037484486,0.027246615,0.035565432,0.051990975,0.021810513,0.05221899,0.019864982,0.1304234,0.057990137,0.046909716,0.03860678,0.054859225,0.053168826,0.042134874
CDA,0.028547172,0.036810882,0.043385513,0.037457857,0.21845151,0.15802795,0.047514684,0.05981307,0.020338606,0.052002013,0.050846376,0.057070468,0.017520083,0.049080983,0.046325296,0.037340052,0.023528028,0.030716894,0.041527737,0.042596493,0.022663638,0.03775143,0.020421434,0.038365364,0.052680872,0.03703241,0.037749738,0.039714687,0.039390624,0.030684764
DDOST,0.07036207,0.065878265,0.06885807,0.082526304,0.07479459,0.05657445,0.11669482,0.10799678,0.038452726,0.09158713,0.096286125,0.10508772,0.043777596,0.10042947,0.09373424,0.031875815,0.055949453,0.05504867,0.07995805,0.10147049,0.0495804,0.0624843,0.094411075,0.04276465,0.10177063,0.06913945,0.059761804,0.086960316,0.0917792,0.07131624
C1QA,0.022581203,0.018992953,0.018074417,0.019492703,0.03566788,0.24772532,0.022412073,0.02972179,0.009833698,0.02814092,0.022616683,0.028613696,0.010930704,0.024827229,0.02276998,0.014369683,0.013161747,0.014103626,0.020973958,0.031230697,0.01038495,0.016631247,0.010206812,0.024259413,0.022581503,0.018457849,0.04533029,0.017498402,0.020117208,0.029560234
C1QC,0.0015164362,0.0020729173,0.002152749,0.0023167413,0.0040533827,0.060276695,0.0027706227,0.0034239967,0.001225967,0.0031193167,0.0030155194,0.0035202273,0.0010948651,0.0026711451,0.0023234186,0.001468122,0.0015775383,0.0016744286,0.002476005,0.0023069466,0.0013811992,0.0022648082,0.0011453236,0.0060167797,0.004074925,0.0019737484,0.0052199266,0.0025535715,0.002186098,0.0017533548
C1QB,0.004292571,0.007689634,0.0050945967,0.0054306453,0.008760434,0.10886932,0.008715728,0.0085749915,0.0033551236,0.0072073904,0.006810613,0.009653772,0.0033249818,0.0075914944,0.008551819,0.0038785588,0.0034376709,0.004723099,0.006160817,0.006905338,0.0032434806,0.0051056966,0.003975602,0.0047890022,0.007010969,0.007517138,0.02513974,0.0058045154,0.0068623014,0.010658937
ID3,0.01949353,0.08904211,0.11847,0.079454884,0.04135445,0.03298005,0.031708207,0.084747575,0.028941361,0.07039132,0.044968974,0.06506458,0.018374443,0.06749317,0.0314449,0.03328874,0.0359,0.046139795,0.029725922,0.026669012,0.017794915,0.027116712,0.01678055,0.019233342,0.16331387,0.04653813,0.07592729,0.070071146,0.037199024,0.021770077
CLIC4,0.013264231,0.047990974,0.049504116,0.06793536,0.053968366,0.03877661,0.022128737,0.028662598,0.008087685,0.024252685,0.022905694,0.025676684,0.011418773,0.022537144,0.020980626,0.011330114,0.022888048,0.023598878,0.021696188,0.022668445,0.01057986,0.018147742,0.03889701,0.04755874,0.021435281,0.019257631,0.02768843,0.017870693,0.01946128,0.023844378
STMN1,0.12173609,0.05703596,0.059555616,0.07214795,0.05938923,0.049153075,0.09942259,0.1339577,0.2464326,0.08644921,0.073182225,0.15111186,0.21825853,0.07723075,0.08655778,0.03985089,0.18529421,0.07099272,0.086773306,0.08951473,0.29119354,0.061091844,0.05355345,0.043330185,0.09886149,0.04754552,0.08558,0.12078978,0.08491786,0.1510064
EXTL1,0.00047068155,0.0005860738,0.0006055769,0.00063104543,0.00065166544,0.00056103116,0.0006952096,0.00096029363,0.0002582071,0.0008766137,0.0007402472,0.00090086414,0.00037654556,0.0007914739,0.00065815984,0.00046599316,0.0004266846,0.0004938503,0.00063942774,0.0014117289,0.0003405699,0.0004893881,0.0003614394,0.0004161535,0.0007680802,0.00056352967,0.00047942848,0.0006267624,0.0006182356,0.0004972609
CD52,0.29591498,0.1077081,0.1229095,0.12794596,0.14674136,0.120161094,0.22888152,0.11124085,0.089033924,0.14091925,0.13006306,0.10700061,0.068341985,0.1033356,0.12970766,0.19641513,0.16310588,0.10540537,0.10551548,0.18327506,0.12052237,0.09092976,0.07462249,0.1524796,0.1021342,0.21451476,0.1133816,0.14657962,0.1278871,0.164305
ZNF683,0.027146092,0.018601513,0.021097578,0.020566436,0.02050594,0.017987674,0.11010722,0.034441408,0.031951413,0.036201067,0.030294217,0.039477974,0.100073226,0.049791735,0.121343635,0.011951646,0.015350805,0.016433729,0.026167285,0.042565804,0.021956952,0.03471018,0.011505451,0.02023888,0.025771582,0.012698414,0.016777806,0.01604564,0.065113254,0.01652901
HMGN2,0.029924972,0.04329834,0.04239348,0.053408843,0.04494521,0.04019803,0.08529546,0.074559316,0.10893261,0.06555623,0.06487058,0.06849931,0.05175931,0.065735884,0.05974447,0.04480215,0.028680924,0.049848817,0.059215143,0.05747231,0.084848985,0.04999562,0.03997263,0.05694183,0.07268539,0.024069984,0.037249416,0.069013566,0.0508214,0.033706073
FGR,0.032301378,0.043570936,0.040487576,0.049762867,0.11304567,0.10030557,0.05850415,0.07070449,0.0264551,0.062839545,0.058437333,0.06935072,0.02674643,0.057297584,0.05445122,0.034302115,0.036440838,0.04127262,0.050981417,0.0761698,0.032467242,0.053108275,0.018825084,0.034075096,0.05771274,0.022375772,0.04356423,0.035289604,0.05126847,0.030797414
IFI6,0.029810164,0.04157812,0.041479148,0.042206634,0.076397814,0.068075545,0.059567716,0.07084225,0.023014307,0.060269453,0.06322492,0.0750749,0.02442702,0.050696794,0.0605668,0.033276547,0.027713697,0.029380832,0.052095518,0.054633036,0.028772442,0.043936007,0.02300009,0.046457157,0.06012474,0.027354699,0.050347757,0.056089316,0.055011466,0.028235307
THEMIS2,0.07904945,0.052111566,0.049678974,0.04934897,0.10197589,0.09353438,0.077458926,0.072536774,0.020507237,0.06694775,0.060624424,0.08544905,0.017260885,0.060294215,0.054656558,0.0327842,0.024241142,0.03540247,0.052362714,0.069543466,0.028212542,0.054411754,0.024147356,0.035930198,0.060490344,0.045742527,0.06690509,0.044393957,0.05579518,0.06412942
PTAFR,0.018004203,0.024310613,0.026557062,0.026717858,0.13021034,0.03689883,0.02830004,0.037092634,0.0154796,0.030947916,0.033025056,0.036996387,0.014350836,0.030913519,0.030391624,0.016109254,0.021986747,0.020994939,0.028148448,0.025166178,0.016525393,0.019163707,0.012567596,0.030458352,0.030384023,0.01918725,0.049804658,0.023818327,0.02533802,0.017612107
SPOCD1,0.0015266892,0.0018759862,0.0018635447,0.0022433407,0.0028241044,0.0017742733,0.0026842186,0.0032494334,0.0011030779,0.0026712434,0.0026076506,0.0031930741,0.0010186489,0.0024861943,0.002283552,0.0013327806,0.0013299746,0.0012946664,0.002374926,0.0021820257,0.0016865124,0.001807077,0.0012622938,0.07258134,0.0024950157,0.001794946,0.0018371807,0.0020848988,0.0021731043,0.0015145536
MARCKSL1,0.085914835,0.07203067,0.097230755,0.11069232,0.07621797,0.09583753,0.069222614,0.15894237,0.039850265,0.10917441,0.08495156,0.10992379,0.03656134,0.08662528,0.06790972,0.034813125,0.06657191,0.04999789,0.067441024,0.06825627,0.039033853,0.046926063,0.02702965,0.043661445,0.09573421,0.096213646,0.051672753,0.066985816,0.060360573,0.056207955
TMEM54,0.00042996366,0.0004691376,0.0004960755,0.00054933975,0.00056951505,0.00046038989,0.0006911182,0.0007559813,0.000315022,0.0006315287,0.0006073341,0.00082043343,0.00032579573,0.0006176646,0.0005375655,0.0004076694,0.00034331286,0.00042087105,0.00058861007,0.00056874333,0.0053118416,0.00047265476,0.0003202919,0.00032951948,0.000696465,0.00040877186,0.00047692773,0.00050473906,0.0005090234,0.01273014
RNF19B,0.029482616,0.033440556,0.031118808,0.03995203,0.108186334,0.062700406,0.05496375,0.058407757,0.019539867,0.049950454,0.047234084,0.051378157,0.015202476,0.0430069,0.040361326,0.02232791,0.02456997,0.045096643,0.042506587,0.050211105,0.030284911,0.024072237,0.019929538,0.022308366,0.049368866,0.03920208,0.054598518,0.043237753,0.035705883,0.024879366
GJA4,0.00038878407,0.0005214237,0.00054105814,0.0005967499,0.0006251628,0.0005192278,0.0006955058,0.0008951226,0.00036607755,0.0006722549,0.00072248385,0.0009161837,0.00022227806,0.0007410702,0.0005813907,0.0004381383,0.01573409,0.000454771,0.000567867,0.0005795824,0.0003334692,0.0005320994,0.0003177714,0.0129769845,0.00070962583,0.00046728362,0.00053484854,0.0005840377,0.00056325895,0.00043165503
AL590434.1,0.00027054356,0.0003205654,0.00033957182,0.00039099384,0.0003662109,0.00032018783,0.00034307683,0.0006105479,0.00023074295,0.00047957682,0.00047763984,0.00053277507,0.00018002595,0.00044968363,0.00036984796,0.0002196458,0.00024284632,0.00028631257,0.00042518988,0.00037885286,0.000239262,0.00031962464,0.0001887888,0.00022251003,0.00046005557,0.0003312012,0.00033223673,0.0003451381,0.00039083874,0.0002466109
CLSPN,0.01267344,0.016358413,0.019750275,0.018331729,0.020650193,0.02798876,0.031379122,0.025815409,0.29242748,0.027315881,0.029810574,0.028308494,0.2298835,0.025320621,0.026897531,0.01187904,0.040815584,0.024088379,0.021630734,0.030030502,0.4330921,0.018988894,0.05537685,0.013348233,0.020648906,0.01774346,0.040154636,0.038732138,0.017116882,0.01424651
CSF3R,0.03703425,0.029255059,0.030736063,0.035861257,0.15808257,0.040744986,0.039999727,0.049634006,0.015343739,0.046522908,0.0406808,0.051309116,0.017236914,0.04431328,0.036392707,0.022027798,0.029937929,0.023563685,0.039501145,0.03831532,0.021521538,0.038439333,0.013531824,0.02562375,0.04150957,0.026553143,0.05198487,0.036146667,0.036658898,0.029440291
ZC3H12A,0.032664794,0.029731581,0.032378122,0.033651557,0.07155966,0.034406707,0.047603007,0.043087102,0.015003948,0.04791647,0.053329032,0.046204437,0.021801779,0.041166507,0.044592693,0.015590437,0.013587082,0.018877955,0.045428153,0.041770376,0.019748775,0.04041772,0.013341045,0.019778213,0.04409331,0.03169789,0.04089556,0.06334393,0.039119285,0.024491685
CDCA8,0.02149806,0.008817571,0.014083202,0.024337653,0.010049001,0.011740457,0.020393353,0.015009053,0.21386163,0.013064951,0.012840042,0.012940862,0.04373306,0.011086417,0.016449656,0.0065519745,0.0072431397,0.0062331064,0.010943538,0.014295312,0.21861032,0.007844153,0.019896394,0.005863063,0.011622424,0.009433672,0.0081527075,0.039706383,0.030518245,0.0060069044
BMP8B,0.0046431464,0.006376553,0.00744836,0.010791766,0.014112786,0.00940906,0.008189232,0.014902095,0.003542802,0.009129432,0.013486612,0.010315871,0.005552875,0.012332066,0.011658258,0.005373773,0.0071956906,0.0077955956,0.009012107,0.009121684,0.013136159,0.018903334,0.06140262,0.0045759836,0.013448181,0.005131696,0.006006208,0.0057038376,0.006540515,0.00441773
MYCL,0.08513757,0.014386168,0.016444266,0.018434923,0.061539304,0.03306238,0.017473504,0.024845934,0.010217974,0.020754337,0.016914038,0.028803231,0.008918701,0.020944007,0.016354714,0.012732063,0.010066595,0.013264357,0.017478758,0.01596555,0.009566127,0.013594193,0.008122337,0.010671652,0.018580623,0.15695013,0.08262176,0.014358622,0.01729482,0.08291373
AL033527.2,0.00047405923,0.0007338859,0.00065344624,0.0007412917,0.00074404775,0.0041250917,0.0007792067,0.0010874626,0.00040994358,0.0009528537,0.00087630516,0.0011234732,0.00043592957,0.0008157082,0.00071257487,0.0004501044,0.0005299536,0.0005467983,0.0008475038,0.0007237097,0.00039100833,0.0007362248,0.00040229806,0.00046655638,0.0008104171,0.0006146495,0.0035575088,0.00071518455,0.0007479057,0.0031631826
MFSD2A,0.03326986,0.023614982,0.016988495,0.0147700915,0.07967822,0.02210032,0.019209795,0.024688628,0.009220742,0.023376802,0.025334267,0.02562053,0.013237299,0.019112423,0.021098033,0.013016686,0.010318849,0.01230677,0.015829166,0.015315996,0.008527641,0.015557653,0.012732051,0.010143536,0.021485493,0.04383556,0.050172478,0.015741026,0.014525893,0.052495804
PPT1,0.12377374,0.06888387,0.085428245,0.09691644,0.18047462,0.12395869,0.105931744,0.14446038,0.05273479,0.12977618,0.117874414,0.13825297,0.04722233,0.10555966,0.08673404,0.044972688,0.058210753,0.08344155,0.090676256,0.0859798,0.054994345,0.062402524,0.037244085,0.055301815,0.12362325,0.19947983,0.108636536,0.10192013,0.07600315,0.0601559
CITED4,0.022117332,0.023507355,0.02284961,0.02726013,0.053103413,0.029037355,0.03209881,0.09195665,0.0134346215,0.059512004,0.05290805,0.08905444,0.009837591,0.038883783,0.030119753,0.01582379,0.021533791,0.0344215,0.038323235,0.029400101,0.016086688,0.031900574,0.0120157935,0.015990892,0.06787107,0.026028646,0.03522719,0.05531551,0.032823097,0.021489484
CDC20,0.0043412093,0.0063551543,0.005353151,0.006508426,0.005331595,0.0050392626,0.0068750926,0.008070419,0.2333176,0.010824027,0.01127364,0.008432072,0.02790271,0.0069061695,0.005574411,0.0038963924,0.005057234,0.0033834667,0.0059500714,0.0082118325,0.059250634,0.0068629407,0.029853452,0.0043689455,0.0070515284,0.00497979,0.0066256635,0.007851855,0.0055709328,0.004487006
KIF2C,0.0042513525,0.0051819095,0.0054642316,0.005871783,0.008743619,0.0057093455,0.006755033,0.009541394,0.2287658,0.022511002,0.0085016545,0.013433361,0.049898613,0.0064407066,0.00774202,0.0037247215,0.014394541,0.029527714,0.0064385636,0.0065272413,0.10639308,0.0057571204,0.02422391,0.0037246586,0.0069286074,0.004819318,0.0053060204,0.005467179,0.0055610947,0.0061922087
PLK3,0.035367984,0.038272277,0.039669257,0.044546466,0.12999298,0.09376065,0.052430797,0.08234033,0.021042565,0.08641119,0.08926105,0.07618218,0.015613021,0.06580642,0.04671494,0.038140707,0.029122988,0.046797648,0.06087691,0.04627502,0.024323033,0.05001714,0.017886285,0.034099646,0.07065918,0.041124094,0.052005846,0.062185682,0.053332064,0.03387997
PRDX1,0.06257095,0.09090367,0.09980978,0.1244148,0.13021763,0.1099998,0.15082897,0.18514115,0.13967116,0.1633857,0.14643712,0.1692961,0.09625164,0.1455783,0.12533253,0.06441195,0.10536166,0.103341565,0.13211289,0.13143258,0.06478681,0.097624704,0.089063756,0.097930714,0.1643847,0.05076042,0.066668406,0.11293121,0.13049127,0.05163172
NASP,0.03583052,0.06450613,0.06406384,0.08197527,0.057619948,0.0485775,0.080818295,0.104881056,0.0912432,0.093288,0.084579915,0.08834954,0.090010256,0.07896397,0.07218738,0.03740933,0.054331217,0.04943492,0.0739061,0.083151534,0.12023768,0.0644403,0.028545935,0.040141907,0.10401447,0.041505784,0.048862055,0.09207006,0.07964378,0.0482286
CYP4B1,0.00048591633,0.0005934202,0.00056908483,0.0006840456,0.0007091465,0.0005705917,0.0007802759,0.0009693719,0.00047319723,0.014542511,0.0007824337,0.0010315338,0.00046161292,0.00080852414,0.0006437157,0.00041838712,0.0003988515,0.00043461056,0.0006660249,0.00062899804,0.0004045407,0.00067597366,0.00043651668,0.00039991128,0.00075914233,0.00055006734,0.00057050906,0.00066082075,0.00065560825,0.00050626457
PDZK1IP1,0.0027627617,0.0033034568,0.0032525477,0.003720051,0.0041036443,0.0028543004,0.0041598305,0.005191636,0.0017492408,0.003989372,0.0040732347,0.0049870806,0.0018043246,0.004043018,0.0040469617,0.018114049,0.0030059016,0.0020603724,0.003980374,0.0038400665,0.0021413784,0.0027686416,0.0019465974,0.064632244,0.0043465868,0.0033959497,0.0027018103,0.0031305465,0.0045831334,0.0037469806
TAL1,0.0039344877,0.005107127,0.005159358,0.0055349143,0.006921567,0.0047441595,0.0063313856,0.0076113995,0.0027065384,0.007095414,0.006126594,0.007886748,0.003103067,0.005951982,0.0057333587,0.013473636,0.02970736,0.0035279898,0.005975643,0.0059918314,0.0032306672,0.0052239546,0.0025841556,0.08757337,0.0063444017,0.0043216376,0.0044070114,0.00497937,0.0058018873,0.0039024972
STIL,0.004297725,0.0049361503,0.004570699,0.0049462244,0.0072857346,0.0050886967,0.011729637,0.009188555,0.09127035,0.009825793,0.011705712,0.009853195,0.04768796,0.0073305885,0.0064776554,0.002729535,0.008434807,0.0040564304,0.005816513,0.0056421813,0.09349855,0.0045303074,0.012774586,0.008834312,0.0067997053,0.011126472,0.0052817604,0.0057346066,0.004584137,0.004467818
TTC39A,0.0057721846,0.0042328723,0.0044836407,0.005455735,0.0045596543,0.005991296,0.006106445,0.0077988054,0.0032007375,0.0069704694,0.0062961583,0.0128355045,0.00264456,0.0055668186,0.0049920552,0.0037489932,0.003540108,0.0033326207,0.005282752,0.004919203,0.0030692124,0.0038519932,0.004043725,0.008635119,0.0065707834,0.0041050212,0.0042523714,0.004878616,0.00428359,0.1377133
AC119428.2,0.08476989,0.040980592,0.0523735,0.024690941,0.028825568,0.020692362,0.020004135,0.029490722,0.012982239,0.025313258,0.025353063,0.0243869,0.006450262,0.02116519,0.016358655,0.011087152,0.011029398,0.012292077,0.016266884,0.015232433,0.010502639,0.0175056,0.0076290965,0.009957179,0.027477507,0.034036875,0.028121652,0.013974498,0.027163144,0.29212415
MIR4422HG,0.0018996304,0.027074035,0.008745391,0.009149562,0.0035798317,0.0030659123,0.004124801,0.009491205,0.0026680045,0.004705751,0.004101964,0.0074897637,0.0022019628,0.004363154,0.005405055,0.0024822361,0.002310158,0.0027575651,0.0040461556,0.0087625515,0.006980318,0.002946473,0.0016560347,0.002118344,0.0045913802,0.0030996157,0.0033478113,0.069349,0.007579054,0.010246562
AL603840.1,0.0011454882,0.0016684259,0.0016338731,0.0018290124,0.0019425437,0.0015508421,0.0020604301,0.0024568446,0.001147635,0.0023239064,0.0020719639,0.0024902234,0.0010446964,0.0019810856,0.0017075187,0.0013703421,0.0011193278,0.0014222254,0.00198941,0.0017161316,0.00119108,0.0015109244,0.0009491779,0.063422896,0.002260793,0.0015466347,0.0015116266,0.0019650937,0.0017182758,0.001157369
AC119674.1,0.00041720367,0.00054649886,0.0005299419,0.00065325777,0.00055942615,0.0005071815,0.00071976794,0.0008352609,0.00026655965,0.0020406786,0.00073281815,0.0009267784,0.00028329148,0.00065027166,0.00060562306,0.00040160352,0.0003881605,0.00041396762,0.00060485845,0.0005647296,0.00035340938,0.0005193023,0.00029820716,0.00037487416,0.0007111626,0.004820081,0.00049890834,0.00044979082,0.0004955762,0.0004268008
TACSTD2,0.0023136076,0.0029873664,0.0029795542,0.0029814956,0.012549724,0.0029117318,0.0035699639,0.004652956,0.0022422243,0.004065473,0.0042334152,0.004712291,0.0013135839,0.0035418775,0.0031821853,0.0019411074,0.002146206,0.0019600948,0.0032764727,0.0031232438,0.0018542162,0.0027594466,0.0018877182,0.0024768002,0.0037123754,0.26406497,0.008369335,0.02645986,0.0026389179,0.002157007
JUN,0.049189784,0.09135866,0.08703901,0.12081189,0.08673184,0.05370233,0.08884338,0.09344092,0.029753344,0.09460408,0.10505265,0.09659255,0.034160335,0.07383108,0.08160399,0.04405264,0.04335663,0.04314729,0.07846413,0.07295053,0.03284941,0.059549406,0.042308725,0.04622311,0.100672245,0.037890192,0.057287324,0.071285665,0.07656216,0.041189633
L1TD1,0.00717793,0.01120496,0.013047621,0.014056473,0.015154061,0.1358162,0.012621192,0.017902175,0.010560679,0.016115267,0.013204681,0.014418595,0.0056350585,0.010886703,0.013056899,0.006425985,0.008583093,0.0080161365,0.013785545,0.011999588,0.00608724,0.008149243,0.008681048,0.009712773,0.013076887,0.0074507864,0.009543169,0.013414872,0.01345985,0.025523676
USP1,0.03262478,0.0602804,0.060482208,0.06965668,0.061064355,0.049177162,0.084460914,0.098186605,0.09031008,0.094040014,0.08507595,0.095167786,0.085963406,0.080319956,0.08176233,0.03119039,0.042888448,0.061238818,0.07955321,0.0819772,0.10121704,0.059321146,0.026215179,0.042196225,0.082708664,0.03473067,0.043002225,0.05879816,0.08271812,0.03820013
PDE4B,0.026369866,0.07127161,0.0587533,0.09186822,0.0789494,0.04400395,0.055273484,0.09365071,0.024356022,0.089901745,0.09154296,0.07403526,0.01868911,0.07043966,0.060808092,0.032284997,0.030368287,0.047714904,0.07655912,0.048958983,0.02690047,0.04713668,0.024374565,0.03149445,0.068069875,0.033506252,0.047050014,0.054124393,0.054998666,0.043393563
DEPDC1,0.0044593383,0.0030603372,0.003227509,0.004846207,0.0055074943,0.003535996,0.00391515,0.005322019,0.080773465,0.004596691,0.0045708283,0.0051316097,0.03738581,0.003650244,0.0097920345,0.0024404235,0.017086616,0.0025346337,0.0038026853,0.004831123,0.049705,0.0028322567,0.021139119,0.0025521948,0.004439421,0.0027143874,0.0032336975,0.0033351132,0.0037181284,0.0025233764
ERICH3,0.0015429248,0.010821867,0.0017881731,0.0021562194,0.002155222,0.0016802648,0.0022369898,0.006208139,0.0012843236,0.0026816516,0.0025704969,0.0029040456,0.010045102,0.002386321,0.0060457224,0.001427105,0.0012696123,0.0012790178,0.0020846808,0.028338516,0.009065337,0.0017381427,0.001144769,0.0012791697,0.00245071,0.0018755117,0.0017235697,0.0020298152,0.0019242415,0.008196244
NEXN,0.011845606,0.023782676,0.018121092,0.021236107,0.02936287,0.021327656,0.021381283,0.02390764,0.018565964,0.021850258,0.027244145,0.024918685,0.007979405,0.018632695,0.024353206,0.010940169,0.009635279,0.0076167113,0.018257553,0.018562596,0.008741484,0.013339641,0.0073176133,0.16816737,0.020902585,0.010186626,0.01683029,0.019420052,0.014576605,0.017889315
AC103591.3,0.064056575,0.055424634,0.06397148,0.059188537,0.098562665,0.042789675,0.04993783,0.065666676,0.01634995,0.05556674,0.057433926,0.061531536,0.024892403,0.05318918,0.04271188,0.03806156,0.034917485,0.034079425,0.048474003,0.048042897,0.02207539,0.046835788,0.021363236,0.029047111,0.053628694,0.023932168,0.041414384,0.043490667,0.043582477,0.076488204
IFI44L,0.043815803,0.058771376,0.046131242,0.06720784,0.10639469,0.07550956,0.06295939,0.06950359,0.020155419,0.081011124,0.07278212,0.07410942,0.016699735,0.050000165,0.05295401,0.02847447,0.032710623,0.05201068,0.06011454,0.05619086,0.025871268,0.059476938,0.021185493,0.031333283,0.046699237,0.0344998,0.06141564,0.04456627,0.046744857,0.06655811
IFI44,0.022597136,0.040247764,0.03246872,0.038989317,0.07391154,0.06797934,0.046125624,0.052544303,0.027073095,0.06771081,0.05898822,0.06488946,0.01859114,0.046644446,0.04203104,0.024132708,0.027166158,0.043888334,0.058698725,0.047348898,0.03147639,0.029991819,0.018327063,0.026052836,0.049372874,0.02133823,0.038876653,0.03332863,0.038725182,0.038018264
LINC01781,0.011676255,0.07935599,0.3488225,0.07601466,0.01942464,0.014890134,0.019753719,0.026093578,0.013958715,0.021590233,0.018313257,0.02558172,0.010709757,0.021008769,0.018201327,0.01215168,0.01406232,0.015691955,0.020382691,0.021141468,0.010419345,0.015385754,0.0447255,0.012356189,0.021119969,0.01604095,0.0140347015,0.01467137,0.015746145,0.013048629
LINC01361,0.00042588724,0.0005461512,0.00052909943,0.000646753,0.00058798713,0.000511077,0.00067882106,0.0008655328,0.0002760942,0.000812064,0.0007294247,0.0009009921,0.0003335484,0.0007124804,0.0005772336,0.0003597409,0.00042438446,0.0005185984,0.0006265127,0.00066564424,0.0003549288,0.0005071131,0.00030083358,0.00035097133,0.0006599463,0.000540606,0.00048681063,0.0006246658,0.00056749815,0.00039186215
LMO4,0.08449485,0.08141984,0.088056274,0.0779035,0.104927085,0.08823863,0.10909585,0.11416934,0.046079736,0.101508096,0.097003065,0.12778395,0.03773138,0.11505078,0.08956039,0.041766495,0.09299787,0.12241315,0.10221051,0.10253377,0.06379897,0.108374715,0.049521163,0.049739044,0.08583654,0.08367348,0.079168975,0.06191628,0.082257204,0.08095633
GBP1,0.030294288,0.043913625,0.04092712,0.04500155,0.0669544,0.07795716,0.08512192,0.0980329,0.07137872,0.07727198,0.07528533,0.097452916,0.042475127,0.07351481,0.06957518,0.028920278,0.0292501,0.04259389,0.06721059,0.07134396,0.040623862,0.04198401,0.02375362,0.032781232,0.07353502,0.0281048,0.041537937,0.056738608,0.06520465,0.0289821
GBP5,0.03618261,0.051066384,0.055609576,0.061577708,0.06264959,0.060533572,0.13965571,0.10023547,0.040700607,0.10415016,0.1382985,0.09731287,0.06588741,0.091997586,0.10725059,0.036190428,0.033124167,0.06212425,0.13809866,0.11893538,0.06634949,0.07887787,0.026376022,0.033069596,0.10225656,0.03660848,0.04505284,0.06181457,0.11109424,0.040242206
EVI5,0.031219512,0.032973263,0.034190774,0.036101524,0.08186628,0.08350866,0.028255267,0.03419745,0.012217824,0.033365283,0.03179024,0.035411324,0.012613067,0.028895091,0.023988543,0.018519897,0.021348687,0.0114714345,0.023973582,0.023797713,0.014504887,0.018503329,0.027088117,0.015666373,0.028126484,0.036565207,0.052945074,0.022005094,0.025337039,0.026788529
FNBP1L,0.022409022,0.020472823,0.018458089,0.016646635,0.01349204,0.0061143413,0.009801168,0.014118144,0.005175154,0.019989949,0.00825856,0.015372116,0.0032011159,0.012457882,0.007903676,0.005562377,0.02774493,0.0063029015,0.008955794,0.009709839,0.004424618,0.017291691,0.006474068,0.056602538,0.012322965,0.021671942,0.013820288,0.007955365,0.008198259,0.03169752
F3,0.003594206,0.004356826,0.004179371,0.004667479,0.038706288,0.005461215,0.005077914,0.005812841,0.001992667,0.0059177508,0.008332343,0.006519779,0.0019992793,0.004969872,0.0059265685,0.0022007846,0.0027475758,0.003458235,0.00514241,0.0044024372,0.0021370663,0.003851822,0.0022554086,0.0052208197,0.0052901967,0.0049792067,0.0055198516,0.0044868654,0.004693251,0.005457789
DPYD,0.032124113,0.040082704,0.04356534,0.05293453,0.11747289,0.053441912,0.06168661,0.08879418,0.014400886,0.0728018,0.072989896,0.07837569,0.022856295,0.06459624,0.059776407,0.025416097,0.030077422,0.047185183,0.05295183,0.06323297,0.028936569,0.04551112,0.024335383,0.04179588,0.06699182,0.034320794,0.04645952,0.051283646,0.058986228,0.030916637
PLPPR4,0.00053190393,0.00078498665,0.0007944394,0.00096474774,0.0008756436,0.0007942533,0.00096856634,0.0012900385,0.00055238925,0.0010992514,0.0011108519,0.0012661183,0.00036175334,0.001013503,0.0008766173,0.00056663895,0.000625807,0.0006368129,0.0009079525,0.00082192314,0.00046053945,0.0007680148,0.0004728031,0.00057363615,0.001012944,0.000619664,0.000683809,0.0009808713,0.00085149,0.00073072687
SORT1,0.026831657,0.029100258,0.029813346,0.034545727,0.15393454,0.14245588,0.036129035,0.055926245,0.020494977,0.04562198,0.047088742,0.055377763,0.01637283,0.036799323,0.033343635,0.022254739,0.025056623,0.021413539,0.04039234,0.032411616,0.024615038,0.0248484,0.018181445,0.043813836,0.036880817,0.028503472,0.07705767,0.029658461,0.031298455,0.04340293
CHI3L2,0.01901308,0.074009664,0.04474748,0.101004794,0.029557832,0.021972928,0.04077043,0.124630585,0.025151903,0.039207928,0.05370609,0.09443278,0.035335492,0.04009867,0.06721233,0.018547181,0.01691646,0.022525607,0.029232655,0.07490157,0.055174958,0.03211191,0.013722254,0.028514259,0.033676345,0.026163824,0.022319125,0.10021999,0.06788803,0.022780018
C1orf162,0.111405954,0.09668652,0.104363725,0.106143646,0.15390803,0.16106495,0.13799581,0.15778689,0.054704435,0.15323049,0.1503524,0.16116682,0.050746903,0.12000713,0.11962142,0.0690882,0.063912086,0.0837715,0.12225041,0.13395867,0.058545932,0.09607111,0.061816633,0.08498116,0.14431351,0.2619954,0.1743345,0.11073442,0.10681297,0.055447955
CTTNBP2NL,0.021949355,0.011280021,0.014310019,0.011772397,0.03152543,0.018194549,0.011275573,0.013402736,0.005584077,0.013880538,0.012049894,0.020529693,0.004683924,0.010795409,0.009839679,0.0098898215,0.019591006,0.008035995,0.009542687,0.009635788,0.0061122263,0.0076076696,0.005050443,0.013271196,0.019349117,0.12515362,0.074519955,0.010492219,0.009883064,0.03145126
RHOC,0.08111457,0.04699413,0.056579877,0.05333605,0.056001596,0.16942865,0.09716595,0.07425135,0.023376228,0.07070487,0.073753394,0.07917437,0.035751972,0.06540724,0.07549547,0.027091825,0.039297488,0.044406995,0.07317145,0.12703134,0.062254474,0.07450296,0.031387668,0.058444355,0.05737491,0.056209777,0.0554186,0.04783511,0.06455854,0.053937886
PPM1J,0.064247236,0.006840367,0.0076373387,0.011059902,0.0065967822,0.0073317396,0.007186275,0.008512664,0.0035917542,0.007821394,0.008550807,0.008300242,0.0030755363,0.006365144,0.006006826,0.0038446703,0.0041849525,0.0044268267,0.0063490085,0.006226451,0.0058712307,0.005140518,0.0030528565,0.004004745,0.007862744,0.12276188,0.010827074,0.005810507,0.005354402,0.11969488
SYT6,0.00042246553,0.00045254923,0.00046734334,0.00053020957,0.0006059743,0.0005123563,0.00065662595,0.00083987403,0.00035676608,0.0006776274,0.0006330478,0.00078996137,0.00029692834,0.0005730235,0.010617397,0.00033203268,0.0003859544,0.00033679305,0.00061161816,0.0053333775,0.00029935173,0.0005118074,0.00028835918,0.000356023,0.0006894137,0.00048698348,0.006553425,0.0005042147,0.0005080907,0.00041752882
DENND2C,0.00479813,0.008542232,0.0069718286,0.007805478,0.008590243,0.010054181,0.013582129,0.023441684,0.0066839433,0.012495947,0.009213767,0.016186656,0.010188108,0.012176057,0.015352662,0.0051835557,0.005420909,0.005915763,0.008273346,0.008052189,0.0041911197,0.011130174,0.049094666,0.11281976,0.00912871,0.0046012546,0.0058713206,0.0067716693,0.005724574,0.005186027
CD2,0.092166245,0.11079436,0.1093269,0.123096004,0.11942541,0.111529276,0.25471848,0.16317356,0.06658052,0.18235564,0.21272975,0.12739253,0.06791583,0.13195503,0.17511106,0.07501377,0.08417557,0.10827996,0.14446248,0.13330603,0.07305677,0.18309785,0.06953787,0.08062481,0.14700069,0.10077857,0.08866612,0.13287248,0.13880864,0.100473344
TENT5C,0.046389226,0.061578758,0.042085864,0.0676132,0.03155809,0.025905494,0.07679516,0.052180402,0.025572062,0.06046267,0.08820331,0.04640916,0.020720778,0.048124872,0.052649546,0.12977573,0.020787865,0.030603908,0.09001473,0.062166188,0.026905986,0.053087167,0.08635182,0.05559992,0.057159875,0.028534966,0.028976573,0.027588382,0.060563188,0.02327469
PHGDH,0.028311064,0.015727494,0.028542932,0.018366475,0.014012318,0.012209817,0.019042233,0.041990533,0.051376335,0.024579588,0.01721599,0.052466117,0.089879245,0.02809849,0.023423044,0.009833533,0.07532836,0.011445357,0.017382339,0.017724259,0.07488159,0.021882875,0.038200885,0.011174455,0.01710316,0.016995147,0.023214346,0.01852882,0.02485173,0.016238874
FP700111.1,0.0014241232,0.0020000737,0.0018950913,0.0056016645,0.015267287,0.0074486444,0.0027824584,0.0030947933,0.0010010591,0.002757837,0.002693452,0.0036081614,0.0010927087,0.002642847,0.0020378728,0.0016383443,0.0013821056,0.0016161305,0.0021141223,0.001969842,0.0011554325,0.0020646746,0.0012480195,0.0013055548,0.0028020106,0.0018464975,0.013279995,0.0019789273,0.0020568704,0.0017528811
AC245014.3,0.07909484,0.050665874,0.061677083,0.05816397,0.11091529,0.040990762,0.0504222,0.056891553,0.022740986,0.056259483,0.06037387,0.06365363,0.0154533535,0.044612836,0.04209294,0.027300239,0.032358855,0.05181838,0.057240684,0.047053494,0.030859055,0.039401777,0.020440154,0.026924903,0.04595185,0.02958523,0.047531027,0.033381853,0.0418419,0.072645925
CD160,0.0138301505,0.019396845,0.021370742,0.027483406,0.022072697,0.020278709,0.03431315,0.034745645,0.0101974085,0.03135874,0.030133976,0.03653957,0.022961324,0.027522432,0.062027097,0.014338034,0.015745152,0.017980915,0.047685977,0.18580513,0.089543305,0.056025088,0.012948461,0.024843503,0.03016127,0.018642655,0.020189757,0.023219403,0.08594097,0.018155975
FCGR1A,0.015228586,0.028694943,0.027708586,0.030175807,0.20066525,0.07251418,0.042545658,0.046205703,0.017894417,0.0422606,0.041230805,0.046602115,0.01466488,0.034775283,0.02896038,0.033980913,0.021878032,0.02234639,0.035178512,0.03320462,0.017047264,0.026872348,0.01691837,0.031165417,0.037808403,0.01845472,0.064694874,0.033389833,0.028596574,0.020568402
HIST2H2AC,0.06316803,0.06590095,0.065827295,0.076890394,0.074422866,0.057187866,0.11586917,0.111016236,0.058973618,0.09696669,0.09907774,0.10838023,0.03951844,0.08607468,0.08363463,0.040388197,0.031715453,0.049170792,0.08132701,0.10647672,0.078118354,0.08847314,0.02811816,0.056501947,0.08606182,0.08452141,0.04417015,0.06583155,0.07848529,0.05368955
MTMR11,0.03255276,0.023254596,0.020159978,0.02177802,0.11232209,0.1253323,0.03285328,0.032424036,0.012303306,0.031720832,0.031303503,0.03414714,0.011192039,0.02666933,0.02501275,0.017965566,0.013129087,0.025038509,0.040925987,0.02174795,0.012905765,0.023939682,0.013495072,0.016963392,0.028627926,0.018854525,0.09089888,0.02159905,0.023063678,0.017732793
PLEKHO1,0.05013156,0.072999425,0.063091435,0.07851664,0.09906322,0.08008042,0.08819798,0.10559464,0.026389578,0.100635275,0.09514314,0.0982657,0.026103778,0.0762184,0.0679668,0.037731715,0.03755006,0.059358582,0.075918354,0.075514875,0.03683262,0.06031583,0.028862016,0.11913648,0.090861484,0.09839113,0.085239425,0.07202804,0.06347429,0.053218164
ANP32E,0.022665104,0.051572684,0.049152512,0.056818195,0.044947196,0.03607894,0.08040248,0.091228575,0.08601692,0.081987,0.080370985,0.07410218,0.048928715,0.067546,0.05940447,0.032219313,0.024427425,0.059256315,0.0766405,0.06625523,0.058078013,0.05062878,0.029023677,0.035191745,0.08825496,0.031656645,0.04370799,0.07626078,0.059058055,0.025951674
C1orf54,0.015971543,0.02059545,0.024934454,0.025932712,0.056728475,0.038552612,0.029083868,0.04778764,0.010007431,0.035851873,0.059024293,0.045810796,0.015415018,0.03832537,0.028048476,0.01522989,0.037038684,0.06951604,0.031172872,0.022197684,0.017346805,0.020557843,0.013477021,0.013752549,0.040901184,1.2422683,0.07492162,0.040587258,0.03420144,0.021339187
MCL1,0.030537996,0.045439795,0.04305912,0.060126808,0.099589564,0.047774266,0.079196915,0.08315185,0.018056933,0.07041997,0.06838793,0.07481402,0.0111263525,0.05423444,0.058064114,0.044460773,0.028354364,0.041277494,0.06343224,0.06290254,0.024179062,0.049403813,0.018137217,0.047634874,0.07801302,0.050645795,0.05022439,0.05262397,0.0565488,0.03334215
CTSS,0.01828517,0.031020584,0.030931873,0.038766023,0.18448767,0.1401553,0.055824116,0.09655609,0.029516784,0.073413245,0.07035336,0.107771784,0.024873385,0.07640607,0.051842112,0.0573965,0.041039877,0.0499864,0.058443554,0.048969965,0.030549401,0.04394506,0.02175668,0.05965893,0.07914147,0.0153248375,0.055342086,0.056774516,0.061413165,0.028786227
SELENBP1,0.002148014,0.0036034775,0.0032017713,0.0034427587,0.006338196,0.0029928975,0.004123144,0.0048382073,0.0016875189,0.0047548204,0.0043540676,0.005326334,0.0018469976,0.004256416,0.0033381605,0.48409805,0.0019224636,0.0022216456,0.0035307407,0.0035999347,0.0021441847,0.0032560593,0.0018641538,0.0022965828,0.0043473803,0.0030729019,0.009820824,0.003980391,0.0036058866,0.0027338709
S100A10,0.20130672,0.1480902,0.12029683,0.17727716,0.14854178,0.115817845,0.13897273,0.1703563,0.066841625,0.12247527,0.13627128,0.17064007,0.06309763,0.1165441,0.11763523,0.12343727,0.11499624,0.059400566,0.106520765,0.12555496,0.05696232,0.071696915,0.06635481,0.13183886,0.1232428,0.23630093,0.14966053,0.13003469,0.12579775,0.107058145
AL450992.1,0.00073143037,0.0007739982,0.0016251864,0.0009298084,0.0009587415,0.0033205529,0.00096320175,0.0012356223,0.00042835172,0.0014292477,0.0009351923,0.0014014445,0.00045767098,0.0010335956,0.00081872457,0.0006417361,0.000633112,0.00067416194,0.0009155842,0.0023227467,0.0005218752,0.00072560675,0.00046549845,0.00054743397,0.00092173123,0.0008790837,0.00073861843,0.0008579961,0.005668837,0.00069928274
S100A11,0.07315309,0.10200085,0.111345224,0.14761673,0.23237185,0.2401412,0.12514758,0.20063949,0.053372245,0.10998132,0.09586217,0.21050666,0.045982692,0.12913209,0.11165228,0.09783651,0.07440074,0.0596414,0.1041531,0.096325144,0.042827267,0.09276051,0.060500726,0.0974928,0.14831546,0.04734163,0.13904959,0.1167167,0.102136604,0.045203574
TCHH,0.00093039667,0.00092237117,0.0009938953,0.0011771215,0.001365843,0.0009626003,0.0012115927,0.0016135257,0.0037634394,0.0054415204,0.0014342135,0.0015953348,0.0004686451,0.0012252699,0.0017943608,0.0006016387,0.00068138755,0.00065707223,0.0010902819,0.001247892,0.009251791,0.001082501,0.00052682945,0.00062303105,0.023600746,0.0010102664,0.00097600534,0.000999826,0.0010093517,0.00090664055
LOR,0.0003576368,0.0005268595,0.0005333533,0.0005757893,0.00080725935,0.0005694246,0.0007375841,0.00091155316,0.00031013414,0.00073941157,0.00072654657,0.0009615585,0.0002770826,0.00071889244,0.00063857896,0.0003287454,0.00038362519,0.00045743567,0.000630172,0.00058971,0.00030993807,0.00054651196,0.00031477094,0.00037124235,0.0007613031,0.00056305894,0.014180874,0.00049639115,0.00047167393,0.0004486355
S100A9,0.04916788,0.030842472,0.046844885,0.04486656,0.21427728,0.054125585,0.049568985,0.07468786,0.03741677,0.06873171,0.060655363,0.086620346,0.020183861,0.06324526,0.04330661,0.050943427,0.04817163,0.04833883,0.068878405,0.040895496,0.027044594,0.037182253,0.031496152,0.053277843,0.07745188,0.03677806,0.061817106,0.04897819,0.040581923,0.03835442
S100A12,0.031134719,0.037608605,0.03943272,0.040548705,0.2607033,0.03708037,0.053458713,0.06753616,0.023363274,0.054717187,0.052088886,0.064565666,0.017081022,0.05869011,0.045909114,0.03889441,0.028217059,0.032949477,0.048373133,0.04487136,0.019868,0.03937989,0.023871202,0.0412984,0.049440324,0.027596783,0.04912379,0.03900138,0.038816918,0.025487555
S100A8,0.037703704,0.044619884,0.049330678,0.045585815,0.28073013,0.056805816,0.06281604,0.07786777,0.038713157,0.07126227,0.07005588,0.08149389,0.020057894,0.05758193,0.05124755,0.05779732,0.03849618,0.031805947,0.070673466,0.054583196,0.03438973,0.048609726,0.032890476,0.059200432,0.076034315,0.042193893,0.06274995,0.05782933,0.046937373,0.03305107
S100A6,0.13426079,0.10603262,0.09299944,0.15111291,0.19095425,0.14730904,0.07699371,0.112886384,0.04011778,0.07426438,0.0677115,0.13067494,0.03908676,0.055347443,0.06391339,0.14094642,0.084435426,0.052345328,0.071334094,0.06396164,0.04970855,0.13060804,0.062189322,0.07828734,0.08937807,0.05450232,0.089914896,0.09991979,0.06963378,0.034341834
S100A4,0.11317779,0.20284083,0.18139738,0.28569552,0.22353466,0.20490037,0.20838886,0.3702413,0.062174287,0.15923259,0.120926045,0.34339005,0.10932084,0.14204144,0.11657159,0.20549294,0.08249765,0.06281747,0.1379356,0.12075134,0.06260553,0.11558041,0.11824537,0.1329752,0.15832472,0.23408844,0.1543459,0.20757134,0.15774727,0.10951433
S100A16,0.00035437054,0.00037270895,0.00037164494,0.00050348556,0.00045858178,0.00037356827,0.0005514574,0.0006742727,0.00024424744,0.0005619321,0.0005544548,0.0006909913,0.00029676218,0.00050011225,0.00044157333,0.00029954957,0.0053465245,0.0003773607,0.00045888955,0.00040825404,0.0002679997,0.0003491913,0.00023505802,0.00026686428,0.00053036335,0.00040372624,0.0004196425,0.00043826844,0.0003833671,0.00031393635
AQP10,0.003345947,0.0077364645,0.0051216786,0.005488802,0.0057812417,0.005273621,0.0056398325,0.007988229,0.0031066996,0.0065929946,0.0063531743,0.0076573943,0.0064939605,0.011608779,0.005125477,0.0039429576,0.0036126138,0.0032187093,0.0055434033,0.0063373735,0.0030038632,0.0037394632,0.0028800322,0.09239137,0.0056660157,0.0049293805,0.0043865205,0.0057465397,0.0057574254,0.006532426
IL6R-AS1,0.0024926767,0.0037906659,0.0069144587,0.0066043246,0.005323795,0.0050681597,0.0051492876,0.015646713,0.0020722088,0.012738935,0.020942938,0.028187552,0.001640033,0.008985341,0.0046376036,0.002491806,0.011050291,0.0028811784,0.004303688,0.0042555775,0.0021223696,0.003213687,0.011592083,0.012314907,0.04924922,0.0036329825,0.007810655,0.0036084729,0.0077972137,0.017319886
AL162591.2,0.0005437277,0.0004948002,0.00054015,0.0006021257,0.0019313645,0.0019988606,0.0007126923,0.0008638963,0.00030980664,0.0008090003,0.0007613075,0.0008795183,0.00032488766,0.00074258784,0.0006578112,0.00042983372,0.0003420494,0.00043288997,0.0006521545,0.00059396,0.00031285262,0.00049586385,0.00030960052,0.00038256918,0.0007055806,0.000571985,0.00056704436,0.000518588,0.00056482095,0.0004711642
CKS1B,0.03268328,0.034607377,0.034001514,0.03542966,0.022258138,0.043279603,0.027110362,0.048862442,0.09221717,0.038052645,0.033369124,0.04007251,0.05094875,0.031555247,0.02468297,0.012380367,0.029927563,0.024338447,0.02831035,0.032252252,0.08428566,0.027013808,0.018499216,0.016527269,0.042731114,0.021954777,0.023351101,0.027169846,0.024809912,0.036109366
LMNA,0.033330653,0.028577993,0.031896234,0.027099757,0.07261423,0.036487486,0.045859024,0.047428418,0.035407472,0.05966405,0.045659512,0.042049594,0.022374691,0.052438423,0.03610805,0.020632591,0.08255682,0.05907198,0.038367476,0.03466488,0.01647127,0.045837466,0.026036814,0.17845134,0.055863723,0.14994048,0.112599924,0.02764649,0.035326835,0.020486122
SEMA4A,0.14834201,0.033260476,0.03421963,0.04240912,0.15565732,0.10049068,0.04503179,0.04993196,0.022052534,0.051178724,0.048683196,0.059645746,0.022051623,0.0523862,0.03834554,0.031437974,0.019768346,0.02231625,0.04790947,0.040927276,0.021632077,0.034472477,0.09390599,0.029678311,0.04755949,0.14206356,0.10394436,0.036300957,0.038279373,0.035855714
PEAR1,0.0035109308,0.0037589984,0.0039559486,0.004191724,0.005597228,0.0037505045,0.004904295,0.0065571233,0.0020040525,0.005135643,0.0047534523,0.00771886,0.0022578028,0.0056637167,0.0053382637,0.002630396,0.012832165,0.0023407405,0.0046411203,0.0040260623,0.0021847708,0.0034622902,0.0019078304,0.09454583,0.005091758,0.0039195768,0.0033996964,0.0041272105,0.0035896807,0.0032787921
FCRL5,0.013663269,0.14430532,0.05306429,0.14667323,0.016392877,0.013709297,0.019507164,0.022842053,0.007955687,0.021156184,0.017962346,0.02495797,0.008998183,0.019796839,0.016805401,0.009194398,0.011252144,0.01614882,0.016076926,0.021289125,0.009619796,0.013485868,0.056134243,0.008404115,0.019748881,0.014763684,0.012689959,0.015515149,0.016642753,0.021672152
FCRL4,0.0010160665,0.026362306,0.0013424201,0.0014678942,0.0017617102,0.0012682958,0.0016012382,0.0021238376,0.0007859827,0.0018510012,0.002016427,0.03193787,0.0008991366,0.0019341767,0.0014690001,0.0008862897,0.0009725491,0.0012643206,0.0015972344,0.0014882762,0.0007498088,0.0050481255,0.0008032045,0.0009818393,0.0017350616,0.0012023499,0.00116763,0.0014451781,0.0015495785,0.001098547
FCRL3,0.048016727,0.24648008,0.08998692,0.1911799,0.052145094,0.045145247,0.0778623,0.084150776,0.033398062,0.076514386,0.08969239,0.0764355,0.050142724,0.070526354,0.14885783,0.040649302,0.03251289,0.058524527,0.061120108,0.13580804,0.06719392,0.07719152,0.026383555,0.043512315,0.16944548,0.042093612,0.042644918,0.0915769,0.11226909,0.04254443
FCRL2,0.010170549,0.20119293,0.05484096,0.117095925,0.014038808,0.013237778,0.016019914,0.020714307,0.008127918,0.01925797,0.018396953,0.020892298,0.009288602,0.017116489,0.013161764,0.009509901,0.009545033,0.010922773,0.016310986,0.013647646,0.00827665,0.011137695,0.012640944,0.008657165,0.017910603,0.011702187,0.010411874,0.012835367,0.013346417,0.010849204
FCRL1,0.01098824,0.10915888,0.06948389,0.2095629,0.01671135,0.0142638795,0.019111635,0.024480617,0.009515287,0.021622848,0.020136775,0.025349418,0.009187553,0.020829445,0.016743649,0.011919415,0.012337416,0.009605791,0.016850697,0.020254271,0.010563233,0.0136575,0.012543916,0.010014778,0.020586835,0.015129796,0.013455498,0.017117271,0.019214163,0.011581989
CD1D,0.013852663,0.037729874,0.027260402,0.025839379,0.102627784,0.034268763,0.027296284,0.034810677,0.011190779,0.02802691,0.024910111,0.033955697,0.011881675,0.028344532,0.022570029,0.015231597,0.013789597,0.015566157,0.021264724,0.024188962,0.011049559,0.018159464,0.011449563,0.013973029,0.026522094,0.018115427,0.10715897,0.01939502,0.0186666,0.017024556
AL138899.1,0.0009740643,0.010191893,0.0014053168,0.007296914,0.003806107,0.0013956003,0.0018629606,0.002087701,0.0009575976,0.0019907923,0.001832067,0.002207067,0.0006655701,0.0017291458,0.0015449158,0.0009524968,0.0010771314,0.0012678597,0.0018563679,0.0016248793,0.00080197013,0.0014498173,0.00088295015,0.0009399534,0.0017277949,0.0013705982,0.022334788,0.0017035197,0.0014859117,0.001100743
CD1C,0.01670787,0.10757513,0.05056975,0.042107448,0.03670867,0.020830052,0.024208171,0.028486531,0.012158267,0.024955034,0.02274863,0.031173337,0.008465633,0.021391781,0.019901704,0.014751604,0.016465122,0.016101636,0.022369983,0.020372804,0.0118713435,0.015162425,0.010268931,0.011574768,0.03258704,0.041634653,0.2509692,0.020090392,0.017674439,0.014856769
CD1B,0.0022654806,0.003354024,0.003511987,0.0038647638,0.012103998,0.0041617956,0.004242713,0.0051427516,0.0020624516,0.0043929922,0.0042861453,0.0053347903,0.0016332924,0.004299834,0.0035652346,0.0018141188,0.0023982849,0.0026773175,0.0035914327,0.0034725217,0.0018345547,0.0028731066,0.0017819463,0.002173346,0.0043578525,0.0032979664,0.068831354,0.0036436762,0.0031385405,0.0024937554
CD1E,0.0030412334,0.0043240003,0.0038573914,0.004782127,0.007117997,0.0055771396,0.004929965,0.007714824,0.0022829096,0.0058729756,0.005056012,0.00725287,0.0025858842,0.0051584565,0.00429722,0.0027860743,0.0031781362,0.003301468,0.0048939264,0.004678293,0.0026601495,0.0039528813,0.002490254,0.0032418384,0.0057269894,0.004712509,0.09444953,0.004578186,0.0037971686,0.0040078154
SPTA1,0.00077382603,0.0007886763,0.0008475664,0.0009932816,0.004188158,0.0008625829,0.0010569973,0.0016285693,0.00043921336,0.0012422992,0.0010730907,0.0014304196,0.00045511022,0.0011023387,0.0009789832,0.059407093,0.026201263,0.00077894435,0.00097429036,0.00090856734,0.0005954311,0.0007348485,0.0004935578,0.0005956512,0.0010880601,0.00084826513,0.00071518164,0.0011364098,0.0008541188,0.00067683123
MNDA,0.02238495,0.037748218,0.03543182,0.045625478,0.15118541,0.072314054,0.047582716,0.058105625,0.02058086,0.052896712,0.045038737,0.060288757,0.02189788,0.048996314,0.043435548,0.028064117,0.02383408,0.02783049,0.044359706,0.042341094,0.019822678,0.03482378,0.017976092,0.03076218,0.051570576,0.042972498,0.084849544,0.04154659,0.036317687,0.027736796
PYHIN1,0.05216778,0.0796698,0.08407673,0.086060144,0.08235721,0.06671289,0.2151297,0.1404936,0.045827445,0.13174269,0.14900555,0.15583743,0.10611479,0.13501504,0.19684844,0.047944292,0.0542308,0.043905105,0.13053058,0.27134869,0.099618785,0.10000281,0.041906253,0.061166316,0.13927007,0.081445515,0.06815438,0.11407786,0.17359605,0.060435165
AIM2,0.028182188,0.20113303,0.2955526,0.050542902,0.040839624,0.050919384,0.04876328,0.042839017,0.024742028,0.045359053,0.041833557,0.043647848,0.016539022,0.042801373,0.03451451,0.019389508,0.019165983,0.020890435,0.036580987,0.031534728,0.018579394,0.024465429,0.0570831,0.01958364,0.035797678,0.08487162,0.027115615,0.034973804,0.03176979,0.022880862
FCER1A,0.14400327,0.030499345,0.029368682,0.033001915,0.051123414,0.02987203,0.04131143,0.047825895,0.015945496,0.041411992,0.035648398,0.05185407,0.015263092,0.03996728,0.030514847,0.020621277,0.13112356,0.023891935,0.034188762,0.034670234,0.02120428,0.036241584,0.017739322,0.019488094,0.04417393,0.038081434,0.5486452,0.033313658,0.032770183,0.1913012
FCRL6,0.03261221,0.024044005,0.029991841,0.030274179,0.030879745,0.028692402,0.104221955,0.044677563,0.017262058,0.04354438,0.03967364,0.049043663,0.0623706,0.04127052,0.13683505,0.01956473,0.016452856,0.022937257,0.032802824,0.12350486,0.045666996,0.03562321,0.014861902,0.019678997,0.03960778,0.04693518,0.022396334,0.029269323,0.07741881,0.02295189
SLAMF8,0.0030290463,0.0056927004,0.00510308,0.007254047,0.011170286,0.005034806,0.015610015,0.008025713,0.0031879668,0.0074143424,0.007917557,0.009407351,0.004129244,0.0064519243,0.015774043,0.0033224355,0.0036723837,0.0036815384,0.005802014,0.007524131,0.003303012,0.0066291858,0.0030674487,0.005200089,0.006719664,0.17522693,0.026028767,0.005176772,0.006125615,0.0042751073
ATP1A2,0.24183074,0.00086749974,0.000834877,0.0010688509,0.0010434259,0.0019638555,0.0011600433,0.0014882049,0.00043122054,0.0012140395,0.0011696803,0.0014333075,0.00054342375,0.0011877184,0.00091334264,0.00064776605,0.00066626136,0.0006981384,0.0010841998,0.0009150991,0.00054085813,0.0008675373,0.0005776786,0.00056009437,0.0011827241,0.020677183,0.007542179,0.0012365652,0.0008426489,0.0006815015
PEA15,0.06253458,0.067166336,0.059978496,0.060123764,0.12518936,0.09006209,0.06263045,0.07614682,0.027462032,0.06428854,0.053959373,0.066810906,0.02936933,0.06829101,0.05289794,0.024526138,0.037109878,0.03286798,0.055660475,0.05952628,0.035466623,0.047502875,0.02152552,0.04088428,0.06905225,0.059285585,0.12205779,0.04224974,0.04763078,0.0669033
SLAMF7,0.10709284,0.025638247,0.027425066,0.027049288,0.034962934,0.04685671,0.05090995,0.040580515,0.013923422,0.038728602,0.034878097,0.046509933,0.028830973,0.037313692,0.07595703,0.017337324,0.0137568815,0.022895522,0.05608425,0.09513003,0.033720694,0.043300502,0.067607544,0.021697406,0.031160323,0.1072723,0.030674485,0.040662427,0.061769675,0.064558625
CD244,0.025295794,0.01612783,0.015660515,0.018001722,0.033392783,0.05391007,0.03953324,0.032199215,0.012390047,0.024067003,0.020929111,0.034845214,0.015593688,0.021988137,0.039309718,0.013005497,0.02127812,0.018013788,0.027674025,0.06430488,0.039752115,0.047264837,0.01004571,0.016555494,0.021730071,0.012642804,0.028371854,0.014973064,0.034311146,0.014349947
ITLN1,0.0017608445,0.0020663096,0.002170311,0.002246401,0.0028202115,0.038416743,0.0026654694,0.0033678669,0.0012315204,0.005561878,0.002972693,0.0031942034,0.0013217361,0.0029478825,0.0027628397,0.007968614,0.0037511953,0.0013761204,0.0033106776,0.0023625463,0.0013176816,0.0019007206,0.0011117845,0.0014969447,0.0027068064,0.0020787143,0.0017731864,0.0022295844,0.002207699,0.0017052199
FCER1G,0.12557694,0.0948925,0.10062425,0.10461959,0.20587103,0.26060492,0.14219648,0.16852736,0.06230188,0.12570065,0.13835643,0.1671105,0.061677918,0.13060074,0.11209029,0.07750184,0.05608246,0.08040348,0.119101726,0.18363926,0.060113847,0.13407585,0.052836422,0.11030686,0.13042413,0.05538224,0.163332,0.114019744,0.12837534,0.15461361
CFAP126,0.0005080954,0.00049649243,0.0005119685,0.00055950345,0.000648,0.0004592894,0.00059102173,0.034266807,0.00027298316,0.00062142353,0.000658643,0.0008283936,0.00031615404,0.0005990122,0.00054792536,0.0003275138,0.0003446437,0.00032244282,0.0005546346,0.00056267856,0.00029723573,0.0004757656,0.00027888015,0.00033432367,0.0006891934,0.0005465358,0.00045870017,0.00058086094,0.00053983997,0.0003699924
FCGR2A,0.026827168,0.03972401,0.036686447,0.03976084,0.16678526,0.108759426,0.044236965,0.05638107,0.023798974,0.052069716,0.04849296,0.058332168,0.020024065,0.044952776,0.04931932,0.024037788,0.024910687,0.028175244,0.039603263,0.044867713,0.02417677,0.037535332,0.019574316,0.037539866,0.045755442,0.029563766,0.072161734,0.03787375,0.036959335,0.027548237
FCGR3A,0.03956253,0.07089942,0.07797336,0.082654215,0.08594362,0.45189348,0.10370694,0.12228792,0.049112514,0.10561586,0.09815626,0.11854018,0.05013293,0.084175065,0.15480797,0.03959365,0.04697169,0.060360394,0.07783021,0.33568993,0.09071904,0.10037169,0.036220834,0.062779546,0.09335672,0.074837394,0.068234116,0.07862282,0.13534983,0.07777296
FCGR3B,0.004791616,0.0058796825,0.006495789,0.006838362,0.010047992,0.117516324,0.007280566,0.009810196,0.0036581347,0.008702369,0.010051231,0.015248679,0.0027471527,0.007890675,0.008792969,0.005122499,0.003955593,0.0055215503,0.008366723,0.010615915,0.006178263,0.0056324787,0.0032521558,0.015493246,0.008976832,0.0061619207,0.0059373067,0.007427952,0.0071348995,0.004304714
FCGR2B,0.013325835,0.09922341,0.04753868,0.084102914,0.029728645,0.028775787,0.021417242,0.027401527,0.0101190265,0.021833599,0.024489125,0.027064469,0.012816543,0.018282346,0.018064257,0.01232565,0.013287792,0.011668543,0.01988116,0.021631604,0.0104539255,0.016214265,0.026503695,0.011819355,0.022589214,0.012649997,0.08479285,0.01702408,0.018590514,0.012638328
FCRLA,0.00950866,0.1487374,0.0747566,0.11901091,0.012800986,0.010095042,0.014855523,0.01920759,0.007000325,0.016212068,0.015316128,0.018492151,0.0069122957,0.015107041,0.012665781,0.0067049973,0.0092452625,0.0092812795,0.015818264,0.012457006,0.005989383,0.010843716,0.011205325,0.0074012573,0.01654554,0.012088878,0.010661067,0.011791892,0.011531921,0.01622801
SH2D1B,0.019988615,0.024138963,0.025900709,0.027063968,0.025571283,0.049423434,0.023578359,0.037791423,0.011936651,0.029350566,0.03067637,0.04067512,0.01991735,0.02844765,0.039780874,0.018296454,0.014776767,0.07623083,0.02840796,0.21298409,0.08748981,0.15302527,0.0134808,0.018153835,0.029848712,0.025150064,0.020744182,0.025527911,0.03295588,0.018630879
UAP1,0.024433227,0.0276774,0.020505589,0.021904284,0.019079566,0.016594693,0.043131955,0.032172922,0.019675156,0.039140455,0.033147734,0.030658202,0.019537019,0.033667732,0.035487615,0.018334864,0.021821288,0.018266851,0.04254969,0.040068913,0.032805093,0.02161104,0.05875111,0.0143973045,0.032946885,0.01727823,0.020043792,0.05080152,0.028811565,0.020520428
NUF2,0.007482524,0.009483264,0.015568721,0.01625492,0.012281901,0.012544717,0.02074833,0.025834708,0.23966734,0.017056221,0.0132405935,0.022909582,0.059143018,0.012255593,0.022028757,0.008070086,0.02774134,0.0070248926,0.01374144,0.023007514,0.22501366,0.017010735,0.036551904,0.009017258,0.030620085,0.008110425,0.009115489,0.010681829,0.0131423315,0.010634828
PBX1,0.0041208165,0.0059767705,0.008641525,0.006763048,0.0074682077,0.006957702,0.0075578685,0.0095202895,0.0032204106,0.010040614,0.01027641,0.01119792,0.003221169,0.009757545,0.00818922,0.016612653,0.10239067,0.0044616265,0.007032569,0.0070985174,0.0057007866,0.00917755,0.0036239992,0.10274254,0.007898759,0.014320815,0.0056635,0.0057080304,0.008955414,0.006662588
CD247,0.06112157,0.0963946,0.09410796,0.10540484,0.10016429,0.086018585,0.14885916,0.16166753,0.046431996,0.12797402,0.14468227,0.12986429,0.04429983,0.11723509,0.15011026,0.05782182,0.08028089,0.07897249,0.11984541,0.33996844,0.12733261,0.120925315,0.06566117,0.07426931,0.152462,0.10052372,0.083694346,0.121363334,0.14867382,0.07786371
CREG1,0.054620862,0.033088,0.033685468,0.036157824,0.14186722,0.073181696,0.044754837,0.06959584,0.016113194,0.05819062,0.046448693,0.06599371,0.013977909,0.04392779,0.04317745,0.034371115,0.053032927,0.027048763,0.039751552,0.03841131,0.017833523,0.03607434,0.017277507,0.0523594,0.046158437,0.100766815,0.06603625,0.040677767,0.04421944,0.033993848
XCL2,0.025200415,0.033526685,0.031048989,0.036129147,0.035638444,0.033368923,0.092428304,0.05352891,0.02582812,0.050557286,0.052463777,0.050522532,0.017034443,0.04601801,0.10397114,0.026875371,0.024586787,0.101310104,0.041807707,0.16113347,0.09354903,0.4003848,0.018157799,0.026857233,0.043770883,0.027968593,0.02778147,0.036202602,0.08324565,0.025796931
XCL1,0.014272705,0.018946737,0.01905079,0.024374647,0.022887936,0.019242985,0.04393318,0.032634042,0.011589204,0.028861376,0.033143256,0.030266138,0.021617794,0.037904248,0.059484076,0.017892668,0.014618504,0.13203177,0.0308502,0.09363273,0.029027645,0.42956033,0.011555413,0.017189188,0.024481107,0.019019818,0.016644413,0.02494714,0.058358036,0.0151653625
ATP1B1,0.01301319,0.017740315,0.017936366,0.020238949,0.031215332,0.027441373,0.032404825,0.030284213,0.017215598,0.021326728,0.027318792,0.030904483,0.015979601,0.022161953,0.027705858,0.009176179,0.08242149,0.025715318,0.025755558,0.021012131,0.018860603,0.045494914,0.012128086,0.022016918,0.032006264,0.050723337,0.10522323,0.014351497,0.022506785,0.013089709
CCDC181,0.00078092556,0.00077521603,0.000838354,0.0008979586,0.0019002444,0.0007747399,0.0010170719,0.0034728672,0.00045339932,0.0011338473,0.001123507,0.0015018581,0.000505878,0.0010499682,0.0010200741,0.00042275045,0.012266925,0.0005619373,0.0010390296,0.0010141555,0.00052007067,0.024439322,0.0016284618,0.0005731944,0.0010297482,0.00087101245,0.0006603395,0.00088922895,0.0009958621,0.00070419296
F5,0.015519155,0.01682443,0.016176632,0.019184262,0.12232092,0.020558974,0.024094053,0.038628303,0.051730257,0.07435766,0.02406419,0.033197206,0.00894961,0.028293014,0.019293917,0.014772887,0.013500121,0.0152562205,0.023920078,0.022384627,0.025365049,0.018328285,0.010738349,0.01615764,0.075689,0.016427277,0.016650278,0.027097335,0.019211285,0.015295064
SELP,0.0076096915,0.009049309,0.0075281947,0.009443687,0.011453241,0.007886802,0.012996361,0.015384675,0.0068563684,0.010705545,0.010427959,0.013552512,0.0041338364,0.012563726,0.010642012,0.0077668214,0.015120078,0.006214643,0.010035792,0.008017205,0.0052854023,0.008710697,0.004133707,0.14485079,0.025311686,0.006737356,0.007199148,0.0113796145,0.008437743,0.0070306878
DNM3,0.009347941,0.009306301,0.012912181,0.014290881,0.012592594,0.008469143,0.01151494,0.023934811,0.008633112,0.01808066,0.015288847,0.020355964,0.005111191,0.01797288,0.01199143,0.0066932896,0.01513357,0.0057676365,0.010281633,0.011744303,0.007707063,0.008535977,0.004976862,0.17603701,0.014253188,0.009713777,0.007859665,0.017142192,0.012701216,0.008078714
TNFSF4,0.0070415274,0.009552357,0.00853074,0.012119381,0.009893583,0.009313098,0.013474771,0.013890809,0.005125143,0.012686705,0.01181434,0.01667409,0.004143869,0.012904633,0.01066055,0.0057481704,0.024664667,0.04965426,0.010943761,0.01172404,0.004932341,0.018997112,0.004072838,0.16919577,0.011407563,0.007239785,0.010012885,0.007551694,0.008459969,0.009882708
RALGPS2,0.03865368,0.28707513,0.22585481,0.24774826,0.054403137,0.043953873,0.054132927,0.08762447,0.02814066,0.06914121,0.059879597,0.07986764,0.03201603,0.06503337,0.04949553,0.029613689,0.032845978,0.058881402,0.056551535,0.05157687,0.025556555,0.046448402,0.035897266,0.027870536,0.058024175,0.029168371,0.034222286,0.05200427,0.04311279,0.03646163
IER5,0.040022228,0.07945309,0.084715374,0.08524931,0.12613487,0.18074736,0.09730737,0.109731026,0.023046136,0.10033506,0.094210245,0.11521422,0.030396096,0.08997609,0.08976907,0.046569962,0.042937342,0.05855526,0.098039545,0.08502778,0.04579573,0.063181855,0.03543664,0.05205874,0.0852734,0.069933794,0.069434986,0.07887926,0.07641414,0.049546074
GLUL,0.049651593,0.05157647,0.053498603,0.059243467,0.15576057,0.097525224,0.08835956,0.09113029,0.031318177,0.08296348,0.0694633,0.07506702,0.032190554,0.07034291,0.06494865,0.047937915,0.058514673,0.041619383,0.068551525,0.06660992,0.04312263,0.05275708,0.027540436,0.077758074,0.0683692,0.04388422,0.049936816,0.05222755,0.06603352,0.039829683
RGS16,0.09044854,0.011385455,0.004182699,0.0032652244,0.0046703434,0.0029287394,0.0041027954,0.014837659,0.0020716991,0.02162386,0.008455751,0.0048596053,0.0015902442,0.004034157,0.0035864082,0.0017873192,0.0021782382,0.0024876045,0.0035741879,0.003474351,0.002002359,0.00266614,0.028628537,0.019810405,0.005666367,0.0025608991,0.0025878297,0.002873759,0.0031732575,0.00875542
NCF2,0.04722048,0.040986758,0.049336813,0.052773863,0.17657882,0.12293622,0.05740941,0.07498638,0.019759335,0.05939436,0.057728022,0.072958596,0.027921965,0.055688236,0.049911477,0.030077348,0.029891646,0.035308704,0.054586984,0.048621684,0.028770566,0.042688273,0.024430081,0.04048017,0.052597206,0.037175015,0.0884543,0.05533945,0.050153214,0.031043936
C1orf21,0.030657725,0.025235869,0.030873789,0.030240847,0.034196667,0.030000025,0.11778524,0.045883883,0.016334532,0.04618505,0.037308585,0.05326292,0.05784554,0.040316604,0.088318214,0.02043803,0.048669077,0.026042996,0.041238077,0.14335392,0.07101375,0.066942975,0.018272113,0.03298178,0.0417341,0.050096683,0.02423067,0.027583487,0.07774664,0.023723973
IVNS1ABP,0.03115711,0.039763313,0.036923558,0.04119226,0.0750511,0.035231005,0.073736325,0.069195226,0.02316192,0.0677556,0.06290456,0.06469136,0.030477958,0.061009735,0.04815168,0.024793008,0.034250148,0.049178343,0.0743585,0.0638537,0.037352785,0.053044654,0.017003115,0.03071728,0.070680246,0.027676651,0.035678603,0.046145327,0.046983942,0.02494665
PTGS2,0.011916242,0.016683435,0.015690545,0.019871373,0.07999047,0.023314409,0.020044336,0.026970055,0.007414119,0.02202553,0.024263833,0.02693257,0.012938877,0.023471324,0.018838013,0.016742181,0.011722721,0.013530062,0.018898424,0.01869145,0.009443188,0.015687259,0.00751303,0.0141608,0.022664925,0.020354435,0.052880365,0.02091362,0.017692396,0.013339479
RGS18,0.024218678,0.022614067,0.026027342,0.027897326,0.06418987,0.063872434,0.031406473,0.041702915,0.015979296,0.03421622,0.032404296,0.04081951,0.014746406,0.034065805,0.026918361,0.01979791,0.028610943,0.023855392,0.032778993,0.026062114,0.016230034,0.022319281,0.013342648,0.22337475,0.028981907,0.028177543,0.041544665,0.022313282,0.02570384,0.028474966
AL136987.1,0.013357379,0.0037505236,0.0038964162,0.0043051755,0.008650825,0.004142234,0.005494432,0.0072281347,0.0074221306,0.0064589484,0.008252812,0.007084446,0.0027111103,0.0056555504,0.030641343,0.0029936587,0.012251468,0.0032856087,0.0050617177,0.0044999146,0.002409764,0.004349835,0.0024889149,0.0028318628,0.016696652,0.003804444,0.021283967,0.006878992,0.0042960234,0.10126182
RGS1,0.07650443,0.03722729,0.038033817,0.032749765,0.029151944,0.021002745,0.05546819,0.045766614,0.036181774,0.06626191,0.07335521,0.04336078,0.017514475,0.06081683,0.06786186,0.01459689,0.019174792,0.031919777,0.03377802,0.037481103,0.023467788,0.035942156,0.020399129,0.027085083,0.06992202,0.068878435,0.041083485,0.037202008,0.04278725,0.11932074
RGS13,0.00095550175,0.001359768,0.0013839238,0.0015256472,0.0016673636,0.0013536293,0.006142692,0.0023473154,0.0008118427,0.002207121,0.0019635134,0.0023306822,0.011734772,0.0018772441,0.00163533,0.00095128425,0.0010663959,0.0013515659,0.0018211444,0.008992409,0.00087761995,0.0013254107,0.014450211,0.0047347015,0.0019415129,0.0011752513,0.0055327956,0.0014542404,0.0015566224,0.025247607
RGS2,0.06241683,0.076540254,0.06418276,0.068011105,0.1801932,0.092918605,0.08272982,0.091384955,0.03182482,0.092155546,0.09101832,0.09414993,0.028958451,0.072384566,0.07466579,0.03560721,0.043493073,0.03895914,0.10820226,0.08080588,0.036808178,0.05671751,0.028003097,0.04903182,0.084030844,0.035959467,0.07647696,0.062109277,0.060940363,0.065670766
ASPM,0.008296327,0.010866827,0.008776546,0.009802861,0.011895228,0.008204364,0.01347353,0.017250707,0.3167202,0.016516926,0.014016673,0.016416147,0.0765592,0.011638118,0.013983203,0.0062801153,0.015240356,0.006715882,0.014040877,0.011690229,0.15581203,0.008866466,0.05979061,0.006150194,0.012447744,0.007767071,0.008928558,0.011512328,0.014605238,0.014758929
PTPRC,0.08117557,0.068932824,0.10546243,0.07321838,0.06260318,0.079936735,0.09957975,0.102886595,0.03137166,0.07597477,0.075268544,0.0964362,0.053793285,0.061255075,0.11303208,0.21310508,0.12560208,0.05246463,0.06294264,0.09054243,0.035174243,0.05282468,0.108800404,0.183453,0.08916881,0.07086081,0.041747417,0.070995204,0.090431795,0.102784336
KIF14,0.006080179,0.008841148,0.007838056,0.00785036,0.016703522,0.007898972,0.008724779,0.012055055,0.5707727,0.011140957,0.008991173,0.011452975,0.10206189,0.0086395,0.0075617335,0.0053395284,0.007693557,0.005397163,0.007898258,0.013625861,0.093251765,0.0063010296,0.06514045,0.0048653632,0.010048905,0.009279507,0.01368906,0.00786592,0.009820914,0.0062198625
LAD1,0.00035182977,0.00046132517,0.0004903278,0.00057189516,0.00058783294,0.00050507404,0.000668548,0.00083691376,0.00035600245,0.0007177677,0.0006538165,0.0008432043,0.0002594708,0.0005718582,0.00052038184,0.00033841532,0.00038186472,0.00038811038,0.0005496945,0.000541551,0.00030052758,0.00043093195,0.0002982986,0.007295216,0.00061723613,0.00041781022,0.00041787638,0.00047337604,0.00050883694,0.00044690314
NAV1,0.064744584,0.027535765,0.022610027,0.0302879,0.039474938,0.038398076,0.0242792,0.036738884,0.018487962,0.031642947,0.03761211,0.032369703,0.007900971,0.032259345,0.030449862,0.01199929,0.0349254,0.013477436,0.030946702,0.019611552,0.015060726,0.01841295,0.015631314,0.0106531475,0.028610628,0.30457065,0.14130318,0.039156422,0.025711574,0.021114785
UBE2T,0.035632458,0.02922732,0.024899937,0.023973348,0.017270224,0.019917803,0.026185777,0.038536135,0.15268561,0.03506085,0.029513594,0.035588056,0.12924345,0.025218792,0.020478496,0.009779806,0.03174267,0.011084287,0.01542258,0.020782102,0.1437986,0.026410531,0.031590696,0.009816922,0.03675903,0.012715862,0.015109982,0.036484398,0.026320126,0.02073263
SYT2,0.00077188143,0.00068599737,0.000715632,0.0007876032,0.002956693,0.0006658205,0.009521744,0.001168349,0.000460891,0.0010266823,0.00092142157,0.001435621,0.00037869913,0.00097484194,0.0008117648,0.00046502054,0.0021654642,0.0005477093,0.0009211387,0.00078474794,0.00049077574,0.000725219,0.00047563954,0.00050684507,0.000853533,0.00083941256,0.0031949922,0.0007289063,0.0007834009,0.0005730534
BTG2,0.029302925,0.05115764,0.04926444,0.060337964,0.07473342,0.041423425,0.07890694,0.08380204,0.027056672,0.06888811,0.064312235,0.08058937,0.029414225,0.06851299,0.061027635,0.044571877,0.033080038,0.05538897,0.05663357,0.056422736,0.030315261,0.04895579,0.022088591,0.046724677,0.06416409,0.044577204,0.03587148,0.056557085,0.06162819,0.052382693
TMCC2,0.0030059263,0.0047687707,0.007329059,0.004939173,0.0051994654,0.0048220647,0.013933764,0.008077062,0.0025420804,0.0075910226,0.0063960087,0.0074931807,0.0021764059,0.0080273235,0.0114799375,0.118015304,0.010602345,0.0030950098,0.006453425,0.0051110117,0.0026801093,0.004618688,0.0022975057,0.084839575,0.0060808654,0.005345061,0.0041561737,0.017684916,0.008947186,0.003487902
RAB7B,0.0020156153,0.00268679,0.0027480721,0.002905169,0.005894727,0.0024805737,0.0038019668,0.009347114,0.0017053962,0.0036683949,0.0034694802,0.0044823503,0.0013740622,0.0034066562,0.0027577889,0.0017818499,0.01281399,0.0018861947,0.0028139604,0.0030863977,0.0016157945,0.0027448968,0.001680142,0.0017700982,0.0034112595,0.25339216,0.0050408132,0.003169079,0.00281199,0.007695374
RHEX,0.08813579,0.04668941,0.024715051,0.013204698,0.009871091,0.00900724,0.011680646,0.014280073,0.005550895,0.014501993,0.012688864,0.013249664,0.0051231375,0.011260904,0.009951638,0.005750266,0.07319273,0.01083375,0.009651035,0.01103469,0.0054514445,0.010515517,0.0155345,0.0053488766,0.011544376,0.06195706,0.007987304,0.009780126,0.009524693,0.17297487
AC244035.1,0.00032142396,0.0004412703,0.00046427298,0.0005244444,0.0005205551,0.00045186997,0.00056321354,0.000729726,0.00028579956,0.00064848294,0.0005957507,0.0007396932,0.00024366268,0.0005656327,0.00047570784,0.00029153502,0.00031334214,0.00030839167,0.0005440229,0.00047576177,0.00028727556,0.00039216745,0.0002940846,0.00030184252,0.00060610304,0.00049715,0.00042186875,0.00038720985,0.00042809037,0.00035089796
MAPKAPK2,0.05795799,0.05127421,0.04607189,0.051609445,0.06527696,0.0615278,0.093582116,0.07157472,0.032076202,0.08136104,0.07646796,0.08235818,0.034286797,0.060589377,0.06890872,0.025347475,0.035551213,0.04595781,0.0751388,0.072941296,0.032297544,0.059971716,0.025318611,0.04921813,0.06988464,0.039638475,0.045086004,0.04255965,0.064787276,0.17028959
IL10,0.0033472325,0.0032805647,0.0035134244,0.0037646359,0.028911207,0.004569821,0.0049754623,0.005916927,0.0303257,0.0046131224,0.034639765,0.006130221,0.0017533507,0.0050330437,0.0040260023,0.0025961464,0.0024708845,0.002730346,0.0072009508,0.004198794,0.002018646,0.01377187,0.0021751851,0.0025096878,0.005291067,0.0037864395,0.009083594,0.14226149,0.01050762,0.0032040458
PFKFB2,0.06859544,0.03653977,0.018029444,0.033222277,0.025576781,0.029627658,0.021033768,0.020761704,0.008643702,0.022430612,0.019190991,0.028424961,0.0055335686,0.01722557,0.016604248,0.0097438805,0.021310978,0.0105083445,0.015962504,0.022121582,0.01849897,0.042099092,0.01182674,0.010495816,0.017596545,0.011269263,0.023118824,0.012791193,0.014377468,0.16153325
CD55,0.07845052,0.08814628,0.095225416,0.12010678,0.14234178,0.101479515,0.12570976,0.17532793,0.029926647,0.1346465,0.12508704,0.16702843,0.046062637,0.13146956,0.10977374,0.05372738,0.057817943,0.10496736,0.11215801,0.10098823,0.054463904,0.099020414,0.032272086,0.07098544,0.13013572,0.0493766,0.064736605,0.1050282,0.111487515,0.06163809
CR2,0.010972385,0.075593695,0.048711527,0.08634984,0.012618951,0.010040929,0.014803679,0.031009823,0.0075014345,0.02611851,0.017329868,0.04975795,0.0064417846,0.022661826,0.012960153,0.0069646947,0.0077323467,0.020951165,0.012839083,0.012150326,0.006904401,0.011050255,0.009634387,0.010685467,0.014654632,0.009051247,0.009379316,0.011322504,0.044406828,0.009721103
CR1,0.017732661,0.063221015,0.08847153,0.08012174,0.10684737,0.04981412,0.03387475,0.0456508,0.018100325,0.0621925,0.04155418,0.044490557,0.0124264145,0.047195047,0.031361274,0.024972765,0.017328663,0.0567953,0.045985658,0.028705327,0.013710516,0.024608446,0.020030087,0.022741728,0.034234,0.02168513,0.027349247,0.024373028,0.03466902,0.025196789
CR1L,0.0007906733,0.0010787497,0.0010656936,0.006552116,0.002948253,0.0009170888,0.0012225375,0.0014562007,0.00068433105,0.0014237509,0.0013492033,0.0016340098,0.00054709363,0.0013490078,0.0010846396,0.060016084,0.0006794195,0.00089716096,0.0010982373,0.0011384034,0.00058485434,0.0010274106,0.000628647,0.03161015,0.0013340936,0.00087954366,0.0009840417,0.0011488197,0.0009843576,0.00088729826
CD34,0.0048989537,0.0043277335,0.0046717045,0.0053830645,0.005033294,0.0041132323,0.007005031,0.008683285,0.0028430084,0.007606074,0.0059899115,0.0091352835,0.0027570708,0.006316504,0.006729835,0.003318444,0.23845595,0.003760225,0.0049357144,0.004996071,0.002997242,0.004452172,0.0028580558,0.0028215547,0.00489075,0.004263069,0.003919095,0.0046649473,0.004407354,0.005687274
G0S2,0.026560387,0.027006388,0.024034776,0.031048695,0.10926182,0.04727939,0.035744213,0.044272184,0.014754564,0.038141016,0.035113066,0.046871234,0.014268242,0.03293944,0.031236917,0.019244727,0.015252799,0.022255735,0.03316275,0.029155344,0.017272843,0.02791423,0.015935231,0.02765066,0.03554031,0.023770586,0.038247444,0.028230572,0.030695256,0.019683383
NEK2,0.002281025,0.0041761464,0.0041394914,0.0046527074,0.0043623922,0.0058810157,0.0044646407,0.0063906736,0.22451437,0.006457264,0.006019026,0.0063513396,0.036928345,0.0050844876,0.011057093,0.0028402433,0.0034671205,0.0028823183,0.0048162495,0.00942727,0.08189864,0.003954872,0.05845849,0.0030064504,0.012737203,0.0036619762,0.0038402658,0.0043054116,0.0047359555,0.004682196
DTL,0.0038776235,0.005117362,0.0050610146,0.0049886447,0.005670208,0.0041340734,0.005760635,0.0076305782,0.084847815,0.006478792,0.0056785187,0.006564733,0.11103922,0.0056470693,0.0055673225,0.0038280096,0.011646684,0.0039182194,0.0051567075,0.007930261,0.100477904,0.0043203356,0.020422848,0.0029918961,0.009044441,0.008241988,0.0042497776,0.0050524687,0.006733826,0.0038256939
LINC01740,0.00036016174,0.0004384608,0.00044480947,0.0005038685,0.0010438111,0.00044047277,0.0005849303,0.00070148776,0.0003238526,0.00063058623,0.00061102177,0.00075005245,0.00024251256,0.00057851867,0.00047549032,0.00031318408,0.00030615274,0.00041039553,0.00048518655,0.00051603676,0.0003114209,0.00043958405,0.00024984207,0.0002996246,0.0005807764,0.0004187426,0.00037022884,0.00048326512,0.0005020902,0.00037435975
ATF3,0.020244617,0.023905994,0.020002024,0.02333589,0.09279728,0.10477309,0.027138852,0.030608403,0.011580098,0.030315002,0.032533403,0.026857413,0.009475233,0.021794885,0.021694921,0.016162833,0.01987094,0.022904953,0.033157576,0.020670293,0.014944504,0.036604278,0.016321253,0.021395095,0.030647662,0.033988614,0.065636456,0.020043286,0.02242899,0.059698302
BATF3,0.015431844,0.019802475,0.023253476,0.025112843,0.07092151,0.14505072,0.026802879,0.038748078,0.015853815,0.03237753,0.03411385,0.04183992,0.015462966,0.029098302,0.028895795,0.015066023,0.018999657,0.01890874,0.029150013,0.026972422,0.013962789,0.034265365,0.012941969,0.017717205,0.032434333,0.31286022,0.08829775,0.027313055,0.02849907,0.016812852
CENPF,0.02099116,0.011786216,0.016789842,0.014973393,0.015174341,0.013119347,0.016364636,0.0398462,0.28708202,0.027797384,0.02032499,0.034346897,0.10643044,0.018986478,0.013772714,0.017515091,0.02872944,0.013568696,0.01334921,0.025041096,0.1715121,0.014044981,0.0650803,0.00986788,0.023660362,0.010347852,0.05768579,0.0402748,0.0140224695,0.013852821
ACTA1,0.0008309817,0.0010797279,0.0010517625,0.0011952526,0.0030733214,0.0009973441,0.0014653286,0.0017525286,0.009232435,0.0013976033,0.0013761189,0.0018743536,0.000572419,0.0014064447,0.0012956371,0.0009919998,0.00088106527,0.0009398631,0.0011898587,0.0011755403,0.0006369664,0.000987686,0.00056986546,0.00076938065,0.0013589575,0.000929507,0.0010677744,0.00097616285,0.0012438191,0.00079942134
AL121990.1,0.00029499183,0.00060392974,0.00053141406,0.00062853156,0.0006336277,0.0005690834,0.0007754573,0.0009214602,0.00040423998,0.00078778184,0.0007675454,0.00095492706,0.00036220517,0.0007435308,0.000640366,0.00047045015,0.0004534526,0.0004532859,0.0007519372,0.0006834653,0.00043165887,0.00051921664,0.00030546324,0.00038723552,0.00077929656,0.0005957546,0.00046829067,0.00054356473,0.0005945907,0.00049308216
SLC35F3,0.025242055,0.0055526965,0.005399904,0.0059740436,0.010624572,0.008654348,0.007773671,0.017914057,0.0043924837,0.013966585,0.013671781,0.009391163,0.010608738,0.0071655125,0.006099521,0.003766307,0.003979355,0.003422122,0.008995917,0.0058245775,0.0029752944,0.0047693974,0.0030936813,0.0038708637,0.009585061,0.009676836,0.010561772,0.0061268695,0.0068278033,0.13790119
LYST,0.032232605,0.056016937,0.058989942,0.08086448,0.10236115,0.11568984,0.0747927,0.102551565,0.029192377,0.08429022,0.09137895,0.093033336,0.03317738,0.07801377,0.077797614,0.039068393,0.03981706,0.04748106,0.077325255,0.07765438,0.03558532,0.07584148,0.036447022,0.049457744,0.09208698,0.047133915,0.08076702,0.09060904,0.06545448,0.037014503
EXO1,0.004637511,0.007867281,0.005472162,0.0069764876,0.005896282,0.005102681,0.0076669953,0.011063551,0.11123495,0.011171981,0.007831034,0.009123235,0.29265368,0.008934305,0.011203876,0.0041889595,0.0033265208,0.004525396,0.006317998,0.005924202,0.1659702,0.005583715,0.012914042,0.0036659196,0.038455386,0.005546468,0.0045453254,0.0059284517,0.0065552145,0.0042792847
CNST,0.03793164,0.08088789,0.08471969,0.104005754,0.06492749,0.06637987,0.09282148,0.14661352,0.035549287,0.12514503,0.14590657,0.16161634,0.033998445,0.094519,0.07193767,0.03629064,0.06286884,0.054145556,0.086722,0.08469969,0.050939493,0.07418614,0.032330584,0.1732093,0.13811934,0.045329787,0.049171206,0.10155236,0.09521335,0.04360155
NLRP3,0.026243163,0.02514853,0.028278047,0.03163837,0.13905546,0.05959872,0.0363173,0.04373516,0.020783763,0.045744702,0.040307783,0.047416776,0.014101354,0.035089005,0.03225197,0.01941655,0.022886073,0.020030322,0.03048132,0.032144405,0.019609043,0.029963484,0.015615784,0.027678905,0.03713339,0.039009813,0.05603085,0.028462963,0.030885924,0.023243094
GCSAML,0.0016840269,0.0021121015,0.0022530686,0.0027330734,0.0025599902,0.0035272737,0.0029853,0.0034020524,0.0013437585,0.0030751014,0.0029657371,0.0040518916,0.0014301264,0.0029773496,0.0028168277,0.0013526576,0.078330055,0.00185248,0.0026297593,0.002365062,0.0015095649,0.0020245616,0.0011526241,0.011348093,0.0029451747,0.0023600813,0.0022403214,0.0023420632,0.0024011608,0.0016608499
TRIM58,0.017669985,0.013266712,0.016002383,0.0150957825,0.017880542,0.014500324,0.013328618,0.01845217,0.006959786,0.01718876,0.015297101,0.017111141,0.00646881,0.014141753,0.013800588,0.10561267,0.052864943,0.035361208,0.014056558,0.013377354,0.0067326734,0.014026969,0.007150944,0.16732031,0.014055595,0.012736602,0.012141383,0.011803686,0.012199844,0.008000338
OR2L13,0.00048574313,0.00060089305,0.0041732835,0.0006855821,0.0020405347,0.0006136329,0.00079427345,0.0009398677,0.0004387923,0.0008747204,0.00080306927,0.0009811727,0.00031863464,0.00072210253,0.0006232719,0.0004616428,0.00038663854,0.0004843104,0.0007226567,0.00064413267,0.00046163326,0.00061514124,0.0002958508,0.0004022398,0.00080713636,0.00060826686,0.0005374875,0.0006956515,0.00070070126,0.00047969172
TPO,0.0023739224,0.0022830246,0.0024160594,0.0029076755,0.004181771,0.0033492341,0.003387476,0.04334181,0.0017069222,0.028688699,0.0033314917,0.0044671055,0.0011514269,0.0031212629,0.0028814438,0.0015669245,0.0015956112,0.0015644188,0.0029681711,0.002957664,0.0016343088,0.00247909,0.0013373146,0.0018857558,0.0033190823,0.00293727,0.002190813,0.002259634,0.0027387235,0.0019833285
SOX11,0.0008440871,0.0008983773,0.0009223682,0.0010252995,0.009301779,0.000987003,0.0012271958,0.10771595,0.05315154,0.001502188,0.0013641502,0.0015050253,0.00048375982,0.001387464,0.0009959488,0.00079802994,0.00068535574,0.0008327334,0.0011653476,0.001050341,0.00059698813,0.00090810534,0.01144102,0.00068297476,0.0012499517,0.0008615756,0.0008555675,0.0008744144,0.0010197983,0.0006755594
RSAD2,0.018374681,0.016340667,0.025421282,0.023080612,0.04499345,0.04913526,0.019972429,0.0379304,0.015553055,0.037391376,0.03484879,0.036160484,0.02401125,0.023035714,0.022853784,0.01740513,0.036428858,0.016233513,0.023809245,0.025268001,0.026304401,0.046729557,0.0079682395,0.01703125,0.022966184,0.015674444,0.031103194,0.021596424,0.023384996,0.025282912
LINC01871,0.06651665,0.054746352,0.060490485,0.0647372,0.06453905,0.05631933,0.20041284,0.10937978,0.035286102,0.115600236,0.13200903,0.18492551,0.09846709,0.2075344,0.14929482,0.036014277,0.042774986,0.042011693,0.21980792,0.12750055,0.072441466,0.111462094,0.037533652,0.045257654,0.08130204,0.054991785,0.048389398,0.06116971,0.1650664,0.050498884
ID2,0.10863236,0.15448615,0.14637682,0.15356942,0.15760936,0.11737104,0.21518908,0.22105668,0.076625526,0.20443551,0.17911007,0.19633682,0.058259048,0.1914832,0.16420946,0.08637967,0.10356114,0.16388188,0.24884494,0.19546804,0.07605872,0.20025222,0.08678187,0.11709139,0.21953183,0.2595873,0.14378972,0.14553836,0.1473792,0.11177581
RRM2,0.009186157,0.008052387,0.010320782,0.00966059,0.009534512,0.008372868,0.01196634,0.014014023,0.20663288,0.011814594,0.012805127,0.0159107,0.12360291,0.013436842,0.011428951,0.0056913868,0.013024398,0.01833238,0.008173375,0.01751759,0.20093232,0.012761778,0.044238325,0.0064242347,0.011391393,0.008661016,0.007995549,0.009323513,0.009525875,0.006722233
AC007240.1,0.0058608283,0.008018175,0.0063033607,0.008354193,0.0068858974,0.006528817,0.009303653,0.0104927085,0.12770328,0.009461423,0.00891302,0.010912888,0.073660344,0.007878112,0.010734821,0.0036373804,0.010744506,0.0052397326,0.0070022573,0.011493341,0.2631342,0.0057506245,0.025149804,0.0044316463,0.008622645,0.004983693,0.0052446877,0.014851265,0.0074720965,0.0058160876
C2orf48,0.0025926656,0.0029586279,0.0029560314,0.0035481916,0.003970432,0.0033000957,0.016788123,0.005148674,0.04514001,0.004756396,0.0041220826,0.009175211,0.028256997,0.0037606906,0.0064194626,0.0020740672,0.0066145253,0.0025404687,0.0036698924,0.010993326,0.104657516,0.0031911707,0.009806554,0.00253564,0.0040249405,0.0030581336,0.0029918044,0.0033751791,0.004218474,0.0025198685
ODC1,0.03681394,0.10228946,0.09025416,0.099769354,0.057964507,0.049894955,0.09989153,0.113310926,0.050345723,0.09517689,0.0895858,0.10675317,0.055579614,0.08658838,0.07696654,0.044519823,0.038417615,0.052986823,0.080909684,0.066126384,0.046023127,0.053454477,0.04306185,0.22800338,0.1039063,0.053711925,0.06415588,0.07775706,0.07996303,0.071103774
PDIA6,0.05178071,0.06524123,0.06227925,0.080284245,0.0619166,0.06295819,0.09510079,0.12131725,0.057100732,0.11229097,0.09887814,0.11252643,0.06819382,0.0866962,0.0860901,0.043469444,0.0465058,0.052862067,0.08968932,0.09564714,0.07445147,0.073587194,0.13544254,0.050021246,0.09287723,0.045535672,0.054594725,0.07455067,0.08293551,0.07274635
LINC00570,0.00080084667,0.0011936936,0.0010975889,0.0012296849,0.0013670926,0.0011683486,0.0013771899,0.0018319034,0.00055437005,0.0015677328,0.0014269985,0.0017761983,0.00065279094,0.001532106,0.0012102032,0.21123612,0.00069736916,0.00085020333,0.0013639084,0.0011759457,0.0006086456,0.0011557905,0.00061014766,0.00080678874,0.0012898494,0.00095696456,0.0010813734,0.075683855,0.0011859011,0.00088389416
MYCN,0.001406936,0.0017500443,0.0020840075,0.0019619912,0.0023228575,0.0019657526,0.0025140585,0.0027665354,0.001301808,0.0025133966,0.002622472,0.0031784407,0.0009563642,0.0021306376,0.002054998,0.0014084324,0.121627524,0.0013565475,0.0022034643,0.0020189476,0.0010981113,0.0019274411,0.0009178557,0.0012905045,0.0024286204,0.001881592,0.0017293586,0.0020843316,0.0019316146,0.0016259368
FAM49A,0.040109146,0.053328384,0.050440524,0.04172725,0.10011601,0.0885673,0.042322278,0.053545017,0.019989321,0.04604194,0.0422403,0.050286133,0.020609485,0.040150013,0.04472994,0.02201211,0.024731256,0.026500849,0.040742107,0.049998734,0.03032265,0.04202861,0.02149228,0.02639597,0.044131424,0.03834488,0.061776377,0.038654774,0.048065618,0.04134031
SMC6,0.040236767,0.087443255,0.07936502,0.08941409,0.045897685,0.04052588,0.06091199,0.06379315,0.04528987,0.06177177,0.05019435,0.06676799,0.053618744,0.05508556,0.056730162,0.0239194,0.027860342,0.029577913,0.056767575,0.067066535,0.051410828,0.047760665,0.02386271,0.022936346,0.060206246,0.028856691,0.036009163,0.06308103,0.054279577,0.10414822
SDC1,0.0013405345,0.001706066,0.0017014659,0.001863334,0.0023139876,0.0016346349,0.0022820097,0.0030495827,0.0011190599,0.009841371,0.0021601855,0.007958404,0.000871636,0.007814669,0.0017720351,0.0012666837,0.0013249747,0.001383397,0.0019473349,0.0019171415,0.0011359362,0.0018227742,0.07613228,0.0011810497,0.002359988,0.0016494296,0.0016785375,0.0018030828,0.0017862096,0.0014362091
RHOB,0.036671884,0.098171,0.0937189,0.1148714,0.1439917,0.14667235,0.06615384,0.08628223,0.025304433,0.07656193,0.061964083,0.082039416,0.027924795,0.06524786,0.0690255,0.033626337,0.049237665,0.056573443,0.05313418,0.055826586,0.029366098,0.042569973,0.039150603,0.041382544,0.06053471,0.034671385,0.06421561,0.05417503,0.056007702,0.04202345
OTOF,0.004879446,0.0040062075,0.0042209295,0.004613776,0.007426746,0.018150065,0.0053377477,0.0069543663,0.014708822,0.016249401,0.0060768696,0.008304512,0.0025234069,0.0075586657,0.019575087,0.0030822782,0.003245161,0.0032508778,0.005225482,0.012286433,0.0025981516,0.0039518923,0.002816869,0.0032775141,0.009953287,0.003624802,0.008665837,0.0057383883,0.0075337226,0.003601671
CENPA,0.0034828999,0.00432656,0.0043549323,0.0053430693,0.005264619,0.0047303773,0.0060776947,0.007922832,0.20204492,0.0068432456,0.014541755,0.009532701,0.042759832,0.005669537,0.0052854014,0.002751297,0.0033701335,0.0038988763,0.004723318,0.0048897685,0.086258486,0.0041127405,0.019006178,0.003166278,0.00815823,0.0050553307,0.0047600674,0.008885395,0.0051621264,0.0034848726
LTBP1,0.0038358234,0.00470149,0.004032206,0.0048069973,0.0061600097,0.0039820783,0.008561092,0.0071529504,0.0023866533,0.0060234205,0.005660117,0.0073291855,0.002513138,0.0055029066,0.005856325,0.0031667892,0.0032327152,0.0031506005,0.0048034694,0.004709303,0.0028185297,0.0057325014,0.0030113752,0.12064163,0.005377058,0.004212986,0.0038108777,0.0041621085,0.005681209,0.0037214519
RASGRP3,0.0115854535,0.092218116,0.09537751,0.09367583,0.01569857,0.013072263,0.02709544,0.023344604,0.011526676,0.021214105,0.021481242,0.025779048,0.009898947,0.018371394,0.016164819,0.016645627,0.010918384,0.023436038,0.017044287,0.014598008,0.00883579,0.014515328,0.077466756,0.012839116,0.017054876,0.029093076,0.015256764,0.015685577,0.014450696,0.013767004
QPCT,0.01201586,0.015913915,0.018139588,0.018317213,0.11315682,0.023106575,0.024768416,0.028942967,0.009915747,0.024330737,0.024970137,0.031034073,0.008284436,0.025269086,0.0244083,0.019190276,0.01639058,0.01633558,0.01929838,0.020829653,0.011117442,0.017184975,0.016314264,0.012131117,0.030573571,0.023232248,0.058100108,0.02095113,0.02269739,0.014005122
CYP1B1,0.0126447575,0.019817766,0.017711664,0.021872072,0.1275452,0.03477872,0.023470301,0.03167589,0.012080222,0.02742958,0.025270745,0.031640947,0.011499005,0.025054256,0.021417446,0.017195635,0.012891787,0.014903159,0.023604559,0.019127369,0.0101365745,0.017489318,0.012137475,0.017566657,0.021738485,0.018622778,0.018839782,0.01859511,0.020747857,0.013842949
SLC8A1,0.04666462,0.023173772,0.02569478,0.030598402,0.10699929,0.101284504,0.03344528,0.041304473,0.014215624,0.036374796,0.03589799,0.041461743,0.015823856,0.034625184,0.033553742,0.019720545,0.017358342,0.026038835,0.032021,0.028462002,0.014803793,0.024268964,0.013653827,0.018726029,0.032003604,0.09143061,0.08918857,0.030076219,0.032631375,0.02158986
AC019129.2,0.0022411433,0.011063763,0.01101129,0.0065880064,0.007870877,0.00335306,0.002919588,0.005091971,0.0011463545,0.004628579,0.006808782,0.008432245,0.0011302251,0.0033382697,0.0028491565,0.0015361549,0.0013384378,0.0015722681,0.0025880057,0.0052358108,0.0015335184,0.0065713217,0.0017384483,0.001496966,0.0028176787,0.0021178504,0.004906053,0.012985355,0.0075325575,0.0046480405
RHOQ,0.049669743,0.078318894,0.08858038,0.082587846,0.12832049,0.103939325,0.085041516,0.09220392,0.026334053,0.077551745,0.07342545,0.086382195,0.026053047,0.08445364,0.06721653,0.03714847,0.043918528,0.05611477,0.059852697,0.07774377,0.039345026,0.061142378,0.064715184,0.042606592,0.07823527,0.044102162,0.089354984,0.05292851,0.061455347,0.046289258
AC010967.1,0.0005939488,0.00067847787,0.000632633,0.0007354043,0.00071936793,0.0006613914,0.0009131776,0.001081599,0.00038156268,0.00095139287,0.0008394984,0.0011167612,0.00039761004,0.00081943127,0.00073392154,0.00039680014,0.0004388024,0.0004864642,0.017236967,0.0007538898,0.00038367647,0.0006621934,0.0003790387,0.00049987284,0.00092633785,0.00056604214,0.00061446696,0.0006172192,0.0007417975,0.0018917363
CHAC2,0.0066050184,0.015866369,0.014252211,0.01633626,0.0118186595,0.010796415,0.021627493,0.024742268,0.059363212,0.025344854,0.021098364,0.023289932,0.013040246,0.022887323,0.016042842,0.007212656,0.010003106,0.0111777885,0.01809015,0.019657927,0.0316338,0.008485085,0.09308271,0.010136786,0.015314197,0.016553627,0.012459845,0.010574666,0.016226191,0.012673468
ERLEC1,0.018316982,0.032554403,0.032034464,0.04558775,0.034814663,0.0308408,0.050633293,0.053290557,0.014324188,0.050581727,0.053707436,0.059349295,0.021530941,0.052230474,0.047285285,0.016660161,0.025126604,0.024018768,0.053411305,0.050943196,0.025204781,0.03724325,0.07409265,0.020069886,0.038188137,0.026103217,0.02575397,0.035098802,0.045475114,0.031798333
EML6,0.005187278,0.04389905,0.06739471,0.012243363,0.006587139,0.0075906506,0.011058125,0.009354561,0.0040406855,0.010539319,0.014454757,0.013235505,0.004911892,0.010713875,0.012671776,0.011325806,0.0045387973,0.004104496,0.014657939,0.0065051704,0.015978126,0.005605952,0.057447143,0.008024501,0.009145692,0.010387173,0.005526997,0.0065003075,0.005936457,0.0047785784
CCDC88A,0.15405025,0.053435463,0.04790936,0.050818577,0.12155807,0.071412,0.061263032,0.075521946,0.025309673,0.07020048,0.064363,0.07117634,0.02045868,0.059591264,0.056677394,0.030428693,0.053089883,0.0555462,0.05726615,0.049044214,0.03781424,0.04791419,0.024817957,0.03454562,0.06270125,0.18843146,0.14617984,0.05689957,0.05558321,0.15397865
LINC01793,0.00048131082,0.00059829233,0.00060931285,0.00066244166,0.0036729446,0.0005959283,0.00075754937,0.001016182,0.00034570578,0.00086106866,0.0007503339,0.0010286431,0.00027132503,0.00071915705,0.0006904871,0.00034645438,0.00039993203,0.00049543544,0.0006244718,0.00068680267,0.00032148798,0.0005329145,0.000348778,0.00040151263,0.00081052625,0.00050894154,0.009832386,0.0005268408,0.0070001804,0.00050665817
BCL11A,0.07742656,0.112297945,0.091676086,0.12072645,0.034799248,0.029854205,0.032838494,0.039732557,0.013986046,0.03399597,0.036655635,0.038986996,0.010372959,0.033820715,0.028532991,0.015636113,0.046411704,0.019874942,0.0289418,0.030418757,0.01386019,0.02372112,0.012801267,0.017372364,0.035666674,0.039591268,0.054321498,0.023136614,0.02767077,0.15816505
REL,0.051588725,0.08302934,0.076594114,0.103932016,0.083217025,0.08357781,0.08935599,0.12343662,0.027951518,0.10039866,0.11079099,0.12410865,0.019757243,0.09050824,0.083547376,0.052583028,0.04030068,0.054584436,0.09332694,0.09709894,0.042293224,0.07565101,0.043437805,0.06274512,0.1119526,0.044830706,0.07044203,0.095812954,0.08666013,0.05077325
PELI1,0.026486007,0.06831099,0.07555726,0.069763124,0.099853136,0.07989906,0.049541183,0.07198569,0.021156581,0.067517765,0.060220268,0.053458035,0.022948442,0.050040398,0.044712245,0.023842525,0.024973698,0.028371258,0.042158592,0.044337135,0.02481069,0.032617323,0.027991395,0.028185382,0.0764449,0.030132718,0.040580742,0.058461834,0.041964673,0.02300814
LGALSL,0.005242205,0.005572312,0.0058312486,0.0060095233,0.0064121094,0.005193234,0.0075249607,0.009060798,0.004121338,0.008121257,0.008807681,0.009290298,0.003261773,0.0068724602,0.008051968,0.0038369845,0.0038945551,0.004273116,0.0061989175,0.0060957614,0.0034070823,0.0051966663,0.0060709175,0.12525994,0.0072816745,0.007624427,0.004846562,0.0051668957,0.006321762,0.0052313386
MEIS1,0.0037343006,0.005403801,0.0054989033,0.0061496976,0.008572285,0.006465774,0.009214874,0.009735348,0.002941759,0.008034075,0.0074054142,0.013397113,0.003302476,0.007522086,0.007449036,0.004245109,0.06684539,0.005113821,0.0072052917,0.007721886,0.0040181954,0.010366505,0.0035022628,0.101881154,0.006911964,0.005873689,0.006606833,0.0063233864,0.0058764173,0.00742863
CNRIP1,0.0015242917,0.0020350493,0.0021132943,0.0036751176,0.004617558,0.0047340235,0.0025978284,0.0033100096,0.0013505055,0.0031358353,0.0029264584,0.0033036235,0.0013679545,0.0024811635,0.002261769,0.0012326303,0.17428643,0.0014913353,0.002356689,0.0022599609,0.0013663813,0.0021856886,0.0011927407,0.0013324731,0.0025509275,0.0038481674,0.0021257382,0.0018950483,0.0020765793,0.0020029722
PLEK,0.088856734,0.06198434,0.07009366,0.0804224,0.118224666,0.093543366,0.11428085,0.14827195,0.037745234,0.13251457,0.119240195,0.1449152,0.04616579,0.11523537,0.101324275,0.04730401,0.050357446,0.07655709,0.08514269,0.12586632,0.05686196,0.06535674,0.042207535,0.09859003,0.1329863,0.109788366,0.06721568,0.087112814,0.11295588,0.10920917
MXD1,0.044221725,0.053674035,0.04788094,0.0587026,0.1639591,0.077847935,0.068491146,0.087817475,0.026859391,0.080206126,0.06919566,0.07736707,0.02375395,0.056510758,0.058528006,0.035070058,0.042989798,0.0656706,0.06008643,0.07520627,0.042548977,0.05987607,0.028316949,0.07358417,0.06773754,0.03586726,0.06433661,0.05626898,0.057714418,0.04549978
CLEC4F,0.006573174,0.0077812327,0.0096994,0.009416152,0.014156899,0.14703444,0.010930477,0.018486967,0.005080445,0.0102387415,0.009895843,0.017031338,0.0032759584,0.010943123,0.010812981,0.0053308257,0.0059726583,0.005917356,0.008326103,0.0111925835,0.011453349,0.007108216,0.0043309242,0.005563599,0.008851175,0.009215116,0.029356226,0.008071075,0.009596468,0.015769681
CD207,0.0008085558,0.0010489007,0.0009963126,0.0010553136,0.0012297225,0.0028256641,0.001301405,0.0016769615,0.0004998466,0.0015323019,0.0012903439,0.0016635228,0.0006321718,0.0011412076,0.0010183855,0.00062432943,0.0007383293,0.00074970763,0.0010045564,0.0010780734,0.00064566353,0.00108351,0.0006995267,0.0005956836,0.0012942381,0.0009299748,0.020759601,0.0009727201,0.0009854517,0.00081449334
NAGK,0.061782233,0.0579633,0.049629685,0.06351362,0.101385936,0.10127491,0.068571255,0.0824961,0.023051688,0.074490726,0.07033839,0.08873888,0.02319734,0.057327215,0.054613017,0.027603203,0.034861747,0.044139132,0.064213574,0.06208894,0.033675138,0.052419864,0.024225278,0.035464905,0.070108004,0.045687657,0.06323558,0.056091215,0.049446687,0.056764066
MTHFD2,0.07122559,0.03126884,0.028170586,0.02815953,0.061925847,0.07252784,0.043623473,0.053151544,0.04050707,0.04914582,0.045101583,0.04245931,0.029087463,0.03709534,0.03913491,0.023606833,0.035823684,0.03162267,0.04286625,0.046086546,0.03793419,0.03270712,0.037769362,0.029268026,0.056491613,0.045815974,0.050516,0.027427008,0.0383918,0.03644033
AC005041.3,0.0011757783,0.0014466043,0.0014606342,0.0015903848,0.0049055233,0.0014368283,0.0019925546,0.0047176466,0.0012221412,0.0022925376,0.0022339518,0.002255841,0.024970062,0.022054095,0.008059079,0.0009939271,0.0011271337,0.001241635,0.0017335524,0.0015802964,0.0010408753,0.001374599,0.0008844659,0.0010260816,0.0022220707,0.001259588,0.0014339614,0.0017308592,0.0039360784,0.0011651278
TLX2,0.00031471462,0.000589462,0.0053035244,0.0006198833,0.0006719475,0.00060089456,0.0007448205,0.0009195121,0.05387366,0.0074654026,0.1552401,0.00093613064,0.00037030238,0.000645543,0.00063544704,0.0004312104,0.00041329415,0.00045198377,0.0006721763,0.0005965509,0.020300863,0.00051902735,0.00029023338,0.00037004944,0.0007319496,0.0005659272,0.0005151723,0.00062669045,0.0005166686,0.00043244238
TMSB10,0.104925476,0.16318883,0.15449965,0.121967345,0.12517509,0.16687159,0.14333893,0.17722896,0.18752773,0.18349144,0.19364697,0.18065791,0.1004621,0.14415963,0.13209672,0.3817646,0.20923716,0.10761953,0.2978782,0.12879536,0.09368437,0.11934915,0.1905335,0.27311578,0.14594808,0.2527644,0.20070268,0.14195311,0.15133263,0.10293744
CAPG,0.105293415,0.08242358,0.10764996,0.086495675,0.15609545,0.06846239,0.07776083,0.08205353,0.043219287,0.0880193,0.072519414,0.09617072,0.024129784,0.08176055,0.055104785,0.040306505,0.039113946,0.058624025,0.05936064,0.06216188,0.04098761,0.10234944,0.03441813,0.03678887,0.071282625,0.06003281,0.1337768,0.07426673,0.06145129,0.120023474
MAT2A,0.075815305,0.06777454,0.054390997,0.066687316,0.07620152,0.04793142,0.06598169,0.09913736,0.028955195,0.09067987,0.08338599,0.09578797,0.03877447,0.0752285,0.06809137,0.028953608,0.07434866,0.043055065,0.06319738,0.06384591,0.05001653,0.054642085,0.024495194,0.033245128,0.07896523,0.06560504,0.11201633,0.062147636,0.06967796,0.053499732
GNLY,0.086420715,0.10369538,0.08733443,0.095425986,0.103061296,0.107171975,0.38029116,0.1652041,0.06956676,0.15910329,0.1480178,0.17642936,0.14781232,0.13623305,0.24763401,0.074550495,0.06595452,0.06533231,0.18962112,0.47279075,0.18379134,0.3924902,0.057066027,0.08575054,0.13823187,0.09376319,0.09422786,0.10401892,0.2494262,0.07921061
CD8A,0.26787513,0.28538257,0.28709128,0.28662255,0.284652,0.25227693,0.39551455,0.4289437,0.2137364,0.40739462,0.381721,1.3157666,0.8745208,1.0770446,1.5655371,0.16130956,0.17752002,0.2324105,0.6801529,0.4295598,0.26801506,0.3269166,0.15566267,0.19392641,0.36212602,0.25289404,0.23151262,0.25282696,0.40153944,0.22782496
CD8B,0.25981796,0.31294993,0.3263196,0.3067651,0.29990804,0.2622315,0.38713002,0.48550114,0.20706059,0.44449648,0.40783563,2.1215973,0.6253634,1.3327719,1.3012571,0.22235751,0.1867221,0.23069786,0.40045196,0.31109384,0.21828432,0.28071776,0.15811794,0.21553868,0.38590175,0.255859,0.22240596,0.55106103,0.40298754,0.24330373
CYTOR,0.057430565,0.051388357,0.051787615,0.055335656,0.0825264,0.059195247,0.13672118,0.08051654,0.1288048,0.09106292,0.1092502,0.089522325,0.09787749,0.085594535,0.117774926,0.036901552,0.0654208,0.061335947,0.08015369,0.109766185,0.061052248,0.05222872,0.05955479,0.08213995,0.07532194,0.06178594,0.054120228,0.06252564,0.09685589,0.041706383
IGKC,0.030271458,0.13825211,0.13364086,0.19817445,0.03842182,0.03712362,0.049802616,0.06254465,0.017215103,0.049050137,0.0534576,0.06480774,0.012215113,0.044628147,0.04261036,0.020615106,0.023867873,0.031525645,0.045288015,0.043818947,0.020002626,0.034044646,0.18797135,0.041082677,0.049942028,0.036769945,0.03129758,0.040749088,0.043532405,0.08838411
IGKV4-1,0.001049205,0.014428178,0.01040245,0.01020974,0.00173848,0.0019332388,0.002098615,0.0025325008,0.0011835675,0.0023264412,0.0021743665,0.0026055283,0.00084756414,0.0021371935,0.0020614727,0.0012602244,0.0010749074,0.0016729378,0.0017992521,0.0020014353,0.0011788598,0.00463887,0.040966395,0.0010490177,0.0021872818,0.0013517879,0.0013704493,0.001665199,0.0016506987,0.001415926
IGKV1-5,0.0036892015,0.009786052,0.019484784,0.023699082,0.0052697677,0.003911673,0.004957355,0.006097861,0.0019754183,0.005810336,0.0046297945,0.0142181385,0.0024796405,0.005935903,0.004316025,0.002544584,0.00250428,0.0028115658,0.0041969186,0.004643424,0.0024137993,0.0035297447,0.1693148,0.0026901597,0.005100283,0.003377488,0.0037090804,0.004040728,0.0041768686,0.0033730243
IGKV1-6,0.00088547065,0.0010178828,0.0010622751,0.0012296132,0.0011354605,0.0009927694,0.0013464829,0.0016592745,0.0006328582,0.00151078,0.0014188716,0.001635971,0.00050600665,0.0013036453,0.0010453808,0.0007900052,0.0007125104,0.0007633126,0.0012097406,0.0010929207,0.0006688012,0.00092301157,0.019469813,0.00071868475,0.0013765923,0.0011764482,0.0008668429,0.0009750586,0.0009830961,0.0007846356
IGKV1-8,0.00037867352,0.00415606,0.00054621755,0.0005360252,0.000620709,0.0004993621,0.00058042636,0.00074252486,0.00031707218,0.0006691244,0.0006873363,0.00078095665,0.00023668236,0.0006159044,0.00062288495,0.0003092945,0.0003504955,0.00040496557,0.0005419596,0.0005779077,0.00032369676,0.00049039855,0.0002565237,0.00033752783,0.00063588325,0.0004394888,0.00044328105,0.0005293884,0.0004938206,0.00038589505
IGKV1-9,0.00065429596,0.0028041475,0.0034241003,0.0018133192,0.0010586416,0.00089985604,0.0011643224,0.0015093281,0.00063688756,0.0014254506,0.0012807362,0.0014540266,0.00054351473,0.0010336206,0.0011129953,0.0006512784,0.00066113984,0.00069049135,0.0011152127,0.0011414252,0.00058510026,0.0009137368,0.002835371,0.00069211493,0.0013840102,0.00084402866,0.0009156653,0.00097057363,0.0010913396,0.00088065903
IGKV3-11,0.0011558712,0.01861771,0.02109902,0.006906561,0.0020012057,0.0017779283,0.0023233201,0.0027229458,0.0011450766,0.0027766563,0.0025144834,0.0027079182,0.00095584965,0.0021838606,0.0018385111,0.0011543821,0.0014533153,0.0013512841,0.0019833497,0.0018830334,0.0010915971,0.001650956,0.02456995,0.0010849675,0.0019143077,0.002008873,0.0016436904,0.001577449,0.0018130179,0.0013646736
IGKV1-12,0.00040731154,0.00039944705,0.00040978534,0.0036512965,0.00041049393,0.00038424478,0.00048423462,0.000619171,0.0002464659,0.0005414168,0.00058857317,0.00063331844,0.00028398845,0.0004986893,0.00044024776,0.00029883021,0.00028702585,0.0003291848,0.0004981318,0.00045199864,0.0002979055,0.00032461574,0.01637189,0.00026372288,0.0006002038,0.00035413963,0.00034284132,0.00048430506,0.000400747,0.00032325255
IGKV3-15,0.0009340817,0.009932751,0.0053513013,0.00729965,0.0015826566,0.0013274633,0.0017631619,0.0018787077,0.00077250553,0.0017406982,0.0017445048,0.0022173375,0.0008274491,0.0015454539,0.0013561173,0.0010591929,0.00092013704,0.0010028346,0.0016452059,0.0015605956,0.00080578506,0.001241069,0.006489376,0.0008823835,0.0017203371,0.0013563104,0.0010842164,0.001328655,0.0013218783,0.00090470014
IGKV1-16,0.0004118548,0.0006897143,0.009399589,0.0008576914,0.0020906962,0.00072480424,0.00094188884,0.0011550927,0.000465065,0.0011397403,0.0009719407,0.0011567293,0.00034518106,0.0008785713,0.00077136094,0.00049743796,0.00058343646,0.0006677483,0.00087432336,0.00083538453,0.00047162085,0.0006748533,0.03511601,0.00051687006,0.00095105363,0.00079711084,0.00067868177,0.00079821696,0.0008290669,0.000502324
IGKV1-17,0.00088418217,0.0012698148,0.030805962,0.0013418566,0.0015044142,0.0014031144,0.0018459116,0.0021212914,0.00083790673,0.0022167705,0.0019549236,0.002195816,0.00074324635,0.0015074003,0.0015414333,0.001003057,0.0011117096,0.0011419411,0.0016289983,0.0014599619,0.00089322875,0.0011929745,0.020807367,0.0009198591,0.0019222846,0.0011098009,0.0011833241,0.0013905619,0.0011956912,0.0010106065
IGKV3-20,0.0026156602,0.019025298,0.018086843,0.020083493,0.0036283974,0.0031955957,0.0042610997,0.0052426276,0.0025969904,0.004717533,0.004655796,0.0055153095,0.0018673914,0.0038893365,0.0052982145,0.0024528108,0.002279641,0.002968675,0.0053785234,0.004056887,0.0018129022,0.0032107448,0.14553583,0.002306988,0.0046321936,0.002999628,0.0029365509,0.0043430445,0.0042789294,0.0024871675
IGKV1-27,0.00054245454,0.002078036,0.0011391875,0.0058614295,0.00077791227,0.000748267,0.0008772582,0.0010837803,0.00053883705,0.0009579362,0.0010453472,0.0011598625,0.0004099397,0.000906956,0.0008462385,0.0005129677,0.0005493597,0.000520337,0.0008305409,0.00083456974,0.00047058496,0.00061068666,0.021705957,0.0004896432,0.0010202419,0.0006059553,0.0006497464,0.00082381885,0.0007891151,0.0006725071
IGKV2-29,0.0002832697,0.00045428894,0.00037522777,0.00039074986,0.00037849203,0.0003252051,0.000490605,0.0005718091,0.0002551044,0.00052806834,0.00045715514,0.00061067846,0.00025499726,0.00048405124,0.00041969758,0.00023902945,0.0002572256,0.00028406718,0.0004536013,0.00040200603,0.00022305966,0.00035448736,0.037346713,0.00023815584,0.00041701167,0.0003532213,0.00028940287,0.00034323387,0.00034253974,0.0002925853
IGKV2-30,0.00088977115,0.007821316,0.0031964313,0.0023375957,0.0012547476,0.0011401576,0.0015215875,0.0017682896,0.0006411602,0.0015626549,0.0015519914,0.0018272486,0.00064722524,0.0014590337,0.0011882592,0.000835572,0.0008290508,0.0010349997,0.0012877065,0.0023798451,0.000755617,0.0011545384,0.082223535,0.0007790108,0.0014904626,0.00087342324,0.0010966832,0.0010990442,0.0012854605,0.00097281666
IGKV1-39,0.0012187567,0.009670434,0.0076698638,0.0037848763,0.0016299962,0.0017210356,0.0019021936,0.0022889925,0.0007713641,0.001799984,0.0017864442,0.0020876057,0.0009600496,0.0019908312,0.0015079703,0.0013461144,0.0010649122,0.001213555,0.0017360635,0.0015418289,0.0009536517,0.0012525322,0.037679918,0.0009724797,0.0018789686,0.0013970047,0.0013216011,0.0016059779,0.0014546525,0.0010338628
IGKV1D-39,0.000762902,0.00095599814,0.0008170598,0.0010285225,0.000972041,0.0008360747,0.0011488463,0.0014226326,0.000511398,0.001248678,0.00112856,0.001532284,0.0005031408,0.0011734811,0.000960615,0.00057508366,0.00062104745,0.00068456185,0.00094197586,0.00095985737,0.0005528575,0.0007527653,0.0098351585,0.000609745,0.0012279613,0.00092293305,0.0008352385,0.0007906335,0.0008068948,0.00075470784
IGKV2D-30,0.0003891771,0.00063021405,0.0006751927,0.0007090091,0.0007072523,0.0005858098,0.00086113357,0.0010823469,0.00040044374,0.0009141981,0.00095068355,0.0010550122,0.00028524516,0.0007387398,0.0007419113,0.00045050523,0.0004686875,0.00061664917,0.00082717685,0.00070550974,0.00037153167,0.0006070114,0.4551089,0.00044205246,0.000884691,0.0005092131,0.0005858672,0.0007282992,0.16749275,0.00046589054
IGKV2D-29,0.00055125507,0.00356807,0.0005246318,0.00699695,0.0005681565,0.0004919534,0.0006829238,0.0009213722,0.00027596424,0.0007638992,0.0006397219,0.00086527545,0.00030534554,0.0007201964,0.00053770136,0.00032486612,0.00044119655,0.00044698024,0.0006133424,0.0005287959,0.00032270205,0.00048411445,0.023711544,0.0004038109,0.00068913336,0.0005321585,0.0004481028,0.0005643628,0.0005185847,0.0004741487
IGKV2D-28,0.00041090633,0.0065121893,0.00043268182,0.0018372624,0.0005218216,0.00039943497,0.00057200633,0.00074402057,0.00022098565,0.00059223943,0.0005965078,0.0008075174,0.00026460763,0.0006112328,0.00051798706,0.0002850558,0.00041146332,0.00032138484,0.0005411923,0.0005056653,0.00028188332,0.00041883468,0.020508254,0.00030954406,0.000571802,0.0003711371,0.00045754854,0.0004980691,0.00043287151,0.0004038088
IGKV1D-16,0.0005854575,0.0006863119,0.0006570625,0.00079017284,0.000792576,0.00073440146,0.00088198984,0.0011436748,0.0004873374,0.0011084406,0.0010369075,0.0011587073,0.0004699237,0.0008279863,0.00081156305,0.0005444855,0.0005225667,0.00053374044,0.00089459954,0.00078500464,0.0004667039,0.0006956197,0.025149196,0.0005049984,0.0009696001,0.00066091516,0.0005887794,0.00075287756,0.0007510736,0.00051011256
IGKV1D-8,0.0005904458,0.095886536,0.00065710227,0.04163794,0.0007933099,0.00068242213,0.0010045185,0.0011378038,0.00043922622,0.0010238154,0.0009933268,0.0011593503,0.00045452244,0.00096423656,0.0007515881,0.0005211734,0.00050491275,0.0006810759,0.0008869156,0.00085270504,0.000499966,0.00069449784,0.10545951,0.0004938061,0.00095884,0.00065468426,0.00073039264,0.00080600375,0.0008384611,0.0005592179
MAL,0.037566397,0.059358276,0.061882067,0.052890267,0.05520079,0.051478475,0.06729981,0.26600042,0.030969407,0.20999296,0.13368627,0.20608461,0.024254503,0.14881381,0.0701012,0.040512674,0.036281783,0.04645312,0.06719192,0.05911347,0.031144325,0.05466861,0.025984872,0.037080858,0.19420171,0.0446578,0.048694536,0.09039499,0.08732742,0.042944398
PROM2,0.00046220652,0.00044197153,0.00049453834,0.0005455351,0.00053077686,0.00042906933,0.0005683264,0.0041805627,0.00024360485,0.00074173685,0.00062075263,0.0021659974,0.00026305407,0.00057237654,0.00048002595,0.00026163453,0.007313136,0.00039124535,0.0005570054,0.0005072173,0.0020671012,0.00044110694,0.00030743572,0.0003267992,0.0006128391,0.00041363313,0.00046030476,0.0005429962,0.00051218335,0.00037536962
DUSP2,0.091742195,0.14738886,0.14341411,0.16388771,0.16938981,0.15206207,0.23784228,0.24878713,0.07912132,0.20650956,0.33051908,0.2680939,0.06838824,0.20665972,0.28829047,0.106868885,0.108053,0.13318914,0.5684736,0.22707556,0.08564431,0.26798525,0.10014226,0.14157103,0.22892578,0.09569465,0.13391109,0.19084385,0.30095205,0.1103044
NCAPH,0.005719359,0.008551118,0.016734313,0.007819214,0.010145249,0.007279192,0.03590215,0.01173202,0.12427924,0.011347354,0.0158272,0.012406157,0.04300984,0.01401569,0.014488867,0.0042652166,0.01482306,0.006255139,0.011708442,0.010702798,0.092119046,0.0056701773,0.011697439,0.004790146,0.009715964,0.008675676,0.007112991,0.0123635,0.009086871,0.006121843
AFF3,0.07268014,0.15598099,0.10542352,0.21995324,0.03350869,0.030014936,0.03825976,0.060803495,0.016726598,0.053364668,0.041573245,0.053399198,0.016475942,0.041142873,0.034693055,0.018660687,0.029948432,0.06089898,0.038336303,0.03425555,0.017129721,0.04702603,0.018541824,0.020135205,0.05441625,0.04011634,0.065053776,0.06437111,0.036460493,0.097580716
IL1R2,0.003721351,0.0040597655,0.0043542758,0.0048125116,0.013758846,0.0048435135,0.005708054,0.006606284,0.0027474845,0.0070307846,0.005445704,0.0068891924,0.002445705,0.0052194884,0.0043388023,0.0027075454,0.0030343945,0.0029070983,0.0050048768,0.0045447345,0.0030790328,0.008130313,0.002282995,0.0025266865,0.0057081,0.0142771825,0.09477365,0.0043918863,0.00465225,0.0034863057
IL1R1,0.006947422,0.008310092,0.007972097,0.008690407,0.03183036,0.008929847,0.017731335,0.01284443,0.0061385375,0.03178494,0.013303328,0.013180311,0.0046078493,0.008875866,0.008509958,0.006811605,0.0064597204,0.43175313,0.019606762,0.010752746,0.007750396,0.014148738,0.0047894386,0.005492167,0.011265152,0.0098939845,0.047515202,0.00854876,0.014313964,0.0060363365
RGPD3,0.0005443767,0.00078172435,0.0007518841,0.0067085717,0.0026929372,0.00071935565,0.0009511741,0.011237609,0.00819944,0.005430448,0.0009556854,0.0011623349,0.0004321999,0.0018038963,0.00080638996,0.00049469137,0.00045980452,0.00052614254,0.0008159183,0.0024531116,0.00050651963,0.00074500963,0.00042584183,0.00047482003,0.0010479048,0.0007950446,0.000644674,0.00077678915,0.0008908114,0.0005599208
SULT1C4,0.0009975282,0.0012755917,0.0013502336,0.0013601298,0.0012568342,0.0012459282,0.0015088113,0.0020010732,0.0007757628,0.002338451,0.0017987621,0.0019741915,0.00073898624,0.0016316981,0.0016576921,0.00087474595,0.060796116,0.00096454256,0.0016305387,0.0014477402,0.000843948,0.0012673546,0.00064949144,0.0013012086,0.0016339365,0.0011673728,0.0010953518,0.0014452252,0.001576265,0.0010539785
LIMS1,0.0929594,0.0829209,0.104038335,0.10764375,0.114579886,0.11423412,0.12895848,0.17504613,0.14772141,0.19619866,0.1587619,0.1584772,0.043126404,0.12363365,0.10575825,0.06585042,0.099213555,0.074264236,0.12632714,0.104524426,0.06891876,0.09102853,0.050110944,0.29673442,0.12128079,0.05499079,0.069938295,0.12625548,0.11184587,0.07538863
BUB1,0.0094885,0.0075446665,0.007043224,0.012963157,0.007905971,0.0067405384,0.008131458,0.017635277,0.15596512,0.014430072,0.011583725,0.011333132,0.016786838,0.007833215,0.0074883276,0.0050331405,0.011591233,0.004682298,0.007530551,0.0068270704,0.04500356,0.019044608,0.030666197,0.00454674,0.00963512,0.007607234,0.006928802,0.005120334,0.0075608706,0.010103919
MIR4435-2HG,0.05295538,0.043520823,0.04314624,0.052483942,0.08184972,0.050261006,0.117095836,0.07799285,0.13604815,0.0668172,0.06684726,0.09288965,0.08749759,0.06589053,0.086307555,0.029800978,0.0578268,0.031877056,0.047197804,0.09329025,0.08580068,0.05026151,0.058389258,0.15545894,0.05177112,0.12298386,0.054524697,0.06642887,0.07867716,0.040175065
MERTK,0.0032010204,0.0051726834,0.004524787,0.005344119,0.019255834,0.06989531,0.01228641,0.009977593,0.0032515372,0.007526094,0.0064698756,0.0098326495,0.0033126667,0.006886227,0.005308624,0.0041003413,0.012516833,0.0039279903,0.0067286496,0.005384828,0.0027953982,0.0062138415,0.0025569906,0.0058742478,0.0067922063,0.005074229,0.0051900754,0.0050321463,0.0048786337,0.0088094175
NT5DC4,0.0008052664,0.0012580829,0.001350559,0.0016493553,0.0022751675,0.024118459,0.0018096571,0.002297936,0.0008318116,0.00193512,0.0018941507,0.0020220622,0.0008886884,0.0017399018,0.0015624218,0.0010609076,0.001059088,0.0009982567,0.0017661406,0.0016172874,0.0030060424,0.0012333214,0.00079239806,0.0009380237,0.0019070838,0.001380221,0.001209526,0.0014958354,0.0016697517,0.001073438
CKAP2L,0.0075726956,0.0074838595,0.008091075,0.010870868,0.014758082,0.012621683,0.0118946135,0.013713635,0.2683538,0.017823147,0.01236484,0.024447199,0.05452232,0.010247036,0.012199321,0.0060599414,0.027883934,0.006791676,0.010053423,0.010578187,0.1988563,0.0077177132,0.014750621,0.005819863,0.012013158,0.007889916,0.010094054,0.009710839,0.009047393,0.006200738
IL1A,0.0063669644,0.0057379743,0.006810856,0.0070785545,0.04397712,0.019526172,0.010009068,0.011485588,0.0044708517,0.0115114385,0.009760011,0.010975958,0.004061205,0.010262221,0.008998752,0.0049165324,0.006247156,0.0051641692,0.008599463,0.008605703,0.0043615415,0.0060188603,0.0037481282,0.007829705,0.008927155,0.0065677487,0.016302131,0.012452297,0.0074879425,0.005738841
IL1B,0.040698886,0.043831326,0.053670898,0.067329384,0.1754231,0.07971651,0.062780924,0.09384496,0.024364082,0.0746558,0.0597102,0.09168733,0.025850525,0.076837756,0.06492308,0.037406243,0.042055115,0.045785226,0.058743816,0.061083615,0.030408258,0.048202906,0.024292082,0.06657682,0.06647164,0.031223483,0.06588101,0.05441794,0.052551653,0.03396959
IL1RN,0.015416121,0.021730516,0.01755882,0.018974517,0.11314811,0.02593082,0.02025645,0.029288953,0.012235774,0.023829982,0.023442237,0.028135985,0.01066778,0.021565065,0.020912787,0.01655395,0.012854652,0.0134149,0.01872929,0.017333692,0.008336737,0.016432263,0.008404905,0.014244841,0.022753919,0.0154643385,0.050946545,0.017237885,0.0180628,0.014722785
MARCO,0.021897089,0.012662279,0.012343131,0.011717499,0.07780343,0.057533357,0.013834681,0.018481715,0.004825365,0.019527543,0.01561541,0.019889027,0.007884873,0.013199315,0.01114063,0.009050699,0.0064888666,0.007055767,0.014726823,0.012970164,0.0076334495,0.017674543,0.007001707,0.010027439,0.012695965,0.012478533,0.021004373,0.01186483,0.014469132,0.010272019
PROC,0.057071954,0.0034133042,0.0034392877,0.0034198132,0.00299927,0.0028474447,0.0035100207,0.003983649,0.0017203031,0.004005521,0.0036085318,0.0046241037,0.0019578696,0.0032067178,0.0030819653,0.0018919201,0.0022476637,0.0021122037,0.0063320715,0.0036817654,0.0016599373,0.0027282822,0.0014061822,0.0015901332,0.007213289,0.03469057,0.003496615,0.0031007554,0.0031149937,0.06558346
NCKAP5,0.0014126318,0.0021783316,0.0022071258,0.0041043228,0.002465236,0.002150605,0.0026918324,0.0032947105,0.0012788066,0.003723151,0.002678137,0.00372316,0.001358635,0.0023806554,0.0025788709,0.0014574283,0.0019120126,0.0019167273,0.0026916685,0.0022359302,0.0014260429,0.0021288304,0.0011541299,0.0015081938,0.0027637475,0.21398716,0.03350748,0.0023251486,0.002052852,0.0016972934
AC011893.1,0.08717854,0.0060163266,0.005003668,0.0072951554,0.0050305105,0.0043864516,0.0061846008,0.007878395,0.010960992,0.0120271845,0.0066677905,0.007861737,0.0031730132,0.005824435,0.005674038,0.0035345461,0.003329179,0.0043530157,0.005272226,0.006403167,0.0055882693,0.004489831,0.0034761291,0.019566378,0.006419273,0.0047672484,0.00430367,0.0076832287,0.0051706987,0.1837788
MCM6,0.054593626,0.025760632,0.028050134,0.021424413,0.022948634,0.019568939,0.048163615,0.040007703,0.08795618,0.049166862,0.04300942,0.042703547,0.13688263,0.0368882,0.041756086,0.01820041,0.030178782,0.016367637,0.035852335,0.030574704,0.12903312,0.026273953,0.024338286,0.050354503,0.03133695,0.022042286,0.059641004,0.03737622,0.033781324,0.04218881
CXCR4,0.041197114,0.101123996,0.10365231,0.21306692,0.115447514,0.11492467,0.12818572,0.13746786,0.081334814,0.1295091,0.1577613,0.1357495,0.046254154,0.11532493,0.11702178,0.06485292,0.0915599,0.075671,0.18647839,0.11738905,0.0687245,0.09042488,0.08732913,0.100771494,0.11472939,0.080245115,0.073828116,0.08613991,0.10047966,0.059776478
HNMT,0.014718172,0.026810303,0.02582041,0.027343333,0.12867361,0.0796375,0.033652876,0.045577813,0.016802287,0.038742743,0.042734556,0.04390223,0.014147069,0.034010027,0.029889598,0.019813344,0.015445727,0.021698747,0.028438538,0.028497724,0.016410194,0.03009647,0.014709932,0.020560576,0.03394447,0.02630098,0.091041945,0.023451332,0.028306184,0.020339882
LRP1B,0.0035605275,0.0013981765,0.0013764522,0.0015262961,0.0017489081,0.0013011604,0.0016689417,0.0020594748,0.0009844253,0.0020664544,0.0020842436,0.002394412,0.00089629984,0.0018069833,0.0015359281,0.0011332547,0.0009776739,0.0011347425,0.0015744761,0.0015505722,0.0008680305,0.0012544721,0.0008161362,0.0010036569,0.0019867397,0.0014390084,0.020782756,0.0012236318,0.0014102219,0.0011461754
KYNU,0.062254872,0.07357034,0.10886109,0.060282316,0.120032735,0.12201865,0.0578113,0.05267925,0.023677709,0.046638347,0.04500244,0.05552167,0.023069311,0.040566687,0.038266506,0.02732871,0.02205185,0.030396942,0.039525673,0.037182864,0.023156168,0.030484024,0.023074582,0.024658227,0.047699753,0.03665605,0.083870664,0.03152097,0.035434015,0.06522225
ZEB2,0.043448243,0.05150426,0.052441124,0.05915962,0.11571903,0.1010805,0.101455994,0.10596976,0.0405479,0.09152064,0.0817319,0.09334678,0.03262324,0.081142545,0.081530325,0.051752217,0.031323746,0.05109224,0.07635788,0.08569563,0.036423203,0.05662114,0.03732518,0.05554616,0.092651345,0.06124318,0.044442587,0.06040044,0.06921365,0.03990352
ZEB2-AS1,0.035442565,0.022101827,0.041493166,0.022831356,0.08217857,0.070047766,0.024335874,0.028550606,0.010093905,0.023727741,0.0194404,0.028730817,0.008895392,0.023200475,0.02083964,0.015800532,0.014246706,0.01777752,0.02248366,0.022180393,0.018414835,0.02111184,0.00858861,0.016782694,0.019688338,0.016001271,0.03967681,0.017697297,0.02600874,0.04968941
TNFAIP6,0.006484714,0.009727043,0.013027125,0.010241672,0.08215168,0.01284988,0.011998416,0.017808795,0.0072139762,0.013060849,0.0127751175,0.019176645,0.008484102,0.012119591,0.012064268,0.006315872,0.006667956,0.0068230573,0.010558552,0.010688331,0.008075739,0.015433278,0.0057923947,0.008163059,0.013130417,0.008535885,0.009682843,0.008869151,0.0091311615,0.010711148
FMNL2,0.01675968,0.01141269,0.012180245,0.0102008,0.020866612,0.10515034,0.010695633,0.015472688,0.0049080933,0.013058405,0.011176292,0.020956432,0.0037267916,0.0159914,0.010113631,0.0050712395,0.0061995313,0.01154138,0.009427103,0.008425519,0.0051510525,0.007363273,0.0051545836,0.0066982117,0.010256725,0.051165693,0.02342655,0.008424156,0.008055155,0.029176263
RPRM,0.000971166,0.0010135783,0.0009769485,0.0010519603,0.0011047814,0.0008870709,0.0012106685,0.0016121126,0.0006021568,0.0013948464,0.0012572818,0.001481815,0.00057696144,0.04987928,0.0010055142,0.00078111154,0.000737165,0.00087115326,0.0011229169,0.0010242416,0.0006569162,0.0008979646,0.0035607766,0.0006476966,0.017010292,0.0007836625,0.0008871782,0.0009477175,0.005622066,0.00065715157
NR4A2,0.030966777,0.06371665,0.047828536,0.052098844,0.09836402,0.046856426,0.0646461,0.07046607,0.024350747,0.07933729,0.092103414,0.0859787,0.028434929,0.08453135,0.081886016,0.029617583,0.0291966,0.045221917,0.114277944,0.07353065,0.034723572,0.101241075,0.0237555,0.029401239,0.054228924,0.043126263,0.09210749,0.044105507,0.07457551,0.03988642
CD302,0.057251777,0.025986053,0.028482111,0.0338952,0.13428071,0.07042279,0.03646042,0.05416753,0.020412747,0.03978521,0.03540745,0.04999582,0.016140612,0.038309157,0.031083245,0.025164291,0.026925074,0.020548027,0.031032592,0.030001873,0.01826153,0.023452997,0.015474352,0.021772185,0.037644684,0.031339426,0.06888825,0.029217718,0.031230621,0.03772326
SLC4A10,0.017881172,0.025586894,0.044253483,0.022832429,0.021706484,0.019658213,0.02554002,0.03371025,0.017462991,0.036831737,0.071763694,0.038038492,0.009309966,0.025217142,0.03914518,0.011367032,0.015246999,0.018906385,0.63580316,0.028254764,0.016641745,0.056824952,0.011482438,0.014319549,0.024230642,0.014280984,0.017852116,0.018973537,0.053103615,0.02114839
GCA,0.034048762,0.05030556,0.056898758,0.06133926,0.15641615,0.08260501,0.05650548,0.0700109,0.02130163,0.06437839,0.063089155,0.07129948,0.023747204,0.055375863,0.05124718,0.029750654,0.031761535,0.034581702,0.05300053,0.04525511,0.026415303,0.04188447,0.017487666,0.031006696,0.060108867,0.04570542,0.07669538,0.04126715,0.042737298,0.044697385
GRB14,0.0008927457,0.0014957124,0.0014218055,0.0027961838,0.001727297,0.0014928769,0.0018878515,0.0022988217,0.00094069063,0.0022721582,0.0020398833,0.0024187097,0.00096958084,0.0017429952,0.0015385058,0.0010154172,0.0011333611,0.00093421584,0.001678906,0.0016516724,0.0009886993,0.0013453495,0.0046619005,0.049617533,0.0018619265,0.0014857916,0.0013087299,0.0015166991,0.0013748748,0.0011062954
COBLL1,0.029363746,0.16487148,0.11582616,0.10184554,0.019973135,0.015286464,0.022761533,0.029447904,0.008782107,0.02444763,0.023704384,0.028336223,0.010455359,0.021800296,0.019236557,0.0103031965,0.014063199,0.015250167,0.020695975,0.019430732,0.010315971,0.017451111,0.05311855,0.012500768,0.024224037,0.01419665,0.015228236,0.016582211,0.017287996,0.1287131
SLC38A11,0.0027086977,0.025256673,0.010460882,0.032697573,0.003311395,0.00271259,0.0038434423,0.0044236165,0.0016585629,0.005747598,0.0038764565,0.0045833127,0.0016063813,0.0037464176,0.0033664468,0.0018124224,0.002397164,0.0023945405,0.0032464152,0.0035480969,0.0018153712,0.0027900941,0.0016281188,0.0019960138,0.0034963586,0.0026809387,0.0024330963,0.0031944008,0.0034081922,0.003357214
SCN9A,0.22786634,0.0077785277,0.007000133,0.008200042,0.008872197,0.006509387,0.008395538,0.013232251,0.003264694,0.010136088,0.008746463,0.011241851,0.0034827443,0.0074538533,0.00844952,0.0036665485,0.0293813,0.010364173,0.0078074164,0.00760165,0.0037882666,0.009414355,0.0052579967,0.005061527,0.009297321,0.0522385,0.035582215,0.006870566,0.0062805666,0.19912323
XIRP2,0.0007813393,0.0011670704,0.0011764958,0.0012138403,0.0072554178,0.0010753792,0.0013996356,0.0017869599,0.0006912444,0.0016274821,0.0015996449,0.0016479312,0.00075087824,0.0013895335,0.001288829,0.00069091463,0.019400058,0.0009043829,0.001352697,0.0015389661,0.0007118139,0.0011141098,0.00066221977,0.030616328,0.0015491202,0.001137534,0.0009811374,0.0011391374,0.0011928623,0.00096180296
SPC25,0.0037895888,0.0048331977,0.006895936,0.0064677796,0.0056744874,0.004091458,0.006151596,0.008160297,0.15463102,0.0076578185,0.0066713383,0.0075768633,0.08563885,0.006196464,0.0059664985,0.0035240953,0.03099444,0.0035559,0.0051086717,0.0057182135,0.14240052,0.0040594665,0.027268542,0.0031514612,0.0069568986,0.0048418925,0.004313277,0.0055020917,0.0068335845,0.00418042
DHRS9,0.022144016,0.014215731,0.009794241,0.005918875,0.020913774,0.016238656,0.007315104,0.008823098,0.0032962575,0.008112889,0.0070685996,0.0077263163,0.0030416814,0.006123063,0.005800363,0.0035683631,0.018131353,0.0035587884,0.006359277,0.0058201784,0.0032719339,0.004745492,0.0052660997,0.0035470163,0.008019439,0.00757721,0.07545059,0.006100639,0.005930463,0.0042741313
MAP3K20,0.060862567,0.03843669,0.038151544,0.039768454,0.11435619,0.054790117,0.049300026,0.043596707,0.03317017,0.046847057,0.039014857,0.043731857,0.029635543,0.039005086,0.036184054,0.023465473,0.042046357,0.025929352,0.03381436,0.029622803,0.03240471,0.022086807,0.016418165,0.018645369,0.036047243,0.058293406,0.092783146,0.02949815,0.032403365,0.021330828
CDCA7,0.010211511,0.020009015,0.027523303,0.014462412,0.015831344,0.011560537,0.04756382,0.025711361,0.17590468,0.027633358,0.024687167,0.024561323,0.13428599,0.020628545,0.039780766,0.007329869,0.06710638,0.016486123,0.014731769,0.017233027,0.12395112,0.020847939,0.011043462,0.022472193,0.026413092,0.027385782,0.015943348,0.07569863,0.017329166,0.009512289
AC010894.3,0.0003788723,0.00046010478,0.00050770113,0.00057900936,0.00059242017,0.00046402134,0.0006857386,0.0008778835,0.00029042174,0.0006928845,0.0006100618,0.0009657378,0.0002616085,0.00072380534,0.00374371,0.00029517058,0.00033019294,0.0004066159,0.00056892005,0.0005605411,0.0003323195,0.00044311388,0.00031446072,0.00031613637,0.0005667873,0.0004811528,0.005939237,0.00043206476,0.000515163,0.00044039273
TTN,0.030541135,0.124809906,0.11393574,0.078675315,0.03863326,0.031330902,0.044686064,0.14669144,0.030343987,0.061397932,0.052127536,0.16689777,0.020521015,0.07175336,0.05161677,0.026853431,0.025956856,0.048699997,0.03819979,0.041747544,0.024492202,0.058675297,0.019235998,0.024712354,0.10717567,0.032052554,0.034058917,0.149416,0.04223365,0.027173547
PDE1A,0.0005309745,0.0006268345,0.0005838608,0.00075338094,0.0007392119,0.0006424915,0.00081472576,0.0009846833,0.00031646263,0.0009738719,0.0008624021,0.0010684299,0.00036759832,0.0008209047,0.0006872134,0.0004291764,0.00038724803,0.00046111288,0.0007342457,0.0007486305,0.00036720914,0.0005606479,0.06404029,0.00039931826,0.071953274,0.0006331099,0.00049823156,0.00066825445,0.00066533487,0.0005043075
TFPI,0.025468806,0.004354534,0.004256339,0.0049271313,0.0055938126,0.004471304,0.0058052232,0.0076008807,0.0025414135,0.006992171,0.0062677218,0.0074025546,0.0029958433,0.0058732545,0.0049255635,0.003439841,0.08795116,0.011201872,0.005491081,0.0050613214,0.0028729816,0.004354632,0.0027236703,0.096960805,0.005807255,0.0062897247,0.004801879,0.004735971,0.0044809226,0.023384375
SLC40A1,0.03832806,0.029077753,0.026907913,0.026916545,0.06412663,0.02764666,0.03407813,0.07587381,0.014314411,0.067856714,0.05385034,0.05221873,0.008657931,0.043627463,0.034788407,0.023120878,0.15108544,0.034763064,0.030858641,0.029425705,0.016734252,0.028542036,0.015906475,0.19808316,0.053385317,0.030676018,0.10755165,0.031832345,0.034303065,0.034291867
C2orf88,0.013073536,0.013688584,0.028785983,0.017336758,0.016575597,0.015869485,0.01837715,0.021738674,0.007852391,0.019593982,0.019828785,0.021698011,0.0073535973,0.01766395,0.016342504,0.009362431,0.0135157425,0.014229005,0.016699087,0.015664926,0.0077837957,0.013841555,0.022740444,0.30538276,0.022456676,0.013701717,0.014425657,0.0137627125,0.013708041,0.02399796
STAT1,0.037021182,0.058751255,0.057934225,0.07109784,0.081638746,0.06403621,0.09808918,0.12201163,0.047797874,0.10757907,0.10314188,0.12472704,0.0515699,0.088717274,0.08522903,0.036146447,0.033657536,0.04802006,0.080618784,0.08279918,0.046071548,0.06605123,0.029781967,0.050444935,0.09285185,0.04948507,0.051843323,0.09858445,0.06899327,0.058685955
NABP1,0.03715541,0.051633973,0.050628595,0.055351064,0.12635727,0.053092975,0.068281114,0.07986431,0.02142783,0.076104455,0.06547138,0.071372434,0.026720459,0.0754486,0.061637975,0.027316447,0.03310582,0.038742587,0.05904887,0.051145554,0.026506452,0.03516357,0.0312375,0.033452537,0.063200876,0.043711863,0.04483772,0.052389383,0.048644308,0.04120381
CAVIN2,0.010964461,0.014385051,0.015017967,0.016698163,0.02559194,0.014570894,0.016250012,0.023686958,0.007308037,0.020093111,0.017991435,0.023806525,0.008786414,0.0176698,0.01586417,0.008876737,0.025709862,0.0100267,0.016676089,0.016328964,0.00842437,0.013154018,0.007936822,0.3160144,0.021816278,0.010465846,0.0151320435,0.01573738,0.016477013,0.016403712
HSPD1,0.031028789,0.060546007,0.0571413,0.067725755,0.054030787,0.045720216,0.08853607,0.10717109,0.082204685,0.08163329,0.08654333,0.1285083,0.02930099,0.08399912,0.07404971,0.035219297,0.05335235,0.050387267,0.07476931,0.07022801,0.048579868,0.056518525,0.04064338,0.045856446,0.08520983,0.0491017,0.049850404,0.06350856,0.06624967,0.0372379
SPATS2L,0.14219695,0.020254444,0.017412912,0.02120767,0.039011512,0.037798744,0.033786546,0.02954908,0.03203311,0.03596261,0.041679725,0.036366895,0.03862741,0.026370823,0.034168925,0.013415642,0.019906111,0.03567228,0.07273989,0.02618193,0.03999753,0.025532216,0.011977205,0.012056124,0.03276328,0.11302095,0.08735865,0.019344307,0.03549102,0.028514432
SGO2,0.010905166,0.021228101,0.017680196,0.02404865,0.021391248,0.017554507,0.02487517,0.027565895,0.11768241,0.024555154,0.0242459,0.02672557,0.046275664,0.025006674,0.030385777,0.0080117425,0.033679347,0.01227261,0.02071341,0.025256129,0.0778934,0.019695884,0.012570356,0.011393437,0.02148314,0.01262174,0.0153191965,0.019659821,0.017868925,0.01409664
CDK15,0.00036689785,0.0005969982,0.0005232107,0.0006116839,0.0007566415,0.0005355928,0.0007178304,0.00090073457,0.00027341596,0.00078013155,0.00077509077,0.0008794122,0.00039383274,0.0007188532,0.00056411495,0.0003912033,0.0071411277,0.00050444785,0.0006886566,0.00058919773,0.0003810045,0.000569514,0.00029116854,0.00038700204,0.0007581013,0.00056992896,0.0005192189,0.0004388278,0.00053433905,0.00048095427
CD28,0.018830989,0.02667013,0.027909825,0.029803477,0.026660454,0.025849752,0.037701525,0.107778184,0.07526496,0.11465556,0.08788632,0.07437174,0.01665302,0.08156143,0.036705527,0.017770287,0.018359302,0.034021147,0.0801023,0.029742694,0.015731687,0.024053365,0.012229791,0.019215068,0.08952978,0.023680173,0.02126988,0.108753435,0.049908575,0.020423451
CTLA4,0.0136410445,0.023089407,0.01993302,0.019265564,0.022466952,0.01866946,0.107388586,0.060674276,0.14590706,0.12628971,0.10159927,0.048368335,0.06269284,0.05867085,0.03707113,0.028510472,0.01659933,0.025636313,0.02799261,0.020715207,0.020058125,0.019196479,0.011301703,0.01216583,0.20118913,0.01797287,0.024058145,0.10431382,0.026931424,0.015538163
ICOS,0.011162648,0.012832322,0.0127264215,0.013360238,0.014369716,0.013457987,0.04288385,0.07309899,0.064796016,0.06392558,0.064676344,0.037441984,0.015066578,0.03955503,0.026057193,0.010236933,0.010622217,0.02905014,0.020557579,0.017501999,0.012920042,0.013075862,0.010302644,0.00876678,0.056875467,0.012346739,0.013345338,0.038347013,0.019542096,0.011660386
LINC01857,0.011444221,0.27881825,0.0520671,0.13204983,0.0175557,0.012681849,0.017429136,0.022774542,0.0068932856,0.018180996,0.019677466,0.022839807,0.00919722,0.01829974,0.0151468115,0.009321299,0.010954589,0.010808934,0.015292879,0.018281393,0.007738434,0.01209598,0.0078059123,0.008747269,0.018103978,0.01832977,0.014611133,0.015097044,0.012797726,0.011053815
CRYGD,0.0009456495,0.0013003668,0.0012801178,0.0017333267,0.0014377728,0.0013189615,0.0016629912,0.002309514,0.00096314703,0.0020175858,0.001771151,0.0022441247,0.0007558975,0.0016043158,0.0014357811,0.0012565491,0.12517722,0.0010689237,0.0014607168,0.0014216966,0.000899329,0.0012565237,0.0008063684,0.00091949425,0.0018135933,0.0012830172,0.0012275307,0.001355268,0.0014386151,0.0010791357
IKZF2,0.04941945,0.08354766,0.06264616,0.08335708,0.066695906,0.059259117,0.07587687,0.09744691,0.04365683,0.10530076,0.103408225,0.12914026,0.058608692,0.09802778,0.20807071,0.043702796,0.0948117,0.20976464,0.26543748,0.15553015,0.090696946,0.14414993,0.041320052,0.048550732,0.32667166,0.05321221,0.05992407,0.24400882,0.34584692,0.053154968
FN1,0.0042324,0.006655993,0.0101972865,0.011322409,0.010715038,0.004451366,0.0062940363,0.023977716,0.0029009792,0.009868423,0.013410537,0.021931117,0.002863628,0.006145995,0.011536055,0.003854753,0.0036879468,0.0047521368,0.005540183,0.00509263,0.007632691,0.0046084104,0.0026389067,0.0036592737,0.007043822,0.030165138,0.0054728836,0.0044919406,0.007971635,0.008850835
GPBAR1,0.016517036,0.024575574,0.02124011,0.023955654,0.1152421,0.15976453,0.033561,0.038056456,0.011690884,0.034103714,0.0347906,0.038338177,0.010432887,0.029252855,0.02745387,0.023428068,0.015890673,0.016381985,0.027813992,0.026864199,0.016766913,0.0271315,0.011436293,0.02465336,0.031040138,0.022468941,0.048011452,0.021338448,0.029458907,0.025506288
SLC11A1,0.023392648,0.03240302,0.03096152,0.033780668,0.17474361,0.10446594,0.046344377,0.050695434,0.01535706,0.045725923,0.041135333,0.052711844,0.014109308,0.040612344,0.03682878,0.02903153,0.01882438,0.023925858,0.03654993,0.034849644,0.019872623,0.037706573,0.016803952,0.025156453,0.04269122,0.03291338,0.034409508,0.03388037,0.034565426,0.027031377
CYP27A1,0.014181669,0.025152856,0.02340982,0.030364355,0.1923956,0.024847854,0.025971277,0.043012794,0.016216189,0.032620013,0.034367453,0.035764668,0.010699044,0.029204119,0.026913648,0.01743264,0.020368846,0.016712936,0.024837824,0.026929243,0.015939236,0.019246353,0.011852651,0.022863502,0.035072103,0.02165148,0.024083503,0.024102286,0.02368469,0.017765865
TUBA4A,0.035689898,0.061204445,0.0643919,0.067966424,0.06766561,0.050081335,0.093470424,0.109159276,0.04347886,0.089642346,0.095175706,0.10470468,0.049294736,0.090497985,0.07427229,0.03353695,0.03833265,0.052940574,0.07691574,0.07989805,0.045253333,0.055344306,0.027680906,0.21581683,0.08776811,0.03592013,0.044380203,0.06396748,0.085133195,0.04005127
CHPF,0.014687724,0.016118664,0.015554159,0.015026397,0.015315095,0.014267536,0.048147835,0.031262964,0.018491924,0.04488,0.07378994,0.03342686,0.009262956,0.026237497,0.032058794,0.0104390625,0.01307387,0.011560987,0.026602713,0.04053043,0.05081958,0.037391167,0.16906904,0.019303126,0.025825541,0.025694221,0.013564317,0.029159326,0.029003728,0.13701826
SCG2,0.00029457547,0.00036722806,0.00032903007,0.00041370536,0.00039470027,0.0003422413,0.00045724027,0.00055926066,0.00019842568,0.00047136087,0.0004665319,0.0005081929,0.00024488883,0.00042993127,0.0004027002,0.00023211434,0.00025748828,0.00034166707,0.00041187738,0.00036641993,0.0017043508,0.0003336157,0.00020095144,0.00021310584,0.0004255154,0.00038224086,0.00033390624,0.0003107481,0.00035862206,0.00028430918
SCYGR4,0.0011325014,0.0012484674,0.0012715261,0.0013474376,0.0014111539,0.0012820507,0.0017044467,0.001919,0.0007457291,0.0017341279,0.0016566465,0.0019956923,0.0006720591,0.001572087,0.0018571022,0.00090532174,0.0008896807,0.0011103579,0.0016177766,0.0013107028,0.0007566602,0.0012192078,0.00063240377,0.029998887,0.0015297196,0.0014559511,0.0011118667,0.0012789208,0.0014096496,0.0009904765
CCL20,0.016887072,0.00907631,0.008946856,0.015873788,0.056325886,0.021779986,0.013009578,0.0145259,0.006274688,0.01857907,0.017689502,0.016768822,0.004757622,0.015331143,0.0137523515,0.006207317,0.00553171,0.006761712,0.019473732,0.010516428,0.005450746,0.010928323,0.0055159675,0.016763108,0.012007517,0.00931484,0.01521974,0.012901315,0.011961714,0.00896205
PID1,0.016854934,0.028247226,0.026318043,0.03312182,0.15515266,0.067832455,0.03621544,0.041994385,0.019406008,0.037924472,0.04069362,0.040282607,0.011684983,0.029463513,0.030175889,0.02042352,0.01996684,0.022114825,0.031705815,0.030572522,0.016728442,0.030146271,0.013872812,0.02406389,0.037489094,0.023301397,0.15114306,0.030262228,0.03525236,0.01778687
ITM2C,0.09834801,0.048828788,0.04153719,0.042331718,0.023904901,0.019612314,0.034497313,0.0446936,0.020413695,0.042934198,0.03848761,0.043289334,0.018767731,0.03546439,0.02383668,0.015074445,0.06680141,0.09333693,0.034426294,0.024531173,0.01159862,0.027549224,0.14324641,0.01655741,0.039763708,0.046608903,0.036746986,0.02689388,0.025178049,0.18567298
NPPC,0.037678767,0.00047057847,0.00046742143,0.00048182247,0.00053910597,0.00043456003,0.00058719784,0.0007417515,0.00031466433,0.00065959897,0.0005893916,0.01626228,0.00033681034,0.000607789,0.0005105631,0.00029409994,0.00032943604,0.00038354672,0.0005619333,0.000524708,0.00027407706,0.00041134396,0.00025227183,0.0003396983,0.0006700544,0.009976612,0.0054021166,0.0005038588,0.0004686418,0.00037679687
HJURP,0.004715173,0.006560943,0.006783502,0.008044128,0.0066877645,0.006710854,0.0077975527,0.010265785,0.1758258,0.008947253,0.0073717753,0.009499985,0.033146538,0.008161133,0.013039085,0.0035577926,0.0040471195,0.0038511765,0.012721398,0.007436131,0.11289843,0.0055741277,0.017317563,0.016568385,0.008119934,0.0057775658,0.0052790735,0.0062977155,0.006560285,0.0053079817
ACKR3,0.003947421,0.006354656,0.0062409337,0.008293394,0.029833578,0.011983508,0.021408338,0.0093843695,0.004461244,0.014701224,0.01357058,0.013877043,0.007199242,0.006766657,0.02067197,0.0035728365,0.0064827106,0.0069383783,0.037063718,0.009911173,0.0068420367,0.013257076,0.0029920428,0.0037200397,0.010525625,0.004450467,0.00957038,0.0049164332,0.017816074,0.006046599
GPR35,0.018618792,0.015721876,0.015735602,0.022339793,0.066218995,0.07794546,0.020672219,0.026828952,0.008910281,0.02519537,0.025811588,0.027252942,0.008468785,0.025017085,0.02135992,0.009922815,0.011078743,0.012460585,0.025970777,0.019884488,0.009698201,0.021741975,0.007544502,0.014490986,0.018879063,0.03296037,0.039520748,0.015092941,0.017870648,0.011280771
PASK,0.037997838,0.052080434,0.056120437,0.057968073,0.049794078,0.04271613,0.07697268,0.15480672,0.040218897,0.1894219,0.1150269,0.2762967,0.036091246,0.17403755,0.08346282,0.037475016,0.037881225,0.0382338,0.06371414,0.05305229,0.04762882,0.04625083,0.033254173,0.032787822,0.110860206,0.038942438,0.039240766,0.19391184,0.1085492,0.03781072
HDLBP,0.07194906,0.068095356,0.0696869,0.08112642,0.11314849,0.08941787,0.10067437,0.13155082,0.059254244,0.11293541,0.10649333,0.1354167,0.06976651,0.09169405,0.09119131,0.050497364,0.050862666,0.06626019,0.09262412,0.087461315,0.054219168,0.06969494,0.08990791,0.0522044,0.10886874,0.049833085,0.06978533,0.07670234,0.089874245,0.08228331
DTYMK,0.034125395,0.05248792,0.04187197,0.057372533,0.050513763,0.050379664,0.061458956,0.07043381,0.12960932,0.07361768,0.07394832,0.079667285,0.049964104,0.059171192,0.06268204,0.027212277,0.03520079,0.03705093,0.057142355,0.064924404,0.11040377,0.049370475,0.026560014,0.029760722,0.072649404,0.03048013,0.042623434,0.05866967,0.05433452,0.042158667
PDCD1,0.009132358,0.01035481,0.009952803,0.012674126,0.011741775,0.010976062,0.044179518,0.01852686,0.015609275,0.050303467,0.07540563,0.025566379,0.038182486,0.015889086,0.04247184,0.020056603,0.0076286686,0.0067354296,0.05926636,0.012629945,0.015139445,0.011257797,0.0053871684,0.0073714578,0.015373517,0.017585857,0.011099779,0.025612548,0.04702051,0.007798981
BHLHE40,0.059072476,0.03232013,0.031538427,0.041317996,0.062263723,0.04029159,0.07432758,0.05666458,0.024787122,0.07277234,0.08781861,0.06299294,0.035836995,0.04456537,0.06262914,0.022215301,0.022915,0.05261273,0.1009333,0.087542616,0.03969713,0.12604178,0.019893875,0.025395643,0.045906745,0.03438156,0.053261273,0.029828375,0.05209341,0.049349442
EDEM1,0.04358946,0.05329078,0.05860167,0.0686418,0.056633934,0.04959145,0.06389731,0.09390037,0.036671065,0.08307657,0.08894772,0.08701407,0.029025827,0.057602838,0.05618895,0.028909052,0.032295972,0.072291784,0.068138614,0.058196083,0.029044496,0.041927416,0.08593075,0.03560124,0.07443936,0.06855369,0.049570203,0.06747919,0.05683483,0.05644375
CAMK1,0.037587207,0.030720333,0.033104155,0.032108016,0.113301225,0.19703119,0.03831367,0.045399286,0.027130473,0.04318025,0.041803453,0.053193837,0.015737168,0.040700257,0.040037118,0.021727096,0.021603541,0.06143503,0.03372922,0.042430617,0.031160342,0.035541646,0.019251717,0.03503749,0.041510627,0.02563412,0.08940033,0.026562884,0.030014163,0.029402975
TMEM40,0.00604751,0.0056879325,0.0058886614,0.0065343855,0.009511289,0.0066507095,0.0075073796,0.010415129,0.003412865,0.00976024,0.007648701,0.010586006,0.0033529883,0.008265038,0.006530636,0.0034540873,0.0041122516,0.0053284424,0.007611514,0.006790098,0.0034088914,0.0061471867,0.0036715413,0.13467547,0.008503535,0.0059161363,0.0061318735,0.0069392426,0.005949175,0.008279732
ANKRD28,0.03044401,0.036480967,0.042593844,0.04400009,0.05117491,0.026331961,0.06607994,0.06211662,0.023094315,0.0637276,0.06314504,0.054287154,0.03279395,0.05650372,0.042035177,0.024104875,0.18070553,0.052146733,0.050483763,0.045274045,0.030260708,0.0450086,0.0371343,0.057519656,0.054401506,0.030732935,0.038503554,0.05506762,0.03700816,0.032035533
SGO1,0.020275164,0.03445614,0.04737844,0.053248163,0.013698776,0.013274215,0.026226312,0.024260376,0.21310368,0.02033818,0.016625965,0.021909056,0.023808144,0.021637361,0.014777975,0.007756057,0.02448368,0.012899885,0.014370382,0.014810381,0.17311524,0.010562767,0.027998922,0.016660834,0.01962078,0.02853378,0.0159185,0.016370704,0.0119394725,0.02563888
ZNF385D,0.0038695626,0.01073368,0.006405203,0.007305907,0.0060424847,0.007089465,0.0057727336,0.008377965,0.0025576998,0.007222812,0.007556643,0.024438513,0.0028840965,0.0055031134,0.005407029,0.003195842,0.11787227,0.0039362195,0.004717586,0.0052870777,0.00267017,0.004014415,0.004371121,0.029683104,0.004858154,0.0039263163,0.0034222042,0.004020649,0.009100798,0.0043960684
CMC1,0.040148687,0.067400865,0.06988492,0.074062444,0.070639275,0.057935912,0.13278474,0.114620954,0.023575474,0.10959512,0.118315674,0.11301201,0.04526474,0.09278241,0.17573887,0.048167635,0.03545037,0.058044907,0.13525766,0.23106241,0.10375996,0.27319092,0.027438527,0.05403051,0.103395045,0.03456536,0.043916505,0.07952006,0.11138261,0.05013599
OSBPL10,0.016443562,0.13288876,0.12051205,0.0971066,0.021037688,0.0171108,0.023084503,0.032398455,0.01137586,0.035211038,0.033867184,0.034279834,0.009727955,0.028163103,0.019456536,0.0148322685,0.012467971,0.014806297,0.024311557,0.020121638,0.01054063,0.022817524,0.033637177,0.011429818,0.027678985,0.025526859,0.015975276,0.017401176,0.024667459,0.014094647
CCR4,0.009417039,0.009077115,0.011031616,0.010867664,0.011714754,0.009066244,0.015150957,0.019264478,0.008653717,0.0848022,0.037601113,0.017348059,0.0056372085,0.08670692,0.013833639,0.007349222,0.0075887847,0.020165352,0.012539301,0.010316801,0.0069657885,0.014250703,0.006536617,0.020150315,0.048274335,0.010128457,0.008479769,0.009338675,0.025475264,0.011788772
ARPP21,0.0010478044,0.0014040099,0.0024440065,0.0014410802,0.0015766628,0.001348441,0.001686985,0.0022874514,0.0007781517,0.001848936,0.0017199477,0.0022357656,0.0008579803,0.0017261192,0.0016328482,0.00083344954,0.0008934732,0.0011332235,0.0016437136,0.0014861409,0.0008529313,0.0013545139,0.0006957425,0.00093145366,0.0018667879,0.001254955,0.0012321505,0.0013116271,0.0014242376,0.06251211
CTDSPL,0.009641615,0.011273235,0.012945736,0.011915474,0.025629336,0.012965969,0.015557709,0.020629292,0.0066003595,0.017657302,0.016501313,0.01917264,0.006362097,0.016014094,0.013993527,0.011014788,0.04223411,0.010162958,0.013409821,0.011667098,0.008157775,0.012077243,0.005566546,0.159511,0.014561101,0.00962627,0.015231343,0.00970803,0.013590614,0.010812712
CX3CR1,0.03517093,0.02806253,0.029513298,0.032706518,0.047797672,0.095350005,0.087878905,0.048748393,0.016138425,0.043534458,0.04224207,0.04996936,0.04380373,0.034845278,0.06296647,0.023520024,0.020335324,0.026630398,0.032637957,0.105094746,0.049331237,0.030400328,0.015547347,0.022062788,0.040166765,0.029358748,0.029937724,0.03497635,0.062810466,0.022092905
AC099329.1,0.0006637756,0.0007998739,0.000877776,0.00088261167,0.0011084286,0.0008057979,0.0010953224,0.0012910761,0.0004914659,0.0011745396,0.0010690149,0.0013204019,0.00057307817,0.0010715447,0.00095477124,0.00063296815,0.00059895776,0.0007066651,0.0009868252,0.00090261217,0.00057167833,0.00088032125,0.00042856895,0.014076481,0.0011516989,0.0008730711,0.0008349501,0.00086157705,0.00091051724,0.0006483364
KIF15,0.005273552,0.011551592,0.0066703632,0.013328692,0.00907604,0.00838442,0.0076573654,0.010717767,0.1644487,0.009631864,0.008629075,0.01081476,0.08503724,0.01045424,0.008995517,0.0051652165,0.022641055,0.005410759,0.010346807,0.0090963775,0.15140946,0.006002947,0.020479536,0.006158176,0.007959567,0.0057981503,0.006739174,0.007954293,0.008538235,0.006295765
TMEM158,0.002755042,0.0038239856,0.0041926564,0.0045728106,0.008226078,0.0037633318,0.005278769,0.006569906,0.0022849885,0.0061854743,0.006959983,0.006011096,0.0019183402,0.0049368683,0.004571127,0.0026203492,0.0026654426,0.003242802,0.0047632717,0.0041195075,0.0020436381,0.005575056,0.0023908531,0.10687452,0.008609384,0.0027469995,0.0052151107,0.004209515,0.0038730446,0.004343719
CCR9,0.0064457012,0.007201038,0.006853776,0.008083587,0.008200333,0.0071914135,0.009657529,0.038744602,0.023864323,0.02272771,0.1298291,0.01191269,0.004525917,0.054482423,0.0076325224,0.0052438197,0.022884997,0.0056633377,0.008421366,0.007843724,0.0050271424,0.0068759155,0.017025456,0.005193669,0.021443041,0.027246878,0.0064368006,0.038667765,0.008982128,0.0057196775
XCR1,0.0023458733,0.0029443735,0.0029910083,0.0031469548,0.003160657,0.0024913277,0.0034433387,0.0044073537,0.001504363,0.0040171547,0.0035818452,0.004438645,0.0015900488,0.003332513,0.002949297,0.0019721007,0.0019350834,0.0022070054,0.0032550571,0.002880779,0.001701727,0.0025636083,0.0046052374,0.0020580613,0.0040467777,0.3428347,0.0029645648,0.0027925915,0.003030998,0.002411938
CCR1,0.034229714,0.028475575,0.029616088,0.030414712,0.1567943,0.070436165,0.043784104,0.04041432,0.020586446,0.04217413,0.039589968,0.04278524,0.017574416,0.03301323,0.035354674,0.022392672,0.019480912,0.022443272,0.056366663,0.033625614,0.019217914,0.054177817,0.015562526,0.024888959,0.03700252,0.022206178,0.04210093,0.02855469,0.035778247,0.03835031
CCR2,0.024539927,0.017274648,0.017633364,0.017979411,0.08072986,0.01592627,0.020841204,0.02803688,0.014048196,0.028948588,0.041179404,0.02689836,0.011332476,0.021028463,0.02031573,0.012846174,0.012195951,0.011632397,0.04522712,0.020576498,0.009926516,0.014809082,0.017590448,0.011665195,0.025775878,0.012093055,0.059572387,0.018416813,0.022281848,0.07146246
CCR5,0.036043562,0.009447188,0.010296062,0.010021887,0.01781411,0.013026984,0.059161987,0.014754464,0.045736518,0.017630525,0.05702336,0.015889445,0.022426367,0.011116029,0.018428955,0.00655891,0.0064785294,0.005804795,0.06346094,0.014093002,0.0078626815,0.025221655,0.006174995,0.0065683313,0.012609956,0.019236121,0.030885275,0.019198872,0.02488321,0.022253724
PRSS42,0.0003361958,0.0052942997,0.00041466978,0.0005017089,0.00054082606,0.00044754954,0.0005825444,0.0006823215,0.00025903672,0.00066906924,0.00058509083,0.00079553475,0.00024925586,0.00053708354,0.00050151243,0.02877624,0.00026607423,0.00036251498,0.0005765485,0.00050870085,0.0002780713,0.00048014274,0.0002599139,0.0002927581,0.000608828,0.0003882969,0.00044674816,0.00044576937,0.00047309557,0.00032084165
GMPPB,0.011239046,0.02229368,0.02047904,0.019830652,0.024229141,0.02193384,0.028953174,0.027019909,0.030737726,0.03221254,0.030073022,0.031636443,0.017866539,0.025193429,0.02653487,0.009545589,0.011442315,0.027623938,0.03247885,0.029288324,0.024446363,0.03255673,0.057693433,0.008906983,0.02367917,0.018422466,0.01657948,0.018898685,0.031011483,0.040314417
INKA1,0.0038958823,0.015527323,0.025410961,0.01135684,0.007044353,0.0088517135,0.006842741,0.010066121,0.0032572928,0.010248776,0.0077706994,0.014760874,0.0030671242,0.006833106,0.009058018,0.0038904678,0.09730644,0.0039059012,0.0062125097,0.0062964787,0.0032071096,0.0046070754,0.00369695,0.080618426,0.0075459513,0.007149508,0.005640025,0.0061803767,0.006030968,0.010873219
MANF,0.058084287,0.050293308,0.049919542,0.06277029,0.058863923,0.04399921,0.08125781,0.101363994,0.048309736,0.092501454,0.083327174,0.09398668,0.05613195,0.08828482,0.077624545,0.026300516,0.03439431,0.049343072,0.09993616,0.09458476,0.052628156,0.06785028,0.13785264,0.038531426,0.08296852,0.038238697,0.054574203,0.0722406,0.07601937,0.074613325
NT5DC2,0.070159405,0.013603883,0.017227683,0.015915653,0.033085387,0.01773719,0.020471077,0.03356063,0.057755142,0.023201361,0.018987002,0.03915462,0.042612024,0.025687432,0.017438311,0.0146183595,0.077648796,0.037642803,0.025502501,0.015780486,0.037596915,0.0135555165,0.18401228,0.009026191,0.027906537,0.05604541,0.06271453,0.016644344,0.015424599,0.026330784
SPCS1,0.043666895,0.044553343,0.038834345,0.05053554,0.039513353,0.03008051,0.05975564,0.07472363,0.016982548,0.06455298,0.061523177,0.06360345,0.027447939,0.052465703,0.05160988,0.036295433,0.024074364,0.04559724,0.05659933,0.0611897,0.02440774,0.037588112,0.059587162,0.044117387,0.07363812,0.023983836,0.03801824,0.052140906,0.049576532,0.08488453
TKT,0.019739512,0.042249817,0.044598855,0.06070528,0.12634182,0.09593415,0.058517627,0.084045894,0.013761766,0.063046366,0.06722926,0.09039857,0.029148698,0.06354018,0.059373926,0.03711628,0.044840936,0.04001866,0.062506355,0.06326663,0.027595785,0.040639013,0.019139593,0.05291165,0.067762904,0.031346325,0.05974818,0.06718759,0.06773804,0.028625553
CACNA2D3,0.073682435,0.018466,0.017593084,0.021428889,0.089848846,0.020343926,0.02865681,0.030560374,0.011120581,0.027486451,0.024849901,0.0333052,0.009962664,0.025424697,0.053179163,0.011232336,0.020055024,0.014634635,0.024261197,0.025993349,0.0112689175,0.017041398,0.011000002,0.014796798,0.028144997,0.049200572,0.22377948,0.020301355,0.01831659,0.036898714
WNT5A-AS1,0.00038391046,0.0005563485,0.0005428268,0.00062102574,0.0008971567,0.004432668,0.00067101273,0.00089820183,0.00035165425,0.000735174,0.000719142,0.00091912015,0.0002788008,0.0005955294,0.00063576107,0.00044491034,0.0003748913,0.0005158367,0.0006171078,0.00064531,0.00032066906,0.00052268803,0.00031611323,0.0003980694,0.000755143,0.00068484334,0.008018767,0.000565145,0.00058858807,0.00040729617
ARF4,0.036564026,0.04527893,0.047355276,0.05068093,0.074622475,0.049344577,0.07445799,0.086609066,0.025613317,0.07901397,0.065620534,0.09193929,0.02333431,0.0735112,0.05891227,0.02885436,0.030559279,0.045991506,0.06419273,0.06497273,0.036999233,0.053488113,0.059521154,0.04706534,0.06510065,0.036959887,0.037459884,0.04488489,0.058164652,0.063320085
DNASE1L3,0.117318764,0.01801744,0.009222247,0.023620177,0.008479022,0.007848828,0.010658381,0.017897753,0.005515007,0.012136478,0.010353958,0.015611235,0.0034322492,0.013748957,0.009200428,0.0058455085,0.0052317013,0.0061876816,0.009776139,0.009096885,0.0064700125,0.00711802,0.0045262994,0.0056157755,0.010538474,0.2709345,0.014039062,0.009193782,0.01053875,0.19301376
FRMD4B,0.047364503,0.033931762,0.038557865,0.039524265,0.11542649,0.044840276,0.06393713,0.069416255,0.03561605,0.08660533,0.11433249,0.06349318,0.05778821,0.06486025,0.059286155,0.031921774,0.08634661,0.042222362,0.08373314,0.054727644,0.02603228,0.04447566,0.020342447,0.14557119,0.0485346,0.04118976,0.085642494,0.0342304,0.046860956,0.07386953
PDZRN3,0.0004149273,0.00052055344,0.0005150546,0.00052774325,0.00055009895,0.00049326627,0.00067122316,0.0007335262,0.00034791898,0.00067029684,0.00054047327,0.000724371,0.00029834063,0.0005630009,0.0005498057,0.0004038425,0.00037961637,0.00036115616,0.00053285074,0.0005508848,0.00027669137,0.00046089015,0.00024254712,0.0003590015,0.0006372334,0.0005439395,0.00046032624,0.00048576607,0.0005278362,0.014148707
HTR1F,0.001259744,0.0021587147,0.0018963229,0.002116994,0.0029158061,0.0021407204,0.0029078966,0.003454606,0.0008933751,0.0030007926,0.0025067548,0.0031791236,0.00093711977,0.002563202,0.0026562284,0.0013667885,0.13315184,0.0027102688,0.0022840502,0.0024126712,0.0012302763,0.002314426,0.0011128256,0.0014012046,0.0025739209,0.0019596624,0.0020307775,0.0020746444,0.0020804775,0.0019096181
PROS1,0.0036999278,0.0050804294,0.005015401,0.0055330773,0.007868519,0.0061179367,0.0065186927,0.008354899,0.0027272843,0.0072432244,0.0071093477,0.009134977,0.0031631864,0.006633433,0.0056165396,0.003375088,0.0034317933,0.0029657972,0.0056963856,0.0057164445,0.003320645,0.004588333,0.0030664008,0.13556615,0.0064199874,0.005901255,0.004909684,0.00497291,0.0065370062,0.003942842
MTRNR2L12,0.04126711,0.047328636,0.045732293,0.0651221,0.056257058,0.0382091,0.055263255,0.07316928,0.03645709,0.06003581,0.057551663,0.078324504,0.029937036,0.04759059,0.06015716,0.02694949,0.02114176,0.050003573,0.046830893,0.055188563,0.028951852,0.05028444,0.018761426,0.057899088,0.04408334,0.0376884,0.041706346,0.034065086,0.06822994,0.03274521
AC110491.3,0.00021846496,0.00036216696,0.00035165454,0.00038674104,0.00047338128,0.00036644805,0.0005064414,0.0012358415,0.00020291466,0.00053591444,0.0004663161,0.011125008,0.00020674351,0.00047276053,0.00039649726,0.00025195334,0.00024010314,0.00028536163,0.00041334587,0.0015351387,0.00020113816,0.00041723406,0.00022081893,0.00020623214,0.0004944342,0.00037573167,0.00034435952,0.00039360547,0.00038645722,0.00029795425
CLDND1,0.06866174,0.07206641,0.08811893,0.10234982,0.096208386,0.07148578,0.1320205,0.13759704,0.09146616,0.15273176,0.1694907,0.18766259,0.09764321,0.19403617,0.1319936,0.043883033,0.045279365,0.079933375,0.14687848,0.12633274,0.06618689,0.13133942,0.05467041,0.06276936,0.14201488,0.064986765,0.056819916,0.15724367,0.10386521,0.05646127
FILIP1L,0.0043516527,0.021325616,0.0054389434,0.006721326,0.012043992,0.024310851,0.0075418428,0.012711031,0.0085469885,0.011079343,0.0114145335,0.0094524175,0.0029751263,0.008664627,0.010216547,0.0034923856,0.009746485,0.0042226496,0.00639573,0.0073101716,0.0033729384,0.005484116,0.0037106578,0.0035875945,0.02589833,0.009302843,0.042602338,0.005902978,0.0096983565,0.00687925
NFKBIZ,0.049008895,0.06263409,0.066493474,0.08204593,0.18352585,0.1434757,0.09249494,0.12098684,0.024527522,0.106832586,0.10605563,0.112630405,0.038585868,0.08372019,0.076294,0.04597988,0.044015147,0.047681432,0.08808109,0.08466674,0.039024454,0.07094599,0.040295042,0.07787211,0.100368,0.061493445,0.07223165,0.07355346,0.07635397,0.058323402
ALCAM,0.14441288,0.06579276,0.062638655,0.04363854,0.06098957,0.03750099,0.03204346,0.046376187,0.024993474,0.05305789,0.05838014,0.045076344,0.019329445,0.043272838,0.033196084,0.018466223,0.053038135,0.023030864,0.035442647,0.02947446,0.021414053,0.030967945,0.03726888,0.022275437,0.045312766,0.05238736,0.122689866,0.07476185,0.033511948,0.12395981
CIP2A,0.0083465725,0.025156032,0.014199084,0.026790451,0.023635197,0.028974976,0.024776217,0.033630434,0.09639701,0.01944077,0.015304667,0.02493768,0.02308441,0.04055571,0.025306571,0.008003762,0.01619486,0.011267821,0.016266476,0.017049907,0.082299694,0.0134641295,0.024382658,0.0066744187,0.016526464,0.011263243,0.014957847,0.020653062,0.010407104,0.015962353
MORC1,0.00083173194,0.00077229546,0.0008366319,0.0009181586,0.000991063,0.0009294801,0.0011189439,0.0013704548,0.0004794768,0.0013114219,0.00107092,0.0014426408,0.00041847362,0.001015174,0.00095518184,0.0005291385,0.0007071621,0.00063678867,0.0009291643,0.0009482506,0.00055967836,0.00083605724,0.00052779214,0.025935432,0.0011933573,0.00069944764,0.0007649069,0.000786628,0.00085354235,0.003240413
DPPA4,0.004769527,0.0076983953,0.0057575563,0.02723651,0.006472783,0.0058750887,0.007860339,0.015716711,0.0036601918,0.00874276,0.007884851,0.014500942,0.0048093474,0.0076224995,0.0071188835,0.0047157374,0.11578404,0.040071372,0.0063977973,0.0071333316,0.0052033556,0.015682753,0.003352203,0.0042286003,0.00756208,0.0054681045,0.004851807,0.005905828,0.008170687,0.07963837
BTLA,0.024783375,0.05843999,0.05424002,0.12557314,0.017383423,0.0152802905,0.022212548,0.037991382,0.022658225,0.037386127,0.02882121,0.04488642,0.008625446,0.032027405,0.02056466,0.0069160773,0.011291227,0.009455124,0.018366244,0.015135643,0.010882368,0.013438373,0.04095178,0.01502392,0.035242442,0.10114873,0.018479552,0.014315855,0.019719716,0.03442831
TIGIT,0.039334018,0.057401657,0.06017857,0.06182293,0.057633657,0.042836715,0.08566477,0.09106587,0.06189498,0.121280015,0.09347205,0.100428455,0.07391622,0.115720786,0.16887921,0.038325123,0.036610626,0.031892084,0.06586384,0.16436373,0.09021527,0.076432355,0.027281234,0.033079553,0.2939214,0.05000251,0.04693563,0.25159544,0.14379172,0.04386732
GAP43,0.0006247158,0.0007594293,0.000749142,0.00094678125,0.00095815747,0.00074000144,0.0010491627,0.003944579,0.0005167754,0.0011938398,0.000969729,0.0011886605,0.00042611966,0.0010021771,0.0008812949,0.00047416962,0.00065538025,0.00076640485,0.0009927403,0.00082679145,0.00046538576,0.00072090846,0.00045988563,0.00049599266,0.0011065356,0.00068611046,0.0007271425,0.0008810326,0.00071666576,0.0006781033
UPK1B,0.0002644206,0.00032070783,0.00029778542,0.0003466031,0.0010476352,0.004552654,0.04791072,0.00052498025,0.00016224328,0.015191709,0.00040697257,0.0004958653,0.00015479822,0.00036475915,0.00033358007,0.00020014479,0.00023418186,0.0002959652,0.00035597204,0.0003099121,0.00020743643,0.00029158065,0.00015809658,0.00020386338,0.00039134812,0.00024521892,0.00026998675,0.00028909097,0.010617012,0.00021931157
CD80,0.0040121516,0.020454854,0.04380689,0.0052301935,0.016126288,0.017289344,0.0059896302,0.007589422,0.0030410965,0.008685974,0.006125931,0.007724331,0.0028528776,0.004783423,0.0047079003,0.0036722727,0.003555369,0.003432105,0.0053218505,0.0052943877,0.003107163,0.004174504,0.007155491,0.0031546908,0.009294569,0.007959478,0.006953911,0.0056013013,0.004503559,0.0036511347
AC073352.2,0.02125694,0.010027066,0.009139153,0.014245284,0.06344931,0.026699083,0.0122984,0.01597469,0.006456603,0.016328735,0.013048553,0.014828028,0.004697282,0.0112778405,0.010387372,0.006729731,0.007466181,0.008751633,0.010013394,0.011171002,0.007929904,0.008108486,0.0057953373,0.006310004,0.016282165,0.013172375,0.012251173,0.009843603,0.008804846,0.0082870275
HGD,0.0045345663,0.005227988,0.004476654,0.0056527737,0.006739386,0.0050784657,0.0066415085,0.010450021,0.0036086882,0.008881991,0.006947271,0.010456837,0.008135921,0.007282691,0.0052985125,0.00457524,0.0041898116,0.0045516943,0.006173377,0.0055731726,0.003154042,0.004300818,0.002912109,0.12941217,0.0069406573,0.004201473,0.0048385207,0.0050252415,0.009169191,0.0036679292
POLQ,0.0065770145,0.007711793,0.009391357,0.029421316,0.009780797,0.007831437,0.025802165,0.01574719,0.10685444,0.016722849,0.009751214,0.018004958,0.08489938,0.019405708,0.010137211,0.006756364,0.009710231,0.0058309366,0.010224098,0.010481208,0.16823989,0.006682848,0.03308802,0.0061841626,0.013334458,0.011049705,0.013914934,0.008568421,0.009303491,0.009324172
EAF2,0.07061045,0.118779644,0.093307495,0.15388107,0.060598332,0.074554086,0.050366424,0.06603783,0.019805685,0.05569459,0.04958651,0.06665509,0.021456152,0.05554558,0.039961196,0.030202052,0.04283676,0.03894673,0.047678765,0.04271363,0.024493251,0.03676828,0.1261734,0.03057201,0.049531974,0.028523766,0.057106894,0.031633087,0.0333599,0.060988218
CD86,0.04489563,0.039848454,0.07166903,0.04679075,0.11082715,0.12248364,0.039440706,0.055231925,0.016446503,0.045987017,0.042314094,0.05438713,0.016911365,0.041703712,0.037911065,0.019814024,0.020367399,0.023126287,0.041453492,0.033556126,0.019146249,0.031904705,0.020540114,0.023468897,0.04541925,0.11283922,0.10814831,0.036204822,0.03310632,0.03439432
CSTA,0.034144185,0.031535204,0.034581196,0.039461683,0.14079784,0.07803206,0.04628426,0.054938633,0.02164539,0.050991543,0.054091796,0.059676293,0.019078825,0.042661842,0.03958624,0.026801076,0.028399741,0.025126487,0.04144621,0.041226413,0.02299914,0.03365002,0.019667571,0.02889876,0.053871483,0.031353343,0.090947814,0.044832822,0.040449973,0.027522206
MYLK,0.027951473,0.0104564475,0.009691921,0.010310848,0.0140156625,0.01092189,0.012934211,0.017597286,0.005943256,0.01593426,0.013674252,0.017749092,0.0055390275,0.01738618,0.011119699,0.009122631,0.008775376,0.011064061,0.011049784,0.011390631,0.0059446623,0.009486275,0.0057319193,0.18598403,0.013190734,0.042059135,0.0136501575,0.009316254,0.011179356,0.014753005
ITGB5,0.0053395038,0.0028761548,0.0030882682,0.0031154505,0.004611076,0.0031466444,0.004748962,0.004707097,0.0015856342,0.004327015,0.0036024544,0.0049645384,0.0010896252,0.0038176551,0.0030690772,0.002358944,0.0022844377,0.0025640572,0.003291391,0.0029712073,0.0016645234,0.0031961463,0.0020512957,0.063702226,0.0035744421,0.0067537962,0.0039724447,0.0026805229,0.0031195697,0.002333908
SLC12A8,0.0009471408,0.022822723,0.0036946149,0.0017484506,0.0021536192,0.0027652427,0.0019393936,0.002392528,0.00081910274,0.0022545045,0.0021133847,0.002615364,0.0008302916,0.0017628785,0.0017112561,0.010515412,0.0011473134,0.0012774767,0.0019019499,0.0074199247,0.013320241,0.0015483545,0.0018148712,0.0010757183,0.0022339062,0.0012657768,0.0051335893,0.0014943781,0.0015752289,0.0014201532
MCM2,0.0122398725,0.017304689,0.012953998,0.024617892,0.012675822,0.0096957395,0.02361648,0.023256963,0.10892484,0.020189384,0.01438552,0.022757258,0.12187835,0.013220846,0.014302051,0.007978508,0.060601857,0.012788756,0.02427216,0.018711928,0.13821477,0.012982459,0.018536331,0.01398087,0.023009652,0.024318323,0.013016305,0.01387663,0.016148286,0.010561066
MGLL,0.062968634,0.019369159,0.023843024,0.020100847,0.034473218,0.077206284,0.02263485,0.025256611,0.00932692,0.023144877,0.02603695,0.026422916,0.008842636,0.021525031,0.018637996,0.011254756,0.0653689,0.014126911,0.019118562,0.016695708,0.009725322,0.016743071,0.031374525,0.1420396,0.023648094,0.039746072,0.025475726,0.01645278,0.018186193,0.049359452
GATA2,0.003575076,0.004157444,0.005228271,0.004622597,0.005381651,0.004907314,0.0069366614,0.008495465,0.0033067565,0.0066589303,0.006125868,0.007720604,0.0026401763,0.0060478915,0.0046101073,0.0033550046,0.19952983,0.0034397808,0.0051958547,0.00438109,0.0029298025,0.0037581497,0.0030256496,0.03260698,0.0062180157,0.0035021,0.0039283205,0.0048655383,0.0038348087,0.0035856685
RPN1,0.05967378,0.039704602,0.044654068,0.05466806,0.07119665,0.054633737,0.07082872,0.07819477,0.041896325,0.078383945,0.07809035,0.06864977,0.046728708,0.07678998,0.0646712,0.026961243,0.03284449,0.042168267,0.062166337,0.059072305,0.04853008,0.046656962,0.06889405,0.028622784,0.059229102,0.03210155,0.038837265,0.048654407,0.05689717,0.059850845
GP9,0.0063800514,0.008589124,0.008197552,0.010230507,0.012262006,0.009359685,0.012236265,0.014685352,0.00470145,0.0128558,0.011704226,0.01493446,0.0052801766,0.010086332,0.010266794,0.0070951297,0.0061568483,0.0064753015,0.010958423,0.010453705,0.004623202,0.008049829,0.0047439504,0.22268608,0.011192806,0.007374841,0.0085481815,0.012886888,0.011242275,0.006299893
H1FX,0.059677124,0.07757493,0.089724734,0.09063664,0.096219726,0.05679236,0.10579789,0.12875314,0.040039662,0.098337926,0.10087893,0.11185079,0.026272358,0.09502092,0.077827916,0.052307665,0.060879566,0.064277604,0.11511485,0.08260955,0.048504196,0.07163555,0.032566622,0.07471458,0.10321633,0.04023793,0.044255517,0.079174206,0.06851901,0.07167399
SRPRB,0.032389324,0.033976078,0.040374625,0.044278502,0.04443388,0.035149764,0.079280846,0.07713763,0.024848873,0.071494944,0.0631038,0.07015577,0.056782186,0.06840498,0.059015315,0.024673758,0.041736897,0.03514514,0.06896385,0.053999208,0.040582456,0.047149535,0.072142564,0.020502947,0.05764829,0.03555402,0.04531195,0.036459476,0.056913447,0.043898895
EPHB1,0.07331634,0.005252854,0.0068362276,0.005934365,0.005196904,0.005017533,0.0057425257,0.008182563,0.008187464,0.008074804,0.0068373946,0.007801089,0.0024621126,0.0063190977,0.0058664386,0.0025502862,0.0038596424,0.0036365525,0.0064173928,0.0052249264,0.0031386486,0.003994671,0.003000849,0.003254576,0.006759511,0.0066865943,0.0044522784,0.005351419,0.0065348847,0.2157688
CHST2,0.02436219,0.03162854,0.034607112,0.03426957,0.03956396,0.089011654,0.034499466,0.046593543,0.02059491,0.037173707,0.033868104,0.05096401,0.024007954,0.03318902,0.038295593,0.017101523,0.01674101,0.017854879,0.030057212,0.12548773,0.07210454,0.078119464,0.021762768,0.025165102,0.044202555,0.043772884,0.032328382,0.039251104,0.036981393,0.023009542
PLSCR1,0.061742865,0.053873822,0.056376237,0.07069327,0.15676579,0.1122259,0.0708803,0.09076746,0.03822086,0.08419984,0.08491557,0.09403783,0.034452494,0.08162918,0.07525936,0.03409228,0.050879333,0.058821578,0.075075366,0.08336422,0.046306655,0.070632055,0.023171296,0.04328512,0.077385314,0.060126953,0.1151008,0.067514494,0.07155418,0.053573094
CPA3,0.0017451699,0.002144149,0.0021044877,0.0026345295,0.0026376601,0.0019059252,0.0029459582,0.003770821,0.0012836044,0.002917702,0.0029729414,0.0039660637,0.0012841097,0.002955523,0.002476071,0.0013866301,0.20052764,0.0014871071,0.00271896,0.0022345237,0.0012155063,0.0022019504,0.0013522757,0.0015557309,0.0027893055,0.0021102882,0.0019763466,0.002577352,0.0023781273,0.0019238935
TM4SF1,0.0013533307,0.0019062654,0.0020510738,0.0019738788,0.0021967,0.0018827898,0.002728452,0.002937862,0.0009524997,0.0026212474,0.0024357243,0.0031049447,0.0008809728,0.0023662252,0.0021820962,0.0012997861,0.109978795,0.0014941215,0.0021505621,0.0020032243,0.0012209631,0.0017994421,0.0010506946,0.027179904,0.0023302503,0.0018566126,0.0018771209,0.0018866109,0.0019265735,0.014523268
MINDY4B,0.017843276,0.00080699014,0.0006861258,0.0007689806,0.00090007525,0.00069146906,0.00093439827,0.001277928,0.00050251954,0.0011733248,0.0010972563,0.0012298031,0.00045491132,0.0009080365,0.00092819455,0.00043572747,0.0005866093,0.0006653455,0.0010109857,0.00089925964,0.0004729284,0.0007216242,0.0004286913,0.0005396445,0.0010004798,0.00065230305,0.00078168616,0.0006744613,0.0006638597,0.015292984
MED12L,0.22736427,0.0066908817,0.006342178,0.0115064215,0.008576242,0.0073126163,0.008660557,0.012533896,0.012805994,0.011707041,0.0125437295,0.012459964,0.0049959067,0.008970768,0.009015819,0.0055309017,0.21918577,0.0064867786,0.012253893,0.008409216,0.012470218,0.007642982,0.004527232,0.018719416,0.0141703505,0.0070777615,0.030388668,0.008810525,0.008653737,0.035684306
P2RY14,0.07517664,0.012827587,0.022681318,0.06403192,0.01343558,0.011113513,0.014412256,0.018736256,0.007922221,0.018945947,0.020390179,0.017833827,0.006384194,0.014964486,0.01222215,0.0081566665,0.014750823,0.030686442,0.038444936,0.014285248,0.0057055885,0.027875682,0.006882761,0.008729162,0.017862346,0.13029073,0.036759544,0.012578691,0.013449549,0.15998183
P2RY13,0.025024062,0.026200293,0.02708096,0.026833866,0.119631924,0.111319266,0.0412117,0.03767116,0.015801491,0.03670042,0.03739117,0.037881825,0.012671991,0.035506576,0.032688607,0.021679457,0.02150244,0.023295753,0.029839877,0.027879981,0.0136244055,0.022266034,0.017715601,0.024706509,0.03480641,0.027229996,0.065960094,0.025914868,0.029856894,0.021402126
IGSF10,0.19032054,0.006005019,0.0057489285,0.0068024658,0.006467175,0.0054313103,0.007144291,0.008337065,0.0036483456,0.00795358,0.007249327,0.008884613,0.003023412,0.0203163,0.0076795584,0.0042448766,0.13640371,0.043396536,0.014356022,0.008747259,0.008046246,0.016433507,0.0040556155,0.025586717,0.010150489,0.005020553,0.026218876,0.0059435316,0.0054710843,0.040450785
SUCNR1,0.029986827,0.0028019324,0.0027608478,0.0028895338,0.0045619346,0.01803394,0.003929163,0.0047178417,0.0018400262,0.0038499085,0.004150905,0.0050120847,0.0018712481,0.0040117884,0.0032986992,0.0023485054,0.008702569,0.0022614785,0.0033110068,0.002964411,0.0017334634,0.002511067,0.0015167423,0.028972803,0.0037462204,0.0026195021,0.004600038,0.0032600174,0.003275774,0.019773634
P2RY1,0.0027976653,0.0034985829,0.0035437963,0.004020709,0.006631579,0.020581553,0.007288416,0.0056134677,0.0023798018,0.0048021874,0.004298857,0.0051310095,0.0018362736,0.004821891,0.0037835941,0.0029501433,0.024751168,0.044586763,0.0040076333,0.004289465,0.0021490545,0.0057521574,0.0018707749,0.042981785,0.0048745815,0.0060599977,0.007738671,0.0037815704,0.0037731947,0.017896222
MME,0.0015282641,0.005312839,0.0043938076,0.01338182,0.0054500806,0.002503517,0.0032854113,0.003761134,0.0014428132,0.004120758,0.0029264444,0.0039349073,0.0069428496,0.00314051,0.0030005528,0.0018534086,0.021646045,0.0029170758,0.0029591287,0.0025787419,0.0013516193,0.002346134,0.0011857596,0.0016490197,0.003068588,0.0023656557,0.0021347345,0.0022863965,0.005994264,0.016690452
SSR3,0.08526604,0.06982945,0.07111936,0.0741463,0.09335646,0.068838924,0.11802712,0.11994903,0.05353826,0.114925556,0.104185335,0.12784016,0.043403517,0.10971651,0.08650109,0.038341183,0.039570868,0.060405973,0.09678478,0.088737175,0.039101362,0.07176993,0.13256279,0.055243615,0.10412896,0.049279932,0.052827556,0.07589255,0.077532955,0.10249617
TIPARP,0.034487233,0.031062879,0.030411381,0.03733334,0.05820729,0.03679767,0.07424961,0.05517362,0.028367117,0.07041449,0.09745203,0.061092623,0.027403234,0.06644887,0.0558315,0.024598263,0.02953059,0.08062177,0.08245569,0.070031725,0.025443487,0.05850704,0.017194461,0.022954943,0.040389575,0.035068993,0.052158143,0.05784239,0.05899447,0.030059043
PTX3,0.0072945687,0.011042306,0.009099761,0.012607595,0.06819799,0.026127497,0.014723787,0.015010221,0.0047065956,0.014502792,0.014501782,0.01758711,0.006268725,0.013870917,0.012703715,0.013011271,0.011936079,0.010639653,0.011107923,0.013610755,0.0070171077,0.010265047,0.006010195,0.007145833,0.0135187,0.010400774,0.013239492,0.011406485,0.011215355,0.0075894087
SCHIP1,0.008847068,0.0011349784,0.0011575845,0.0012219767,0.001136465,0.0010765146,0.0014485056,0.001904495,0.0006254214,0.0015614162,0.0013322819,0.0018759414,0.0006258186,0.001350943,0.0013019339,0.00089895196,0.03347629,0.00079936447,0.0013284037,0.0017131044,0.0024985769,0.0010441579,0.0006369126,0.0006970567,0.0013109117,0.001064317,0.0010269978,0.0011716362,0.0012219287,0.004167001
C3orf80,0.0018178948,0.0018876832,0.0018620219,0.0022322016,0.0020942076,0.0018027567,0.0024884867,0.003240726,0.0013483576,0.0027113245,0.0025727549,0.0057998523,0.0012431206,0.002444231,0.002061132,0.0016519518,0.11111482,0.0016304746,0.0025388086,0.0022681556,0.0012170277,0.0016857508,0.0017563008,0.0036955187,0.002553424,0.0020783946,0.0017845826,0.0021770545,0.0021545375,0.0013208818
SMC4,0.05631453,0.060251195,0.07331834,0.070665754,0.07095706,0.06808548,0.116799,0.112992406,0.1964647,0.10347726,0.08621792,0.092399076,0.11952262,0.0939292,0.09020021,0.0342312,0.07007207,0.06606278,0.06812461,0.08053323,0.19021349,0.06430713,0.0759632,0.040077485,0.08283883,0.04302504,0.056634154,0.079864204,0.11463685,0.066808686
SPTSSB,0.011439235,0.011393641,0.011256241,0.01294534,0.01319491,0.013414379,0.015282502,0.020080455,0.0054976842,0.018097226,0.03209261,0.023844361,0.0067318683,0.014324141,0.013895163,0.008841444,0.00904908,0.010157781,0.028928727,0.03859138,0.015527149,0.32578278,0.010379833,0.00820107,0.014207297,0.010993739,0.012086447,0.010573486,0.02170376,0.008421207
SKIL,0.034403972,0.04488299,0.038491808,0.053343244,0.06899521,0.078220755,0.04461593,0.055936445,0.019003471,0.045882445,0.044271734,0.060176753,0.024035454,0.04468425,0.04795693,0.018849134,0.02402516,0.046381332,0.04806766,0.04615138,0.028183766,0.05936883,0.021253074,0.038425636,0.041407567,0.02953621,0.05472652,0.030027345,0.036188617,0.034530044
RPL22L1,0.05035412,0.071442455,0.072947025,0.09332481,0.06256862,0.04349356,0.093218245,0.11291539,0.03973769,0.08800967,0.08149141,0.11227156,0.0408955,0.08722452,0.078245714,0.038943164,0.054670967,0.058114156,0.08751466,0.06968434,0.036170717,0.065356545,0.05319611,0.05229777,0.08718604,0.03043546,0.038248368,0.06918761,0.07865137,0.069879316
FNDC3B,0.039902724,0.042783618,0.0441065,0.053007737,0.12601401,0.05870793,0.09009171,0.08317661,0.032806795,0.08532604,0.0793414,0.075315386,0.053072654,0.07993737,0.076904185,0.03050975,0.04096807,0.049343906,0.063804716,0.12053733,0.056882136,0.055324666,0.081611015,0.04554632,0.08174131,0.037562445,0.053019807,0.049317546,0.057976905,0.03903838
TNFSF10,0.041163065,0.08066747,0.0842826,0.08194033,0.176282,0.19780199,0.11164049,0.14621514,0.04091715,0.13219626,0.13690671,0.11297966,0.024582298,0.1175877,0.08723251,0.05482934,0.05258254,0.08890407,0.09373745,0.09484141,0.054704204,0.09050494,0.039472632,0.06284886,0.116622075,0.05908221,0.07790889,0.10048104,0.09756672,0.066128604
ECT2,0.02184318,0.010762968,0.013455633,0.011191567,0.022594858,0.012623883,0.014654711,0.014629334,0.10293792,0.01759795,0.024340551,0.019853683,0.01693957,0.014898045,0.017326128,0.005820282,0.017756397,0.012840871,0.010424562,0.022025732,0.07701806,0.032152325,0.026064618,0.0062700026,0.018720241,0.018468926,0.016195739,0.026194824,0.032854922,0.017492065
LINC01206,0.00048721794,0.00044331537,0.00044184088,0.0046662847,0.000453439,0.00040122037,0.00057378423,0.00071289926,0.00028960448,0.0006273718,0.00057694427,0.000746053,0.00033325687,0.00058152294,0.00050823065,0.0002803334,0.0003188651,0.0002831176,0.0005171318,0.00048474825,0.0002607781,0.00043474487,0.00031068784,0.00029237132,0.00050586066,0.00042037363,0.00038419035,0.00040800226,0.00047346545,0.00036637954
LAMP3,0.0013458988,0.0016407575,0.0016690949,0.0020661065,0.0020146652,0.002191806,0.0025180655,0.00608156,0.015970264,0.027337814,0.007595333,0.013519532,0.0013098472,0.0040038023,0.0020074188,0.0016151972,0.0013490327,0.0017425242,0.0022906985,0.0019655193,0.0011071616,0.001559254,0.0010245271,0.0012433911,0.0061196247,0.034968548,0.001819192,0.001641528,0.0024604262,0.0014206137
C3orf70,0.00043462208,0.00044887137,0.00049750454,0.0005582353,0.00056607043,0.00049406226,0.00067002245,0.0007820593,0.00035446507,0.00071017095,0.0006866774,0.0008111398,0.00021247854,0.0006465127,0.00052576174,0.00031616428,0.00037565664,0.00045506438,0.00056259,0.00055425416,0.0003755303,0.00052965444,0.00029561363,0.0003403494,0.0007088702,0.00046678487,0.0004363892,0.0005299614,0.00049124844,0.00043326168
DNAJB11,0.046941247,0.04551034,0.041516792,0.045785904,0.0672495,0.043001648,0.061496943,0.06192829,0.023774043,0.06235675,0.06157553,0.064359404,0.061240733,0.054481428,0.05260098,0.021609385,0.03338527,0.03336933,0.062457807,0.070286036,0.04361017,0.0579362,0.09063798,0.02244615,0.056224443,0.046851568,0.06588052,0.04141706,0.06012637,0.055926014
RFC4,0.017243734,0.030189482,0.040857717,0.040344235,0.024767922,0.019661672,0.036624204,0.046775594,0.07621015,0.04596613,0.042532787,0.048058443,0.09341199,0.03161461,0.041210312,0.01568276,0.029720776,0.012305013,0.023986138,0.039299585,0.073703885,0.027993642,0.0149398185,0.014964237,0.037956256,0.020196928,0.018229265,0.0446552,0.041940812,0.027404355
RPL39L,0.009474878,0.024081117,0.016541036,0.016515158,0.01320673,0.015935797,0.03272907,0.016025193,0.049306404,0.022603568,0.020656368,0.013374848,0.04401887,0.019798199,0.020915188,0.006048185,0.014976482,0.008509827,0.014999719,0.03126623,0.05922738,0.01683005,0.012097412,0.0068864324,0.015097267,0.010912337,0.0193898,0.014527113,0.024565034,0.009868652
BCL6,0.03304496,0.030663626,0.027788207,0.040641066,0.115360565,0.062228974,0.046712153,0.046255875,0.017248742,0.04262597,0.044415824,0.050284076,0.02025957,0.034148127,0.04149449,0.016817909,0.020179337,0.029234765,0.037301075,0.039856557,0.021306725,0.03298853,0.017558884,0.02103805,0.042653404,0.10060855,0.05497559,0.029160554,0.03115175,0.021765402
TP63,0.0013869002,0.0022699719,0.005103096,0.0017632946,0.0018220524,0.0041421987,0.0021138801,0.0024715965,0.004780919,0.006703658,0.0020074903,0.0025114939,0.00094145746,0.0019077912,0.0024274534,0.0011653434,0.0010683504,0.0016235678,0.0035454864,0.0016903707,0.0012740116,0.0017482411,0.012444583,0.0011293071,0.00193746,0.0015007778,0.0013811337,0.004627569,0.0018024832,0.0014127865
CCDC50,0.14790304,0.1327788,0.08669083,0.07505402,0.052757498,0.041462827,0.06263506,0.05723226,0.021577379,0.056342524,0.05877039,0.059123613,0.02119964,0.047602,0.047703553,0.024974085,0.024717081,0.03938315,0.04692953,0.045229297,0.029644344,0.041899014,0.03025507,0.030814901,0.053624924,0.033810746,0.057624,0.038082495,0.044207044,0.25729483
HES1,0.005548308,0.052425094,0.010007117,0.017890241,0.015415124,0.08985642,0.008773092,0.013440427,0.00929588,0.011973946,0.009153006,0.011763151,0.004753973,0.009142645,0.007757382,0.0048725856,0.008039737,0.0054026176,0.007925037,0.011637807,0.0063547655,0.0067863525,0.007136892,0.010615424,0.014052304,0.009219247,0.013733553,0.0073546423,0.007709519,0.015415042
APOD,0.00054834754,0.00062466477,0.00059232896,0.0006838797,0.0007175452,0.0005302529,0.000790446,0.0010830448,0.00032027444,0.0008719565,0.0008125153,0.0010362597,0.000345,0.0008649951,0.0006289716,0.0003648803,0.00048985955,0.0005225684,0.00076075585,0.0006437454,0.0003228044,0.0005655264,0.00033618388,0.00041712998,0.0008250237,0.0005196045,0.0005734351,0.00061241834,0.00058607117,0.00046350103
TFRC,0.07620114,0.051498376,0.065960936,0.045238506,0.070752576,0.065267734,0.0607766,0.06734679,0.023913011,0.06936013,0.053814955,0.06905607,0.031421244,0.0652736,0.052288692,0.02845101,0.075308286,0.050974682,0.039454583,0.041949775,0.03669711,0.03335404,0.051305447,0.018848244,0.0555208,0.06574046,0.03817104,0.049914096,0.042168424,0.07298301
DLG1-AS1,0.0005927896,0.00086143316,0.0008315125,0.00089257554,0.00085881253,0.0006744495,0.0010897752,0.0013170453,0.00062972103,0.0012780188,0.0010010258,0.0012891105,0.0004879566,0.0010260614,0.00089196255,0.00059017085,0.0006853918,0.00056776055,0.00093273196,0.064834535,0.03053467,0.0008015451,0.00055230793,0.0005803831,0.0011818617,0.00067967316,0.0006969949,0.00090558664,0.03148056,0.0006744463
SPON2,0.03311259,0.049305532,0.04962275,0.053051617,0.05812518,0.048405107,0.13713787,0.0868238,0.04055218,0.07581227,0.08087833,0.08931766,0.07266001,0.07139548,0.12853943,0.035986964,0.032816574,0.043461345,0.06238499,0.41821367,0.14684601,0.06908826,0.023409009,0.043297835,0.07699959,0.044617437,0.04862954,0.06162558,0.11554604,0.04428635
SLBP,0.06167043,0.0666921,0.087590255,0.09197253,0.08894661,0.06822355,0.11308831,0.12834525,0.10438299,0.12675795,0.10906502,0.12039103,0.14120804,0.10869712,0.098738804,0.053294998,0.06707876,0.047671176,0.08991694,0.10177278,0.16390462,0.08156662,0.0384227,0.059359435,0.090140246,0.05911251,0.07009853,0.08621982,0.08215953,0.06862584
NSD2,0.04833583,0.03237594,0.048453078,0.04838003,0.045715757,0.042708945,0.054753155,0.070232466,0.1070618,0.078743555,0.04821356,0.069449306,0.07528111,0.06675892,0.05196338,0.023885088,0.054847077,0.041048206,0.056234527,0.048512563,0.117850944,0.0343862,0.038389362,0.025772972,0.056413542,0.05931014,0.047551226,0.03929318,0.050102867,0.0340221
CYTL1,0.002968754,0.0054089953,0.0037492858,0.004281305,0.004679743,0.0039219214,0.004220227,0.008189608,0.0022304687,0.0052103815,0.005256446,0.0057160724,0.0015252493,0.0060228524,0.0046371873,0.0024220992,0.1721571,0.0029009013,0.0048324526,0.013616357,0.00934107,0.013413014,0.0018131813,0.002563098,0.0055852905,0.004686005,0.003469842,0.0036647953,0.0034896692,0.0030986355
CLNK,0.019879285,0.023750117,0.06313413,0.019843921,0.012805309,0.0122029325,0.01484227,0.019523552,0.0076979585,0.023511397,0.014692548,0.017985018,0.0059088184,0.016203428,0.01285091,0.0096355835,0.04016387,0.0369085,0.015156302,0.012179686,0.006874151,0.1117821,0.010000591,0.00799706,0.054756455,0.6329372,0.019289704,0.010254688,0.012102821,0.0191523
AC116651.1,0.0012142557,0.001332497,0.0012508288,0.0014329964,0.014359712,0.0015868794,0.0016877416,0.0019492031,0.0007875736,0.0019396311,0.0017025926,0.0022011318,0.0008318177,0.0016764199,0.003444684,0.0011779481,0.0009477346,0.0010563954,0.0015895539,0.0053623333,0.0007249042,0.0011689506,0.00077332265,0.00094820134,0.0017576105,0.0011524683,0.0017165444,0.0014145136,0.0014813765,0.0009783068
BST1,0.018216101,0.026453614,0.02710072,0.02808975,0.1970836,0.063515455,0.035110485,0.0390508,0.019012455,0.038166475,0.036858216,0.041889988,0.013925943,0.029790167,0.026851702,0.02843014,0.03192563,0.024957703,0.0323286,0.030939443,0.016760614,0.024205932,0.015009774,0.023979437,0.038299147,0.030757172,0.043778453,0.030828195,0.027896777,0.027072618
CD38,0.079284295,0.035110574,0.04391336,0.064713165,0.039076526,0.03327647,0.04071812,0.06271324,0.07235913,0.044126455,0.040812943,0.0580875,0.028036013,0.041289277,0.040529966,0.023497282,0.040639948,0.028386224,0.03732974,0.14292903,0.103295065,0.08100695,0.17681965,0.024986744,0.039987236,0.09070664,0.053986713,0.07264336,0.047217876,0.04197895
FGFBP2,0.060788672,0.075468734,0.07622832,0.08066603,0.07835138,0.07667904,0.37962452,0.12036384,0.03830558,0.1150524,0.09830537,0.13560985,0.08892327,0.09852238,0.22597477,0.044243,0.04561945,0.058162153,0.083684854,0.37368456,0.1318768,0.081131235,0.036451742,0.05844338,0.096820176,0.074191205,0.063716166,0.09514092,0.17196502,0.05758407
PROM1,0.0014661141,0.0017527131,0.0018401075,0.0021284223,0.0021223854,0.0017596597,0.0023948422,0.00300008,0.0012565872,0.0025396661,0.0023178596,0.0035891552,0.0012102092,0.0023668979,0.0020145006,0.0010855498,0.14938816,0.0012717507,0.0023948292,0.0019603139,0.0010914892,0.0016959512,0.000988912,0.0013103432,0.0024192126,0.0017567668,0.0015551173,0.001940942,0.0021414103,0.0015016706
LAP3,0.037763055,0.0460276,0.04084097,0.045695808,0.08924951,0.06111506,0.05516815,0.06305766,0.020001313,0.06095252,0.058362328,0.06764839,0.036967345,0.054397255,0.043609828,0.02417566,0.030054716,0.042326536,0.04752982,0.057116374,0.031119779,0.045274828,0.022795323,0.03500981,0.053699676,0.061596047,0.06802689,0.04380114,0.054780893,0.06206882
NCAPG,0.008710464,0.021352736,0.022957195,0.013998098,0.013385574,0.014106746,0.016835567,0.017468998,0.45720783,0.017490279,0.024041144,0.019404374,0.0608839,0.015654752,0.015029764,0.0076205013,0.023740163,0.008192922,0.014543234,0.015116577,0.3305108,0.017286703,0.06752201,0.0076165386,0.01360501,0.008755439,0.008381469,0.014555127,0.011459629,0.009647016
SEL1L3,0.09239299,0.073040016,0.09959297,0.106448404,0.029970272,0.024698094,0.059097048,0.0489609,0.017412886,0.0446707,0.046307467,0.049222566,0.025194976,0.042712163,0.045899615,0.019017156,0.020561172,0.022498552,0.03839762,0.03374303,0.016036093,0.025122289,0.05989858,0.022723837,0.04859016,0.032731324,0.028366355,0.033510774,0.041785516,0.09747492
TLR10,0.014870427,0.08309196,0.09800869,0.06468275,0.013456909,0.012187233,0.013154291,0.014924017,0.005546108,0.015113006,0.012582064,0.013723199,0.0056773485,0.014639319,0.011048989,0.0065999134,0.0071672606,0.009005613,0.011084142,0.01150282,0.006457269,0.010490442,0.008086529,0.007120032,0.012571921,0.047081254,0.020373885,0.0099599995,0.011273816,0.021563116
TMEM156,0.060715843,0.0974288,0.14083746,0.13736676,0.040474556,0.035204217,0.074818455,0.06979878,0.036316924,0.09484742,0.0662167,0.08061995,0.03547114,0.059780132,0.05756419,0.02900583,0.039085608,0.038007334,0.058991216,0.054816384,0.024905164,0.043582164,0.070778646,0.026001891,0.077766575,0.056783766,0.048145313,0.071703136,0.046888843,0.04501507
RBM47,0.06126999,0.040553443,0.035148382,0.031001816,0.13095096,0.06472965,0.03251536,0.049428403,0.018030813,0.037662495,0.031249313,0.042704582,0.024710827,0.033113647,0.028123897,0.025803695,0.019963583,0.021213433,0.030658793,0.03317431,0.015093005,0.024457728,0.040341407,0.021829732,0.03661579,0.04910375,0.07162651,0.027790949,0.026501305,0.075197525
UCHL1,0.0015124234,0.0016817373,0.001728529,0.0021209342,0.0019025701,0.0014715759,0.0020407543,0.002891421,0.0036378435,0.002206413,0.0022235492,0.0027230135,0.0012407294,0.002333968,0.0018532462,0.0012417145,0.0486419,0.0015230277,0.0020864818,0.0019463912,0.0009493925,0.0017492771,0.02343029,0.004494114,0.0021789037,0.001719653,0.0013109988,0.0018183393,0.0017373025,0.001327307
LIMCH1,0.002521671,0.0019587323,0.0023078213,0.0027118034,0.0062104114,0.0023851595,0.0028651727,0.0037377663,0.0012575868,0.0031594092,0.0029890044,0.004611416,0.0015910807,0.0033112273,0.0024664446,0.0016911638,0.032610342,0.0019404199,0.0023479166,0.0023606168,0.0014754994,0.0022851017,0.0014152492,0.0014856346,0.002943874,0.009919605,0.036004525,0.0025932288,0.0023229641,0.0019465301
SLC10A4,0.0002438085,0.00029007177,0.00030801242,0.00035253237,0.00038619523,0.00032060515,0.00039536005,0.052217435,0.00021619916,0.00044847035,0.00047267345,0.0619927,0.0001338762,0.00039288768,0.0003458123,0.00021994021,0.0018574684,0.00028715044,0.00032120067,0.00034118662,0.00021123693,0.00033456305,0.0001900801,0.00022779196,0.00041942106,0.00023350651,0.0003360825,0.00028097635,0.0002957897,0.00025711564
PDGFRA,0.0011901156,0.0021460531,0.0021383953,0.0024271344,0.003919803,0.0021722126,0.0027497583,0.0034159916,0.0014286013,0.0028448543,0.003476433,0.003377149,0.0011896229,0.00276231,0.0024977846,0.001521241,0.0016097667,0.0021361131,0.0027509767,0.0023095857,0.0010507478,0.0018976631,0.0011807272,0.07658738,0.0027010317,0.0021604588,0.0021393786,0.0023866657,0.0023451345,0.0014982958
KIT,0.06758867,0.007672529,0.007857369,0.008656761,0.008568378,0.008993874,0.010410812,0.014310214,0.0054064994,0.019686926,0.017957648,0.011871826,0.004042148,0.009796648,0.00893642,0.005631124,0.14111516,0.30592117,0.03849666,0.010660822,0.0054412098,0.16215768,0.004628514,0.004932381,0.011435756,0.05270248,0.02460804,0.007741184,0.007505955,0.0061907796
EXOC1L,0.00077165617,0.000911101,0.0008314514,0.0009561946,0.0010949216,0.0008652941,0.0012806146,0.0013987843,0.00045908155,0.0013332049,0.001130452,0.0015110723,0.00043138547,0.0011335692,0.00097553676,0.0005194498,0.0005228618,0.00078125246,0.0010011364,0.0011203509,0.00060425216,0.00094163197,0.0004733408,0.00052395865,0.0012051652,0.00087188784,0.0007916116,0.00087492046,0.0009907571,0.0007077372
HOPX,0.04642108,0.059249934,0.0666151,0.06671893,0.06910388,0.062090006,0.19497696,0.10638555,0.04178922,0.10420012,0.12496322,0.11499795,0.07614097,0.09953948,0.12512925,0.039892245,0.050510745,0.10813468,0.124892816,0.23073992,0.10739719,0.18028818,0.034272783,0.05077118,0.0898453,0.057660576,0.057517376,0.06618271,0.1341835,0.046983536
SPINK2,0.0108911395,0.018353805,0.02717646,0.030277034,0.018401833,0.017730014,0.02816179,0.055844102,0.011408068,0.040493935,0.03839992,0.11782418,0.009982881,0.06375458,0.022986058,0.01302247,0.2834496,0.1817063,0.019836817,0.020467363,0.014524472,0.106390074,0.01444524,0.0127222845,0.037081085,0.031251486,0.018433932,0.03990175,0.021916192,0.01231059
IGFBP7,0.05056744,0.026206203,0.028023662,0.030343378,0.050433397,0.03929625,0.0337638,0.04655237,0.016978119,0.041065004,0.036766946,0.046629857,0.019749388,0.038159665,0.0361403,0.02080606,0.0887102,0.037893206,0.03395627,0.16431133,0.12528594,0.09274997,0.018080428,0.026282694,0.034562256,0.0844069,0.059105325,0.02908909,0.033983562,0.022879181
TMPRSS11E,0.0011285321,0.0013602276,0.0015561505,0.0042854105,0.0016049246,0.0011829111,0.0016745602,0.002309362,0.0007823993,0.001947908,0.0017566793,0.005309371,0.0008773944,0.05064003,0.0014702219,0.0008959576,0.0010639734,0.12716109,0.0066463505,0.0015020624,0.0008265204,0.0022052468,0.003238415,0.0009667136,0.001636811,0.0015199186,0.0012680145,0.0013927931,0.0015963437,0.0012680719
UGT2B17,0.001917388,0.0041007386,0.011180577,0.037955854,0.0028233465,0.0024963345,0.0033634454,0.0038040928,0.0017186481,0.0034358015,0.0032404736,0.0043527144,0.0013323859,0.003376075,0.0033851252,0.0021355296,0.002130105,0.002198573,0.0026664748,0.002968138,0.0014167904,0.002428109,0.021804202,0.0017026656,0.0032607075,0.0022469587,0.0022821915,0.0025138527,0.002730071,0.0019692914
ENAM,0.0016177762,0.0017732164,0.0014868429,0.0054942765,0.0016677461,0.0014265665,0.0022036766,0.002763254,0.0007445328,0.002753154,0.00217609,0.0027155434,0.001061183,0.002182636,0.0017008639,0.001114384,0.0012799217,0.001312821,0.011238978,0.0018721627,0.0010363818,0.0014821796,0.050769374,0.0011219877,0.0021668256,0.0016198966,0.0015605793,0.0018229459,0.00170817,0.051186193
JCHAIN,0.05552295,0.09984022,0.11088519,0.07105333,0.031076636,0.02654207,0.04333613,0.05088472,0.016843537,0.042741086,0.040530633,0.053459316,0.017453946,0.042497642,0.036166932,0.02184239,0.024512526,0.03330729,0.03799491,0.03315192,0.017663589,0.032718923,0.32929385,0.025954472,0.045016013,0.023319151,0.028508006,0.03500341,0.032368224,0.25255182
RASSF6,0.004764625,0.012575413,0.108581215,0.0101644425,0.00768772,0.0072379247,0.009110177,0.010601374,0.004751346,0.01256911,0.016662143,0.01254494,0.0035315205,0.00823011,0.007829326,0.004696883,0.024625871,0.0052600503,0.008222102,0.011475611,0.0050114933,0.006423125,0.009153708,0.0063672937,0.01658551,0.0070660757,0.0064017903,0.008726543,0.009795601,0.0048954524
CXCL8,0.027846202,0.033722516,0.030672844,0.03654736,0.15794973,0.04022137,0.04382802,0.052426517,0.015625967,0.047252737,0.047557577,0.047380082,0.016739044,0.03567398,0.03737492,0.029509004,0.023150783,0.023833636,0.03985947,0.040980544,0.020961558,0.0364124,0.01598278,0.03903253,0.04434079,0.030522672,0.0522829,0.032410603,0.036949478,0.023065494
PF4V1,0.0014202076,0.0020901754,0.0018011526,0.002180324,0.0029025902,0.0023243867,0.0023640918,0.0030161946,0.0010818763,0.0025863335,0.0026358436,0.003282285,0.0013200323,0.0024589663,0.0020790708,0.0009769776,0.0013727046,0.0014823885,0.00213508,0.0021796185,0.001092172,0.0018693089,0.0012154389,0.05063333,0.0028424393,0.0019707815,0.0018107926,0.0022059623,0.00279307,0.0025516232
CXCL1,0.0016443803,0.001809737,0.0018609869,0.002197302,0.005301588,0.0024756577,0.0038678104,0.003065924,0.0011132744,0.0026542633,0.0050045135,0.00314958,0.0015250016,0.0028430978,0.0039706547,0.0026965463,0.0013604445,0.0013940054,0.0029927406,0.0022564624,0.0012751259,0.0017271942,0.0010382681,0.0045852796,0.0025878942,0.0057454607,0.001804417,0.0021115516,0.0022472832,0.001700608
PF4,0.016094884,0.018699093,0.018433642,0.022300432,0.027809324,0.021552907,0.025509384,0.03031949,0.009052902,0.024936464,0.022161776,0.029900296,0.009963553,0.02188006,0.022252548,0.010869589,0.011986756,0.012562475,0.022813918,0.021699026,0.01094913,0.018374793,0.007686731,0.3208891,0.022693912,0.017160961,0.016817559,0.0200876,0.01792966,0.017269159
PPBP,0.018040564,0.0242609,0.02845752,0.02881259,0.041918077,0.030178294,0.038053907,0.03747411,0.00988427,0.035389293,0.040753044,0.041495267,0.0115577215,0.029787313,0.03225202,0.018178213,0.015356381,0.016781481,0.02942036,0.030257557,0.013929907,0.025872698,0.0148367,0.46108758,0.03499228,0.019124279,0.023899244,0.035233013,0.028092602,0.024182126
CXCL5,0.0043481593,0.0055837375,0.0051911455,0.006087994,0.007911078,0.0055829124,0.012847072,0.009554297,0.0038314145,0.008367462,0.007921113,0.0098803025,0.0034236833,0.0064105294,0.0069741593,0.0036589685,0.0041174656,0.004237481,0.0063808104,0.006139371,0.004007304,0.0052908435,0.0034019486,0.15107083,0.009017982,0.0052804127,0.00491204,0.0062537193,0.005216217,0.0040066307
CXCL3,0.008173842,0.012172554,0.009694247,0.015256265,0.08203253,0.027083313,0.016480925,0.023729866,0.006477986,0.019797739,0.014319848,0.018702608,0.005982223,0.016676484,0.012926804,0.008746155,0.02747871,0.00983525,0.012779526,0.017419716,0.010512291,0.012519047,0.005362373,0.05187153,0.018154114,0.007933721,0.022491451,0.008926886,0.011971831,0.009279677
CXCL2,0.013218974,0.018561283,0.016160848,0.019919926,0.0975342,0.027401445,0.019401142,0.022231145,0.008343138,0.019005684,0.020955207,0.028735364,0.009958612,0.019969694,0.016655605,0.010913304,0.020045439,0.013005783,0.017431356,0.019765798,0.0082406495,0.016423296,0.008040647,0.018793045,0.022263693,0.012812081,0.026755784,0.017818894,0.01647273,0.013831148
EREG,0.014451225,0.011864874,0.011629507,0.012200432,0.06225262,0.0143313445,0.014778166,0.018173132,0.0054932674,0.017306542,0.017549243,0.021802988,0.005604137,0.016241826,0.01348633,0.012844639,0.051801585,0.009721448,0.01232724,0.013174727,0.006973542,0.010557747,0.006477147,0.009121683,0.015010461,0.009705768,0.041857664,0.010793731,0.012699179,0.009517329
AREG,0.07251262,0.039481442,0.035347853,0.048168544,0.03834122,0.023602251,0.030876227,0.045419283,0.015201552,0.05068377,0.043559622,0.044156633,0.01068003,0.046759337,0.039577875,0.016613241,0.02330673,0.13178918,0.058848176,0.07456688,0.045000944,0.21346824,0.014142873,0.0164782,0.030454326,0.022946646,0.08882533,0.025416957,0.040458716,0.03846255
NAAA,0.038097914,0.0624814,0.06305946,0.066320345,0.100638464,0.18540432,0.07818084,0.11120899,0.029048935,0.09793996,0.09900403,0.10792715,0.028708683,0.07731751,0.07648222,0.046971984,0.038438093,0.043450363,0.07560613,0.0711023,0.041662633,0.053795826,0.026983747,0.041382514,0.11105751,0.096437484,0.06149629,0.0832758,0.069908604,0.045003913
CXCL9,0.00096326356,0.00097051705,0.0010853346,0.0011308929,0.014906854,0.072945006,0.0013935987,0.0017405968,0.00076843397,0.0015568208,0.0014295218,0.0018498806,0.00058873236,0.0013131653,0.001156451,0.0007876318,0.00078377523,0.0009176399,0.0012421589,0.0011609329,0.00063351315,0.0009797931,0.00066232006,0.00080358854,0.0016541369,0.056155868,0.02764107,0.0011016617,0.0010148461,0.00086855434
CXCL10,0.0022134786,0.0038278585,0.0070377374,0.004127049,0.01113379,0.02598262,0.0054041464,0.008394508,0.0021723402,0.005316335,0.005585444,0.007580966,0.013043589,0.005495791,0.0077077933,0.0026067363,0.004727773,0.0027622236,0.004960827,0.008472378,0.0020588276,0.003571989,0.002116936,0.0026444388,0.005695568,0.008144097,0.005284154,0.0045336746,0.004326709,0.0031229078
CXCL11,0.00034518685,0.00037864686,0.0031519777,0.00049163715,0.0036055902,0.004868818,0.00045849808,0.0005962807,0.00022954757,0.00052455795,0.00049937126,0.00065624533,0.00024748512,0.0005516981,0.0003906091,0.0003072734,0.00029808533,0.00031535473,0.00047375908,0.00042485172,0.0002500609,0.0003347747,0.00025343592,0.00028006543,0.00053894107,0.00042067916,0.023344414,0.00038032702,0.0003504895,0.00031445117
SCARB2,0.052942663,0.04879361,0.04753803,0.054463856,0.10915312,0.09418331,0.07739281,0.092382886,0.029963218,0.07750201,0.07144442,0.07824327,0.030374201,0.06957107,0.05191834,0.033300586,0.04953773,0.039666757,0.06333346,0.052693337,0.039759543,0.03947229,0.054595497,0.027694548,0.06935078,0.04178825,0.049641352,0.046750788,0.055717874,0.16027755
BMP3,0.00077177637,0.0017405818,0.010698688,0.012816446,0.0010120755,0.00087020226,0.0012248233,0.001533544,0.00051267666,0.0013250759,0.0012768195,0.0014749343,0.0005380713,0.0012091838,0.000991455,0.00060595863,0.0006201897,0.00078081124,0.0010942734,0.0010311661,0.00056442764,0.000886288,0.000533042,0.0005965103,0.001197658,0.00096598256,0.00089802477,0.0010388597,0.00095660944,0.00074209087
PRKG2,0.0033680317,0.0035284958,0.006132397,0.004804524,0.004216991,0.0047434694,0.005264315,0.00592494,0.0021441893,0.009105199,0.009182017,0.008411732,0.002892715,0.0049391706,0.007133664,0.0025632624,0.11815916,0.0025212644,0.004626734,0.0062363725,0.0063558547,0.009521768,0.0023226468,0.0026611865,0.018099207,0.004454457,0.0038640033,0.0039081415,0.003748737,0.006032218
RASGEF1B,0.04443308,0.062397357,0.04963967,0.06557398,0.12040312,0.10049804,0.051467147,0.06352663,0.027738115,0.04842528,0.041355714,0.061027803,0.019855868,0.060017377,0.04083848,0.026337897,0.02415997,0.05189731,0.042743426,0.04411922,0.028807092,0.05786628,0.023379212,0.0276063,0.037892822,0.03166139,0.042328745,0.048167236,0.041986544,0.118206434
PLAC8,0.139271,0.08800161,0.07295976,0.08000484,0.10029585,0.09412667,0.12526509,0.12810625,0.07220839,0.12609601,0.12888746,0.12822881,0.04621511,0.11454554,0.10979985,0.085303575,0.03585011,0.08287471,0.08979971,0.14641929,0.05768199,0.10771109,0.054706458,0.08893286,0.14184974,0.08424887,0.09014459,0.12509397,0.07839448,0.19813557
GPAT3,0.040353023,0.019423036,0.022059752,0.02501478,0.086191036,0.08123124,0.026150024,0.03590283,0.011922653,0.035877954,0.045300875,0.04575969,0.01429571,0.035004284,0.025897961,0.014604507,0.031432398,0.013232829,0.034915026,0.023471422,0.013730733,0.018074097,0.0114972675,0.022161812,0.034324408,0.11984146,0.15381138,0.023091098,0.024120899,0.01710395
ARHGAP24,0.018205475,0.17756861,0.0830253,0.11580653,0.051297333,0.02175216,0.02626652,0.03333022,0.011171076,0.027437039,0.025870908,0.034283467,0.013583222,0.025089525,0.021459706,0.012781966,0.01435269,0.01690554,0.024291106,0.021108797,0.011897788,0.019861849,0.011712008,0.014310845,0.025886828,0.020775553,0.024155978,0.021334399,0.02190533,0.042175304
HERC5,0.028864758,0.042546358,0.054395013,0.035769023,0.04923688,0.056978557,0.05337421,0.061796892,0.023613887,0.058574595,0.06875289,0.05510957,0.04650128,0.070857525,0.06481505,0.02357238,0.028701793,0.027290232,0.045440953,0.058325727,0.037581936,0.046009094,0.024527885,0.02628848,0.052539147,0.023509583,0.029543256,0.042293325,0.06727311,0.060004074
FAM13A,0.044784963,0.029969621,0.040077176,0.03503808,0.1378679,0.042016752,0.052937765,0.13416049,0.024173427,0.13103835,0.060042385,0.056625254,0.029368311,0.063611805,0.048618563,0.0242756,0.057464536,0.072931096,0.052288093,0.048373666,0.029459145,0.049229424,0.020157898,0.023841646,0.12437365,0.029674735,0.049104262,0.047841024,0.07712596,0.050977148
SNCA,0.072140746,0.012309049,0.0133371325,0.016358271,0.03168354,0.014989297,0.016597027,0.022576561,0.008264868,0.017504195,0.017490279,0.020261535,0.0060449536,0.01646485,0.015334991,0.2381129,0.04110474,0.016309772,0.014588351,0.01584096,0.008267098,0.023359356,0.007847806,0.15053353,0.016197829,0.010910717,0.029230474,0.013580868,0.013907409,0.04402294
MMRN1,0.10912192,0.01084774,0.009763782,0.021574099,0.013236276,0.011465926,0.013966049,0.024853984,0.012416994,0.016876634,0.018975,0.017439755,0.0057592336,0.016213462,0.01147531,0.009555433,0.10260249,0.13999458,0.01429079,0.012326125,0.013149344,0.04586932,0.0070579676,0.20962642,0.02045933,0.01120219,0.010249419,0.011022266,0.013116673,0.03231137
CCSER1,0.021295412,0.054429244,0.023952954,0.059052285,0.010466886,0.01209233,0.00942815,0.013810327,0.004402223,0.013254948,0.010517172,0.013200314,0.0044822483,0.010865845,0.008313252,0.0059677074,0.011347902,0.008543654,0.009112517,0.0089962585,0.0053630928,0.013861516,0.0047887997,0.0053063203,0.010544839,0.16210788,0.04794368,0.009949512,0.0077560213,0.011799845
HPGDS,0.0036387744,0.005281084,0.004895111,0.006225946,0.005430118,0.005083469,0.007209727,0.009595457,0.033042964,0.013871423,0.0073948754,0.0075115957,0.002897719,0.0068399976,0.0058570793,0.003548167,0.28573355,0.07641503,0.0069014872,0.005561804,0.0032451476,0.0061118277,0.0028005685,0.003136231,0.007397687,0.004859447,0.0106692705,0.0060787634,0.0051209624,0.004480511
DAPP1,0.03944535,0.078244135,0.07002032,0.08928749,0.08833548,0.05545411,0.05152408,0.07574123,0.022684162,0.068504386,0.060003616,0.07154546,0.025584819,0.055615604,0.048340745,0.02641035,0.02935265,0.037345573,0.046146616,0.045715142,0.02222611,0.04433862,0.027790697,0.14630993,0.063497074,0.07100705,0.05745475,0.03728218,0.039599694,0.041514635
H2AFZ,0.032056905,0.054364882,0.054552156,0.06621955,0.0620567,0.055530924,0.0779703,0.09186116,0.11490863,0.08108361,0.079516485,0.082316734,0.07370387,0.06931028,0.06335387,0.03978215,0.042845055,0.039992098,0.07126879,0.072519094,0.093697734,0.05495803,0.043146636,0.05726431,0.08972485,0.031909395,0.050154895,0.086299464,0.069194905,0.027902957
BANK1,0.023353934,0.25456047,0.2218304,0.21000291,0.031145955,0.02689811,0.033744268,0.043739047,0.01348874,0.038288623,0.037360784,0.04003235,0.015162699,0.030620603,0.030261327,0.015740646,0.021822285,0.022545276,0.030767309,0.030795228,0.016203227,0.0287715,0.01842077,0.02984831,0.03615092,0.03733484,0.028277948,0.02797394,0.03131539,0.027811764
CENPE,0.011080691,0.020707933,0.018371737,0.019811954,0.021826843,0.041395172,0.02686582,0.02677244,0.28267732,0.033658084,0.025158558,0.028284593,0.053996507,0.027339766,0.028525535,0.009232493,0.009597674,0.009618679,0.021477418,0.039573815,0.14859301,0.03190581,0.03701396,0.016522415,0.036856644,0.024114043,0.019072307,0.026856799,0.020679781,0.026941475
LEF1,0.059481747,0.063988894,0.069310464,0.07849034,0.0753621,0.06435847,0.094056115,0.3337223,0.063329116,0.19204493,0.1311967,0.33059388,0.045223173,0.18245465,0.12286405,0.045445643,0.049116887,0.08275882,0.081718,0.087830916,0.04915851,0.07250599,0.035359338,0.052032486,0.22931238,0.06455413,0.06929596,0.15630586,0.13608952,0.049333047
OSTC,0.0865652,0.054980054,0.0562533,0.07331828,0.06157984,0.0483969,0.07574923,0.11331733,0.029311458,0.106181554,0.09067253,0.106964946,0.039273392,0.08416513,0.0754947,0.040871598,0.058621913,0.060895108,0.09063119,0.08401837,0.040704098,0.057005364,0.07182012,0.044985667,0.09253569,0.049959358,0.05302194,0.06384611,0.07491074,0.0774517
TIFA,0.04095354,0.059624724,0.082444236,0.091762334,0.04621684,0.03099565,0.0649342,0.06309259,0.06355952,0.08204142,0.08046482,0.06220793,0.07107619,0.054274976,0.060860813,0.024880866,0.033900775,0.021633787,0.055648565,0.044993605,0.048659924,0.040929735,0.061698243,0.02847724,0.06912794,0.04513649,0.042428933,0.055726722,0.041233774,0.039643187
SEC24D,0.02070996,0.023775054,0.034860488,0.027258303,0.057501692,0.048509095,0.04155395,0.03950795,0.0181031,0.040121872,0.051421296,0.04303136,0.026628073,0.054060604,0.037150107,0.016343074,0.022181317,0.019516267,0.03721773,0.047858596,0.019504398,0.038091935,0.071351774,0.016069634,0.03731638,0.07391263,0.03448819,0.038038284,0.0326452,0.039666478
PDE5A,0.015308206,0.015356058,0.013370063,0.011308649,0.012459448,0.011940155,0.017933974,0.01736115,0.0065389574,0.017499045,0.013386563,0.015843527,0.008630071,0.013908164,0.011442244,0.0070432248,0.0071814414,0.007441136,0.01516697,0.011090876,0.008305429,0.010136555,0.005063695,0.16301827,0.011334838,0.0076823616,0.009571731,0.012403324,0.010970137,0.008382088
MAD2L1,0.022901261,0.018853227,0.020611353,0.028320743,0.020237057,0.018614443,0.029377334,0.05714967,0.10845157,0.048499696,0.044011354,0.08741059,0.11305773,0.057092562,0.035341885,0.02117288,0.04311063,0.015629325,0.030915093,0.023302207,0.123810805,0.029312782,0.035913877,0.012543897,0.057955064,0.019093672,0.01838416,0.04556466,0.029125914,0.032617684
ANXA5,0.06006081,0.058818124,0.052744623,0.060754634,0.1193391,0.11726776,0.08842507,0.11235076,0.05523339,0.07964391,0.09407271,0.10916487,0.041806743,0.08150674,0.07417042,0.050195344,0.03274731,0.0653661,0.07823903,0.07293625,0.041015588,0.0589878,0.027086345,0.050744984,0.089364156,0.06679121,0.13535342,0.076923475,0.06730864,0.03204029
CCNA2,0.011545871,0.014963955,0.023516724,0.016199175,0.019921174,0.015619591,0.03007727,0.025742963,0.29057318,0.04034247,0.03254477,0.035072755,0.080578506,0.023762465,0.023866344,0.018884024,0.020480094,0.009788641,0.018188598,0.025641464,0.15996939,0.02145898,0.022116514,0.008508078,0.02456916,0.013751737,0.015423302,0.02395635,0.025945336,0.012847168
PLK4,0.03481305,0.0085409,0.007134334,0.0118983155,0.010781573,0.0070547503,0.012958401,0.0099243065,0.10666732,0.009113067,0.012178147,0.014681893,0.04654044,0.011508718,0.013689434,0.004311248,0.0070590586,0.010599578,0.0064181904,0.009650923,0.07150913,0.005149602,0.024361635,0.0041281157,0.008342317,0.017743394,0.009072427,0.012522311,0.012338551,0.01561579
SLC7A11,0.0017224298,0.0028615878,0.0030165715,0.0051132003,0.003619471,0.0039121723,0.0035049852,0.0044381865,0.0023688823,0.0038853316,0.0036079823,0.004816321,0.0014206716,0.0034364928,0.0032153972,0.00191672,0.002213041,0.004228484,0.0032743681,0.0032945515,0.0017624504,0.0027269097,0.013490189,0.0019926466,0.0052033677,0.013819495,0.004577221,0.0036856297,0.0032287017,0.10835387
TBC1D9,0.060828548,0.12857154,0.07627401,0.056122348,0.089064635,0.039481036,0.031045748,0.04221276,0.015434078,0.037368048,0.03328017,0.040462468,0.012806594,0.030510416,0.02769189,0.017544765,0.01860543,0.025361134,0.029901385,0.025167365,0.013385559,0.023371147,0.033183884,0.017998118,0.03366852,0.061580565,0.05920547,0.02942497,0.0232274,0.059524227
LINC02432,0.007974479,0.009323442,0.01107879,0.01226151,0.03847617,0.09941555,0.014875221,0.017861301,0.0078180665,0.0168152,0.013767902,0.01872426,0.005608164,0.0149958115,0.012699599,0.005579374,0.008897775,0.008562358,0.011915206,0.012468241,0.0076996367,0.009089843,0.010484455,0.0069148787,0.01377177,0.010224556,0.014491551,0.01068397,0.013041216,0.008651521
GYPB,0.0011691091,0.0016008933,0.0016030242,0.0024754223,0.0017785769,0.0016158221,0.002109713,0.0025005096,0.0007653308,0.002092756,0.00203401,0.0025389844,0.0008397053,0.0019509789,0.0016386419,0.22486918,0.008377531,0.0013110342,0.0018092663,0.0017754724,0.00095936266,0.0015864274,0.0008323052,0.0010956397,0.0019285243,0.0014583681,0.00150817,0.0014448708,0.0014143231,0.0013445825
GYPA,0.00080164225,0.00090566825,0.00093586533,0.0010037951,0.000967097,0.0009021635,0.0011607448,0.0014655143,0.00052037585,0.0012516805,0.0012419595,0.0013954403,0.06613746,0.0011156363,0.0011229591,0.18450291,0.0005952946,0.0008501484,0.0010561923,0.0009126313,0.000565721,0.0008552041,0.0004433016,0.0005718238,0.0012024065,0.0009239443,0.0008968503,0.001038665,0.0009365246,0.0007191868
LINC01095,0.00058720534,0.0006089817,0.00060503936,0.00071428204,0.0010454957,0.0006183049,0.0008411841,0.0010247608,0.00038426183,0.0009237591,0.0008560437,0.0010971093,0.00042839482,0.00087219937,0.00076323847,0.00032856132,0.00056821504,0.00052395114,0.000769581,0.0007276506,0.00043347492,0.0006619939,0.0004119146,0.00045724935,0.0008202666,0.0006309314,0.0006875363,0.00071957527,0.0006126432,0.0005811123
AC097375.1,0.017736452,0.002633126,0.002642331,0.0031547172,0.002956803,0.002525428,0.0030452204,0.004177915,0.001439812,0.0037541883,0.0032176576,0.005105802,0.0018250365,0.0030093384,0.002712869,0.0020307328,0.0019636052,0.0021762222,0.0029010393,0.0037420264,0.0013970259,0.0024301212,0.0015817754,0.0017110725,0.0034370162,0.0021880837,0.0025046468,0.0025215517,0.002803874,0.0856353
MND1,0.006320772,0.0059596207,0.0056891893,0.0060370937,0.007330507,0.005529782,0.007551941,0.009340949,0.15649173,0.013596953,0.007846361,0.009089782,0.105228655,0.007169877,0.005897563,0.009904439,0.03943954,0.003673424,0.006740718,0.015288285,0.14624177,0.00563004,0.022051817,0.009172308,0.0072910497,0.014133288,0.013036831,0.0056859604,0.0067860843,0.0047045695
TLR2,0.016588021,0.018299356,0.020857656,0.022995098,0.12126147,0.057060026,0.025968347,0.032675166,0.012646729,0.027761644,0.035153765,0.03929813,0.009772186,0.026513226,0.026890446,0.014719779,0.017340124,0.018017726,0.025097044,0.023081055,0.012982703,0.02342946,0.012307114,0.017824847,0.024620986,0.018739128,0.04106265,0.020596858,0.02333022,0.019926554
GUCY1B1,0.007731106,0.010876188,0.0063229357,0.0069625704,0.006753471,0.020488894,0.010280595,0.0104538025,0.007065426,0.009014658,0.008622943,0.009559991,0.0029002149,0.009426673,0.009616892,0.0051293974,0.04054119,0.0039129625,0.0073281587,0.007334561,0.010900495,0.00690884,0.0035680097,0.09866971,0.008522,0.010989587,0.006857595,0.0068084397,0.0069765765,0.0054441
FAM198B,0.019053403,0.02459808,0.023396175,0.032716513,0.16471927,0.061443727,0.03273403,0.042006835,0.018892096,0.03806554,0.036089957,0.041447446,0.010902703,0.027117971,0.02684318,0.021981962,0.02322443,0.021311106,0.034321614,0.025953645,0.018180482,0.021872588,0.01745058,0.022066144,0.03702705,0.018423181,0.039513245,0.030821245,0.025941439,0.02077402
FNIP2,0.051104996,0.025235372,0.025888097,0.030905038,0.07950467,0.10830958,0.04927649,0.07297348,0.021555742,0.057924792,0.059646584,0.06816892,0.024414686,0.058177408,0.050322425,0.02162434,0.045321982,0.06276491,0.039844245,0.058243766,0.03626674,0.05526932,0.017595468,0.023760948,0.04565893,0.15572871,0.094851084,0.03534511,0.045865007,0.032180894
RAPGEF2,0.03067781,0.03203063,0.031838432,0.042684272,0.08669544,0.04963524,0.04871669,0.053234387,0.021473859,0.04770228,0.047404256,0.043053016,0.016527673,0.043236297,0.042869434,0.0176478,0.06099076,0.030389272,0.034318082,0.039145872,0.019456508,0.038886998,0.055628248,0.021043515,0.041238416,0.04405867,0.044357356,0.037081026,0.033503592,0.041853398
MARCH1,0.03515059,0.114311635,0.08911653,0.14717521,0.10077976,0.065307125,0.05115032,0.073898256,0.024125554,0.057276886,0.054299414,0.07045183,0.023562089,0.055806044,0.04719562,0.03266756,0.026988903,0.038565576,0.048857916,0.045531224,0.025286324,0.04047042,0.02691992,0.03253133,0.061670523,0.06977055,0.056810074,0.047079675,0.04359867,0.04531543
CPE,0.00033680536,0.0004649262,0.00044914184,0.0004780055,0.0016787415,0.00040372455,0.00054666254,0.0006682464,0.0002509613,0.00064179196,0.0005874566,0.019569471,0.0002408775,0.0005325839,0.00045791696,0.00030429446,0.00025913047,0.0002739137,0.00046568786,0.0004323001,0.00023775955,0.00036941006,0.00021114307,0.00031529335,0.0039524115,0.0004348761,0.00040376867,0.0004468418,0.00042724665,0.00035173405
MFAP3L,0.008356293,0.008196472,0.008500672,0.009534266,0.010700383,0.009894892,0.011782185,0.035374958,0.0048153647,0.015485681,0.012185728,0.015976297,0.00587862,0.037352342,0.010804165,0.005976179,0.0068165595,0.00741829,0.0106550455,0.012099793,0.005417904,0.00783365,0.0065207216,0.2087546,0.011405441,0.009792123,0.008087102,0.008792245,0.009061935,0.0069311103
HMGB2,0.03537604,0.05620669,0.057616416,0.07208226,0.07242906,0.04773229,0.08222692,0.108341075,0.1708881,0.0911879,0.098870575,0.09899801,0.11690214,0.0897697,0.07956721,0.048718672,0.029874787,0.061634842,0.079736605,0.08023005,0.12851577,0.054554865,0.035301078,0.058020346,0.09961729,0.044970565,0.043992437,0.086199574,0.08317372,0.03590376
HPGD,0.019633377,0.02510148,0.026590364,0.02903722,0.029341621,0.02434916,0.087096475,0.05027953,0.020995915,0.053448908,0.05035311,0.09671226,0.038117625,0.049826186,0.042077836,0.025481408,0.05440623,0.08919876,0.14848733,0.048869092,0.040578242,0.02900146,0.03222677,0.057359394,0.05734979,0.02483307,0.02312862,0.032087963,0.079080924,0.018933164
GLRA3,0.001117006,0.031832308,0.011956572,0.0015929069,0.0015802733,0.0013713721,0.0019725116,0.0020988218,0.0009813617,0.0021533116,0.0019884033,0.0024921778,0.00077205827,0.0017649765,0.001552818,0.0010761678,0.0011476423,0.0011115002,0.0016075427,0.0016243558,0.00095577823,0.0012816787,0.00078618556,0.0009116764,0.0019129625,0.0014446923,0.0012898805,0.0016466724,0.0015073394,0.0010997474
SPCS3,0.037789978,0.06460897,0.060207874,0.07635504,0.065679304,0.04632492,0.094819665,0.10872432,0.044759292,0.10584961,0.11307666,0.101318896,0.044259794,0.09017711,0.07429267,0.04171828,0.03321892,0.064600356,0.08789777,0.0925024,0.04953335,0.06660268,0.08466111,0.057118274,0.10349551,0.03970949,0.04546875,0.07348353,0.08341499,0.079363786
CENPU,0.08825743,0.037789643,0.028394492,0.038015403,0.033179224,0.040593714,0.04792062,0.044579335,0.26695237,0.04644478,0.03165933,0.04516528,0.29231828,0.034188256,0.02610899,0.020819655,0.11384365,0.02966989,0.03124914,0.045903683,0.3592865,0.056382924,0.029416619,0.034925785,0.032428958,0.034105595,0.0195473,0.022783311,0.042237394,0.028640408
ACSL1,0.05192434,0.03798038,0.05091761,0.04620136,0.21971865,0.085331455,0.05466984,0.062171273,0.024556018,0.057143122,0.06240968,0.06222987,0.019899713,0.05037784,0.049099084,0.028466051,0.03634307,0.037254304,0.044253387,0.044448987,0.030998277,0.03778627,0.025398483,0.039956048,0.055200886,0.04313199,0.047965482,0.037218522,0.047012445,0.030634345
MIR3945HG,0.003362654,0.0041357656,0.006131576,0.0058916975,0.036793023,0.013017924,0.009014491,0.0064673396,0.0029218555,0.009389136,0.007503027,0.0076020593,0.002192555,0.005128317,0.004608497,0.00273923,0.003784437,0.0033646284,0.0057054944,0.0046083718,0.0021207605,0.0044977213,0.0023033714,0.023563297,0.005285946,0.007164161,0.012028798,0.004293634,0.0042422847,0.0034398483
SLC25A4,0.021844694,0.04054838,0.04665743,0.034557533,0.02300793,0.020962156,0.07453448,0.04746314,0.028631434,0.05664373,0.06771218,0.0552011,0.054128565,0.04550078,0.06190875,0.017605122,0.019717062,0.02229504,0.06977242,0.052666634,0.04108239,0.05263771,0.07904325,0.020985417,0.043332268,0.036408454,0.020124387,0.033484705,0.059341937,0.053580012
ANKRD37,0.009002146,0.026030805,0.025823334,0.026438378,0.023258533,0.0151748,0.026427204,0.024875652,0.014843326,0.032506153,0.03057593,0.023073927,0.012111874,0.02533995,0.028040301,0.00820831,0.011152959,0.03163735,0.03130269,0.026218439,0.010034801,0.026266826,0.047187936,0.0073119905,0.023734337,0.008504604,0.014823673,0.011635038,0.026570331,0.011754905
CCDC110,0.001054529,0.013357511,0.0014369206,0.0016550893,0.0016140239,0.0014241767,0.0018834635,0.0047901715,0.00095582363,0.012029716,0.0019667603,0.010271949,0.00086213835,0.0017448681,0.0035392952,0.0012792462,0.0010495255,0.0010217556,0.0016691289,0.0014984008,0.0010501008,0.0012094844,0.022820406,0.00096170057,0.012016343,0.0014085958,0.0013733546,0.0018154178,0.0015513374,0.0009808978
AC106897.1,0.0014042507,0.002129273,0.00566833,0.0044200495,0.002190983,0.0017257569,0.0023384176,0.0083476,0.0010923533,0.0042325985,0.0041007227,0.002882732,0.001133563,0.017280476,0.0022227734,0.0015047251,0.0012881118,0.001536159,0.0057091997,0.0022847662,0.0013540243,0.0017118918,0.08166536,0.0012884629,0.0023602752,0.0023711019,0.0016215715,0.002065703,0.0020386043,0.0015178343
AC116351.2,0.0004873014,0.0006960441,0.0005513744,0.010498745,0.00068072835,0.00067250244,0.00075118116,0.00092496315,0.00038140867,0.0008715072,0.0008475263,0.0010912191,0.00032833547,0.0007690402,0.0006535517,0.00037237714,0.00042229157,0.00047013402,0.00069765,0.000660481,0.0003493299,0.0005936009,0.0003379879,0.00045168088,0.0008283945,0.00052754034,0.0033729046,0.0006961182,0.00060097536,0.00052569184
CLPTM1L,0.044356264,0.051482797,0.050514325,0.060097907,0.06712602,0.055170234,0.07437931,0.08696667,0.04908006,0.07922837,0.07765597,0.08881994,0.037027895,0.06388035,0.074820206,0.035071038,0.038448278,0.054812968,0.07216507,0.090018705,0.04439251,0.062058154,0.109772116,0.03777122,0.07840692,0.032851946,0.051733796,0.0645078,0.06316267,0.058025558
CTNND2,0.0005857729,0.0006372269,0.00062347855,0.00064819405,0.00066372164,0.0005735536,0.00077542226,0.0009320184,0.00034689633,0.0092895245,0.00772264,0.0009532897,0.00040817165,0.0006560077,0.00062977726,0.00044232962,0.00042685802,0.00041037673,0.00072456873,0.000653501,0.00036116625,0.00056250615,0.0003324931,0.0049783043,0.0008049867,0.04413352,0.0005133654,0.0005691366,0.00050734804,0.00046908853
LINC02150,0.00046124987,0.0005290643,0.0005276237,0.0005858499,0.00061580836,0.0005900076,0.0007064862,0.0008523119,0.00035623682,0.0007863069,0.00071650726,0.00083164993,0.00022915285,0.00060220755,0.009652368,0.00039206032,0.00041746252,0.0004499403,0.00062506704,0.0005878678,0.004288473,0.0005224968,0.0003094681,0.00034477844,0.00070549827,0.00054522697,0.0005198873,0.0006049265,0.00064577407,0.0004116914
BASP1,0.11737459,0.10652356,0.121034876,0.09663789,0.093666345,0.05607464,0.045436233,0.059804693,0.021647241,0.050854348,0.04948753,0.05676581,0.017206747,0.046003427,0.04238691,0.02425382,0.034597103,0.029785786,0.043001827,0.037290223,0.021725332,0.036357254,0.032207206,0.028452404,0.046816852,0.31893137,0.13692614,0.037629284,0.043415643,0.027780429
CDH9,0.00043610594,0.00063459465,0.00063995976,0.0006705463,0.00067964866,0.0005793277,0.0008404448,0.0011527222,0.00031445394,0.00087474816,0.00087248476,0.0010856031,0.00036931867,0.0008894432,0.00069859164,0.00047390378,0.020009043,0.00042902862,0.0006960994,0.0006998852,0.00041852778,0.0005538561,0.00037420267,0.00042566634,0.0008159334,0.0006317337,0.00056605344,0.00072429236,0.0007426437,0.00049343996
SUB1,0.075206056,0.059060674,0.0637911,0.07331234,0.060586367,0.046201427,0.10312126,0.0963333,0.09730985,0.08996628,0.092483036,0.11775732,0.059456654,0.06983519,0.07504231,0.088880464,0.02650313,0.04203184,0.078229666,0.072297566,0.055609487,0.053801145,0.110098764,0.090140976,0.082943335,0.09705028,0.04438114,0.0690565,0.07071444,0.07767113
NPR3,0.0024854564,0.0025667541,0.00271929,0.0031681736,0.0030504288,0.0027562755,0.0037347702,0.0049098223,0.001668422,0.0040160874,0.0035850033,0.0055553243,0.0013800819,0.003939519,0.00577891,0.0017043753,0.22398451,0.00629032,0.003422481,0.0034004245,0.001887831,0.0029273506,0.0017233515,0.002020655,0.003295832,0.002890582,0.0025490988,0.0029857825,0.0032238578,0.0024243619
IL7R,0.26234308,0.27190995,0.26849073,0.2826116,0.36223522,0.32163695,0.5126704,0.5369975,0.18926623,0.6488361,0.6852019,0.44654408,0.1155823,0.60738325,0.34835947,0.1738891,0.24061072,0.44080088,0.65384644,0.30648953,0.17046572,0.25273094,0.167361,0.22782484,0.26704895,0.23712887,0.3396232,0.21567352,0.38331667,0.20866431
SLC1A3,0.010561985,0.0029788786,0.0026710164,0.0028908886,0.032733463,0.0062068584,0.0034892582,0.0045050373,0.001980913,0.0037681737,0.0041575693,0.010396295,0.00133474,0.0037582996,0.0031144416,0.0017823996,0.025642699,0.0025299448,0.0031208447,0.002724068,0.0016511949,0.0025798918,0.0016032795,0.001976352,0.0038357382,0.026812395,0.023684949,0.0029371688,0.002297046,0.0020581556
DAB2,0.11645565,0.014593802,0.016342897,0.01753909,0.02327929,0.020742927,0.022266148,0.025991501,0.012320029,0.021876147,0.020905754,0.024653053,0.011652599,0.019418456,0.025627747,0.01065147,0.017910952,0.014018611,0.01762472,0.05151924,0.025056435,0.01656582,0.012158544,0.12348574,0.021760184,0.016417813,0.030261016,0.02281372,0.022527298,0.11553463
PTGER4,0.055795636,0.056424156,0.0536549,0.07085214,0.10353186,0.109048426,0.11802768,0.11532284,0.033694997,0.11673592,0.113653935,0.10833933,0.02744512,0.111654796,0.087275565,0.03734378,0.046387278,0.1066836,0.10433549,0.09991941,0.047273666,0.08124995,0.028659798,0.043656357,0.081330314,0.050382465,0.069755584,0.07694066,0.08426601,0.047447648
SNX18,0.037907727,0.03298046,0.033113573,0.035377104,0.099835716,0.10598127,0.04505786,0.049684316,0.02185134,0.04632225,0.040899698,0.051608853,0.011207857,0.041318268,0.03700936,0.020083144,0.018475382,0.028814541,0.03432651,0.044139873,0.020186204,0.03536959,0.014507742,0.032624014,0.039761662,0.034230087,0.03832996,0.03664016,0.037093468,0.055906475
GZMK,0.16903952,0.22855712,0.25138727,0.26717246,0.2498195,0.23989014,0.46539503,0.38307205,0.26288623,0.42322278,1.3438288,0.53228366,0.2428899,0.32304975,0.88643646,0.20899586,0.17446248,0.20196137,1.693563,0.32851693,0.30142933,1.1126788,0.15005797,0.19490181,0.44309384,0.18003976,0.22181746,1.8119484,0.60633874,0.17667577
GZMA,0.13010083,0.12007642,0.13097638,0.14575917,0.1517103,0.1403401,0.34267977,0.21770556,0.08871387,0.21687138,0.23400526,0.2405237,0.21357265,0.17846213,0.29167882,0.09785268,0.1016023,0.123179354,0.30555847,0.40163812,0.20721497,0.18101972,0.08359908,0.11103695,0.19635825,0.116107896,0.13128637,0.19416226,0.22715819,0.09899746
PLK2,0.0237971,0.021546707,0.014295751,0.037812635,0.0426584,0.03248232,0.103434116,0.021175638,0.007824781,0.039627474,0.02459357,0.033293527,0.009413379,0.036789756,0.016437596,0.009736153,0.025099399,0.047712866,0.034110684,0.021323545,0.008144722,0.14052399,0.0137835555,0.008583326,0.02529201,0.024204422,0.061958797,0.0146103725,0.01868945,0.032762308
GAPT,0.100299604,0.08071545,0.07629064,0.101982355,0.08117218,0.07070915,0.04431945,0.061676007,0.024797028,0.051604915,0.04532581,0.055867072,0.017973129,0.04197914,0.037228905,0.027985841,0.060658198,0.029002625,0.04441443,0.036551088,0.023514777,0.03376003,0.018874213,0.023192694,0.04532162,0.033605248,0.07960124,0.035267193,0.03777081,0.16663139
PDE4D,0.03400258,0.046606954,0.06672668,0.05506131,0.054933745,0.055689845,0.08945727,0.09197771,0.034863893,0.14869937,0.15943289,0.09059428,0.024289398,0.08478746,0.08902789,0.04213617,0.034916192,0.05617488,0.11226202,0.10140669,0.048146963,0.05849117,0.022093706,0.07986289,0.063066974,0.03312197,0.046455476,0.06412702,0.088192865,0.03371154
DEPDC1B,0.0042641736,0.0044241804,0.0046254317,0.008178895,0.0054443134,0.004277994,0.006436561,0.0072744447,0.16199534,0.0099137,0.006770777,0.008587033,0.050387457,0.0055709784,0.005470267,0.0037314347,0.0092356065,0.04818751,0.0057001878,0.0051905112,0.084238864,0.004999905,0.02217413,0.021540666,0.0057043484,0.00440404,0.005883403,0.005154924,0.008233283,0.003705761
ELOVL7,0.0040069283,0.0043891263,0.004604239,0.0048741708,0.007409387,0.004750956,0.0058560995,0.007991435,0.0033267823,0.007515567,0.0064303344,0.0069777183,0.002739391,0.0060247467,0.0049917647,0.0032940228,0.015229243,0.004951172,0.005154923,0.0051285652,0.0026805163,0.0044184816,0.0029441207,0.10333081,0.0064999475,0.003937098,0.006102555,0.0042814,0.0050493907,0.0042162677
CENPK,0.017325616,0.03425214,0.036392152,0.04109366,0.029745005,0.032222655,0.05562706,0.09659576,0.10431732,0.06886914,0.06451084,0.08643932,0.095756344,0.053236395,0.045410708,0.02914164,0.031149521,0.05983641,0.047561962,0.048518814,0.11943313,0.050112102,0.018816687,0.017113743,0.07146824,0.025409682,0.026522638,0.062492833,0.058780238,0.022557499
CCNB1,0.007812573,0.01790564,0.015711615,0.016494028,0.011460503,0.009675561,0.009559859,0.018863847,0.19756205,0.014925862,0.011062132,0.016308235,0.05418862,0.010546747,0.015903303,0.012271663,0.023936175,0.01173373,0.010341321,0.017341804,0.047055144,0.018299067,0.02528143,0.0043734633,0.010251334,0.014644844,0.01067445,0.010844275,0.010759732,0.0055829086
CENPH,0.048530314,0.038748734,0.06985464,0.067227766,0.029898807,0.040352143,0.058190648,0.08181627,0.10581103,0.054529365,0.06091142,0.08323505,0.09486159,0.047806423,0.046111714,0.016223712,0.053928304,0.03599538,0.042310946,0.042648558,0.16882218,0.053455383,0.027049249,0.01643207,0.04669656,0.040409382,0.024183953,0.026170384,0.04891227,0.03827251
NAIP,0.08751298,0.053715665,0.064223185,0.06191266,0.17047697,0.053327322,0.06695866,0.083378084,0.022606075,0.07874636,0.07049258,0.08804364,0.03266364,0.078834824,0.07164766,0.029633543,0.039618634,0.04497093,0.060398333,0.061167948,0.03495919,0.049075134,0.026260404,0.034023203,0.06834569,0.04283668,0.10956406,0.07706877,0.055443358,0.043918427
MAP1B,0.0024841875,0.0033116178,0.0037953863,0.0071715973,0.004924517,0.0036397513,0.0038875842,0.009240755,0.004053055,0.01213571,0.004599355,0.0050669513,0.0017663335,0.008171203,0.0033976778,0.0028463555,0.0024315189,0.002467396,0.0036917545,0.0049018795,0.002474773,0.002634104,0.0024311214,0.03354241,0.0040263785,0.0022519678,0.0028483556,0.0029819242,0.008867121,0.004803037
ZNF366,0.0045979437,0.018932119,0.006404337,0.0067599057,0.018142356,0.0064325924,0.00804652,0.008933829,0.0045163254,0.012943256,0.008762326,0.010757346,0.0035102493,0.0070909015,0.006516008,0.004736179,0.004566779,0.0039441907,0.0076459083,0.007151331,0.0042875293,0.0055208504,0.003803904,0.0038822643,0.008576974,0.41963974,0.0924074,0.0063519212,0.015444547,0.004339802
FOXD1,0.0016635681,0.002095603,0.011049142,0.0024069764,0.0022212758,0.0021738121,0.01627907,0.0033868824,0.0013681299,0.0030016205,0.0029735882,0.0034021346,0.0014808937,0.0025030945,0.007074382,0.0014041441,0.0014597727,0.0019056906,0.008651084,0.012451269,0.022860004,0.0017490352,0.0024711455,0.0014443042,0.0027320313,0.0025491638,0.0019171676,0.0019653938,0.002373859,0.0017766953
CRHBP,0.0018941837,0.0028827928,0.0040726764,0.0036518616,0.003869991,0.003993706,0.0040368033,0.0050919675,0.0018572041,0.0045355554,0.0046405625,0.005001731,0.002801405,0.003960136,0.0032019857,0.0017479558,0.2462881,0.0026057386,0.0036468713,0.003617534,0.001828806,0.0032615785,0.001875967,0.0021316234,0.0041965954,0.018975921,0.004576057,0.0028644493,0.0028301713,0.0030587427
DHFR,0.038771756,0.032248393,0.04202972,0.030416362,0.03583172,0.033095326,0.03878447,0.07006903,0.15675984,0.04966087,0.04401328,0.06546273,0.10971482,0.04202536,0.032974444,0.015817296,0.034666836,0.031630542,0.039737176,0.03594261,0.15108089,0.033925865,0.027501764,0.017868405,0.046885926,0.02409075,0.02625897,0.04332514,0.037762552,0.032610904
VCAN,0.039652627,0.044532016,0.05665557,0.06117175,0.28026536,0.053532574,0.06862196,0.08445423,0.028163621,0.071642816,0.06644497,0.08727001,0.018824143,0.0707082,0.058557235,0.037040833,0.031484272,0.041275445,0.061731372,0.061281845,0.026390133,0.05196264,0.020898646,0.050444685,0.07153944,0.04098879,0.09297637,0.055685043,0.05129518,0.03845216
LINC02059,0.00034665567,0.004938687,0.003204207,0.000514367,0.00056040095,0.00045911604,0.0006144123,0.0006693932,0.0002366232,0.00064376375,0.0005850139,0.0006785896,0.00028370053,0.0006036492,0.00047655622,0.00035064772,0.00027703916,0.0003909115,0.0005057017,0.0005184492,0.00028599025,0.00044940578,0.00025177278,0.00031295908,0.00059515424,0.000534726,0.00043490532,0.00054720807,0.0004945435,0.00032338226
LINC00461,0.0006420641,0.0030705761,0.0006477027,0.0007164699,0.0019327486,0.00068038556,0.0008311191,0.0010727118,0.0004435478,0.0010119528,0.00089064776,0.0010443602,0.00037300793,0.0008688324,0.0013137235,0.00043367787,0.00053395994,0.00069349573,0.0007789954,0.00077208824,0.0004415329,0.00058970693,0.00041234426,0.00046751814,0.0009777652,0.0005987872,0.0006544121,0.00075022684,0.0006957609,0.0005646117
MEF2C,0.05829698,0.09038295,0.102094494,0.21307479,0.076516196,0.07036931,0.06271033,0.07284414,0.023001194,0.0663353,0.06004445,0.07796356,0.029817635,0.062468898,0.051151507,0.03269223,0.045138318,0.041096695,0.060365044,0.055925988,0.026206942,0.051795885,0.04763222,0.043125298,0.06462581,0.043418735,0.06600904,0.048748195,0.044541437,0.085950516
LUCAT1,0.0065492927,0.011096212,0.009353737,0.011092462,0.06820082,0.013338818,0.015685862,0.018422589,0.0090199355,0.01876769,0.016098691,0.014767833,0.005198414,0.019404013,0.014380135,0.0069367653,0.008170002,0.008606018,0.011578262,0.014435734,0.0060676946,0.018565997,0.005195663,0.007990844,0.01470349,0.0078687705,0.014416686,0.011126043,0.012575364,0.009999297
MCTP1,0.05904574,0.027505672,0.022057476,0.02757207,0.09200701,0.08372028,0.029199451,0.03660116,0.016930804,0.03385392,0.03064993,0.0350184,0.013362888,0.02739714,0.028991714,0.019815825,0.026236206,0.02171242,0.028064298,0.02450839,0.013861783,0.024242237,0.014281829,0.06670491,0.030611537,0.02840217,0.04931899,0.02581195,0.025398513,0.03467748
FAM81B,0.0014928913,0.0018744991,0.0018012462,0.0024581794,0.0023839294,0.0017931986,0.0024784852,0.0030118541,0.0010288408,0.0026873809,0.0029561599,0.0030991768,0.0010148535,0.002308666,0.003989726,0.001407929,0.0214999,0.0014594056,0.0023366325,0.0024675613,0.0012870156,0.0019935397,0.0013097977,0.06336814,0.0023115552,0.001732063,0.0018868975,0.001930091,0.002142811,0.0016938855
ELL2,0.011899514,0.02426086,0.02803452,0.03208303,0.043273278,0.029202234,0.03679958,0.03174901,0.018726852,0.030763615,0.03093818,0.037104014,0.021357507,0.027616752,0.030390754,0.023538427,0.026799122,0.031809125,0.03088149,0.033481255,0.01562787,0.025989342,0.15003304,0.011356654,0.02955967,0.016190814,0.020593887,0.022759136,0.028251918,0.027397621
NREP,0.093047835,0.019484485,0.02435545,0.031866733,0.05135389,0.021746611,0.027406128,0.045096908,0.01628255,0.026836062,0.024889246,0.034598097,0.013706949,0.023588695,0.026716039,0.016766977,0.13476174,0.01280298,0.024977889,0.03014849,0.038056903,0.03490192,0.009093413,0.041920736,0.023931144,0.08040612,0.13376814,0.05117436,0.017961714,0.09783825
CDO1,0.0010332939,0.0010864196,0.0013280001,0.0012784442,0.0012887289,0.0010060845,0.0015058126,0.009548922,0.0018003518,0.023589373,0.0061975573,0.007465169,0.0007632682,0.0015690994,0.0012550671,0.0007222864,0.0046610595,0.038869403,0.0013336014,0.0012448258,0.00074187823,0.0010121962,0.00054969825,0.0007767848,0.001558586,0.0011933399,0.0010397309,0.0012018478,0.0013380799,0.0008806357
LMNB1,0.04064255,0.035131566,0.03462691,0.040552165,0.07848174,0.04010122,0.050404612,0.06316895,0.15915649,0.057036065,0.04660387,0.05528605,0.09031285,0.049640324,0.03843846,0.019918317,0.04133452,0.028209955,0.03837396,0.047467526,0.11268594,0.029781742,0.031754397,0.02455745,0.057209384,0.044637263,0.08576879,0.06430878,0.044390727,0.030645963
IRF1,0.040477607,0.058964733,0.05995638,0.07366117,0.0945242,0.07510733,0.10107129,0.11804668,0.025029909,0.09998589,0.09470338,0.120139286,0.035883315,0.079809874,0.092003606,0.049044125,0.036096822,0.07228573,0.084895015,0.10709917,0.043754302,0.08147848,0.025766294,0.0696842,0.10942553,0.056367416,0.048294906,0.076109625,0.07401868,0.045714874
H2AFY,0.06399358,0.047393676,0.049597397,0.066473454,0.098430745,0.07785907,0.08246053,0.092915215,0.06422651,0.08189652,0.08479551,0.09316578,0.029639669,0.06189199,0.06044947,0.053042173,0.09984099,0.054198947,0.0824798,0.06520022,0.050213195,0.050736923,0.032477107,0.0515169,0.09482773,0.10241299,0.10850924,0.0728322,0.053525303,0.04422116
TGFBI,0.10095575,0.025417829,0.024451973,0.02906074,0.11404459,0.058185875,0.034393158,0.036810976,0.014305336,0.034541104,0.037039094,0.04497806,0.01312162,0.036394734,0.030676927,0.02136336,0.015984464,0.020850778,0.028736586,0.033369552,0.013815331,0.024095181,0.014459687,0.025434135,0.035582475,0.07727775,0.049369078,0.025718981,0.0271461,0.08737884
KIF20A,0.001440893,0.0023048904,0.0022973963,0.0061374917,0.0027667163,0.0023914168,0.003171129,0.0037519643,0.14080355,0.0038673428,0.003178376,0.0037965225,0.02005139,0.0030247727,0.0026463554,0.0017169919,0.008906342,0.0018999866,0.002631178,0.002425771,0.040000245,0.0019867576,0.0056426115,0.0016672156,0.0031376563,0.0022365535,0.0028551656,0.0022781114,0.0023469834,0.0017811505
EGR1,0.01935068,0.032254606,0.029260349,0.035731383,0.15148276,0.059920777,0.0422961,0.04564906,0.019129595,0.043059822,0.042166926,0.06278632,0.012119324,0.035673097,0.033348627,0.02840513,0.021561101,0.021214403,0.031042824,0.032475833,0.02117167,0.03170762,0.014426344,0.025008164,0.039364606,0.022533832,0.048492324,0.025364023,0.030389676,0.021828277
AC034243.1,0.00047398676,0.00050091057,0.0005678674,0.0006227312,0.00060358236,0.0005411615,0.00067580945,0.0009271215,0.0003132445,0.00074962265,0.0007411294,0.0009240259,0.00026691263,0.0006439537,0.00062514294,0.00041582357,0.00042127713,0.00048377865,0.00056726916,0.0010034246,0.0003724159,0.0004915492,0.00033786453,0.00035777586,0.00071945426,0.00045320665,0.0066450997,0.00057249155,0.000592923,0.00047244027
MZB1,0.03884185,0.053896487,0.041962083,0.060919046,0.018046496,0.016375877,0.024339922,0.031149743,0.0111956345,0.025099037,0.022088312,0.027669178,0.010303517,0.026757529,0.020930018,0.012984452,0.033500765,0.017690685,0.022969633,0.019211514,0.011546799,0.017125482,0.2429817,0.01313314,0.023598775,0.015375295,0.013632537,0.018544639,0.019514358,0.17333542
CXXC5,0.07743798,0.16518673,0.12859212,0.14014675,0.07699598,0.055597465,0.07781181,0.092930235,0.03867852,0.08527225,0.08535915,0.094370246,0.035285406,0.07179019,0.07832348,0.03741665,0.06458767,0.06154252,0.13637786,0.14822982,0.07526402,0.14893974,0.0815816,0.04529973,0.08423755,0.040278718,0.05579551,0.06430964,0.095124386,0.13694061
HBEGF,0.0176177,0.0169498,0.019154161,0.0194575,0.107008316,0.03737631,0.024294,0.03106753,0.00983742,0.03197046,0.023758434,0.029273665,0.009123847,0.02182412,0.020387476,0.017632738,0.012297485,0.013191441,0.02216255,0.020124344,0.010224493,0.016754301,0.009775099,0.016555883,0.024138018,0.018089714,0.1146172,0.018293533,0.021510055,0.014438377
CD14,0.026264042,0.05055675,0.047828674,0.04946178,0.33048066,0.051228546,0.060233686,0.07434855,0.021709777,0.06703631,0.064188175,0.07566324,0.028713906,0.058110934,0.058530856,0.03709387,0.030281436,0.029039193,0.05502763,0.059330177,0.031017056,0.06300436,0.027230624,0.04963865,0.05984035,0.04032806,0.05003518,0.049141824,0.05438134,0.041630324
PCDHB2,0.00030077933,0.00040039446,0.00039075862,0.0004503846,0.00044775906,0.00039850702,0.0005648309,0.00070490356,0.00020718326,0.0005694087,0.0005407553,0.0006594071,0.00021724074,0.00046868777,0.00044472696,0.00023986437,0.017078198,0.00031625724,0.0004333891,0.00042774502,0.00024890742,0.0004018487,0.00022933939,0.00027258258,0.00051926373,0.0004120427,0.00040726672,0.0003434643,0.0004019056,0.000357247
PCDHB14,0.0007464054,0.00090441696,0.065036125,0.0009526882,0.0009712186,0.0008622403,0.001197455,0.0015302652,0.0005022015,0.0013233742,0.0011921,0.001475413,0.0005219942,0.0010767591,0.0010116608,0.00058650994,0.0005696859,0.0008168127,0.0010464287,0.0009587455,0.00062560034,0.0008726585,0.00048261226,0.0005992474,0.0012032777,0.0008423475,0.0008134251,0.00094908685,0.00090998324,0.00081081403
KCTD16,0.00089061557,0.0010488919,0.0011049722,0.0011721146,0.0011570645,0.0010550164,0.028667063,0.0015408191,0.0005826975,0.001459146,0.001314993,0.13390616,0.0005577839,0.0013427086,0.0010730391,0.000812546,0.00079140184,0.00094041385,0.0012068326,0.001160392,0.00072362553,0.0009811651,0.0005954437,0.0084522255,0.0013479503,0.0011533952,0.0009697313,0.0011605488,0.0011885264,0.00079237216
CSF1R,0.040000122,0.02399732,0.026044086,0.027157784,0.08587281,0.1920317,0.030603625,0.0369701,0.01811488,0.037820682,0.033413127,0.038395733,0.012358693,0.029354997,0.030479863,0.026911557,0.017821537,0.022502977,0.02761205,0.02740078,0.015639996,0.025006358,0.01496646,0.023581674,0.03769946,0.023319736,0.061542932,0.022926625,0.023464102,0.033792708
CD74,0.09754765,0.120425664,0.117510855,0.14775255,0.07136605,0.06336745,0.0748887,0.12599967,0.027685722,0.09210154,0.07893911,0.110228926,0.017546967,0.08569595,0.056213655,0.0408868,0.025526762,0.038108673,0.06915571,0.051565852,0.031341966,0.037366234,0.014781135,0.048598576,0.094414115,0.15095036,0.11993178,0.051436655,0.04798738,0.10541038
SPARC,0.0121494355,0.012360104,0.013368594,0.013723549,0.017370699,0.012810414,0.017078899,0.021409575,0.0068724384,0.017762974,0.016016688,0.019262401,0.005441036,0.016794395,0.01553988,0.0082059475,0.019212738,0.010919228,0.014149125,0.013731311,0.008431146,0.012531288,0.0073367925,0.2611364,0.017676055,0.0124354325,0.012714915,0.012699148,0.014867198,0.014194811
FAXDC2,0.0036020349,0.0037374292,0.0037600705,0.0043207216,0.0058404626,0.004300327,0.0046263398,0.0066811694,0.0019690138,0.005588022,0.00479952,0.0063310293,0.0077242064,0.005598698,0.004216522,0.0076930327,0.0039002348,0.0029525855,0.004741422,0.0042957114,0.002282855,0.004080123,0.0017433737,0.07119994,0.007035614,0.008151458,0.0049490742,0.0034645903,0.004226075,0.005200531
TIMD4,0.0021624498,0.0035931915,0.008359593,0.0038241942,0.004143786,0.004528824,0.0063445237,0.009665586,0.011416321,0.006367621,0.007141768,0.013537855,0.05981392,0.004594881,0.0106047075,0.0024333205,0.0021421602,0.0030310983,0.0043911804,0.007215367,0.0039702053,0.0059990794,0.022953046,0.006444037,0.006997633,0.0036032842,0.0049375934,0.094030656,0.004866025,0.002840941
ADAM19,0.03668179,0.13815093,0.083018005,0.09920598,0.04729145,0.026516147,0.033620022,0.04269944,0.028613493,0.08004938,0.09436614,0.041167714,0.012307933,0.04804619,0.032811698,0.028909171,0.018100346,0.036492445,0.034759782,0.027574,0.014900465,0.023793178,0.06302014,0.018183893,0.034880266,0.066468894,0.041800827,0.024997378,0.035533756,0.089545
EBF1,0.01303109,0.121450126,0.12557875,0.10224107,0.016703252,0.013423602,0.019353777,0.024243163,0.008211878,0.018620735,0.017321464,0.02542005,0.008498125,0.018091949,0.015257661,0.011095194,0.013840488,0.01203972,0.015715642,0.01468507,0.0083538825,0.011976445,0.010178487,0.009385928,0.018259289,0.01096397,0.014102075,0.015404269,0.014230638,0.009973947
IL12B,0.00074764836,0.004818432,0.0011194833,0.0012094732,0.0016587412,0.0056890096,0.00134701,0.0017882759,0.0005174721,0.0015430499,0.0034318527,0.0016402664,0.000541076,0.001370034,0.0011323651,0.00055655267,0.0007932953,0.00072529964,0.0011802365,0.0011892461,0.0006260229,0.0010887061,0.0007357312,0.00068774936,0.0013869237,0.0010291812,0.0009824996,0.0010900163,0.0009924117,0.0008983092
PTTG1,0.052742425,0.02627627,0.030384634,0.033494554,0.026825912,0.025476782,0.05273531,0.044517554,0.2792574,0.052580897,0.046740018,0.040650107,0.09158729,0.03534101,0.04986848,0.018213829,0.040374562,0.016012011,0.02758688,0.037121918,0.09719067,0.019974131,0.059349857,0.013824387,0.052695915,0.026247336,0.037954643,0.055595428,0.031490404,0.01980755
HMMR,0.0070984364,0.014727047,0.013292749,0.011813986,0.011997132,0.009396619,0.012340993,0.013879585,0.32531556,0.016436106,0.012183744,0.0174698,0.054823834,0.011590279,0.010518143,0.0060968744,0.015361848,0.00703631,0.016538119,0.010851019,0.15692551,0.024418905,0.030998848,0.0061309813,0.0122043025,0.007299636,0.010692706,0.008851965,0.014959245,0.008831704
SPDL1,0.013746008,0.024609024,0.023566637,0.028433602,0.020737441,0.02117379,0.034559812,0.044855382,0.119648516,0.041877713,0.024947189,0.04386389,0.039809287,0.027212739,0.029458895,0.010904896,0.02944756,0.050759476,0.024702465,0.030797256,0.060231484,0.029863948,0.015559346,0.019888684,0.027999295,0.03985755,0.019858243,0.02063383,0.034298934,0.033029046
DUSP1,0.03801439,0.070842974,0.06407574,0.09378188,0.21408409,0.13551208,0.11536106,0.15671088,0.0391364,0.1166523,0.10338671,0.13829318,0.052131373,0.10474139,0.0991572,0.07174373,0.0565963,0.1163688,0.11577385,0.08707601,0.050225142,0.08253613,0.049361315,0.079981916,0.119101524,0.045727614,0.07167439,0.090638496,0.085527144,0.06459964
HRH2,0.040858865,0.021936856,0.022166666,0.024281077,0.08042009,0.076540306,0.026897697,0.047661263,0.013736186,0.036204513,0.032896135,0.0458345,0.016374452,0.038968496,0.025886018,0.017587254,0.016432248,0.01888191,0.024301179,0.022814175,0.014643416,0.018262561,0.01193043,0.015412814,0.038563292,0.028963009,0.042939376,0.02280155,0.02515478,0.033580065
AC139491.3,0.0006155983,0.000729978,0.00080915116,0.0008692496,0.00087831524,0.00081078184,0.0010126918,0.0459176,0.0005276329,0.0011302482,0.0010023854,0.001383046,0.00039527597,0.0010985115,0.0008199822,0.00053010305,0.0006152008,0.000537133,0.00087375916,0.00079813285,0.00052590965,0.0007013291,0.0005116317,0.00051837415,0.0009338856,0.00080139516,0.000702892,0.00084470003,0.0008293732,0.00057830464
MXD3,0.021024559,0.03810835,0.025856828,0.027229743,0.049520317,0.08462305,0.02466559,0.04013012,0.12988663,0.033170335,0.032668192,0.035862777,0.024845915,0.022859402,0.029702747,0.011947402,0.0125511885,0.032444283,0.024157679,0.033930406,0.08401349,0.030369297,0.024710283,0.01500121,0.029989142,0.022751424,0.025834072,0.025065197,0.029604504,0.03096271
HNRNPAB,0.07544396,0.07456659,0.07101086,0.08484458,0.07629312,0.07263469,0.107313454,0.12009472,0.07482425,0.11715858,0.109865956,0.11638823,0.074296914,0.09636543,0.09179126,0.049398474,0.07273571,0.060268503,0.10726271,0.099892065,0.09864707,0.08642226,0.037568696,0.058334887,0.109707475,0.086160995,0.07791794,0.086517684,0.09697423,0.069782905
RUFY1,0.024121827,0.040477972,0.038162656,0.047188237,0.046263434,0.03584707,0.0445122,0.054704335,0.019164076,0.053408176,0.046537217,0.07183774,0.020888634,0.056011736,0.043574367,0.020445231,0.027799932,0.044901136,0.04137452,0.043147825,0.021855474,0.039563794,0.01793441,0.16586828,0.05293101,0.032844774,0.03532911,0.03219742,0.035385013,0.033867538
RNF130,0.10177908,0.0589945,0.055917323,0.06825448,0.17946488,0.10666987,0.07828917,0.09811443,0.033169206,0.08754234,0.094382785,0.10595399,0.030515082,0.08209289,0.07328065,0.038397595,0.08571916,0.054824933,0.06941582,0.07037369,0.038682844,0.06121849,0.03921928,0.051174365,0.080039576,0.052492768,0.1339517,0.06149064,0.060353305,0.10101907
SCGB3A1,0.010887283,0.013218997,0.013739116,0.015351997,0.016892979,0.06697449,0.01815495,0.060909864,0.009791898,0.052527513,0.03213721,0.10591299,0.007703113,0.04438337,0.029211756,0.0118741505,0.011079643,0.014335777,0.060227934,0.01477566,0.009093879,0.012937457,0.007993313,0.0100773545,0.058487616,0.014637473,0.029436326,0.065880194,0.021958956,0.010495678
IRF4,0.2144347,0.049029652,0.046111938,0.06895049,0.032402445,0.027582157,0.032769315,0.056389913,0.028659148,0.039260667,0.029579608,0.049027935,0.029117418,0.037482113,0.04011901,0.01869199,0.016228242,0.01931852,0.026222428,0.04470426,0.024719028,0.023974437,0.109467156,0.017546514,0.035029083,0.03239306,0.07273167,0.053773776,0.036619846,0.24538903
FOXQ1,0.00033958847,0.0003851254,0.00038445444,0.00043080692,0.00044963005,0.00037664422,0.00047511212,0.00059320335,0.00025807336,0.0005485245,0.00053031155,0.00067413197,0.00022508018,0.000479197,0.00042024086,0.00025469757,0.018201157,0.0002736695,0.000410397,0.0004115096,0.00022165627,0.00040787927,0.00022843132,0.0002442044,0.00050927786,0.000319775,0.0003465758,0.0003715406,0.0004355476,0.00031223233
FOXC1,0.0014079438,0.0019786758,0.0020579775,0.002383756,0.005485074,0.008206411,0.002492616,0.0031537116,0.0008627665,0.0027642667,0.0023988308,0.0033957963,0.0010348822,0.0026289185,0.0022476641,0.0017281,0.0012720999,0.0017532211,0.002181306,0.003862141,0.0012102529,0.03922628,0.0011243816,0.010253742,0.0074042943,0.0018548134,0.0016343651,0.0021777304,0.0018806019,0.0016957764
SERPINB1,0.04926583,0.06615852,0.060061157,0.073030084,0.11265492,0.062563084,0.09350421,0.116997816,0.03287492,0.097530834,0.09668587,0.105839536,0.035884734,0.09383714,0.080954835,0.04616116,0.12520285,0.07040438,0.08789554,0.08960499,0.040000442,0.06760325,0.03845265,0.07773649,0.0982852,0.06139853,0.052192453,0.08371549,0.08365537,0.043125894
SERPINB9,0.053649426,0.058412835,0.06413759,0.08233338,0.10422567,0.077668294,0.080095895,0.120391004,0.020577842,0.09170426,0.08362126,0.12448125,0.04157768,0.097569615,0.09598161,0.03652505,0.038183227,0.03800949,0.076803476,0.09850413,0.042490724,0.068311654,0.025545647,0.040745173,0.095291585,0.08404177,0.05540496,0.063241616,0.086697474,0.050328847
TUBB2A,0.023444617,0.030598342,0.015938953,0.014600007,0.018049734,0.026507419,0.028033506,0.032234233,0.008185173,0.029380538,0.027604597,0.024988085,0.0073482087,0.024080198,0.02280972,0.037447836,0.012276939,0.008168966,0.03253177,0.013447623,0.012565409,0.011619645,0.0064394725,0.056746416,0.019581757,0.017211718,0.010581605,0.026496086,0.019553259,0.007326567
PXDC1,0.017858148,0.0145423915,0.05557521,0.008515696,0.012420348,0.008179959,0.0073222793,0.009147436,0.0037113714,0.008135177,0.009102088,0.00888696,0.0030860186,0.006683595,0.006875434,0.004376946,0.0045930548,0.010019517,0.012662482,0.008244155,0.0034905386,0.0051602544,0.003239077,0.021709606,0.007767641,0.027039738,0.038637895,0.006198167,0.005173908,0.0053438568
F13A1,0.035901394,0.022751972,0.024729982,0.026364265,0.07336833,0.025604216,0.03092581,0.042631593,0.020836849,0.03679373,0.03154516,0.039628115,0.013782147,0.031404644,0.030572543,0.01839204,0.015506152,0.022618208,0.029949967,0.026161518,0.017593617,0.029316345,0.011596391,0.26219752,0.031113535,0.01953619,0.06231246,0.027076717,0.027061896,0.026664676
LY86,0.0868881,0.10607598,0.14149944,0.131484,0.16103218,0.088141955,0.07270118,0.08592495,0.02852663,0.08340584,0.07187964,0.08952227,0.03228405,0.070475206,0.05674219,0.044194814,0.040078364,0.049491253,0.061288007,0.060369927,0.037504666,0.04972147,0.03098302,0.043904196,0.073671624,0.14493929,0.16458875,0.06020742,0.06584207,0.04376579
DSP,0.002536894,0.016873779,0.011852496,0.05269622,0.0032692682,0.0032940402,0.0043148124,0.0054984908,0.002119971,0.0045743524,0.0040562893,0.005391817,0.0017863616,0.004550673,0.0034040343,0.0024573684,0.0022490874,0.0022760383,0.0035163476,0.0042458433,0.0024589554,0.00315407,0.0020938641,0.002297872,0.0045959577,0.0030236586,0.0029871557,0.0030991372,0.0035555288,0.0026669314
TXNDC5,0.041193195,0.022995686,0.023878783,0.026237024,0.021588385,0.015995486,0.021576354,0.04010177,0.0135864895,0.023987837,0.033822387,0.025698116,0.028850539,0.020442778,0.015106926,0.008911987,0.043015495,0.011535551,0.02495418,0.026199985,0.014749255,0.02552191,0.40494603,0.011472894,0.027260166,0.041718874,0.021282129,0.014460663,0.019609503,0.09040281
TFAP2A,0.00020759003,0.0061894697,0.0003848034,0.00036614548,0.00034899433,0.0003464749,0.0004531547,0.000562826,0.0002000728,0.00045931275,0.00046331307,0.0005190136,0.00023041235,0.00042986503,0.00039158115,0.000181723,0.000229996,0.0002845128,0.00041200293,0.00041462207,0.0002111377,0.000318199,0.00020454577,0.00024411346,0.00047770824,0.0003370166,0.000293422,0.00029662772,0.00029876275,0.00033556452
TMEM170B,0.05437049,0.034704536,0.02687845,0.028596047,0.12857689,0.061926976,0.032396663,0.047883496,0.01258432,0.04398925,0.034834474,0.04458554,0.016293375,0.036197167,0.029821062,0.018827762,0.034272987,0.020044854,0.03155071,0.028080089,0.01699896,0.026223116,0.013279856,0.018916102,0.03593035,0.020568887,0.043538928,0.027379092,0.03054765,0.041059013
EDN1,0.0019637996,0.0071897744,0.009270355,0.009998681,0.009764898,0.011797478,0.0064264694,0.013572694,0.002162225,0.01631013,0.0051211934,0.014232059,0.0017839299,0.007348921,0.009666392,0.0021649045,0.018399103,0.0033586344,0.0035900916,0.0034685903,0.002072816,0.0222576,0.0050157774,0.012589356,0.013876559,0.0026328897,0.005338792,0.0036022153,0.002832855,0.011908666
PHACTR1,0.08048569,0.053256672,0.04386439,0.09117039,0.06441591,0.040630165,0.034013133,0.039744206,0.011822033,0.032686822,0.033130907,0.042585455,0.010446977,0.03144486,0.029679492,0.015892908,0.031716753,0.023119468,0.026984958,0.027889434,0.013604879,0.02391564,0.013109743,0.01862106,0.030287134,0.04584141,0.09417659,0.027766544,0.02905674,0.11610472
CD83,0.024111386,0.053153556,0.04367202,0.077860855,0.10000849,0.06587317,0.0410119,0.047847677,0.014190962,0.042447377,0.04142616,0.054196734,0.014457479,0.038359426,0.03354889,0.027219495,0.022569012,0.027836638,0.034985453,0.03329623,0.0189085,0.029491581,0.014123177,0.02345366,0.041779146,0.05498017,0.04924573,0.02676866,0.03183148,0.026428027
GMPR,0.012180206,0.009776758,0.011376568,0.0113328975,0.01604701,0.021588447,0.018043933,0.019853298,0.0073419744,0.014888775,0.01574226,0.020909557,0.008435684,0.0175483,0.017605714,0.080280475,0.049415354,0.0088761775,0.011588913,0.014078297,0.0089566,0.011963735,0.0063819117,0.2156006,0.016149618,0.025972795,0.014998503,0.0116680665,0.01265408,0.013575525
CAP2,0.0007170209,0.0008309257,0.00087005604,0.0008404189,0.0014443649,0.00087718834,0.0011847197,0.001318402,0.010541572,0.0012718482,0.0011998744,0.0012862028,0.00040095826,0.0010872397,0.0010011635,0.00064808637,0.0005864117,0.00075009104,0.033978242,0.0009413869,0.0006159797,0.000911603,0.00045687397,0.0005495764,0.0010548175,0.0008912844,0.00086113904,0.0009617971,0.0010556314,0.0006963572
KDM1B,0.05894092,0.05518887,0.04532678,0.050179053,0.11636414,0.16658185,0.0552247,0.059302572,0.022207547,0.063584596,0.05344236,0.06640371,0.03209536,0.052468855,0.04426153,0.022278596,0.031170394,0.02369637,0.052756373,0.045076635,0.028775793,0.039034825,0.02062086,0.024550881,0.06049597,0.093342744,0.062847376,0.052795302,0.04969611,0.041076865
RNF144B,0.027965276,0.023357982,0.024188645,0.022601893,0.08127656,0.084405884,0.026959933,0.034371827,0.014006983,0.028770305,0.025212765,0.03382809,0.013867871,0.024279995,0.024585899,0.015088463,0.018460114,0.014469787,0.02539425,0.020738594,0.014579211,0.022189187,0.010604119,0.015684742,0.026077226,0.03136908,0.03615017,0.021864653,0.021064648,0.024122717
SOX4,0.16214477,0.03282185,0.036225274,0.041414343,0.07091094,0.046507183,0.03396344,0.066900514,0.017319307,0.039643988,0.03681288,0.05609316,0.013566356,0.03964082,0.03947909,0.01916246,0.1590628,0.06612991,0.03461717,0.041371457,0.028147938,0.07293495,0.014528733,0.025799662,0.03520671,0.058352124,0.038578972,0.031039944,0.040333617,0.13820884
PRL,0.0008046019,0.0011245874,0.0011457923,0.0013780502,0.0043146377,0.0011915016,0.0014805518,0.0018190005,0.0009127867,0.0016136209,0.0016463267,0.009304918,0.00068521546,0.0015328837,0.0013614151,0.0006722859,0.0074730846,0.0011315577,0.0012924116,0.0012672131,0.0006867954,0.0010324824,0.00071611104,0.0008108797,0.001657262,0.0010612657,0.001099673,0.0011785586,0.0013342547,0.0009980686
AL133264.2,0.00050409214,0.00048534988,0.0005099284,0.0005214089,0.0033334251,0.0004552641,0.0005780703,0.00076881004,0.00030423704,0.00071320345,0.00063127367,0.00070344616,0.00026112385,0.00056682277,0.00048957416,0.00039098324,0.00032820797,0.00033878654,0.000574391,0.0005030144,0.00032418137,0.00042999588,0.0002529187,0.00032621433,0.0006465842,0.00048565463,0.00044049745,0.00046991542,0.00046583288,0.00042195932
GMNN,0.017455656,0.026008837,0.017953472,0.030242538,0.022419922,0.019613227,0.026954543,0.035350785,0.12449442,0.021342073,0.026330942,0.029186036,0.11930733,0.0193942,0.022678277,0.016571505,0.026461208,0.012982449,0.017136402,0.026271991,0.11102453,0.029773697,0.024296818,0.008567173,0.02068761,0.053270597,0.028311318,0.015639044,0.022531483,0.01335595
HIST1H1A,0.05032129,0.00688451,0.0055489372,0.0064799753,0.006385955,0.005323155,0.02448998,0.021075722,0.047261126,0.0151666,0.01066912,0.020954685,0.01296132,0.017479362,0.009907143,0.01635884,0.012729119,0.005356444,0.016265457,0.016800944,0.027793933,0.0054414766,0.005727963,0.0050939103,0.008442865,0.058949888,0.010736607,0.015307601,0.013951711,0.0072769765
HIST1H3B,0.007269799,0.009997945,0.011063694,0.01304999,0.009254733,0.007736897,0.011609824,0.014667802,0.23583281,0.014187021,0.01218036,0.0197682,0.036559884,0.011111099,0.016819077,0.005554833,0.015844392,0.0067965807,0.009492353,0.01127083,0.14487141,0.019893788,0.032287966,0.00670068,0.012128357,0.008679663,0.0072275596,0.010689457,0.010966347,0.006836483
HIST1H3C,0.003561215,0.0040512746,0.0038012583,0.004034864,0.0036997881,0.0038117804,0.0043916246,0.008793495,0.057229463,0.0100738155,0.007234626,0.0076995026,0.0133024985,0.0045389123,0.0045238947,0.0023258566,0.0023766544,0.0027723992,0.0039366754,0.011652635,0.089970194,0.004210979,0.015474341,0.0029159705,0.005015371,0.0036024156,0.0029947478,0.011070464,0.004050389,0.002811759
HIST1H1C,0.046013933,0.048355073,0.04591715,0.0647078,0.049669925,0.039604537,0.0705734,0.08498666,0.054621797,0.079743706,0.06981527,0.07898482,0.034184486,0.059059586,0.06570047,0.036241516,0.03348047,0.03720948,0.07304998,0.07552808,0.050907113,0.060187332,0.025682803,0.052355777,0.082970664,0.03409435,0.039261233,0.066318385,0.063507505,0.045604065
HIST1H4C,0.04780579,0.055007733,0.05122628,0.07323018,0.05323853,0.049677517,0.08352853,0.10615901,0.12806566,0.08263311,0.08741761,0.09427263,0.049945574,0.0797298,0.07094242,0.032953057,0.035598554,0.05724522,0.09567742,0.0844239,0.09871199,0.07412413,0.04087127,0.048359267,0.08286595,0.039995994,0.03528035,0.08705102,0.07420831,0.043322396
HIST1H2AC,0.022702578,0.03947852,0.040152375,0.04336904,0.040436324,0.03659593,0.04387594,0.06476843,0.017768238,0.052903872,0.05835208,0.07142822,0.02024371,0.056866866,0.05185031,0.021868363,0.037523843,0.032053683,0.04576077,0.04661905,0.023674222,0.033763316,0.014195548,0.26113877,0.05029951,0.025697103,0.030954007,0.046843704,0.04044654,0.040282756
HIST1H1E,0.068977565,0.06927039,0.07636299,0.096802466,0.08397,0.063743375,0.1277728,0.14000164,0.051137373,0.1232505,0.117668085,0.13697098,0.05943653,0.109820396,0.12071963,0.061728172,0.046065927,0.095479555,0.10979194,0.10620665,0.07129669,0.089215636,0.0395066,0.07055625,0.108855404,0.0541812,0.055441957,0.09643036,0.11798847,0.06383716
HIST1H4D,0.007205464,0.01465762,0.014593761,0.015586913,0.008825935,0.0069455206,0.015986342,0.012634096,0.072751254,0.015754582,0.012084146,0.022542344,0.03346514,0.014736543,0.009491248,0.0052858805,0.006436607,0.004689091,0.02812385,0.014906897,0.031994324,0.008352007,0.0064310604,0.0039940444,0.007922732,0.013867549,0.0068990155,0.008804957,0.022658378,0.008365522
HIST1H2BG,0.013020127,0.028022842,0.032058075,0.038307987,0.023439024,0.017950956,0.03467049,0.034290705,0.015329803,0.03587099,0.034654267,0.038887836,0.010369311,0.034082465,0.03622739,0.013355697,0.0478143,0.027335677,0.025095006,0.03178936,0.02580558,0.022953812,0.015185323,0.057372194,0.05309049,0.019580195,0.018526059,0.032716304,0.025995284,0.02965379
HIST1H1D,0.0484316,0.053792454,0.060743548,0.07427115,0.061869733,0.053101413,0.09908284,0.09776806,0.046675704,0.09140344,0.08684217,0.09666935,0.039784998,0.0758084,0.0843001,0.037931904,0.02991491,0.04277641,0.08164857,0.09272446,0.06003858,0.07374605,0.032884285,0.052154202,0.08763613,0.058350034,0.048460424,0.069859736,0.06727873,0.06413797
HIST1H3F,0.006171401,0.01368442,0.010129742,0.009051113,0.012581175,0.026219895,0.010524246,0.013166853,0.22900565,0.011473886,0.011336921,0.019338263,0.059137885,0.012062702,0.0136018945,0.005693681,0.009329348,0.0053017465,0.009489799,0.022721585,0.18017997,0.0077885697,0.012809882,0.005952072,0.010539523,0.0092676645,0.013519912,0.008490186,0.02136099,0.007940985
HIST1H2BH,0.026991123,0.012034225,0.010683877,0.016509723,0.013085135,0.010581914,0.015894433,0.015895039,0.07849692,0.01108676,0.012303724,0.01550326,0.017629493,0.012881637,0.012469983,0.010298457,0.012605625,0.004895655,0.0099967895,0.013890569,0.043385487,0.016688952,0.02709463,0.029811604,0.008104205,0.012604929,0.00858096,0.018563248,0.00940681,0.0105612455
HIST1H3G,0.0041918135,0.006442375,0.00487405,0.005303559,0.0058902055,0.0060197883,0.006685172,0.0070139533,0.10486555,0.0070449994,0.0073760063,0.008172902,0.015859868,0.005789804,0.0077784136,0.0038108644,0.012553936,0.00283945,0.0054093995,0.0061186166,0.096495174,0.0046917545,0.012005076,0.0032391422,0.0063345158,0.0048078904,0.005550747,0.0057485336,0.005097903,0.0030782996
HIST1H4H,0.009952909,0.027427796,0.01526776,0.024375169,0.021633377,0.013481203,0.020723056,0.025994632,0.06033314,0.033248466,0.023448007,0.033763487,0.037022028,0.034095366,0.024114367,0.009000173,0.015365395,0.029004587,0.01729612,0.02277702,0.032691672,0.015648905,0.023872592,0.041836046,0.016266536,0.017037435,0.010886761,0.032692708,0.018308293,0.014702971
BTN1A1,0.0006457747,0.000859469,0.021817693,0.00088606426,0.000846641,0.0007969446,0.000999781,0.0012130255,0.00049001654,0.0010952954,0.00095310685,0.0012666889,0.00051451335,0.0010624633,0.0008620496,0.00066368014,0.00060311006,0.0006082509,0.0009160337,0.0008534491,0.0005049894,0.0006786626,0.012081429,0.0005313082,0.0010739613,0.000786856,0.00081303366,0.00087559386,0.0007665808,0.0006235394
HIST1H2BJ,0.011740158,0.014448575,0.013058801,0.02181613,0.015757455,0.013673284,0.018464984,0.021964353,0.016177211,0.023631008,0.017891228,0.026986524,0.009631529,0.018677479,0.016847905,0.009294545,0.01327808,0.010733257,0.019165829,0.01641306,0.0218753,0.0145573765,0.0119930385,0.23133463,0.02370076,0.013533793,0.012577196,0.020547181,0.015935227,0.017905053
HIST1H2AG,0.012900541,0.027835079,0.027103199,0.02340711,0.016419942,0.017005675,0.02567983,0.03484627,0.04749165,0.035197012,0.0331438,0.034879558,0.035210162,0.03159739,0.026677996,0.011900933,0.02817249,0.0221253,0.028119558,0.028918605,0.060660828,0.023669833,0.010055036,0.066403955,0.025320966,0.021399997,0.018015685,0.02333745,0.024752155,0.013972156
HIST1H4I,0.004789307,0.008510965,0.01417677,0.009943136,0.0067618354,0.0070073158,0.006110897,0.018600585,0.10260642,0.012597883,0.0076550925,0.0082037775,0.010950311,0.008584808,0.006105836,0.0037529052,0.00414116,0.0039676894,0.008949338,0.010296944,0.07971554,0.0051423702,0.012529771,0.025055211,0.010370003,0.020694802,0.004584443,0.0066606724,0.0048412206,0.00543922
HIST1H2AH,0.014627268,0.041925017,0.03340683,0.05692228,0.024785545,0.02320712,0.06872097,0.03354006,0.15301253,0.0363162,0.049810056,0.037973125,0.07762859,0.048992347,0.04218199,0.014380636,0.032220464,0.017848684,0.034681387,0.06416696,0.197703,0.06604052,0.033864476,0.014374505,0.02780189,0.03495505,0.07028801,0.029369036,0.03928699,0.032821346
HIST1H2AI,0.0049849204,0.014959828,0.015273459,0.012479661,0.010180698,0.012050234,0.009011748,0.013115883,0.12987292,0.01449189,0.011594813,0.015018971,0.01807225,0.017966785,0.014497461,0.0051396936,0.011763051,0.0050895726,0.009829003,0.025372313,0.06670324,0.008969176,0.010292147,0.00986385,0.010715195,0.0080660395,0.0067806477,0.008159485,0.0072161434,0.016428648
HIST1H3H,0.013597794,0.014856105,0.015446113,0.015772726,0.015924873,0.0141896475,0.02107969,0.024905156,0.020253872,0.023055818,0.021014413,0.024142949,0.008674385,0.025418071,0.018956382,0.009215302,0.013462234,0.011347479,0.016997375,0.018510299,0.021666005,0.012416812,0.00816755,0.2004536,0.020000067,0.015100925,0.015158629,0.018718574,0.015694365,0.012655055
HIST1H2AJ,0.0062303427,0.015513453,0.016104203,0.014630219,0.011153171,0.0121601615,0.01203833,0.019343914,0.22142097,0.013602301,0.016138094,0.017258884,0.088076144,0.016084092,0.013626953,0.006868385,0.009151762,0.006714717,0.010932152,0.020910123,0.098493375,0.01695945,0.01594536,0.013595512,0.018898558,0.04878856,0.00960834,0.046301402,0.016888177,0.009489443
HIST1H2AL,0.022649106,0.0164159,0.022060275,0.034372143,0.017948976,0.020750398,0.01885367,0.023434231,0.065112635,0.019070426,0.014395613,0.018191263,0.027987411,0.013997822,0.016742092,0.0070826397,0.017030716,0.008916096,0.0139604695,0.02427228,0.05673128,0.018834995,0.016259808,0.011266681,0.016349437,0.056174364,0.017746672,0.012150956,0.015277608,0.025593309
HIST1H1B,0.06279709,0.044697795,0.0435982,0.051172327,0.037081614,0.027884958,0.049345147,0.049782068,0.23414083,0.0477259,0.039887626,0.051418185,0.12521333,0.041374587,0.051501554,0.016955804,0.04238114,0.028811486,0.031577338,0.065360524,0.17259766,0.037697013,0.035847392,0.024380038,0.036125064,0.067278296,0.040878505,0.037435766,0.05533719,0.062637016
HIST1H2AM,0.010992362,0.018662903,0.010060839,0.015753837,0.011854751,0.009691462,0.027107337,0.014193214,0.0708305,0.014061665,0.017485967,0.015677083,0.034518987,0.01692994,0.017554637,0.004252701,0.014284412,0.007935153,0.012459434,0.016087253,0.039866935,0.022219846,0.00773745,0.007845032,0.010277187,0.017806975,0.016122185,0.025703643,0.012042599,0.013174328
LINC01556,0.0004733597,0.00058522314,0.00062389165,0.0007282131,0.0006544733,0.00056826486,0.0008064259,0.018591031,0.00046841512,0.0009735762,0.0008085565,0.0011027469,0.014391793,0.00079860527,0.00069293194,0.0005395794,0.00056710816,0.00048616555,0.0007487102,0.00073111826,0.00050469773,0.00061856,0.00048596636,0.0004633464,0.0008147145,0.0005726911,0.00054593396,0.00052969845,0.00061824545,0.000552066
TUBB,0.055553608,0.07724532,0.0784203,0.0906524,0.08519914,0.079529464,0.11764298,0.12236848,0.22619908,0.10937222,0.10871257,0.12873837,0.123211324,0.09983212,0.086549275,0.052805126,0.06529014,0.07630852,0.09569118,0.10206271,0.21347514,0.078544,0.044470627,0.07090418,0.11865782,0.040322684,0.05226339,0.10372461,0.09675771,0.060880702
IER3,0.030215735,0.033611428,0.033394277,0.039859876,0.15875414,0.06142043,0.045997452,0.057914637,0.014794586,0.046307843,0.047928546,0.06627955,0.023053747,0.045688175,0.042461265,0.022737298,0.023009535,0.03010308,0.037142757,0.04121333,0.020875406,0.034818303,0.018899221,0.03952041,0.046366747,0.032568958,0.054900277,0.03599056,0.041496046,0.03135835
TNF,0.03742511,0.027086165,0.028938115,0.026987126,0.10582639,0.115331106,0.04696352,0.042662278,0.01288139,0.04751198,0.04471897,0.038023394,0.017385999,0.031729005,0.03133027,0.01861226,0.016023476,0.025038835,0.05509837,0.027660076,0.02112542,0.02652967,0.015795464,0.029094359,0.04250355,0.025211988,0.03089808,0.028990423,0.040006295,0.026809214
LTB,0.05090293,0.12663725,0.14661591,0.12347212,0.15475346,0.08786793,0.15345493,0.18812892,0.059894454,0.21602604,0.16914186,0.12796101,0.058125168,0.16650881,0.119410776,0.08519366,0.096320316,0.11680051,0.13239421,0.13431972,0.07924356,0.085849255,0.08945027,0.09361191,0.14176787,0.109221116,0.15281534,0.07489658,0.10932786,0.075248785
LST1,0.06474817,0.05217541,0.053556178,0.064490534,0.15132017,0.25492227,0.07918973,0.099499114,0.041103285,0.081532575,0.08146812,0.096750356,0.030012961,0.07793186,0.066118665,0.04573637,0.035776507,0.062136747,0.084661834,0.064462595,0.034084197,0.059718933,0.034798235,0.05895613,0.07735693,0.034217887,0.11038587,0.062146716,0.058687452,0.040597264
NCR3,0.059833493,0.108703025,0.1055335,0.11792225,0.073523425,0.06618744,0.11352955,0.1132856,0.053777054,0.11713973,0.1212261,0.13321018,0.057138294,0.1185042,0.13428612,0.05744127,0.04068206,0.14112215,0.49739778,0.23383522,0.13030298,0.20051616,0.044340312,0.0630858,0.10183751,0.07204783,0.0631777,0.07943213,0.24733625,0.056259677
AIF1,0.027317682,0.064062916,0.0730705,0.08384027,0.19542634,0.234308,0.094134696,0.105199605,0.041077092,0.09361353,0.08883406,0.11311445,0.03503766,0.082270846,0.08099896,0.060643155,0.07280995,0.07231745,0.081218965,0.07817526,0.04442681,0.05842295,0.04842896,0.06337829,0.08945935,0.10863848,0.13532077,0.07590155,0.072467014,0.039574817
LY6G6F,0.0028023918,0.0037496195,0.0035717683,0.0043814075,0.0048657255,0.0039014944,0.006837236,0.0065823933,0.0030002887,0.0051721567,0.00504559,0.006989977,0.0017755298,0.0045545804,0.004142918,0.002550782,0.002903556,0.0030853932,0.004673029,0.0041110804,0.0025373972,0.003401075,0.0023906531,0.08321412,0.0051372014,0.0036285825,0.003339618,0.0036913154,0.0035024884,0.003020898
MPIG6B,0.008963413,0.010577412,0.009808625,0.010500421,0.012752934,0.008166307,0.011763317,0.015349107,0.0048796763,0.012721645,0.010554427,0.01602091,0.005396574,0.0120799,0.010815698,0.0068973205,0.0112560075,0.0070690284,0.010266163,0.011290222,0.00672504,0.011544342,0.0055031306,0.18455113,0.009877814,0.008623802,0.008830446,0.008551113,0.008921899,0.014316604
HLA-DRA,0.069888525,0.097608104,0.10372678,0.120763235,0.07301928,0.06975147,0.0704387,0.088102594,0.032259416,0.066455126,0.07460828,0.094904914,0.02368472,0.066410534,0.057601817,0.033079535,0.026972251,0.042633615,0.061727833,0.0532142,0.02964521,0.037577607,0.021397423,0.036779836,0.08057197,0.12589628,0.12554467,0.050092176,0.048240777,0.056614056
HLA-DRB5,0.08282043,0.09113517,0.0725219,0.09431257,0.077148035,0.085322976,0.05459148,0.07406997,0.024157032,0.06392809,0.06364816,0.07326488,0.026158765,0.053197037,0.04904115,0.025816834,0.030926302,0.033706747,0.05155104,0.04512712,0.026170159,0.04524415,0.021010531,0.03516901,0.059606165,0.14263384,0.13631593,0.03717198,0.047622368,0.07026466
HLA-DRB1,0.092982076,0.09681939,0.09918062,0.11857128,0.07446193,0.08591457,0.063320376,0.09617412,0.023559,0.088075146,0.072226696,0.10805429,0.02318951,0.07807319,0.0519239,0.044258047,0.024985848,0.03865419,0.06907617,0.052468933,0.027508741,0.04344626,0.015987718,0.043305606,0.07902051,0.19222851,0.143305,0.050032336,0.04545538,0.056155194
HLA-DQA1,0.11856514,0.12747891,0.12958778,0.13432711,0.06584869,0.06307229,0.053449016,0.06316375,0.021498132,0.059748076,0.055528462,0.07087204,0.023740169,0.05486575,0.04701462,0.020828974,0.0308196,0.030454205,0.045819353,0.050951865,0.023999909,0.04094418,0.024264107,0.029998697,0.058598537,0.24142195,0.17938589,0.047752466,0.044448834,0.060395803
HLA-DQB1,0.0808296,0.12647694,0.122660585,0.1551437,0.08272909,0.057332095,0.07057236,0.10580411,0.028770223,0.08947572,0.07631384,0.0954582,0.033047266,0.075907774,0.06242631,0.046907008,0.026809964,0.05385095,0.06985161,0.064108744,0.032966085,0.05063959,0.020136202,0.0438252,0.07868149,0.28928313,0.20351452,0.060353838,0.06639654,0.06635026
HLA-DQA2,0.12143477,0.0739074,0.077710286,0.09103944,0.055541504,0.04823854,0.033282127,0.034037277,0.013089339,0.030501643,0.029891599,0.03366236,0.010161002,0.029957686,0.031310376,0.017606555,0.015279431,0.014466396,0.02669756,0.027473751,0.0138197215,0.03101953,0.014139973,0.019192455,0.029132904,0.12743378,0.10791925,0.024620585,0.024272865,0.047758825
HLA-DOB,0.009099717,0.064131826,0.054734804,0.09757611,0.01206119,0.011738802,0.016958687,0.016178003,0.0067365547,0.016161628,0.016132995,0.017108241,0.0050101057,0.013571344,0.012326738,0.008109117,0.008171398,0.009156138,0.0120195355,0.011555592,0.006694945,0.010576845,0.007241534,0.0069817356,0.015748778,0.083899155,0.015824154,0.010757358,0.015089825,0.009123211
HLA-DMB,0.09093277,0.09411702,0.09698248,0.13913909,0.08846906,0.04894866,0.062222507,0.07158732,0.026611801,0.059519988,0.06646736,0.07727993,0.02487864,0.06097907,0.057001095,0.027665313,0.034984197,0.038777113,0.058976863,0.050254807,0.022962017,0.041778628,0.024896573,0.03242868,0.061121214,0.12016647,0.13397488,0.054298595,0.049390104,0.06333899
HLA-DMA,0.079415634,0.060019568,0.068895794,0.093780614,0.06343969,0.04409508,0.04600004,0.05520802,0.016035898,0.05399134,0.04805835,0.058786873,0.020239333,0.046650805,0.03813615,0.023241203,0.021489132,0.030266447,0.039828386,0.035816576,0.019982666,0.03604728,0.014233357,0.024709653,0.05050095,0.13813853,0.123332866,0.03817389,0.03542286,0.053509556
HLA-DOA,0.07380118,0.1051987,0.08807896,0.14484835,0.045003403,0.036845047,0.03353362,0.047740616,0.018546991,0.042492792,0.04088121,0.072091825,0.014618823,0.042297035,0.030387174,0.02085728,0.036458258,0.02109711,0.03179567,0.029187873,0.019822098,0.027897062,0.014909494,0.018657003,0.04330532,0.117746234,0.14756371,0.07960039,0.031938042,0.08901817
HLA-DPA1,0.12803563,0.10392573,0.09555142,0.10839708,0.06196569,0.11237686,0.048231617,0.100552745,0.027875056,0.09346672,0.085695125,0.11228301,0.022709394,0.07697327,0.048458494,0.04331226,0.024977325,0.039219994,0.06799455,0.055047527,0.029809065,0.04639642,0.019347677,0.049152505,0.08323949,0.18057878,0.16874292,0.06040253,0.056551147,0.06584332
HLA-DPB1,0.12214027,0.14766513,0.14686264,0.15531223,0.08098088,0.09509908,0.074428804,0.15007383,0.04345988,0.121134736,0.110950805,0.12105638,0.035870373,0.09565247,0.058407925,0.050421517,0.031161755,0.0543145,0.10405787,0.070518196,0.041403215,0.06335584,0.034155473,0.06540865,0.118468,0.28322616,0.19824693,0.065152965,0.074688196,0.086022556
KIFC1,0.007878786,0.010298663,0.0073303315,0.009157783,0.008189188,0.008147122,0.02145201,0.028306235,0.29055706,0.016731411,0.013135042,0.012351869,0.09725965,0.008733681,0.008080615,0.0068039284,0.029231953,0.005805501,0.021310301,0.012469956,0.2818584,0.0070787775,0.019745547,0.0050147516,0.010328553,0.010831517,0.0123289805,0.007897579,0.0077570654,0.006484971
HMGA1,0.052090317,0.049363323,0.06088244,0.05494561,0.050914627,0.037348967,0.06946409,0.09943792,0.07995145,0.07461389,0.07755389,0.1089054,0.052787278,0.07610359,0.057366174,0.030792916,0.08147787,0.031697534,0.062740214,0.049878016,0.05756903,0.04521845,0.030158525,0.032978676,0.06950883,0.10490781,0.051698323,0.07693027,0.05866141,0.06266746
PACSIN1,0.044941,0.011604579,0.012327524,0.01112811,0.0128684435,0.00987786,0.015547269,0.017495763,0.016229933,0.017515285,0.032103818,0.017810488,0.017590836,0.015107422,0.02022236,0.009464877,0.011069055,0.009083013,0.023064239,0.021187834,0.010217917,0.09030864,0.011134165,0.007727704,0.018564302,0.009809949,0.01035064,0.034161016,0.017339615,0.24839464
CDKN1A,0.058882874,0.036566973,0.03702987,0.040669482,0.11427262,0.0916697,0.03758479,0.052881896,0.022509562,0.0507119,0.04600409,0.04841679,0.020107452,0.039562494,0.034109797,0.031258315,0.021251883,0.022040905,0.04050436,0.03785194,0.032294407,0.029220147,0.023176763,0.09027527,0.045186613,0.036381967,0.08095806,0.033980135,0.03451962,0.037101086
CPNE5,0.006432523,0.05590597,0.10555894,0.033947013,0.014732458,0.011304786,0.012280513,0.017748507,0.006775544,0.015568934,0.014146654,0.016654668,0.0058593974,0.014463483,0.012139164,0.009456556,0.007658833,0.008241342,0.0114251785,0.014096205,0.005857867,0.010559667,0.040508684,0.04597338,0.01432027,0.01215142,0.010000641,0.014426735,0.01385981,0.008617311
FGD2,0.0815342,0.07480783,0.0741208,0.07757952,0.09260911,0.10386484,0.043889277,0.056279156,0.017766887,0.044210482,0.04118808,0.05958479,0.016883701,0.04577138,0.035889573,0.021974895,0.026076248,0.02646374,0.03992161,0.03427479,0.018002966,0.029518662,0.029047517,0.026639063,0.042928513,0.056555953,0.07330274,0.030522693,0.031086044,0.05283272
CCDC167,0.0312385,0.047191255,0.06673157,0.045059115,0.045790367,0.038505692,0.081109665,0.0796558,0.08128137,0.08753688,0.09510403,0.0703587,0.06490417,0.07286095,0.065417275,0.028105214,0.03027182,0.047821224,0.061930038,0.057440653,0.079361655,0.039557178,0.05533573,0.027255045,0.07107877,0.03010095,0.038131658,0.048649795,0.06893161,0.03052383
KCNK17,0.062335916,0.0029094769,0.003202696,0.0036209102,0.0033102816,0.0028830043,0.004135129,0.0048795063,0.0020219353,0.0043317657,0.0041938354,0.005065982,0.0017847188,0.0037453764,0.003318136,0.0018639055,0.04123717,0.08830239,0.0032818222,0.0032249507,0.0055404743,0.02486458,0.0019033118,0.0017806474,0.003918276,0.0022261096,0.004008048,0.0030360145,0.0031803348,0.11769093
TSPO2,0.00022926414,0.0004073513,0.00038979936,0.00045838533,0.00048171735,0.00039437806,0.0004883526,0.0006124176,0.0002697082,0.0005636909,0.000527849,0.0006196379,0.00023921994,0.0004561345,0.0058755176,0.1482179,0.0002856386,0.00037047124,0.00047836395,0.00044405644,0.00024054866,0.00038259765,0.00021150733,0.00026889375,0.0005218543,0.00035664742,0.00039089553,0.00046695102,0.0004159372,0.0003251792
TREML1,0.0075751445,0.008504046,0.008138347,0.009398242,0.011768335,0.009638144,0.012164834,0.014753321,0.0055187005,0.0139345415,0.0116922865,0.0140935425,0.004378939,0.01010842,0.009180661,0.0063812835,0.007394848,0.0064966264,0.010513138,0.009600833,0.0055339052,0.007836636,0.0044214837,0.1988295,0.012665717,0.008016398,0.008843124,0.009345907,0.009373965,0.007900549
TREM1,0.01457125,0.02427097,0.026253454,0.026596704,0.15531151,0.045823503,0.02827706,0.035252128,0.015273676,0.03218318,0.03310197,0.037394676,0.012158503,0.02957289,0.024321508,0.020128876,0.016879302,0.015896913,0.03307077,0.027434895,0.014480953,0.020528806,0.012750929,0.023261247,0.030575668,0.025402142,0.04280883,0.0257797,0.029779576,0.01637264
PTCRA,0.0058546746,0.008851033,0.008706349,0.00966762,0.00891701,0.00875885,0.009831318,0.013895759,0.004293888,0.011387317,0.011696981,0.014968891,0.003932616,0.013627217,0.010937054,0.005651459,0.006095922,0.005459637,0.009322336,0.009063077,0.004845398,0.006753466,0.0044001867,0.14961314,0.01068982,0.008058462,0.0071039028,0.009455871,0.00953031,0.11440439
VEGFA,0.009670334,0.01662199,0.0140858,0.017582556,0.076602,0.013864113,0.01764441,0.021555962,0.006405757,0.02056611,0.017441925,0.024753299,0.00733831,0.016935997,0.015940536,0.016274104,0.008471015,0.0133655835,0.014907162,0.01767127,0.008119679,0.011552902,0.011349704,0.00976935,0.017615415,0.0150485085,0.062239774,0.0141265765,0.015651766,0.011750764
RUNX2,0.12935762,0.031774044,0.03359984,0.033810165,0.04568783,0.028252596,0.06754819,0.07106994,0.036554247,0.07325214,0.07635941,0.17987874,0.034025565,0.0657287,0.05373255,0.022466855,0.045093067,0.104015574,0.09952331,0.03915092,0.039153077,0.11026539,0.028026802,0.022238573,0.049868785,0.03413844,0.047899943,0.055612404,0.054951817,0.1766832
AL096865.1,0.022561964,0.011735552,0.012587888,0.013052105,0.015063257,0.0122069325,0.04047627,0.018370202,0.010796288,0.030696157,0.033110663,0.025893863,0.008217149,0.022543337,0.024405885,0.008852013,0.01918565,0.008827418,0.02532464,0.014261351,0.010638535,0.029794445,0.0132987695,0.008789317,0.01501315,0.011737706,0.015472599,0.024245124,0.024642857,0.1986037
PLA2G7,0.01011736,0.013081213,0.012344067,0.0142639745,0.11349473,0.020886356,0.018634364,0.025541918,0.009454756,0.020332895,0.019796353,0.023419298,0.0076509877,0.022787156,0.017782591,0.023385407,0.010851919,0.011318858,0.015368068,0.016643165,0.008855905,0.015734622,0.007903961,0.027296182,0.01908011,0.01194506,0.04184117,0.012547397,0.0155916335,0.011307302
TNFRSF21,0.095700406,0.006852495,0.00806471,0.0074927583,0.010886465,0.007137962,0.015075346,0.011472513,0.0043877885,0.009430845,0.008629941,0.014157046,0.0031646194,0.009139602,0.007084213,0.0044825273,0.008026007,0.0049488004,0.007890525,0.0067290277,0.0053717457,0.0065070344,0.003963609,0.0050256997,0.0090838745,0.016329974,0.020914456,0.007325972,0.00818055,0.22580263
CD2AP,0.07917012,0.044572353,0.051316604,0.059102945,0.04627284,0.03808982,0.05602572,0.07328341,0.019645598,0.07127061,0.07229029,0.08527795,0.033067737,0.06221989,0.05066202,0.02329003,0.035568535,0.040188115,0.06284434,0.05675993,0.031355795,0.05983517,0.020498237,0.026142925,0.056982826,0.034351937,0.034536865,0.033649154,0.05023086,0.12093019
MCM3,0.028317343,0.048322942,0.05082745,0.047917347,0.03880756,0.033943217,0.05567908,0.0876988,0.09139813,0.07213278,0.06277355,0.10685335,0.1182622,0.077538334,0.053401656,0.019122515,0.04524007,0.044604816,0.05013215,0.07137012,0.1318246,0.03960067,0.028198529,0.02197048,0.0581368,0.033539534,0.06761453,0.05324569,0.051941913,0.037203174
GSTA1,0.00066033954,0.0008151916,0.0008335305,0.0009045187,0.0008927106,0.0007645797,0.001056518,0.0013695697,0.0005216262,0.0011419044,0.0010532296,0.0012924873,0.0004613456,0.0011150689,0.00089828635,0.0007001943,0.00054096396,0.0007078008,0.0009040578,0.0008666198,0.00050159503,0.0008607371,0.00041887214,0.017973606,0.001115441,0.0008575447,0.00078949286,0.0007918528,0.0008021536,0.0006781764
DST,0.09753435,0.030137284,0.033861,0.030442752,0.09458885,0.061237663,0.040820368,0.062583216,0.020376727,0.07764081,0.050031196,0.04961762,0.01730984,0.049565796,0.036411133,0.024031507,0.11867268,0.09453665,0.039110214,0.041986525,0.032750957,0.07695545,0.017697474,0.025245313,0.042250145,0.27322683,0.1628342,0.026526047,0.031033656,0.11295089
BEND6,0.12628539,0.0057365336,0.0051442496,0.007338606,0.0061542722,0.0046559367,0.0058602667,0.0075892797,0.0033458362,0.0069971974,0.007793503,0.008497052,0.002690577,0.0064023235,0.0067904047,0.003276651,0.021507205,0.0039182086,0.005731832,0.005210584,0.0034174894,0.007855685,0.003300194,0.0035976316,0.006453782,0.021356972,0.03220631,0.0045450875,0.005512263,0.13101639
AL365226.2,0.0005539183,0.0005862221,0.0005517168,0.0006110222,0.00062193716,0.00052706705,0.0007256645,0.0013667936,0.0003909794,0.00074473204,0.0007447832,0.00083734037,0.0003116163,0.00070931396,0.0006387188,0.00041380376,0.00040882739,0.00048515314,0.012869264,0.0006221722,0.00031507708,0.0005386347,0.00028588038,0.00040093777,0.19826011,0.0005229237,0.00060757785,0.00050064543,0.0006045314,0.000504062
OGFRL1,0.025376448,0.04818433,0.04653234,0.06438932,0.14586625,0.08653495,0.076377496,0.077857055,0.028935382,0.07207098,0.0693624,0.080262154,0.024486315,0.06586873,0.061135687,0.040787645,0.035193868,0.05558852,0.062017404,0.05518807,0.028841272,0.059952192,0.020359632,0.0493479,0.06567132,0.03817446,0.0898173,0.04472857,0.055308193,0.03915919
SH3BGRL2,0.020364419,0.019171903,0.018263057,0.019899936,0.021920966,0.019906288,0.024193874,0.029125094,0.010342763,0.03293498,0.032444682,0.06091535,0.011344671,0.037263885,0.025748227,0.01214944,0.02244269,0.016988399,0.04183962,0.017737342,0.0124772545,0.018238353,0.010049498,0.3222849,0.023082064,0.016308373,0.015967095,0.027306754,0.024839604,0.016618326
TTK,0.004449607,0.012622639,0.010337182,0.017855044,0.009294685,0.0059899087,0.007844187,0.009589347,0.16849162,0.011422959,0.012656898,0.023711741,0.0540462,0.006741683,0.007370287,0.004275714,0.01928588,0.0044815834,0.008070989,0.0071445755,0.12169966,0.00555807,0.013934819,0.0038301437,0.012710289,0.005558618,0.004946662,0.020576824,0.0119617265,0.0045413217
TENT5A,0.04166335,0.03787614,0.03547538,0.06158889,0.09701344,0.11285522,0.059391085,0.07839571,0.018053928,0.05646698,0.055123426,0.063435346,0.023982499,0.0433641,0.048265927,0.026607797,0.070189916,0.0473303,0.057782654,0.075235836,0.04325518,0.053016827,0.020250585,0.0325574,0.05092682,0.053247612,0.068553515,0.037311222,0.058088336,0.03260417
PRSS35,0.004428303,0.005150838,0.004998644,0.005784917,0.00575452,0.0055643423,0.0062316316,0.0075936797,0.0029285047,0.007626285,0.017483793,0.011237302,0.0029031,0.0068171048,0.0057514673,0.0034847253,0.0031895598,0.0042522084,0.20846595,0.006309022,0.0031412505,0.0048424653,0.0026023572,0.0034702169,0.0068503665,0.004954574,0.0050513125,0.0055706413,0.013685618,0.0042388756
NT5E,0.02095711,0.042876314,0.14378864,0.1484299,0.027995482,0.025528982,0.034430426,0.049030382,0.012916915,0.06372467,0.054639053,0.13940585,0.015157096,0.09210007,0.037056085,0.02391963,0.01848642,0.021347802,0.0319291,0.029468087,0.016882377,0.024479734,0.014812636,0.021376338,0.044130743,0.026516559,0.021411892,0.044777747,0.078270406,0.02010333
UBE2J1,0.065009795,0.07974351,0.11062623,0.092584416,0.09250294,0.088832155,0.096995614,0.10019022,0.030039186,0.1009752,0.097667865,0.10459096,0.028860798,0.076395,0.07189767,0.046157535,0.04918224,0.07575593,0.08352078,0.07570845,0.03807056,0.06215232,0.15834501,0.06867591,0.10021345,0.036930535,0.047285676,0.08637657,0.0692054,0.11244745
MANEA,0.038275,0.029177062,0.026409747,0.031769592,0.046741135,0.036741387,0.027924595,0.053697903,0.020470288,0.047092203,0.042494018,0.053425733,0.02493748,0.040065866,0.04080505,0.01603466,0.034254514,0.015722748,0.04641131,0.037398826,0.04728339,0.03189556,0.10540385,0.013868522,0.04468053,0.039533183,0.025065139,0.026399484,0.037714045,0.022799864
PRDM1,0.045079734,0.058309514,0.06359194,0.073741965,0.077275455,0.05286638,0.13536133,0.10347146,0.03095766,0.12711608,0.14213689,0.10617981,0.053461906,0.11246834,0.12332839,0.040019814,0.042356618,0.043240614,0.15515709,0.1298254,0.05272889,0.05658044,0.08816884,0.04814899,0.09096528,0.061685488,0.06025768,0.07421269,0.10384179,0.04817564
CD24,0.009528677,0.12253451,0.106080726,0.07625632,0.012320367,0.010328285,0.013617066,0.017612483,0.0070073553,0.01540335,0.014094489,0.019547341,0.00501026,0.013097282,0.012782937,0.006347838,0.008727568,0.008813404,0.012265743,0.01103995,0.005707017,0.010062328,0.005949022,0.008251378,0.01356704,0.011035995,0.0102283815,0.027318845,0.012454445,0.00797108
SNX3,0.07487917,0.09368988,0.0793561,0.099687,0.086310536,0.07364183,0.10205875,0.1552071,0.02950288,0.11897036,0.120804414,0.12170521,0.04046362,0.08622479,0.106052026,0.057770014,0.05844874,0.072520725,0.095397405,0.114480324,0.05215036,0.07478428,0.028014155,0.10539059,0.13728796,0.22850452,0.077478744,0.10222579,0.10412602,0.07907252
MARCKS,0.026220202,0.068222255,0.07213246,0.053637188,0.124483496,0.11988372,0.05115433,0.06231618,0.017782738,0.056001596,0.055246834,0.064475976,0.01978522,0.049704406,0.04125511,0.025788788,0.029201336,0.039127983,0.04454167,0.042324133,0.02231056,0.04029347,0.023380084,0.03136829,0.05283909,0.027679656,0.056391276,0.037474185,0.03902082,0.033924863
LINC01268,0.0014632804,0.0045479676,0.0018760116,0.005454018,0.0043429565,0.0018792243,0.0025044328,0.0027906701,0.0009946496,0.0024517826,0.00227391,0.002698055,0.0010357104,0.0022350433,0.0018729661,0.00121925,0.062253878,0.0015453824,0.002018784,0.0025546434,0.0010581292,0.0015806921,0.0011070278,0.0010586092,0.0023330979,0.0018072554,0.0017600864,0.001605905,0.0017472571,0.005815248
DSE,0.03468482,0.041872285,0.033208013,0.034620445,0.0679747,0.038501233,0.028371014,0.039326917,0.01137137,0.03153414,0.029111294,0.040620014,0.013110769,0.037756342,0.027321044,0.01769855,0.018391196,0.01650792,0.03162621,0.025485985,0.015526026,0.02135766,0.0132299075,0.05862161,0.026297463,0.10294289,0.061106086,0.02360419,0.023001151,0.03366254
CALHM6,0.04355069,0.07960093,0.07716307,0.12328968,0.096614614,0.17169479,0.051691193,0.06958081,0.02135488,0.06839223,0.06328042,0.06826148,0.02445299,0.056284685,0.04755911,0.035490163,0.047972687,0.03768426,0.059331104,0.048363514,0.025002731,0.041709296,0.030697985,0.038113963,0.055060264,0.06073592,0.09702182,0.039790586,0.046360135,0.058747903
TRAPPC3L,0.0027212498,0.0076539423,0.0033166385,0.00432128,0.0048114215,0.0040294062,0.009424085,0.0061995545,0.0021924782,0.0049575623,0.0050896187,0.006159554,0.002273503,0.0047876015,0.004429194,0.0025753356,0.0026280878,0.0037553182,0.0066429647,0.0037344063,0.0019989999,0.0032921946,0.0022429302,0.07490211,0.005491533,0.0028693993,0.0033732485,0.0043740934,0.0037470895,0.0025616318
MAN1A1,0.04712246,0.033444446,0.031470433,0.045146137,0.05044737,0.046633992,0.070119455,0.05442351,0.01895081,0.052338526,0.054078866,0.05943679,0.029800821,0.045540962,0.051295318,0.024100086,0.0439199,0.031891182,0.068576396,0.08555799,0.03557388,0.042521156,0.09555515,0.04544599,0.042981036,0.039949473,0.039312575,0.03509312,0.055486586,0.06410828
GJA1,0.00043903975,0.00056983356,0.0005332704,0.0040834886,0.0005736271,0.0004987813,0.00072143204,0.0008683502,0.0002881387,0.00079809397,0.0007280387,0.0008766976,0.00031497102,0.0006238618,0.00057231623,0.0002776592,0.00038031288,0.00051029626,0.00065061805,0.00064711156,0.00032750992,0.00056437065,0.00028412827,0.00038085846,0.0006817889,0.0005113626,0.00048577468,0.0005306524,0.0005633805,0.00040883553
PKIB,0.0059159957,0.008309756,0.008821133,0.009429739,0.014144214,0.013237303,0.014201112,0.0151511375,0.0048032114,0.01211757,0.010333323,0.013844796,0.006161315,0.011623212,0.008662088,0.0059470697,0.015686752,0.021469366,0.010477206,0.010977768,0.004399321,0.0085916,0.0053294622,0.0056303316,0.009528091,0.03895115,0.16520628,0.016441794,0.008623852,0.007866818
CENPW,0.021683618,0.013618841,0.0169643,0.019643256,0.028785476,0.032220438,0.01797723,0.024261653,0.109293565,0.01854146,0.01979965,0.028234638,0.07165164,0.022259649,0.016173212,0.007900387,0.024345927,0.012598479,0.013335081,0.016824106,0.07561426,0.0139317345,0.03185839,0.010696519,0.019092852,0.038350914,0.030290894,0.0110491505,0.018302491,0.027570523
ARHGAP18,0.099553764,0.03806014,0.03790645,0.040951043,0.057637267,0.042063728,0.060440335,0.05263004,0.023656664,0.051163077,0.04852587,0.055921566,0.043823663,0.052561242,0.059902318,0.022045508,0.02220775,0.030006828,0.04214467,0.06382549,0.034402512,0.03843117,0.018248823,0.19128159,0.049764346,0.044483934,0.046441823,0.043251228,0.04492611,0.07384164
EPB41L2,0.0293996,0.05476753,0.04274661,0.09348033,0.040510923,0.045083925,0.036853008,0.04649331,0.028588017,0.056594804,0.04520402,0.054328114,0.017894128,0.03872435,0.028702036,0.018097458,0.038188707,0.02206646,0.03669395,0.032185297,0.032022383,0.02552438,0.01985791,0.017901609,0.04256826,0.06632863,0.07552085,0.06391362,0.033801638,0.023423588
ENPP1,0.0063946988,0.005708561,0.0060965954,0.008677638,0.006912051,0.006032774,0.008812218,0.009912034,0.004167145,0.008915779,0.008912926,0.011973749,0.0030647167,0.013366681,0.0071117496,0.003543049,0.0043490436,0.014027357,0.0067609386,0.006903281,0.0040844786,0.04853791,0.004168474,0.0043608113,0.009283496,0.7554909,0.0060771327,0.005831065,0.0064506796,0.0051070736
MOXD1,0.002709934,0.015446916,0.009406092,0.021955453,0.0036616686,0.0031938013,0.0045542107,0.005667264,0.002257301,0.0046056476,0.0042804405,0.0065632206,0.002179211,0.004226578,0.0035279836,0.0026190663,0.00231463,0.002805384,0.00390836,0.0036688594,0.002077708,0.0031552308,0.031381696,0.0022967411,0.004555382,0.0031901808,0.0029835985,0.003123705,0.003845705,0.023517935
VNN1,0.007308776,0.006621782,0.009376765,0.009089129,0.05270272,0.032616876,0.009947748,0.012478566,0.0046619526,0.012065164,0.010800548,0.012020847,0.0042336257,0.010882585,0.008086975,0.007541659,0.005281543,0.005783057,0.008518153,0.008204728,0.0056732907,0.007644175,0.0044030817,0.011778516,0.009735668,0.008557344,0.013416481,0.008331286,0.007472764,0.0060238256
VNN3,0.0055691907,0.0069042016,0.016449792,0.007977103,0.041281655,0.007965281,0.008987212,0.012856076,0.005937537,0.010538341,0.010636496,0.014118527,0.0042449757,0.011281905,0.008923381,0.005591276,0.0048681307,0.005912122,0.008598959,0.008419653,0.0039666826,0.006797364,0.00452436,0.005315539,0.01086977,0.0064345803,0.0065923734,0.007798499,0.007801534,0.005812265
VNN2,0.019664047,0.03891008,0.030586971,0.035876755,0.11100955,0.034863804,0.038823377,0.049703564,0.013689111,0.041610964,0.03759213,0.049326416,0.018896028,0.040392075,0.04098617,0.02199574,0.020867541,0.02479334,0.03223713,0.03862924,0.026305458,0.03918383,0.014755582,0.023898765,0.043656766,0.02540935,0.027874013,0.054689523,0.036988713,0.022798134
SGK1,0.025348838,0.034135938,0.03396563,0.038771257,0.14690177,0.039475057,0.04553979,0.049988896,0.013206737,0.044947207,0.042610943,0.053067848,0.014630019,0.036662843,0.037604686,0.020639583,0.021611823,0.031853184,0.03484908,0.033917185,0.017448867,0.029343987,0.019486006,0.02635176,0.03898404,0.052177016,0.04303762,0.035070326,0.040052243,0.021960415
MYB,0.01150371,0.011310225,0.01105397,0.015119423,0.026858384,0.013328803,0.015881296,0.031918596,0.035761844,0.019932615,0.017735085,0.043947667,0.025969476,0.024052383,0.015373567,0.010033303,0.34852043,0.009778207,0.013905064,0.016783593,0.01603615,0.016764935,0.009740103,0.008544093,0.023156911,0.011538428,0.012286895,0.18855956,0.0233559,0.07684112
MAP7,0.0348923,0.025416583,0.048354875,0.0137782255,0.021758268,0.020240784,0.016278373,0.026492354,0.026058927,0.021596158,0.029816229,0.019725269,0.00790325,0.023422962,0.014023964,0.0104819685,0.20613426,0.06360466,0.015602387,0.013111075,0.007645431,0.03292453,0.010800434,0.008888909,0.016681973,0.033541102,0.059662312,0.022076562,0.014499909,0.009539293
IFNGR1,0.061088946,0.06412127,0.060914617,0.07916001,0.13507427,0.10860479,0.085598245,0.09171623,0.033027112,0.09535905,0.10083965,0.10162256,0.03372012,0.07159214,0.07098914,0.041996077,0.0404178,0.0577713,0.09035,0.087425455,0.03728714,0.06563468,0.034178805,0.05543511,0.08399295,0.0710119,0.08643976,0.06191177,0.08961172,0.046538964
TNFAIP3,0.065075025,0.08574934,0.08512345,0.094561875,0.18577656,0.1036664,0.15132438,0.1506948,0.051670272,0.16649276,0.18360274,0.13914917,0.03750419,0.15215467,0.125973,0.0717824,0.05888307,0.12569335,0.13565445,0.10956514,0.04483112,0.114571534,0.05217191,0.08002041,0.13080858,0.068020396,0.10682852,0.10618999,0.11376743,0.05449111
PERP,0.01207827,0.016017172,0.02076138,0.022534022,0.018137263,0.014567075,0.10237708,0.03007971,0.02014437,0.050250724,0.08520008,0.028247528,0.026962165,0.049623277,0.040333077,0.024602167,0.012559027,0.02969117,0.062484425,0.024252785,0.018809082,0.018574808,0.068085685,0.011609081,0.029654816,0.015368404,0.014196347,0.01662694,0.035008818,0.015884142
CITED2,0.034601856,0.042243592,0.03942406,0.04671356,0.07865063,0.055336904,0.07867268,0.10676014,0.037439305,0.091007516,0.08235827,0.09446404,0.026055712,0.0766166,0.07082434,0.032502744,0.043407638,0.06784755,0.080904365,0.06761335,0.03214403,0.05787737,0.038934052,0.03202817,0.083260275,0.029668339,0.054604862,0.044445034,0.055302255,0.04158253
ADGRG6,0.006577078,0.0035738135,0.0035997997,0.00418968,0.0043448196,0.0034839364,0.0053552953,0.0066108084,0.0020944953,0.005389938,0.0046930164,0.008498843,0.0019229355,0.0048045497,0.0040188916,0.0027755527,0.15107119,0.0033346622,0.0043393173,0.004040112,0.0022443628,0.0034248685,0.002121866,0.0026628422,0.00499421,0.16934429,0.024680639,0.0074522,0.0038461336,0.0029376084
STX11,0.081042066,0.05572154,0.059276637,0.06808069,0.19611157,0.22510831,0.09514592,0.10123927,0.042106517,0.09353884,0.08792613,0.10285191,0.030677944,0.08975811,0.07892161,0.046011757,0.04531647,0.05760577,0.09358674,0.080935225,0.05562312,0.07294129,0.03193746,0.138429,0.08107581,0.081030965,0.09791348,0.088008896,0.06951749,0.05762014
RAB32,0.038683336,0.020868046,0.020982182,0.024721509,0.08696749,0.06682905,0.03227333,0.042951055,0.014570351,0.03871893,0.03257166,0.038401287,0.016198188,0.031508222,0.02592445,0.02090382,0.03526951,0.023206502,0.03143515,0.027698845,0.016031642,0.024264079,0.013470689,0.09228028,0.03324525,0.10347616,0.06370525,0.025976961,0.025211785,0.02013864
ADGB,0.0002680397,0.0003455164,0.0003504095,0.00038255772,0.00035822668,0.00029522873,0.00041798502,0.00052190083,0.00020673299,0.0004181772,0.0004280542,0.00056194956,0.00020581363,0.00043705644,0.00034631236,0.00022926279,0.00024093526,0.00026368353,0.00037071996,0.0003681245,0.00020901732,0.0003501992,0.0002149051,0.00022609899,0.0003715009,0.031867344,0.025018062,0.00033045345,0.00035942972,0.0002872148
SASH1,0.010404079,0.01532719,0.016212031,0.017158143,0.10599925,0.103068754,0.020720715,0.031865437,0.012912905,0.03892306,0.02998675,0.025412867,0.008916456,0.020982502,0.017866224,0.01147881,0.014840817,0.015494668,0.023760376,0.015794741,0.010378195,0.014261775,0.007804947,0.017090859,0.021282086,0.013910118,0.019551251,0.015131069,0.018723998,0.017828051
AKAP12,0.0019934783,0.0025586267,0.002364353,0.0035705436,0.0026080548,0.0039576446,0.0031035854,0.004061601,0.0015835156,0.022552852,0.0034595483,0.0035178862,0.0011896662,0.005423879,0.0025888637,0.002096598,0.0043507363,0.0022929823,0.006316012,0.010242625,0.0015601411,0.017542323,0.0014130636,0.0015890549,0.0031781113,0.0019172953,0.0032255654,0.0024327922,0.0026784518,0.0020441737
CCDC170,0.0060117245,0.011689301,0.010428697,0.015371301,0.06110497,0.04150627,0.015328182,0.016462645,0.005491008,0.013403944,0.013341409,0.017362345,0.005781026,0.01376458,0.010406799,0.0075724907,0.008191266,0.007930802,0.015389331,0.012338901,0.0055415337,0.012106771,0.0054477793,0.012225264,0.014426483,0.010244858,0.0456912,0.011383374,0.010382009,0.0070794444
MYCT1,0.0026385968,0.0027204158,0.0030047314,0.0031237223,0.0036036496,0.0045600827,0.0045952233,0.0056389603,0.002307761,0.0044486676,0.004096285,0.005203308,0.001973052,0.0039540166,0.003315661,0.00227817,0.11535204,0.0029198942,0.0039047827,0.0033516183,0.0021355445,0.0027447534,0.001806122,0.041201618,0.004300285,0.002601514,0.002781759,0.0027307388,0.0031062488,0.0020763648
FBXO5,0.010556343,0.021329787,0.0203129,0.027996399,0.017467689,0.017281335,0.030087048,0.031713903,0.12870334,0.025155328,0.026076328,0.03016139,0.04233431,0.027817952,0.0220537,0.009957758,0.015686158,0.023129664,0.026344558,0.024527999,0.11012303,0.016921842,0.021353388,0.017390225,0.028664201,0.023684897,0.019264162,0.021264171,0.021426829,0.020152286
SOD2,0.019445475,0.038898528,0.042619634,0.046569426,0.11786381,0.06801182,0.056501474,0.06828061,0.013797725,0.05846028,0.066656545,0.07250046,0.02531401,0.053823393,0.050574064,0.023489676,0.02727311,0.029323813,0.051876057,0.050617866,0.0202761,0.04610648,0.01951084,0.07356862,0.06453967,0.03207857,0.036529467,0.05765092,0.047330905,0.028035354
AL022069.1,0.0033614484,0.0058829943,0.0035387175,0.004336778,0.005677267,0.0067063537,0.004728595,0.008430398,0.0054126284,0.006651221,0.012384031,0.012497127,0.0076659266,0.0056416327,0.0045833634,0.0026206803,0.0046375836,0.0024642881,0.004298253,0.006053356,0.0024298597,0.007307441,0.008046791,0.0023449138,0.005722152,0.012537711,0.006894901,0.0038805166,0.010076472,0.003722906
CCR6,0.015251398,0.06509192,0.05341377,0.081889346,0.025822682,0.022863595,0.031823087,0.035713207,0.016118487,0.10471811,0.10987272,0.03952243,0.015021519,0.03448513,0.02704795,0.015185204,0.022605618,0.03576436,0.08918363,0.025793876,0.012534329,0.027097993,0.010507904,0.01617873,0.0361982,0.02422681,0.030467527,0.021263026,0.030140204,0.022191204
PDGFA,0.0060517997,0.009660773,0.008545958,0.008600148,0.008831638,0.008689321,0.010334177,0.014093322,0.0037056906,0.01156929,0.011863874,0.011696411,0.0038131413,0.010958278,0.013068607,0.00534742,0.0059725307,0.011089609,0.012364281,0.010127262,0.0061946535,0.020073147,0.00536145,0.18372384,0.010911458,0.0070056245,0.0066585112,0.011950926,0.012515662,0.007167803
AC147651.1,0.0048324773,0.004435901,0.004423633,0.005578921,0.0063671866,0.0047172084,0.006475551,0.008750663,0.0024175365,0.0071563055,0.0060670553,0.00837638,0.0029271657,0.006458651,0.0059970375,0.0037741964,0.0034633842,0.0037961293,0.0055936202,0.00619851,0.003101728,0.0045879683,0.0026715777,0.11367841,0.006586723,0.0043175044,0.0043839873,0.00497597,0.0051717586,0.004553451
AC093734.1,0.00036756162,0.0005306327,0.00048786643,0.00057034835,0.00061967736,0.0005005687,0.00072292914,0.0008325349,0.00032109828,0.00076209113,0.0006544207,0.0008080769,0.00029673846,0.00064263574,0.0005599555,0.00031972714,0.00030274733,0.00043834254,0.00064349733,0.00053865573,0.00035476458,0.0004966985,0.00024038534,0.00034141666,0.00068748277,0.0004902733,0.00047809642,0.0005310855,0.00052823336,0.025094079
NUDT1,0.0698606,0.06395795,0.061217744,0.07495702,0.07652965,0.07509988,0.11932908,0.111198835,0.13299105,0.09801431,0.089513615,0.10693934,0.115234226,0.09851497,0.08218018,0.030511389,0.07035719,0.081719264,0.07934695,0.08371646,0.116454214,0.061713908,0.025544997,0.039805334,0.09522053,0.051115528,0.086567715,0.09298994,0.07266988,0.08789377
ACTB,0.081357494,0.07460838,0.058220826,0.07776765,0.103351735,0.11659241,0.08993328,0.13910004,0.10028852,0.08680889,0.09391286,0.10690209,0.06295953,0.08010988,0.068465225,0.14963454,0.07977803,0.059918754,0.07073946,0.064095765,0.060721006,0.06090416,0.0828343,0.10705362,0.112756036,0.16341272,0.13370493,0.062868826,0.06348392,0.022675347
FSCN1,0.013402874,0.011244104,0.02147884,0.013612722,0.04635666,0.019594206,0.016628683,0.02001879,0.010472907,0.018519,0.018284965,0.021497183,0.004983842,0.016139511,0.013741985,0.009090643,0.096054785,0.010939121,0.014409272,0.012417947,0.01078685,0.010556069,0.0072499444,0.009001518,0.016382387,0.06463469,0.07392589,0.04609197,0.009870128,0.008956789
KDELR2,0.031931344,0.048757073,0.046372447,0.054674942,0.058256425,0.050726075,0.075735,0.07283409,0.023210386,0.070033275,0.08144515,0.08561537,0.029013988,0.06071546,0.06443183,0.026291043,0.027741501,0.042362645,0.074836224,0.06442348,0.036920376,0.054550514,0.08678842,0.033907894,0.075507484,0.051808536,0.052647986,0.06456835,0.060492307,0.06457301
RPA3,0.051566593,0.0643621,0.06689172,0.083074436,0.07117345,0.06454703,0.105075344,0.109936364,0.16110009,0.11608614,0.10986092,0.10970678,0.088274635,0.10457648,0.07563163,0.038120367,0.04937803,0.07405525,0.079348594,0.07834631,0.111622654,0.066335455,0.03750843,0.043084893,0.09576771,0.039087165,0.04659398,0.06680814,0.08867544,0.062627956
TSPAN13,0.13040625,0.051815093,0.04201134,0.13139114,0.01671973,0.013268962,0.017983075,0.026195018,0.011274491,0.021342456,0.018071705,0.02359577,0.008353725,0.020172726,0.015550962,0.01111104,0.026622744,0.012523403,0.019640192,0.016867777,0.011130757,0.013590457,0.012079622,0.026717618,0.020286899,0.02851321,0.013125687,0.02134733,0.013895169,0.20020664
AHR,0.045628417,0.029198132,0.028153036,0.03172443,0.11710817,0.038791575,0.043937046,0.048862137,0.017100826,0.04604728,0.042971015,0.04478655,0.019438766,0.043531243,0.03629875,0.017099917,0.022749428,0.042094983,0.03545788,0.030999623,0.017302798,0.043141186,0.0141392015,0.021885905,0.0416484,0.051367097,0.07554076,0.036587093,0.0306149,0.028932225
HDAC9,0.062301934,0.058051918,0.053716663,0.06630763,0.06334394,0.041151296,0.032583818,0.03978326,0.014870353,0.035231225,0.03498708,0.03831589,0.012207046,0.0250353,0.024206746,0.023080911,0.022368532,0.016104272,0.03396287,0.030346638,0.018343272,0.024205705,0.023345573,0.021903506,0.038872845,0.12551078,0.07726122,0.02352992,0.026043665,0.05275783
CDCA7L,0.04808184,0.097011715,0.07097912,0.1726831,0.033126492,0.028373031,0.03948066,0.093649514,0.041624837,0.04755204,0.039979495,0.071582235,0.06674653,0.044003956,0.030911228,0.017859053,0.06778816,0.0360674,0.031934407,0.03414875,0.049219564,0.030072937,0.02268443,0.020126222,0.07145212,0.03237649,0.041796774,0.051979527,0.025536736,0.098336555
IL6,0.007848441,0.024237284,0.011365273,0.013327068,0.04768541,0.029752698,0.010014389,0.014908076,0.005096757,0.0132858325,0.012244187,0.015769541,0.0059241354,0.010317892,0.012981741,0.0064692423,0.006091157,0.0068820193,0.011653675,0.010622994,0.004795865,0.008981334,0.004144407,0.009158576,0.012256298,0.009258453,0.010208383,0.008076533,0.00964253,0.010115711
KIAA0087,0.0011384941,0.0014202576,0.0015616748,0.001732698,0.00178986,0.0014571571,0.0020287244,0.0026490677,0.00079330074,0.002459889,0.0022046603,0.0028146044,0.0008826409,0.0021630696,0.0018852856,0.0013599478,0.11276231,0.0011512055,0.008058285,0.0037407838,0.0009170913,0.0017200456,0.00078409875,0.001177973,0.0019756376,0.0017588501,0.0013943543,0.0015808106,0.0017437042,0.0012798943
HOXA9,0.0076553184,0.004130203,0.004017901,0.004671253,0.006039413,0.005032494,0.0052669817,0.007182299,0.0032215423,0.0057474533,0.0056791045,0.006114728,0.003056008,0.005235303,0.005385247,0.0029407425,0.12149516,0.0072264504,0.006128756,0.0067383163,0.004450595,0.04077327,0.0027973917,0.0026319376,0.0057490794,0.03705113,0.014190493,0.004214419,0.0051509,0.01237722
CREB5,0.032861415,0.020235598,0.021745179,0.026042446,0.13400853,0.030772468,0.027753225,0.03615473,0.0114171775,0.03314515,0.028798241,0.035424367,0.011057421,0.029365323,0.026332986,0.022750126,0.018599117,0.020795,0.027723087,0.026380641,0.0134013,0.019573512,0.0131228715,0.015359542,0.030211847,0.025788954,0.0737732,0.02630948,0.023999508,0.0200496
CPVL,0.04726147,0.03693087,0.03892998,0.042734835,0.15380836,0.09360343,0.054952536,0.06002237,0.025293812,0.059722655,0.05603788,0.061587993,0.019200353,0.04903763,0.045030348,0.02953516,0.02619102,0.027064335,0.048540164,0.045206368,0.023893472,0.03612754,0.027322292,0.03372025,0.05658548,0.29619658,0.15295544,0.042229943,0.038516965,0.029421449
PRR15,0.00090712996,0.0010009444,0.00098586,0.0011006255,0.001047001,0.001042047,0.0013078022,0.00165511,0.00063894386,0.0014399496,0.0014106425,0.0018088947,0.000610289,0.001151977,0.0010713602,0.00077779527,0.0557586,0.0009012561,0.0011535574,0.0011537042,0.00073562074,0.0009422733,0.0115030585,0.000662043,0.0014278364,0.0009343931,0.0009993955,0.0012299123,0.0010042404,0.0008753752
MTURN,0.03306973,0.031776793,0.035345573,0.0371211,0.03949968,0.029278172,0.0549371,0.05805265,0.017990341,0.044360936,0.04136402,0.05007456,0.01532626,0.05054142,0.050795503,0.025673056,0.113760985,0.033,0.034434937,0.039465494,0.019084428,0.04331327,0.014964566,0.29739565,0.0538432,0.03009526,0.0320575,0.05264935,0.034734134,0.0512642
AQP1,0.0006380695,0.0007681606,0.00077802595,0.0008101176,0.0009066854,0.0007844256,0.0010775942,0.001401808,0.0005171916,0.0011718232,0.0010833183,0.0012259198,0.00047880833,0.0009889862,0.0008617973,0.0005499509,0.0005574086,0.00066283386,0.00091709563,0.0009233881,0.00051058567,0.00070913514,0.0011308176,0.00051772903,0.001055188,0.0006362572,0.00069670484,0.0008576357,0.00094929984,0.0026294426
PPP1R17,0.0022723414,0.0033447423,0.002959379,0.0034097033,0.005608916,0.044677034,0.005355923,0.004817233,0.008948488,0.0052940384,0.004059838,0.0049819914,0.0017071882,0.0039123762,0.004027246,0.0018742539,0.0019418956,0.0021599806,0.0031823972,0.0035798831,0.0037596878,0.003070012,0.0019030389,0.0033338922,0.0043232203,0.0028889945,0.0027879805,0.003359694,0.0032332768,0.002867742
NT5C3A,0.033678334,0.05073605,0.050128534,0.06978363,0.049056496,0.044681065,0.06571427,0.081246525,0.021208525,0.080109715,0.06353772,0.074284114,0.020762073,0.06237884,0.05101071,0.025939738,0.037604712,0.04141554,0.053443402,0.056679808,0.027171714,0.04095373,0.022767156,0.1337707,0.066197105,0.021786679,0.030531589,0.052643877,0.05157093,0.027772723
ANLN,0.003421707,0.0044169347,0.004371906,0.00425049,0.008648733,0.0046558282,0.005206923,0.0074446145,0.13224418,0.006492398,0.005787898,0.013849877,0.008229721,0.0072874776,0.005559416,0.003352133,0.04303308,0.0029481538,0.004297546,0.004218149,0.14351223,0.0043513216,0.027166756,0.0027170426,0.0054260325,0.0036829745,0.0047930647,0.0040640105,0.004438819,0.0041809226
AOAH,0.03487259,0.038312938,0.041335933,0.04883122,0.09828711,0.059534963,0.060978916,0.07578031,0.024889324,0.0625721,0.054402888,0.07060434,0.02765409,0.05315568,0.06702349,0.025492106,0.027110573,0.03750824,0.05134256,0.101718165,0.042249322,0.058168296,0.023395484,0.03567316,0.055069067,0.035138905,0.06271195,0.050944954,0.06079167,0.0290075
TRGC2,0.060067724,0.09201441,0.08747515,0.09711251,0.09251524,0.08229064,0.35015723,0.14962703,0.052843224,0.13711701,0.20534365,0.1636619,0.17572235,0.19564386,0.41949433,0.06994837,0.0579433,0.1558223,0.37446722,0.17388098,0.10050352,0.16167587,0.044826005,0.07679272,0.11392276,0.076439686,0.06772822,0.18705446,0.44712454,0.06717995
TRGC1,0.062869824,0.08179068,0.08013768,0.102564506,0.08499373,0.074235514,0.19304068,0.13816711,0.048368663,0.12652431,0.16638938,0.14678957,0.099747814,0.14575434,0.26414773,0.045541625,0.069780685,0.29620838,0.2517551,0.29728925,0.119877644,0.30166298,0.04062822,0.066985026,0.09958446,0.0683447,0.05846115,0.1836546,0.8149985,0.06448745
BLVRA,0.05369166,0.04403884,0.04603741,0.04559842,0.115058996,0.15282485,0.07439486,0.07257824,0.026521033,0.08190908,0.07080648,0.07957816,0.03664504,0.06047394,0.062665254,0.027883794,0.03150724,0.04640138,0.05234348,0.052515056,0.044411674,0.05155358,0.019088186,0.045199808,0.06135566,0.046184424,0.059772644,0.07043359,0.062224615,0.03978843
AEBP1,0.014696853,0.014694423,0.016558671,0.023327775,0.008694912,0.007231716,0.010683308,0.0300165,0.003897543,0.020571267,0.010740742,0.03508667,0.004052664,0.013206347,0.012462533,0.0065371916,0.038599208,0.008544577,0.0114279855,0.010584655,0.0061402335,0.007737695,0.004951204,0.00552302,0.012082264,0.0071559786,0.0070837634,0.012589547,0.012065248,0.10855559
H2AFV,0.045956325,0.0700397,0.06496425,0.08356337,0.064686075,0.05066377,0.12279632,0.13326268,0.102327496,0.111455485,0.10813341,0.11816671,0.087982595,0.097966775,0.093035474,0.053180702,0.051815297,0.06773615,0.09127577,0.09256895,0.122710116,0.07169018,0.042006865,0.06585432,0.122001335,0.032859486,0.048717827,0.118448384,0.08444494,0.05134421
NACAD,0.00051820977,0.00084347406,0.00082042295,0.0009440412,0.0009932345,0.0019820642,0.0011013423,0.0014686201,0.00069621287,0.001285445,0.0012576169,0.0013690942,0.00044111247,0.0010919556,0.0008775877,0.0006374113,0.0006812789,0.0008423517,0.0018790651,0.00091500516,0.00050376944,0.0006808653,0.0005327038,0.00054687,0.0010430034,0.0007309821,0.00072774495,0.0007454467,0.000793279,0.0005732249
ABCA13,0.00057030556,0.0007887447,0.00071844674,0.0008567743,0.0011587125,0.0007633519,0.0008997107,0.0012261355,0.00054211804,0.001071356,0.0011268718,0.0012803102,0.00041617115,0.0009448121,0.0012978634,0.00057509023,0.0064261816,0.0007260916,0.0010409703,0.004069844,0.00049290486,0.00071760104,0.00045094304,0.0005468945,0.0010648995,0.0006731733,0.0013420667,0.0008881146,0.00076189724,0.0006501008
ZPBP,0.0005663737,0.00051441655,0.00051137665,0.00061129377,0.0006449581,0.0005383215,0.0007014865,0.0008780774,0.0003202153,0.0007622614,0.0007153318,0.0009775998,0.00037892797,0.0006911549,0.0005767795,0.00033256976,0.000410437,0.0004006257,0.0006096208,0.0005439577,0.00036514795,0.00047555097,0.0003298773,0.0004022133,0.000645838,0.0005413676,0.0005150178,0.0005959042,0.0006479189,0.00041813325
SPATA48,0.0004282417,0.012772789,0.0036673667,0.0007267465,0.0008404232,0.00065398257,0.00083110406,0.0010322809,0.0030199697,0.00096825586,0.0008687115,0.0010481286,0.00037501391,0.0007747651,0.000660103,0.00046409023,0.1540604,0.0006437987,0.00069693103,0.00072416395,0.00039783565,0.0006181703,0.0003804937,0.00044443435,0.0008082532,0.00062581,0.00052554713,0.00058842875,0.0006080179,0.0004950141
SEC61G,0.03400199,0.04774599,0.046459395,0.05980961,0.050859135,0.03714641,0.06627365,0.089106895,0.036541037,0.07443831,0.07332965,0.07922208,0.036896825,0.071811244,0.05722835,0.039523836,0.02520673,0.052895345,0.064796865,0.07309653,0.030636368,0.04841796,0.06638335,0.04672203,0.086236194,0.027989877,0.03862637,0.062143214,0.059926894,0.06722208
CLDN3,0.00029061295,0.00029662074,0.00029068792,0.00034744406,0.00034782005,0.00030352565,0.00036992872,0.00047710355,0.00016487211,0.00045117753,0.00038919787,0.0004942588,0.00019146869,0.0003842762,0.00032560894,0.00020159537,0.00019828508,0.0002752132,0.00035395942,0.0003226665,0.00019395661,0.00028696522,0.010187461,0.0002208044,0.00040538807,0.00031141448,0.0002935398,0.0003333434,0.0003365258,0.00024437805
NCF1,0.03224715,0.0901559,0.0671984,0.12670209,0.15668291,0.056764048,0.074917205,0.103058085,0.036050998,0.08409529,0.07686023,0.09530493,0.029610584,0.07875024,0.065103635,0.04394961,0.042642787,0.04865784,0.07407706,0.0685637,0.034381945,0.055457752,0.03390199,0.049743507,0.085728966,0.046791676,0.04100903,0.068346255,0.06814631,0.08555061
HIP1,0.121536076,0.02481552,0.027547797,0.031222194,0.05789012,0.03125976,0.039305255,0.03611376,0.020036181,0.033521473,0.03932363,0.034680255,0.021072388,0.03972309,0.03235745,0.0162446,0.026097974,0.05482448,0.0297904,0.0478741,0.022926677,0.04687007,0.022876052,0.014582043,0.027808432,0.076704465,0.071507365,0.022365758,0.034051348,0.07217488
ZP3,0.028837563,0.018147841,0.014639684,0.025328044,0.029442899,0.012432823,0.014972679,0.026020844,0.008299626,0.024069127,0.012817485,0.02171697,0.0286951,0.019212099,0.012524937,0.006143651,0.012803429,0.015664315,0.02062012,0.022492334,0.011044038,0.02085207,0.03560718,0.006099675,0.015451517,0.031030757,0.029086076,0.015525882,0.010269117,0.016822241
FGL2,0.05963249,0.03857665,0.036459673,0.04223819,0.14771275,0.10359964,0.054529168,0.06008169,0.020015419,0.054977883,0.05496567,0.06101679,0.0187345,0.052520584,0.048013113,0.031542458,0.018890124,0.036221467,0.045126926,0.050567415,0.02464591,0.04524178,0.019322675,0.03046331,0.05379029,0.12390016,0.09297945,0.045019124,0.045868643,0.0319666
CD36,0.042369984,0.04103584,0.039425664,0.04243273,0.20990759,0.05341458,0.047709953,0.0696797,0.02480288,0.059066582,0.05186173,0.068354964,0.023500849,0.052214753,0.041925482,0.044036735,0.031195242,0.028797742,0.046327587,0.041496042,0.026594473,0.03757247,0.025601616,0.06167152,0.05216039,0.031055875,0.0763686,0.040349744,0.04436346,0.07633762
STEAP4,0.011098906,0.012969383,0.01286995,0.013435038,0.08764572,0.012515548,0.017957872,0.024437636,0.0066574514,0.019632798,0.016654009,0.024309253,0.0078067626,0.022747947,0.019368619,0.00844414,0.01080206,0.008447156,0.013379159,0.01787598,0.007422385,0.014889553,0.0073576844,0.00940182,0.019073782,0.012090537,0.012110506,0.015532726,0.013589143,0.010641249
CDK14,0.006925963,0.059376158,0.050272014,0.040386,0.012829155,0.010495318,0.009186604,0.011474179,0.0053392956,0.011066001,0.009711421,0.0115887895,0.004035033,0.009818837,0.009179866,0.0051907673,0.010610885,0.005422629,0.009193559,0.008166368,0.0046037426,0.0064069484,0.02094359,0.008437331,0.0119058285,0.013045697,0.0113143185,0.008872353,0.0070049833,0.0077627227
CDK6,0.039370645,0.031347383,0.040174127,0.043556206,0.046545595,0.046041895,0.06926741,0.08594943,0.025287177,0.088599585,0.072025485,0.08561471,0.023140052,0.06578355,0.056721173,0.028324615,0.24731605,0.041401006,0.06883327,0.06446213,0.033808004,0.042384323,0.023080058,0.031999573,0.05475358,0.04669174,0.036842093,0.032942455,0.054718997,0.042225327
AC002454.1,0.001523589,0.0022607425,0.0034277118,0.0033183272,0.002683245,0.002470345,0.005368392,0.0037968706,0.0014718974,0.003343794,0.0046985317,0.004565555,0.0012660254,0.0028503987,0.0028777255,0.0019604308,0.16666204,0.0017104181,0.00315081,0.0029468173,0.0018051852,0.0023563122,0.0013920758,0.0036576195,0.0034314145,0.0049007945,0.003049205,0.002262767,0.0027955493,0.0020782168
GNG11,0.020768393,0.039557695,0.021137325,0.028600125,0.029096501,0.02217562,0.024241038,0.03213625,0.012840601,0.030502344,0.029615343,0.031854343,0.0106965965,0.024436353,0.023056624,0.012895775,0.032763608,0.015686465,0.023926307,0.021501387,0.011723355,0.018033508,0.011446573,0.38262627,0.028145486,0.015152936,0.016576549,0.018802334,0.020747371,0.024258733
COL1A2,0.00020431727,0.0073648705,0.00027998126,0.012283392,0.00031915848,0.00028364954,0.00040018486,0.00056307047,0.00020756994,0.00043518742,0.00042030012,0.00048094927,0.00014445116,0.00037140798,0.00032930478,0.00019988073,0.0002299097,0.00024244694,0.017036518,0.00031057087,0.0002071213,0.00025541283,0.015130811,0.00019519366,0.00039341775,0.00029194605,0.00029574987,0.00031870735,0.00030752743,0.00025210425
PPP1R9A,0.0068456954,0.016188197,0.06239826,0.027386898,0.014081722,0.011952759,0.012988189,0.018363757,0.0066267145,0.01491055,0.014530973,0.02147497,0.0070014787,0.01740916,0.012972261,0.010683144,0.0356132,0.08265124,0.012661295,0.06263827,0.028118048,0.361268,0.012129153,0.01201336,0.013723058,0.009236315,0.009351906,0.011134667,0.017468346,0.011159601
PON2,0.105519034,0.017351435,0.020479066,0.02228679,0.03272897,0.021519307,0.02299839,0.03341431,0.01000058,0.029123716,0.03481417,0.030066274,0.027523112,0.028029136,0.030330336,0.012529412,0.020116897,0.016810872,0.028113427,0.036558162,0.025890157,0.04023934,0.009985441,0.012904466,0.026749011,0.118632644,0.11251885,0.03636602,0.041040454,0.05544265
PDK4,0.007860314,0.010104621,0.010363126,0.014400976,0.05906137,0.059308115,0.013263552,0.016746782,0.0052082175,0.014660924,0.013925945,0.018459432,0.004884095,0.013376533,0.01102193,0.011139808,0.007979286,0.008329798,0.010268923,0.013036664,0.005661155,0.009914801,0.0055705863,0.00831392,0.012771787,0.007627946,0.025921455,0.009944564,0.010898956,0.010192218
BRI3,0.057282966,0.08018629,0.08034226,0.097871706,0.22383796,0.21739712,0.11923239,0.14386617,0.033619564,0.126608,0.122602955,0.13604693,0.039177973,0.103010975,0.10787684,0.067901984,0.04436246,0.088301286,0.12113432,0.10068923,0.048237275,0.08504378,0.04307609,0.098850384,0.14251831,0.06659598,0.09312348,0.09274978,0.0889075,0.07126709
MCM7,0.014406293,0.042631924,0.040578052,0.050218076,0.03156861,0.03134681,0.041438922,0.063066326,0.10104025,0.044251747,0.03724664,0.08651107,0.08527574,0.0384094,0.043106176,0.020975918,0.048782744,0.028564598,0.034731828,0.05093367,0.11887146,0.03316906,0.016703743,0.0169595,0.048806068,0.023716783,0.025935277,0.042502526,0.041570257,0.029404476
PILRA,0.031422514,0.03286615,0.035797168,0.037953604,0.15043667,0.18442902,0.04600454,0.05584111,0.02454705,0.046253715,0.052375805,0.054193787,0.01700111,0.041991968,0.03810881,0.028384104,0.024189904,0.028620271,0.04168442,0.036934312,0.022721024,0.031008754,0.021326002,0.02644767,0.051612362,0.033327162,0.06282941,0.042263877,0.041317984,0.03182322
ZAN,0.050333533,0.0004243835,0.0004462939,0.0004977829,0.0005327856,0.00044057536,0.0006163154,0.00076275616,0.0002824646,0.0006546831,0.000643076,0.0008348641,0.00029784424,0.0006502045,0.000526369,0.00031849433,0.0011486572,0.00034025311,0.0005174573,0.00049846,0.00027406827,0.00046635023,0.00028774247,0.00032265348,0.0006725245,0.00040715607,0.00045372758,0.0005489137,0.00045925716,0.007866725
SERPINE1,0.0016635024,0.0029656277,0.00310485,0.0029256279,0.0064265504,0.0034232305,0.003577086,0.0046867495,0.0024491195,0.004084819,0.004195134,0.00452435,0.0029161735,0.0034846363,0.0032901564,0.0020703545,0.019733243,0.0022327765,0.0032087616,0.0036530772,0.0018306797,0.0135627985,0.0017259882,0.058518343,0.004169095,0.0028572036,0.005764484,0.0077794446,0.002587391,0.0024373974
NAMPT,0.026272163,0.03885402,0.048283666,0.053845666,0.15864836,0.08198995,0.051317085,0.07767553,0.017785616,0.06373796,0.058323774,0.08071668,0.02386208,0.05944823,0.049855296,0.033751786,0.026119536,0.038820207,0.05293336,0.04747655,0.023917915,0.042434637,0.01677585,0.037286572,0.059529543,0.029627617,0.046442196,0.049912523,0.045939974,0.02925114
PRKAR2B,0.01819243,0.014806969,0.012882183,0.0148880035,0.022411073,0.024232967,0.02050685,0.024786763,0.009668918,0.022032369,0.019770931,0.02708443,0.010218823,0.01711807,0.014927208,0.01019903,0.024699306,0.016238537,0.017975584,0.01684817,0.010375006,0.015835728,0.007611373,0.26067474,0.021148408,0.019303225,0.022433734,0.0146811325,0.014148855,0.02205966
LRRN3,0.027390914,0.03010514,0.034545787,0.033755112,0.03504757,0.029799618,0.041276112,0.23374796,0.06541894,0.0698265,0.052303657,0.2876306,0.02120441,0.11218953,0.04685467,0.03528713,0.0234912,0.021864932,0.038203128,0.032725837,0.022110134,0.02795246,0.017484907,0.021180915,0.05358733,0.027706781,0.027288897,0.08188825,0.043659184,0.0270793
TFEC,0.04885259,0.06319093,0.043215014,0.027542552,0.11599751,0.03498848,0.029282564,0.040179696,0.016571423,0.033414792,0.032682244,0.04123537,0.012857886,0.032363053,0.025879527,0.018896537,0.054841537,0.016994327,0.032709885,0.027565634,0.015837971,0.018799232,0.017387614,0.01875048,0.034961145,0.018739488,0.068484284,0.024132976,0.02826817,0.057841226
CAV2,0.0011997366,0.0014743122,0.0013044558,0.0013392589,0.0016828746,0.0010877346,0.0015231551,0.001895791,0.0007398025,0.0017527612,0.0015934715,0.001805014,0.00078843936,0.0016408064,0.0017178354,0.00079949776,0.0022095058,0.00094920554,0.0015043662,0.0013166122,0.00073607906,0.001141275,0.00068931596,0.03912412,0.0019274445,0.0027259197,0.0010453279,0.0011711597,0.0014007379,0.001229679
CAV1,0.0038812484,0.009707053,0.0048604524,0.009151402,0.005457803,0.0048776935,0.006296837,0.008009328,0.0028517211,0.0085367095,0.0071900464,0.008947057,0.0029237433,0.0062045613,0.0073928228,0.0035007712,0.008487251,0.0038277484,0.0060640248,0.0055973297,0.0076910392,0.04205288,0.12327888,0.014028493,0.006795676,0.004999467,0.0042648762,0.29278097,0.005011521,0.004021499
CADPS2,0.00030566918,0.00033690417,0.0004044229,0.00040674405,0.00041801063,0.0003273176,0.00041948003,0.0006145299,0.00022187836,0.00048241156,0.00043067383,0.0006344251,0.00024509692,0.00047660043,0.00043359995,0.0002700946,0.00026566835,0.00029728815,0.0004483655,0.00038236857,0.00019739242,0.00032443204,0.003964501,0.00024601538,0.0004952186,0.00034752424,0.00033789943,0.00035532916,0.00035625382,0.00030089548
TSPAN33,0.03908544,0.06709574,0.059883222,0.080000974,0.032327782,0.021849971,0.030108098,0.041708443,0.013074669,0.03311965,0.03054826,0.036053456,0.016665833,0.029447528,0.026099145,0.014147846,0.025066823,0.015024677,0.023750208,0.02214194,0.016356973,0.032169707,0.013813873,0.18129373,0.029495567,0.19048667,0.04259949,0.022380868,0.023446662,0.02272647
CPA5,0.0053758617,0.0099823885,0.0084884,0.012078011,0.010888952,0.008226983,0.00989015,0.02670111,0.023205372,0.03699986,0.024395132,0.09820308,0.010225971,0.027443457,0.015716966,0.0059707365,0.006471198,0.0071591553,0.012505925,0.009354432,0.005731155,0.0074708043,0.004961276,0.0062506488,0.043350507,0.006071085,0.0064056427,0.011061628,0.008042601,0.006530246
PLXNA4,0.13124715,0.009216441,0.008503328,0.010108656,0.010031884,0.008266773,0.011466982,0.020796726,0.0054087746,0.02562264,0.01297536,0.019165896,0.0055554328,0.015015444,0.011338666,0.0069172145,0.0067470083,0.06969622,0.010745046,0.026322756,0.007911046,0.04364121,0.006456364,0.0072482927,0.012766343,0.00902415,0.008877087,0.011493016,0.015274742,0.21134059
BPGM,0.014875322,0.024779834,0.025989952,0.022546867,0.026356379,0.02906144,0.042222425,0.036069967,0.022878878,0.03434526,0.031758472,0.043769397,0.026981406,0.031507943,0.036097877,0.14832953,0.022109494,0.019887816,0.03327381,0.069975376,0.034331366,0.027246376,0.016126653,0.014577861,0.03703826,0.021589367,0.024289502,0.026429325,0.02903578,0.020542009
CALD1,0.00804969,0.010557695,0.012177922,0.009268041,0.012624339,0.007709805,0.01028433,0.021576006,0.003940371,0.014938105,0.010893681,0.0149405785,0.005275632,0.011764101,0.011202634,0.00652937,0.0053861625,0.009008763,0.009582984,0.0108892815,0.005770334,0.010512004,0.0047145113,0.17111026,0.011324414,0.008135639,0.007849248,0.012250412,0.01036592,0.013376033
TMEM140,0.009960726,0.016647106,0.012874811,0.019191448,0.01588399,0.023102544,0.01836164,0.024437156,0.013809888,0.020961221,0.020239746,0.033514842,0.006212335,0.023228321,0.019774357,0.009496701,0.013321411,0.009523239,0.015172992,0.024215447,0.010434005,0.016911598,0.01023963,0.14173141,0.016692035,0.0119044725,0.011857736,0.019535342,0.020082267,0.011619209
CLEC2L,0.0027893132,0.00229151,0.0024151963,0.0026709812,0.0030850754,0.0030110797,0.0032844862,0.0041935374,0.0017610141,0.0037805347,0.0036017764,0.0042890683,0.0017116449,0.0033053744,0.0029300887,0.0023273048,0.0019107932,0.0020048388,0.0029186965,0.00310038,0.0015399103,0.0020997967,0.0012998242,0.042393547,0.004446592,0.0019833467,0.0023284045,0.0022507112,0.0027919821,0.0018775671
TBXAS1,0.06026905,0.051165257,0.0649828,0.055523913,0.18031639,0.1762081,0.06929389,0.08455202,0.038309794,0.076147065,0.068904385,0.082261495,0.031714667,0.063679986,0.055517506,0.04647251,0.069373704,0.05345961,0.058491446,0.07537655,0.04828862,0.052192967,0.029031519,0.051595073,0.061426904,0.040558875,0.077432565,0.0590655,0.05169481,0.047664016
TRBV3-1,0.0032832474,0.0036798534,0.003935147,0.00406243,0.0040290398,0.0037951616,0.005274111,0.021181393,0.0022735845,0.0089967735,0.01912159,0.013877999,0.0018984161,0.014275072,0.010145205,0.0034924306,0.0037040284,0.003196981,0.0052493,0.0041544624,0.0041979724,0.0041375477,0.0026030452,0.002583523,0.023166662,0.004344919,0.0036750636,0.0045219427,0.0066242483,0.0029655164
TRBV6-2,0.0035448272,0.004224407,0.0068573905,0.0078104613,0.0046952986,0.004826354,0.0056709144,0.03222886,0.0024879314,0.013465067,0.010924092,0.030208329,0.006593015,0.009825976,0.01413323,0.0033145014,0.0032977047,0.0035912173,0.01808163,0.0048339763,0.002991419,0.008333771,0.0022672338,0.013120457,0.014339891,0.0045897337,0.0043021296,0.010641279,0.0046363603,0.0034293372
TRBV10-2,0.00045706797,0.0006543575,0.000684697,0.0007761203,0.00072521874,0.0006025319,0.00095182774,0.0059628324,0.00042365593,0.00096530037,0.00088599534,0.0012220037,0.00044784776,0.00085699913,0.0007644759,0.0004152598,0.00046609342,0.0006043526,0.0007901649,0.00091963215,0.00044359674,0.0006754835,0.00041886588,0.00047228197,0.00093348447,0.000630471,0.0006563201,0.0007384732,0.0007051089,0.0005637069
TRBV11-2,0.00067296764,0.0007032084,0.0007916473,0.0008868313,0.000928911,0.000837313,0.0010486316,0.005969454,0.00043130963,0.0012566139,0.0009826946,0.0013765062,0.00048814504,0.0010489156,0.009658458,0.00052098214,0.000506534,0.0007158086,0.0010054079,0.0008657663,0.0005479797,0.0008019215,0.0004103256,0.00055507553,0.0010920165,0.0007684333,0.0007522386,0.00089709053,0.0009751117,0.00071136025
TRBV14,0.003110946,0.0032726617,0.004396545,0.003977593,0.008954785,0.0035335298,0.0062973998,0.015167073,0.002667215,0.010310975,0.005003013,0.008885215,0.0019255626,0.009194432,0.0071930587,0.012978385,0.0027788745,0.002642463,0.0039984332,0.0041094017,0.002841398,0.0036837482,0.0019247207,0.002422389,0.014108632,0.0035312725,0.0033712536,0.01600812,0.006337233,0.0028252946
TRBV16,0.0005662187,0.0005990435,0.0005325637,0.0006196625,0.00064355216,0.00054086925,0.000731245,0.00095681025,0.00037289242,0.0008661612,0.00072023086,0.00088400726,0.00037577417,0.0007696007,0.0005908351,0.0005305765,0.00042962722,0.00050030375,0.0006300518,0.0005870263,0.00035548443,0.0005032378,0.0003475942,0.00039126517,0.0008082944,0.0005392079,0.00045867468,0.0006160432,0.0006004755,0.0003654612
TRBV28,0.006799933,0.009408632,0.01109481,0.012729954,0.011864623,0.008550589,0.03044797,0.07215851,0.010742038,0.044802286,0.05918684,0.03527899,0.061932504,0.025848007,0.036901064,0.01832203,0.0065669646,0.011702423,0.01617591,0.013313228,0.012849106,0.009333813,0.0052315616,0.013336326,0.046548776,0.011606884,0.0145462025,0.050851386,0.00945686,0.007480811
PRSS2,0.00055741664,0.0008163441,0.0008481017,0.00089718506,0.0008740157,0.00074938143,0.0010731625,0.0029007837,0.000502243,0.004683937,0.0011358426,0.001375313,0.00047995546,0.0010085618,0.0009029132,0.000563115,0.043316435,0.0006996293,0.00095543294,0.00088853645,0.00052894675,0.00076332566,0.0005583536,0.000503491,0.0011020278,0.00075943803,0.0022711079,0.00093222276,0.00085319293,0.00064146926
TRBC1,0.04473432,0.0683389,0.06857217,0.07111204,0.06836011,0.062686324,0.12780657,0.15437119,0.05838964,0.14355627,0.14651841,0.13820687,0.03208521,0.09872385,0.12609658,0.048778377,0.04253022,0.071405195,0.10882577,0.105676875,0.057827774,0.07576303,0.041282076,0.054391123,0.113456264,0.07919196,0.06636031,0.11310865,0.12135605,0.051942643
CNTNAP2,0.0039804108,0.026217794,0.04824936,0.05783254,0.007982772,0.00618044,0.00806476,0.010608252,0.0041519515,0.007901773,0.010544062,0.010634348,0.0033998075,0.007710509,0.006883744,0.0050225495,0.015357953,0.0054011336,0.007525877,0.0075174486,0.0035803504,0.007619338,0.0046512373,0.004046716,0.008186237,0.005387384,0.0056495736,0.0065515917,0.0064744046,0.004425862
EZH2,0.032259066,0.025480675,0.024502324,0.027895097,0.043338113,0.028111922,0.04240626,0.0451083,0.13983917,0.04093966,0.041385032,0.04656395,0.069831654,0.03126811,0.033821665,0.013162618,0.028714282,0.031676807,0.02998683,0.036652207,0.11739955,0.03027084,0.01783349,0.02707786,0.037903763,0.024864692,0.032975577,0.029177157,0.030244803,0.021205746
PDIA4,0.050115634,0.055630527,0.054139793,0.07085352,0.076098956,0.060679756,0.09400393,0.101669826,0.0454682,0.09754443,0.09615567,0.10830898,0.0388992,0.08524046,0.07727807,0.044892125,0.052900117,0.05822642,0.08486613,0.09156168,0.07621658,0.072477095,0.20564988,0.03748974,0.07925509,0.05705655,0.054094642,0.080624826,0.09611463,0.11355191
LINC00996,0.009501556,0.03131396,0.03431538,0.0119031845,0.011339659,0.010595099,0.014500105,0.015784606,0.007733708,0.015845599,0.014234214,0.017671403,0.0048400797,0.019146793,0.012658767,0.0071596466,0.009770834,0.021309895,0.012795782,0.020201711,0.008963599,0.050647926,0.0057458454,0.006859236,0.013921157,0.008830198,0.009447023,0.010392993,0.011700375,0.2980864
TMEM176B,0.027072756,0.0331159,0.03306093,0.036712088,0.18176329,0.1459441,0.04922004,0.05329199,0.024960436,0.049800977,0.045912463,0.05622214,0.01905584,0.042939596,0.039470047,0.032801885,0.023835704,0.028907994,0.039920546,0.04222498,0.024392309,0.03745938,0.019437019,0.026180118,0.04712341,0.036770206,0.046325833,0.037584275,0.040541384,0.023681125
TMEM176A,0.014452374,0.021939583,0.020326484,0.027096765,0.123104386,0.0743823,0.029110054,0.03909795,0.013303599,0.032284085,0.03029346,0.03879534,0.0143494485,0.030838404,0.027582332,0.017538795,0.016246492,0.016932907,0.02913916,0.024909735,0.013684799,0.02029171,0.011107266,0.021038901,0.024524817,0.025637079,0.034574322,0.0243714,0.024521975,0.020178797
KCNH2,0.004476077,0.016853571,0.014409356,0.005458724,0.008110802,0.00570817,0.014275734,0.013597995,0.0057934504,0.024598205,0.017957678,0.027678594,0.0029979425,0.01391946,0.008242101,0.0039576646,0.026177825,0.0055768494,0.006298293,0.009037651,0.003174505,0.0047504636,0.0034226396,0.0038268333,0.011302432,0.0050067063,0.0050285584,0.018435828,0.019919582,0.0036199917
INSIG1,0.035761297,0.038080756,0.030586112,0.035701495,0.04125345,0.0748706,0.04560429,0.045735423,0.027774725,0.044018887,0.039026562,0.048394673,0.025471877,0.03741735,0.04260914,0.016882204,0.026687618,0.05038366,0.044027753,0.041561406,0.025196671,0.025236469,0.0142473485,0.0501744,0.043491855,0.046900205,0.045749385,0.044012494,0.03606441,0.025345922
NCAPG2,0.019773131,0.02035243,0.020908969,0.0268807,0.02069431,0.023455808,0.033758044,0.034410994,0.09636261,0.03666581,0.04899193,0.041351274,0.12069869,0.037391722,0.03127113,0.011923191,0.019961149,0.018846037,0.040090904,0.037378643,0.10687261,0.020969395,0.027553542,0.01486424,0.026122767,0.014288879,0.01913622,0.0147854155,0.035339523,0.017218001
CSF2RA,0.05465237,0.016508033,0.017728189,0.017572979,0.06864451,0.038404968,0.02171168,0.025846262,0.009954597,0.023171999,0.025327887,0.028220844,0.009029552,0.021680068,0.019617159,0.012379591,0.015233047,0.0130824605,0.01994175,0.018243937,0.008401207,0.017272672,0.009989502,0.014516934,0.025488338,0.070163585,0.085419476,0.018219694,0.01780308,0.064244695
IL3RA,0.27586582,0.019046914,0.026869424,0.028573047,0.021380076,0.078785926,0.018953525,0.029214174,0.009323155,0.025253972,0.018740186,0.030782629,0.010529624,0.025304085,0.019464754,0.01260184,0.026036294,0.01605128,0.017518234,0.018966427,0.011044269,0.016057402,0.010523664,0.012402082,0.020284327,0.019155009,0.024355363,0.022393411,0.01706075,0.42768827
CD99,0.057867672,0.10678149,0.10184254,0.13236809,0.11125275,0.14595683,0.19266078,0.20528191,0.11145713,0.1432466,0.15373744,0.19947836,0.09145906,0.14467353,0.17863025,0.09136851,0.09331589,0.116576165,0.14753607,0.16822445,0.08834629,0.10791773,0.05406082,0.19799332,0.19362216,0.058056265,0.07031617,0.12899524,0.121223405,0.061122634
GYG2,0.00041016928,0.00044875915,0.00045648593,0.00049574574,0.0004954396,0.00045916677,0.0005761545,0.0008009636,0.00030031105,0.0006516006,0.00058532995,0.0007905766,0.00034602455,0.0006396221,0.0005928687,0.00035599363,0.0175629,0.00043642102,0.0005989769,0.00048191784,0.00029440204,0.00043694006,0.000260906,0.0003311055,0.0006246583,0.00038283778,0.00041675824,0.0005087935,0.00042396784,0.00037426382
NLGN4X,0.0004920047,0.0005291987,0.0006014366,0.0006313228,0.000605287,0.0006143828,0.00075846474,0.00096195337,0.0003376778,0.00078998203,0.0006763075,0.00092046167,0.0002673916,0.00065682566,0.0005935105,0.00039665532,0.00036091043,0.00047783362,0.0006368952,0.00062174216,0.00038215326,0.0005346051,0.0003384347,0.0003841671,0.00074962695,0.00047034334,0.00048430197,0.00054250157,0.00055174716,0.0004597082
ARHGAP6,0.0083858315,0.01291921,0.019325757,0.008901119,0.011821917,0.012916553,0.009615118,0.012175532,0.005241223,0.01136835,0.010635567,0.012323235,0.0032131344,0.009060317,0.008387194,0.0056012804,0.011162423,0.008373735,0.009379648,0.009192254,0.0040640486,0.0060129385,0.0047999774,0.132659,0.011481427,0.005937435,0.007054262,0.008514741,0.007513371,0.005914566
TLR8,0.0155702885,0.020538442,0.020577045,0.023064787,0.13711263,0.07435298,0.029257344,0.04003349,0.011190103,0.032127652,0.028750498,0.035649788,0.016093204,0.029704208,0.022850418,0.024005117,0.015447119,0.018457638,0.022576418,0.025481045,0.012404691,0.01969896,0.012440961,0.020513535,0.026852993,0.029443424,0.050192107,0.02177066,0.027009092,0.020072687
TMSB4X,0.05337516,0.09711002,0.096109144,0.097633824,0.053353447,0.092286356,0.09298691,0.07670895,0.08799968,0.06555331,0.06776696,0.10540194,0.04732011,0.063960835,0.0764888,0.34721333,0.21077572,0.047465988,0.06743509,0.085797004,0.043344226,0.05242011,0.20319587,0.1793169,0.060180936,0.15755664,0.06826597,0.10574129,0.07692566,0.09317881
OFD1,0.07115163,0.06512857,0.06532318,0.07781078,0.06546578,0.047048956,0.093642965,0.092139326,0.030760672,0.08690355,0.08643085,0.1072813,0.027180687,0.09495467,0.08426346,0.040173687,0.03278228,0.045188818,0.07723144,0.078848496,0.039682884,0.066388555,0.02840799,0.04017332,0.09694201,0.0431402,0.044939052,0.073266365,0.07562571,0.12006352
AP1S2,0.061195876,0.06375319,0.05798649,0.07536666,0.20114954,0.10797729,0.09152163,0.11004145,0.026567498,0.10094985,0.094202496,0.10809672,0.02523992,0.08147629,0.07762937,0.060162354,0.032773692,0.060600143,0.09170377,0.086713485,0.031422578,0.061772957,0.03650711,0.09639242,0.09792155,0.073337935,0.13133724,0.07891535,0.08533296,0.04252995
BEND2,0.0020274997,0.0032275217,0.002863583,0.0034731012,0.005390931,0.00342625,0.0046289917,0.0052001644,0.0018494979,0.004244432,0.0034500875,0.0053384383,0.0016522252,0.004042623,0.0036813903,0.0017467266,0.002183723,0.0025417416,0.003338826,0.0034727845,0.0017569937,0.0030434371,0.0016668659,0.07931116,0.004800642,0.0031284438,0.0027044076,0.0026401347,0.003400108,0.0025159754
PHEX,0.0056477,0.0071810517,0.004648527,0.0060379338,0.0062194527,0.0048891795,0.0061587524,0.009219692,0.002583313,0.007817606,0.011565981,0.007191732,0.0030646578,0.011543721,0.0050732763,0.0034944974,0.0036810783,0.004201326,0.005806566,0.005160549,0.004074325,0.00415249,0.0031154833,0.0034049454,0.006544249,0.004898372,0.0047901906,0.0056197057,0.006587318,0.19935639
PRDX4,0.030970061,0.028876105,0.029740052,0.034323633,0.044549122,0.043110512,0.04432752,0.054229107,0.032580454,0.0491757,0.03917334,0.04764916,0.033531066,0.045927648,0.038478877,0.015974328,0.028630063,0.043149166,0.041163675,0.039345462,0.031901028,0.03787858,0.08551958,0.0140870195,0.046297327,0.03478717,0.036501154,0.025590768,0.04168943,0.029891917
SAT1,0.033459846,0.035262227,0.04223219,0.047439083,0.12068034,0.14028749,0.06264838,0.10207376,0.015164706,0.07647896,0.060313713,0.11566631,0.016087376,0.06953428,0.04838649,0.043414418,0.027563663,0.031599104,0.06864324,0.05214111,0.028603138,0.039415326,0.024270957,0.07989856,0.064263895,0.05056828,0.056361597,0.051408965,0.056893926,0.026200417
CYBB,0.02271387,0.049428627,0.04393453,0.060592607,0.16470502,0.12669912,0.059795473,0.068449505,0.022047179,0.057099298,0.05359068,0.07419243,0.02799122,0.06009191,0.047404524,0.034676895,0.034344483,0.042372957,0.053930826,0.047761828,0.025671316,0.04528312,0.01969156,0.03720581,0.061570987,0.032076906,0.046308514,0.039552305,0.047099624,0.086154
SRPX,0.00058850687,0.0008621706,0.0008463836,0.0009800481,0.000982015,0.000846849,0.0011543953,0.0014014657,0.0005980806,0.0014418896,0.0013331079,0.0013938746,0.00046424262,0.0050014025,0.0009939978,0.000593663,0.0006255193,0.0006438016,0.0011204499,0.0009075769,0.00056433433,0.00082299474,0.00049594976,0.0006135426,0.0011984557,0.00082508527,0.00074161025,0.0010087527,0.0008302497,0.04504793
TIMP1,0.061886285,0.08933784,0.08983686,0.09981877,0.15530625,0.23282741,0.13735496,0.15443093,0.04634824,0.15008828,0.150362,0.14629108,0.036382187,0.12916167,0.110458955,0.057492923,0.060393903,0.14127322,0.11194143,0.116799295,0.054722745,0.08894837,0.058683768,0.2002313,0.13957356,0.05701511,0.14497574,0.0956591,0.11162867,0.06512083
CFP,0.049481314,0.042277846,0.039268307,0.051156953,0.16060852,0.15458485,0.0591979,0.088143006,0.026720285,0.07283315,0.06845084,0.07961275,0.025235742,0.05127046,0.045561872,0.042111475,0.03221319,0.03976023,0.056491036,0.05045525,0.029946463,0.044916384,0.025985548,0.03454718,0.06809824,0.049725518,0.14849146,0.048957624,0.04640936,0.034950696
SLC38A5,0.014825626,0.019591592,0.020780498,0.020310214,0.016215527,0.014317307,0.027495755,0.02829233,0.047624968,0.043337367,0.044823483,0.038224727,0.091514625,0.038562708,0.039229084,0.008460477,0.02469059,0.019457247,0.023199687,0.031723857,0.026203895,0.019736776,0.045414023,0.0084707,0.03191203,0.025639033,0.016029766,0.038824167,0.044383194,0.021766817
GATA1,0.0020264264,0.0033980021,0.0022712257,0.003083709,0.0030858433,0.0031403264,0.002950604,0.0038321507,0.0012194648,0.0031877633,0.0030292033,0.003951355,0.0010515514,0.0030261087,0.0025030372,0.023905884,0.050739843,0.0015694632,0.0025918242,0.0024494417,0.0013696618,0.0020535353,0.0013241376,0.055633873,0.0026259148,0.00190273,0.0021427046,0.0022782001,0.0023891018,0.0017759624
ERAS,0.00037683334,0.00422582,0.0006358451,0.00067311706,0.00071201235,0.0010828528,0.0008110725,0.00094441086,0.00038532558,0.00088670326,0.0008917595,0.0009603706,0.00036514638,0.0007738768,0.0006752043,0.00048024184,0.00044903517,0.0004951022,0.0006963461,0.00066995376,0.0003862967,0.00052063004,0.00034195246,0.00041010947,0.0008907754,0.000546062,0.00064843264,0.00067664246,0.000646905,0.0004596086
PIM2,0.030913906,0.07365691,0.052487876,0.06204713,0.043555472,0.04031425,0.059983376,0.12041896,0.039272122,0.10625899,0.09035719,0.10974246,0.025390308,0.064387545,0.059585333,0.030581897,0.03474704,0.083713494,0.06763513,0.060723163,0.030083941,0.0630914,0.07142889,0.024739562,0.09569903,0.035427872,0.039381973,0.05898014,0.04659203,0.037899125
SYP,0.0063763265,0.012654436,0.013325789,0.006400355,0.014486457,0.009716231,0.0154630905,0.02081467,0.003254612,0.012983186,0.006837075,0.029468358,0.006965378,0.008322086,0.010364575,0.0040163584,0.029558979,0.004921908,0.0067995978,0.00895521,0.03213056,0.0071727196,0.0050106756,0.0037386762,0.0077759437,0.010903792,0.008668848,0.0057302318,0.0060098576,0.0146085955
FOXP3,0.013490851,0.022375293,0.035181932,0.02585325,0.021717362,0.017591434,0.042107366,0.032206,0.033268094,0.041846886,0.030851549,0.031975843,0.010157488,0.025160413,0.020674618,0.03650876,0.020548694,0.013107135,0.01985089,0.020793691,0.01141519,0.014248354,0.010414222,0.01184087,0.5393063,0.015389946,0.016466115,0.0145035,0.020240821,0.013906949
TSPYL2,0.0356052,0.07071657,0.057557162,0.07488301,0.04594781,0.044109415,0.09946313,0.118317045,0.02919482,0.10596082,0.123178266,0.13436171,0.0255322,0.11996423,0.10691732,0.025406128,0.03786725,0.08088332,0.121048205,0.092426054,0.04064915,0.056706734,0.021211516,0.031669576,0.113935664,0.045949776,0.044022616,0.065878354,0.08939024,0.09291162
ALAS2,0.0032001927,0.0039190925,0.0038095475,0.009941371,0.0047135525,0.003576169,0.020230308,0.0071792663,0.0023823865,0.0059939614,0.0048996275,0.0074268472,0.0022759906,0.0049638636,0.010334599,0.8782898,0.0021389162,0.0028330036,0.0043352167,0.0043624234,0.0024456447,0.00370165,0.0018004026,0.0026631493,0.005192222,0.003403738,0.003190686,0.0046079033,0.0045340876,0.007914405
AL034397.3,0.029512951,0.032886755,0.028127715,0.049319204,0.1024486,0.04281775,0.02849342,0.03807345,0.015258667,0.030794227,0.036790024,0.03708122,0.012293091,0.027326452,0.023686612,0.022960927,0.07096389,0.020938082,0.02783864,0.024600696,0.0129835745,0.021034745,0.01344623,0.087439336,0.0293701,0.026650496,0.041231748,0.022675414,0.022164091,0.021679157
VSIG4,0.0018219937,0.0023073633,0.0023979323,0.0027399277,0.0143928435,0.005309039,0.0032398875,0.0037272829,0.001460873,0.0034175843,0.0030508877,0.0040711197,0.0016486014,0.0033671563,0.00478339,0.0014533901,0.001573826,0.0019073553,0.004368831,0.0024739075,0.0012018156,0.0022189096,0.0012373567,0.0016313812,0.003526775,0.0027290762,0.026226563,0.0133893825,0.004052178,0.0020361315
FAM155B,0.00095146935,0.0010417261,0.00095256406,0.0010503704,0.001181452,0.0009815176,0.0013807836,0.0016383171,0.0005296406,0.0014845885,0.0012943824,0.0015814439,0.000600615,0.0014292424,0.0010621471,0.0007922043,0.0007201991,0.000914848,0.0011815596,0.0010797518,0.000683873,0.0009062704,0.0004944414,0.00068091694,0.0013245485,0.00094564556,0.00083705253,0.0010929069,0.0010698333,0.00077641336
KIF4A,0.0035577193,0.008340317,0.004180881,0.0056546484,0.005274301,0.0041441615,0.006038699,0.0070740795,0.13462636,0.0067908424,0.005630586,0.008322457,0.071151726,0.007353962,0.0053848745,0.0030557434,0.0086876135,0.0039072824,0.005042677,0.0056717354,0.09476793,0.004838522,0.02210049,0.0026779315,0.0062303,0.005603955,0.0044128154,0.0052828076,0.0046863197,0.0034074986
CXCR3,0.18187177,0.034868717,0.042810805,0.041453958,0.040429186,0.033666838,0.1272697,0.058840636,0.14296195,0.095579356,0.12866403,0.10087816,0.065706275,0.12907104,0.07670242,0.028676257,0.024954768,0.055365477,0.07876032,0.05202224,0.07577856,0.08048502,0.042362083,0.024545116,0.054440748,0.106018186,0.03146744,0.053268515,0.08071558,0.21355814
XIST,0.08830404,0.10561242,0.114532605,0.09327313,0.11135615,0.09010969,0.088543616,0.12962373,0.02687543,0.107011095,0.086831115,0.11730523,0.0398829,0.09075474,0.08238125,0.040534776,0.0438047,0.05415205,0.06492474,0.09911601,0.050782874,0.08249029,0.06516504,0.040174115,0.066465236,0.107631356,0.07403298,0.07789695,0.07564438,0.09953047
ITM2A,0.061211523,0.08919382,0.09216753,0.09700306,0.10251985,0.09120839,0.21471456,0.25408122,0.12764965,0.22790854,0.2233881,0.18938915,0.062261958,0.19135411,0.14607784,0.07121183,0.08318142,0.11590971,0.13929954,0.13111302,0.086062536,0.11289036,0.0530232,0.07527637,0.1999967,0.068639345,0.08970092,0.14610553,0.16088513,0.0676527
FAM133A,0.0006972657,0.0009981309,0.00092850334,0.0010940547,0.0011439648,0.0010014933,0.0012988665,0.012862944,0.0005434793,0.0014578467,0.002004929,0.0071832966,0.000678231,0.0013881197,0.0010306704,0.00079165876,0.032180756,0.0008228863,0.0012392696,0.0010434525,0.0021316502,0.0009680679,0.00053192157,0.0020716782,0.014114466,0.0010390974,0.0008838421,0.047405593,0.0011149467,0.00071444816
SYTL4,0.0022127605,0.002571231,0.0030898962,0.0027679424,0.0033720743,0.0039020062,0.0039603063,0.004803784,0.0017931757,0.0038799995,0.0039275233,0.0046614665,0.0023005104,0.0040147845,0.0032684598,0.0018411216,0.028965738,0.0025368717,0.0034425731,0.0032095024,0.0018641124,0.0025465477,0.0017963726,0.05988839,0.0039570937,0.0027711194,0.003269596,0.0023797457,0.0028762366,0.002134479
TCEAL2,0.0030844684,0.0031353089,0.0033609679,0.0036163086,0.0039544865,0.0037811804,0.0049400595,0.019113306,0.0023045072,0.022531914,0.004722132,0.027405828,0.0018281179,0.008060082,0.0065734014,0.0023803303,0.016322246,0.003177468,0.004556949,0.003707835,0.002005123,0.0027619374,0.0019502916,0.0023807585,0.0041403025,0.0029846178,0.0031768791,0.0031206699,0.0038945947,0.002536964
TMSB15A,0.0022318012,0.002778147,0.0028576609,0.003299269,0.0028942141,0.004656808,0.003452989,0.004538048,0.009989515,0.0041866247,0.0034774207,0.004398439,0.012731144,0.0034060755,0.002985167,0.0018607192,0.0020053294,0.0020595577,0.029639125,0.0032681609,0.09226574,0.002953684,0.0018729484,0.018909248,0.003788332,0.0023826302,0.0025815924,0.003261237,0.003100834,0.0024248401
BEX1,0.0030650604,0.003589262,0.013267163,0.0037284587,0.0077530853,0.005475792,0.004436182,0.007082103,0.002462897,0.018958857,0.0051735668,0.0106563205,0.0025942842,0.0049070884,0.003957697,0.0029146469,0.13148671,0.021604998,0.0044662342,0.003870224,0.021266395,0.0034145545,0.002268092,0.008847576,0.01326448,0.0032426277,0.004667909,0.013343823,0.0036518222,0.0031001815
TCEAL5,0.0037916754,0.000933478,0.0010004446,0.0009396257,0.0010121964,0.0009184083,0.0011445889,0.0013703747,0.00055963005,0.0013655862,0.0013544221,0.0014313523,0.00050246005,0.0010924524,0.0010832158,0.00044301414,0.059155654,0.00067418255,0.0010192796,0.0009260999,0.00054198306,0.0009004377,0.00050728786,0.0005929685,0.0012725763,0.0008473753,0.00078736944,0.0009101854,0.0008762058,0.0007048158
BEX3,0.022325506,0.025368059,0.026597867,0.029337585,0.03192905,0.022600796,0.036864925,0.10821749,0.02051552,0.06427581,0.05629386,0.08350155,0.024119187,0.050644588,0.033617683,0.019426495,0.09648489,0.026962025,0.033842515,0.029084196,0.019945111,0.032276597,0.014579004,0.20030752,0.08054463,0.028793039,0.025969181,0.064243734,0.039795853,0.021255102
RAB40A,0.0013194346,0.0013071906,0.0013168599,0.0014875318,0.0014633613,0.0013194989,0.0017013691,0.0022921544,0.00084141234,0.0021245556,0.001805458,0.0020790729,0.0007130942,0.0016448763,0.0015303041,0.0011687016,0.000979589,0.0010633637,0.0016944732,0.0013421046,0.00097635546,0.0013165447,0.0005619713,0.0008687048,0.0017356459,0.0011755805,0.055706073,0.0015429014,0.11171788,0.0010968836
CAPN6,0.0158887,0.00054990937,0.0005296755,0.0005510598,0.0005634573,0.00046424055,0.00068695244,0.0008233804,0.0002903659,0.0007549076,0.0006611247,0.0008439686,0.00028442734,0.00062978227,0.0005518921,0.00026740518,0.00037958738,0.00043838785,0.0005481401,0.000555185,0.00027845232,0.0004838796,0.00028343635,0.00035836347,0.0007073072,0.00043648228,0.0004798429,0.0005271553,0.00055053097,0.0004248282
PLS3,0.22423121,0.0027222666,0.0023927786,0.0028303303,0.00431218,0.0026329008,0.0029838963,0.0040462106,0.055859704,0.0049491907,0.0033610282,0.0037958694,0.011357837,0.0032411367,0.0027891279,0.0016196531,0.026119485,0.0016828163,0.0027950576,0.0042096362,0.017199472,0.0026259508,0.0013986368,0.0017276873,0.0044331676,0.0023775662,0.0040314374,0.0028003966,0.0026710515,0.03473517
IL13RA1,0.054570597,0.03707632,0.0591593,0.04914824,0.12446267,0.04577596,0.03284336,0.044936605,0.013170554,0.041301448,0.034450453,0.043318864,0.016952857,0.034991447,0.028814733,0.026076293,0.020371607,0.02153138,0.03183163,0.030707765,0.015398299,0.029033963,0.016226199,0.02337981,0.03779739,0.04427565,0.13932908,0.029849736,0.028114358,0.040169697
PGRMC1,0.02832899,0.040018972,0.04459965,0.043833904,0.056337975,0.052099787,0.06335829,0.076976225,0.056283336,0.07013651,0.069753386,0.06606209,0.04540886,0.05592305,0.05383404,0.02431331,0.03664154,0.032041375,0.05570872,0.048763365,0.051975176,0.047305424,0.020497201,0.31508714,0.061976947,0.03837145,0.03614329,0.06192981,0.048348676,0.03735776
SLC25A5,0.09308447,0.066527545,0.06575251,0.08665404,0.08072546,0.081317246,0.1103614,0.12529197,0.10530055,0.115087524,0.13064623,0.123678036,0.059076972,0.08730728,0.0899287,0.06101638,0.050524823,0.07803407,0.09993049,0.09773596,0.07250672,0.065574996,0.047658425,0.07797289,0.13541643,0.09710968,0.11780614,0.09797621,0.07665486,0.06206799
SH2D1A,0.036644045,0.04099724,0.039902605,0.04467843,0.04405509,0.038256235,0.11120658,0.09360534,0.083408326,0.09521008,0.09721827,0.103256814,0.061438352,0.07148798,0.1283544,0.033433385,0.025685882,0.03877153,0.1274832,0.09871982,0.05962635,0.116632886,0.01829097,0.03370484,0.08154928,0.03825352,0.040316552,0.10415628,0.09906182,0.03345288
FHL1,0.06309887,0.028613841,0.025162466,0.04159068,0.03510881,0.02529133,0.05772966,0.060050227,0.029825404,0.09735503,0.08422816,0.050643783,0.0133478865,0.051464792,0.03884427,0.018099746,0.21182358,0.04221863,0.053309966,0.02907147,0.025032565,0.06228779,0.014808332,0.22368197,0.03953693,0.022960713,0.025549069,0.02391789,0.0311919,0.064446226
HMGB3,0.03806736,0.018557755,0.017173281,0.018528858,0.038557984,0.02566516,0.015401182,0.02048161,0.18678547,0.018986173,0.01757788,0.021228584,0.053121746,0.021081429,0.012887733,0.009719174,0.08513736,0.01106265,0.019209687,0.01443978,0.060514614,0.0125419,0.06814531,0.010363958,0.013903388,0.068940476,0.032240026,0.015019032,0.013039495,0.010801093
SSR4,0.030126806,0.044653606,0.042175785,0.054137982,0.049893692,0.03847099,0.07032088,0.088190675,0.015096979,0.07858607,0.07253323,0.08139411,0.028926317,0.0677448,0.065897256,0.047792394,0.020283189,0.048301466,0.06399874,0.06426587,0.027095174,0.04187425,0.09844855,0.07018262,0.069677636,0.019386597,0.02543484,0.059687145,0.05769329,0.06981485
MPP1,0.036085945,0.027327238,0.031918764,0.034187917,0.07420586,0.062396936,0.045460794,0.057180706,0.01594526,0.046144437,0.04661344,0.049518656,0.015950343,0.04043263,0.03752476,0.056637086,0.05109008,0.022717867,0.034427226,0.036350217,0.022471685,0.028263679,0.015935026,0.22359543,0.046188395,0.02986821,0.036300253,0.047975294,0.02827399,0.03185195
CLIC2,0.05072122,0.011109597,0.009103285,0.010361093,0.018634005,0.025258765,0.011118786,0.015724763,0.0063470546,0.013148367,0.01443354,0.015444248,0.004265511,0.011639617,0.009971328,0.033719312,0.04870787,0.007509075,0.010975883,0.011111021,0.005392398,0.0076228105,0.0050441073,0.0054836166,0.01108993,0.16492155,0.102890275,0.008459946,0.0100476295,0.010107904
CLN8,0.09126187,0.052026995,0.03674569,0.041677535,0.053695083,0.04857725,0.032977626,0.05516701,0.021704102,0.042908706,0.04491441,0.048924487,0.021037797,0.048013236,0.04281226,0.019692447,0.031409126,0.025083728,0.03310979,0.047682527,0.018827997,0.029738022,0.015237247,0.024419487,0.042365853,0.05089534,0.05125055,0.03115371,0.040352985,0.15507014
MYOM2,0.020356689,0.022060923,0.024651997,0.02780921,0.023073511,0.021399392,0.027810097,0.046331502,0.017370477,0.038754422,0.033274364,0.03541888,0.023354065,0.028884469,0.030289078,0.012558028,0.01830526,0.0158992,0.023804145,0.18595897,0.095080115,0.0492322,0.013068826,0.021299232,0.029878007,0.022478139,0.020811219,0.025941227,0.038966417,0.019550776
BLK,0.015238164,0.13491774,0.19056058,0.12477564,0.02186312,0.018103335,0.030495556,0.031579208,0.012521858,0.02955609,0.030297387,0.02961962,0.014389865,0.023260074,0.021345548,0.013900084,0.013555572,0.014261647,0.059299883,0.022738686,0.01153444,0.019967254,0.029412849,0.013313374,0.027547475,0.016299453,0.01769142,0.018138487,0.026566574,0.03550226
CTSB,0.111350074,0.07172992,0.08230304,0.0827096,0.21703444,0.14416195,0.13846451,0.14036435,0.05160256,0.12470049,0.12594028,0.121004045,0.036025304,0.10104551,0.089571826,0.040261734,0.052537456,0.067951106,0.09532877,0.083101675,0.0448347,0.06897535,0.037192885,0.054333538,0.107209295,0.04798326,0.1030271,0.08129826,0.09123454,0.1749154
DLC1,0.0007250219,0.0010652398,0.0050784815,0.0013173713,0.0056002927,0.009881389,0.0014539247,0.0017714732,0.00065067096,0.0016095493,0.0014290381,0.0019213584,0.0006964031,0.0014733761,0.0010875774,0.00087912346,0.039369065,0.0007952504,0.0012480337,0.0011998164,0.0006401573,0.00098686,0.00064781355,0.0022342566,0.0016242102,0.0011800855,0.0035164936,0.0010745681,0.003688499,0.001016259
MSR1,0.0039184773,0.005822596,0.007897545,0.0061796373,0.01725711,0.066998355,0.008915856,0.008090939,0.0030564815,0.0071467776,0.006570203,0.00838402,0.0031593442,0.006347544,0.0056083524,0.0032498327,0.0031551379,0.0032885033,0.0060244584,0.005469107,0.0033695993,0.006719074,0.0028337108,0.0085130045,0.006969481,0.006621274,0.028521858,0.0053606825,0.00595298,0.0038894187
ASAH1,0.024907386,0.045042615,0.045863643,0.057176534,0.106939316,0.12541808,0.06501233,0.08483252,0.020572152,0.06694297,0.072101,0.08040108,0.02230838,0.064438805,0.058705635,0.03965389,0.0225693,0.040109534,0.06584957,0.06719578,0.024459988,0.049893115,0.016102485,0.0676865,0.07590102,0.020573983,0.041449517,0.0542522,0.05844748,0.038386844
LPL,0.0021355427,0.002485035,0.0024773735,0.002898335,0.007598528,0.04709411,0.003623342,0.004275337,0.0016525686,0.0040057283,0.0038386765,0.004201397,0.0013161785,0.002683187,0.0027449667,0.0022626733,0.0019754765,0.0025889103,0.0031706875,0.0026483343,0.0017600933,0.002455762,0.0014659602,0.0025550227,0.0037942645,0.0025054952,0.0026783422,0.0026779266,0.002858624,0.0019028971
DMTN,0.012059902,0.014746175,0.015021138,0.018378237,0.017318359,0.015094684,0.029060453,0.038322672,0.0101569975,0.043259,0.039505057,0.031529464,0.010522963,0.035270512,0.02874951,0.13187356,0.012312802,0.028712232,0.029742813,0.022275815,0.017083107,0.016608015,0.007949569,0.1677711,0.028855717,0.013466307,0.013381187,0.018974556,0.02441824,0.0134757785
SLC39A14,0.002981981,0.008779859,0.007146076,0.008319664,0.005945126,0.00961907,0.016486207,0.013929443,0.008635447,0.016202701,0.015470385,0.015848793,0.0062313564,0.015672501,0.0063372306,0.0035842967,0.013190234,0.0039862245,0.026900603,0.011059576,0.0128934095,0.0040235384,0.010987579,0.0031110425,0.01748,0.0057013566,0.005601877,0.012110704,0.017232655,0.0037034897
EGR3,0.008871437,0.011749175,0.010331749,0.015184438,0.0756862,0.026622755,0.012902795,0.018944293,0.007184958,0.014768277,0.01259496,0.019432247,0.004982679,0.012519671,0.013313209,0.0066433004,0.0077181123,0.009506566,0.015889492,0.012105222,0.0057943654,0.01114242,0.006409725,0.008171681,0.015443731,0.009142716,0.020213066,0.010596216,0.010928942,0.008877639
SLC25A37,0.03390002,0.049196765,0.04651912,0.062483124,0.08344322,0.048747495,0.057647943,0.0776564,0.018524883,0.06492633,0.06461369,0.07862985,0.01905061,0.05246897,0.054288488,0.19387403,0.022702659,0.037825063,0.05257263,0.045931835,0.023193413,0.03580088,0.014597199,0.03129069,0.068012804,0.026877,0.04735094,0.038319726,0.038565118,0.029261407
ADAM28,0.030645272,0.1103992,0.10621528,0.13986285,0.027330352,0.02072945,0.027816718,0.03254395,0.01200632,0.027479764,0.027222907,0.03382237,0.009622754,0.027991362,0.022490691,0.015421356,0.03670218,0.019941963,0.02482635,0.03014226,0.01572946,0.03410388,0.021005275,0.015746634,0.028122898,0.113531895,0.050332766,0.021637227,0.02183103,0.020002974
NEFM,0.0024638395,0.0026675556,0.0027219788,0.0028516734,0.0030218458,0.0031338583,0.009334013,0.005517633,0.009265046,0.011664527,0.040774554,0.006862645,0.0017138419,0.010604753,0.006632056,0.0019385663,0.0020957887,0.0016187857,0.004754884,0.0029532777,0.0018095165,0.0025911396,0.0017489188,0.0017804911,0.0070335986,0.002559127,0.004074212,0.0035436393,0.0037481885,0.0020422467
NEFL,0.0077267834,0.012501845,0.013289876,0.010764615,0.011471871,0.012328951,0.012196083,0.029852882,0.007447232,0.15807523,0.023256578,0.017637944,0.0059951628,0.050238986,0.012807016,0.0086322,0.007033952,0.020166066,0.012123998,0.012777625,0.0069452273,0.009748114,0.012129213,0.006400389,0.025011927,0.008569612,0.009382866,0.035705127,0.018169083,0.0073834118
DOCK5,0.026307056,0.027406072,0.030502003,0.031987675,0.09505223,0.12485184,0.043313455,0.04835093,0.021257758,0.039704904,0.03963016,0.048477326,0.038566053,0.038138464,0.043769684,0.024076963,0.038847536,0.030589562,0.031564355,0.06851946,0.031226113,0.033573277,0.013740487,0.027555518,0.038179345,0.078356154,0.06445675,0.030110013,0.03817784,0.027719365
CDCA2,0.0028683136,0.0039848858,0.003935441,0.0046267402,0.004284441,0.0038049247,0.005266141,0.006363023,0.18656799,0.009858827,0.009865905,0.006740229,0.039356757,0.004565689,0.004432249,0.0024939592,0.008201707,0.0028999571,0.0044162315,0.008700986,0.08737363,0.003833998,0.015991857,0.0028705716,0.0051197107,0.004311807,0.003438124,0.0038270555,0.0055762636,0.0051069004
DPYSL2,0.12011068,0.055286452,0.061154254,0.058869634,0.121971965,0.075682975,0.07250195,0.08072803,0.022231288,0.07835538,0.06956276,0.074344404,0.032242905,0.058495335,0.060188413,0.038368635,0.043693505,0.049488086,0.052496165,0.06568605,0.04405144,0.057322446,0.02347067,0.041579574,0.07439277,0.13773327,0.11039595,0.052725375,0.058484796,0.08502716
CLU,0.012579644,0.015689585,0.015514345,0.017771473,0.027695592,0.015764777,0.026266698,0.027140291,0.008562594,0.02246343,0.025825912,0.023238858,0.009778034,0.022054767,0.02137946,0.009350114,0.024493326,0.014926215,0.017115043,0.016594404,0.010394651,0.014701828,0.007837795,0.31149635,0.02476275,0.012637615,0.013840889,0.015159678,0.019572409,0.015593784
ESCO2,0.0054371166,0.00640328,0.009460953,0.007897625,0.010466935,0.006894709,0.0077982,0.011359585,0.17147283,0.009107643,0.007948843,0.013505024,0.05391293,0.009587978,0.010251823,0.0043567377,0.00806235,0.0045297574,0.0077011213,0.008661502,0.16392517,0.006494017,0.016076218,0.00783587,0.014629156,0.005710791,0.007183714,0.005920881,0.008269539,0.0057252026
PBK,0.0037574307,0.0053277877,0.0054396032,0.0059777624,0.00683364,0.0076741325,0.0073789204,0.009467983,0.2987259,0.008688034,0.007910196,0.011200871,0.05694602,0.0071685393,0.006697518,0.0042401487,0.004416339,0.005147926,0.007184556,0.0069538048,0.09662717,0.00593702,0.014183964,0.0043020793,0.0084701525,0.0048830938,0.0060037235,0.006397944,0.0064167683,0.0042163497
NUGGC,0.004329778,0.016789325,0.030804548,0.0097109955,0.008202779,0.0076337247,0.020116659,0.0125327455,0.0041172816,0.017704358,0.02508253,0.012451521,0.003752135,0.019323945,0.024972994,0.0060137818,0.005181191,0.005492807,0.013805945,0.014825417,0.009691533,0.011217025,0.04962714,0.0051405854,0.009437749,0.011630476,0.0074976534,0.008328248,0.032998133,0.0055293394
PNOC,0.010924416,0.07909314,0.087706976,0.109208524,0.01819462,0.014562615,0.018458247,0.020793416,0.0071471077,0.018672533,0.015487967,0.02078539,0.0072225127,0.016207613,0.01413198,0.009126613,0.009396032,0.014835154,0.014039895,0.014315639,0.0075672977,0.011797679,0.035468575,0.008394393,0.017360432,0.012770836,0.010898759,0.0117583275,0.013843129,0.041990906
FZD3,0.06505512,0.030655297,0.023457987,0.026800036,0.016069002,0.014138552,0.021247251,0.0480985,0.010638056,0.038543776,0.046359915,0.048035204,0.01801466,0.045748204,0.038584627,0.009659685,0.04372549,0.0105572585,0.027591737,0.02432754,0.013807767,0.01273679,0.017411314,0.010942019,0.03756755,0.101856716,0.03251364,0.024397317,0.024394713,0.12214365
DUSP4,0.023915168,0.012560559,0.015929056,0.009102084,0.010588874,0.009647239,0.012182635,0.020452525,0.034472343,0.057964522,0.035867743,0.020965511,0.10763981,0.022644049,0.022708654,0.0051526716,0.0071225064,0.013831655,0.009250045,0.016133953,0.0068140333,0.034095604,0.008521145,0.006434749,0.025229555,0.11626749,0.0118808355,0.026757818,0.01224228,0.01131552
NRG1,0.010867013,0.011864918,0.012656534,0.013399276,0.08205264,0.013092205,0.015910687,0.020251157,0.0084334565,0.021536611,0.016837226,0.020922896,0.006011558,0.015288273,0.014532944,0.008665663,0.010572377,0.01076419,0.017106107,0.014056407,0.00863025,0.013892002,0.0075461674,0.013475147,0.017488752,0.010126985,0.025942905,0.013252605,0.01382735,0.009520935
ZNF703,0.019049926,0.016743178,0.020675678,0.027485926,0.064292416,0.16124648,0.027893156,0.022620756,0.011714908,0.022410318,0.02034888,0.02435253,0.0083424235,0.019226084,0.01887529,0.011425519,0.009669811,0.012656187,0.017632833,0.016178139,0.009499504,0.025653444,0.013121719,0.012796799,0.026382143,0.011082464,0.031976216,0.013302128,0.015588108,0.024078848
RAB11FIP1,0.16809665,0.07250872,0.06773552,0.07272208,0.1281092,0.07463679,0.088812135,0.097937986,0.03417702,0.09604156,0.08829756,0.10058153,0.041391026,0.08867205,0.080000944,0.045704506,0.042526353,0.08331534,0.09489335,0.09826018,0.054785434,0.08926309,0.033790745,0.053047743,0.08400805,0.09759873,0.092920385,0.059971575,0.07333609,0.11604874
PLPP5,0.03859861,0.096551776,0.097497806,0.30210167,0.055169553,0.050547197,0.060798302,0.08063247,0.024859488,0.081598334,0.077394925,0.09142277,0.02413481,0.07702557,0.05641826,0.02744911,0.051112447,0.054642264,0.0711916,0.05373309,0.035824385,0.05981932,0.12262118,0.040733118,0.064188704,0.056676704,0.0652166,0.056432225,0.052009445,0.050985724
FGFR1,0.008390674,0.011163604,0.016046857,0.011729167,0.0144370245,0.011433502,0.034953576,0.02536112,0.048728347,0.022348572,0.020238567,0.036857046,0.012574175,0.04852154,0.035247575,0.008119579,0.01834562,0.009258752,0.040832188,0.031617202,0.02356798,0.00980235,0.007017809,0.01307943,0.018981311,0.009270859,0.010322947,0.14544132,0.036034703,0.008551873
IDO1,0.0025321336,0.0031224813,0.0045327097,0.003267453,0.003865308,0.0033905,0.0038232259,0.0048976773,0.0019989703,0.004307774,0.004022947,0.005290166,0.0015602564,0.0038096202,0.003581582,0.0019841334,0.00241252,0.0022201247,0.0036816278,0.0032507603,0.0015685734,0.002757714,0.001937496,0.0019614883,0.004258234,0.24479488,0.005701334,0.0029523848,0.0029923995,0.0027105357
IDO2,0.01247852,0.0013540179,0.0015135888,0.0015330322,0.0016743867,0.001394059,0.0019121871,0.0023359426,0.00083258294,0.0020891263,0.0020930816,0.0022474786,0.0009956285,0.0017807507,0.0015642431,0.0009423622,0.0011599072,0.0011284617,0.0016984133,0.0014731472,0.00085573766,0.0012888107,0.0009921761,0.0009614177,0.0018285438,0.076853,0.0032272465,0.0015860092,0.001448329,0.0011590922
CEBPD,0.039370883,0.04509549,0.0466507,0.052365713,0.17120747,0.06541886,0.058646012,0.07796521,0.028895095,0.0642025,0.07020173,0.08166795,0.023241147,0.068055764,0.05959446,0.032491468,0.035282973,0.03644789,0.08590495,0.06479133,0.030406136,0.053991,0.022567613,0.039780576,0.06435063,0.035458937,0.09893559,0.051516928,0.056688517,0.03849826
MCM4,0.026389454,0.033054613,0.043041024,0.03363996,0.033224132,0.038182255,0.037312385,0.053087994,0.18634002,0.046576764,0.048359998,0.064222984,0.2578161,0.03487275,0.033826325,0.017087901,0.07803061,0.02097427,0.03824246,0.047012642,0.33054218,0.03420432,0.03987262,0.016364375,0.039445657,0.04991905,0.037729885,0.038215816,0.047763627,0.026876377
LYN,0.08526864,0.06612751,0.056339387,0.08152607,0.09577478,0.15058306,0.07213959,0.089934185,0.031957775,0.08232538,0.07717191,0.082614735,0.032185033,0.06538869,0.056515776,0.03463488,0.028461182,0.038281564,0.06533077,0.06650633,0.030661205,0.05332505,0.019537894,0.05278396,0.07703572,0.03139527,0.063986935,0.05132066,0.061729945,0.07089775
SDR16C5,0.0015358014,0.0066348896,0.088881865,0.0017510371,0.0016034405,0.0032371217,0.001831971,0.0024089273,0.00086466863,0.002962732,0.0018589244,0.0021913308,0.0007695521,0.001683029,0.0016842913,0.0013236763,0.0010874094,0.0012652897,0.0016632802,0.0016797554,0.0009902589,0.0013444043,0.0041129827,0.001037191,0.002156869,0.0014492751,0.0013805112,0.0019514778,0.001715385,0.0011233161
ASPH,0.04652334,0.036078133,0.036649667,0.034921106,0.05530717,0.02797773,0.040120084,0.04870812,0.012983498,0.0473275,0.046352953,0.0503221,0.011194242,0.035680193,0.033331268,0.015444632,0.04114789,0.027058823,0.039413683,0.029013578,0.022737833,0.057610247,0.01462398,0.019850805,0.037378523,0.039129436,0.038841903,0.023748249,0.029270211,0.12410932
GGH,0.017830385,0.010336378,0.012445326,0.012446458,0.014218318,0.011756807,0.02011439,0.015687099,0.055838976,0.01307783,0.01370852,0.017064871,0.029127898,0.011925647,0.012877914,0.005537614,0.027064202,0.00581368,0.008843032,0.011800394,0.07796593,0.009701331,0.05711363,0.005461532,0.01599704,0.007976821,0.027076215,0.008071827,0.00977163,0.06563961
BHLHE22,0.0003544793,0.00042660223,0.0004518911,0.0005432516,0.00987465,0.0022990352,0.00058027974,0.00075229286,0.00030100934,0.00063147064,0.00068067136,0.00077498815,0.00030430415,0.00062118337,0.00053085,0.00033845467,0.00035557686,0.0004881398,0.00054055534,0.00050235837,0.00030482275,0.0004743979,0.00028361828,0.0003239415,0.00059214135,0.00050273497,0.00046817563,0.0004590472,0.00046333467,0.00046294043
DNAJC5B,0.0018187953,0.020649314,0.035284437,0.003415629,0.005043689,0.0062016044,0.003473765,0.0051849345,0.001588687,0.0034280843,0.0033808167,0.004377374,0.0017792076,0.0032327394,0.0028031492,0.0014958532,0.0018995478,0.0020954215,0.00306323,0.0027371892,0.0014684832,0.0025422345,0.0016419586,0.001703537,0.0032922167,0.0026251804,0.0059841424,0.0029370617,0.0024660074,0.002089101
MYBL1,0.051508028,0.0650124,0.07899669,0.06872671,0.07018525,0.060348522,0.25440544,0.10133201,0.036596928,0.11086018,0.13629918,0.11204616,0.0696678,0.11812155,0.17503902,0.03716007,0.039384253,0.05719065,0.17443231,0.2000092,0.0931223,0.10639696,0.03649454,0.046630576,0.08878117,0.05808012,0.066000395,0.055980183,0.12206456,0.052192
LY96,0.05042367,0.060411327,0.0490308,0.04073896,0.113650426,0.09796933,0.049704444,0.06565383,0.027416376,0.0722199,0.057407476,0.06568139,0.019485105,0.04225537,0.043556143,0.03005892,0.026237773,0.022315202,0.03906647,0.041243866,0.025243977,0.036590632,0.025069332,0.03502364,0.063781455,0.033246122,0.06679897,0.04512557,0.039137334,0.054637652
STMN2,0.3842813,0.0005118658,0.0004971182,0.00058362837,0.0006071782,0.0005185849,0.00070156436,0.00087725796,0.000333228,0.00070981676,0.00064826943,0.00084298506,0.00032475445,0.00061235647,0.0005899841,0.00035398052,0.00038574717,0.00041078634,0.00059132016,0.00056689774,0.00028554458,0.00050321495,0.00030884097,0.00034374587,0.0007514953,0.00047964332,0.00052862347,0.00052524515,0.00052489043,0.00043463949
TPD52,0.033633675,0.07512597,0.07950264,0.13779016,0.035751767,0.031444263,0.06319724,0.062779814,0.018497992,0.08053383,0.06902998,0.06462103,0.019354144,0.06275384,0.051783364,0.025259307,0.030863026,0.038204398,0.06136772,0.053334147,0.029407129,0.032854263,0.07048645,0.023631707,0.042240843,0.04433701,0.03197948,0.039213415,0.044271186,0.03368411
FABP5,0.12389587,0.0681155,0.06770476,0.05478213,0.07059665,0.05708572,0.07567566,0.08124606,0.15388803,0.07618147,0.06887949,0.12845093,0.111393094,0.07165226,0.0873059,0.033111233,0.11216568,0.05009946,0.07265625,0.054561723,0.10693398,0.07293475,0.057838816,0.036350224,0.07325931,0.14798088,0.13619205,0.13615797,0.07335392,0.08817138
CA1,0.0016294142,0.0019332241,0.0020889412,0.0020891402,0.0020544676,0.0019294816,0.0026215864,0.0031252375,0.0014205378,0.002618667,0.0026187997,0.0031880734,0.00089050166,0.002677563,0.0024527838,0.4611997,0.0023729021,0.0016246927,0.0021765614,0.0020197893,0.001017659,0.0016823595,0.000947631,0.0012149791,0.0026259415,0.0015801404,0.0016944053,0.0020079343,0.0021695285,0.0014573408
CA2,0.00953,0.010184952,0.008983877,0.016341956,0.017944675,0.02733855,0.011866571,0.015043116,0.005543906,0.014580425,0.014808262,0.017958075,0.0055149733,0.0120283635,0.0103966,0.034361903,0.006129649,0.008386524,0.018002665,0.01044579,0.0058622463,0.011287159,0.0056337514,0.14619966,0.0125589315,0.009363674,0.029777877,0.01434471,0.011193766,0.0094202
CPNE3,0.078447305,0.06341951,0.06995621,0.076991834,0.06670827,0.05356497,0.08350687,0.11256716,0.020504626,0.099960096,0.091965236,0.110520735,0.032703824,0.08441172,0.07780714,0.033601172,0.033129994,0.062427863,0.079057224,0.08292005,0.037202258,0.061268874,0.020260267,0.04305103,0.08843367,0.2433987,0.03998491,0.08004396,0.070073456,0.064739145
RIPK2,0.042242486,0.04586912,0.04339762,0.049980685,0.11403881,0.08286396,0.071025506,0.06433351,0.0229988,0.07345512,0.051698864,0.065490894,0.024930924,0.049675684,0.053558767,0.022779744,0.033769466,0.040741745,0.047247253,0.0515787,0.028807776,0.036990326,0.02222157,0.03229323,0.053640403,0.038298026,0.059091695,0.045977645,0.045137174,0.031972744
RUNX1T1,0.0001689406,0.00032733358,0.00029481665,0.00034666774,0.0003438423,0.00030654343,0.00040646957,0.0005119644,0.00024752313,0.00044983588,0.00038772187,0.0004893979,0.00019498634,0.0004005694,0.0003516454,0.00021412768,0.0037522113,0.0002686219,0.00035178722,0.00033764,0.00021315226,0.00030659692,0.00016395737,0.010412128,0.0004268867,0.0003101087,0.0002797526,0.00037067346,0.0003206922,0.00026705422
CCNE2,0.0049890126,0.010859792,0.010245468,0.010017204,0.009411608,0.012880439,0.009604509,0.020213509,0.09192531,0.014933146,0.015933689,0.012818455,0.05837966,0.012550355,0.0127410125,0.0061370363,0.009369836,0.006161155,0.009056028,0.008678014,0.11689968,0.006427909,0.011501257,0.008049109,0.012774522,0.0090689445,0.013972095,0.016531926,0.008756137,0.015060886
TP53INP1,0.032504994,0.058790885,0.14838217,0.11435684,0.07138072,0.047633853,0.05591454,0.063285425,0.024566846,0.077006966,0.0675847,0.058105655,0.02765745,0.053445257,0.049409643,0.031269826,0.050144684,0.09628411,0.05091995,0.046801448,0.024692254,0.039133534,0.103113264,0.03271872,0.06357125,0.04095707,0.03861981,0.04031964,0.039955024,0.03261778
LAPTM4B,0.0144216195,0.01462879,0.01518533,0.013935369,0.016789367,0.02190952,0.01529317,0.04960636,0.011155774,0.038585253,0.041377053,0.026327303,0.014435025,0.023556383,0.02474228,0.008105538,0.22174363,0.021439675,0.025308704,0.020080006,0.009828623,0.0111821415,0.008933665,0.052546617,0.06617302,0.012463603,0.013332081,0.013563382,0.019959668,0.019464124
ERICH5,0.0011461737,0.0016506448,0.0016156621,0.0020179166,0.0018820469,0.001601599,0.0023083636,0.005989064,0.005170915,0.0025114308,0.0022867022,0.002975616,0.0011728605,0.002104381,0.0018000363,0.0012913297,0.001193191,0.0015549366,0.0018896648,0.001862565,0.0011101742,0.0015504044,0.0010855645,0.0011375115,0.0022500076,0.118624166,0.0015943737,0.0019189437,0.0018725091,0.0013915952
OSR2,0.0014437692,0.0020097194,0.001969543,0.002152497,0.028708698,0.011893872,0.00263869,0.0033602095,0.0013544274,0.0029016614,0.0029487724,0.0036788075,0.0010524257,0.0025609506,0.0026322498,0.016592367,0.0013959361,0.0019445249,0.0025707558,0.009953873,0.0012371283,0.0018082213,0.0011685274,0.0015335286,0.0028603368,0.0015144319,0.002796545,0.0025185384,0.0021879184,0.0017057209
FBXO43,0.0031366132,0.005480315,0.005152186,0.005291493,0.0060177487,0.0054765106,0.005701211,0.009101858,0.108186305,0.008865932,0.0072360067,0.007922888,0.01774818,0.00620301,0.0050482154,0.002983071,0.0036202772,0.0038020648,0.0057858326,0.0061846823,0.0805563,0.004012145,0.004694602,0.014574103,0.013882383,0.004111782,0.0040977136,0.005479934,0.008896828,0.004893947
AP002852.1,0.002364296,0.0022912861,0.003221308,0.0023356206,0.002432403,0.0020485723,0.017218808,0.00369094,0.006697609,0.0032146606,0.0029367534,0.005402932,0.0016638841,0.003265089,0.017919393,0.001478723,0.0016700075,0.0015650896,0.002400709,0.002465495,0.0013249224,0.0020596173,0.07393572,0.0041787396,0.0031771108,0.0025696496,0.0017463376,0.002479277,0.0023903567,0.001879793
KLF10,0.03910146,0.02928241,0.03411279,0.0300032,0.09993401,0.039785612,0.04128689,0.046164628,0.016165348,0.04261641,0.04631102,0.04196757,0.018965356,0.03900051,0.035315365,0.018689854,0.020603176,0.028514713,0.03558518,0.03557668,0.016586278,0.032664627,0.018291742,0.022416694,0.040080138,0.03962223,0.049860686,0.024414916,0.033993244,0.03313717
AP003354.2,0.007797062,0.012937,0.010813484,0.012338068,0.06423576,0.018209882,0.010916547,0.011037161,0.0062178783,0.010857766,0.010099253,0.011123985,0.0036095968,0.009143037,0.012410487,0.0051537044,0.0052047963,0.0062287296,0.008949569,0.010672284,0.0039382265,0.0069491337,0.0041317516,0.005271209,0.009188124,0.008230983,0.017722357,0.008315629,0.00992944,0.0056700874
BAALC,0.002577026,0.0038372504,0.00353983,0.0040408806,0.003989828,0.003869464,0.004407595,0.006421661,0.0021491717,0.005905464,0.0050312565,0.0056879674,0.0018963516,0.0046748663,0.0038064208,0.0026884982,0.18606247,0.0028607687,0.00482908,0.027573245,0.025056815,0.026480576,0.00223038,0.0025945944,0.0044060303,0.003702333,0.003508552,0.0031555584,0.003612181,0.002907908
ABRA,0.0004590052,0.00063441944,0.010978559,0.0007441731,0.0008123924,0.0006807288,0.0009307038,0.0011099607,0.00041266132,0.00083633774,0.00095834804,0.0012268996,0.00041425976,0.0009198028,0.000786831,0.0005507992,0.00046655288,0.00057131355,0.00085056515,0.00070389913,0.0003898149,0.0006106438,0.0003557722,0.00042104645,0.00078628043,0.0006852476,0.0005882769,0.00067828794,0.0006980285,0.0005003194
ANGPT1,0.0050648977,0.0052170465,0.010274043,0.0066417083,0.018521585,0.008561534,0.0073004984,0.012811319,0.003339766,0.008054039,0.0070513603,0.010109027,0.0033539599,0.007464192,0.007155108,0.004348446,0.20779422,0.004225927,0.006414102,0.0057580736,0.003919926,0.012411051,0.0032615615,0.039051425,0.006637458,0.007535469,0.007252414,0.0066829943,0.0065104817,0.004595796
PKHD1L1,0.006189971,0.043024354,0.03755695,0.03714955,0.00973879,0.008691594,0.010602099,0.012862615,0.00599302,0.011962985,0.011684617,0.014215083,0.004549533,0.01013689,0.00881025,0.0061540655,0.007279972,0.008207041,0.008793022,0.008707419,0.004976856,0.0071276245,0.049088966,0.068982445,0.010345975,0.006126236,0.007406766,0.0073306076,0.0093756905,0.0058923145
NOV,0.000684515,0.00078394735,0.0007712759,0.0008543992,0.0042738095,0.0054443297,0.00085272576,0.0013033792,0.005328947,0.0010756319,0.00093764503,0.0011940849,0.0002955011,0.0009546621,0.0007796117,0.00046733255,0.0012050808,0.000544335,0.0007930367,0.0008544465,0.0004838711,0.0007550369,0.0005275855,0.0005093382,0.0009425735,0.00072501943,0.0006386877,0.00086636003,0.0007752125,0.0006708999
DSCC1,0.0043564923,0.0052744728,0.005747154,0.012056675,0.005637076,0.005502934,0.0110373935,0.008520791,0.104950756,0.0083154915,0.007513482,0.0082603935,0.055032294,0.0067521064,0.00932709,0.0034649833,0.015432625,0.008640994,0.006390264,0.011650383,0.12664972,0.006658951,0.004511411,0.0035881852,0.006871279,0.0125506865,0.004924703,0.0065140906,0.008669064,0.0063286615
ATAD2,0.019995809,0.039059874,0.03497739,0.039216433,0.026969314,0.025709193,0.04634961,0.04389673,0.08445501,0.042641953,0.05389249,0.048770696,0.09604189,0.051233586,0.048304215,0.017705588,0.024606159,0.025176581,0.031941388,0.037302773,0.12820598,0.031037927,0.014980281,0.012930858,0.049710736,0.025897376,0.031587236,0.045755256,0.040623974,0.02048047
MTSS1,0.040103372,0.08621061,0.09095094,0.115195565,0.06682167,0.17970817,0.077927426,0.07113316,0.030520018,0.076667845,0.06483694,0.07502131,0.039854705,0.064045556,0.079679266,0.03296143,0.029008718,0.039198656,0.054310076,0.094625294,0.04599813,0.04600521,0.022531541,0.05678959,0.06502445,0.044071205,0.03719692,0.057596188,0.06149305,0.033244938
TRIB1,0.022541082,0.021078758,0.020633947,0.01802148,0.0625754,0.054478556,0.021845335,0.023464838,0.010199241,0.022496274,0.025067547,0.026869081,0.008077037,0.01806956,0.01753005,0.016524117,0.012372711,0.013819708,0.016740646,0.015637884,0.008957195,0.014458289,0.056700494,0.014602568,0.023963727,0.016299462,0.048774403,0.014129948,0.019146705,0.02165886
ASAP1,0.067507274,0.057899524,0.05741173,0.06392582,0.08809877,0.07707188,0.07360458,0.100151,0.031781375,0.09251098,0.07778253,0.09483227,0.038303923,0.07044209,0.0619166,0.03273463,0.037762728,0.04510216,0.07047389,0.059731036,0.03703849,0.057576068,0.02487708,0.09083028,0.08375808,0.1370563,0.07263475,0.05419532,0.06308825,0.036605768
ZFAT,0.04401136,0.021505954,0.02184569,0.016987845,0.024477106,0.018584497,0.025266103,0.024531214,0.013614176,0.029619364,0.029084697,0.027298022,0.008214336,0.02230673,0.019931007,0.009406291,0.013125872,0.012754143,0.020726105,0.022144632,0.013292991,0.023883952,0.01461227,0.011541451,0.016833095,0.013911056,0.01699251,0.017308753,0.017334897,0.23161009
ZFAT-AS1,0.00042770203,0.00040261075,0.00041453567,0.00046821046,0.0005090541,0.00045425064,0.00059334503,0.00075408455,0.00028626845,0.00064859964,0.00055104337,0.0007689406,0.00026291548,0.00056688936,0.00048454345,0.0003024809,0.00032864715,0.00032812232,0.0005699981,0.0005107528,0.0002939992,0.0003801917,0.00024508187,0.0003177751,0.00060380803,0.0004385699,0.000422562,0.0005335734,0.00047937824,0.051176682
KCNK9,0.00031626763,0.0003541964,0.002829638,0.00042768626,0.0004020694,0.0003430188,0.00044635817,0.00061725517,0.00023138888,0.0005284748,0.00047478583,0.0005482198,0.00021144988,0.00048541662,0.0056466763,0.00031652706,0.00025026881,0.0002795617,0.00044853863,0.00036281566,0.00023613928,0.00033945864,0.0046832925,0.00023491825,0.00047766292,0.00028700655,0.00035278598,0.00044107865,0.0003942351,0.000294518
LYPD2,0.014350876,0.007063077,0.011817071,0.012970893,0.010521551,0.21031465,0.014137783,0.013877582,0.009658694,0.014521949,0.01195243,0.01373293,0.0038011868,0.0088532865,0.0093306,0.0066299923,0.0065117655,0.006732504,0.0101404525,0.010874922,0.0075748255,0.0118045,0.00808159,0.009440825,0.011055554,0.009852242,0.007895399,0.01201448,0.009102022,0.005726068
GRINA,0.07526671,0.058488984,0.04823896,0.06365701,0.14484788,0.089415826,0.06181268,0.086688556,0.02300382,0.06392123,0.054946538,0.08906014,0.023257734,0.058099438,0.059603877,0.029767796,0.032587346,0.045875967,0.053305916,0.051861025,0.030616345,0.046293702,0.022758935,0.038569193,0.0555015,0.044024806,0.058534116,0.055687837,0.056424454,0.051431347
SLC1A1,0.0007936338,0.000996576,0.0009397548,0.001081616,0.0012436244,0.002149361,0.0012994956,0.0017557302,0.00072563934,0.0015610745,0.001356329,0.0016241204,0.00058432197,0.0013655847,0.0010582653,0.00085072266,0.00081890443,0.00087816647,0.0012616046,0.0011055983,0.0006233529,0.000885984,0.006327334,0.00071114127,0.0013560711,0.00082494883,0.0009607346,0.0009138415,0.0009901661,0.0006632043
CD274,0.0059491885,0.024440266,0.0143045,0.011361276,0.008508212,0.0069425683,0.02339173,0.019654013,0.022119125,0.038176816,0.02964296,0.016845409,0.009094232,0.028886814,0.013741789,0.00557604,0.004430347,0.004783488,0.015838875,0.017192991,0.00593171,0.007110394,0.005267763,0.006225657,0.009957777,0.006746824,0.007305708,0.010272387,0.015493876,0.009073157
GLDC,0.0021348568,0.005342994,0.0036312193,0.003004133,0.0030941523,0.0024713674,0.0035590378,0.004361612,0.0019538896,0.00543045,0.0037177284,0.0052555725,0.0017840425,0.0029983446,0.002965346,0.0019367986,0.004314015,0.0019268373,0.0033930556,0.003008385,0.00238122,0.0024340001,0.18607135,0.0030668008,0.003475619,0.0027205984,0.0024549812,0.0024560485,0.0027191734,0.0019997999
FREM1,0.0007566257,0.0009575422,0.0009342001,0.001040605,0.000933796,0.0009038213,0.0011378084,0.0014905032,0.0005254631,0.0013630273,0.0011939213,0.0015056162,0.0006361109,0.0012284165,0.00095344783,0.0007498222,0.121744,0.00067955075,0.00096388295,0.0051369816,0.00061336043,0.00086634216,0.00060152303,0.0006006262,0.0012957396,0.0008177104,0.000840306,0.010347632,0.0010129539,0.0007991305
SLC24A2,0.0004478003,0.00056789786,0.0005862182,0.00068438693,0.00067456474,0.00062230346,0.0007899039,0.00084550405,0.00037936255,0.00084272004,0.00081004103,0.0010377779,0.0003238418,0.0006882194,0.00062186585,0.00044743167,0.0004373844,0.0004952701,0.000686585,0.0006282678,0.00039998797,0.0005935606,0.00031071165,0.00037511828,0.0007744747,0.0005684715,0.00048283185,0.0007089281,0.00064702454,0.00044851896
IFNB1,0.00067321985,0.0007556219,0.00079405576,0.0009534223,0.0023417731,0.014332087,0.0009992346,0.0011783168,0.00046816102,0.0011539775,0.0010763336,0.0013799849,0.0004849011,0.0011923758,0.0008171615,0.0006590643,0.00054794876,0.0005600234,0.0009801952,0.0008590154,0.00043964555,0.00072771526,0.00045054717,0.0005524059,0.0010149513,0.00072771544,0.0038960895,0.0008555289,0.0008589512,0.0007477056
DMRTA1,0.0005977252,0.007848585,0.0006968909,0.0008572885,0.0007417341,0.0006274038,0.00089410733,0.001170508,0.0004701871,0.009350966,0.028100347,0.0012279648,0.00048811908,0.00090324535,0.0077036098,0.00048556767,0.014685552,0.0005426169,0.0008087006,0.000746571,0.00043587803,0.00062632596,0.00042173345,0.00047360186,0.0009972394,0.00073395064,0.0006487364,0.0006575162,0.0006426706,0.0005854457
EQTN,0.00028730702,0.0004121976,0.00045244276,0.0004957274,0.0005402868,0.0004251907,0.00051401596,0.0006439925,0.00028862339,0.0006180636,0.00058452337,0.0007503702,0.00019537486,0.0005631406,0.0004625339,0.00024609437,0.0002903182,0.00033809984,0.0004729408,0.00046440793,0.00022561077,0.0003711093,0.00023884464,0.00031461,0.0005911137,0.00041638024,0.004455138,0.00040936068,0.00044121908,0.00036985808
C9orf72,0.044303454,0.050197795,0.054319378,0.053154606,0.13735835,0.12073486,0.060386162,0.07589444,0.015790854,0.06459737,0.07041321,0.07805946,0.020696819,0.08133545,0.05681277,0.027436221,0.029543867,0.041452907,0.049282454,0.050995518,0.026880678,0.036026657,0.02448514,0.030348718,0.068099216,0.046640664,0.06831153,0.057720277,0.05552877,0.035652954
AQP3,0.029448373,0.05198366,0.05642622,0.06613319,0.055921406,0.049833123,0.0802767,0.17219019,0.1382438,0.26237357,0.19301239,0.15583189,0.04003197,0.14358862,0.07595887,0.055914134,0.043545257,0.08423025,0.22719665,0.061848275,0.04189448,0.054067858,0.11294805,0.0386335,0.15064,0.050543047,0.048957944,0.13312036,0.07662592,0.045745444
DCAF12,0.047244925,0.021143345,0.020654917,0.022815937,0.06743276,0.04250075,0.061422512,0.05097085,0.029422035,0.044081192,0.050803367,0.04449364,0.03126121,0.02876542,0.037273053,0.18711963,0.035130892,0.058904056,0.047793053,0.046784926,0.028377194,0.04152149,0.025393147,0.030714981,0.059213005,0.040654168,0.048069637,0.05141539,0.033618603,0.039779637
ENHO,0.045156967,0.010568893,0.012263471,0.011428245,0.015672773,0.031284764,0.016029684,0.018478842,0.0075391517,0.01603067,0.014925699,0.019519256,0.006337689,0.01283441,0.012591827,0.00832088,0.008558866,0.008436452,0.011869342,0.011119652,0.010516552,0.010527591,0.005823344,0.007385418,0.014562185,0.026356135,0.25145507,0.012597787,0.011032728,0.0087809665
CD72,0.094528094,0.14038208,0.041722823,0.21379218,0.032486185,0.02609886,0.037508167,0.042609207,0.018169925,0.040921062,0.035123464,0.040119495,0.027159736,0.037587706,0.032491334,0.01809618,0.031187804,0.025334705,0.037225824,0.040761337,0.021344868,0.03374778,0.012858431,0.019549172,0.035727914,0.054011617,0.0436574,0.03282407,0.03297269,0.027486801
TPM2,0.091452196,0.022860592,0.020425938,0.020937273,0.022048416,0.01873515,0.037235882,0.05153719,0.009776516,0.044866476,0.04244135,0.04596936,0.008118239,0.03935343,0.024813268,0.014608291,0.019103153,0.015645135,0.05667565,0.028805165,0.017568238,0.022540314,0.011159157,0.024385573,0.03648411,0.020241573,0.018358994,0.018710526,0.037910532,0.35409278
TMEM8B,0.02080505,0.024261337,0.04404826,0.030951833,0.05556391,0.019249167,0.040350042,0.044958167,0.015771722,0.041164692,0.05255627,0.05118885,0.013751936,0.034017593,0.02959302,0.014068661,0.026338786,0.029289166,0.044574507,0.026741141,0.016032815,0.035048794,0.018861052,0.015636213,0.045521785,0.050411385,0.0842309,0.019709313,0.047559667,0.27784216
MELK,0.004823409,0.006216624,0.0065106307,0.007213243,0.008055101,0.0054356703,0.008180081,0.0112196375,0.26700968,0.014675392,0.008358519,0.012392525,0.09872679,0.008807878,0.012123898,0.005113465,0.08196124,0.005115572,0.011083688,0.0075201,0.1227314,0.0057356018,0.031250235,0.004112298,0.021835903,0.0064419815,0.0055838944,0.0057975985,0.0063360585,0.01555487
PAX5,0.009535748,0.099804096,0.07445043,0.12597552,0.0147442045,0.012886066,0.018244259,0.022184135,0.0073271287,0.017837558,0.017114753,0.020760499,0.008669405,0.018130563,0.014912824,0.010090646,0.008718207,0.008513578,0.016311593,0.014666837,0.0078750495,0.013277156,0.008963901,0.009714452,0.018605178,0.012081022,0.012800194,0.013662418,0.0150565775,0.009574307
ZFAND5,0.030138839,0.0390084,0.047675867,0.04872018,0.08701457,0.08803148,0.06368924,0.06688121,0.014798172,0.066851996,0.06314473,0.075635776,0.024292016,0.061794337,0.050029643,0.024177741,0.026786909,0.050214894,0.05893446,0.053564835,0.02689846,0.04341531,0.017154902,0.0380956,0.059409656,0.021566225,0.03968213,0.051473718,0.054673415,0.027242536
ALDH1A1,0.017622182,0.016976848,0.043759998,0.022266401,0.1313666,0.024745531,0.028003464,0.0297404,0.014919279,0.028551664,0.027432347,0.03393831,0.0078079067,0.025681276,0.019049156,0.015648048,0.11515282,0.017967554,0.022268435,0.025234867,0.014384844,0.022004733,0.012059867,0.013801993,0.02288505,0.020881811,0.016408999,0.019654771,0.018378647,0.014334779
ANXA1,0.15148416,0.19553947,0.20039298,0.23137867,0.22822328,0.14698707,0.24548332,0.2970146,0.14484337,0.24811259,0.21621434,0.36607853,0.10076124,0.21742502,0.18955152,0.13546577,0.17304796,0.18726437,0.17862959,0.18007119,0.09275915,0.14552516,0.14608824,0.17031005,0.30147272,0.09315286,0.18647912,0.16684608,0.17020383,0.14853011
CEP78,0.021646248,0.029202554,0.031664822,0.03105746,0.024552096,0.025233816,0.059277102,0.043889243,0.019816121,0.039528865,0.03907506,0.046234045,0.039833132,0.037335034,0.07398577,0.017334681,0.021193529,0.02106603,0.035005234,0.09833425,0.04932565,0.060936507,0.012366837,0.018006587,0.04657366,0.021392427,0.023672799,0.040621333,0.049530417,0.024107004
PSAT1,0.0064738886,0.007638687,0.008837043,0.007542681,0.008892,0.008538981,0.031052608,0.038171217,0.07036085,0.030169256,0.019038532,0.03672245,0.019724302,0.032982085,0.016716903,0.0037339267,0.009735506,0.006488775,0.012669178,0.010772875,0.028901564,0.0071719172,0.06807097,0.0068957773,0.012995443,0.0057256524,0.007714154,0.0167044,0.016874673,0.006460503
FRMD3,0.0034467645,0.005608314,0.0061204634,0.0060241697,0.013726833,0.015325363,0.007403057,0.0072596497,0.0026968187,0.0070712892,0.0098075615,0.007972912,0.0022848954,0.006332577,0.0051060487,0.003565736,0.0029275846,0.0030902936,0.0048643905,0.0064313174,0.0035574492,0.004694196,0.002598826,0.07297644,0.008571934,0.005487318,0.0040417877,0.005787288,0.0053819837,0.0036729306
GAS1RR,0.00036034125,0.00046529731,0.0004796384,0.0005661201,0.0005669153,0.0005069065,0.0006586183,0.00079346186,0.00029925205,0.00076178275,0.000718777,0.0008145801,0.0003299965,0.0007117166,0.00060622714,0.0003253907,0.000783719,0.00034941558,0.00059490534,0.00061735645,0.010032716,0.0005064403,0.000318478,0.0003817787,0.00063966564,0.0005049538,0.0005100506,0.0005321138,0.00061763905,0.00042339132
CTSL,0.016187785,0.024396144,0.029242428,0.025550662,0.05139481,0.24324663,0.03170527,0.06525298,0.016259091,0.04264345,0.04147444,0.05540924,0.010326008,0.039670866,0.027139297,0.020407338,0.016323928,0.017929422,0.025925452,0.027835995,0.014307169,0.02289865,0.013370545,0.019624155,0.036699336,0.03357271,0.029830053,0.033210967,0.025988538,0.020679137
S1PR3,0.013931788,0.028287439,0.014882062,0.017657567,0.12991866,0.023788037,0.02276116,0.026898436,0.008217754,0.025900023,0.029496392,0.029180683,0.009572237,0.021168679,0.018783422,0.019832587,0.014024587,0.0151255,0.018466564,0.018396137,0.014747949,0.014104972,0.008269259,0.012005493,0.021762619,0.02182007,0.017216759,0.015201346,0.019765979,0.01287027
CKS2,0.040760748,0.034384068,0.034944765,0.034731172,0.032758553,0.03315994,0.032929733,0.036474645,0.14739305,0.04681415,0.03845388,0.045666896,0.07910299,0.032660216,0.033719085,0.020468319,0.13362148,0.024494682,0.033080034,0.043935,0.09410251,0.03172403,0.04210313,0.019981612,0.043904,0.08373834,0.035915624,0.03134499,0.031566624,0.08761391
GADD45G,0.0044148574,0.004734119,0.0049674995,0.007962671,0.015641032,0.008823027,0.010469161,0.009447252,0.005743527,0.00704885,0.006549263,0.009930733,0.0029825624,0.006287185,0.0051533226,0.004066791,0.0069073816,0.0037978548,0.009229896,0.005654432,0.010361935,0.026813388,0.003168467,0.028434986,0.0070381593,0.022568362,0.005688156,0.0053465557,0.004841119,0.0036602388
SYK,0.054180074,0.096308164,0.064631715,0.07925618,0.083453625,0.046698373,0.049919717,0.057923995,0.014637849,0.050028335,0.049824145,0.056439534,0.021027619,0.043821115,0.039044823,0.01853976,0.032383338,0.02814542,0.03703196,0.059342247,0.033085182,0.0508353,0.02293416,0.031792328,0.047543876,0.076030396,0.09147526,0.03838366,0.037836887,0.07018716
NINJ1,0.030729106,0.035302423,0.0509909,0.048038322,0.12495793,0.10780819,0.051127624,0.081934646,0.028112678,0.06953381,0.06278372,0.07949508,0.02750599,0.05913793,0.05221029,0.034738004,0.031792544,0.048772596,0.066473074,0.04856425,0.034874048,0.049347155,0.020988587,0.036180973,0.05179715,0.03246823,0.048314195,0.0456248,0.050382216,0.034672584
FBP1,0.033634637,0.02640253,0.028953232,0.027140366,0.06895789,0.06971374,0.030750725,0.046799876,0.011923527,0.035908744,0.034042623,0.04605015,0.011970833,0.031647507,0.026683012,0.014834431,0.016394211,0.018712409,0.032658085,0.034227736,0.014931302,0.027973572,0.014592058,0.017310953,0.0340632,0.037415117,0.07228702,0.023226297,0.026443684,0.030482281
CTSV,0.0735093,0.0027274443,0.00296102,0.0030502002,0.0031762626,0.0046676504,0.0035753285,0.0046070707,0.013368225,0.00504581,0.0036465533,0.005971124,0.0013961158,0.003877796,0.0033401777,0.0019675172,0.002209345,0.0025434021,0.0030832835,0.003012506,0.012270632,0.002394537,0.007961932,0.0019148648,0.0035838597,0.007153183,0.013085315,0.002592459,0.0028669205,0.058049154
AL590705.1,0.02254918,0.027225107,0.009807198,0.015466472,0.0076820534,0.006181723,0.010878903,0.024345197,0.009359183,0.021996882,0.02443538,0.032138493,0.0035125702,0.010131742,0.009711934,0.004212911,0.02374818,0.0045851683,0.0103480825,0.0078987675,0.02047203,0.005829782,0.007498115,0.004400131,0.02295072,0.009169103,0.008925687,0.014592159,0.031769585,0.004818234
HEMGN,0.008689675,0.0082917875,0.009218614,0.013695136,0.0104720695,0.009917148,0.013696459,0.03007875,0.006532574,0.019706791,0.0158657,0.019983511,0.0050684903,0.018727003,0.009651862,0.12319235,0.07552801,0.0081018945,0.014850414,0.009210678,0.00956493,0.012467124,0.0045123487,0.076393634,0.022121537,0.0077544553,0.008397295,0.008785807,0.012967178,0.007004743
NANS,0.11196933,0.03878872,0.03914146,0.041611016,0.07578863,0.08698132,0.050809458,0.06887678,0.04100105,0.06261964,0.055106282,0.06873482,0.024223957,0.059826683,0.04279071,0.03014258,0.06271836,0.036872566,0.050073054,0.048406184,0.047522824,0.030982632,0.07826965,0.020672474,0.047481015,0.061225433,0.0680313,0.03405787,0.044087335,0.05759849
SEC61B,0.1392123,0.070746414,0.068123944,0.08508311,0.06955861,0.05147895,0.09515615,0.13572632,0.05912984,0.10820181,0.100869894,0.11026092,0.038593184,0.10472091,0.09373581,0.072662726,0.033027526,0.0676557,0.09074781,0.09777853,0.044483114,0.06398034,0.079170585,0.07287257,0.12140744,0.0393411,0.05385978,0.08835922,0.07940342,0.17557488
NR4A3,0.013889656,0.028940557,0.0138416095,0.017862441,0.05385213,0.028516784,0.024959251,0.021642795,0.009405431,0.024967507,0.024588933,0.02307289,0.0058539524,0.024300825,0.021947814,0.012602553,0.009857032,0.010518818,0.04530458,0.020023648,0.010235257,0.056650016,0.006445511,0.021220433,0.018040506,0.019058619,0.14525658,0.0152239315,0.015989475,0.06998452
BAAT,0.0002366485,0.0003631868,0.00042287968,0.00039428845,0.00043332067,0.0003720214,0.0004647723,0.0005902101,0.00018965165,0.0005397983,0.0005110796,0.00060025643,0.0001624808,0.00047075658,0.0004567239,0.00026768603,0.00028062865,0.00032449345,0.0004819197,0.00045819048,0.0096858675,0.00038131094,0.00022311657,0.00027092005,0.00052165403,0.0004126957,0.0004150488,0.00040540015,0.0004429117,0.00030993466
SMC2,0.025532085,0.043285936,0.040558916,0.044928834,0.03494679,0.043166187,0.04183417,0.062596,0.13879625,0.054756,0.053447094,0.08047233,0.09586091,0.043477993,0.051337976,0.019104686,0.041275337,0.055287227,0.042190272,0.05778964,0.13067594,0.04507583,0.030315889,0.020809455,0.048318543,0.021529993,0.038820665,0.04738442,0.049884595,0.04124454
ABCA1,0.014282574,0.04844437,0.041305877,0.0813302,0.09251515,0.058630623,0.024705948,0.039730236,0.013560052,0.032273315,0.03028356,0.03446231,0.010113043,0.026102254,0.023955507,0.0203962,0.03510083,0.03732946,0.047192972,0.024424408,0.0122170085,0.022547206,0.011762139,0.014547898,0.03323186,0.023996126,0.025261782,0.021434,0.027993768,0.026048744
SLC44A1,0.037520673,0.041058302,0.03676136,0.05839516,0.09119029,0.048095077,0.054281954,0.07431269,0.02602056,0.067941196,0.07334265,0.07431632,0.017670412,0.054647636,0.044419892,0.032939784,0.04577253,0.03654153,0.041940063,0.050060824,0.03264144,0.09720549,0.093407385,0.059540104,0.060721267,0.05944544,0.0965873,0.038221072,0.04050515,0.044451423
KLF4,0.15998793,0.038014587,0.036847405,0.042784505,0.15268704,0.13603817,0.048145726,0.0584763,0.020166313,0.047805905,0.050223168,0.060541123,0.02319041,0.04981985,0.03850936,0.028876293,0.024096893,0.029651495,0.04336584,0.04083472,0.020965787,0.03679519,0.030905085,0.028968789,0.048380286,0.054647896,0.1209023,0.047312576,0.043086886,0.03977286
CTNNAL1,0.018214088,0.020060904,0.018851673,0.018818825,0.022064814,0.021517217,0.02455723,0.03749223,0.18198593,0.04208148,0.02776088,0.03931074,0.18404216,0.03645936,0.025410155,0.07377371,0.052455638,0.016216105,0.023136439,0.028492168,0.1870356,0.01692059,0.042268172,0.15219107,0.049197223,0.060116217,0.019403795,0.02858193,0.025608439,0.020059627
PTPN3,0.0010047175,0.0013103132,0.0012279281,0.0015184882,0.0014462576,0.0012875282,0.0015406129,0.0024789541,0.00094433327,0.001810326,0.0018750064,0.009020702,0.00093288266,0.001766951,0.0022022165,0.0009654208,0.0009377299,0.0010054217,0.0015716146,0.0015482213,0.0008286279,0.0011912379,0.000712265,0.00095824996,0.0019452553,0.001640114,0.0013325373,0.11393832,0.0013318736,0.0010870579
C9orf152,0.00040919258,0.00049616524,0.00047413644,0.003736909,0.0005655235,0.0004835657,0.0005630835,0.000803578,0.0003727557,0.0007014906,0.0006426226,0.0008067145,0.00030453052,0.0006173583,0.00050519116,0.00034485717,0.012586185,0.0003560997,0.00060013164,0.00052009686,0.00034449142,0.00043619084,0.00027455302,0.00033864853,0.00062549795,0.0005084534,0.00045240906,0.00060090545,0.00052163505,0.00038812697
TXN,0.12457786,0.053267073,0.059757832,0.07657292,0.060480442,0.04018604,0.095517024,0.11351754,0.06302683,0.10289442,0.093310915,0.10357403,0.05362414,0.083259925,0.07222026,0.038661905,0.09699111,0.054463927,0.079571165,0.073475525,0.054016132,0.06271132,0.054680612,0.054303754,0.08362211,0.06557937,0.058607176,0.06858478,0.07442596,0.17080972
UGCG,0.32838604,0.09986144,0.090210974,0.11370849,0.0761559,0.060363848,0.09808885,0.12762319,0.035068262,0.12542507,0.11979705,0.10268036,0.039535142,0.087741815,0.09014659,0.049980424,0.04334882,0.088232525,0.098212406,0.07927674,0.044762008,0.058146838,0.03661203,0.040662143,0.1342422,0.06750954,0.06990609,0.092934296,0.0866042,0.4673933
SLC31A2,0.03611191,0.036440115,0.032183494,0.039064016,0.16074261,0.231969,0.05009686,0.060860526,0.024370909,0.06432856,0.062951095,0.063639015,0.016010085,0.05054777,0.044661447,0.0395667,0.03229105,0.031534277,0.048032593,0.041937415,0.02395279,0.046044234,0.0204816,0.029725377,0.055368602,0.058008995,0.07646891,0.048713975,0.045197267,0.031349003
ORM1,0.0005008451,0.0008199993,0.00364257,0.0008652841,0.0047919773,0.0008119948,0.001019421,0.0011424025,0.00037114095,0.001073161,0.0009501736,0.0012558835,0.00041026302,0.0009021154,0.00075347547,0.0005837167,0.00054907845,0.0005636612,0.0008675935,0.0009016061,0.00051031023,0.0008056758,0.00044045245,0.0005239077,0.0009749526,0.00074715185,0.0007274625,0.0007678846,0.0007738177,0.0006599106
TLR4,0.014073582,0.014432055,0.015452618,0.018780744,0.09112177,0.055501446,0.01937382,0.022432402,0.009099166,0.018737927,0.020391138,0.024166854,0.0059511308,0.017086668,0.01619658,0.010245601,0.0116648935,0.010818332,0.018139798,0.016274253,0.0083548855,0.012022774,0.007030573,0.012971757,0.018834665,0.013262395,0.020928247,0.011473991,0.016150549,0.012497131
MEGF9,0.03273248,0.04142536,0.038929272,0.054154087,0.16648649,0.06722321,0.07409345,0.07571126,0.031128911,0.062393896,0.06737049,0.07867977,0.022218186,0.05882965,0.057345368,0.03630479,0.030414702,0.037689276,0.052217454,0.06678161,0.03364696,0.037982646,0.027473878,0.033460926,0.06573259,0.0318146,0.06170164,0.043762945,0.05400282,0.03198482
PHF19,0.028511016,0.035905737,0.03717942,0.03277763,0.053895712,0.097688794,0.05785919,0.068717934,0.14307602,0.08189432,0.06576852,0.06465139,0.09563833,0.061152626,0.04775659,0.020224256,0.03263782,0.027228694,0.048536472,0.055385575,0.09852573,0.044415157,0.027352216,0.025250653,0.06718638,0.045383997,0.046438072,0.048435356,0.050609656,0.029362738
GSN,0.12818637,0.029738419,0.042752866,0.029901538,0.05936609,0.03464713,0.035029624,0.04542276,0.01461141,0.03871147,0.032008618,0.04229357,0.012635484,0.03016284,0.028435383,0.020190867,0.042501166,0.052043553,0.029285634,0.066664904,0.030284343,0.08630892,0.015295098,0.080291666,0.03155881,0.06416331,0.09692922,0.029591886,0.027317178,0.09776151
PTGS1,0.01981989,0.010029394,0.009787761,0.010502559,0.019206677,0.015022939,0.00862812,0.012009785,0.0037038124,0.009647244,0.009076501,0.010156269,0.0037724606,0.007890298,0.007981208,0.0057104314,0.014231611,0.004564271,0.0077288523,0.007712482,0.0035675063,0.0059829834,0.004516599,0.08846214,0.009249909,0.01084316,0.01684456,0.007174662,0.0063005383,0.007378444
STRBP,0.023710445,0.12002902,0.073562026,0.13030331,0.032872524,0.028799292,0.04323688,0.063042074,0.018865917,0.055162042,0.059428196,0.06916508,0.019531544,0.05496146,0.0365737,0.020714084,0.043422487,0.03760846,0.056452546,0.040676765,0.021765675,0.044193942,0.027676143,0.027742114,0.05018877,0.040360577,0.02855845,0.03639824,0.03887349,0.087189764
HSPA5,0.031514354,0.05127918,0.058273558,0.06565298,0.05811207,0.048152965,0.07698059,0.102302246,0.043836422,0.083727114,0.09745775,0.103104606,0.031481523,0.075021654,0.085479945,0.040007025,0.038324285,0.06101048,0.07775669,0.090809464,0.042284787,0.060912065,0.10805788,0.04527604,0.08706269,0.033296764,0.03971489,0.06642206,0.086089276,0.059250586
ENG,0.026897978,0.015652267,0.020577412,0.025917277,0.062039275,0.051404215,0.027426822,0.04229412,0.018359277,0.034650616,0.035795327,0.041388717,0.013025182,0.03885191,0.035059266,0.011813315,0.022416942,0.022597177,0.029242028,0.027831672,0.021481698,0.033334978,0.010900133,0.0126382,0.039420087,0.025912497,0.028178463,0.017054545,0.027234392,0.025783408
ST6GALNAC4,0.11688213,0.072323516,0.052279044,0.040820077,0.04548252,0.039088584,0.043437034,0.06817466,0.020509409,0.057913423,0.057701997,0.08692263,0.02000668,0.05705778,0.045054697,0.033935077,0.05866157,0.036459368,0.0568238,0.04055132,0.023640268,0.061463367,0.08682023,0.026423918,0.061064065,0.046550468,0.050383743,0.06181994,0.039965246,0.17915882
LCN2,0.00391685,0.0048124786,0.0048467084,0.0056629456,0.008272269,0.004764827,0.006339558,0.008998313,0.0028493807,0.006410593,0.0064843907,0.008633156,0.0026763356,0.0068560364,0.005467974,0.0034474544,0.006697502,0.003562262,0.006049206,0.00595736,0.003135349,0.0057936837,0.0028537698,0.12238705,0.0063271564,0.0051457803,0.005855974,0.005756996,0.009158063,0.0049658674
WDR34,0.0076479376,0.03771661,0.054471657,0.04806301,0.013471619,0.011391815,0.01433118,0.026740605,0.087874226,0.020982394,0.015621557,0.02441602,0.053769413,0.034047954,0.0140857175,0.011962753,0.032414652,0.01270537,0.02031306,0.017703688,0.105204076,0.017333873,0.022032384,0.014936957,0.018536646,0.012878614,0.012412403,0.010862879,0.01650817,0.014682565
IER5L,0.027952002,0.027679464,0.02685633,0.030625068,0.10390838,0.060921434,0.08239251,0.044591837,0.014249398,0.05070237,0.046453077,0.04643141,0.019026982,0.04691884,0.045573626,0.026394257,0.026919696,0.05661942,0.06442221,0.03990879,0.022864409,0.10128435,0.01690526,0.021552606,0.043107644,0.026128192,0.058068346,0.026085356,0.05863022,0.023448266
PTGES,0.0041337423,0.0050746193,0.005293372,0.008295289,0.03393367,0.041983336,0.006827182,0.009056982,0.0037023649,0.0077919,0.007698861,0.011922384,0.0026298815,0.0060623176,0.0077542327,0.0046568397,0.004413553,0.00366998,0.0066721444,0.0062917764,0.003622367,0.0061495723,0.0035322534,0.0040548155,0.0076886253,0.004498837,0.015925221,0.0061865724,0.005080547,0.0060954066
ASS1,0.035911083,0.00054489536,0.0005592434,0.0006443315,0.0006383245,0.0005738483,0.0007181407,0.0009499706,0.00026135775,0.0008892868,0.0008412869,0.0009957271,0.00029089715,0.0006839488,0.0006101459,0.0003718312,0.00046878247,0.00048362598,0.00070113875,0.00057719066,0.00038520526,0.0005574427,0.040618915,0.00039620412,0.0007813368,0.00052137394,0.0005821616,0.0006164469,0.00065466523,0.0005073895
NUP214,0.034161873,0.05864832,0.063293345,0.0693227,0.15598604,0.07691156,0.08341574,0.104190044,0.024574844,0.083992295,0.08085418,0.10935663,0.036161106,0.09286024,0.07809936,0.044753097,0.040871467,0.05553051,0.0758719,0.067905456,0.040939935,0.057642896,0.03230718,0.046427045,0.07158442,0.045820303,0.065166615,0.05567622,0.06875589,0.0447241
AK8,0.0030553096,0.013770762,0.06173975,0.007668681,0.004467025,0.0031819763,0.0042724987,0.0051363176,0.0022656275,0.004585451,0.0043969406,0.0051319706,0.0023650108,0.0042914473,0.0038330127,0.007947752,0.0026189433,0.002964521,0.0039544543,0.0055762515,0.0019173684,0.025944728,0.0020454389,0.0020926404,0.004351526,0.0027508773,0.0035689967,0.0034242051,0.0035378116,0.0027060707
GFI1B,0.0043193246,0.0071502766,0.0054556234,0.0060849055,0.01008895,0.019178215,0.008131484,0.01059012,0.0036588486,0.008729953,0.008106862,0.011319795,0.0025068785,0.0076099094,0.006398947,0.012900312,0.029881433,0.00500331,0.007338569,0.0074840956,0.0033649395,0.005257199,0.0030742039,0.17422263,0.008603021,0.004634388,0.005795253,0.005834753,0.0068833227,0.004183561
SLC2A6,0.054122273,0.06998298,0.058393925,0.067014135,0.1366338,0.1719095,0.0506263,0.06280773,0.025343359,0.0537608,0.055466242,0.059819713,0.02393848,0.051025704,0.053904437,0.031051625,0.03010745,0.037413996,0.04559391,0.048147123,0.022716286,0.036032483,0.031195046,0.033425394,0.054273617,0.026529348,0.057600807,0.039975353,0.044146106,0.0667469
RXRA,0.042427454,0.03660545,0.03595102,0.04146629,0.12865104,0.13661136,0.048539396,0.06147223,0.02193192,0.057127602,0.054843884,0.059358113,0.021987688,0.060608644,0.04524098,0.034722187,0.03138593,0.041197594,0.04657596,0.041479494,0.022977743,0.04106354,0.01865817,0.032326553,0.05145206,0.02776151,0.06605289,0.034848116,0.037134524,0.032814458
FCN1,0.031022873,0.032581937,0.033464633,0.037596907,0.15975745,0.10897032,0.045976877,0.054060116,0.02462779,0.04710905,0.048403595,0.0640084,0.019264208,0.043041293,0.03661067,0.02842902,0.025571218,0.027992975,0.04264163,0.040361114,0.022832178,0.031469516,0.022444075,0.02941338,0.048774417,0.028306423,0.056322213,0.037877556,0.035434436,0.022677718
OLFM1,0.00478722,0.005551472,0.006078671,0.006992841,0.024597295,0.02421781,0.0076397727,0.00986916,0.0042401645,0.008153427,0.0076855435,0.0109538175,0.0028724023,0.007524489,0.0065725585,0.0039905137,0.0042235004,0.0059175175,0.0068283705,0.006473826,0.0039774347,0.0052114525,0.003425128,0.0038216237,0.007270886,0.0060648746,0.03525468,0.0063293846,0.005206798,0.0048730667
KCNT1,0.0006346396,0.00082441495,0.0008329387,0.0009313158,0.0009017394,0.0008475787,0.0320206,0.0012891513,0.00054124737,0.0011957575,0.0010533727,0.008700271,0.00044224097,0.0010322098,0.0076062502,0.0005985682,0.0006577204,0.00075292314,0.0009558908,0.0059316894,0.0005639788,0.00062239665,0.00045031763,0.00055628794,0.0010956731,0.0007026518,0.0007607524,0.0009524867,0.0008967693,0.0006221333
EGFL7,0.004209726,0.0044587394,0.0042944234,0.0057534263,0.0060647647,0.0058654193,0.0061940607,0.007875096,0.0031402085,0.0062985066,0.0054903002,0.011988521,0.0024515782,0.008299075,0.0049464293,0.0036555466,0.10215611,0.0038364003,0.00514899,0.005211576,0.0035955175,0.004518736,0.0029758816,0.03904891,0.0053529725,0.0048246887,0.0042867367,0.004160753,0.0047496287,0.0056223855
PTGDS,0.094635315,0.014609746,0.012311605,0.014845432,0.016045293,0.011225725,0.035222378,0.02040128,0.008310974,0.023565214,0.019302305,0.022443073,0.012929918,0.01711201,0.025379758,0.009217733,0.008930361,0.011239009,0.018375892,0.07570214,0.03516749,0.011930553,0.00739499,0.008946458,0.015474223,0.012404922,0.012812884,0.014596228,0.025422232,0.10044247
LCNL1,0.15164208,0.011405493,0.012564211,0.0132999765,0.012377731,0.011381718,0.019584734,0.01862144,0.0063577974,0.022505397,0.017430604,0.04929419,0.006129229,0.039208446,0.048115067,0.06015723,0.0076292576,0.008833529,0.03195924,0.03149772,0.011513878,0.01182921,0.0058758436,0.007695688,0.016212258,0.012273202,0.010428168,0.012717978,0.023502268,0.13252677
CLIC3,0.12701686,0.056198526,0.05979183,0.060786005,0.06448703,0.04971132,0.09915881,0.09626783,0.040077087,0.09404685,0.10340632,0.10481394,0.05818365,0.09977228,0.11843072,0.039872266,0.03357534,0.10243349,0.092104696,0.37685508,0.08477858,0.10702646,0.027925003,0.0446264,0.08247931,0.05420733,0.05352899,0.058028825,0.10102458,0.288012
FUT7,0.12071691,0.037928816,0.06311987,0.028064499,0.051705234,0.026896372,0.04289724,0.046032824,0.062247463,0.086687356,0.05983702,0.04793292,0.04692326,0.06057081,0.041826215,0.028321678,0.053946298,0.10528251,0.07249395,0.05135913,0.032818154,0.12146021,0.018974552,0.019711997,0.042938124,0.05272646,0.06686663,0.029351871,0.045901213,0.14650263
LRRC26,0.09876161,0.0038291367,0.0033816905,0.0041167755,0.004057782,0.0034434858,0.0045756595,0.005616601,0.0023013134,0.0050340225,0.0049763974,0.004985694,0.001894255,0.0045013353,0.003441096,0.0029190718,0.0025839922,0.0029703865,0.0051321634,0.0045445636,0.0021732494,0.0038965929,0.002523702,0.0023789606,0.004648666,0.003653505,0.0034892426,0.0033305897,0.004056016,0.19168723
TMEM210,0.06309974,0.002034953,0.0022259103,0.0024896783,0.002549511,0.0020624534,0.0028921939,0.003651047,0.0013350089,0.0033003113,0.0029092077,0.004001343,0.0013021713,0.0032690824,0.002847082,0.0014958851,0.0014355264,0.0016755202,0.0025106927,0.0025768501,0.0013816714,0.0023027055,0.001659843,0.0015829656,0.003060288,0.0020395033,0.0017988961,0.0024886949,0.0026517755,0.11128165
TUBB4B,0.03908326,0.048513677,0.053828977,0.056075394,0.066370115,0.060854945,0.07342162,0.08582869,0.14287245,0.071626835,0.083518624,0.08949705,0.08904763,0.07587516,0.080100834,0.035551853,0.04891458,0.07641521,0.07608953,0.08078214,0.101189576,0.05648223,0.028326109,0.11520024,0.07788268,0.040440127,0.046732254,0.06425421,0.07385533,0.047048736
NRARP,0.0045459294,0.004118689,0.0044159987,0.0075332685,0.009190264,0.010297963,0.0058468524,0.006575658,0.00277359,0.0059853313,0.015343961,0.006197471,0.0021746533,0.00770577,0.0047550714,0.002336029,0.0028692537,0.029612778,0.005109624,0.0046668747,0.0025090866,0.004455013,0.0023253295,0.0029094557,0.005748707,0.042302996,0.08247017,0.004078987,0.0046196985,0.0032498061
AL954642.1,0.001360178,0.0016781703,0.0018260889,0.004585372,0.002859484,0.0018531076,0.0025663446,0.0028618635,0.001233382,0.0025565042,0.0026972806,0.003636641,0.0010436951,0.0021710945,0.0022978785,0.0013240118,0.0011679232,0.0015432013,0.002324001,0.0021707313,0.0011962155,0.0020567216,0.0012688105,0.03887709,0.002355025,0.0019870016,0.0018732334,0.0018201855,0.0023844542,0.0036744494
IFITM3,0.036774643,0.053001173,0.050329458,0.056617398,0.111019194,0.20219466,0.063661344,0.08825634,0.031974647,0.07312107,0.07012131,0.08162469,0.026523514,0.06513819,0.061062776,0.029479008,0.032799304,0.063574776,0.062807985,0.0775769,0.041040834,0.10544071,0.030027328,0.06275237,0.07220709,0.04058681,0.07562397,0.055686887,0.065412804,0.040572967
IRF7,0.15040171,0.058989286,0.060577795,0.067003116,0.07959289,0.10067298,0.08184391,0.08081243,0.029988619,0.083060846,0.078063585,0.08261805,0.026147747,0.05305129,0.05943344,0.030833444,0.040996015,0.051544376,0.06263541,0.067389555,0.033957653,0.052683897,0.050359856,0.037874684,0.078782775,0.040906835,0.055044144,0.10261384,0.062158734,0.29718986
SCT,0.3709834,0.008201367,0.008381918,0.010874213,0.009508095,0.008193776,0.011344917,0.01426692,0.004564066,0.012680195,0.011491715,0.013442077,0.004585121,0.013012098,0.00982499,0.0061989618,0.008143171,0.0076043764,0.012863033,0.011320088,0.0057673,0.00948061,0.0051167407,0.0055967015,0.009827396,0.008615405,0.007649093,0.008771949,0.009387297,0.2732488
DRD4,0.025949243,0.0031303249,0.0043702726,0.0071247416,0.0045272787,0.004881182,0.0041106152,0.006714464,0.0021969457,0.004219328,0.0037059651,0.0053603365,0.0019580056,0.006262913,0.0041316496,0.006472446,0.0054867454,0.0025751272,0.0036947865,0.0040913224,0.0018293702,0.00671741,0.002155305,0.0021492904,0.0039883205,0.00777507,0.0032938153,0.0028861663,0.0032786534,0.12231163
CTSD,0.041546136,0.044702113,0.04352279,0.051175397,0.118294984,0.059045468,0.06705492,0.082440004,0.021140195,0.07219234,0.06934481,0.07940052,0.021982713,0.060002405,0.059454184,0.036708575,0.027154787,0.04706158,0.057739414,0.07565352,0.03469454,0.054106586,0.012917575,0.04445309,0.06755003,0.022270804,0.0326089,0.04740733,0.062474247,0.027366908
TNNI2,0.1492676,0.031161454,0.023803916,0.03607048,0.054453835,0.09088661,0.024827357,0.027183425,0.008724777,0.022975821,0.022534287,0.025505494,0.010380666,0.02519482,0.02027249,0.008671827,0.015191603,0.023954492,0.019945187,0.02388565,0.012270712,0.014953785,0.012819224,0.015561173,0.020433176,0.07919026,0.037067134,0.01704053,0.023869142,0.10837194
CD81,0.013742702,0.04199757,0.04391712,0.049153063,0.039506886,0.038326677,0.060024887,0.06178338,0.017964799,0.047796473,0.05573236,0.061903592,0.019929044,0.04972767,0.060569115,0.026521895,0.020278653,0.042728093,0.05827861,0.058747765,0.027744541,0.037250567,0.0143026775,0.033941742,0.062247135,0.019260045,0.033454403,0.061473925,0.043980174,0.02738686
KCNQ1OT1,0.021637002,0.040482126,0.049441174,0.0440968,0.046715006,0.063544154,0.03488362,0.06634641,0.014980543,0.054903146,0.044174306,0.06863104,0.013327147,0.036485758,0.032989003,0.021285795,0.06642642,0.024469296,0.03161908,0.0306882,0.016093548,0.02379956,0.018003548,0.019550014,0.042761456,0.032393504,0.03728345,0.038448274,0.033801477,0.025095494
CDKN1C,0.028416919,0.040014993,0.04464231,0.04901457,0.06744348,0.5708826,0.045742057,0.069636315,0.04042384,0.058020193,0.049975142,0.070728905,0.023850884,0.049416777,0.043733973,0.032720175,0.06456842,0.027306266,0.051005438,0.04488857,0.023472236,0.032116365,0.0228245,0.041631788,0.059343047,0.026911335,0.039062835,0.036703084,0.039483957,0.05219975
PHLDA2,0.020230358,0.015563117,0.013474429,0.022619156,0.068973005,0.036805652,0.018278928,0.022401052,0.009168349,0.036276102,0.043414403,0.020569082,0.009454091,0.017451335,0.015805501,0.011173413,0.009291781,0.01074322,0.033325512,0.021965498,0.009094958,0.0131254485,0.0077926,0.009933597,0.0424904,0.10175301,0.110423885,0.015373137,0.019917952,0.014435726
RRM1,0.024739012,0.029414164,0.02293668,0.03592675,0.029136319,0.027191075,0.039828658,0.06384695,0.15892492,0.054749426,0.04638619,0.050313823,0.080216564,0.037740134,0.03160543,0.022883292,0.0280411,0.046112344,0.04895874,0.03044191,0.11187093,0.025441188,0.022236409,0.015429268,0.03694625,0.034761067,0.029780757,0.03810911,0.04277473,0.024328997
HBB,0.025897307,0.050853696,0.04533436,0.11978623,0.049346097,0.05415389,0.07307621,0.10242965,0.023788821,0.08167855,0.15892664,0.09292954,0.03087496,0.079045385,0.10289256,0.9098768,0.035653077,0.06165332,0.07969574,0.06499287,0.025217464,0.049938407,0.023999678,0.044708837,0.13441288,0.03454221,0.037138402,0.18133363,0.05341267,0.03190278
HBD,0.0027886683,0.0031080162,0.0033664294,0.003851978,0.004344185,0.0031516263,0.004531193,0.005830095,0.002074727,0.0069425004,0.0044495137,0.008522212,0.0019924862,0.0043552616,0.0037368336,0.5638186,0.040102337,0.0028986188,0.0036814406,0.0039250446,0.0021580567,0.0031964197,0.0019176881,0.01095951,0.0041776393,0.0034659405,0.003586818,0.0031371145,0.0035979406,0.0030186553
HBG2,0.0021052964,0.002953772,0.0029124173,0.002901503,0.0039516897,0.0046802456,0.0038020231,0.0061754594,0.00170512,0.0040999944,0.004030479,0.00405087,0.0014681151,0.0033071102,0.0029957888,0.011457279,0.0017483174,0.0025752822,0.0034077794,0.002960235,0.0017898616,0.002837971,0.0016762523,0.093462996,0.003618613,0.0032630896,0.0028318865,0.0030208582,0.0035745646,0.0023429675
TUB,0.00035860614,0.0004111368,0.00045725642,0.0004776995,0.0004089243,0.00038889493,0.0005295922,0.0006668017,0.0003331793,0.0006122726,0.000574292,0.00065858103,0.00019242453,0.00064836093,0.00048708604,0.0002659949,0.0014155846,0.00030018462,0.00050687016,0.0004917499,0.00023334827,0.0004085251,0.00022883166,0.00025263574,0.0005479649,0.017985852,0.00033668717,0.0004964924,0.0004275451,0.0003655743
NRIP3,0.0042639617,0.0055321534,0.004360727,0.0054588243,0.016295595,0.009768311,0.0056591434,0.011359855,0.0039144093,0.010777756,0.009150145,0.010960524,0.002499064,0.037412565,0.0076396177,0.003071407,0.008390661,0.007173114,0.008762931,0.039288174,0.0028681702,0.0050280998,0.0029853333,0.0056503196,0.013468077,0.0059107565,0.009553941,0.014704649,0.005371614,0.0037269543
SCUBE2,0.0009745226,0.0013158785,0.0012668439,0.001406495,0.0015164851,0.0062280525,0.001471968,0.0019668415,0.0006611628,0.0018250081,0.0015600683,0.0018861911,0.0007715619,0.0014497984,0.001295006,0.00081113505,0.00935857,0.0011045928,0.0014477964,0.0013703762,0.000772853,0.0012852922,0.0007086188,0.0008721886,0.0016191441,0.016384674,0.0015087961,0.0013622204,0.0013481306,0.0011881916
SWAP70,0.032674715,0.1519498,0.13953826,0.16959916,0.053609725,0.064075485,0.04183739,0.061343677,0.01744316,0.05204658,0.049171448,0.06277456,0.01975066,0.048319314,0.047074236,0.024890538,0.036354903,0.032663766,0.044016313,0.042905454,0.028388128,0.042283185,0.017329775,0.027507572,0.059358094,0.04295909,0.040488962,0.033889648,0.04250051,0.03259549
ADM,0.015173657,0.015969979,0.016911527,0.018251045,0.12009566,0.06392396,0.021138897,0.029909952,0.009056808,0.02432199,0.021553645,0.029710416,0.018288216,0.019227218,0.01716341,0.013920195,0.010649352,0.013004979,0.02814801,0.017411226,0.011583446,0.015061517,0.0109682055,0.011829184,0.020973356,0.017008528,0.019249052,0.015376252,0.022912951,0.014497642
MTRNR2L8,0.0725921,0.06269559,0.065582566,0.08911609,0.07134819,0.05379728,0.07941675,0.08853558,0.029951373,0.07113729,0.06914715,0.11410334,0.03196659,0.08112581,0.09027891,0.028218666,0.02834864,0.058947664,0.063106425,0.06843886,0.036706004,0.055677507,0.02165507,0.09018518,0.059390623,0.0452334,0.04553968,0.04821364,0.08466142,0.049721166
NUCB2,0.08250647,0.1266974,0.12975211,0.14493355,0.13270192,0.0995611,0.1991876,0.29681578,0.055261426,0.17695233,0.17993094,0.32820556,0.11803566,0.19960894,0.19609064,0.081346765,0.18585968,0.11353808,0.17610718,0.16863717,0.15345757,0.13677172,0.09051552,0.1008732,0.19979832,0.10858205,0.13856803,0.34291992,0.21237238,0.17563468
LDHA,0.05347666,0.04811561,0.038324226,0.05054469,0.043009542,0.03969161,0.07219759,0.071131274,0.06046445,0.059327498,0.06320758,0.07453182,0.040792283,0.06217325,0.05909872,0.039690778,0.031258494,0.053811114,0.05927369,0.05735616,0.039353497,0.040283915,0.028723706,0.04008902,0.075314544,0.042221908,0.06846012,0.052956186,0.048374273,0.031207083
E2F8,0.002451934,0.0027997575,0.0030060397,0.003166579,0.0027806885,0.002730804,0.0044467044,0.0049215984,0.10734744,0.004366436,0.0043476513,0.004537407,0.035511963,0.0035327803,0.0031442153,0.001858108,0.005961399,0.0019566526,0.003432436,0.0032674803,0.097005226,0.002851435,0.015515585,0.0020673801,0.0042021493,0.002363902,0.0026041495,0.003176416,0.0027812421,0.0024647545
CCDC34,0.032449093,0.017756952,0.024274988,0.02248144,0.013270509,0.01328447,0.02026675,0.044519655,0.06471496,0.029128281,0.026519306,0.042168736,0.06660713,0.024680786,0.028846975,0.00855545,0.0501707,0.009326216,0.017519042,0.017812362,0.06437628,0.023499263,0.012335982,0.0129156,0.021088108,0.017870875,0.014919887,0.030447245,0.029849146,0.012221541
KIF18A,0.0076084016,0.012932391,0.014388467,0.017995821,0.008995229,0.007060966,0.019549187,0.01684137,0.0977144,0.016084658,0.036460377,0.027769532,0.046838783,0.010361316,0.009668173,0.0040510064,0.016980682,0.004993454,0.0076976744,0.01641873,0.09326,0.033563923,0.035255387,0.0065247295,0.009862705,0.007379523,0.013851361,0.007685541,0.014428587,0.00994089
LMO2,0.043834563,0.034501757,0.044101357,0.04418547,0.10462996,0.13620144,0.044351067,0.05241636,0.021792283,0.046224263,0.04034378,0.054051172,0.01799668,0.03984635,0.035675414,0.027185148,0.07455437,0.03256488,0.037794676,0.036679402,0.017321175,0.033659887,0.017427616,0.035814457,0.045029465,0.035948038,0.09047276,0.030564277,0.032453388,0.031315275
CAT,0.08030935,0.04936509,0.06012614,0.062547274,0.08115231,0.077139735,0.06035286,0.08050152,0.019992223,0.0723759,0.06822377,0.08546304,0.026809154,0.06629815,0.057816572,0.044404797,0.08316149,0.043267574,0.04868482,0.05592763,0.031892017,0.049706507,0.018947525,0.03349075,0.062196378,0.082201146,0.076407954,0.048478365,0.060903516,0.09311101
LRRC4C,0.00030262087,0.0003701349,0.0004626725,0.00047487393,0.00045847535,0.00040629867,0.0005314272,0.00065011333,0.00022118843,0.0005769608,0.00055933144,0.00066202966,0.0002002232,0.00051730336,0.00046437435,0.0002913208,0.028882897,0.0003068334,0.00048257218,0.00043765063,0.00024049311,0.00034169975,0.00021928934,0.00029786793,0.00053410814,0.0004565716,0.0003763809,0.0004044187,0.00038281988,0.0003423899
C11orf96,0.002998798,0.01636668,0.015361016,0.0037880454,0.025219329,0.00829958,0.004390042,0.005975044,0.0023857118,0.0051154946,0.008422621,0.008188674,0.0020531297,0.004317943,0.0038200659,0.0029015557,0.006447071,0.0025991388,0.003740932,0.0040445556,0.012053838,0.040439148,0.0021206148,0.002381265,0.0048036403,0.0025439134,0.0077877096,0.0038388981,0.0032954297,0.0025866013
CD82,0.040706635,0.14304481,0.15664883,0.0880018,0.066681445,0.044464655,0.0700272,0.09945898,0.0508948,0.1316959,0.092472374,0.070232935,0.041325502,0.07913853,0.055484377,0.04147428,0.13356738,0.0337557,0.05746582,0.04674489,0.033118725,0.05174137,0.025763772,0.06657792,0.06857466,0.04268471,0.038501143,0.09585216,0.05338361,0.03902187
MDK,0.0042499304,0.007740372,0.0064939447,0.010684971,0.009458342,0.0070552854,0.008395315,0.02377455,0.0058354475,0.02222885,0.00861222,0.028955054,0.0038843714,0.007868313,0.0115546845,0.004062266,0.18955149,0.004094432,0.006330339,0.010396815,0.0040515778,0.007534287,0.0028627426,0.007436487,0.008003466,0.014290192,0.008296853,0.012052453,0.03489105,0.009579272
SPI1,0.068413444,0.05191956,0.04391992,0.056584314,0.15971674,0.15693627,0.06038911,0.074731894,0.021216646,0.06663697,0.060288474,0.066226296,0.024984498,0.053698406,0.047548342,0.029985925,0.03108278,0.033538666,0.051676802,0.05187398,0.028057234,0.044288635,0.023016872,0.040830974,0.062126264,0.08520038,0.09534275,0.048093602,0.051977426,0.03791886
C1QTNF4,0.0025825643,0.0036396808,0.0038592957,0.004119914,0.0055065276,0.0037044764,0.005007305,0.007531279,0.0053075985,0.007578648,0.009084868,0.008080385,0.002394878,0.004418704,0.0059957965,0.0030910105,0.2555944,0.0021786732,0.0074001392,0.0041442392,0.002489366,0.0034564906,0.0020316183,0.002628024,0.012317857,0.0039429977,0.0036024135,0.0043753223,0.0045453548,0.002393933
FOLH1,0.00031339636,0.0005576653,0.0005525376,0.0006088391,0.0006231023,0.0005008561,0.0006908387,0.0008910053,0.00033418825,0.00085796183,0.0008040396,0.00091025216,0.00038213754,0.00071861775,0.0005677138,0.0003978073,0.12021666,0.0003880221,0.00060812285,0.00056573516,0.00031236146,0.0005474885,0.00030410758,0.000371027,0.00081339787,0.00053477933,0.00060445117,0.0006176599,0.0005667146,0.00046160043
FAM111B,0.006100837,0.049226545,0.010004658,0.040735662,0.009278692,0.006979228,0.010749831,0.011887633,0.107526556,0.012415121,0.012541309,0.01410951,0.09841657,0.009493886,0.010400883,0.0048404234,0.012552668,0.0061906492,0.008993011,0.009413798,0.12575708,0.006980829,0.013103884,0.0050355196,0.010033555,0.006428347,0.006955175,0.007174527,0.010728041,0.0065018777
MPEG1,0.038734753,0.040264875,0.038286943,0.045886572,0.12747203,0.06825969,0.041044295,0.054084793,0.019071152,0.045321494,0.042038336,0.062357657,0.02184885,0.04465864,0.036438294,0.025674846,0.021488653,0.02599164,0.038891282,0.037559092,0.020123955,0.030146651,0.01687438,0.024631973,0.045337237,0.08905872,0.04267636,0.035489913,0.034841683,0.106698394
TCN1,0.00043736552,0.00053802837,0.000591053,0.00064833264,0.0006489383,0.0004997625,0.00076730514,0.0008756159,0.00031352084,0.0008311757,0.00070751394,0.00096200895,0.00028892458,0.00077542645,0.00065578736,0.0004818638,0.0004081489,0.00031645474,0.0006374887,0.00063935586,0.00032876208,0.00050141464,0.0003733258,0.00035179002,0.00073406135,0.00049944106,0.0025897836,0.00053660735,0.0005450201,0.00050950825
MS4A3,0.00063322746,0.0009074136,0.00090283225,0.0012040971,0.0014419744,0.00088734156,0.0011902212,0.0014553508,0.00059214834,0.0012007892,0.0013359147,0.0015357444,0.00051093433,0.0012318115,0.0009929996,0.0005578216,0.04018969,0.0007400949,0.0010052412,0.001060749,0.000524266,0.00079324783,0.00051887246,0.00059274683,0.0016667686,0.0008810294,0.12645997,0.0008741708,0.00091379456,0.00072440325
MS4A2,0.002429466,0.006040512,0.008861943,0.0035743874,0.003360328,0.0032075823,0.004114032,0.0053660846,0.0025028598,0.0050965166,0.0049419915,0.0054166666,0.001642638,0.010705536,0.015681043,0.002405328,0.062056676,0.0022432709,0.0038017821,0.0074036177,0.0046978546,0.0028741304,0.002048855,0.0022502437,0.0048792656,0.0025783177,0.0031328285,0.0035069964,0.0028752598,0.0024080523
MS4A6A,0.048640292,0.040558126,0.041935917,0.04753609,0.2515251,0.061295785,0.05234224,0.06428263,0.021291574,0.06350308,0.054814916,0.073993474,0.021299701,0.05646544,0.04762918,0.04202137,0.024366375,0.03472254,0.050948873,0.04416853,0.025894314,0.045733597,0.022740152,0.036723245,0.06001596,0.043232642,0.116197936,0.04363543,0.047715776,0.105209745
MS4A4A,0.07054528,0.01651721,0.016978772,0.020329481,0.042109147,0.21318854,0.020561919,0.026838945,0.011782167,0.02686166,0.02588737,0.027132057,0.008899889,0.021845846,0.018577881,0.012974533,0.015331204,0.013730542,0.020517178,0.01851492,0.010348792,0.017474469,0.010256099,0.013991263,0.024263838,0.017270086,0.0427042,0.034248974,0.019613868,0.048173565
MS4A7,0.03493044,0.03676584,0.03547556,0.052889485,0.105726205,0.27510202,0.046106175,0.061920717,0.020499704,0.05227848,0.040303726,0.059550617,0.01942911,0.054290336,0.04135682,0.029061278,0.023784319,0.029472936,0.04114052,0.040895887,0.021900967,0.031886663,0.021007221,0.03484228,0.05133771,0.03249171,0.04939383,0.041724723,0.037102602,0.03667005
MS4A1,0.025183294,0.26869556,0.2549138,0.2934391,0.039077878,0.034783553,0.0570881,0.06015147,0.019849204,0.05171501,0.04793887,0.06228239,0.021389242,0.049125385,0.04670331,0.029585714,0.027539141,0.02445086,0.045471914,0.038596828,0.019029316,0.035885595,0.01973636,0.026843447,0.045452293,0.0378429,0.032907348,0.038485967,0.038234103,0.030036142
SLC15A3,0.032646034,0.03573317,0.028297491,0.02711159,0.08231594,0.083681956,0.0302335,0.030799003,0.011745892,0.03046923,0.026323432,0.034489278,0.012119036,0.026352482,0.023004036,0.018590556,0.013616079,0.015682029,0.021963893,0.024329657,0.012758856,0.026265558,0.010975594,0.014671198,0.025903149,0.022815434,0.052871853,0.021262085,0.025076374,0.035125382
CYB561A3,0.11903481,0.083488606,0.058202397,0.10220303,0.04749412,0.037234392,0.045572896,0.066580325,0.021396589,0.049833097,0.051807206,0.061091,0.023332426,0.05630021,0.045769908,0.02711314,0.023788348,0.033937894,0.040953696,0.04729729,0.025867905,0.031172838,0.018323608,0.023651237,0.04831151,0.034905322,0.041443694,0.04720784,0.04500044,0.14898857
FEN1,0.0317093,0.014337786,0.017480243,0.024080973,0.016430719,0.019632433,0.01651065,0.01826648,0.10917553,0.026684476,0.025931833,0.026479514,0.06398313,0.017392948,0.02202586,0.0064283647,0.017388295,0.011116869,0.020185726,0.024242576,0.122230664,0.017564131,0.017847296,0.007999423,0.016861178,0.014749752,0.017760612,0.01299185,0.034621015,0.019984929
FADS1,0.02418469,0.022985894,0.022990191,0.031258103,0.072647646,0.04635302,0.040916342,0.040064007,0.02104334,0.032974664,0.029748825,0.03923632,0.038109053,0.03279461,0.03471964,0.015653728,0.07919025,0.01699344,0.022529641,0.048810605,0.047495805,0.024534838,0.01370311,0.02936711,0.028787233,0.074248016,0.060038876,0.025139611,0.036369335,0.05891646
FTH1,0.095095105,0.08115846,0.070807375,0.067289785,0.30224422,0.33691144,0.13698424,0.20728034,0.048318118,0.10351837,0.14623071,0.2529569,0.036629274,0.12380938,0.11177286,0.17571768,0.07362825,0.0822774,0.11774784,0.12505624,0.056139372,0.101347834,0.12465157,0.24631256,0.1606395,0.121009246,0.19951275,0.14748876,0.12349072,0.09060965
HRASLS2,0.007264145,0.008004435,0.011747359,0.013067731,0.009790226,0.0087711485,0.030761708,0.021899668,0.0051806928,0.013460968,0.023878299,0.03736189,0.009038577,0.013759936,0.03723031,0.0065367697,0.0067067556,0.008335351,0.021397676,0.03769451,0.013152806,0.03771413,0.11490451,0.013188161,0.010662358,0.009413638,0.010182339,0.03088896,0.04599459,0.011800433
PLA2G16,0.14476511,0.028390564,0.030747516,0.028944293,0.048646063,0.028536389,0.05924854,0.04964052,0.016067365,0.049630813,0.047816,0.049075514,0.027474182,0.04131234,0.06322299,0.020471927,0.020719722,0.040392082,0.043362327,0.09485673,0.036741592,0.03157272,0.0348105,0.020534981,0.039082903,0.02307643,0.025822654,0.029943056,0.052901495,0.109423496
VEGFB,0.083212964,0.070174456,0.067941666,0.07044404,0.040853225,0.0318236,0.06208195,0.08232023,0.017103948,0.082567364,0.07073077,0.08209375,0.03476627,0.064458966,0.053717025,0.022564592,0.027531592,0.037522547,0.069690555,0.055861153,0.03455609,0.048555113,0.019886823,0.025596593,0.064970456,0.07246408,0.050024115,0.052214954,0.051660657,0.13480586
FKBP2,0.081954494,0.06953796,0.07268379,0.084358655,0.07923149,0.05838296,0.12203632,0.13507515,0.034643836,0.13202983,0.12531862,0.12525587,0.04564493,0.11508307,0.09504918,0.038258445,0.0451033,0.09269047,0.109639056,0.09595578,0.051800266,0.07958959,0.10232341,0.05366959,0.101424724,0.05103102,0.068999305,0.086363055,0.10173887,0.12262329
PPP1R14B,0.13433155,0.07647511,0.07090335,0.08167067,0.072507046,0.064883806,0.10377067,0.12907566,0.040412087,0.12847379,0.11351738,0.13777205,0.034947984,0.09308121,0.0848705,0.042197008,0.083340906,0.07532303,0.12399818,0.08684656,0.05199463,0.07174618,0.042415455,0.051200096,0.107093796,0.15755215,0.076642975,0.06681465,0.070570715,0.27940708
SAC3D1,0.039082382,0.021993969,0.032297254,0.022110892,0.041295707,0.041419264,0.04289256,0.05033856,0.09644043,0.036108844,0.031351607,0.046497155,0.056205627,0.037054837,0.02848219,0.019165864,0.02140705,0.023507867,0.027783372,0.045777462,0.10387261,0.037893128,0.015919723,0.013787723,0.047866642,0.045598924,0.029251887,0.03862552,0.025358828,0.024640623
CDCA5,0.0064582634,0.0078023304,0.007922978,0.009561474,0.008250306,0.0077526458,0.009876371,0.017348347,0.30055442,0.010984242,0.011795261,0.0134555325,0.10702813,0.010222794,0.012013044,0.005668723,0.06386166,0.006354811,0.00976621,0.012151471,0.21793826,0.0069357418,0.030307537,0.0054650325,0.010680082,0.0076644346,0.00664333,0.009485343,0.0075908555,0.012350155
AP003068.2,0.0077327113,0.012887276,0.017994102,0.017332979,0.014706438,0.012831546,0.019177746,0.017199857,0.0062226136,0.018719254,0.014612216,0.021176042,0.00620846,0.015646055,0.011948278,0.00882449,0.012689834,0.015835542,0.013259426,0.015533672,0.007149604,0.010772248,0.0059610535,0.14780869,0.01299828,0.011540123,0.008677192,0.012914291,0.011665879,0.011353415
NEAT1,0.041328926,0.06712921,0.05421587,0.091941185,0.19668834,0.12767647,0.061425038,0.114943,0.020617161,0.07420748,0.08847485,0.11903448,0.024926933,0.0736362,0.064298086,0.07887311,0.03900958,0.04785878,0.08332923,0.06747629,0.028764825,0.05028971,0.029674316,0.078642905,0.089736186,0.03302794,0.053117305,0.10183629,0.07359638,0.05615705
CTSW,0.08183441,0.14739579,0.15022047,0.15746535,0.15278749,0.14462036,0.25159842,0.23565,0.09584917,0.22159652,0.22987184,0.21340445,0.10818663,0.20149107,0.33526188,0.1170853,0.07387657,0.26204556,0.2942812,0.4474639,0.24184553,0.43722314,0.07575741,0.108939156,0.19820403,0.15787135,0.12021839,0.16523267,0.33911178,0.10562262
CST6,0.0006436775,0.00093576196,0.0010445238,0.0010115674,0.0072014723,0.0010182523,0.0012608112,0.001592428,0.0006657406,0.0013099612,0.0012113616,0.0015853383,0.0005162417,0.054961864,0.0010220229,0.0006625268,0.00072324445,0.00065018743,0.0010159058,0.027631406,0.0005482185,0.0007468562,0.055654015,0.000620879,0.0012447366,0.0009536102,0.0008126754,0.0009338907,0.00096249924,0.00080005033
GSTP1,0.07648458,0.054871198,0.063070685,0.06481148,0.10854406,0.067032464,0.069178015,0.11826693,0.033517532,0.09393541,0.08411859,0.11156135,0.02856388,0.08441799,0.06552588,0.045029603,0.054668322,0.042522967,0.084673025,0.07666211,0.05178367,0.06299628,0.029936172,0.060898174,0.105730064,0.15947852,0.11770167,0.069838345,0.06083689,0.05046056
ACY3,0.003629885,0.007862013,0.013943213,0.013193923,0.0071049705,0.03870318,0.007168157,0.013843506,0.008630211,0.007704976,0.0079773655,0.010637854,0.025233522,0.008226649,0.01878823,0.0036505102,0.022491543,0.0036611704,0.0068916264,0.005956257,0.004478646,0.0068099485,0.015077983,0.0037144967,0.00784161,0.008223215,0.0069518615,0.00557522,0.0059263776,0.04971069
UNC93B1,0.19935106,0.10826769,0.09583455,0.10760217,0.15328385,0.21842028,0.09721236,0.11081014,0.042881075,0.11842638,0.09230551,0.10812699,0.034821063,0.104531,0.082761355,0.05656143,0.04929938,0.15253152,0.087854564,0.08048646,0.047927093,0.097177856,0.04012383,0.050631233,0.0862132,0.124986224,0.11737622,0.06054532,0.08018878,0.21540368
CCND1,0.0065940996,0.037361324,0.026453586,0.033191163,0.008468039,0.008466625,0.012880267,0.0127462465,0.005134677,0.020703483,0.010485532,0.013618188,0.0038799269,0.009094773,0.02145472,0.005681981,0.005280327,0.005792353,0.0124772,0.014428526,0.0047849747,0.0070111896,0.0063911504,0.017662223,0.014925356,0.54172146,0.007923644,0.009366157,0.021676283,0.0087549975
CTTN,0.0047783414,0.0063427743,0.0059291483,0.006309438,0.007788257,0.0065907347,0.0075140526,0.0105970595,0.0036360668,0.008845826,0.008561054,0.011105967,0.00338183,0.007826875,0.006486314,0.0033474206,0.004888972,0.004457068,0.0062227994,0.0069146794,0.00416041,0.0053964155,0.0032868364,0.12500499,0.008200828,0.0059579974,0.005542234,0.007169612,0.0075317076,0.0050164196
KRTAP5-10,0.00046822734,0.00059696194,0.00055910763,0.00061218796,0.006549492,0.0021207682,0.00076366676,0.0008626643,0.00025726348,0.00077700446,0.0007164436,0.0008956396,0.00033965742,0.0006812508,0.00062516745,0.00028877557,0.0004057052,0.00044764363,0.00063696544,0.0006294985,0.0003776488,0.00054473104,0.00028836064,0.00038638216,0.00068348454,0.0005333921,0.0005706233,0.00058033626,0.000576433,0.0004892714
FCHSD2,0.059443276,0.08208932,0.066949636,0.0948466,0.057798576,0.037856583,0.04665873,0.058434796,0.020724133,0.053908605,0.06065226,0.06299633,0.021630127,0.046128985,0.043140657,0.02209581,0.027093576,0.02899267,0.046200357,0.046296198,0.024218367,0.039161325,0.028924085,0.021261849,0.06179296,0.041142132,0.03976896,0.033636898,0.040284622,0.10066723
KCNE3,0.009532049,0.012221584,0.011998449,0.012993504,0.066630796,0.04464146,0.01589437,0.020587804,0.0068074046,0.017294731,0.014747405,0.020822369,0.007901222,0.014807935,0.0141974185,0.01217819,0.010117428,0.009272626,0.012472144,0.014756437,0.0062063886,0.010834717,0.006727416,0.016851887,0.017762342,0.0112568205,0.029505992,0.013948652,0.012591929,0.01295171
SPCS2,0.019130692,0.041967113,0.040715333,0.04983998,0.041362707,0.0355929,0.06489904,0.076927215,0.021315927,0.06259813,0.061090652,0.0652346,0.033941478,0.05866253,0.06008525,0.037708074,0.015678396,0.039198797,0.07018072,0.06232971,0.027437171,0.04823943,0.061088614,0.040860984,0.06160028,0.019086119,0.022305598,0.046947777,0.057081915,0.03979588
AP001189.1,0.0025387914,0.0045660646,0.0045329453,0.006894893,0.00930235,0.00493756,0.0069031245,0.009226175,0.0046911635,0.0062611667,0.00874965,0.0073143984,0.0027501124,0.006015502,0.0060470584,0.0029564262,0.0032379716,0.00320955,0.0055703213,0.0057041836,0.003818103,0.004683023,0.0030618808,0.10854942,0.006296438,0.0043298607,0.0045309914,0.005005726,0.004719792,0.007258556
PAK1,0.11959136,0.05837851,0.057519305,0.06725959,0.1721424,0.19121794,0.08625085,0.10554799,0.037730712,0.09222061,0.09117686,0.10646675,0.03965205,0.06956823,0.07073997,0.05212297,0.04692271,0.059797388,0.078479,0.06864786,0.06017004,0.06423762,0.03058309,0.055148646,0.090911016,0.14734837,0.19597492,0.061186645,0.07365535,0.049445514
PRSS23,0.017806077,0.027914831,0.02670865,0.028903583,0.026289845,0.025132215,0.0999026,0.04342079,0.016223395,0.03971231,0.036229238,0.039310925,0.055970747,0.03309718,0.076441355,0.01584678,0.018523818,0.021754924,0.032378327,0.1759448,0.061828632,0.04623911,0.013736896,0.02245808,0.030634033,0.03517964,0.02266923,0.026233869,0.059013475,0.02114913
CTSC,0.05232871,0.04954864,0.049276486,0.058055893,0.05197357,0.09248681,0.088467166,0.08344818,0.020970503,0.07647337,0.070060834,0.09208646,0.034580987,0.06645166,0.070984885,0.028425664,0.024554616,0.038624745,0.06497475,0.083485395,0.04361376,0.059050944,0.020969382,0.04198147,0.069605604,0.026153047,0.030204363,0.051649332,0.0655601,0.09943755
TRPC6,0.0008772049,0.0012870933,0.0012202915,0.001472766,0.0015877686,0.0017349409,0.0018907635,0.002228573,0.0008778367,0.001949277,0.001800957,0.002345127,0.0005938717,0.0015510932,0.001439763,0.0010095406,0.005004907,0.0010172032,0.0016174666,0.0015216023,0.0008679145,0.0014547912,0.0008656694,0.017744536,0.0017621747,0.0014850608,0.0028345424,0.0014520249,0.0014407829,0.0009962564
BIRC3,0.08328585,0.18697219,0.1889523,0.30347845,0.14890991,0.13754842,0.16723631,0.2670936,0.052893963,0.24335502,0.18917893,0.20406829,0.06241852,0.19509007,0.13527721,0.095790885,0.09601075,0.19217396,0.15622655,0.1336479,0.07228577,0.09842331,0.06740185,0.08373994,0.2726922,0.07005018,0.08398061,0.15215673,0.14290418,0.07026639
CASP5,0.0033866388,0.0054479,0.0051787817,0.00642902,0.012966498,0.089026324,0.006543032,0.009267431,0.0028327433,0.007784455,0.0075311535,0.010377423,0.0039662286,0.0079801,0.0060768127,0.0041035404,0.0042509236,0.004218191,0.009908202,0.006823286,0.003486165,0.005361692,0.0037244349,0.0038719086,0.007728314,0.0050096908,0.00583734,0.0060282997,0.0061804624,0.004761591
CASP1,0.049662236,0.05620699,0.05777075,0.064797886,0.09385428,0.1393177,0.0899685,0.09274455,0.020906493,0.08726557,0.09095361,0.09394384,0.04114938,0.07611182,0.07870757,0.035277296,0.03709207,0.046519067,0.09720587,0.07312439,0.030438809,0.056670617,0.021711932,0.04577821,0.07528674,0.051272877,0.09100467,0.065452,0.07762968,0.039988052
POU2AF1,0.012780429,0.12505679,0.1654781,0.09935969,0.019837923,0.018385394,0.025712796,0.032926735,0.022977715,0.030152563,0.029141547,0.03304245,0.012928951,0.026658034,0.02196267,0.012992998,0.014679533,0.023842268,0.023349833,0.020761173,0.010200156,0.023016106,0.12176707,0.011609227,0.029841082,0.018597102,0.018801335,0.04593363,0.01994481,0.014330442
IL18,0.069812536,0.02710631,0.027132625,0.029090364,0.0775179,0.05890771,0.030356558,0.03811493,0.011963234,0.036868267,0.033615544,0.03418144,0.01016513,0.028350623,0.0263661,0.022883115,0.11303357,0.026626416,0.02676893,0.047553226,0.028257033,0.089436755,0.015606935,0.018982952,0.030703867,0.060185384,0.13228229,0.027260654,0.027413849,0.042635497
NCAM1,0.045944665,0.01925741,0.020419724,0.022275155,0.028110422,0.018428806,0.03717032,0.036709208,0.019647464,0.02938434,0.028963841,0.033690777,0.024242828,0.025129361,0.046664692,0.017298305,0.016231863,0.02268482,0.034019276,0.17029971,0.09877536,0.3072555,0.012885788,0.015735738,0.0248783,0.021072341,0.01963224,0.02103057,0.04780706,0.018069567
NNMT,0.0005921678,0.00060454925,0.0006213853,0.0006831121,0.0026121815,0.00063392246,0.00084458746,0.0010172615,0.00031459914,0.00091980037,0.0008399294,0.0010638076,0.00030283525,0.00083765254,0.0007511724,0.00049616117,0.00045462733,0.0004955602,0.0031358514,0.0007173899,0.00042318788,0.00066032633,0.00036089096,0.0003884064,0.00083825184,0.000674256,0.00060074363,0.0006709129,0.00077349885,0.00046922543
CADM1,0.009387543,0.008014917,0.008590415,0.008962746,0.010093848,0.008040814,0.037099555,0.013704999,0.0049426197,0.015308291,0.011075479,0.013066497,0.027378049,0.029560246,0.025749113,0.007056719,0.0061713425,0.10729893,0.016226528,0.025043044,0.009551153,0.010014364,0.03319095,0.0049339077,0.013629732,0.33034575,0.008867161,0.0110778,0.020918956,0.006259539
FXYD2,0.013429955,0.028824057,0.0133594815,0.016232153,0.018545732,0.013792225,0.01908303,0.041689392,0.008312996,0.028564796,0.047533453,0.058596548,0.005704989,0.059859738,0.03208652,0.021424796,0.008914876,0.0110067185,0.033229794,0.01341981,0.0117643215,0.018061351,0.0077961423,0.009411736,0.17361502,0.013395678,0.019296512,0.40256426,0.030926177,0.039145004
JAML,0.14964175,0.06346748,0.06584319,0.06816682,0.17241038,0.09800069,0.09558798,0.10903869,0.031472888,0.11310772,0.10897222,0.113225505,0.027983593,0.08538254,0.07753735,0.04286905,0.048485216,0.058620352,0.11575226,0.07184777,0.04026378,0.06637316,0.04222528,0.053136934,0.10377547,0.05553545,0.18616807,0.09582827,0.08734734,0.10073826
CXCR5,0.0066686017,0.04395481,0.041570626,0.060832888,0.010938046,0.009063438,0.016980998,0.017685736,0.0061036716,0.02170281,0.022669524,0.015474929,0.0037049542,0.012664589,0.010225595,0.0061309584,0.00624856,0.0067097405,0.013629024,0.015861563,0.0070070354,0.010569783,0.0053705843,0.009552214,0.019648222,0.00829104,0.009003245,0.025416208,0.018715939,0.008148137
HYOU1,0.051144637,0.032853376,0.03785079,0.036909822,0.042263698,0.03239762,0.056116242,0.05003426,0.03766405,0.058358114,0.054174457,0.051433444,0.037045497,0.06462065,0.057171017,0.0147104245,0.02832336,0.11128129,0.056287926,0.05153236,0.0367494,0.04423451,0.0827675,0.017307451,0.047250737,0.034674414,0.069282986,0.047944173,0.045611694,0.11051027
H2AFX,0.022160053,0.022599658,0.022414666,0.02624114,0.028041646,0.02276323,0.032888137,0.030994754,0.103272185,0.0318509,0.030710509,0.039702266,0.046787914,0.031065602,0.03333965,0.009805044,0.0224291,0.01737864,0.03273469,0.03746165,0.11283164,0.049345985,0.020969525,0.013343038,0.032251667,0.021219758,0.025975605,0.026177125,0.03323494,0.019778345
MCAM,0.0023911113,0.002446035,0.0024618828,0.00283056,0.0031235414,0.0025777281,0.0037151752,0.004440057,0.0014478469,0.01415349,0.01356643,0.0046811197,0.001230064,0.0032186476,0.0044622393,0.0022830286,0.0019356663,0.0020579002,0.033507213,0.0030702688,0.0017682594,0.0028368433,0.0091459695,0.0033626927,0.00549982,0.0021792208,0.0022975309,0.0027094972,0.0048668254,0.002229491
USP2,0.0007589893,0.0008999585,0.00086135534,0.0010216446,0.0010809079,0.00082676444,0.0012279887,0.0039573736,0.00060559023,0.0072999205,0.007531891,0.0016752254,0.00044678277,0.0013178224,0.0042201323,0.0008013818,0.0006776652,0.00081165263,0.0011196224,0.00096417754,0.0005464579,0.013742445,0.0005202888,0.00066259736,0.0011523789,0.0008060223,0.0008977535,0.0009290472,0.0009899312,0.000802675
NRGN,0.030770449,0.043068267,0.037837382,0.044949602,0.090697266,0.052775867,0.052812755,0.062015183,0.021003788,0.05880823,0.053934973,0.057816222,0.022853587,0.053851232,0.04679174,0.027418721,0.02035859,0.03512105,0.041596226,0.039723724,0.025187971,0.03914724,0.020638648,0.41076228,0.05201689,0.03182229,0.041847166,0.04147306,0.042251572,0.036766797
ESAM,0.0048685754,0.00688143,0.005728091,0.009649864,0.0059528896,0.0054440945,0.0074608224,0.008770428,0.0026083502,0.009816189,0.007550405,0.010123749,0.0034107831,0.008690707,0.0059765424,0.0032385786,0.003931724,0.0041181496,0.0070370245,0.0055438112,0.0035553963,0.005191366,0.0028553824,0.10204438,0.0077443486,0.006904818,0.0054230536,0.0060155573,0.0055350713,0.0039870003
STT3A,0.044894762,0.028264396,0.0346373,0.03527384,0.040375948,0.031514846,0.043533664,0.049012356,0.03895373,0.0431539,0.05489225,0.05568321,0.030072816,0.04103441,0.039632596,0.01808959,0.04154053,0.03620103,0.056953296,0.048450373,0.030517165,0.058658477,0.063957766,0.015038072,0.044470426,0.05311611,0.041233048,0.037306882,0.047253206,0.072899796
CHEK1,0.024775887,0.0151278395,0.017755263,0.0187054,0.01985209,0.017963892,0.020851744,0.029101597,0.15684238,0.033489585,0.030910317,0.030711345,0.17347874,0.031657603,0.036853783,0.011758268,0.05490292,0.015537943,0.030367874,0.027916227,0.22025909,0.013689784,0.031243367,0.010609667,0.027739255,0.022965359,0.04847337,0.016568387,0.030355575,0.022536213
DCPS,0.0588355,0.040213477,0.048323635,0.04256204,0.045783658,0.04461993,0.04190949,0.050823096,0.031234985,0.059827615,0.046858512,0.064611994,0.0200095,0.049009666,0.040788613,0.016385656,0.02376236,0.026373493,0.045188464,0.05169835,0.037401285,0.039704747,0.04753431,0.020203725,0.044551954,0.06224981,0.041140866,0.042136338,0.038168423,0.07343425
KIRREL3,0.0010957121,0.0015367377,0.0022347784,0.001785852,0.002164554,0.0016326327,0.0020501667,0.0028343382,0.0012853905,0.0024074414,0.0023685705,0.0025066286,0.001077871,0.001980154,0.0020710828,0.0010870058,0.0011476354,0.0012731345,0.001881221,0.0017979952,0.0011734641,0.0015768218,0.0009049616,0.0011326068,0.0024353897,0.004428643,0.0014230597,0.0016579034,0.0016224601,0.1379419
APLP2,0.042050045,0.064672634,0.06720866,0.07760582,0.19451064,0.092007406,0.09739316,0.121615715,0.036083467,0.08651074,0.09313562,0.11851717,0.03697325,0.090858445,0.07664375,0.047708265,0.047812577,0.05648494,0.084452964,0.08412962,0.03502951,0.06142457,0.033864617,0.051848084,0.089926556,0.033666357,0.07462865,0.08549635,0.07520427,0.036675956
NTM,0.0007898627,0.00081785844,0.0008524037,0.001063386,0.00090784446,0.00078602775,0.0012257076,0.0012497724,0.00046570873,0.0011874017,0.0011699601,0.0013230675,0.00042419016,0.0010875793,0.0011046336,0.0004931093,0.0006149545,0.0008084121,0.00092734845,0.00091148634,0.0005615723,0.00072485197,0.0005215563,0.0005686115,0.0010595095,0.0008515167,0.0009797816,0.00086545345,0.00078455906,0.05592826
NCAPD3,0.038378317,0.020079551,0.021066591,0.027313381,0.024761451,0.026877383,0.035968732,0.043216046,0.045418892,0.041731723,0.040115055,0.0381462,0.052658767,0.039913807,0.032953266,0.00949925,0.014606934,0.024280488,0.02645421,0.031260293,0.07143946,0.03872397,0.013732108,0.013895121,0.04123925,0.024309112,0.020868715,0.027827386,0.03490745,0.021465054
B3GAT1,0.005133917,0.006425228,0.007180526,0.0073393406,0.00772415,0.0070341183,0.048860323,0.0110150315,0.004704087,0.009998358,0.009325265,0.013078635,0.011946742,0.008492898,0.029038856,0.0045145256,0.0044703055,0.00562951,0.012585258,0.039070807,0.017439518,0.006536489,0.0039128712,0.005713023,0.0100871865,0.0059395465,0.0066196937,0.022031868,0.017352747,0.0051143295
KLF6,0.09177041,0.08687536,0.102385715,0.1152288,0.14224148,0.09563744,0.12201513,0.18079905,0.04849548,0.12467513,0.123894684,0.17713508,0.034858853,0.11913547,0.10466413,0.079460114,0.06676209,0.093611225,0.11976988,0.10721219,0.063541315,0.08333756,0.06135351,0.09111225,0.13194214,0.067870416,0.08018421,0.12762704,0.10469437,0.054977283
AKR1C3,0.031664617,0.028047988,0.029219195,0.031134097,0.032173727,0.025655331,0.10645877,0.058232836,0.019299094,0.043110363,0.041733,0.04558,0.02266126,0.038793065,0.0583763,0.022753116,0.09975661,0.021809848,0.03522799,0.2213762,0.13231228,0.031109413,0.015734043,0.023179023,0.043699514,0.027680123,0.025159644,0.036876567,0.07014684,0.036582984
NET1,0.02946111,0.026380382,0.04587258,0.02477513,0.024452183,0.026127575,0.042542025,0.124549225,0.054495126,0.045807775,0.033389557,0.0811505,0.027453551,0.04241787,0.02233458,0.012873081,0.08020895,0.015617523,0.02024236,0.033716917,0.049123496,0.018774869,0.036113694,0.02653069,0.053785753,0.34932113,0.05700472,0.019785292,0.02390023,0.045022655
IL2RA,0.014766884,0.09421821,0.05401028,0.032692015,0.026168678,0.022234602,0.03205725,0.042290125,0.029150903,0.13997988,0.07168222,0.038631074,0.053203482,0.092206225,0.031018043,0.019244062,0.020208934,0.35790443,0.037499823,0.0258182,0.013571524,0.04024298,0.015763553,0.020119341,0.30259088,0.022014378,0.021146568,0.020899242,0.029761152,0.016865103
PFKFB3,0.036015797,0.0321457,0.038130097,0.041490857,0.15277144,0.086320624,0.07002157,0.061380185,0.024521079,0.06179991,0.056722604,0.05944647,0.017586524,0.048725706,0.044269238,0.0212515,0.026449244,0.027558507,0.047026556,0.037841544,0.021777922,0.034317225,0.017672384,0.026858626,0.04991272,0.11267298,0.058419913,0.05202791,0.04296894,0.030118104
GATA3,0.042741418,0.03796967,0.041517887,0.046275057,0.04813399,0.03791839,0.08906697,0.098440096,0.030325007,0.13859795,0.11384535,0.09962888,0.029811168,0.1560784,0.07897824,0.025228593,0.02799859,0.17063181,0.09104809,0.085155755,0.039817102,0.1641206,0.024771536,0.030641645,0.089596495,0.033876054,0.039649863,0.08680703,0.08128852,0.029121269
AL136320.1,0.00024500882,0.0016315773,0.00053053227,0.00057121133,0.00078732,0.0005234074,0.00068186305,0.00082467165,0.0003804888,0.0007419953,0.0006883334,0.00085067085,0.00024795096,0.00071722316,0.0005138915,0.00038208946,0.00038301782,0.00040947,0.00060333405,0.0005542412,0.00031646786,0.0004507999,0.00027744262,0.0042705853,0.0006551585,0.00048055753,0.00046858483,0.00060681277,0.0004931643,0.00036414387
MCM10,0.0036834201,0.0048809247,0.006119951,0.005634677,0.0055435984,0.0047869687,0.006840164,0.0076952344,0.09873279,0.007061785,0.006331503,0.008112967,0.20435357,0.006086479,0.0055258395,0.003177893,0.012591748,0.0031208592,0.00546946,0.0052766073,0.118495226,0.004970658,0.009521854,0.0031927312,0.0066510183,0.0044865804,0.004982833,0.005413888,0.005309187,0.0038384078
ITGA8,0.00064320787,0.00067117054,0.0006717363,0.0007386435,0.000684721,0.00066668564,0.00086257403,0.0010530936,0.00044288437,0.0009381814,0.000762087,0.0011583425,0.0003238077,0.00094198517,0.0009010498,0.00042833915,0.00038681133,0.0004790816,0.00077758863,0.00075420586,0.00036987782,0.0005656973,0.02106249,0.00044647203,0.0009050594,0.0006401007,0.00057619764,0.00066924794,0.00066399627,0.00062227267
VIM,0.16310501,0.06938428,0.05942124,0.1089095,0.1317111,0.063901104,0.081208155,0.103707686,0.052642368,0.08926507,0.07771123,0.10075668,0.044323742,0.08304533,0.07787888,0.15797721,0.06791014,0.047147658,0.07815563,0.11071371,0.06179672,0.09707681,0.04735776,0.0718152,0.11888382,0.15919723,0.15350588,0.08914123,0.083057456,0.059818935
MRC1,0.006567219,0.006363343,0.0065390705,0.0065309675,0.01489947,0.006800472,0.008664461,0.011330196,0.0046531074,0.010843133,0.009711706,0.009945635,0.0036805384,0.008396837,0.007040508,0.0057712225,0.009642907,0.0061496925,0.007928253,0.006622403,0.0041794847,0.005806134,0.0034943393,0.0045367666,0.009403126,0.005858032,0.116659366,0.006657964,0.0067420313,0.008733858
ARL5B,0.043667484,0.028434029,0.03295355,0.03509498,0.06844094,0.034822706,0.034845483,0.04373924,0.02389892,0.037634075,0.04107802,0.041641816,0.026729228,0.035835154,0.03466611,0.019946557,0.027763175,0.031156776,0.039989576,0.03543621,0.019984873,0.042999838,0.01545341,0.019671798,0.042815257,0.034846723,0.043316633,0.03634469,0.03271447,0.036928777
AL157895.1,0.004107143,0.0045312867,0.0055269855,0.004582594,0.0047825607,0.005797067,0.005390973,0.006544735,0.0019696911,0.0065556136,0.0056593646,0.007111801,0.0021660887,0.005584695,0.004658875,0.0022431824,0.11641737,0.003487715,0.00452463,0.004653737,0.0029246365,0.0040981276,0.0024698393,0.044001244,0.0056111487,0.0035438077,0.0037645225,0.0039027007,0.0048852996,0.0041605337
PLXDC2,0.036061447,0.033850763,0.030910619,0.03246844,0.14511998,0.07481008,0.04301228,0.05395808,0.01871113,0.052192092,0.047391485,0.048079595,0.017740289,0.03741787,0.03320497,0.027100945,0.038996127,0.04684462,0.043385405,0.044787504,0.025084158,0.039861113,0.016454145,0.054905206,0.041572392,0.036329087,0.0741263,0.03158762,0.040909518,0.032176916
OTUD1,0.059345666,0.09027039,0.081503846,0.11333354,0.16312551,0.097123936,0.08010785,0.121943146,0.047589593,0.09968422,0.103300475,0.11538897,0.030519396,0.10274504,0.08217437,0.038973726,0.053756975,0.058758378,0.0793301,0.07458017,0.03395492,0.049351025,0.035608754,0.057571582,0.093019746,0.044431865,0.078427844,0.07247928,0.07228699,0.039356533
ENKUR,0.0071759517,0.008094488,0.008444924,0.008767883,0.009829687,0.008024406,0.013354006,0.013654281,0.006268417,0.0114844125,0.010088669,0.013312932,0.0038163576,0.009492054,0.009941001,0.006212857,0.0059657097,0.005812251,0.009309212,0.008780822,0.004684172,0.0068577146,0.0042757634,0.18406658,0.00952413,0.0073907212,0.013176471,0.009115234,0.009060603,0.006250718
BAMBI,0.0033691616,0.0033369919,0.003299247,0.0037625937,0.003642439,0.002982058,0.003911309,0.006133482,0.0020446463,0.0041440506,0.006908702,0.005683061,0.017102277,0.004282038,0.0042646974,0.008963459,0.0037568812,0.0028556748,0.0035965932,0.0051716445,0.0017729874,0.0030156975,0.0020519507,0.04437042,0.004210219,0.002847178,0.003348937,0.00295597,0.0031482151,0.0025042777
MAP3K8,0.095366366,0.07248635,0.063145205,0.08495737,0.11328918,0.08895112,0.09967758,0.10517249,0.039436862,0.092137896,0.08864633,0.097012356,0.028526505,0.07054503,0.08099055,0.04497677,0.049077105,0.08804898,0.0971858,0.12101669,0.066950604,0.10204259,0.034024026,0.050007496,0.10058714,0.07083311,0.09926528,0.08374041,0.08379006,0.06888538
ITGB1,0.17805071,0.24445254,0.34702525,0.33267105,0.18940556,0.15691175,0.53581816,0.474924,0.19852774,0.5162428,0.36592093,0.52032954,0.21207169,0.41989574,0.40079966,0.19602868,0.12782875,0.17868939,0.26953542,0.2733223,0.15126763,0.18841797,0.24208543,0.3689782,0.40314817,0.090025485,0.12169653,0.4163597,0.33086345,0.13306479
NRP1,0.14726141,0.009128217,0.0093432255,0.010499546,0.021396944,0.01027975,0.011988077,0.01816315,0.006697831,0.014833525,0.0126987845,0.015417687,0.005651645,0.012948086,0.012919247,0.007842887,0.006986434,0.0071145883,0.0122365635,0.010994746,0.00786934,0.010335303,0.0067081284,0.0065157646,0.012841454,0.008082112,0.023074282,0.017035166,0.011502401,0.2733025
PARD3,0.0037969225,0.0048761666,0.0047674803,0.0050279084,0.005596717,0.0043949066,0.0060712486,0.0106261,0.0033383253,0.0063469503,0.006539421,0.007531664,0.0019638832,0.0060004042,0.005608891,0.0030108986,0.009949178,0.0034196307,0.005609004,0.0046158014,0.0027147993,0.0042294273,0.0024156468,0.10588735,0.0071775713,0.0049371794,0.0052412283,0.0053927014,0.004859196,0.0037348352
RASSF4,0.021958914,0.026491232,0.02514334,0.032207426,0.107024185,0.06237441,0.042629343,0.04484159,0.014674665,0.034367356,0.042810682,0.05181451,0.014356121,0.03763527,0.03569996,0.017507257,0.019440075,0.0282603,0.030181125,0.058534272,0.019266048,0.028846065,0.015638135,0.016678987,0.036618523,0.05021347,0.0775113,0.028030891,0.033807237,0.021447226
DEPP1,0.001063829,0.0012668674,0.0013151926,0.0013253588,0.002118254,0.0017128686,0.0016302938,0.0030129966,0.00061428617,0.0018610598,0.0017246944,0.0020371217,0.00071710156,0.0014684252,0.0013458335,0.0007308208,0.016223945,0.00086597685,0.0014931813,0.0015697514,0.0008100016,0.001096241,0.00071762915,0.010325625,0.001629242,0.0014188691,0.0012495937,0.0013804192,0.001396533,0.0011241147
NCOA4,0.05620632,0.03973547,0.041027457,0.05172692,0.077197716,0.04623419,0.065202914,0.07657907,0.01651899,0.069454744,0.054179657,0.07247478,0.02075915,0.059716176,0.051722504,0.066262126,0.048863824,0.03530914,0.055774204,0.05045599,0.028383039,0.044097397,0.020372713,0.12550475,0.05495285,0.023385124,0.04067263,0.043976553,0.048416372,0.037333168
BX547991.1,0.0012319463,0.0013053839,0.0012497011,0.0013235486,0.0013645367,0.0011368651,0.0015178196,0.0018725257,0.00084864267,0.0017220556,0.0016869585,0.0017612524,0.00068117457,0.0014427576,0.0012864859,0.00082740944,0.008000198,0.0011141144,0.001460655,0.0011993373,0.0008315897,0.0011290736,0.0006780512,0.0008388313,0.0017661148,0.0012080962,0.0046425234,0.0012906662,0.0013772078,0.008645309
WDFY4,0.06493435,0.053199526,0.046006523,0.078894995,0.027877908,0.019154908,0.021114262,0.022126187,0.008276803,0.020047532,0.01879222,0.024463164,0.008131138,0.021255702,0.015590819,0.012446539,0.013637152,0.01044324,0.016551532,0.017407317,0.008034514,0.0120064,0.007929526,0.010204533,0.018133525,0.2983657,0.03130779,0.014583934,0.015727388,0.08949001
TMEM273,0.010331278,0.032088015,0.062104654,0.02133268,0.028189078,0.015049604,0.030262554,0.026289338,0.012283423,0.039925177,0.054187983,0.025997935,0.013531825,0.022856852,0.03051084,0.0105861,0.013892616,0.018708404,0.068276614,0.038493063,0.016296187,0.014379494,0.011270934,0.0140631255,0.025461297,0.06480605,0.09238918,0.02425221,0.03122857,0.015494611
AL731537.1,0.00024362246,0.00032838856,0.00033692384,0.00033635096,0.00033974135,0.0002842162,0.00043410962,0.0005201112,0.00020987177,0.00047367596,0.00044321184,0.0005274428,0.00021300555,0.00042057305,0.00034428795,0.00022045287,0.00024240618,0.00029009228,0.00036540197,0.00037622813,0.00019922436,0.00030782018,0.00017682435,0.00022688578,0.0004461511,0.00031804436,0.0003080408,0.00034866462,0.00033846174,0.0003034607
ZWINT,0.009880512,0.0181228,0.014122621,0.014664198,0.020150987,0.01949241,0.037543546,0.034307588,0.2658299,0.033128716,0.031929433,0.043934405,0.19593258,0.027361894,0.02016567,0.009737133,0.047626153,0.021982651,0.015037728,0.022423835,0.32016572,0.019977331,0.046514615,0.011541074,0.02748436,0.017746015,0.06381553,0.015786167,0.021160008,0.012301981
UBE2D1,0.053718694,0.048687436,0.047779303,0.062815055,0.13448437,0.08256709,0.07692601,0.09395829,0.024291039,0.07328729,0.06957087,0.10222756,0.034455862,0.06953354,0.058384728,0.036401045,0.034901716,0.04975504,0.058857907,0.06483301,0.030939795,0.056741085,0.023463365,0.03013352,0.06174154,0.04008358,0.050936088,0.04738117,0.05359038,0.041234776
CDK1,0.011173651,0.023860052,0.024717132,0.016746746,0.019020867,0.014853443,0.01797685,0.029161891,0.63215953,0.023290444,0.027021358,0.02335584,0.13434248,0.02237089,0.01776215,0.011106464,0.059155807,0.011558502,0.020109065,0.023368618,0.42119342,0.024099652,0.03519384,0.024227684,0.031571224,0.015807545,0.014876082,0.02209637,0.019195799,0.0222972
RTKN2,0.029777063,0.04115572,0.04485182,0.047023807,0.07731204,0.058115285,0.0581269,0.14570168,0.09169664,0.17777751,0.21435174,0.10015839,0.022315796,0.089089,0.11672107,0.03365313,0.05732748,0.08820733,0.13677749,0.05048539,0.038692847,0.0396567,0.024797067,0.045462247,0.86180025,0.043617625,0.043745372,0.15748706,0.3916675,0.032150112
EGR2,0.007552114,0.009725317,0.032314796,0.010799905,0.056463625,0.030718582,0.011490213,0.0146528445,0.009351452,0.014152467,0.012236518,0.014281811,0.0068318094,0.010135955,0.012130453,0.0072155907,0.0059695444,0.006949461,0.009920147,0.011270378,0.00691145,0.008226717,0.0056854924,0.0058515784,0.014556846,0.0074673225,0.013885907,0.010247687,0.009282321,0.00679516
SRGN,0.05553482,0.09878874,0.095286794,0.11984621,0.13956676,0.073752664,0.05996903,0.14446726,0.017436633,0.07797225,0.07012772,0.15027064,0.021687862,0.07607151,0.058983363,0.0843511,0.03278508,0.028797729,0.055613942,0.07312304,0.031679064,0.079960756,0.020561883,0.068401925,0.100402705,0.026253136,0.07540737,0.08410279,0.06454059,0.0315312
PPA1,0.07196813,0.0596494,0.0613781,0.0808175,0.06126654,0.0516902,0.09871191,0.122209676,0.049384516,0.10226528,0.09466822,0.14166237,0.03936184,0.086125605,0.07891528,0.040534947,0.042843048,0.058422804,0.088923596,0.08567919,0.041979566,0.056676347,0.03673472,0.048758138,0.095762186,0.14576128,0.07721815,0.0659061,0.069953784,0.044304628
PRF1,0.05685306,0.07428904,0.06956939,0.080959454,0.07743165,0.06831634,0.19569302,0.119440444,0.04421677,0.11038146,0.110720575,0.1315346,0.09356529,0.10170724,0.17165717,0.056135915,0.042988434,0.07746504,0.16205563,0.3928678,0.15530963,0.17547148,0.03869659,0.055919982,0.09580465,0.0671301,0.06531482,0.09736403,0.16193219,0.056407772
VSIR,0.05614373,0.041487053,0.04174143,0.049072422,0.08892248,0.08705233,0.057945088,0.07135103,0.018277451,0.066620566,0.059212137,0.06731924,0.021645136,0.053413693,0.04850206,0.022647168,0.023741104,0.03213601,0.05480471,0.04837082,0.025240505,0.041384313,0.016693953,0.03645569,0.064078696,0.027199581,0.03623914,0.04943859,0.04914059,0.028242564
PSAP,0.06018171,0.04108827,0.04793112,0.056843963,0.18189763,0.17434214,0.07854063,0.097034514,0.026287252,0.08943117,0.07980237,0.101466335,0.016615205,0.08158569,0.06727443,0.05567001,0.030396836,0.058080614,0.07358126,0.05794931,0.024978131,0.052797794,0.024428729,0.06260633,0.08900267,0.060156327,0.06606016,0.056334686,0.06535822,0.05887341
DDIT4,0.078435265,0.07625192,0.07765007,0.092181005,0.08273398,0.06797402,0.10611149,0.14681993,0.030172493,0.12424205,0.11924882,0.11911327,0.03398778,0.11581487,0.10371466,0.05407823,0.069874935,0.16986653,0.13649617,0.12763707,0.059721615,0.092411876,0.04756247,0.07269616,0.109276846,0.113966875,0.094813414,0.09628803,0.101813585,0.06455072
DNAJC9,0.04791956,0.052345224,0.06344294,0.061918557,0.048077624,0.045463007,0.091118045,0.09539333,0.14145187,0.103627846,0.09759464,0.11062418,0.14617594,0.09478558,0.079223536,0.02981031,0.057139784,0.0993867,0.08073863,0.06191206,0.10724234,0.053041056,0.03520036,0.06315612,0.08031401,0.041811127,0.037095785,0.06538555,0.07038379,0.044812113
VCL,0.05064761,0.06260319,0.06929354,0.07415819,0.09128866,0.08951787,0.12701413,0.10082778,0.032278042,0.107046664,0.09565721,0.10229201,0.035618376,0.08512535,0.08996053,0.043453984,0.04332343,0.070313215,0.08173928,0.10386703,0.045612216,0.05908327,0.031734526,0.27252132,0.087315395,0.03818567,0.061540548,0.0751557,0.09312088,0.06290874
ZNF503,0.017458497,0.006531904,0.0068996465,0.009673148,0.0437005,0.018211262,0.009767726,0.012410156,0.0060684057,0.010342928,0.011302322,0.013571954,0.004074425,0.00862599,0.008444489,0.009299029,0.0062010046,0.012560217,0.009586529,0.009705004,0.0044779577,0.021719014,0.0040292223,0.004816795,0.009041088,0.068158686,0.061880834,0.007205911,0.008028829,0.0056937514
KCNMA1,0.0063393884,0.009891652,0.010644051,0.008601064,0.019587986,0.08367898,0.0075869844,0.011040658,0.004299894,0.008421591,0.008389439,0.010798205,0.0033790658,0.009706047,0.0071457624,0.0042006825,0.003920663,0.0050836033,0.007792093,0.007228334,0.0040497044,0.006763158,0.049035575,0.006503682,0.009987638,0.0059182486,0.007989091,0.00659798,0.0067352285,0.007488518
PPIF,0.05260586,0.047734044,0.037960302,0.040360924,0.11762767,0.04665459,0.04266528,0.056475434,0.041843247,0.051279828,0.046730462,0.0628965,0.05913969,0.042934842,0.040625498,0.02429801,0.035489835,0.037042543,0.044601638,0.0400409,0.04098844,0.040363193,0.030717466,0.045851134,0.051949576,0.10525614,0.09563456,0.04369579,0.035892636,0.02665587
SFTPA1,0.00032034787,0.0003822001,0.00038214793,0.00044345003,0.0004076486,0.0003984328,0.00049911527,0.00065679284,0.00020717394,0.0005639885,0.0005214695,0.0006461396,0.00021632745,0.0005201834,0.00042797578,0.00023949656,0.00027524045,0.0002597707,0.00043611537,0.0004183949,0.00025422263,0.00039637412,0.00021907808,0.0002650003,0.0005875224,0.00036223594,0.00035644945,0.00042955557,0.00042954276,0.016860088
FAM213A,0.07419165,0.040598266,0.0368477,0.040357634,0.033399597,0.020272672,0.026308207,0.06218031,0.016506135,0.042369526,0.03732397,0.06990669,0.020434719,0.06130364,0.028181244,0.015126446,0.059553813,0.020315943,0.03504802,0.02466687,0.03636131,0.025893113,0.015823858,0.017774727,0.047768723,0.019322855,0.031884924,0.030778173,0.04439703,0.27228263
AL603756.1,0.0013021675,0.0027057377,0.0014502851,0.0017386666,0.00226554,0.0027005184,0.0016546921,0.005783569,0.0008531816,0.008733504,0.020725543,0.0031439285,0.0008636252,0.0045701605,0.0038086723,0.0008520375,0.0027693827,0.0010754569,0.007870681,0.0035217365,0.00083714904,0.0012633438,0.005813679,0.0009152888,0.0026477322,0.006537396,0.0015466384,0.0014694771,0.0026741475,0.0011145001
MMRN2,0.0005109048,0.0005887966,0.00058163685,0.0007186341,0.00067694415,0.006770638,0.0007785351,0.0010904331,0.00050119194,0.0021258316,0.0008151556,0.0010504482,0.00038478503,0.0007007527,0.0006797146,0.00040806906,0.0004962476,0.0005478061,0.00068777095,0.0006228672,0.00040818955,0.000597169,0.008125413,0.00040905087,0.0008347063,0.00044156358,0.0005359272,0.0006628837,0.0005964986,0.0005411355
ADIRF,0.0018035284,0.0019140915,0.0019993521,0.0020802387,0.0025038118,0.0019007185,0.0026523569,0.0344654,0.0013952928,0.0028957264,0.0024289794,0.025760984,0.0014018187,0.0023830903,0.0022046159,0.0013629603,0.0014468941,0.0018917503,0.0023296932,0.0020164757,0.0011820787,0.0021890576,0.0010450401,0.0013240641,0.0026352466,0.0018883975,0.0018092999,0.0018809906,0.0021422112,0.0016172046
ANKRD22,0.001891833,0.0022334023,0.0020994088,0.002322044,0.011386899,0.008839087,0.004424097,0.008020434,0.0013185249,0.003283299,0.0030439436,0.0070240204,0.0015100003,0.002791743,0.0032880749,0.0015885221,0.0017682987,0.0016425911,0.002599583,0.0029863673,0.0016030623,0.0020404146,0.0013314112,0.0015772032,0.011528926,0.0016047774,0.00527848,0.0022164253,0.0023745983,0.0020749148
FAS,0.015710091,0.017153896,0.02602359,0.01693814,0.043100215,0.04466118,0.037218854,0.028926134,0.03745031,0.04179867,0.048700847,0.02806705,0.031012828,0.03204698,0.036108956,0.013942631,0.011577004,0.027087182,0.031708967,0.030208504,0.016821027,0.023352997,0.021622125,0.0122232195,0.032237887,0.015852692,0.018316425,0.032077894,0.028769564,0.0130179655
CH25H,0.0013655424,0.0026681977,0.0027494396,0.002519697,0.014317794,0.0026197354,0.0037606733,0.006443156,0.001613023,0.0037170693,0.0078825895,0.004021761,0.0012994525,0.006106161,0.006017516,0.0017711278,0.0016962672,0.0022694936,0.008845463,0.0027746633,0.0016308693,0.0026066406,0.0013545222,0.0016953532,0.018637288,0.002335098,0.0027720255,0.012267211,0.012360813,0.0020203416
IFIT2,0.01801475,0.03887717,0.027505025,0.032812975,0.050359916,0.09348641,0.04047628,0.04755874,0.013249929,0.044059373,0.033540495,0.041814104,0.021220887,0.032747656,0.036068864,0.029079774,0.01780077,0.027294083,0.025878804,0.053575166,0.02017839,0.022676049,0.010842715,0.01654362,0.04092478,0.020023577,0.029381648,0.036108714,0.033746753,0.05699074
IFIT3,0.017190058,0.03593023,0.04057986,0.034460034,0.07492915,0.14711134,0.034737002,0.042554505,0.011640377,0.042383153,0.033324067,0.03784568,0.010463328,0.045053802,0.031514302,0.027328437,0.03977027,0.017663455,0.028439553,0.046944465,0.025549857,0.024273809,0.0127394665,0.023011662,0.038404025,0.021885196,0.04189737,0.022900604,0.043295782,0.024212165
IFIT1B,0.00095641694,0.0011531478,0.0010927725,0.001288055,0.0022103798,0.0012537746,0.0014771938,0.0017106171,0.00068591244,0.001684488,0.0014487392,0.0018252152,0.0006967777,0.0013520598,0.0049315235,0.2546955,0.0007027687,0.0009231755,0.001434561,0.001221883,0.0007558948,0.0011776469,0.0005420807,0.00068050355,0.0015361926,0.0010400407,0.0010961993,0.0013345468,0.0013151488,0.0008738296
IFIT1,0.015039386,0.020679194,0.02187832,0.023858396,0.0612669,0.10572907,0.026229033,0.03603622,0.014497353,0.04699693,0.031153204,0.03728083,0.008151534,0.026083956,0.025980953,0.011331252,0.01678817,0.014460443,0.023793038,0.02645102,0.015452821,0.01624674,0.012094768,0.015935943,0.029760493,0.017057939,0.031147853,0.03260091,0.021064127,0.018898543
KIF20B,0.053653378,0.06170033,0.054320715,0.056542296,0.035210606,0.032665513,0.056740724,0.07256878,0.09286114,0.05561108,0.06490335,0.06525092,0.048979845,0.05348522,0.04809873,0.019648107,0.02522648,0.047303043,0.05924363,0.04581501,0.07343212,0.032344323,0.028844021,0.023212425,0.08036186,0.052624337,0.032030694,0.07620679,0.05036128,0.056824975
KIF11,0.012494995,0.016196832,0.017359657,0.014494673,0.014820682,0.013239706,0.032463115,0.024108041,0.30163476,0.026090996,0.021907806,0.021956878,0.0941034,0.015708257,0.015769113,0.009187749,0.019675767,0.009730026,0.019091964,0.016246378,0.20734942,0.012988634,0.030802565,0.008000525,0.02538301,0.017675864,0.01954198,0.025313754,0.014587177,0.009282939
MYOF,0.050434623,0.02235747,0.018094813,0.02022562,0.06569472,0.13519935,0.028140252,0.030439775,0.011275308,0.02843994,0.024578497,0.031452376,0.0121129975,0.024279775,0.020082321,0.012424502,0.012818974,0.016883746,0.02257255,0.018687302,0.011463976,0.017586958,0.010680088,0.015370127,0.024753392,0.06170922,0.06865888,0.018306652,0.017056806,0.03248971
CEP55,0.008099082,0.00808808,0.011116598,0.008404326,0.009574856,0.007673145,0.013489888,0.014943961,0.3174047,0.016419118,0.010810604,0.013800721,0.109648764,0.010685318,0.011363358,0.006134175,0.014300143,0.006260773,0.009771315,0.009471362,0.16031756,0.0075328145,0.048900817,0.005340012,0.011835131,0.006931944,0.009297583,0.0073161297,0.009074674,0.008480752
HELLS,0.050351422,0.031707082,0.037993565,0.031089343,0.020716274,0.015892461,0.039353333,0.039409626,0.08117875,0.042681433,0.044182584,0.056225292,0.14019147,0.03215355,0.03111878,0.017773265,0.04531471,0.020028096,0.022872662,0.025809621,0.13816884,0.033230577,0.03304144,0.0131708635,0.040700883,0.017424857,0.016930105,0.03739642,0.024474723,0.031864673
PDLIM1,0.028663335,0.09584772,0.097534806,0.10665806,0.032705516,0.026667865,0.039856866,0.043894928,0.017363887,0.036669493,0.036599193,0.056593906,0.02482169,0.033314012,0.037701316,0.023257315,0.041692052,0.018826498,0.031308964,0.04597133,0.032922838,0.028302126,0.034808826,0.15685266,0.037218012,0.039047953,0.04431836,0.030732231,0.039444655,0.02029588
ENTPD1,0.031227186,0.058410518,0.055495974,0.065608315,0.16734728,0.06345553,0.045191623,0.057826947,0.034227293,0.050320942,0.0445911,0.061534677,0.022336539,0.045353472,0.038500834,0.032602414,0.025952995,0.031914383,0.0447876,0.042504035,0.023894742,0.034208417,0.046915494,0.03196118,0.058729023,0.044183142,0.08850425,0.031335466,0.038402796,0.026803726
BLNK,0.075923875,0.09495045,0.06426272,0.08766256,0.015566256,0.0136030475,0.017778493,0.020615375,0.0084657315,0.020984331,0.01676791,0.022401951,0.008038192,0.018451631,0.01581562,0.009176985,0.012463488,0.00930892,0.015797228,0.015928602,0.0089099435,0.013067773,0.026499975,0.009309811,0.020076253,0.013467205,0.021415403,0.014696203,0.01504131,0.10872494
DNTT,0.0009322754,0.0010972148,0.001274635,0.0014117662,0.0012950524,0.0010942866,0.0015932221,0.0024897421,0.00069878774,0.001719645,0.0016589833,0.0021103984,0.013967483,0.001703365,0.0021493137,0.001035632,0.054394096,0.001139396,0.001366417,0.0014073256,0.0007852177,0.0013303343,0.004466068,0.000825053,0.0015083073,0.0010263046,0.0013311076,0.0013078351,0.0012449806,0.0010675207
HPSE2,0.00046453084,0.000450521,0.00049015775,0.00051142974,0.0005330602,0.00051330426,0.00063026714,0.00070205616,0.00026670768,0.00072211673,0.00067172595,0.00074052496,0.00021342945,0.02052502,0.0026490693,0.0003085562,0.0003404594,0.0003898476,0.00054013054,0.00049969176,0.00031759572,0.0004350142,0.00027146723,0.00030281558,0.00060495903,0.00039633844,0.00044182883,0.00045740858,0.00056316034,0.0004144988
NFKB2,0.028294405,0.03765236,0.046332672,0.052672558,0.055993065,0.04277791,0.036894735,0.05360824,0.012568753,0.045440137,0.043535866,0.053717386,0.016004393,0.04007862,0.04091051,0.017903794,0.017940331,0.03168493,0.042413093,0.03606319,0.02235521,0.0344811,0.013887778,0.01958422,0.040106088,0.031081261,0.03321679,0.043743603,0.03890488,0.03308631
DUSP5,0.05971508,0.03065456,0.021140838,0.029518774,0.03360519,0.06798754,0.03258264,0.0307314,0.018328045,0.05573853,0.059606943,0.031200618,0.012805556,0.0267006,0.040991228,0.012352908,0.014342734,0.014865137,0.04243367,0.029957442,0.014694531,0.02245252,0.02996477,0.017598923,0.028835049,0.02224302,0.0296476,0.021847103,0.044997,0.14158018
TCF7L2,0.020778656,0.030761337,0.030420912,0.03910439,0.08391735,0.28674304,0.04857265,0.06076002,0.021348199,0.047002237,0.046493843,0.060300525,0.028288348,0.048787747,0.046709098,0.021165125,0.03330423,0.02484409,0.05477913,0.039366394,0.020400407,0.03213724,0.024335163,0.029035034,0.041293778,0.029744076,0.038005095,0.033636272,0.04073507,0.039809622
TDRD1,0.0025650035,0.003403606,0.0075964266,0.0036722468,0.0033278624,0.002800599,0.003943378,0.010670987,0.0013968407,0.009605735,0.0041784174,0.022326903,0.0019454012,0.003976075,0.003172482,0.0023342692,0.0022038019,0.0022211666,0.0036417532,0.005656753,0.002154018,0.0028487677,0.0018975765,0.0021662526,0.003906951,0.015309035,0.0030719058,0.0035877975,0.0034383074,0.055621646
SHTN1,0.079793796,0.024145879,0.022244286,0.023690104,0.10751363,0.04624176,0.029918712,0.04058865,0.012771882,0.032592054,0.030768,0.036781505,0.012942235,0.03167357,0.026327113,0.019029403,0.016933411,0.01690778,0.027531166,0.025937958,0.015036534,0.019054648,0.010708582,0.020629788,0.034065016,0.25115997,0.08749695,0.023070533,0.024342772,0.08810359
RGS10,0.077406995,0.09337832,0.09254438,0.11614881,0.085867316,0.060428414,0.13276286,0.19257835,0.052022014,0.12094168,0.12812896,0.22030337,0.04742691,0.12117605,0.096231654,0.04543433,0.047570113,0.08178304,0.10500538,0.113569394,0.058971148,0.096138015,0.055408895,0.22077763,0.12720676,0.2508874,0.07693512,0.124021426,0.10830036,0.05412163
CHST15,0.036872182,0.035527706,0.042050943,0.05008569,0.14474662,0.17360303,0.03660191,0.04454934,0.01685884,0.04486374,0.043990113,0.060498737,0.014493465,0.03542493,0.03532704,0.027703753,0.020833964,0.021111362,0.034064896,0.03168347,0.01711184,0.02888742,0.0325435,0.030149443,0.045838844,0.04067224,0.03421033,0.032677878,0.031570736,0.032083143
PTPRE,0.095139444,0.053394694,0.055163845,0.06281674,0.1342497,0.057556752,0.073228,0.08707523,0.027184691,0.07774275,0.08369035,0.08861806,0.027741624,0.06941893,0.065652095,0.038965873,0.034810897,0.048024114,0.06793842,0.08118726,0.031895284,0.051205814,0.031178871,0.04235392,0.07814421,0.14070533,0.10811731,0.07045555,0.06968725,0.121570945
MKI67,0.015844686,0.015023235,0.013526132,0.012443168,0.01628124,0.010324436,0.017358785,0.017453069,0.27668095,0.0172932,0.021755494,0.018811114,0.17951684,0.01332466,0.013115334,0.008500261,0.012190369,0.009282111,0.014653802,0.027637769,0.19434129,0.011995546,0.048815202,0.0070442636,0.0129962,0.016910695,0.01582276,0.03951933,0.013521552,0.0090797655
CFAP46,0.000617155,0.00064155244,0.0006504131,0.001184427,0.0021192322,0.0033902584,0.00087167096,0.0011145727,0.0004380611,0.0010095867,0.0008119291,0.0011454535,0.00043516606,0.00079372287,0.0007357581,0.00049080834,0.00045315872,0.0005490942,0.0008344498,0.0007157219,0.00036631676,0.00058881205,0.0004113909,0.00046432106,0.0009203694,0.00058312673,0.0020618308,0.00081227825,0.00063222856,0.00048321718
UTF1,0.010169991,0.023552775,0.01551452,0.033037145,0.059638027,0.09995846,0.017757917,0.024576578,0.011777131,0.022800885,0.02043189,0.026666319,0.02066871,0.017076463,0.016767412,0.016151283,0.018437624,0.010901257,0.017663646,0.015953196,0.010302279,0.011900248,0.009228532,0.010216819,0.021140167,0.11131321,0.13442388,0.02023426,0.014967634,0.015297097
AC026369.3,0.088757075,0.005853198,0.0062484713,0.0064974497,0.016034344,0.035688758,0.00724368,0.009156996,0.0042967703,0.00854177,0.0074166297,0.010322854,0.0030036059,0.008744339,0.010136423,0.013658455,0.06295886,0.0047401185,0.0064466214,0.0063670706,0.0029193358,0.0048653902,0.010585942,0.0039631072,0.007959427,0.02241529,0.013216205,0.0064322324,0.00569564,0.008711332
FOXM1,0.006026029,0.007883397,0.009525218,0.009169836,0.01263652,0.0080042435,0.011491735,0.016575199,0.21929152,0.017419713,0.01068111,0.02085428,0.063502975,0.011296853,0.011428241,0.0075584226,0.012409449,0.0081809815,0.013890442,0.010030493,0.12815848,0.008072305,0.028115388,0.0056132255,0.01740154,0.007980381,0.009583863,0.0074642953,0.020968208,0.0056589567
RAD51AP1,0.026291372,0.025199471,0.01886468,0.028638352,0.015205816,0.023367632,0.018046275,0.020767896,0.12972774,0.018440202,0.016526919,0.06261745,0.082188606,0.017471204,0.015647916,0.010111675,0.011479597,0.024990428,0.0131486785,0.019551124,0.16574857,0.0140639255,0.020293636,0.010003391,0.019735556,0.009195704,0.010861916,0.015042544,0.010328643,0.049870063
CD9,0.01515093,0.018318627,0.024913298,0.047734328,0.04444711,0.018942298,0.021443147,0.028846454,0.011595952,0.026025483,0.02274304,0.04456374,0.010917176,0.028203426,0.018918375,0.012977436,0.04228775,0.016069505,0.02138157,0.01999827,0.012149792,0.018821837,0.00987854,0.22539492,0.020697853,0.013405584,0.021325793,0.025036324,0.018940998,0.016723283
CD27,0.050702732,0.06864379,0.071189485,0.06050807,0.060769934,0.058219615,0.0877403,0.16063587,0.041434895,0.13847649,0.1258371,0.15643533,0.049156763,0.114234075,0.091197476,0.04110646,0.033993013,0.053344026,0.08505509,0.063377604,0.038493466,0.05971412,0.100247204,0.039595924,0.14053093,0.0607657,0.05331821,0.20732272,0.094784155,0.04246436
NCAPD2,0.049153477,0.046325434,0.046130653,0.05565836,0.05566754,0.039443254,0.085411705,0.097968504,0.11458926,0.081821434,0.072689876,0.08113639,0.05166833,0.07327718,0.044473678,0.024176184,0.042863805,0.02948593,0.058255754,0.07233222,0.07915156,0.04836014,0.031786487,0.026224874,0.08016357,0.05715825,0.044237204,0.075040855,0.060662612,0.03674245
GAPDH,0.0435502,0.08592529,0.06546128,0.124286436,0.13472794,0.051774934,0.08007414,0.12606442,0.12289708,0.09405139,0.09350951,0.13095109,0.07960426,0.09317531,0.08426167,0.1569763,0.076372154,0.09569053,0.09179112,0.07028096,0.078965515,0.07213092,0.049563196,0.09410845,0.11909513,0.08020608,0.12597536,0.10157573,0.079004,0.049717225
ACRBP,0.012836337,0.010750171,0.009864061,0.013732981,0.01750098,0.013866817,0.013148646,0.019600376,0.005287615,0.014787375,0.012700099,0.018479988,0.006650059,0.014072095,0.0106677115,0.008005811,0.00880166,0.007180344,0.011345954,0.010492928,0.007427119,0.009043369,0.0062185307,0.18638557,0.016340682,0.011614396,0.012528501,0.010296745,0.011387616,0.008264014
PTMS,0.1752624,0.033073522,0.040658023,0.040959332,0.051250644,0.040721405,0.07842015,0.07061811,0.04708575,0.0646303,0.065833405,0.061806604,0.06665981,0.055689517,0.096224524,0.03673058,0.114460066,0.05067922,0.08328382,0.069254756,0.044013485,0.045375273,0.023680082,0.036244214,0.04744347,0.14799389,0.09483631,0.07700019,0.1115103,0.16363247
LAG3,0.028033946,0.030349236,0.028804135,0.034298457,0.03271652,0.03001138,0.09414368,0.057790965,0.022485895,0.061396424,0.08242312,0.066058174,0.14390284,0.1308308,0.14724411,0.020969221,0.024440737,0.024893591,0.15735574,0.0692073,0.034465548,0.029644294,0.016684119,0.024416734,0.03784395,0.031131541,0.03003862,0.04637115,0.1299989,0.027044492
CD4,0.36065397,0.1856836,0.20939308,0.19263574,0.3826456,0.36696896,0.51825607,0.46288225,0.1511221,0.4353601,0.45456368,0.30172732,0.09302396,0.24273708,0.22323382,0.12471795,0.13198493,0.17537872,0.230835,0.19731554,0.12819013,0.17558967,0.105149575,0.13091652,0.4035611,0.1561884,0.25788346,0.2101692,0.24735597,0.57542753
CDCA3,0.0044054496,0.004851982,0.004731091,0.0052974042,0.009312515,0.0062656957,0.0068096346,0.008746336,0.2128012,0.008040423,0.008053524,0.0089338245,0.031652704,0.014274634,0.007248885,0.0036862702,0.008267039,0.0042917696,0.00563131,0.0058973203,0.14912443,0.005402124,0.030382423,0.0034481173,0.010569458,0.01461279,0.004051287,0.0055420427,0.0054651094,0.013778576
CD163,0.015267598,0.01952776,0.019903447,0.021290032,0.11189886,0.019960502,0.027656784,0.029590225,0.00927506,0.025081968,0.028401291,0.031417653,0.011563451,0.025688782,0.022513608,0.01574765,0.015838722,0.013455484,0.018501217,0.021039916,0.01021246,0.015697403,0.009149251,0.014954416,0.023130532,0.018572256,0.053317875,0.019524144,0.022902876,0.014936712
CLEC4C,0.13702981,0.0055514416,0.0070709954,0.0072838245,0.0064481017,0.005489626,0.008075469,0.010484749,0.0042010834,0.00840819,0.0072080907,0.010649372,0.0027813183,0.0076152463,0.006343802,0.0032700363,0.0040786355,0.004498597,0.008893726,0.0066839433,0.0032326109,0.005739328,0.0030593295,0.004150627,0.008088619,0.014609811,0.0071250875,0.005744329,0.0060099005,0.21295287
SLC2A3,0.04138107,0.06801573,0.06231028,0.06878856,0.10582331,0.052386392,0.09299756,0.11257574,0.03662152,0.112255976,0.08931319,0.096855395,0.02524937,0.0931255,0.0842923,0.03877844,0.038079333,0.06268113,0.10022625,0.073964864,0.03842476,0.049708545,0.027130453,0.06122469,0.07927048,0.049905892,0.0430225,0.06941527,0.079570614,0.042345997
C3AR1,0.023549812,0.033124983,0.030104354,0.030295951,0.11711847,0.21517235,0.050113056,0.044351343,0.02084995,0.049242266,0.044436492,0.04689948,0.026566075,0.043032154,0.044777133,0.021244925,0.021966077,0.036881123,0.042470027,0.046268735,0.025555488,0.02678804,0.016776115,0.025430081,0.043744363,0.030962553,0.03545311,0.032725036,0.047681354,0.02899686
CLEC4A,0.10534107,0.02908397,0.028054003,0.035525136,0.12635303,0.063028164,0.03147725,0.04275968,0.014665129,0.0361014,0.034176074,0.048029613,0.019088157,0.03815513,0.027351907,0.022454161,0.019656036,0.017821703,0.031551253,0.031503074,0.015415679,0.0257259,0.013234695,0.02553514,0.034352068,0.02659933,0.09765954,0.027243707,0.030794894,0.032439746
CLEC4D,0.0076948563,0.010813828,0.01269963,0.012112726,0.09861267,0.012872792,0.012910707,0.01869923,0.006818462,0.016669562,0.014951367,0.017389916,0.005535791,0.0125842225,0.01505592,0.013085017,0.008325847,0.014821545,0.011853321,0.011780319,0.0064137536,0.010688207,0.0063864654,0.011919092,0.013942949,0.009185057,0.012884013,0.01123672,0.014287617,0.007969849
CLEC4E,0.020894999,0.027067184,0.030204762,0.028397787,0.18397994,0.032190043,0.037659325,0.037523508,0.018474087,0.040941354,0.038359363,0.043653496,0.012781776,0.03183042,0.03265839,0.021765757,0.02087487,0.029232664,0.030060751,0.031020612,0.01696217,0.024649162,0.015606647,0.02290947,0.03948527,0.0303038,0.0362859,0.028451268,0.025358284,0.021943368
AC092490.1,0.009377725,0.0072786687,0.011108026,0.004694455,0.0045559965,0.016350122,0.0054969382,0.006830173,0.0027984742,0.01675839,0.012239091,0.007980495,0.0026323816,0.011793607,0.013417008,0.0660633,0.0029903343,0.025803445,0.0050935196,0.011697286,0.0024854287,0.0037789482,0.002692002,0.0199389,0.006258066,0.003582423,0.00392769,0.0047008065,0.006879789,0.0037160902
KLRG1,0.038425464,0.06094704,0.059181258,0.07361399,0.07642508,0.072385885,0.21919867,0.116657875,0.058722354,0.13645804,0.18110883,0.11986083,0.080752954,0.09641232,0.21851866,0.061041057,0.058700964,0.083304994,0.39140463,0.13254668,0.078948565,0.074871756,0.03952746,0.05672418,0.09513991,0.050010286,0.0615143,0.0808124,0.26133716,0.044409547
KLRB1,0.13347939,0.16710259,0.17750356,0.21628284,0.20642376,0.18866181,0.3898627,0.32329795,0.14439549,0.45949036,0.64169604,0.31727397,0.09474916,0.2718898,0.2460368,0.16015294,0.15129463,0.4964832,1.1856624,0.48719087,0.2071127,0.39419642,0.1173981,0.17341354,0.23626588,0.18697211,0.17531323,0.1880822,0.389942,0.13048616
CLECL1,0.04691134,0.18219578,0.18863451,0.042314053,0.03737867,0.03983188,0.062469777,0.041877978,0.030615574,0.043163043,0.05355197,0.040736433,0.021176457,0.04348946,0.040964946,0.025052503,0.019897588,0.024300264,0.027678674,0.030142367,0.013857135,0.019893795,0.078567736,0.0187013,0.03750935,0.031934608,0.04692552,0.02243798,0.025288641,0.04499831
CD69,0.08407236,0.07795013,0.07501603,0.11847655,0.08938912,0.07915829,0.10797809,0.14709157,0.026495228,0.14875863,0.1371582,0.1267141,0.033854567,0.1271005,0.104825914,0.05094867,0.05196255,0.09091075,0.18082306,0.10200129,0.044670936,0.08340195,0.038037308,0.06257332,0.106996045,0.06680617,0.07588689,0.08121574,0.09655941,0.05812441
KLRF1,0.057903554,0.07895154,0.07197453,0.08285161,0.080216974,0.069513224,0.1010924,0.11879232,0.03969617,0.09747846,0.10988427,0.1279237,0.043309115,0.096696585,0.17335674,0.05560702,0.050684545,0.051141325,0.13721813,0.5676541,0.19879183,0.37825045,0.03994459,0.064267136,0.096837714,0.06624348,0.05747006,0.07471888,0.16115548,0.058858123
CLEC12A,0.062061608,0.03754773,0.042783406,0.04962779,0.18754452,0.13854724,0.0533724,0.0727062,0.025586728,0.063591264,0.063639715,0.079659484,0.02255448,0.06104343,0.052584607,0.033877555,0.031108795,0.03476523,0.051103503,0.052621353,0.027593408,0.04617513,0.023994911,0.038792223,0.05584082,0.039095607,0.07955139,0.043067694,0.042592764,0.03719602
CLEC1B,0.0043415898,0.0060224896,0.0050552003,0.005315305,0.0066222213,0.0053078807,0.0058572274,0.007660187,0.0028398472,0.0074890563,0.007640069,0.0075242994,0.0031292445,0.0057351207,0.005311171,0.0033277732,0.0033847468,0.0033549196,0.0052924403,0.0059823296,0.0030352962,0.0043095527,0.0031000392,0.10481668,0.0058625536,0.006086827,0.005602706,0.0051807524,0.0048492076,0.0046121986
CLEC9A,0.0035728954,0.004708653,0.0046779136,0.0043485914,0.005684495,0.0049079857,0.005745446,0.008737773,0.0032062312,0.006642284,0.0059614824,0.0084479945,0.002868034,0.0059046713,0.005118562,0.0028225216,0.029536834,0.004017095,0.005216022,0.005265113,0.002400257,0.003996076,0.0024288923,0.0031520333,0.006350339,0.6350483,0.00890762,0.0049523544,0.004303697,0.003832587
CLEC7A,0.023566404,0.03852014,0.040770028,0.047317304,0.1823466,0.13830702,0.056042355,0.06908988,0.022813875,0.06268738,0.058211666,0.06709765,0.02351788,0.057010774,0.048572566,0.028473567,0.032500494,0.0427357,0.048558127,0.045969743,0.023504365,0.037311368,0.019718036,0.042050477,0.06313557,0.09537296,0.07479295,0.03958489,0.04801152,0.039926022
OLR1,0.004878444,0.0044701356,0.006646372,0.0054299603,0.03996275,0.0064248363,0.0059452914,0.0075041344,0.0032458152,0.008281877,0.0060768817,0.00770331,0.0020848173,0.0062638884,0.005161532,0.0029987,0.0032534467,0.004071645,0.0052376245,0.00783844,0.0030778297,0.004585195,0.0028220748,0.0042277197,0.005533274,0.0050803116,0.022449797,0.0046744808,0.0044054473,0.004508827
KLRD1,0.102005295,0.1246884,0.12992331,0.13587344,0.134881,0.13218424,0.25109127,0.20272714,0.081868276,0.17507404,0.18206468,0.23063067,0.09037658,0.17960615,0.40901494,0.06569959,0.09418652,0.117220506,0.18454938,0.4990041,0.24261153,0.5310218,0.062495146,0.087673195,0.15572369,0.1413228,0.11964262,0.11799917,0.40371543,0.10218347
KLRK1,0.022458335,0.023593789,0.026128884,0.032382984,0.02636546,0.02245977,0.042259663,0.03893001,0.013262542,0.041050628,0.03275597,0.12827489,0.019113343,0.073644176,0.095139265,0.012028237,0.015935602,0.03312842,0.061168697,0.07988899,0.054312084,0.07602073,0.012859403,0.015982894,0.041946325,0.021874616,0.019417686,0.040257342,0.14244767,0.021230588
KLRC2,0.01650617,0.020100843,0.023497954,0.024661655,0.02447586,0.024785096,0.030748349,0.03447712,0.012619038,0.031082788,0.02723831,0.031799555,0.030978661,0.035851836,0.101245105,0.015201122,0.016122982,0.017297955,0.023925794,0.14082615,0.03201832,0.10460549,0.009783799,0.021417283,0.026742395,0.017143844,0.021473955,0.032664392,0.09196998,0.014719826
KLRC1,0.039051425,0.041210324,0.045514796,0.05211519,0.049726423,0.040900122,0.059276253,0.07047931,0.025797708,0.065703414,0.05935989,0.073158845,0.028376916,0.119150706,0.082330346,0.030741856,0.033326577,0.08037217,0.07477273,0.27110097,0.11156067,0.3724645,0.022510882,0.035938807,0.058123093,0.041106127,0.035573497,0.040786225,0.18893279,0.036069304
LINC02446,0.049143087,0.051414307,0.04675672,0.05039221,0.052740186,0.04377707,0.06240738,0.07998665,0.029638242,0.07354616,0.06878515,0.6822568,0.11356428,0.19692494,0.107995346,0.05743723,0.032325912,0.059970833,0.056516174,0.05923466,0.034410283,0.064947724,0.02691045,0.039035466,0.06482365,0.04420647,0.043843575,0.050227005,0.15877478,0.037401743
YBX3,0.16181098,0.17119004,0.166211,0.3393152,0.29634213,0.1904673,0.21514858,0.25614554,0.07625367,0.24680476,0.22260575,0.2821171,0.06656919,0.2544014,0.20825925,0.33729282,0.2813937,0.14868894,0.17465991,0.1671444,0.10685827,0.16744234,0.068114415,0.21652877,0.20466715,0.1597559,0.17339577,0.19221452,0.21390986,0.13928156
TAS2R10,0.0007997916,0.0054334635,0.0008475933,0.0008875112,0.0010081164,0.00085066643,0.0010367123,0.00513172,0.00049392635,0.001157293,0.0034524961,0.0367766,0.08085365,0.0011323928,0.0009265916,0.0006554015,0.0053824373,0.0006846068,0.00093153823,0.000963293,0.0005541795,0.0007598047,0.0004935084,0.0005466834,0.005927984,0.00083514483,0.0022745414,0.00093144143,0.0008637712,0.00068097597
AC023790.2,0.00032870023,0.0003176196,0.0033512833,0.00035004882,0.0076770918,0.0003129673,0.00041069696,0.015690673,0.00016583443,0.0004446354,0.00041094297,0.00053694204,0.00017635804,0.00042878394,0.00036355373,0.00020291444,0.00023862401,0.034812342,0.0003652333,0.00036876736,0.00021801017,0.0003126112,0.00017529972,0.00021873765,0.00043162165,0.0038624771,0.000289874,0.00036977217,0.00034486395,0.00027878289
EMP1,0.07730705,0.0051750783,0.005249106,0.0066660345,0.01797499,0.0074121193,0.0064932653,0.008912282,0.0026108641,0.011256552,0.007610281,0.009779257,0.0036120785,0.0075741797,0.008189705,0.0043334947,0.08235661,0.0105491085,0.006853565,0.008031928,0.0070431335,0.006131495,0.003272601,0.0036875873,0.0071429326,0.013103622,0.04930504,0.01323597,0.0065087075,0.0058940407
PLBD1,0.017404951,0.019091042,0.018535746,0.020825682,0.104347974,0.040845543,0.025315452,0.03101229,0.012368287,0.027755324,0.026312014,0.030689811,0.009986497,0.023009578,0.020262552,0.0108582,0.013391845,0.016719345,0.021175273,0.02207033,0.0116685,0.020312795,0.010575354,0.01367664,0.02675849,0.035249062,0.060109764,0.020324562,0.021153903,0.01628569
MGST1,0.013330721,0.019315256,0.019620834,0.019717045,0.112249844,0.020774134,0.023422465,0.026545001,0.009018293,0.024371853,0.024901876,0.029324688,0.012242423,0.023973461,0.022235988,0.014929836,0.04585918,0.01180044,0.02187468,0.020490605,0.011486061,0.017289167,0.010248178,0.012998551,0.023204677,0.06443997,0.07463218,0.021170117,0.018716747,0.019691423
AC007529.1,0.0005713786,0.00063497334,0.0005800012,0.00070932566,0.0032636714,0.0005687265,0.00075730006,0.0010056851,0.00034485586,0.00088176614,0.00080186967,0.0010119939,0.0002668136,0.016961185,0.0007209182,0.00045318174,0.00036263466,0.00043697096,0.0006908887,0.0006412205,0.00039219405,0.000631677,0.0003555718,0.00042911872,0.00080906565,0.0005373448,0.0005821678,0.014960689,0.0006192735,0.00058088306
SPX,0.0019186661,0.004508724,0.0022889778,0.0029613008,0.0036106743,0.0029692918,0.0047161635,0.0047238995,0.0015322305,0.004126869,0.003324464,0.004238632,0.0016587261,0.0032651993,0.002679253,0.0018040243,0.0019237291,0.0020503579,0.0034882505,0.0029150087,0.0017328425,0.0027727874,0.0013956038,0.068303525,0.0034338143,0.002513413,0.0023627444,0.0046233707,0.0026474728,0.0021521924
SOX5,0.0038625856,0.11396217,0.022096107,0.016702762,0.003995934,0.003375603,0.0046670046,0.007907863,0.002044191,0.0056547034,0.0046191616,0.005539838,0.0020118614,0.0044868747,0.003753025,0.0022250381,0.0026203773,0.0028273747,0.0038829169,0.0038435825,0.0023184447,0.003686186,0.0019744686,0.0023568538,0.004644546,0.003338773,0.003246734,0.0035342476,0.0037534817,0.0032746287
RASSF8-AS1,0.0015325791,0.00217866,0.0017202712,0.0018694679,0.0026464616,0.0016578997,0.0023297588,0.004949469,0.0014496809,0.0024905498,0.0022764346,0.003318389,0.008164629,0.002239886,0.001781522,0.0011864982,0.008816402,0.016583307,0.0035063,0.0020870247,0.0009986673,0.056122933,0.0009982343,0.0010313308,0.0024860234,0.0017175266,0.0019013971,0.0021248078,0.0018585142,0.02973249
BHLHE41,0.0053731794,0.095498234,0.0696199,0.020559335,0.007587489,0.007955705,0.008197672,0.0101682795,0.004121705,0.009341578,0.008763581,0.010946085,0.0034238875,0.010622224,0.0091882255,0.0056218565,0.006401397,0.005575807,0.007916827,0.007575027,0.003980943,0.0063583152,0.05950146,0.0045156805,0.009555744,0.011016979,0.005924697,0.008583501,0.007045494,0.0052306624
SSPN,0.0070462725,0.065958194,0.18710057,0.017210318,0.008790067,0.007820656,0.010252348,0.012519009,0.004534012,0.0114578735,0.009921481,0.013484338,0.0049487175,0.009889793,0.010578896,0.007815972,0.014089666,0.007500147,0.008783307,0.010022616,0.0053985612,0.007910035,0.054490034,0.0059510223,0.0107085435,0.008953759,0.0075817215,0.010263999,0.010315929,0.0067213625
DENND5B,0.026774868,0.050907906,0.05993542,0.047127347,0.008393672,0.0072273347,0.017589707,0.013829002,0.0059630126,0.010656782,0.010090315,0.012724556,0.0046662167,0.009943216,0.01057295,0.0048694415,0.015018949,0.016117372,0.010364609,0.009856648,0.005837001,0.008242079,0.07110023,0.0056002145,0.010774377,0.047453612,0.014617853,0.008310563,0.008389234,0.02347351
AC023157.3,0.01905827,0.020801166,0.02480195,0.03168907,0.04084769,0.02093915,0.019416813,0.043566223,0.014371232,0.031362012,0.027847176,0.057167657,0.007859762,0.028675482,0.019942552,0.008491118,0.023839837,0.012228339,0.027299868,0.021530522,0.0074435794,0.011836948,0.017566498,0.014854017,0.03155941,0.012612029,0.024355069,0.018601296,0.025279103,0.011784002
FGD4,0.021901945,0.024445144,0.021139959,0.025969472,0.094366245,0.08014995,0.026534203,0.034600608,0.012238408,0.029610503,0.028883217,0.03277899,0.011240527,0.025151797,0.022483945,0.01913246,0.014257556,0.019215703,0.02431903,0.026665483,0.014255617,0.024449106,0.009665306,0.017624484,0.028210768,0.040786803,0.060913045,0.02444249,0.02290106,0.021103188
PKP2,0.0065121627,0.0075932234,0.012198132,0.0074491077,0.024642194,0.009175838,0.009730587,0.015444115,0.0047727055,0.0158859,0.010893089,0.013195151,0.004883638,0.026314111,0.008192276,0.0051670275,0.07748456,0.010935424,0.016571395,0.010930907,0.004478949,0.006551987,0.004250964,0.005827202,0.064528055,0.19758245,0.06470911,0.007414236,0.0075116334,0.0054386803
LRRK2,0.026172698,0.04974006,0.040631477,0.049758647,0.13199966,0.081910014,0.037216567,0.048655573,0.019988617,0.050172996,0.043810066,0.053246576,0.015222884,0.034877934,0.035830777,0.020735523,0.025843443,0.01761031,0.035888854,0.039360505,0.020227475,0.029468747,0.01880913,0.023800816,0.04106599,0.064171255,0.041377123,0.030483842,0.03214103,0.030169584
TMEM106C,0.018104006,0.03715362,0.037220724,0.038480718,0.030292153,0.028228592,0.08393684,0.07262191,0.07583149,0.056044202,0.056940462,0.05972272,0.08238362,0.052639548,0.048060838,0.017873514,0.03751493,0.028310506,0.041721262,0.042915296,0.13481328,0.025966806,0.028560732,0.02803521,0.06617597,0.031820633,0.025719782,0.03327622,0.038319778,0.01735651
TEX49,0.00040488612,0.0005671938,0.000622764,0.00068208005,0.0006518357,0.0005889297,0.00075972604,0.000824198,0.0003777078,0.0007914932,0.00076439994,0.0009512136,0.0003586837,0.0006863116,0.000614714,0.00046091713,0.00044299677,0.14273766,0.00067934016,0.0006482572,0.00035904525,0.00046508884,0.0027841993,0.00037275578,0.0007983583,0.00052073656,0.00055232085,0.00070459023,0.00058230304,0.00044988186
FKBP11,0.051765453,0.06390116,0.06517668,0.07592038,0.06764001,0.059865557,0.11248461,0.12358799,0.026222674,0.15265678,0.15533802,0.12222481,0.037570205,0.12539059,0.10329813,0.04815515,0.046166435,0.05243393,0.17613778,0.12089279,0.0603031,0.06660147,0.13094792,0.04978072,0.10708934,0.053267457,0.060856953,0.0701572,0.10418519,0.042731375
TUBA1B,0.112187274,0.07846083,0.077857,0.089051075,0.085198745,0.11928051,0.12616122,0.14336164,0.17946482,0.11479391,0.11491283,0.13227385,0.16437887,0.10374255,0.08954528,0.06339314,0.06867765,0.06895353,0.11024457,0.10060621,0.20339683,0.08170222,0.065219946,0.08868245,0.122737244,0.0791219,0.13533866,0.098928854,0.10247833,0.07725788
TUBA1A,0.045966893,0.058137074,0.059917126,0.0710532,0.08272879,0.08899066,0.07349229,0.10259295,0.034689464,0.08652023,0.084661424,0.098011896,0.02909745,0.083792634,0.07348139,0.032683767,0.058306374,0.051299863,0.073344745,0.069018155,0.034147263,0.060217526,0.025753215,0.04736688,0.09550172,0.06804435,0.06792337,0.06503486,0.0750066,0.03476735
TUBA1C,0.038195994,0.032601263,0.033300888,0.0423023,0.051667612,0.040889446,0.078091286,0.05942927,0.09902828,0.07033194,0.06211981,0.056907624,0.040955193,0.048004292,0.04700681,0.02562299,0.048873056,0.024836898,0.059820633,0.045337982,0.04508076,0.03314009,0.02148083,0.14144076,0.04346141,0.059485488,0.048640914,0.045382455,0.04652598,0.035116877
TROAP,0.00523609,0.0068420386,0.007820544,0.009867453,0.0103755975,0.00918799,0.0085285315,0.014647053,0.2677321,0.011824145,0.009764746,0.016564535,0.10494026,0.009007711,0.008127733,0.004578016,0.006042569,0.005146422,0.020042038,0.0119677335,0.10771328,0.0060941284,0.030824024,0.0051148897,0.009678456,0.006693707,0.054224648,0.025639232,0.0077729765,0.0059323455
SPATS2,0.0582779,0.056639094,0.04313176,0.03187082,0.028309938,0.019860832,0.050615583,0.048049368,0.030184833,0.049008466,0.035286818,0.04128512,0.038947545,0.031201348,0.042666454,0.016341811,0.056751005,0.018428005,0.031332932,0.04987849,0.035854135,0.022607228,0.11987452,0.017055793,0.046333805,0.0540881,0.045905568,0.037258275,0.03845542,0.05857174
LIMA1,0.04909714,0.028048879,0.02662827,0.027510805,0.030500054,0.024117477,0.088025264,0.07337863,0.068945445,0.064862765,0.05868138,0.069121085,0.025381973,0.054305933,0.06380416,0.023925878,0.04904575,0.020827783,0.047003992,0.06111987,0.036073007,0.029816708,0.018704211,0.020199176,0.070231855,0.12607633,0.03409652,0.06749033,0.056286633,0.019604916
METTL7A,0.08908803,0.08553962,0.070187144,0.09355753,0.10661633,0.106514305,0.050613884,0.06456999,0.020363865,0.056564543,0.056763954,0.06444392,0.01657871,0.06530205,0.054240294,0.030883998,0.050481588,0.0774997,0.050002996,0.056008413,0.029071642,0.04936689,0.054321706,0.039814055,0.084033094,0.054083902,0.058089577,0.044181906,0.045732524,0.059012044
GRASP,0.111782454,0.07856014,0.06464875,0.05708367,0.059400577,0.06507242,0.041327987,0.06268882,0.01786635,0.06352751,0.06254837,0.07073552,0.019319147,0.067292206,0.044143207,0.027340034,0.022726642,0.0960178,0.053084698,0.0543515,0.031556487,0.047342617,0.018435726,0.026889361,0.043911938,0.07811708,0.13087502,0.041043434,0.04191354,0.06529306
NR4A1,0.06727969,0.05095755,0.044527225,0.051460784,0.14885539,0.12539242,0.044478033,0.062589236,0.02220443,0.052630227,0.04870116,0.06357422,0.020447435,0.053456996,0.048693914,0.02669764,0.030424321,0.03995442,0.042927485,0.04316272,0.023653284,0.038896475,0.02163461,0.031158974,0.047386445,0.039339766,0.09242677,0.039169177,0.043477368,0.035355486
KRT7,0.0038524214,0.0053279405,0.0051683183,0.005154565,0.03865271,0.056175206,0.007184257,0.009509704,0.0041305684,0.0076415217,0.007292906,0.008835947,0.0033847156,0.012030745,0.0056393426,0.0042757806,0.0041312296,0.004997947,0.0063360482,0.015118277,0.0029995383,0.004667588,0.003237292,0.003981992,0.010216147,0.004321119,0.009350303,0.004261262,0.0061835395,0.005687736
KRT5,0.0063787266,0.0023814114,0.002146993,0.0024955624,0.002422949,0.002102278,0.0028448945,0.003478323,0.0025870593,0.0029981227,0.003128653,0.003891946,0.0015581198,0.0030276969,0.0030844004,0.0013952818,0.0017061911,0.0017706424,0.0024688393,0.002814235,0.0017669434,0.0022041698,0.0013334705,0.0014778073,0.0026810449,0.002188801,0.0023522333,0.0024077494,0.0031230042,0.12887447
KRT1,0.014052059,0.018202836,0.014432396,0.015336379,0.015720192,0.015928913,0.025021737,0.03453616,0.006563802,0.08195336,0.01825203,0.02503853,0.008293316,0.3103028,0.015256831,0.19411781,0.025688315,0.10184955,0.015000741,0.015558117,0.022236947,0.013672781,0.008434018,0.016103715,0.034403905,0.013559384,0.014652754,0.013797366,0.015768757,0.011614304
CBX5,0.020270603,0.047602993,0.05003632,0.060214818,0.040123634,0.031375613,0.057674125,0.08026136,0.073039055,0.06998278,0.067437425,0.07485815,0.05095454,0.059930615,0.04836658,0.022724664,0.038925108,0.05168744,0.054383054,0.053625505,0.069558546,0.038146254,0.022429356,0.022679709,0.0704294,0.038566265,0.035926875,0.058125608,0.05411922,0.041941475
NFE2,0.024230469,0.01709182,0.018027497,0.019930866,0.07719862,0.027534239,0.020417955,0.03009968,0.0071213488,0.023251617,0.020624533,0.03181697,0.009243417,0.024301726,0.018354574,0.025918776,0.102298014,0.013268475,0.017356554,0.018107917,0.013321336,0.014119606,0.009684218,0.10972793,0.01815721,0.017149843,0.03015989,0.016600052,0.018885413,0.013735108
ZNF385A,0.09128582,0.045011256,0.04208258,0.05420864,0.17337339,0.12607574,0.05498579,0.06983881,0.02838072,0.06102593,0.06302611,0.0659673,0.021679403,0.055896323,0.047367897,0.031622097,0.035910074,0.04206773,0.047788393,0.046130195,0.028242469,0.037100174,0.02258149,0.040945455,0.056399036,0.07968244,0.12834376,0.04384272,0.050030142,0.042259723
AC122685.1,0.00087962317,0.001039051,0.0010919028,0.0011822272,0.0013411928,0.0048578223,0.0013743596,0.0016842341,0.00071147806,0.013561092,0.0014784225,0.0018325654,0.0005041873,0.007183547,0.001206388,0.0006365446,0.0007015352,0.0007346077,0.0011187687,0.0010856872,0.0005630458,0.00096628844,0.00061355456,0.00071790774,0.0013814728,0.0008918484,0.0009178527,0.0009774477,0.0011891824,0.00088170584
CD63,0.05646997,0.07466868,0.069050714,0.09502604,0.102613606,0.07981381,0.10877147,0.13968717,0.031291004,0.1251979,0.11316467,0.13264318,0.074069805,0.099644996,0.093950465,0.05026518,0.04188342,0.09700546,0.09935824,0.12896706,0.070121035,0.11862295,0.035392992,0.08507749,0.12096163,0.06345622,0.090250246,0.083039254,0.09090769,0.047860444
IL23A,0.007268151,0.017145306,0.029059514,0.01946538,0.019774824,0.009689343,0.013858395,0.0442135,0.0076356465,0.04801754,0.04585125,0.044090264,0.005205924,0.03260936,0.013846936,0.010771175,0.008127361,0.06547672,0.036837026,0.011912645,0.007952506,0.01761033,0.0061064865,0.0070533007,0.0468148,0.009190353,0.0095880125,0.06662789,0.026896669,0.00858763
TIMELESS,0.011041686,0.036887478,0.050071463,0.05626457,0.021576958,0.0229783,0.026878085,0.028338779,0.1247896,0.026118143,0.028039971,0.02814256,0.04138722,0.03239352,0.026105583,0.009547263,0.029804483,0.010664095,0.024733236,0.031914737,0.1399732,0.041504584,0.022500629,0.010329489,0.024846522,0.014104353,0.023435079,0.018677346,0.02176707,0.019213343
LRP1,0.030592626,0.03238266,0.030704107,0.033164643,0.18274833,0.0800733,0.047426715,0.05706053,0.01826183,0.04887549,0.047448337,0.05551814,0.015764697,0.047823656,0.041738704,0.027852004,0.024425432,0.029758377,0.03621765,0.03531163,0.018216625,0.03217542,0.016536271,0.028100213,0.049105667,0.0319502,0.060862906,0.04429924,0.035424802,0.02312199
AC084033.3,0.061448444,0.056922693,0.039115563,0.063556865,0.037725843,0.031680137,0.06944931,0.05937791,0.09186171,0.05440983,0.04689655,0.09118071,0.0379391,0.057453677,0.045508645,0.02833114,0.43182364,0.020759683,0.048146773,0.05416627,0.06489202,0.050391667,0.03726244,0.018635746,0.04807126,0.045643285,0.096372224,0.052591447,0.04598224,0.040671844
AVPR1A,0.00090410415,0.0013349279,0.0012099338,0.0013376863,0.0016341552,0.001148005,0.0014903286,0.0019756863,0.00065950834,0.0017744044,0.0019557155,0.002019365,0.00070131884,0.0014890274,0.0013232331,0.0009445411,0.00079943804,0.0009572727,0.0014037823,0.0012928975,0.0008939599,0.0011623168,0.00068700255,0.038940266,0.0015061612,0.001244161,0.0011389708,0.0011458695,0.0012290702,0.0013610901
GNS,0.029477904,0.03676504,0.03557159,0.040806353,0.1239628,0.10705649,0.054476056,0.06381811,0.017728945,0.06134592,0.057966292,0.063430466,0.020321619,0.054022163,0.046740685,0.026052043,0.030893894,0.03948832,0.04455077,0.060834665,0.027945055,0.0366533,0.026113594,0.02688983,0.053784136,0.034457866,0.05613071,0.04022718,0.039352436,0.048034575
MSRB3,0.008428777,0.005489513,0.004847909,0.005277819,0.010468183,0.004615633,0.006178661,0.00821078,0.0032994305,0.008024277,0.0063892123,0.007829978,0.0037632168,0.0063375756,0.00543045,0.0034940045,0.11744698,0.018515293,0.0057619135,0.006637195,0.0032264006,0.029159259,0.0028755055,0.039271533,0.0058899876,0.0047028805,0.018827312,0.0045024343,0.00617789,0.054789566
IRAK3,0.028714683,0.033162016,0.03266479,0.04027124,0.14303638,0.10495745,0.04454736,0.05502515,0.019924745,0.050395694,0.046921797,0.062376067,0.02074957,0.043840826,0.039026372,0.02400461,0.038266145,0.023306895,0.041539002,0.044455912,0.023747668,0.046012912,0.022885669,0.032551344,0.04490091,0.035477158,0.058479574,0.033173773,0.036141433,0.02504166
GRIP1,0.017078396,0.008532178,0.008954637,0.008636376,0.012359959,0.008523641,0.021405615,0.021484584,0.015266115,0.019322341,0.023426453,0.024407297,0.004205247,0.026621489,0.014517377,0.0053585055,0.021991666,0.007408647,0.037662968,0.0125634745,0.004709724,0.011487328,0.0045465142,0.006583666,0.011618208,0.019449899,0.13389333,0.009526955,0.017624376,0.011742398
IFNG,0.008452265,0.0099537,0.010075498,0.011083209,0.010831198,0.008811259,0.09370961,0.016005974,0.034715235,0.025357388,0.029511655,0.015443235,0.018211778,0.013027571,0.041518558,0.0061203265,0.006876083,0.006117291,0.013460826,0.042561363,0.016696703,0.007739391,0.0056928536,0.008374181,0.012743497,0.011329457,0.00886754,0.010483683,0.023783512,0.007036368
IL26,0.00045267429,0.0005264253,0.00054746674,0.00055154535,0.0005645488,0.00044993174,0.00066895946,0.0008560458,0.028083231,0.0007491328,0.0008009616,0.0008381853,0.00028926652,0.000648572,0.00060343865,0.00029536444,0.00038437045,0.0005153935,0.03083294,0.0006366497,0.00032537014,0.00046195186,0.014783576,0.0003411213,0.0006775285,0.000470345,0.0005302842,0.0005510848,0.0005682366,0.00041212788
LYZ,0.084136836,0.029291157,0.032443814,0.033704236,0.1511544,0.048139773,0.038205106,0.056910884,0.024445448,0.048351314,0.044903997,0.064721316,0.019985283,0.052306063,0.0368625,0.03412775,0.032705486,0.019679176,0.04544492,0.02800647,0.017696826,0.036684908,0.024267672,0.0304479,0.061165035,0.09836115,0.0978782,0.038827173,0.030267803,0.025963824
AC020656.1,0.05503887,0.02890985,0.027922956,0.02712441,0.13213934,0.03665749,0.036961354,0.04420522,0.014116263,0.040009484,0.036002673,0.04622114,0.012824109,0.038993716,0.033559207,0.01798395,0.017466102,0.021605317,0.029934267,0.031573925,0.016205778,0.024730602,0.015246256,0.02352875,0.037359517,0.07406725,0.11042952,0.026985463,0.028576428,0.022567254
SYT1,0.0034037058,0.023508776,0.029244384,0.01591105,0.011257754,0.008183506,0.0054367664,0.0062323906,0.0023914408,0.006479844,0.005453947,0.006733695,0.0025257617,0.0054618297,0.0048476364,0.0029260328,0.03758695,0.0033844835,0.0049587656,0.004916016,0.002640199,0.004003971,0.012315699,0.002637146,0.0056148903,0.003971572,0.0037706515,0.004473814,0.004836915,0.003406911
LINC02426,0.0008758305,0.0011712613,0.0010650012,0.001249226,0.009204658,0.0011455935,0.0014026307,0.0018216479,0.0006466818,0.0015003389,0.0015306514,0.001950144,0.00066189695,0.0016095475,0.0012167401,0.00089005113,0.00079491327,0.0007839046,0.0012355676,0.0013726638,0.0007375362,0.0010781894,0.00072507304,0.000736683,0.001454576,0.0012907393,0.0010755183,0.0013364189,0.0013153526,0.0009014671
KITLG,0.00054787437,0.0005871355,0.0006030248,0.0006216458,0.0023340466,0.00055793487,0.0007201987,0.0010606135,0.0004201678,0.0008492934,0.00078803697,0.00094884925,0.00038973373,0.0007768467,0.00069411274,0.0004926735,0.0005213751,0.0005399498,0.0007163808,0.0006451658,0.00039529614,0.00048147893,0.00035274468,0.01177833,0.00084917975,0.0006043074,0.00054613425,0.00060807646,0.00063314545,0.0004463612
LINC02458,0.00043715988,0.00048295895,0.00045139928,0.0005143034,0.0005212954,0.0066416576,0.00061080896,0.0007503217,0.00033340981,0.0006431562,0.0006821775,0.014576698,0.00030403954,0.00060503295,0.00047845225,0.00033943466,0.0003278904,0.00037465664,0.00055329455,0.00044372593,0.00026132638,0.000406473,0.0002503449,0.0003029678,0.0006885603,0.00045107485,0.00043116292,0.00046587546,0.00043545518,0.00041588754
DUSP6,0.04077048,0.038021896,0.047114003,0.04512699,0.16516271,0.17697375,0.059412595,0.06389748,0.027495762,0.06341856,0.059911292,0.061974093,0.020345567,0.04413256,0.04145635,0.032769065,0.040077634,0.04322551,0.05283299,0.052137442,0.032587472,0.04317281,0.02235572,0.035759427,0.0568915,0.033827223,0.038073894,0.0513905,0.040810775,0.031143498
ATP2B1,0.07653717,0.09004208,0.11303304,0.10057937,0.10427139,0.07712177,0.113303356,0.13592128,0.051379304,0.11135805,0.11016939,0.12477805,0.04441963,0.09565982,0.09026951,0.05203144,0.052707687,0.0827787,0.1019232,0.08659889,0.04427895,0.077126384,0.029991621,0.062040996,0.12108068,0.05435027,0.079548486,0.08998809,0.09070776,0.057568826
ATP2B1-AS1,0.036647864,0.055379048,0.056014616,0.068756275,0.17469414,0.07780453,0.07030409,0.07872856,0.024982776,0.07717019,0.07114955,0.08086613,0.027112713,0.06166884,0.057392687,0.03666056,0.03257068,0.045965433,0.06247024,0.061624654,0.028984042,0.05726692,0.028563516,0.043447837,0.06896668,0.03742163,0.052704755,0.05333082,0.057207797,0.031212715
LINC02397,0.010885759,0.07775689,0.07281271,0.15210661,0.012207023,0.010614699,0.013576377,0.018080752,0.006054132,0.015851924,0.014603495,0.019366145,0.005387505,0.017264683,0.013159677,0.0065693036,0.0078763915,0.008456068,0.01267854,0.012723398,0.006699185,0.010088478,0.010856133,0.006902584,0.015761489,0.011066876,0.010487346,0.012143055,0.010640062,0.023204967
PLXNC1,0.09582602,0.05131166,0.04589103,0.040227246,0.10624174,0.10742284,0.061498966,0.05945572,0.025391119,0.057119746,0.052943952,0.058630962,0.027975215,0.047015604,0.04896796,0.030625612,0.04127809,0.031211795,0.051406115,0.04012946,0.02553467,0.04144533,0.01750951,0.03133913,0.046766695,0.040736232,0.06010515,0.03598695,0.038705256,0.032028627
LTA4H,0.07128382,0.08187518,0.083301425,0.11358818,0.14852628,0.12234455,0.10015921,0.13395074,0.020640353,0.105652094,0.10052013,0.1339872,0.05186268,0.10719713,0.086519346,0.049720492,0.0531064,0.066513985,0.10272041,0.08879938,0.043053437,0.086888954,0.026906388,0.050640747,0.09288409,0.04910366,0.06125185,0.091108896,0.08943058,0.053932227
TMPO,0.024560457,0.061925367,0.0658032,0.08242738,0.08981582,0.08265035,0.0978958,0.13027279,0.12282235,0.094477355,0.10178864,0.11225864,0.060386356,0.08438745,0.08466568,0.046426337,0.039095577,0.07236427,0.087614596,0.088167846,0.10251674,0.06938411,0.033234607,0.053870115,0.12079078,0.04429156,0.04990791,0.07683774,0.07707735,0.03495065
SPIC,0.00084598607,0.0011466333,0.0010607449,0.0012409607,0.0014958488,0.02858127,0.0013080768,0.002696573,0.000704344,0.0016721672,0.0015320362,0.001776906,0.0006710616,0.0013387534,0.0011354687,0.00063242426,0.00076250406,0.0011186813,0.0011732123,0.0012482877,0.0007791427,0.0010860746,0.00067863934,0.00081702997,0.001517699,0.0008798506,0.0009872902,0.0012837903,0.0011606382,0.0010581067
DRAM1,0.037531324,0.036119346,0.04730897,0.040355105,0.16873893,0.111070804,0.03935659,0.0513721,0.019879755,0.048255242,0.04179223,0.05759609,0.016739076,0.049776603,0.03901309,0.022023557,0.056982137,0.02862022,0.04421245,0.039507557,0.026968367,0.03341945,0.025205415,0.04065549,0.040695142,0.035355046,0.048015207,0.033529654,0.04281311,0.024296911
PARPBP,0.011090617,0.019463666,0.023782277,0.023304114,0.0211477,0.01853221,0.036126282,0.03407646,0.16404812,0.030938037,0.031251274,0.035327323,0.041584875,0.024899822,0.01660527,0.007606005,0.025828911,0.008732643,0.017662395,0.025208758,0.11217446,0.023532026,0.04312754,0.0155799985,0.043581296,0.011916795,0.01865116,0.04787049,0.019383766,0.022418007
PMCH,0.00086631335,0.0009332594,0.0009728658,0.0011425682,0.0011398541,0.0008993205,0.0013614348,0.0019186573,0.00069528975,0.0014182113,0.0013061514,0.0017677398,0.0005728766,0.0013015284,0.0026644103,0.00093126344,0.00081169844,0.00077902374,0.001147702,0.0011346422,0.002951707,0.000977627,0.0005835753,0.0006510086,0.010866355,0.001008983,0.0009857428,0.0026743764,0.001066613,0.0008394428
IGF1,0.0029832504,0.0026212968,0.0027061866,0.0029214332,0.0037054874,0.002964438,0.0036765975,0.00456434,0.0015253549,0.0042261565,0.003911591,0.0070075095,0.0017220565,0.0032773279,0.0031568345,0.0021673148,0.0071536237,0.0050017675,0.003127568,0.0029952822,0.002024458,0.0027747618,0.07435456,0.0018133697,0.0034180118,0.0027410819,0.0033851613,0.0027227632,0.010366802,0.0025997062
HSP90B1,0.065939344,0.061014593,0.054126795,0.07448518,0.069077104,0.05076714,0.08093797,0.1009091,0.035911284,0.0888714,0.0846119,0.10580763,0.042178653,0.06995862,0.079749025,0.06790468,0.030126404,0.06878324,0.075731054,0.088575415,0.030930972,0.05567055,0.17535926,0.07368754,0.0967168,0.03578107,0.054306,0.070962444,0.08181748,0.10129122
C12orf45,0.12063048,0.049508154,0.04491367,0.05750314,0.05397862,0.045951825,0.05260618,0.08420984,0.023427483,0.07414386,0.059010446,0.093723536,0.027333217,0.06043721,0.050032277,0.025306907,0.037211936,0.03434548,0.05761688,0.045849796,0.026392514,0.04107207,0.0268748,0.024436774,0.06617416,0.06421299,0.07359449,0.052869175,0.042824704,0.11945191
ALDH1L2,0.026962219,0.0015862755,0.0033359665,0.0020652371,0.0029535491,0.0014516315,0.0020760687,0.007548916,0.0012232058,0.0027417499,0.0022671698,0.0027240443,0.00095892075,0.0021383122,0.0019174585,0.0015109561,0.0014362291,0.0013320633,0.0020360472,0.0017563113,0.0010911168,0.0015926955,0.060285576,0.0010802201,0.0033379933,0.0017584416,0.011113361,0.013176875,0.0016265286,0.0015106105
C12orf75,0.13643727,0.04543151,0.0509358,0.048560213,0.044299558,0.037392523,0.09101695,0.07146892,0.058204394,0.06791092,0.07334524,0.07012398,0.05994326,0.06107315,0.08308877,0.031933833,0.02901408,0.04889786,0.06729042,0.09123969,0.06148685,0.058410645,0.028966097,0.05808755,0.06028142,0.027946377,0.028861996,0.047083545,0.0696437,0.1433537
CKAP4,0.021947036,0.045393355,0.04433877,0.032425992,0.12365399,0.04562863,0.030069616,0.06127923,0.016686408,0.050268207,0.041867513,0.05516867,0.019712092,0.039773837,0.03552081,0.028293377,0.021795627,0.025755791,0.036662377,0.029647626,0.017011505,0.021771923,0.064511426,0.025724696,0.04011096,0.022527525,0.028860744,0.042292602,0.02736002,0.022561891
AC079385.2,0.00048027348,0.0005419073,0.0005712401,0.0006002324,0.00059312664,0.00053328014,0.0007136969,0.00095711194,0.00041094262,0.00078055076,0.0007532545,0.0009660168,0.00026465335,0.00068487955,0.002960343,0.00044405548,0.00041180433,0.00044735754,0.0006884457,0.0006149465,0.00034791825,0.0004905107,0.0041520405,0.00035886883,0.00081788626,0.00044977403,0.0005772241,0.00061505294,0.00059712643,0.00043307265
CUX2,0.013961183,0.0064898133,0.002726729,0.0030154584,0.0030126383,0.0025632856,0.003432363,0.005028271,0.0015620603,0.0039528585,0.0036323816,0.0061128763,0.0020283305,0.0038220887,0.0030610706,0.0015541445,0.0029444192,0.0020858096,0.0033884805,0.0026993193,0.0019014148,0.002598352,0.0015512938,0.0017892821,0.003623434,0.0022428161,0.0024126498,0.0029413826,0.004239704,0.1521933
ALDH2,0.13976355,0.033362772,0.027928147,0.03488594,0.116277516,0.04255945,0.04100621,0.04497548,0.01449669,0.041203212,0.036928423,0.048058912,0.019706465,0.0431484,0.034198295,0.018997235,0.02561883,0.026709674,0.03329352,0.03125543,0.017610785,0.027718471,0.014465378,0.028279092,0.037758194,0.08821982,0.12691379,0.026288554,0.02979457,0.05275091
RPH3A,0.009173581,0.021166291,0.015660888,0.014037626,0.12731706,0.04514935,0.0170507,0.022944575,0.009064,0.019332021,0.019269597,0.022201698,0.008825441,0.018576656,0.0146858115,0.01810136,0.010526106,0.012428224,0.016009789,0.017031336,0.007529093,0.011112246,0.007859423,0.015506522,0.019066995,0.01249544,0.017283542,0.012182858,0.015624374,0.0097725345
OAS1,0.07165301,0.071507394,0.057644967,0.052266456,0.09943115,0.17564021,0.06938691,0.0730752,0.033316154,0.08142479,0.06364986,0.080825895,0.024694188,0.067476936,0.06322174,0.029258195,0.029849548,0.032376263,0.053513248,0.06347666,0.03353368,0.053633824,0.04402335,0.03571824,0.06199781,0.030518735,0.058070607,0.037992954,0.05853823,0.085177444
OAS3,0.018828899,0.032197982,0.03636438,0.036256067,0.078297615,0.08138001,0.043606292,0.048941154,0.040506884,0.0594884,0.0525277,0.062145054,0.030931737,0.05089448,0.042099692,0.020851552,0.024490336,0.03521451,0.04373224,0.03747843,0.032689612,0.04228491,0.017251339,0.020375585,0.039325833,0.034981553,0.061756164,0.04362798,0.0362287,0.024534734
HRK,0.0034371086,0.02392147,0.04773339,0.05140527,0.0063606137,0.0035390912,0.0050354744,0.006762108,0.0017079331,0.005276129,0.005011407,0.007194858,0.0021104356,0.0048404485,0.00414472,0.003218657,0.005025187,0.0033438378,0.0046935813,0.004073872,0.0023315176,0.0032601815,0.01898482,0.0026777731,0.0048046517,0.0035078307,0.0032747546,0.0043466827,0.0038324355,0.0028674235
TESC,0.044847686,0.047246743,0.058112778,0.04552777,0.10262905,0.16129741,0.08665091,0.063459374,0.049893685,0.065502174,0.0648083,0.07854118,0.060535125,0.055223014,0.06504316,0.043432385,0.031926785,0.027492095,0.04393869,0.07398833,0.0599195,0.055074394,0.027145762,0.031425513,0.052059256,0.031963453,0.04786738,0.03980183,0.05546363,0.035928894
PEBP1,0.027834112,0.049112454,0.044077255,0.05667798,0.054773808,0.04502607,0.0737491,0.08038056,0.021723745,0.07599911,0.07930871,0.08345189,0.017337216,0.063320436,0.061458386,0.042603903,0.040016904,0.044647656,0.06733825,0.056555368,0.026370618,0.051590547,0.03540946,0.05260913,0.08395244,0.027418345,0.04013971,0.05784548,0.056716677,0.034311008
CIT,0.0075989133,0.0083151115,0.012500712,0.016203936,0.0093046585,0.012755319,0.044543736,0.023224207,0.37832806,0.013568248,0.011430829,0.017152682,0.1528484,0.011415457,0.017694604,0.0073540704,0.015275491,0.007612339,0.012193576,0.021731649,0.15195335,0.007499973,0.016435463,0.00535868,0.0136795575,0.006878656,0.0069607575,0.008970865,0.019141812,0.006430415
MLEC,0.03892998,0.043595396,0.040026553,0.042222768,0.045330383,0.039763436,0.063208885,0.07632255,0.034392335,0.073303886,0.062154137,0.065880336,0.032252435,0.052476272,0.0525722,0.022495415,0.0516741,0.050217297,0.06413086,0.060972415,0.03705711,0.052490123,0.057225827,0.03408341,0.058991548,0.04700676,0.07202835,0.040508438,0.044683702,0.07091719
OASL,0.021408722,0.017043604,0.021237027,0.020712184,0.058979057,0.054945845,0.050341595,0.027938724,0.018850137,0.03421227,0.026653184,0.031500038,0.028836645,0.028046168,0.04492053,0.010132814,0.011525876,0.013358424,0.02260984,0.035591517,0.025983226,0.027588082,0.009730483,0.0134706125,0.022291772,0.01664653,0.030608244,0.0214293,0.03344118,0.014345879
BCL7A,0.09183298,0.0590667,0.034652356,0.13218825,0.018537622,0.017511155,0.022445286,0.03407748,0.008614819,0.030417265,0.026571704,0.041563444,0.013013973,0.020915298,0.022204993,0.01502976,0.035574682,0.013306497,0.02067712,0.01951525,0.01055479,0.017007478,0.0158316,0.012287477,0.02426448,0.022320665,0.043018304,0.026738405,0.019179244,0.100445345
HCAR3,0.006717159,0.006982574,0.008028078,0.008529378,0.041212887,0.053990953,0.010685926,0.014154163,0.005513637,0.011240225,0.010368265,0.012254512,0.0036869117,0.010230498,0.010389561,0.009253633,0.0048242416,0.0066034445,0.009382412,0.010780351,0.0046377494,0.008054964,0.004141547,0.0069030505,0.010169431,0.0075609544,0.013420689,0.008309529,0.008399918,0.006142814
ABCB9,0.029238313,0.01156718,0.015482181,0.008282929,0.010631938,0.011254264,0.018505482,0.024827665,0.02295176,0.021998756,0.017696274,0.0214979,0.016091805,0.010940747,0.0095528085,0.0061853495,0.023094265,0.006263609,0.008266588,0.008932418,0.009946973,0.0060943994,0.09756538,0.008172275,0.01204252,0.006301586,0.011737465,0.009579847,0.008076284,0.005447842
RILPL2,0.041984044,0.051617753,0.05625779,0.061743096,0.1043995,0.073275335,0.088914864,0.10077968,0.023188522,0.086909994,0.07771747,0.086230345,0.027091222,0.07974913,0.065799765,0.0389404,0.035800237,0.044380084,0.06298365,0.06617084,0.027940808,0.05097413,0.025730321,0.050905123,0.08084987,0.044787396,0.09721064,0.056575663,0.061931796,0.04669008
AC068790.8,0.00046018188,0.0006352791,0.0006329209,0.0006678135,0.00323584,0.00056232244,0.0008174858,0.001018479,0.00040282137,0.0009229488,0.029222881,0.000921972,0.00040024024,0.0007805121,0.0096753435,0.00056899624,0.006772903,0.0006271432,0.0006860679,0.007658727,0.000424697,0.00054711517,0.0003630038,0.0004087404,0.0008790652,0.00067442167,0.0006222862,0.0007121845,0.0006844793,0.00046181135
TMEM132B,0.0009308802,0.0011074059,0.0009238054,0.0010221762,0.0011197459,0.0008822181,0.001260455,0.0015037277,0.00057416677,0.0014694718,0.0012601424,0.001484816,0.0005207649,0.0012506939,0.0011363887,0.00064735254,0.00063056947,0.0008297021,0.011580368,0.0011308899,0.00068376836,0.0009930093,0.0005924812,0.0006916606,0.001378968,0.00092910655,0.00097271294,0.0009772128,0.0010788467,0.011074369
SLC15A4,0.07648138,0.046799935,0.046241958,0.045294598,0.059452053,0.050021805,0.053275526,0.055389334,0.01977776,0.047155652,0.047783732,0.048814576,0.029507522,0.03567422,0.051917713,0.02467249,0.026121063,0.02692181,0.05474355,0.08204656,0.04058531,0.041553795,0.018110598,0.018685305,0.045241367,0.027940964,0.03740195,0.044541724,0.05618705,0.17704181
RIMBP2,0.00070575846,0.0061408984,0.0008008317,0.015821466,0.00089648,0.0008066154,0.0009889142,0.0015052878,0.00059315143,0.0012117703,0.002704396,0.0014994208,0.00046928777,0.0009610817,0.00095083064,0.00063868414,0.009337923,0.00068751664,0.0010083719,0.0009200487,0.00058099965,0.0007617877,0.0004948135,0.0005938731,0.0011879725,0.0007693838,0.0007607364,0.00088801194,0.00078726705,0.00066862104
RAN,0.043524746,0.06052958,0.06673757,0.076462045,0.06735536,0.05041491,0.09762212,0.10821906,0.104098715,0.10191135,0.10104614,0.0957676,0.056856345,0.091943055,0.08757985,0.05879149,0.04549416,0.062011637,0.085117266,0.0824256,0.07864338,0.061222553,0.04078614,0.06852156,0.10938268,0.06822969,0.0797218,0.060154833,0.07697981,0.041121915
SKA3,0.008508366,0.0054808077,0.015656754,0.0061934334,0.012403774,0.0064272103,0.006650564,0.00936575,0.13150865,0.009195662,0.0075987247,0.00925618,0.010208152,0.007621756,0.0081651425,0.009279019,0.03433087,0.004151427,0.006622163,0.009812787,0.09401405,0.0053240713,0.032237943,0.004333,0.008075348,0.00708823,0.08482622,0.0058793584,0.005427766,0.013198498
TNFRSF19,0.0008593606,0.0009988003,0.0009492476,0.0011002289,0.0011568231,0.00090668636,0.0012342939,0.0017256553,0.00370933,0.0015749565,0.0011985406,0.0015279383,0.00047877798,0.0013533776,0.0011277485,0.0007830601,0.0008062607,0.0715321,0.0012756089,0.0010683461,0.000627773,0.0009390173,0.0005763466,0.00063144043,0.0013774293,0.00090189406,0.0008860276,0.001218213,0.00093057385,0.0008836366
C1QTNF9,0.0004972863,0.0006140175,0.0005952201,0.008122747,0.0006132514,0.0005300176,0.021612635,0.00094567257,0.00034909803,0.0008423941,0.007480943,0.00566141,0.00032402852,0.00070581026,0.0005629605,0.00045174625,0.0003976265,0.00043343246,0.0006398055,0.0006110526,0.00038749742,0.00056635385,0.0003091542,0.00036882126,0.00070679846,0.00053188414,0.00053650694,0.0005596572,0.00061046524,0.00049604976
FLT3,0.13518432,0.01417285,0.017283855,0.022257771,0.040550254,0.022298118,0.015830865,0.021043709,0.007580935,0.01888283,0.01983751,0.023451528,0.0061434256,0.015083957,0.014039946,0.009595391,0.07769937,0.008985508,0.015253399,0.013126404,0.0077568935,0.01200543,0.0068887365,0.014952999,0.017000789,0.29624215,0.16151741,0.013939478,0.012781355,0.11505313
HMGB1,0.023370534,0.05431493,0.046144627,0.061329897,0.045842186,0.051084988,0.064561225,0.10231021,0.10223944,0.06619549,0.06242464,0.08681203,0.07510548,0.07144085,0.06165535,0.11108641,0.053062137,0.04570695,0.06335634,0.05736642,0.09852209,0.057611115,0.049716905,0.07752957,0.06327433,0.02605288,0.038958177,0.048347574,0.056046247,0.031124847
ALOX5AP,0.15602876,0.09845577,0.08125146,0.09837495,0.09441298,0.063302524,0.13445833,0.13309216,0.0344926,0.13700527,0.1508062,0.12731558,0.04556755,0.11411822,0.10452372,0.05521638,0.052388385,0.06728537,0.16653134,0.18735196,0.06677601,0.062130317,0.03651949,0.04968415,0.093357705,0.07025746,0.05491425,0.07711169,0.10820849,0.27617303
LINC00545,0.0007949183,0.00090497086,0.001020892,0.0010101683,0.0010109361,0.007907872,0.0012448796,0.0015249479,0.0005726899,0.008743947,0.0014100359,0.0014763072,0.00057546445,0.0717722,0.0010064924,0.000515462,0.0007317837,0.00079012953,0.011812671,0.0010099739,0.00072631816,0.0010971185,0.00055109663,0.00065945345,0.0011973247,0.0009534606,0.0008240537,0.0009155549,0.0033406753,0.0022323546
BRCA2,0.06516132,0.048860446,0.053219683,0.03827672,0.036084555,0.029390816,0.042590994,0.03606427,0.12785141,0.035789236,0.033160724,0.03960679,0.07829338,0.027357059,0.03380182,0.014199128,0.0282032,0.025693417,0.033080623,0.031842027,0.14334203,0.037009187,0.029222883,0.013120614,0.03560251,0.037915938,0.04279992,0.028432572,0.028782908,0.08185778
RGCC,0.022675272,0.023294413,0.02765844,0.027568873,0.029185219,0.02118607,0.046088994,0.086719416,0.034167,0.07165617,0.07092394,0.08720163,0.018795125,0.06831274,0.038017135,0.01762805,0.0234171,0.045677997,0.039162673,0.028679395,0.02610652,0.038707707,0.015942352,0.034735374,0.0690758,0.077877134,0.0231682,0.037279557,0.042956356,0.02007628
EPSTI1,0.054565914,0.06950816,0.08197679,0.08311367,0.10534277,0.1191465,0.11240411,0.115096025,0.050529655,0.101261914,0.08780809,0.11310591,0.035476495,0.103937924,0.08776245,0.038380966,0.056820273,0.06606744,0.08383281,0.09740131,0.046783615,0.087430365,0.03589056,0.05370632,0.0833657,0.066129744,0.10356381,0.1067504,0.08246783,0.055358518
TSC22D1,0.020372663,0.023506984,0.025669679,0.030415285,0.03076651,0.022774152,0.034714628,0.043449514,0.01508295,0.04476097,0.03684657,0.048597425,0.015595192,0.03811027,0.033845924,0.020947782,0.089489534,0.023245117,0.03613713,0.032204915,0.021249175,0.035524726,0.011594441,0.21702787,0.032926694,0.022969222,0.02301317,0.034153447,0.03641328,0.025248468
SIAH3,0.00042188333,0.0004446626,0.00048725712,0.0005775023,0.0016306574,0.003607033,0.00062561454,0.009661994,0.0003586032,0.0006799865,0.00060816976,0.004172063,0.00030458864,0.0005855731,0.0017795272,0.00037435454,0.00037345357,0.000350536,0.00046878777,0.00047503284,0.000333757,0.000386068,0.0002562122,0.00029212635,0.0006043444,0.00046609336,0.003871482,0.00047714342,0.00045180548,0.00035456748
CKAP2,0.038280033,0.056247555,0.041785922,0.064579636,0.05372697,0.06260593,0.060522523,0.071403615,0.07918287,0.069483824,0.07015121,0.06538386,0.031737916,0.05443215,0.05295555,0.02269529,0.06644236,0.04902865,0.05642252,0.04065626,0.047898456,0.043343958,0.030345952,0.029232087,0.064252585,0.068295896,0.04931104,0.037158884,0.049251225,0.051031128
DIAPH3,0.009324915,0.0071749757,0.006854327,0.00819381,0.007581036,0.007710795,0.012600454,0.011892031,0.14708607,0.010838312,0.011637511,0.010687294,0.09520951,0.008706416,0.006708053,0.007086964,0.0049757985,0.022886744,0.011446416,0.007592898,0.16766666,0.009442583,0.052673005,0.004716478,0.008566726,0.0065751816,0.0056634247,0.0069524953,0.0072730095,0.01008901
PCDH9,0.008642619,0.052981146,0.01960428,0.17623445,0.014242015,0.011137102,0.017834648,0.020194389,0.007091402,0.01617659,0.014468791,0.020419784,0.0085451035,0.015863927,0.013272939,0.0072714225,0.12281257,0.036486674,0.01597987,0.01578537,0.008344484,0.015118511,0.007519041,0.01181132,0.01681038,0.01165038,0.011943222,0.0149083845,0.013195767,0.025017312
LMO7-AS1,0.0009412541,0.011129594,0.0024786966,0.0011667062,0.001243054,0.0010130117,0.0016497336,0.012009823,0.0029819284,0.0105152065,0.0057321363,0.004965592,0.0006238692,0.0014013619,0.0011903323,0.0008819876,0.0032688638,0.0010506682,0.0058314516,0.0012012247,0.0007868019,0.0010934172,0.00063305954,0.000748063,0.0014690717,0.0011651401,0.0010377936,0.0011689187,0.0011698249,0.00090763817
KCTD12,0.056218177,0.026300699,0.027455125,0.031582434,0.13430245,0.044861022,0.034021296,0.046145763,0.019381365,0.042850763,0.039134007,0.04716459,0.0145237455,0.034473326,0.029485371,0.02177434,0.021431351,0.020070834,0.033140067,0.027360784,0.017654324,0.022544077,0.016144799,0.025263764,0.034807537,0.052983098,0.09022106,0.030438185,0.025714282,0.033135988
ACOD1,0.0007434939,0.0012123891,0.0009949149,0.0011987239,0.0030408911,0.005107822,0.001262221,0.0016151245,0.00063471537,0.0015028404,0.0013121031,0.0017126893,0.0007008379,0.0013150477,0.001199744,0.00067809026,0.0007474699,0.000851167,0.0011590823,0.001246181,0.0007000744,0.0008556602,0.0005749466,0.0007614459,0.0013980861,0.0010009051,0.019925937,0.0012341038,0.0010539099,0.004520526
EDNRB,0.0007644292,0.0009034732,0.00091129506,0.0010013637,0.0023526978,0.00094754796,0.0013201946,0.0017085627,0.00062549347,0.001352727,0.0011599747,0.0016006557,0.0005416566,0.0012332759,0.001041997,0.00066949223,0.0006739755,0.0005583511,0.0011622926,0.0011128889,0.000613998,0.0010733076,0.0006157341,0.0006343295,0.0013281414,0.0010254934,0.0010187029,0.001057921,0.0010025613,0.0008307881
SLITRK5,0.002190619,0.0027367815,0.002646238,0.0029284854,0.0029319047,0.0026953924,0.0036158352,0.0051109535,0.001620397,0.007518077,0.0056581623,0.0045561823,0.0016319184,0.003055914,0.0050797625,0.0024387531,0.01966282,0.0023501453,0.0064197006,0.004599889,0.0025863787,0.0040245894,0.0016071948,0.0017324635,0.003641889,0.004849097,0.0025691956,0.0028647662,0.0033522814,0.043606736
GPR183,0.33017,0.25443044,0.21190913,0.16353254,0.18821849,0.13761777,0.18609685,0.2735272,0.07325039,0.3472918,0.25755182,0.26799735,0.06927994,0.2524568,0.17086819,0.092908256,0.09766062,0.27456167,0.1750503,0.1575223,0.07747592,0.27357218,0.05485452,0.0983439,0.23151441,0.13492088,0.21288283,0.30279872,0.15097974,0.26238906
CCDC168,0.019037439,0.0037804877,0.0018401932,0.0023317917,0.0039504995,0.0023639037,0.0027118814,0.0043481304,0.0012064232,0.004727645,0.005434555,0.004304646,0.0012116829,0.0072302073,0.003359323,0.0011735882,0.0015644722,0.0019948443,0.0023629998,0.003819063,0.0037453896,0.008806096,0.0034118427,0.0012709795,0.0026383235,0.002163138,0.0028146312,0.0022317185,0.0020405992,0.0055571585
TNFSF13B,0.09784754,0.05216792,0.053333603,0.063990384,0.18721153,0.13456152,0.07024214,0.08868807,0.033969503,0.08762162,0.08639183,0.09267288,0.026972203,0.06239816,0.060470782,0.04042186,0.04767032,0.045456283,0.072470665,0.055598892,0.038699534,0.051408872,0.034093507,0.05817555,0.08749147,0.07489363,0.12492661,0.06681679,0.058068365,0.07110026
IRS2,0.04919101,0.059251215,0.050830483,0.0753627,0.20214687,0.07794881,0.072229445,0.109971784,0.03657658,0.11726868,0.10305146,0.10075876,0.031264283,0.10132525,0.05978281,0.04238079,0.052866895,0.12065785,0.09693663,0.076542474,0.044218525,0.064672634,0.03344513,0.06902787,0.10092783,0.044729844,0.10655072,0.054980848,0.099053524,0.04440424
GAS6,0.25963664,0.017503407,0.017573528,0.022077039,0.031428557,0.02599814,0.018065738,0.032350607,0.012238453,0.030905653,0.021147154,0.035019346,0.008245943,0.026514582,0.038251452,0.011218898,0.012616952,0.015576681,0.018157378,0.021835648,0.009506547,0.013613134,0.019007966,0.01077777,0.020386169,0.026343653,0.083359495,0.025916796,0.016065225,0.32068387
AL355075.4,0.026725266,0.040418595,0.025216723,0.024191217,0.07554535,0.04238635,0.0344268,0.03574455,0.010242366,0.035912074,0.025305005,0.03446348,0.007860969,0.029895598,0.026888734,0.012655826,0.019152917,0.048396822,0.039055336,0.024976656,0.019128466,0.023094207,0.01380902,0.014233434,0.035268363,0.055247165,0.04395227,0.017876957,0.018840987,0.08529726
RNASE6,0.12474399,0.058783695,0.044257827,0.08565417,0.14218445,0.04788911,0.05137161,0.062843986,0.029697452,0.061894543,0.058185026,0.06404849,0.01879527,0.04729931,0.04189771,0.03012604,0.031726193,0.04098122,0.04756574,0.045163445,0.027009143,0.04500518,0.045380168,0.032188553,0.050112713,0.067530125,0.14357373,0.048105218,0.042270083,0.18375912
RNASE1,0.0036662626,0.0058273794,0.0059843743,0.0074839536,0.05127581,0.012469443,0.0073845848,0.011903625,0.004346753,0.007921659,0.00793464,0.013498903,0.0030905134,0.0066040824,0.0061812703,0.004911598,0.0066786585,0.0049310504,0.007333896,0.0062825545,0.0037821755,0.0044762595,0.003573625,0.004237887,0.00846825,0.0053078835,0.021071253,0.006935738,0.005858486,0.0039579635
RNASE2,0.021910021,0.024888411,0.022788305,0.01992522,0.14981069,0.024889693,0.02586354,0.033289272,0.012847299,0.029356863,0.029235136,0.031357706,0.012784362,0.025156414,0.021047551,0.0149318455,0.026771007,0.015634982,0.023797343,0.020163707,0.0134361535,0.018467622,0.011022786,0.01930139,0.027453188,0.014488147,0.091511905,0.019137472,0.02009221,0.017337907
NDRG2,0.03195791,0.018161476,0.01877698,0.020270012,0.033143096,0.01817703,0.03967439,0.047217328,0.015838986,0.043976773,0.039577674,0.049990043,0.0071436446,0.054552212,0.03197504,0.022007907,0.024857646,0.02090365,0.032896347,0.02236058,0.014520253,0.018639639,0.009174997,0.01400532,0.049714338,0.3253209,0.18941383,0.020126622,0.051651143,0.013711952
TRAV1-2,0.0017596156,0.0021080573,0.0020185323,0.0021424124,0.0022610133,0.0020849018,0.0024727553,0.012486805,0.0041567693,0.0035548867,0.00897205,0.01244453,0.02892048,0.004891795,0.002089745,0.0013984046,0.001630608,0.0015635187,0.023608625,0.0021866383,0.0014939304,0.0020583582,0.0013780062,0.0014370979,0.0026002177,0.001530167,0.0017332445,0.0017567613,0.0023271653,0.0018104552
TRAV5,0.0046186307,0.0077324365,0.005020496,0.005791973,0.0056741005,0.0051499996,0.0061344397,0.01820892,0.0029047302,0.0148714585,0.03478395,0.025393311,0.0025650472,0.014361074,0.017562324,0.0041185436,0.0037416974,0.0041767173,0.008286505,0.005625313,0.003189653,0.004805047,0.0025712638,0.003709251,0.022498012,0.0050422335,0.004995579,0.005142682,0.0063707526,0.008854216
TRAV6,0.0047637,0.0049579414,0.005486488,0.0060121105,0.006390895,0.0053575593,0.011719683,0.019588478,0.0033774984,0.031723943,0.026766986,0.023464805,0.017918184,0.015771816,0.0139839575,0.010540801,0.0043325606,0.0060526812,0.010970049,0.0064832456,0.0032628023,0.005177648,0.0035033447,0.0039850166,0.03145169,0.004315489,0.004948977,0.0055415654,0.006449474,0.0042505413
TRAV8-1,0.0009095176,0.00095459796,0.0009051306,0.001068085,0.0010001238,0.0008700874,0.0011669778,0.0121134855,0.0005893523,0.0013475633,0.0011217162,0.006960799,0.00054831675,0.0010649707,0.002153418,0.00058791053,0.00060543854,0.00074708625,0.0009853818,0.00092674606,0.000605157,0.00088913174,0.0004887776,0.00057221804,0.0010899341,0.0007678705,0.0008304389,0.00090632867,0.0009029497,0.0007470752
TRAV14DV4,0.0021555207,0.002742358,0.004481653,0.0031665144,0.0038374648,0.0028428186,0.0042672167,0.02312014,0.0017552429,0.008313935,0.011602102,0.009495548,0.017618192,0.009116194,0.01625739,0.0023700953,0.0021354281,0.0020880841,0.006291832,0.00289053,0.0017454037,0.002657032,0.006997381,0.0017420838,0.0031751173,0.0031180105,0.0026190262,0.012131636,0.0030341777,0.0023659102
TRAV17,0.008312185,0.010786707,0.012055894,0.011706438,0.013022269,0.0140620405,0.12782778,0.054756533,0.0143072335,0.04098856,0.07641022,0.045124803,0.006717917,0.036182325,0.032412928,0.013948275,0.008302438,0.00865263,0.04024634,0.013000069,0.0069583957,0.010647188,0.0065535204,0.0075006494,0.036776993,0.010775795,0.0120931845,0.039096143,0.01695074,0.008733624
TRAV20,0.003191316,0.0040870514,0.0067097405,0.0047491933,0.0050891913,0.0046130726,0.00629895,0.02476205,0.011266374,0.020578323,0.011207093,0.025479257,0.0024778766,0.015811289,0.021660948,0.0035598327,0.0036780336,0.003955246,0.0055482904,0.004894844,0.0026037951,0.004085348,0.0025530453,0.0030697212,0.010223041,0.0037819506,0.0037510828,0.093257606,0.0045862417,0.0030522766
TRAV21,0.0016377658,0.0018243614,0.0018257266,0.0021514168,0.0020596024,0.0016720701,0.0023349447,0.011993464,0.032195814,0.0059979684,0.011362973,0.015910715,0.000949503,0.0024922017,0.005010954,0.0013410051,0.001487388,0.0014008909,0.0046466347,0.002059573,0.0011545642,0.0016275186,0.0009787957,0.0013036994,0.007591497,0.0016621953,0.0015197854,0.0022127223,0.0020505502,0.0014966689
TRAV22,0.0024351482,0.0030512505,0.0032077434,0.0031305247,0.003258121,0.002965639,0.012384854,0.07340438,0.047066275,0.0056677805,0.0043434403,0.03265231,0.0014801258,0.017442629,0.0045075966,0.0020606215,0.0018701644,0.0028009994,0.0036011776,0.0030517215,0.0019077001,0.00297182,0.0014955081,0.0018981062,0.009815198,0.0027422863,0.0029131554,0.0029601387,0.08975359,0.009227047
TRDV1,0.0041924687,0.0047666086,0.0048160064,0.005229547,0.0051744673,0.004304032,0.011441008,0.0076125134,0.0035297591,0.006883507,0.006932458,0.007824052,0.002998627,0.008374366,0.008405352,0.0037280344,0.0036468506,0.0041202204,0.0059078746,0.0049420656,0.0029856467,0.0041415878,0.0023587395,0.003066867,0.006700791,0.004763374,0.004185331,0.0053977426,0.0695821,0.0037568042
TRAV34,0.00093780877,0.0009677204,0.001033038,0.0012381541,0.0011680969,0.0009735351,0.0013000384,0.020049805,0.00044819977,0.008099936,0.0014601592,0.0018994082,0.0005472992,0.0014731955,0.0044112517,0.0008049245,0.0007581344,0.00079857395,0.0011913562,0.0012135433,0.0006631526,0.0009787461,0.0006648539,0.00070911646,0.0014850949,0.0011329892,0.0010212119,0.012370754,0.0012109028,0.00091835094
TRAV38-2DV8,0.0016921533,0.0017231437,0.0018647414,0.0022288894,0.002181818,0.0019613265,0.0068618166,0.007597759,0.0014124828,0.005937031,0.021219458,0.014042585,0.006405794,0.021777788,0.008831748,0.001342874,0.001457165,0.0015187796,0.0025221237,0.0023250636,0.0012460976,0.0020810382,0.0011685455,0.0013241787,0.00592552,0.0018780674,0.0019906408,0.038065657,0.0022702652,0.010080764
TRDC,0.14894085,0.2051444,0.1796201,0.25646886,0.20558494,0.16751266,0.25037873,0.34456974,0.12639622,0.2997876,0.30979353,0.29577175,0.10683954,0.24342252,0.33340538,0.121437885,0.15153469,0.73575366,0.32770848,1.0736467,0.41001815,0.89151263,0.12182109,0.23327719,0.25822002,0.16808042,0.16098967,0.5291028,1.8394462,0.14342916
TRAC,0.11497635,0.13875188,0.127115,0.16175492,0.16247065,0.12857369,0.28395388,0.3219401,0.15021174,0.3232863,0.29552644,0.2778787,0.1513411,0.27107024,0.25613466,0.08764592,0.10748471,0.1431492,0.21440953,0.1857925,0.082217306,0.14761496,0.08873533,0.10693353,0.2890027,0.12743022,0.12783325,0.27586478,0.14303623,0.11151774
SLC7A7,0.018602327,0.02664006,0.026978245,0.029380592,0.08982566,0.09704306,0.034877405,0.04013566,0.012012671,0.034275226,0.03211441,0.041867178,0.014491737,0.02985423,0.023913579,0.01720393,0.01837997,0.017581336,0.02633169,0.024827074,0.012775235,0.022299929,0.010445021,0.021869924,0.027200023,0.019910756,0.025656,0.023632322,0.027358811,0.019312894
CMTM5,0.0052312887,0.0060030897,0.0054853368,0.0066704876,0.0076999576,0.007459419,0.00832818,0.011547828,0.005019671,0.008812923,0.008962681,0.010143048,0.003867196,0.00787722,0.0068511916,0.005426717,0.005264309,0.0047742454,0.0073555624,0.006635978,0.0041271197,0.0054336535,0.003608898,0.12142518,0.008628957,0.0047396165,0.006237276,0.0066917087,0.00672664,0.00664687
PSME2,0.08158834,0.10436228,0.094045036,0.1477721,0.13946587,0.17684357,0.16593592,0.20285569,0.17204434,0.16532776,0.16486396,0.19153662,0.06893064,0.14492655,0.13725069,0.096063815,0.076082945,0.12814787,0.14638114,0.16626053,0.11719509,0.11508715,0.08782161,0.12697539,0.18659951,0.09530462,0.09031104,0.14140314,0.13186686,0.0747446
NFATC4,0.0003496571,0.00044254956,0.00046190343,0.000526089,0.00046450357,0.0004217329,0.0005276708,0.00075061346,0.0002981483,0.0006149897,0.0006120405,0.0007691616,0.00022043241,0.00062076695,0.0005032006,0.0002784625,0.020155452,0.00031741822,0.0005808574,0.00050793245,0.00034114486,0.00046325193,0.00023200382,0.00032588432,0.0006228028,0.012806534,0.00040264314,0.00049540336,0.00047997115,0.00041077562
GZMH,0.06520859,0.09066675,0.09385364,0.09988249,0.092252806,0.094634734,0.5503529,0.15007326,0.05538584,0.13919531,0.13181889,0.16806182,0.2318798,0.12405104,0.3786123,0.0595553,0.05669861,0.06634699,0.10362687,0.35215217,0.15701984,0.10949299,0.042904794,0.0674431,0.11525827,0.08977864,0.07499666,0.08730686,0.2466989,0.06978498
GZMB,0.037166778,0.041889112,0.049959473,0.051923,0.049584527,0.04359343,0.12155533,0.07950726,0.031538863,0.06370729,0.05851949,0.07646683,0.08421905,0.06437283,0.12246482,0.031613253,0.034450002,0.03801102,0.056763995,0.22485992,0.110426426,0.070052214,0.026775379,0.040346052,0.057210624,0.041332982,0.037478425,0.057910018,0.09530748,0.1896133
STXBP6,0.0012238248,0.0015348654,0.0050463565,0.0018195983,0.0025317008,0.0015685625,0.0021148452,0.002701848,0.0010568065,0.0023245607,0.002141577,0.0026205564,0.0009955552,0.0021318793,0.0020882837,0.0011217527,0.049056653,0.0013605835,0.0018987126,0.0075298357,0.0010461371,0.0016360158,0.0008499594,0.002448988,0.002370474,0.0018064015,0.0014934081,0.00175603,0.0016692193,0.03473133
COCH,0.008688347,0.012047623,0.1766603,0.015474551,0.013327855,0.012838917,0.01242926,0.015095583,0.006632309,0.0135888215,0.012352466,0.018261006,0.005432835,0.010479612,0.013020227,0.00722693,0.012740849,0.0076252017,0.010739778,0.011363344,0.009965302,0.009666888,0.030673832,0.0077037336,0.013817228,0.0069050514,0.008010558,0.0070486558,0.012537611,0.007871511
EGLN3,0.0547014,0.015892953,0.008606953,0.011238771,0.0106077995,0.008686579,0.011644822,0.018126959,0.00579338,0.023643492,0.020946277,0.017330226,0.009071631,0.025416179,0.011898103,0.006664051,0.022251159,0.007945256,0.01269396,0.011242455,0.007889375,0.015454688,0.0052738087,0.08277109,0.011565927,0.10711191,0.008897222,0.008252205,0.01296859,0.096398816
NFKBIA,0.049602453,0.06742558,0.053730253,0.074463956,0.20056671,0.112607546,0.101773985,0.120951936,0.036448594,0.10866994,0.09723915,0.12196484,0.025753766,0.07959081,0.07934362,0.07429643,0.05582538,0.094108835,0.09776335,0.08519031,0.045529604,0.07002962,0.043707673,0.084518455,0.11103415,0.06098695,0.07618152,0.0733851,0.07782151,0.040611207
PYGL,0.014861315,0.015939709,0.017818697,0.017580686,0.0905381,0.03750486,0.019783905,0.030055255,0.010420804,0.02502483,0.02263336,0.026457075,0.00961271,0.019050779,0.01853393,0.01326814,0.034537084,0.01759271,0.019053206,0.016851062,0.009345427,0.015702635,0.010670369,0.043350633,0.022337915,0.020920126,0.03250255,0.020285543,0.015566884,0.0139036495
CDKN3,0.0072930953,0.012280055,0.0136797,0.018175554,0.012575635,0.014234098,0.024761269,0.036858097,0.27393126,0.018873075,0.018493531,0.027780017,0.07907442,0.021955045,0.019010682,0.0064734416,0.044341862,0.012345759,0.01867258,0.014470065,0.13642853,0.011781017,0.04953416,0.008700708,0.016186375,0.009106331,0.013792588,0.02072465,0.01054273,0.009643804
LGALS3,0.030633075,0.0575001,0.056506544,0.06462796,0.18070756,0.13081673,0.08108506,0.09701562,0.03533805,0.08600095,0.087975845,0.089052446,0.032007985,0.08003436,0.070116006,0.0598498,0.03790206,0.051649407,0.087314464,0.07525391,0.032877423,0.057958543,0.026640704,0.047724757,0.08145236,0.059148904,0.09304225,0.09321342,0.066443644,0.0410544
DLGAP5,0.004123965,0.004525269,0.004565956,0.0071004974,0.0059131198,0.0056166067,0.008595444,0.0084219305,0.29894224,0.0061656954,0.00644638,0.010571215,0.039086677,0.0049240114,0.0049461345,0.0036385772,0.004979371,0.0032734494,0.0058600316,0.005864729,0.11515827,0.003745485,0.0236516,0.003133262,0.00660847,0.004661512,0.004124714,0.005544116,0.004964458,0.004454653
DAAM1,0.036307212,0.050805826,0.08669495,0.04800232,0.04419399,0.035869908,0.054903608,0.06778812,0.030887743,0.06504724,0.05792865,0.06931249,0.020392325,0.05374215,0.05297061,0.020634832,0.0344523,0.08341963,0.03993752,0.043041706,0.026744792,0.045367785,0.024883775,0.055454884,0.058027375,0.039203074,0.042021025,0.049565006,0.045562748,0.08177345
RTN1,0.023274185,0.011257771,0.013499912,0.013976132,0.052009117,0.03432347,0.014774972,0.017503554,0.008497771,0.016553354,0.018441765,0.021591326,0.0055996934,0.013049001,0.013076943,0.010749092,0.008273546,0.009938851,0.013257505,0.01302899,0.0066764234,0.0103402035,0.0067113135,0.021108389,0.017310228,0.011006415,0.0907405,0.010306644,0.011111981,0.014295094
AL359220.1,0.012764484,0.018339947,0.01577709,0.019102877,0.018851034,0.01747566,0.045706216,0.06622262,0.031261515,0.057794485,0.051566336,0.06714682,0.008939075,0.055013224,0.04769649,0.01996645,0.024018798,0.028895514,0.06346814,0.03826698,0.018894259,0.03439454,0.0102711385,0.013679589,0.07167904,0.011184201,0.0149418395,0.055660408,0.04678725,0.014377931
HIF1A,0.036675524,0.05694314,0.06100367,0.077445574,0.11303072,0.05799254,0.07166117,0.09824708,0.024505025,0.08165891,0.07339431,0.08816784,0.030141879,0.07565106,0.06858715,0.030302558,0.02787205,0.04498252,0.068525195,0.06121299,0.034681536,0.062894575,0.020745864,0.044523604,0.06694644,0.03395655,0.046818737,0.07859558,0.0638279,0.037527412
SYNE2,0.060397763,0.06729451,0.07310475,0.08018549,0.086052045,0.074057676,0.15158965,0.118220836,0.030045483,0.11156099,0.1431862,0.111935586,0.06525906,0.093388684,0.118452094,0.057983696,0.06462904,0.059983507,0.11795194,0.15689328,0.07776239,0.078923106,0.040424157,0.058294073,0.097454816,0.07120921,0.07098322,0.11281326,0.12397485,0.0626303
ZFP36L1,0.07470566,0.08100169,0.07443507,0.09391071,0.13796468,0.07662154,0.10433325,0.14334641,0.022892777,0.106407434,0.09651191,0.122502275,0.02970611,0.101694375,0.09094064,0.06685345,0.05306537,0.06506764,0.09690641,0.090893015,0.0427946,0.061089393,0.043548018,0.07417554,0.11795124,0.054657295,0.0556269,0.1004896,0.08881435,0.06380975
PLEKHD1,0.003992216,0.007940332,0.009433537,0.008136399,0.010480489,0.006191269,0.010347824,0.0134288855,0.025804136,0.008193858,0.011236074,0.0130340895,0.0025046705,0.0073484927,0.008298195,0.003226561,0.0041748527,0.004546943,0.006529238,0.005892344,0.0035203318,0.026250707,0.0032969278,0.0035860646,0.007890662,0.0050489083,0.0047390503,0.005699051,0.005904647,0.15627344
AC004817.3,0.006646286,0.0064962977,0.006363705,0.006943043,0.014149259,0.006556018,0.008161266,0.010313278,0.0041674636,0.01109993,0.017580995,0.011379184,0.0035885004,0.00886425,0.012068822,0.0050473465,0.0042155054,0.0047213305,0.021958452,0.008148402,0.004342545,0.02154113,0.0037751396,0.0039964165,0.008045492,0.027990893,0.06934184,0.0070648924,0.016774543,0.006030147
NPC2,0.037955005,0.045962363,0.04120515,0.050943777,0.08716156,0.10028581,0.06953705,0.082253404,0.013298435,0.061406903,0.062268376,0.07645424,0.022897793,0.06623645,0.051388413,0.03231349,0.02225002,0.0339662,0.060697608,0.053828467,0.025034562,0.044973724,0.017526437,0.044165354,0.05952558,0.04491343,0.04237309,0.05413201,0.05479505,0.1132836
FOS,0.052347112,0.046981685,0.051567893,0.059133053,0.21060608,0.067054145,0.07584202,0.08738047,0.028574012,0.075128,0.08114353,0.08978932,0.024789365,0.068659134,0.055983026,0.05120123,0.033950757,0.08030593,0.066106625,0.0609491,0.029412838,0.07035165,0.03484971,0.05840778,0.07751697,0.07938979,0.0974965,0.05481932,0.04927256,0.036147878
JDP2,0.03332894,0.035572406,0.03518727,0.030039757,0.13257292,0.105162345,0.038186077,0.052475918,0.017187618,0.04007584,0.041261483,0.04752844,0.018998474,0.040878996,0.0310389,0.025696475,0.020620972,0.02597626,0.030289382,0.03163812,0.017475799,0.025274923,0.019842885,0.02128473,0.038957525,0.03252511,0.09549243,0.03487234,0.034827903,0.025161702
CEP128,0.047860466,0.016989812,0.020792821,0.030704245,0.021324685,0.021962853,0.03570287,0.03109802,0.055251617,0.041712444,0.051670287,0.034224376,0.025364894,0.033532914,0.04051139,0.011110028,0.01842223,0.012866466,0.02500334,0.028739113,0.041348487,0.025068445,0.056265883,0.011152193,0.03636014,0.051712275,0.033515766,0.030042341,0.03384535,0.08215048
TSHR,0.001625579,0.0018815262,0.008497856,0.0021480916,0.0026135864,0.0017309298,0.0021990922,0.006122313,0.01846021,0.0027306532,0.0026028052,0.0031076425,0.0012469741,0.002392915,0.0020915628,0.0015956229,0.0013409259,0.0017469638,0.0022115996,0.0035036926,0.0011518601,0.0019120702,0.033774287,0.0012621101,0.002570676,0.00198288,0.0018159648,0.012924473,0.0018571689,0.0014134595
STON2,0.0032512103,0.0042640143,0.0038461378,0.004683823,0.007937897,0.006793163,0.0065349527,0.006765324,0.0026137498,0.0052994494,0.0058970717,0.0072968923,0.0018547166,0.004865173,0.0055452227,0.0026139976,0.028504463,0.0032488096,0.004822491,0.0045736386,0.0024881118,0.0033681316,0.0022346035,0.07259828,0.0053002853,0.0034432453,0.009844461,0.005157419,0.0040087993,0.0035492536
SLC24A4,0.055323,0.021409312,0.021641824,0.025028406,0.108494356,0.10461347,0.027400801,0.038666043,0.010499461,0.03167845,0.029087592,0.04057154,0.010618634,0.031448558,0.025801519,0.018010458,0.016525343,0.018419294,0.022911552,0.0296138,0.012747604,0.02246793,0.012132559,0.019667141,0.033699147,0.109030835,0.030225368,0.024223791,0.031084226,0.023069086
LGMN,0.16680433,0.022107206,0.028507028,0.021301316,0.015811728,0.014224938,0.0160049,0.020820826,0.014164801,0.01937893,0.021282293,0.039276585,0.0065528345,0.017532304,0.01330843,0.00706211,0.010586143,0.009890958,0.01399977,0.013611249,0.0067890557,0.009781597,0.023651052,0.019949866,0.017524287,0.11673306,0.048464797,0.010870176,0.01722498,0.1901667
IFI27L1,0.020570774,0.018656196,0.019258492,0.016894009,0.018389892,0.018835071,0.029883264,0.033676777,0.046915192,0.032604236,0.033826936,0.037066706,0.05725038,0.032987796,0.023503527,0.009970261,0.032565888,0.010973046,0.019527813,0.03862266,0.06213432,0.02098355,0.04535584,0.01605643,0.032183204,0.013864087,0.019250505,0.01947937,0.022214837,0.023401543
IFI27,0.018514426,0.021601083,0.023627035,0.02362448,0.07569783,0.09898624,0.03272163,0.040091448,0.019064961,0.047882102,0.044346824,0.03532927,0.013129579,0.03377036,0.03900834,0.11749141,0.01694106,0.023988448,0.027354961,0.033637505,0.014024158,0.018930431,0.01849418,0.047245324,0.039622996,0.019419642,0.057712607,0.02369946,0.02316953,0.027042277
SERPINA1,0.037726652,0.03777169,0.035043664,0.0405227,0.16665219,0.18752521,0.049582843,0.06960917,0.018498516,0.054210674,0.052493192,0.064611144,0.023341192,0.052067444,0.042354573,0.028597783,0.025752317,0.035621755,0.046728246,0.04450638,0.024101619,0.038303997,0.022825867,0.037739925,0.050937872,0.02468504,0.042772092,0.038989834,0.04040089,0.029367859
AL133467.1,0.0031064053,0.015640661,0.0257732,0.011105871,0.017706158,0.016883932,0.0050494256,0.007943515,0.004680226,0.006271876,0.004840115,0.01139789,0.0022363844,0.00531082,0.0048847394,0.0065891235,0.003065142,0.03931851,0.0040488467,0.003709793,0.0034770726,0.0031125783,0.09281967,0.002422272,0.005230952,0.0036145155,0.00735823,0.0034691694,0.0037622852,0.0031835055
TCL1B,0.0014724657,0.0029193254,0.0022194858,0.030913575,0.0023906555,0.0022672222,0.0024435702,0.0028668044,0.0012350164,0.006250944,0.002270516,0.005651774,0.0009962743,0.0023118665,0.0019736136,0.0010821739,0.0015739456,0.0013601438,0.0021534737,0.0020291994,0.0010110534,0.0016262544,0.00092669966,0.0012263398,0.0023504233,0.0020635175,0.0016749697,0.0020524424,0.0017694498,0.0043199006
TCL1A,0.033044543,0.1183529,0.04726301,0.9039603,0.051252536,0.04472521,0.06749769,0.08132978,0.020880623,0.06553057,0.05739627,0.07559799,0.040742826,0.06510019,0.04942463,0.026995653,0.03973891,0.03930182,0.05983764,0.051848583,0.027581016,0.042979896,0.028750418,0.03821969,0.06853832,0.05028994,0.039867286,0.060343616,0.041945443,0.32371035
AL139020.1,0.0063690213,0.018307459,0.008418272,0.17027311,0.0098160375,0.008703002,0.013601529,0.013855748,0.00514789,0.012656703,0.0114556,0.014543885,0.005422182,0.0104872985,0.01010772,0.0063986056,0.0071685263,0.0060025803,0.009892505,0.010190673,0.005159367,0.008176708,0.005180211,0.005856937,0.012496361,0.009136229,0.010819214,0.009443363,0.008950423,0.00833872
CYP46A1,0.004857967,0.00695834,0.0072511523,0.011118222,0.008515321,0.0071241776,0.029310144,0.021316767,0.0037844912,0.0123897875,0.010348307,0.01550763,0.007806104,0.01547152,0.009320157,0.005257425,0.0055506853,0.005503985,0.014275498,0.008801855,0.0069903485,0.00669518,0.0039165244,0.0053783325,0.008702697,0.008425857,0.0071534486,0.007863645,0.014790587,0.2873988
WARS,0.04762275,0.043809876,0.04256123,0.050611764,0.12215094,0.17734398,0.057834122,0.07344611,0.020590028,0.06623008,0.061010573,0.07311387,0.026093595,0.054105487,0.05082015,0.026608903,0.035383474,0.03147886,0.06140568,0.062441207,0.02942677,0.037831232,0.041890867,0.041812066,0.05629912,0.053474456,0.055018336,0.038216032,0.044172037,0.03933825
DLK1,0.0011999618,0.001662459,0.0015831377,0.0035017321,0.0020681985,0.0016160923,0.0023386527,0.0028301447,0.0010566247,0.0024889447,0.0020394207,0.00301692,0.0010989832,0.0023981617,0.001752049,0.0013566983,0.04229926,0.0014007929,0.0016853062,0.0019243312,0.0010842921,0.0014437472,0.00090719666,0.008615812,0.001955049,0.0017075216,0.0014703898,0.0015630248,0.0017434428,0.0012334941
MEG3,0.0023501017,0.0027497606,0.0030471776,0.0034944543,0.0036358037,0.05100307,0.0041325786,0.0059859324,0.005107253,0.004372082,0.0039107054,0.007585922,0.0020553123,0.0040579676,0.0033786397,0.0025255275,0.052036215,0.0025106934,0.0037203506,0.0033231496,0.003476998,0.0055743144,0.0014240169,0.001960983,0.0042037484,0.0030117182,0.0033001592,0.016613964,0.0030574468,0.0021019913
ANKRD9,0.011552376,0.00747165,0.009768421,0.008641476,0.012701653,0.010779289,0.015915109,0.017319145,0.008430198,0.013066846,0.012299898,0.014842928,0.010130083,0.013695882,0.016338756,0.013921967,0.0061029675,0.008708056,0.013177178,0.02083785,0.023883102,0.007827264,0.0059242854,0.12541267,0.0138442665,0.009526526,0.009178989,0.008391588,0.011958637,0.007256488
TNFAIP2,0.030728921,0.036743645,0.036772005,0.041634995,0.17106582,0.09648575,0.051562283,0.061542753,0.019812062,0.05745299,0.052788477,0.058113843,0.01400203,0.05254704,0.040768057,0.024459744,0.026511172,0.033321902,0.04267057,0.045478344,0.02597561,0.039853342,0.02090557,0.03645209,0.049971323,0.029586462,0.078237854,0.03973822,0.04617801,0.02617729
CKB,0.055191416,0.027463775,0.01894994,0.022816284,0.03462364,0.3017285,0.02804701,0.036046416,0.018877516,0.03402262,0.036884908,0.035611406,0.009919718,0.03053559,0.03218627,0.015366405,0.06405467,0.017127328,0.025958825,0.023812734,0.020737935,0.021933803,0.011319665,0.035097703,0.025420625,0.027757378,0.03201688,0.021305291,0.027131237,0.022667903
PLD4,0.2664937,0.077506565,0.039994255,0.06206249,0.037957873,0.06764674,0.037174407,0.042495344,0.013695836,0.033386473,0.03576868,0.038139466,0.013751603,0.031579316,0.026992992,0.01850337,0.026040144,0.016248526,0.027890874,0.025801675,0.015714552,0.024378434,0.015161837,0.01966819,0.03382541,0.03952114,0.12223259,0.026587572,0.025353374,0.32708427
CRIP1,0.07386488,0.07046302,0.08662229,0.07328548,0.07838992,0.07270525,0.11946705,0.11990345,0.09234738,0.14457506,0.11398131,0.1106829,0.057294156,0.093504645,0.10002939,0.049083572,0.048131898,0.07325439,0.10394681,0.091454476,0.07105122,0.082451254,0.068440594,0.051711056,0.11879886,0.061604887,0.07172244,0.08343739,0.06605543,0.04721549
AL928654.3,0.0003528002,0.00044759252,0.009807044,0.0004743167,0.011683497,0.0004496831,0.00061460154,0.0007640244,0.00026866473,0.00063889555,0.0006138631,0.00073723256,0.00023269263,0.014783047,0.000517775,0.00036470543,0.0002777914,0.06372632,0.00055276457,0.00654662,0.00023603709,0.00047503485,0.00027355648,0.00030459082,0.0006081043,0.000484736,0.0051712506,0.0004602911,0.0004373192,0.00035298005
IGHA2,0.014264011,0.05150128,0.16847935,0.027519383,0.017852295,0.015970735,0.025833303,0.029930796,0.009595846,0.026106937,0.018973308,0.026278254,0.008360609,0.020770965,0.01840275,0.014912042,0.010718462,0.017803593,0.019334145,0.01910381,0.010369471,0.017288387,0.11784543,0.009885749,0.020246945,0.016236303,0.012711801,0.02303211,0.017634487,0.016678123
IGHE,0.0022323916,0.0032979893,0.05419691,0.014331181,0.0037348026,0.0030008133,0.003675233,0.00535298,0.0020765397,0.004309625,0.004091851,0.0051539554,0.001952323,0.004094052,0.0035328548,0.0023793038,0.0022081195,0.0030794109,0.0038100488,0.003499256,0.0017399982,0.0038966201,0.0038831397,0.002062421,0.0039293845,0.0033162646,0.0026885597,0.0038348478,0.0032020449,0.0023397577
IGHG4,0.0068326644,0.037517536,0.07418266,0.0098182745,0.010286867,0.00786668,0.013169082,0.013100602,0.0047533573,0.016192256,0.010920609,0.014671321,0.016483294,0.009926066,0.011569821,0.0058851982,0.006202959,0.0063757095,0.011864605,0.0110152075,0.0049482295,0.0070318375,0.105289005,0.005723519,0.011010335,0.0070539457,0.0077465437,0.008613186,0.012855255,0.005796526
IGHG2,0.010523001,0.09217908,0.11397778,0.024353787,0.013154773,0.010809257,0.019806486,0.019900676,0.006319317,0.015614927,0.014995249,0.026826378,0.0077701537,0.016822278,0.014404507,0.007949309,0.007609143,0.0075394902,0.014154313,0.014864979,0.0075394777,0.011773607,0.14483832,0.009322939,0.016693618,0.01379255,0.009329639,0.011755977,0.0144174285,0.009286533
IGHGP,0.00020496969,0.00027867602,0.021800723,0.0049679577,0.0002654691,0.00023923951,0.00032809976,0.00039514588,0.00017170512,0.0003654093,0.00033287707,0.00039554609,0.00020596707,0.00033233102,0.0002932663,0.00017359213,0.00019190332,0.00018339262,0.00030768558,0.0002888697,0.0001516636,0.00023467041,0.038923137,0.00016249903,0.0003638553,0.0002336234,0.00021389393,0.00026853083,0.0002643547,0.0002116279
IGHA1,0.020208644,0.084268294,0.16419344,0.04427412,0.034945816,0.026778623,0.04420241,0.051038016,0.018324925,0.04391256,0.04598309,0.058090694,0.020414291,0.042664997,0.040086187,0.021459006,0.021204876,0.026750045,0.035361614,0.036976364,0.024903338,0.02857317,0.21376242,0.030584004,0.041207682,0.02617265,0.024704892,0.03819377,0.033277005,0.024540981
IGHG1,0.0094353985,0.07265083,0.15878527,0.037915636,0.019676272,0.017562905,0.02589018,0.02932234,0.013586721,0.025243422,0.025427284,0.029344607,0.010156694,0.021412453,0.017954843,0.010691052,0.013180562,0.012025258,0.021181293,0.01868393,0.010483055,0.01366208,0.18787727,0.0109619,0.030022396,0.019859718,0.017407628,0.025528405,0.01839926,0.014459412
IGHG3,0.009002543,0.07407127,0.11467849,0.029754484,0.014090894,0.010573364,0.016650464,0.021629715,0.00792416,0.017287191,0.01526266,0.024219867,0.008576121,0.014971136,0.017796641,0.010295325,0.009691567,0.00958592,0.017670842,0.0151803065,0.007717989,0.017162284,0.12463883,0.012640609,0.014685436,0.013214715,0.01123752,0.016970739,0.018080136,0.009176784
IGHD,0.040041514,0.28514698,0.0772862,0.6827493,0.05044987,0.039365813,0.057819035,0.07358619,0.02500268,0.064130045,0.058642488,0.06975805,0.0261451,0.057284135,0.04950351,0.02920105,0.0415892,0.03934833,0.055043574,0.04769604,0.030186877,0.042448692,0.085819416,0.02819781,0.06296959,0.0401195,0.038324047,0.04654466,0.046306692,0.041455954
IGHM,0.07304532,0.48173606,0.12148405,0.5860652,0.07029657,0.05687104,0.08024087,0.10397836,0.0355429,0.101181835,0.07491096,0.106456906,0.04249741,0.081746824,0.07315865,0.051133405,0.05564778,0.060546737,0.089756936,0.079816505,0.038671,0.059858683,0.12351338,0.048865687,0.09582881,0.04849347,0.05263454,0.072390765,0.06888692,0.13464104
FAM30A,0.010287282,0.09279939,0.08387512,0.10513281,0.018220011,0.015124019,0.023793058,0.028195133,0.008143656,0.021756409,0.023103585,0.030877482,0.009829487,0.022843152,0.019238386,0.01011767,0.1401098,0.03796544,0.018839864,0.017552204,0.00882615,0.020498937,0.04321915,0.022445848,0.019047767,0.017619537,0.015315988,0.018119078,0.019412039,0.036864683
IGHV6-1,0.0006828976,0.009693297,0.0044566565,0.015981672,0.0012337165,0.0010235115,0.0011677695,0.0015700919,0.00069572154,0.0013058212,0.0012646747,0.0016893581,0.000565235,0.0012789973,0.0048629595,0.000705834,0.0007760818,0.0007265846,0.0011439921,0.0010461716,0.00059359695,0.00075652095,0.013915322,0.00067956373,0.0012715647,0.001000534,0.0009781269,0.0010525145,0.0010542488,0.0007516072
IGHV1-2,0.001398024,0.023594067,0.0015204077,0.009962359,0.0018314993,0.0016212701,0.0019767645,0.0028506145,0.00097517413,0.0024006,0.0020173402,0.0027476654,0.0009378776,0.001961268,0.0017434245,0.0011073498,0.0011255913,0.0013320276,0.0018657479,0.0016952401,0.0010372824,0.001522084,0.010443855,0.0011064813,0.0022372322,0.0013217551,0.0016390001,0.001746469,0.0015218323,0.005149548
IGHV4-4,0.00044494824,0.008238768,0.00047338917,0.010233217,0.000490677,0.00045590618,0.0006423829,0.00075613474,0.00033525412,0.0006412626,0.0006243679,0.0008193066,0.00029210522,0.0005807292,0.0005369903,0.00036089763,0.00036190567,0.00037260551,0.0006160381,0.0005246839,0.00032840171,0.00046384698,0.00030313997,0.00031626475,0.0006361493,0.00058217975,0.00041920377,0.00053005375,0.00045604655,0.00038012874
IGHV2-5,0.0008102204,0.0030005986,0.0026668226,0.0022173133,0.0012523556,0.0010539696,0.0014451664,0.0018850635,0.0005600089,0.0016102972,0.0015754928,0.0016327737,0.0006366679,0.0013840108,0.0011766392,0.0008587119,0.00081551255,0.00095982756,0.0013180763,0.0011183849,0.00065692794,0.0010353291,0.0070070853,0.0008010896,0.0014459903,0.0011891557,0.0009490305,0.0011872048,0.0009734216,0.00089931616
IGHV3-7,0.0017365796,0.02210351,0.008185128,0.011272904,0.0029173344,0.0025507042,0.003086908,0.003730632,0.0015660244,0.0036480913,0.0033130383,0.0038457394,0.0013535557,0.0029694608,0.002658177,0.0018685429,0.0018714563,0.0019019993,0.002858956,0.002722913,0.0015591973,0.0021909003,0.060007323,0.0017081063,0.0031045259,0.0028078984,0.0022033283,0.0028518238,0.0026130679,0.0018063723
IGHV3-64D,0.00045920516,0.0005542464,0.0005692755,0.00063469686,0.0015121319,0.0005096862,0.0007091445,0.0009448735,0.00043444807,0.0007594892,0.0007129821,0.0009367214,0.00039176858,0.0007411768,0.00061225856,0.00042230863,0.010213279,0.00045128443,0.0006267901,0.00063414534,0.000393485,0.0005680686,0.0072741206,0.0003803686,0.00068951875,0.00055547187,0.00052824,0.0005540991,0.00061896676,0.00043005968
IGHV5-10-1,0.00056679366,0.00093976845,0.0008928286,0.0063985563,0.0010084022,0.0008460753,0.0011674964,0.0012908761,0.00057697087,0.0012074054,0.0010925874,0.0012899284,0.00056507904,0.0010155806,0.00096716435,0.0005985248,0.00066267996,0.0005692692,0.0010231874,0.0009738094,0.0005615425,0.00083807035,0.009400453,0.0005772471,0.0010966413,0.0007202097,0.000920404,0.0011056397,0.0009902141,0.0006616408
IGHV3-11,0.000827377,0.011523777,0.0059080385,0.00871142,0.0012597493,0.001057104,0.0014894387,0.0018724964,0.000642077,0.0037074927,0.001480062,0.001807281,0.00067651016,0.0014952868,0.0014323392,0.00081507687,0.00089896633,0.0012009487,0.0014534601,0.001194595,0.0007425443,0.0018295476,0.026498573,0.00082176994,0.0014828481,0.0012154554,0.000994689,0.0010981107,0.0010560851,0.0008784776
IGHV3-13,0.0009656517,0.00595083,0.008133613,0.013586283,0.0011657382,0.0009123552,0.0012524553,0.0016289953,0.00074266945,0.0015262369,0.0013646134,0.0015905331,0.00064688845,0.0012674625,0.0011771552,0.0007353547,0.0008313797,0.0006907334,0.0012873616,0.0010508943,0.00068646914,0.00088460324,0.02901116,0.00064014853,0.0014404968,0.00108086,0.0009110288,0.0012373476,0.0011628447,0.00084232586
IGHV3-15,0.0019598766,0.0239951,0.008274178,0.032842815,0.0031429594,0.0030463494,0.0035839863,0.00485971,0.0022114876,0.0041017076,0.0036799659,0.0050126933,0.0014767726,0.005586848,0.0034515865,0.0018413119,0.0021402084,0.0023486703,0.0036261028,0.003252565,0.0019146098,0.0024315175,0.0077631734,0.0020812512,0.0034430497,0.0026103428,0.0026246512,0.0031773446,0.0029295778,0.002324121
IGHV1-18,0.0010140603,0.0018952277,0.004458269,0.017640777,0.0017658155,0.0015892223,0.0021684007,0.002854335,0.0010467004,0.0039725625,0.0023227409,0.0030367898,0.0011601985,0.002318773,0.0018289906,0.0010885659,0.0013591947,0.0014755954,0.002056339,0.0020319133,0.0010894916,0.0015147107,0.079406515,0.0011750687,0.002232787,0.0018425962,0.0018404985,0.0020394265,0.0018105361,0.0013661492
IGHV3-20,0.0007472588,0.0008526885,0.00813668,0.010058135,0.00087352656,0.0007085131,0.0010463283,0.0013528899,0.00059297413,0.001032198,0.0010581628,0.001408078,0.0005004354,0.0010332792,0.0009663721,0.0005303291,0.0005546327,0.00062072516,0.00093162764,0.00079889834,0.0005559575,0.0007629321,0.0056583215,0.00053803786,0.00094980234,0.00079424545,0.0007428889,0.00097092066,0.000865119,0.00059699774
IGHV3-21,0.0010415476,0.0034807506,0.0027451692,0.008668127,0.0012188777,0.0010158462,0.0013233027,0.0016895754,0.0006200091,0.0016014343,0.0013163235,0.0017575128,0.000664056,0.0014098131,0.0011093486,0.00081914815,0.00090851885,0.00079454324,0.0012658314,0.0011101793,0.0007312246,0.0010515818,0.022643058,0.0007271426,0.0013831517,0.0011590506,0.0009222227,0.0011054942,0.00265355,0.0008950241
IGHV3-23,0.0018323773,0.026898628,0.0060361405,0.019472936,0.0027766607,0.0020993864,0.0028746112,0.0034991147,0.00142208,0.0030455908,0.0028632767,0.0037424292,0.0013617943,0.0029738268,0.0026906305,0.0012670493,0.0016464331,0.0018374012,0.0027475753,0.0026415475,0.0012889005,0.0022697158,0.017597929,0.0015748513,0.002849154,0.0016863232,0.0021795528,0.0020992737,0.002268132,0.0022644452
IGHV4-28,0.000408958,0.0004314796,0.0004211734,0.0004665642,0.00046039207,0.00036927353,0.00051493075,0.0007167831,0.00026730585,0.0006289155,0.0005494955,0.00070651533,0.00034439526,0.0005184812,0.0004692034,0.00029880137,0.000328556,0.00036891366,0.00049451576,0.0004465254,0.0002767731,0.0004514525,0.0017978171,0.0002985564,0.0005300176,0.00037749394,0.00038631842,0.0004597147,0.00044792442,0.00036219202
IGHV3-30,0.0014078569,0.01167755,0.01010968,0.020833077,0.0019639537,0.0016989898,0.0024344022,0.003014313,0.0021720077,0.002694753,0.0024641375,0.0030246903,0.0008924799,0.0022363686,0.0020063045,0.0013617764,0.0016029534,0.0013817444,0.002163907,0.0019587872,0.0010978902,0.0014455505,0.036923245,0.0012459081,0.002536174,0.001698862,0.0015556784,0.0016908008,0.0019086285,0.0015370622
IGHV4-31,0.00032549494,0.0004992285,0.00052175944,0.0015498656,0.00052894943,0.0004728009,0.0006598282,0.0008176075,0.0002971025,0.0007435546,0.00065600616,0.00074882543,0.000347606,0.00059504044,0.0005507119,0.0003745311,0.0003429989,0.00031481826,0.0005489543,0.00056263525,0.00031796846,0.0004708801,0.007385235,0.0003706119,0.00070652924,0.0004482838,0.0004574435,0.00050789834,0.00048026477,0.00037586392
IGHV3-33,0.0012767481,0.0043699546,0.0066375486,0.025995733,0.0021753358,0.0018433112,0.0025485475,0.0030935893,0.0011509267,0.0026352962,0.0025381942,0.002954881,0.0011677425,0.002480571,0.0020244857,0.0013420733,0.0015097726,0.0013408418,0.002441913,0.0023390132,0.0012509844,0.0021105818,0.014271141,0.0013683747,0.0023935752,0.0019212049,0.0016545366,0.0022159559,0.0022819769,0.0015076847
IGHV4-34,0.0010216178,0.007944395,0.0023636676,0.00729082,0.0012913459,0.0011564465,0.0015709031,0.0019741268,0.0007044549,0.0016607668,0.0037850838,0.0018134911,0.00060808216,0.0013459427,0.0013821408,0.0009478126,0.00091585563,0.0008980805,0.0015366377,0.001312514,0.0007893639,0.0011197227,0.0073157535,0.0008440774,0.0014919813,0.001186636,0.0010754807,0.0013086878,0.0013861149,0.00092859723
IGHV4-39,0.0011424533,0.011552547,0.0034069233,0.010397781,0.0015516129,0.0012712465,0.0019126555,0.0045103594,0.00076466845,0.0019761438,0.001812455,0.0021170804,0.00085515325,0.0017252441,0.0029190811,0.0011319498,0.0010887298,0.0009060411,0.0017874249,0.0016427333,0.00092862744,0.0012583112,0.047849294,0.00091103633,0.0018215947,0.0014361204,0.0012665195,0.0014831026,0.001653393,0.0009423365
IGHV3-43,0.00037163935,0.0047455397,0.009018102,0.0004770366,0.0004620284,0.00041563876,0.00060551584,0.00068143744,0.00028260477,0.00061553315,0.0005544173,0.00066295214,0.00023942153,0.00051328266,0.0005043446,0.0002896011,0.00030993155,0.00038837994,0.0005341162,0.00050960755,0.00026765733,0.00041765667,0.06801548,0.0002534837,0.0005673265,0.0004111947,0.0003893137,0.000510462,0.00043900835,0.0003523885
IGHV1-46,0.0005860034,0.0008190159,0.0007700927,0.0010662704,0.0009159684,0.00076953555,0.0011867287,0.0014366765,0.0005165464,0.001201632,0.001139447,0.0014819598,0.0005616588,0.0011504861,0.0009422045,0.00058647967,0.00072850886,0.0007061337,0.001190069,0.0008880278,0.0005241393,0.00086320605,0.00045969075,0.00058103836,0.001015163,0.0008618543,0.0007254297,0.00093612925,0.0008955338,0.00068334833
IGHV3-48,0.00055138307,0.004093813,0.002253691,0.017947102,0.000949353,0.00080517627,0.0010493096,0.0015097962,0.0005822296,0.0012775485,0.0011790495,0.0030118853,0.0005870037,0.0011688159,0.0010019356,0.00064977125,0.00076535466,0.0005434005,0.0011124767,0.00089632475,0.00057335565,0.00079728034,0.036905956,0.0005841099,0.0011478564,0.00090748625,0.0008452933,0.000922367,0.00083779707,0.000697973
IGHV5-51,0.0008910134,0.005139575,0.00517052,0.016774163,0.0011901663,0.0010044301,0.0013248897,0.0015866883,0.00066944654,0.0014087347,0.0013442457,0.0016220235,0.00062779966,0.0013467703,0.0012182329,0.0007423726,0.00077436835,0.00094350014,0.001330185,0.0011722726,0.00062361924,0.0010228633,0.04896925,0.0007301779,0.0013681476,0.000895001,0.0009038938,0.0012191703,0.0011055223,0.00081945193
IGHV3-53,0.0008353097,0.00101655,0.00095323316,0.006140424,0.0011804258,0.0009699573,0.0013089456,0.0016195261,0.0005776801,0.001492177,0.0013565426,0.0015865788,0.0005200938,0.0011647142,0.0011592621,0.00069254485,0.00064556225,0.0008830478,0.0011833792,0.0010469,0.0007269446,0.0010863551,0.043010656,0.00058639783,0.0013485713,0.0010827525,0.0010306754,0.0011797947,0.0011094955,0.000773078
IGHV4-59,0.00077879603,0.0028958963,0.0009943116,0.007993378,0.0011997872,0.0010099093,0.0013502669,0.0017419219,0.00066889165,0.0014442495,0.0013612328,0.0017178415,0.0005001867,0.0013056466,0.0011154836,0.00073487795,0.00077520433,0.0006869873,0.0010959471,0.0010997638,0.00067861885,0.0009308034,0.06347443,0.00070231536,0.0013237644,0.00087271846,0.003357187,0.0013021549,0.0010745763,0.00077820994
IGHV4-61,0.0006158213,0.0008057868,0.0007823169,0.011620371,0.00090360385,0.0007874253,0.0010721672,0.0014141009,0.0005160808,0.0012468232,0.001186793,0.0013492414,0.000390451,0.0008854643,0.0009593664,0.00053314737,0.0006244323,0.0006545536,0.0009239742,0.00084829074,0.00058828836,0.00075514696,0.03200333,0.000594144,0.0011334524,0.00066170463,0.0007168998,0.0007706756,0.00073841575,0.00065660186
IGHV2-70D,0.0003299299,0.00048235606,0.0044183033,0.00053674704,0.0005664492,0.00046714296,0.00052637496,0.0007315486,0.0002977224,0.00067444914,0.00062867196,0.0007975713,0.00034159544,0.00055711885,0.0005304265,0.00030047336,0.0003373374,0.00039597854,0.00048120765,0.0004933892,0.0003064625,0.00044137976,0.00024229678,0.0002870614,0.0005972356,0.00045411277,0.0004481807,0.00044967135,0.0004327825,0.00035877942
IGHV1-69-2,0.0003679733,0.00063964486,0.00056174374,0.10132478,0.00077348866,0.0005572835,0.0007503342,0.0009567803,0.00028852056,0.0008548768,0.0008366668,0.0009309589,0.00031821095,0.000695791,0.0006728284,0.0004067658,0.00037741754,0.00048408908,0.0006668809,0.0006621927,0.0004294223,0.0006115571,0.00028752213,0.00039117233,0.0007571395,0.0005178482,0.00053692237,0.00060052314,0.00057456916,0.00052972225
IGHV1-69D,0.0011083956,0.0093953535,0.0041254167,0.007007804,0.0016354099,0.0015350416,0.0023941272,0.004268185,0.0009243185,0.0021958095,0.002115806,0.0024253565,0.000881512,0.0019462568,0.0017602291,0.00094415166,0.0016603027,0.0012710999,0.0019050578,0.0016592646,0.0009376431,0.0014172626,0.010566134,0.0010292239,0.0022867555,0.0014144296,0.0015208973,0.0016224843,0.0016886069,0.0013456648
IGHV2-70,0.0004224917,0.0005145419,0.00044218864,0.0005872926,0.0005023874,0.00042126677,0.0005403779,0.00074408477,0.00031122487,0.0007034417,0.0005672416,0.0007290894,0.00027622224,0.0005701688,0.00053909066,0.0003564296,0.00031135432,0.000456684,0.00053814094,0.000465948,0.00026938476,0.0005115013,0.0002399064,0.00031917566,0.00064071204,0.00040363742,0.0004499541,0.00048004615,0.0004744321,0.0004337718
IGHV3-72,0.0008030993,0.0008019718,0.012814926,0.010002032,0.00087803655,0.0007257719,0.0010357552,0.0014310784,0.00041291042,0.0011106327,0.00096471666,0.0012000788,0.00056262565,0.0009589837,0.0008209315,0.00052981556,0.0006368605,0.00071254675,0.0009097649,0.00080102735,0.00045804045,0.00071708893,0.036898904,0.00055409723,0.0010838483,0.00082674803,0.00073388364,0.00088539405,0.0007744445,0.0006698947
IGHV3-73,0.0008732324,0.019224655,0.0008145396,0.0021007604,0.0009817114,0.0008483734,0.0010629697,0.0015013014,0.0005216559,0.0037884563,0.0011282156,0.0017068875,0.00049712666,0.0011087246,0.0010349331,0.0005933383,0.00060341106,0.00082047126,0.000999537,0.0008831519,0.0005592549,0.00084557605,0.0004974191,0.0006231241,0.0011589486,0.0008079498,0.00074210373,0.0008936147,0.00088372023,0.00076526776
IGHV3-74,0.0011590262,0.014714949,0.0015390716,0.005742508,0.0014919791,0.0012947564,0.001623147,0.0022709568,0.0008033658,0.0019353573,0.0017526714,0.0021245165,0.0006898515,0.001625326,0.0014368203,0.0011744942,0.0010225122,0.0012701711,0.001708106,0.0014615627,0.0008251354,0.001159912,0.07131967,0.0008946703,0.0017017808,0.0012501127,0.0014338768,0.0013184289,0.0014666216,0.0010051591
GOLGA6L22,0.00042460416,0.00054262084,0.000509912,0.021891326,0.0005881159,0.00055137114,0.00076196826,0.00096558407,0.0003325368,0.00088728,0.0007212547,0.0009220887,0.0003150856,0.00071947684,0.0006446298,0.00029596465,0.00040996823,0.00050810794,0.00066495937,0.002510881,0.0003608537,0.00054964644,0.00034026176,0.00038339253,0.0007704253,0.00045744822,0.00052375154,0.0006145436,0.0005890412,0.02851362
TJP1,0.0004871765,0.00057930837,0.00062140054,0.00069815246,0.0006953489,0.0006558713,0.0007990624,0.00093096914,0.0004053282,0.00092181214,0.00086761,0.0010847271,0.00033396212,0.0007606534,0.000693163,0.00041184895,0.00041750463,0.00043170498,0.00076448993,0.0006955002,0.00043890264,0.00062613137,0.001056548,0.028911924,0.0008110696,0.0005471086,0.00052183017,0.0007345304,0.0006474361,0.00049273414
AC012236.1,0.0060361205,0.038358886,0.0804428,0.06902433,0.0112121655,0.006987777,0.009858202,0.0115748,0.0042051934,0.009940427,0.008894977,0.011470098,0.00410914,0.01049644,0.010867022,0.0054766377,0.0053570163,0.0049357614,0.008147936,0.010562697,0.004955939,0.006636647,0.08391673,0.00837637,0.008980344,0.017043827,0.0075920066,0.008307725,0.00856084,0.0054976055
ARHGAP11A,0.011570082,0.015337358,0.014652333,0.017722584,0.016457928,0.014528319,0.029385012,0.023126425,0.14637324,0.019135447,0.022855217,0.021204539,0.053308237,0.028822366,0.024489794,0.007792735,0.029461896,0.0076071266,0.02197754,0.018770827,0.09184544,0.012307571,0.024844991,0.008305934,0.02469666,0.02608539,0.013754856,0.028830413,0.021564942,0.022000423
LINC02345,0.0018205097,0.0026106408,0.0025609983,0.002852406,0.0046925,0.05867476,0.0039356607,0.0043754457,0.0075734295,0.004651382,0.0037933073,0.00441856,0.0014611152,0.0038596084,0.00356711,0.0018117657,0.0018946874,0.0025685234,0.003558184,0.0032661117,0.0016641553,0.0029532255,0.001460388,0.0028915214,0.0036653855,0.009513975,0.0025514339,0.0033640552,0.0030802644,0.002423406
AC109630.1,0.0011696254,0.0013085816,0.0014174086,0.0015244016,0.004450571,0.005861174,0.0017666955,0.0021029257,0.0010269133,0.0020156445,0.0020020606,0.002273433,0.0008947297,0.0018139251,0.0014550292,0.0008711449,0.00097063463,0.0010200178,0.001616298,0.0014923968,0.00096578535,0.0014113376,0.00084821787,0.0009822326,0.0019616513,0.004220635,0.007820019,0.0013848145,0.0014944876,0.001179831
THBS1,0.014881282,0.016811876,0.015703948,0.01874799,0.07439571,0.0138625605,0.025806617,0.025363762,0.009336881,0.023083976,0.021371929,0.02865401,0.013372357,0.021206569,0.01971611,0.01210768,0.011532186,0.010051271,0.01934658,0.02284546,0.009666885,0.016382867,0.0072769765,0.062494624,0.019536553,0.015123307,0.026894968,0.01790449,0.02039516,0.012352846
BUB1B,0.0032241207,0.004220608,0.0063334545,0.0052420464,0.00509864,0.004963846,0.005817018,0.0069289696,0.086706996,0.0072762924,0.0087077245,0.0074462593,0.023520123,0.00611982,0.005040419,0.0031805083,0.008954956,0.0101340925,0.004977208,0.007167783,0.059055377,0.0038695259,0.013959582,0.0031398027,0.006535922,0.0046890774,0.0038831746,0.004540077,0.0077261804,0.0075071566
INAFM2,0.058946718,0.019321853,0.02312173,0.019795788,0.047198743,0.032559194,0.028247578,0.028568318,0.009837547,0.028245281,0.025484297,0.030835299,0.008238519,0.025422946,0.022739593,0.009364041,0.026713494,0.018045207,0.017338311,0.023178952,0.01192993,0.0144824525,0.009676876,0.13512103,0.03148047,0.0261732,0.03933779,0.016378041,0.020998659,0.043410797
KNL1,0.010735621,0.029948855,0.021643389,0.034979887,0.020920161,0.01943115,0.016551375,0.019928718,0.1935043,0.0176446,0.020828586,0.020161774,0.08759748,0.01934074,0.01411656,0.008694535,0.013612384,0.008040613,0.016343858,0.017344216,0.1746418,0.016612047,0.038131744,0.020431014,0.020034546,0.015770962,0.011278595,0.026603112,0.016788084,0.014315412
NUSAP1,0.040653635,0.027514288,0.035357684,0.045196537,0.040674757,0.033180118,0.0482246,0.055138476,0.42359632,0.04078448,0.03935832,0.11078372,0.20316933,0.031403013,0.04549223,0.022318894,0.047113746,0.024603564,0.030249886,0.033672836,0.3423752,0.027335782,0.05762326,0.027604146,0.040667363,0.048822943,0.042188533,0.027493533,0.045345396,0.05918667
EPB42,0.0011724951,0.0013190832,0.0012774243,0.0013352633,0.0019223606,0.001245935,0.0017324102,0.0021081755,0.00073323667,0.0020320427,0.0017101862,0.0020352835,0.0007414238,0.0016801876,0.006500886,0.32109174,0.0008216406,0.0012141764,0.0014918904,0.0014843465,0.00085181266,0.0014020622,0.00068978354,0.000847535,0.0018635693,0.0013702806,0.0012026073,0.0013387555,0.00147517,0.001163232
MAP1A,0.010225123,0.00846471,0.008432795,0.008793121,0.009558324,0.00883404,0.013479662,0.015948024,0.0054677976,0.016531691,0.019300822,0.015173861,0.0068843486,0.014429619,0.012398532,0.0066288607,0.043538462,0.009880068,0.009836857,0.009886789,0.00492207,0.011759342,0.0048710164,0.08047219,0.012075302,0.009618063,0.010370259,0.010980679,0.010852574,0.19947654
WDR76,0.01575985,0.019716341,0.021358911,0.026186083,0.0152631765,0.014683604,0.040165007,0.04667854,0.06978604,0.0419785,0.037253045,0.035411466,0.07966435,0.03003053,0.028394248,0.013050499,0.017473107,0.014538865,0.025266862,0.032517713,0.10032003,0.018505646,0.015317235,0.008884525,0.03186853,0.017451808,0.018250369,0.015980799,0.02289082,0.020846287
C15orf48,0.019342234,0.024292318,0.026614321,0.025934434,0.109740034,0.04185766,0.02975614,0.042766355,0.01435988,0.03554855,0.033486247,0.0381318,0.011735436,0.030122548,0.030072322,0.017984683,0.0136846015,0.026368286,0.026372818,0.029281922,0.01564476,0.02595479,0.011384006,0.020802177,0.029744158,0.03095112,0.057324655,0.022545973,0.023242619,0.021085378
DUT,0.03310976,0.07862889,0.07778321,0.08426963,0.06992856,0.062109772,0.11279654,0.13029304,0.16964534,0.123493,0.12109504,0.1261711,0.12801938,0.09738931,0.09063461,0.043463822,0.07246838,0.074254766,0.09996412,0.0887941,0.15444003,0.06143942,0.03795065,0.057448573,0.104624026,0.040027548,0.051402498,0.09222321,0.09530125,0.053341985
HDC,0.0009317424,0.0011574462,0.0011458339,0.0012725244,0.0012611145,0.0020516242,0.001608156,0.0018774957,0.0006746843,0.0017566726,0.0016290419,0.0018231535,0.00064844475,0.0015036397,0.0012778281,0.0009077578,0.039748646,0.00092366245,0.0014004507,0.0013877668,0.0007483401,0.0010671518,0.0007095346,0.0007754052,0.0014899708,0.0009376615,0.00095615775,0.0011830416,0.0011844278,0.0008325197
DMXL2,0.02718717,0.037319206,0.035882425,0.04242209,0.20139909,0.09992632,0.05142683,0.06263035,0.017186346,0.0543329,0.04718567,0.067970045,0.022174627,0.054987546,0.042120695,0.031603336,0.024356166,0.028560026,0.037886478,0.045098446,0.025737626,0.043767437,0.022713931,0.028687745,0.05171034,0.039259095,0.046189293,0.044859685,0.043276545,0.0513543
UNC13C,0.00040045273,0.00050277606,0.00052440126,0.00056190335,0.00057012384,0.00052871916,0.0006997252,0.00081218075,0.00029341623,0.0007477272,0.00063464773,0.00080200814,0.0002717957,0.0006162359,0.00051921204,0.0003664854,0.00035125806,0.00042011603,0.0006416544,0.00057594915,0.00035113943,0.0005286579,0.008551183,0.012570181,0.0006534842,0.00053963775,0.000451362,0.0005542707,0.00055498467,0.0004352664
TEX9,0.011207598,0.021370668,0.22061631,0.02049623,0.010716526,0.008771439,0.012093421,0.016508033,0.009327005,0.016204827,0.014113406,0.01582951,0.0057624695,0.018358087,0.012351258,0.02325316,0.03592119,0.013787854,0.013660226,0.012406468,0.00905093,0.011269017,0.02749932,0.012710829,0.013056172,0.013902334,0.010854919,0.009353369,0.010541343,0.0070078783
LINC00926,0.020464843,0.1780211,0.14922959,0.26848173,0.025969964,0.021892961,0.035531387,0.039188895,0.012788963,0.035871495,0.031845454,0.039681226,0.017538214,0.03253513,0.028168166,0.015214667,0.019084733,0.02154219,0.02803349,0.02612338,0.016276252,0.02370104,0.012078398,0.01594321,0.038298834,0.021288779,0.02260393,0.02024897,0.025076983,0.021313032
MYZAP,0.0036023867,0.00728275,0.008488537,0.016711082,0.008340124,0.00734428,0.006555675,0.023825267,0.0055490625,0.017453432,0.011135712,0.008599619,0.003102694,0.007851476,0.005548781,0.0037443493,0.0063301804,0.0045553464,0.0058121406,0.0074208784,0.0032622558,0.004334555,0.0032504816,0.08725781,0.007667038,0.027418055,0.0059848283,0.005436696,0.006690003,0.0041304906
AQP9,0.014925116,0.021843873,0.02273066,0.024306059,0.14395331,0.05301936,0.027747788,0.03579532,0.01078116,0.028996699,0.02935337,0.03442935,0.013362054,0.02821079,0.024703009,0.015755134,0.014876896,0.011829593,0.023747582,0.024410842,0.014140207,0.02806018,0.010583902,0.019682832,0.02626542,0.02423526,0.01876885,0.023829376,0.023416068,0.01612976
CCNB2,0.029341001,0.009299924,0.0090533,0.010909088,0.018592197,0.010536193,0.01418009,0.0208037,0.53332394,0.017854555,0.012393419,0.025364108,0.084612966,0.014968844,0.013091436,0.0073469793,0.022419384,0.008049461,0.011295658,0.015217096,0.10926229,0.009852393,0.08772564,0.015409834,0.012849317,0.021646276,0.021245334,0.019387625,0.013656731,0.008157597
MYO1E,0.17333548,0.032360554,0.021618089,0.06738608,0.035353683,0.017866738,0.017979844,0.02169289,0.013266319,0.019832807,0.0167174,0.027172212,0.007305158,0.019099338,0.016893316,0.0134073775,0.020449184,0.009353933,0.014478591,0.022742761,0.012887746,0.019150589,0.013024726,0.009777036,0.016329288,0.06761442,0.07908983,0.015995948,0.017188372,0.11177013
ANXA2,0.120200045,0.06088462,0.06516579,0.08132918,0.11733449,0.118273735,0.09073421,0.12762076,0.049134787,0.09266167,0.08475922,0.12855747,0.03885461,0.08622252,0.07194109,0.059908815,0.051192764,0.061381083,0.076581754,0.07587293,0.043810096,0.05903412,0.036921628,0.06351813,0.093177654,0.11034954,0.13458802,0.092544876,0.08727253,0.03823645
C2CD4B,0.0012839559,0.001307995,0.0014710717,0.0015896189,0.001654438,0.0014247225,0.0018564028,0.0024638032,0.0009121797,0.0022785715,0.0018977746,0.002940176,0.00089478487,0.002061573,0.0015428743,0.0009247578,0.00097524555,0.0011805606,0.019063525,0.0015225859,0.0009774854,0.0013485124,0.0008279649,0.0009601275,0.0021119025,0.0015307374,0.001332484,0.0016747806,0.001406896,0.0011373126
TPM1,0.03189882,0.032162573,0.029315805,0.031028667,0.040691152,0.04560518,0.055013545,0.060951,0.014151075,0.061146267,0.04562199,0.062474705,0.016856672,0.051383663,0.042010807,0.018066596,0.064407624,0.021833671,0.039668426,0.0544055,0.025422517,0.032552328,0.014120714,0.21037309,0.04509293,0.041538723,0.037583165,0.039090186,0.036410153,0.022411719
LACTB,0.042583253,0.04077553,0.042631157,0.050750017,0.10299049,0.080052085,0.048700713,0.05526342,0.023366228,0.05423125,0.054072633,0.06393851,0.022805389,0.046128422,0.046183903,0.03486175,0.031249957,0.06868117,0.04425134,0.04600048,0.023363058,0.045600716,0.021280771,0.025366083,0.051208854,0.04253102,0.0745616,0.043994725,0.043328755,0.03238361
SNX22,0.008640972,0.05424616,0.082974635,0.1261827,0.014886294,0.011617359,0.01576342,0.02000428,0.006964125,0.017093206,0.016970295,0.021956421,0.006327449,0.016810054,0.016511511,0.017167222,0.010645547,0.011895693,0.016031122,0.014834845,0.0071543204,0.012847188,0.00950559,0.008889586,0.016866988,0.04799004,0.012432282,0.0115488535,0.012783278,0.01039401
PPIB,0.083472624,0.06245778,0.05949225,0.07299641,0.058852155,0.036027167,0.085265115,0.09784664,0.02747567,0.08920855,0.09140133,0.1067883,0.040013265,0.08962772,0.07196788,0.059027098,0.027490959,0.052035347,0.07701995,0.08306155,0.043405384,0.05525646,0.15314206,0.075261556,0.088580556,0.069612876,0.05031374,0.06315875,0.06280174,0.09631355
PCLAF,0.019804442,0.017074777,0.01961513,0.022176562,0.015948333,0.016336618,0.019887201,0.02820512,0.3687082,0.03026219,0.02078583,0.055283528,0.1178496,0.01873042,0.024637729,0.0123235835,0.04677153,0.014103353,0.017667156,0.020859767,0.31577092,0.016274717,0.04419547,0.012792323,0.021866595,0.01816092,0.01896781,0.027549708,0.017213954,0.013595645
OAZ2,0.03351472,0.04310719,0.036891095,0.048390713,0.0783621,0.079977624,0.061502464,0.06023788,0.011785095,0.05594827,0.055668633,0.061581954,0.022758584,0.0464514,0.04724869,0.020599019,0.034077443,0.031844556,0.045373198,0.042946894,0.021471381,0.038917333,0.018116912,0.024759037,0.05057043,0.0393872,0.058517464,0.040396243,0.036237836,0.03185884
PIF1,0.01144134,0.011927263,0.023758274,0.011698047,0.012530063,0.015047836,0.01992615,0.021428363,0.1330623,0.016910387,0.01892212,0.017903483,0.01815792,0.015876045,0.03725505,0.008847992,0.008691261,0.009473339,0.012812709,0.04235254,0.045003112,0.011872068,0.08071368,0.00729923,0.013037678,0.01655909,0.010650405,0.020816823,0.020629419,0.023456967
LINC02206,0.008262755,0.0015799336,0.0016813242,0.0017270598,0.0018031902,0.0013734532,0.0020197046,0.0025633846,0.00097572536,0.0022346168,0.0019174071,0.0024308546,0.0010495652,0.0019862845,0.0016288267,0.001044288,0.0012684335,0.0012340578,0.001963541,0.0016689614,0.00097469625,0.0015738582,0.0009356903,0.0010827697,0.0021883508,0.18535998,0.007853735,0.0016732865,0.0015174841,0.0012923202
AC107871.2,0.00067683816,0.00065299857,0.0006709497,0.00081522844,0.0010461716,0.000776868,0.0009437334,0.0011812238,0.00053541956,0.0010746757,0.000975204,0.0012066719,0.00034130368,0.0009647383,0.000787789,0.00048706104,0.0005236304,0.00063176494,0.0008765775,0.00084176555,0.00046180675,0.00072904414,0.00045264262,0.00049609004,0.0009640267,0.0006658026,0.0006863294,0.0007278697,0.0007469806,0.0017843508
AC026992.1,0.00037862035,0.000499225,0.00051390985,0.00056966394,0.00053656346,0.00045352598,0.00065675593,0.0008318206,0.00030660356,0.00070839206,0.00068240054,0.006338173,0.0003189061,0.00059857155,0.0005529561,0.00035495133,0.00036026916,0.0003324811,0.0005266925,0.00063146534,0.00028688056,0.00047842765,0.00029247353,0.00032355654,0.00061900954,0.00055320153,0.00048032042,0.0004644387,0.0005058133,0.011040086
KIF23,0.0049961745,0.005548959,0.0054370766,0.009026408,0.017417239,0.0070370995,0.0063537788,0.009961654,0.20633495,0.008584731,0.007948918,0.014467043,0.03322722,0.007270157,0.0058356966,0.0049997224,0.009617428,0.0034923132,0.0064653447,0.0061943266,0.10770551,0.005491821,0.021026887,0.0036378698,0.007082948,0.03756251,0.0057201125,0.0060637626,0.0065658735,0.0045000254
SEMA7A,0.09862991,0.07055659,0.018637305,0.027214238,0.017225362,0.016390713,0.013982037,0.021777758,0.0074116564,0.017466716,0.0147485575,0.035498556,0.0062273317,0.023750648,0.018030895,0.008220324,0.019269152,0.00963322,0.014268651,0.018089412,0.018576998,0.055070523,0.011112644,0.008457927,0.0147859985,0.06267028,0.044698022,0.010763911,0.017087288,0.2254592
CYP1A1,0.00028509385,0.0003287711,0.00037889427,0.00042138883,0.00039405082,0.00035042624,0.0004501111,0.0006044562,0.00020080611,0.002309182,0.0004690896,0.00056679634,0.00024958857,0.0004846217,0.0004190417,0.00017019708,0.00023927017,0.00030496763,0.0004040478,0.0003915572,0.00021237908,0.00038744236,0.00023099799,0.00022166951,0.00044933037,0.0003665091,0.0003191152,0.0003128604,0.0003370499,0.00029153403
SCAMP5,0.0096026985,0.007944235,0.0048999265,0.0037459992,0.0041111615,0.0032524734,0.004574706,0.0061933817,0.0024075774,0.0055023893,0.007005631,0.0057902085,0.0020832594,0.004487197,0.0039312216,0.0027682807,0.01137326,0.0026067793,0.0045787776,0.0039678076,0.002697106,0.0035801195,0.00966082,0.0023800172,0.0049256203,0.0029707702,0.0033240132,0.0043615126,0.006042492,0.17223245
CIB2,0.050906952,0.027217275,0.018480225,0.016504897,0.012823609,0.014375727,0.018246097,0.019554537,0.014867015,0.021543117,0.019987142,0.02354342,0.007459029,0.02867751,0.020582553,0.016825624,0.025464619,0.010705436,0.021325337,0.017325306,0.015014238,0.010494264,0.00777237,0.010725321,0.032801684,0.06226098,0.019241447,0.015229167,0.021766063,0.19572982
CTSH,0.2270715,0.14408459,0.13818899,0.123916596,0.23520717,0.1255443,0.106157646,0.13729534,0.05656468,0.13912341,0.11749548,0.13057196,0.049897116,0.10462328,0.10033085,0.070320226,0.0642226,0.07474543,0.123589866,0.08353365,0.052596085,0.077897444,0.08222083,0.05902603,0.10244167,0.08102368,0.16982816,0.09265584,0.09041552,0.057514425
BCL2A1,0.037835483,0.059364375,0.05643485,0.067054614,0.13680935,0.13457493,0.066590466,0.08543974,0.026891049,0.08149367,0.072127126,0.09059788,0.029785058,0.07120785,0.053575806,0.031515274,0.036978796,0.04379203,0.057195056,0.056911442,0.032135468,0.047529962,0.025130304,0.0379454,0.07529885,0.039584015,0.055617176,0.050039425,0.057029188,0.04341163
ISG20,0.036447607,0.06318989,0.061674774,0.07946802,0.06086896,0.045842275,0.08050767,0.08577661,0.019664828,0.07777187,0.076821804,0.082386576,0.024574185,0.0687296,0.06441912,0.031775847,0.045278404,0.05138927,0.06938673,0.06288559,0.023001838,0.04812561,0.060213007,0.05445003,0.09118534,0.052193742,0.060709435,0.09643581,0.060166564,0.039646253
FANCI,0.0170683,0.020018259,0.025253817,0.019147411,0.018439407,0.018410662,0.02044333,0.026103837,0.12000858,0.025447821,0.023846406,0.029689318,0.11139586,0.026679642,0.026367137,0.010401754,0.025968848,0.008723673,0.017691968,0.029598692,0.14750953,0.023373267,0.015028938,0.009635052,0.022926874,0.01512462,0.016874837,0.020690268,0.028382704,0.024373427
ANPEP,0.015270082,0.011781632,0.012397208,0.016701281,0.072569504,0.031832952,0.016335802,0.02071218,0.008667876,0.016972063,0.018343896,0.02100354,0.010640592,0.017445227,0.015613399,0.013629474,0.014951667,0.008469365,0.01478068,0.015219171,0.008627128,0.011670993,0.0063406285,0.0131396875,0.01773642,0.05130346,0.017304525,0.013073053,0.014783812,0.009489511
IDH2,0.031646606,0.038477577,0.039839447,0.046709366,0.05040098,0.057164736,0.07550359,0.067428745,0.071759194,0.06472625,0.06770882,0.069512635,0.07267819,0.060571037,0.0683411,0.024531685,0.0363031,0.046528704,0.05861771,0.073711514,0.06374846,0.04552883,0.04463749,0.036950357,0.0617237,0.042810887,0.042378876,0.06139842,0.050370455,0.031813737
PRC1,0.04407707,0.017721303,0.021298891,0.015172676,0.021628229,0.013168569,0.017708145,0.016317673,0.15639761,0.019176181,0.016031869,0.018157596,0.038918767,0.014132732,0.016061574,0.006868525,0.019096604,0.00683735,0.014102301,0.01562362,0.115065314,0.01671146,0.023189586,0.0075661414,0.021899529,0.035847433,0.026611518,0.009174884,0.012227807,0.032286137
NR2F2,0.000998263,0.0010759009,0.0011689663,0.001202843,0.0025268048,0.0010517595,0.0014689668,0.0019625917,0.0008233537,0.0015320921,0.0016047001,0.0021010565,0.0007367075,0.0015246815,0.0014459438,0.0008277126,0.0008484305,0.00095026294,0.0013334038,0.0024341575,0.00065096555,0.00094163534,0.0006591768,0.00080656924,0.0014545844,0.0008564652,0.0010165868,0.0010965493,0.0011796292,0.00088993466
SELENOS,0.03641737,0.04255316,0.04768351,0.052490268,0.058913045,0.048296127,0.08392421,0.08028809,0.01967126,0.06486096,0.06648312,0.08696204,0.028198108,0.068846434,0.06147074,0.03527331,0.034004442,0.045009736,0.065240085,0.06312886,0.036898375,0.054217804,0.07060765,0.03208573,0.058768123,0.029383529,0.03755587,0.049044237,0.060935225,0.114883795
SNRNP25,0.12006818,0.0468215,0.059322264,0.07964222,0.04190711,0.06806867,0.05690713,0.06668979,0.0802393,0.064999245,0.049172986,0.06290345,0.07827147,0.05588435,0.03907997,0.027519519,0.040030926,0.035296187,0.03721469,0.04417509,0.09916675,0.037921783,0.02986624,0.019027384,0.061875273,0.114595525,0.07657095,0.05635956,0.04079507,0.08943361
HBM,0.005359325,0.005115503,0.004585018,0.02668526,0.006618849,0.005987729,0.00669362,0.0083528245,0.0033330293,0.007200066,0.10802942,0.008461231,0.0027977463,0.0067929667,0.027099576,1.2031921,0.0035762857,0.004736968,0.0064549777,0.005342243,0.003227957,0.004872402,0.0028640027,0.0033578826,0.006145184,0.0056051644,0.005345083,0.005504321,0.005247832,0.0042643994
HBA2,0.013360073,0.026766375,0.025713684,0.10742218,0.037013877,0.040624406,0.043426514,0.060517095,0.02034969,0.043395042,0.14267185,0.056304555,0.024427548,0.043397225,0.080198556,0.8463534,0.023747263,0.03348995,0.041493103,0.056831345,0.022048073,0.02233299,0.014544706,0.018330496,0.10487553,0.024018034,0.021710562,0.19473836,0.03018288,0.020576106
HBA1,0.015556263,0.026355248,0.023691127,0.069364816,0.028569872,0.03262111,0.055868525,0.05189379,0.013297106,0.041672956,0.08766833,0.040514827,0.026415613,0.030092778,0.069139384,0.94005615,0.02094715,0.019959567,0.037239615,0.08476449,0.025784573,0.02297063,0.011995022,0.05500328,0.08825677,0.019357515,0.020172594,0.13414441,0.037193123,0.019027691
HBQ1,0.003557425,0.0047677793,0.0047633457,0.005312708,0.0055507915,0.0043090126,0.006582953,0.007946687,0.0031927074,0.0064679943,0.0061739604,0.0075521823,0.0026983873,0.0063848603,0.010396823,0.11455198,0.012962609,0.004289752,0.005009196,0.022143604,0.004714672,0.0042010117,0.0028033676,0.064786606,0.0068693063,0.005357913,0.003915014,0.004835761,0.007445759,0.0062218234
MSLN,0.039696414,0.00077568175,0.0008032801,0.0008790026,0.0009390073,0.009424579,0.0011341008,0.001248356,0.0005036649,0.0010223374,0.0010993965,0.0014596032,0.00055104564,0.0051929713,0.000933437,0.00056531094,0.00058657513,0.00052934047,0.001015264,0.00091878814,0.0005354043,0.0007781141,0.0004062462,0.00055021286,0.001008631,0.009588512,0.036974832,0.00082922936,0.0008504047,0.00061827473
TPSB2,0.00091388926,0.00082092074,0.0009330328,0.0010764444,0.001091847,0.00090116746,0.0012754382,0.0015891154,0.00063143007,0.001406938,0.0011590036,0.0014887608,0.00051930675,0.0012773281,0.0010927329,0.0007172356,0.034597587,0.00089592586,0.0011733598,0.001033098,0.0006099821,0.0007696231,0.00056987465,0.0006540314,0.0013158267,0.00087879563,0.00094202394,0.00085972314,0.00092893984,0.00077402225
TPSAB1,0.0010034462,0.0012938837,0.0013922519,0.0017306294,0.0016320829,0.0015267571,0.001856319,0.0022900552,0.0009199686,0.002156351,0.0020408598,0.002446059,0.0008293323,0.0015902583,0.001587476,0.0010667968,0.09349603,0.0009574828,0.0017718475,0.0015073621,0.0034110565,0.0012164197,0.00094939134,0.00097530487,0.0019970653,0.001249413,0.0012821428,0.0014551916,0.0013354725,0.0011318048
NPW,0.012839816,0.0033056582,0.0018003266,0.002618881,0.00192116,0.0017966233,0.005849075,0.0029864367,0.001087176,0.0024065366,0.0023789788,0.003270731,0.0009251812,0.0021862877,0.0022037383,0.0011375232,0.10390784,0.0015368548,0.0021195319,0.0019723168,0.0012647699,0.0015319248,0.0010459407,0.0012205673,0.0024539926,0.0015529192,0.0066042575,0.0020483558,0.0014789376,0.0014127006
CCNF,0.0063283183,0.008015275,0.010640213,0.01089186,0.011433884,0.013283588,0.015905373,0.014656101,0.08702616,0.016290497,0.015330767,0.015882682,0.020900097,0.009281216,0.014308986,0.0060241735,0.009528037,0.0056218877,0.008352484,0.018568655,0.047238003,0.008073772,0.015431806,0.0051376983,0.009671407,0.007850189,0.010640518,0.024902808,0.015125399,0.007080985
PRSS33,0.00078205706,0.0009570607,0.0009179916,0.0011024137,0.0011153788,0.00093055086,0.0012829141,0.0016038733,0.0006338411,0.0013725252,0.0012271259,0.0016141351,0.0006170699,0.0012727631,0.0036012451,0.00066057214,0.0006838005,0.00066000817,0.0011252294,0.0010111574,0.0006563015,0.007648487,0.00065832055,0.0006459807,0.0013364274,0.00091471174,0.0010017805,0.0011112123,0.0015291956,0.00078426854
PKMYT1,0.004487497,0.005578671,0.005468038,0.0056158667,0.006851499,0.005568866,0.0076380693,0.00977144,0.1678549,0.009801248,0.008952085,0.008985053,0.045226116,0.0071926625,0.007510948,0.0044888924,0.01339689,0.0046280385,0.0074255113,0.0058053387,0.1953147,0.0050630984,0.014434756,0.0035748337,0.007941688,0.0045279856,0.005898366,0.0053596147,0.005912414,0.006443438
IL32,0.10490012,0.108839504,0.11779707,0.12782729,0.14015087,0.11496298,0.20505036,0.11156731,0.08868542,0.14688152,0.1732122,0.14266352,0.08767203,0.14201568,0.1632534,0.068908975,0.08577961,0.08431662,0.14314744,0.12909219,0.07092731,0.10143448,0.07663382,0.08579651,0.11394391,0.13040628,0.11370036,0.09189996,0.15649877,0.089853525
AC108134.2,0.025757039,0.015542436,0.017697886,0.018822063,0.031612705,0.020298984,0.020311717,0.0337186,0.012084341,0.033701308,0.03953844,0.04023136,0.009486631,0.023847492,0.01988354,0.012317648,0.036689397,0.017959993,0.02970212,0.030875623,0.01513391,0.01864696,0.008730677,0.014263632,0.03851545,0.023867212,0.03574745,0.038267225,0.025025744,0.03078004
MEFV,0.025087388,0.021418218,0.024083931,0.025257343,0.12886724,0.08326162,0.03183223,0.038261816,0.013686172,0.03128943,0.030651417,0.038239576,0.015101041,0.029623097,0.026036302,0.017467331,0.017595662,0.016859788,0.029296907,0.026353497,0.015595152,0.022235382,0.012728614,0.018978154,0.029905241,0.02476691,0.054750234,0.02414721,0.027822284,0.01879119
CARHSP1,0.05812182,0.057376742,0.05786543,0.08130271,0.072880894,0.056582563,0.10597488,0.11926345,0.13238432,0.09514871,0.08446522,0.113047324,0.09220116,0.087806016,0.09345328,0.036306284,0.045055047,0.07717562,0.09143585,0.09402005,0.15904514,0.07307285,0.03684309,0.03692217,0.07592512,0.05028834,0.046918362,0.13537805,0.085589364,0.061074566
TEKT5,0.0124885645,0.000994926,0.0009163667,0.0010691064,0.0013262697,0.0009076448,0.001330294,0.0016694234,0.00051594345,0.0013519916,0.0014027177,0.001671617,0.00057189114,0.0014742737,0.0010608315,0.0005838481,0.0007416018,0.00078643963,0.0011290854,0.0010881391,0.00055989815,0.0010297886,0.0005966122,0.00072936836,0.0012910521,0.00087982044,0.00988835,0.0010312343,0.00088769745,0.00069775485
CIITA,0.07348623,0.056305744,0.065999396,0.07342988,0.04925159,0.028762579,0.02861348,0.03343471,0.010906912,0.029127244,0.028010737,0.035656568,0.0126803545,0.02796218,0.026824031,0.01522935,0.025670333,0.0175225,0.026009265,0.028633073,0.0136871245,0.02460866,0.011737329,0.017416403,0.027338138,0.06325111,0.07513196,0.019104023,0.023643108,0.04121102
SNN,0.03670768,0.05794647,0.049273364,0.052166153,0.08768448,0.10908535,0.052909605,0.073487185,0.022934865,0.06286134,0.05197144,0.070345424,0.02106422,0.05972632,0.046883404,0.03796697,0.028373614,0.075453006,0.06499169,0.03865968,0.019866586,0.03486234,0.02041036,0.18489422,0.054235645,0.034337286,0.050973177,0.040148716,0.048937257,0.033757128
TXNDC11,0.020827064,0.031994548,0.030116985,0.034850385,0.042491417,0.040596172,0.04748676,0.043323852,0.024757674,0.04847851,0.05383365,0.03803057,0.014607303,0.03177575,0.03376991,0.016985016,0.022022279,0.024931787,0.04653625,0.043094963,0.01623702,0.03763441,0.08600957,0.018947406,0.036305524,0.026860962,0.02971075,0.05589942,0.039827593,0.034066092
TNFRSF17,0.008998439,0.02609888,0.035323758,0.029948663,0.011225308,0.008514674,0.013138274,0.0166181,0.0069567575,0.013829888,0.013855479,0.017783998,0.006248779,0.013477762,0.012446056,0.007332717,0.008440595,0.0081909355,0.012572658,0.011786995,0.0057011545,0.012222098,0.33227947,0.006721624,0.013590636,0.009452367,0.009164597,0.009857916,0.009150458,0.040313497
CPPED1,0.075243674,0.050783135,0.05512026,0.052460082,0.16513129,0.18147321,0.0682822,0.08617734,0.027562944,0.07875034,0.068656445,0.080160126,0.03205709,0.061681304,0.058922112,0.03565119,0.046921507,0.042462375,0.055812404,0.06143388,0.033351276,0.043485194,0.028368646,0.0455409,0.0781555,0.07355992,0.103900805,0.049852755,0.061257254,0.053912856
MIR193BHG,0.003657251,0.0070305686,0.006545033,0.0047575724,0.005867432,0.003965856,0.005107855,0.016531045,0.0025411965,0.008721218,0.010023695,0.008788249,0.0056999065,0.005237896,0.004491308,0.0026793987,0.0027867062,0.0027971254,0.0051862868,0.006004107,0.0025858914,0.0036382948,0.06551141,0.0027572257,0.010640696,0.0043904004,0.003580222,0.004711641,0.005145844,0.042937785
NPIPA2,0.036779143,0.001168004,0.0012860893,0.0013401218,0.0013105446,0.0010967772,0.0015578106,0.0018305925,0.0006943378,0.00507013,0.0017537121,0.0019576217,0.00078052975,0.0017131321,0.0014541475,0.00085667736,0.0019093554,0.00097367296,0.0013913788,0.0012771506,0.0006882648,0.0011707506,0.026114797,0.000782538,0.0016243965,0.007932958,0.0011977646,0.0011116454,0.0012675712,0.0009465626
NPIPA5,0.0015815705,0.004704829,0.0019567586,0.0020942134,0.0022412024,0.0019343478,0.0053365976,0.0032002581,0.0012469189,0.0083623575,0.0027172472,0.0092192935,0.0013354404,0.002474894,0.0022039698,0.0012214729,0.0012114646,0.009871946,0.0037050757,0.004660725,0.004538219,0.0018506178,0.009113426,0.0012929961,0.0027516535,0.0017158181,0.0016525409,0.0020118726,0.0017942451,0.0039873216
AC130456.3,0.0008496355,0.0010117557,0.0011168921,0.0011474292,0.001228139,0.0010617537,0.0013232523,0.0016687993,0.0006501135,0.0014756084,0.0014683875,0.0016487312,0.0005730406,0.0013315552,0.0012397629,0.24730007,0.0007403637,0.000904929,0.0011870911,0.0013621411,0.00066855096,0.0009196748,0.0006303893,0.000707563,0.001348291,0.0009251559,0.001010277,0.0012483676,0.0010755078,0.000890454
CRYM,0.03053709,0.0024581722,0.0043238183,0.010736692,0.0034669265,0.002701275,0.0034818517,0.004460772,0.0012443898,0.0038252678,0.0036843468,0.004657249,0.0014774248,0.0036951734,0.0027384157,0.0020042374,0.0149286445,0.0020607007,0.0029503207,0.0028630227,0.0016004884,0.0024000825,0.004476245,0.013537573,0.0035370148,0.0030328021,0.0027767266,0.0028975778,0.0029671742,0.0908142
IGSF6,0.058220815,0.03571633,0.034025755,0.043124415,0.14828292,0.1207281,0.05136761,0.06454133,0.017920991,0.056822345,0.04833143,0.064317204,0.022971021,0.053271692,0.039743282,0.030392265,0.026776083,0.029264113,0.04096048,0.044818357,0.022027018,0.032695465,0.020881945,0.030097991,0.04626216,0.03437997,0.12731302,0.03959127,0.03945524,0.031113137
PLK1,0.007926228,0.008427838,0.015943699,0.009651811,0.009967517,0.01126967,0.010955062,0.01455465,0.37632254,0.020194612,0.010764915,0.03416477,0.038194265,0.010695789,0.026358524,0.0051699867,0.0061914017,0.0066981884,0.009444645,0.011072808,0.06003511,0.016641755,0.049206395,0.005876346,0.025985328,0.010727477,0.006168083,0.0069524897,0.020812925,0.009689636
IL4R,0.026092278,0.06423499,0.058120657,0.24920312,0.06760665,0.03898687,0.07125941,0.11006628,0.018789882,0.081931725,0.072208054,0.08259557,0.025166523,0.08243865,0.059776615,0.028483614,0.032327402,0.057893917,0.058103755,0.058607876,0.031495914,0.0629443,0.024952954,0.028423926,0.066525094,0.043728527,0.045050643,0.0670405,0.05877368,0.033296406
NPIPB6,0.001957213,0.0054957205,0.005322919,0.0029475521,0.004384724,0.002599076,0.003479454,0.0077824853,0.0017267778,0.0054557696,0.003821103,0.0048385207,0.0018843755,0.007670871,0.0030704497,0.0021268907,0.0073287664,0.0025706852,0.0034967803,0.0038868506,0.0016634903,0.0025886744,0.017861165,0.0018368396,0.0054323836,0.006018694,0.0026903911,0.0031542056,0.00394271,0.0023925572
NUPR1,0.0009254717,0.0011363627,0.0012050163,0.0012781967,0.0012050866,0.0012403814,0.0015158353,0.0018007987,0.0007323852,0.0016218635,0.0015062328,0.0017535258,0.00052824506,0.0068647345,0.0012420686,0.0007961153,0.00082074944,0.00096108235,0.004040765,0.0011921427,0.00071302324,0.0010289614,0.000531538,0.0007247008,0.0015599381,0.0010563204,0.0009788196,0.001266495,0.001181557,0.00089755974
SULT1A1,0.033474755,0.027469004,0.027774714,0.030721867,0.10021113,0.0817184,0.040431764,0.04882618,0.019853575,0.047306918,0.039908588,0.056466322,0.021319287,0.040888563,0.037478384,0.026204389,0.030940602,0.036054354,0.038846396,0.03603808,0.019435946,0.028649196,0.018975677,0.0307244,0.042729553,0.026445337,0.041474234,0.03676298,0.038099,0.024837265
CD19,0.007415855,0.06526457,0.055446256,0.102963306,0.011324469,0.010218245,0.012287331,0.01670247,0.0050764508,0.013567904,0.013827638,0.016174989,0.0059942203,0.012566773,0.010139088,0.005740601,0.007861792,0.0063726464,0.012238728,0.0109714195,0.0061087245,0.008730851,0.027502457,0.006837058,0.013777549,0.011060295,0.01144065,0.011932825,0.011323434,0.007476423
PYCARD,0.07704727,0.046495497,0.051476903,0.06539305,0.10515523,0.111059316,0.07176045,0.082019396,0.016711215,0.0767306,0.080735855,0.08402965,0.0245728,0.061480768,0.06268138,0.039789528,0.03280453,0.042768758,0.07399774,0.0742489,0.03136677,0.060522165,0.022911573,0.04854024,0.08849143,0.079591535,0.06692464,0.05443432,0.05811999,0.05286188
ITGAM,0.03830037,0.049085833,0.05509327,0.05055599,0.13876249,0.05722391,0.11809516,0.08154226,0.024412785,0.07496608,0.0673863,0.08126454,0.038140938,0.07077749,0.07680034,0.03472943,0.030826215,0.0971469,0.068354614,0.13529462,0.056180622,0.1415477,0.02380255,0.041039206,0.06948455,0.049835145,0.04707991,0.053470902,0.07141513,0.039198477
ITGAX,0.0536939,0.040602133,0.040168922,0.046680477,0.106905624,0.11054522,0.052692033,0.06462306,0.027303804,0.05994467,0.04883834,0.06336393,0.023703117,0.051854145,0.05134765,0.030676302,0.029021801,0.06889345,0.04747633,0.077223174,0.03595266,0.10265844,0.02541338,0.030745234,0.052450858,0.03791314,0.08882127,0.044162672,0.04826816,0.031772725
COX6A2,0.0004409966,0.00057131675,0.0005178992,0.0005641336,0.000556603,0.0005163056,0.0007197111,0.00081994175,0.0003101481,0.00075301086,0.0007317948,0.0008263272,0.00023903782,0.0006352092,0.0006128592,0.00038695388,0.00032848737,0.00041519,0.00058210135,0.00057328166,0.0003642325,0.017931813,0.0002504332,0.00036563675,0.0006492188,0.00061314,0.00047682165,0.0005880326,0.00060598744,0.00047792963
AHSP,0.003030853,0.0027300399,0.0033958796,0.0034379403,0.003771958,0.0034425776,0.0046693166,0.004865784,0.0016139144,0.004860849,0.0045747696,0.00526496,0.0019003333,0.004213955,0.010281889,0.6317853,0.0022518616,0.0023057552,0.007473191,0.0039554075,0.002050841,0.0028123052,0.0019565136,0.0021622705,0.004539247,0.00340399,0.0028490517,0.003468045,0.0033390846,0.0026472162
SHCBP1,0.018059153,0.011240404,0.014012251,0.008999893,0.012511458,0.011285885,0.008050061,0.009692516,0.08971304,0.008121559,0.011388629,0.0121068945,0.043279048,0.00774748,0.007313403,0.004625806,0.010924515,0.004544338,0.00681104,0.007804618,0.08263567,0.0066249636,0.06409838,0.0041819294,0.007499508,0.01806998,0.015974488,0.009096621,0.008474282,0.012483244
ORC6,0.049318653,0.03012791,0.024073157,0.018867461,0.018280499,0.016435212,0.023333836,0.027731802,0.14825673,0.02172975,0.017732294,0.023563774,0.11549735,0.0195289,0.02125783,0.00688847,0.04844017,0.00961941,0.021891188,0.017697064,0.13139415,0.011883672,0.024619568,0.008756471,0.019234555,0.017806614,0.023812396,0.016950069,0.016847804,0.016486196
IRX3,0.0012946296,0.0014261951,0.0015159728,0.0018198753,0.0019993656,0.001426357,0.0019032562,0.0025115912,0.00064601685,0.0022265767,0.0020319277,0.0025483645,0.00059011445,0.0019701065,0.001643876,0.0012275779,0.0011607426,0.0011218605,0.0016214793,0.0016113687,0.00090752286,0.0012706387,0.00068258273,0.020873392,0.0019680983,0.0012971415,0.0014877445,0.0014948756,0.0017010613,0.0012967661
LPCAT2,0.052120067,0.023356631,0.021059632,0.022864353,0.09575957,0.12554505,0.03383491,0.03678673,0.012765433,0.032501318,0.029807715,0.03570732,0.011362285,0.027023144,0.025271121,0.01963854,0.07624492,0.02274222,0.029458541,0.023670195,0.015065135,0.021153215,0.012795652,0.01730687,0.030844076,0.07748259,0.08693084,0.024667516,0.020092407,0.024668178
CES1,0.040354915,0.025363095,0.026246704,0.026467372,0.10637469,0.028122846,0.08816894,0.03691367,0.034352608,0.034437977,0.049701218,0.04666243,0.054485243,0.037499648,0.078429654,0.020529563,0.015773922,0.018083526,0.03544275,0.042537365,0.01909614,0.02145064,0.012563643,0.020203704,0.032949753,0.029057661,0.067284405,0.06236542,0.07518083,0.019269103
MT2A,0.064170405,0.08676694,0.08150547,0.09484421,0.10010586,0.1237768,0.13037753,0.13873786,0.08659656,0.11973725,0.13245669,0.14285512,0.052990876,0.12308582,0.1420795,0.06268774,0.049074028,0.07209751,0.14890999,0.121293195,0.092395775,0.079179056,0.04107422,0.077859566,0.1407824,0.08795529,0.08102672,0.17545454,0.13409808,0.05132112
MT1E,0.024288705,0.018023105,0.01921965,0.022771504,0.037251733,0.03433307,0.09367869,0.03970596,0.092645705,0.06304351,0.06064307,0.043426752,0.10175905,0.059276164,0.082271144,0.012835396,0.014866086,0.023138342,0.06103169,0.033966262,0.04307676,0.025239732,0.018896138,0.017323457,0.031141823,0.014031205,0.025775129,0.1317002,0.046553653,0.020929947
MT1G,0.088364765,0.0020047203,0.0021236336,0.0023448975,0.014061599,0.005386584,0.0027741876,0.004415033,0.0023995754,0.0029659418,0.0039827162,0.0034739983,0.0011392487,0.002636547,0.0022898694,0.0013425187,0.0014900127,0.0018625035,0.0024141013,0.0040159184,0.006360158,0.0029072778,0.0010945314,0.0014510008,0.0026991153,0.0020268066,0.0069870055,0.0021486764,0.0020670057,0.0016023887
HERPUD1,0.15217195,0.10425387,0.10180182,0.10453793,0.08812784,0.06396994,0.113957636,0.12107973,0.021500971,0.11272973,0.111770965,0.12072673,0.034130856,0.10585166,0.10197977,0.043967392,0.048144672,0.07831375,0.090809636,0.0849678,0.03920039,0.071197115,0.08195096,0.058342103,0.10677606,0.057159547,0.09664351,0.0914767,0.09555623,0.1884419
ADGRG1,0.021532064,0.020372974,0.021537952,0.027122984,0.025487447,0.021167455,0.08387008,0.040627338,0.012983539,0.036386993,0.029153228,0.040606357,0.029537518,0.03394191,0.073270775,0.016661145,0.021334432,0.022250207,0.025962114,0.13798626,0.050894026,0.04043558,0.013649016,0.017703392,0.031516317,0.02138307,0.019516125,0.026008895,0.053685065,0.019699542
CDH5,0.0003692635,0.00039642,0.00041940899,0.0004459021,0.0015348408,0.0003754295,0.00049743574,0.0006082728,0.00022950236,0.0005556643,0.0005278587,0.00065825885,0.00022841306,0.0004935657,0.00047902847,0.00026593546,0.00029282834,0.00038069297,0.0005136954,0.00043272215,0.00023411529,0.00036660896,0.00024971121,0.00028240719,0.0005339835,0.00034331827,0.007725526,0.0003685216,0.00043188367,0.0003428381
RRAD,0.0017502097,0.004214426,0.0021125968,0.0024865863,0.008922928,0.0027707699,0.0027643922,0.012171316,0.0013671903,0.003385726,0.0028363275,0.0036975306,0.0010533143,0.006264788,0.003344776,0.0014832598,0.0017028918,0.0017583936,0.010435943,0.0022964298,0.0013350233,0.0020282448,0.006069012,0.0012833717,0.0029328617,0.0113895945,0.01153087,0.007701603,0.002262493,0.0017041335
TPPP3,0.010987292,0.011295767,0.011690482,0.013176196,0.055616274,0.12179769,0.014453993,0.019317731,0.007103593,0.016917799,0.015874982,0.021429125,0.0060028806,0.015866203,0.01468387,0.010397184,0.022135265,0.00864745,0.013228321,0.013468977,0.008409683,0.011623333,0.0060424944,0.0069601825,0.015938682,0.023613174,0.026574152,0.012280936,0.013357324,0.010791706
ZDHHC1,0.03271251,0.011716342,0.011736841,0.012703599,0.050919935,0.09165909,0.015540791,0.018017393,0.0060162162,0.017308917,0.016223203,0.019716183,0.007487204,0.016045261,0.013400873,0.010386398,0.011584178,0.010790647,0.011450145,0.015216519,0.007870817,0.013584152,0.006653373,0.0133626275,0.0142309265,0.04216888,0.026422964,0.010858113,0.017201519,0.010081627
DPEP2NB,0.00032378655,0.0003707832,0.00035543082,0.00039481182,0.0004330092,0.00034257394,0.0004641399,0.00053127174,0.00021283362,0.0005156013,0.00047801426,0.00058443303,0.00023308334,0.00043262556,0.00039871986,0.0002503934,0.0002469833,0.00031629362,0.0003514667,0.00038739634,0.00020911553,0.009213923,0.00020253037,0.00024050746,0.000419694,0.00026918674,0.0003284711,0.0003625545,0.00035363503,0.00029471976
SMPD3,0.075671755,0.025944626,0.02389712,0.019778319,0.017793177,0.018567443,0.02251596,0.027873851,0.012603584,0.02629849,0.02642491,0.0367294,0.019788552,0.022613922,0.025156444,0.01676375,0.011212893,0.012399627,0.022479493,0.031604327,0.017695738,0.017935455,0.014658851,0.009480381,0.03381201,0.04530547,0.026291441,0.014607005,0.026100295,0.425245
CDH1,0.2087613,0.0031631447,0.003122831,0.0039584306,0.003567686,0.0032243328,0.0041855676,0.005221688,0.0018794404,0.004417385,0.004485067,0.0058648684,0.0018902695,0.004091979,0.0036873617,0.0033138134,0.003944093,0.0023691866,0.004111894,0.0032759134,0.0020045512,0.0029942922,0.00445392,0.002293264,0.0045051267,0.0061951806,0.032453805,0.019531593,0.0035826163,0.05396708
HP,0.0043795565,0.009598239,0.0051096138,0.0063917027,0.044491164,0.005650083,0.006596673,0.012614762,0.0024455904,0.007840009,0.0064598112,0.008199164,0.0029394517,0.0065962505,0.0069210036,0.0068049384,0.003737435,0.0033828681,0.005312951,0.0053516664,0.0030803154,0.004471617,0.0029552993,0.004603701,0.00690001,0.004522221,0.024286034,0.0048220353,0.008992431,0.0038563292
ZFHX3,0.048430093,0.037358843,0.03830334,0.03378981,0.11759129,0.080382794,0.03927377,0.053318515,0.01993042,0.044325817,0.04337736,0.049781743,0.036032055,0.033774395,0.03134739,0.027817473,0.039120696,0.07822947,0.033193715,0.04056089,0.029973064,0.093251616,0.015918048,0.021529572,0.036940508,0.08431583,0.08485638,0.029585065,0.029046701,0.029172504
MAF,0.03224739,0.047698222,0.053980473,0.062062956,0.058874276,0.058474984,0.19105993,0.09105,0.10621264,0.1612701,0.15145388,0.09131349,0.038353227,0.070286706,0.10363537,0.03034621,0.045162313,0.14294495,0.19306149,0.10981053,0.040471286,0.054154206,0.027581789,0.03600771,0.088455796,0.0501636,0.04196855,0.06981526,0.08718868,0.04360364
LINC01229,0.0017259264,0.0023822128,0.0023859616,0.0024874413,0.0026640154,0.0022796153,0.003147289,0.004224671,0.0016608384,0.029888213,0.0032165062,0.0038951996,0.0010597083,0.0032934812,0.0028597019,0.0015067647,0.0019099094,0.20980398,0.0029430215,0.0023732942,0.0013240207,0.0022883713,0.0014471086,0.0015293206,0.0034490905,0.0016973397,0.0020879519,0.0027665251,0.0019885856,0.002057038
CENPN,0.01134186,0.009710155,0.01648484,0.011650482,0.017586764,0.014538629,0.015954122,0.016974704,0.12899566,0.019037912,0.015692143,0.019602826,0.08544303,0.0136107,0.015160458,0.007738349,0.024092976,0.005962765,0.014104371,0.014433468,0.11129194,0.009509113,0.02569926,0.014091427,0.020697528,0.014046397,0.03131169,0.009552379,0.020560049,0.007312592
HSBP1,0.056362752,0.057757627,0.057226732,0.062509105,0.088184655,0.13212079,0.08466262,0.085915394,0.024072507,0.08277095,0.08171508,0.08886822,0.034855224,0.06768405,0.060657106,0.03347181,0.058419053,0.050263993,0.06913673,0.06704666,0.039836235,0.05643693,0.027061516,0.059137173,0.07674749,0.032507323,0.057730064,0.059208546,0.06189792,0.041643076
DNAAF1,0.0073692277,0.009508447,0.010372879,0.007811083,0.04704867,0.028954422,0.01050035,0.010129273,0.004970681,0.011145528,0.011788785,0.01180508,0.004261474,0.0093960725,0.009413012,0.0035994817,0.0052730176,0.019430943,0.0076018465,0.008286941,0.0038204205,0.0077640116,0.00795533,0.0061286227,0.00962276,0.0073199715,0.010618625,0.00833168,0.011781768,0.0054308954
COTL1,0.12839414,0.07585113,0.07333139,0.10478633,0.20831214,0.24485637,0.13627703,0.1655992,0.09594713,0.111397,0.11312963,0.13243155,0.059764538,0.10001801,0.12474261,0.08334244,0.08065035,0.085284196,0.11503861,0.14215,0.075342715,0.07496235,0.04623619,0.10683617,0.13401535,0.15863812,0.17638338,0.12372601,0.12946793,0.09316771
CRISPLD2,0.014071719,0.015471913,0.015201808,0.016870182,0.12533754,0.017762227,0.01786302,0.024253609,0.0076013263,0.025117235,0.025068948,0.030389138,0.009012347,0.01990373,0.017009757,0.012468116,0.009430853,0.013880937,0.014790799,0.015978184,0.010604478,0.014507416,0.009210375,0.013684192,0.028724326,0.012706961,0.019945228,0.02276055,0.017400784,0.014948794
FAM92B,0.00053401705,0.0006617964,0.00075662707,0.0008338786,0.00085740455,0.00078984234,0.0009748784,0.0013087536,0.00042737258,0.0011448896,0.0010560303,0.0014326798,0.00047404098,0.0010314852,0.0008761595,0.0005634961,0.00052217644,0.0005730504,0.0008513429,0.004620938,0.0083061475,0.0006960979,0.0020542366,0.00057049165,0.0009874739,0.00055163837,0.00064576004,0.00072341,0.00077732105,0.0032390617
GINS2,0.0083691245,0.015761927,0.01676599,0.012573082,0.015200794,0.016487649,0.017599665,0.02596536,0.32458648,0.023218872,0.01666969,0.020983422,0.23241705,0.015477355,0.014424831,0.010182815,0.048244078,0.0120634325,0.02348557,0.01566027,0.28471205,0.018159222,0.040261194,0.007989385,0.01679346,0.017008137,0.011446671,0.012033441,0.016008431,0.013371506
IRF8,0.20803443,0.103686914,0.09224083,0.11727422,0.06363641,0.046963226,0.053174347,0.060803257,0.017741248,0.052285843,0.05256725,0.0737742,0.021654803,0.051222384,0.042232994,0.024983149,0.03287386,0.03200948,0.042729482,0.051105976,0.02642781,0.051575568,0.016827045,0.0293147,0.050828002,0.23277211,0.06569599,0.037820205,0.04676449,0.26154765
SLC7A5,0.12798215,0.027153583,0.023716144,0.022546414,0.03570493,0.018328791,0.029903922,0.03177976,0.01827506,0.041427895,0.050054614,0.035310417,0.011450001,0.032677412,0.034406528,0.025679026,0.016995328,0.026895078,0.06437943,0.030235177,0.013200546,0.023969728,0.05280471,0.038991947,0.026292378,0.016167875,0.035456687,0.02064443,0.041078597,0.1632041
AC134312.5,0.004295201,0.0022944598,0.0022911148,0.0025326945,0.0044639246,0.0022078145,0.0030599528,0.0036973169,0.0015465041,0.0031848783,0.0026987263,0.0037013653,0.0010144094,0.0027404272,0.0022871667,0.00171616,0.0017958966,0.0016900011,0.0026708243,0.0026489566,0.0013243789,0.008022087,0.0013429548,0.0014536376,0.003165134,0.013011033,0.039150957,0.0024842164,0.002165109,0.0018408556
LINC02182,0.001377304,0.0015494172,0.0016697422,0.0018798584,0.0029478117,0.0018118866,0.002013723,0.0028876576,0.00073275174,0.0024004548,0.002241713,0.0029799554,0.00096039556,0.0022451696,0.0018888436,0.0012951152,0.0011931839,0.0010479566,0.0019713193,0.001932973,0.0010212056,0.001464405,0.00092901464,0.0019942399,0.0023347088,0.0016699841,0.031634636,0.0018349488,0.0018352625,0.0012491961
CDT1,0.008047389,0.01795609,0.011832433,0.0126728695,0.014632497,0.012857416,0.01310123,0.017923517,0.27719063,0.019360274,0.019851023,0.036555946,0.27885947,0.020610545,0.011900241,0.0081155915,0.0641532,0.009028832,0.013020859,0.01695398,0.30010927,0.009151658,0.025510734,0.0075402767,0.014095677,0.02359683,0.02689973,0.018648038,0.012081319,0.009661747
CBFA2T3,0.06981592,0.050431184,0.056429602,0.039378006,0.053759973,0.048461307,0.027825883,0.030358195,0.011413562,0.025563795,0.024038693,0.03177884,0.008760356,0.024992073,0.0211152,0.011381752,0.059403814,0.038773872,0.02026119,0.022258926,0.009859457,0.027272645,0.014478678,0.018903377,0.02877797,0.10135478,0.061646722,0.020032376,0.0197981,0.11563784
CDH15,0.00077208516,0.0011521265,0.0011282217,0.0013346762,0.001202544,0.001013942,0.0014430372,0.0017504374,0.0006162287,0.0014797475,0.0013589954,0.0018056545,0.00069645216,0.0014038251,0.0012145496,0.0009054104,0.0007987859,0.00091679394,0.0013363569,0.0012317426,0.0007105393,0.0010777586,0.010913795,0.0007338875,0.0013735846,0.001067952,0.0010346422,0.0012133722,0.0011296762,0.0036133954
YWHAE,0.10991333,0.07098711,0.07751105,0.08639544,0.08992327,0.08117534,0.10844975,0.13038185,0.061449494,0.110039726,0.10510382,0.13383299,0.036731355,0.09415258,0.094981484,0.046729118,0.07881928,0.052511636,0.10102539,0.096693076,0.06461221,0.06859087,0.04591272,0.10445004,0.10782191,0.13133451,0.10041045,0.080676086,0.09865173,0.058687508
SLC43A2,0.035045248,0.032765504,0.027533641,0.030772727,0.10872277,0.07315024,0.0351617,0.039927624,0.015996454,0.034359843,0.029177811,0.042780787,0.012509079,0.030358769,0.03051604,0.013403475,0.02127801,0.014245509,0.02629087,0.029232066,0.015841264,0.02609272,0.016466929,0.016614906,0.032845505,0.02818688,0.038868785,0.022995561,0.029642614,0.02819247
SERPINF1,0.08967303,0.017459676,0.015157372,0.015940897,0.0156128,0.013138124,0.018025052,0.023898637,0.0073644915,0.019609122,0.016490452,0.034222312,0.007151602,0.017327627,0.014548242,0.009402541,0.00943612,0.009437459,0.014280843,0.015072661,0.010238715,0.011319555,0.010363899,0.012063394,0.017895207,0.1432756,0.031590275,0.014690409,0.014809772,0.38666588
P2RX5,0.04601926,0.1716645,0.19032544,0.20607328,0.042007133,0.036200855,0.065377,0.066638924,0.028110472,0.06682979,0.07667586,0.07023554,0.023247821,0.05490892,0.047812592,0.032072842,0.058426738,0.023744661,0.06817367,0.043236285,0.023354532,0.039050166,0.06269085,0.028250678,0.061129313,0.027982373,0.040934455,0.083959915,0.051484965,0.029790226
ITGAE,0.03796851,0.050829723,0.05164557,0.06530612,0.050929777,0.033394475,0.056857403,0.06828994,0.04093106,0.06534136,0.06418699,0.07443128,0.025077548,0.055005215,0.05058102,0.019646998,0.037884284,0.03721245,0.060519584,0.05063738,0.03290223,0.04222348,0.028839841,0.025808971,0.06016643,0.034576565,0.047277287,0.06686411,0.048460543,0.056093946
CYB5D2,0.033902038,0.034274302,0.033382848,0.03976823,0.044814646,0.029386757,0.029574927,0.057641525,0.018937925,0.050329804,0.035499725,0.058459554,0.030927904,0.051517062,0.02997022,0.019880125,0.01751296,0.01743526,0.04685349,0.04440755,0.019542951,0.039981544,0.0189013,0.05211514,0.039742198,0.035355285,0.03219478,0.058179535,0.031265624,0.028875507
CXCL16,0.04653332,0.028347677,0.02947172,0.03683996,0.121013485,0.17551915,0.037141822,0.04875935,0.018533941,0.041235745,0.044564348,0.053047076,0.0146624,0.039438356,0.029614214,0.029048968,0.021205433,0.017974304,0.032148972,0.029544571,0.019045081,0.022649176,0.016716108,0.034349296,0.03933661,0.12764049,0.07538001,0.03326853,0.03308648,0.031268638
VMO1,0.0029209554,0.003996956,0.00486574,0.005640801,0.0061811158,0.057974786,0.0053101233,0.008200115,0.0026089523,0.008191522,0.007083102,0.00783703,0.0030944757,0.008477396,0.0064345575,0.0034727962,0.003994222,0.0033060557,0.004868172,0.0057726814,0.0028655285,0.003871912,0.0022573173,0.0053030234,0.0058289943,0.016378406,0.009628534,0.0040797554,0.0046971072,0.005567436
GP1BA,0.012709758,0.013946953,0.018183615,0.016997688,0.020395448,0.01506038,0.018880328,0.032061525,0.010614804,0.021018568,0.021027433,0.029010372,0.0076416214,0.019553648,0.019856377,0.010465869,0.014961398,0.03205431,0.02071181,0.017451085,0.01003163,0.022411468,0.008941096,0.3410499,0.019636353,0.015817093,0.0149847055,0.016831242,0.016732447,0.010814869
SCIMP,0.045479972,0.08708577,0.12664981,0.07199852,0.110763945,0.1415869,0.04845615,0.05198483,0.017349647,0.056298345,0.056555483,0.052512944,0.020073177,0.0451047,0.040500063,0.028186213,0.022321811,0.02992769,0.03677232,0.041267384,0.029422715,0.03624217,0.020790251,0.025409428,0.051821545,0.058673494,0.08951857,0.04303087,0.03872672,0.030751338
PIMREG,0.002691819,0.0035604206,0.0032034048,0.0038308187,0.0035233477,0.0032761018,0.0045027495,0.0053243767,0.031765033,0.0046708435,0.004175012,0.005426842,0.014306215,0.003947398,0.0039444133,0.0024377755,0.002172217,0.0027599856,0.0039002826,0.0034463268,0.08353181,0.0031718984,0.0019473745,0.002258661,0.0042758333,0.0034039347,0.002979999,0.0029963043,0.0034745587,0.0031062332
TXNDC17,0.10755206,0.07541768,0.08055804,0.08486455,0.13628542,0.12522392,0.13985734,0.13902327,0.15669918,0.144886,0.12244154,0.12204176,0.08184255,0.11131751,0.108111285,0.05746712,0.06801255,0.06433817,0.10997035,0.11111243,0.080844305,0.080477834,0.05583912,0.07515545,0.11894436,0.09335639,0.100760564,0.106452234,0.09492098,0.06716616
ALOX12,0.002917936,0.0041418565,0.0043005473,0.004664086,0.0054132203,0.004430497,0.0054381476,0.0075458703,0.002606952,0.0060119787,0.00563506,0.006537722,0.002054044,0.0056434963,0.004768031,0.0024053832,0.0029319227,0.0030661041,0.0050721164,0.004836315,0.0023081978,0.004102496,0.0020383685,0.10164547,0.005561341,0.004344375,0.004456469,0.0045747724,0.004638359,0.0043750606
CLEC10A,0.15461294,0.020710425,0.020123785,0.02517228,0.06876147,0.051283825,0.026469091,0.034780174,0.012824828,0.02684512,0.025736248,0.034028377,0.0086202,0.028945267,0.022311557,0.012762232,0.015973302,0.014046318,0.023129357,0.022816906,0.0103106825,0.020657714,0.01238991,0.014436944,0.027325958,0.022117544,0.3621007,0.025616275,0.021023553,0.015708562
ASGR2,0.044156305,0.022550266,0.021383177,0.025196701,0.15930647,0.022799984,0.025349576,0.03390971,0.03519526,0.030636374,0.029453494,0.034599278,0.010305788,0.02320807,0.0222675,0.020564247,0.01678006,0.016018184,0.022974344,0.023661116,0.014880493,0.019151613,0.013932088,0.0137664005,0.029604087,0.030210868,0.08367714,0.0308281,0.01871574,0.016385831
ASGR1,0.043869685,0.044279516,0.042444136,0.044648845,0.2667499,0.0930451,0.062232643,0.06996767,0.02063857,0.07002578,0.05868145,0.07471497,0.030652188,0.060575392,0.051430702,0.050646342,0.032838885,0.048079118,0.050373744,0.052976426,0.029867271,0.0451127,0.024323273,0.031298213,0.057326272,0.037066113,0.07624709,0.036503516,0.047987152,0.037071742
CD68,0.057421494,0.03251145,0.03330635,0.037757713,0.1365715,0.12370648,0.041836094,0.053509127,0.016580548,0.04977929,0.039590474,0.056097787,0.016087782,0.040064476,0.034703378,0.023174874,0.021532338,0.026762756,0.035801962,0.038141645,0.020927789,0.035646047,0.015568928,0.042121105,0.043234892,0.02587228,0.03198191,0.033990726,0.03643892,0.06711448
KDM6B,0.026607793,0.036164097,0.03427811,0.03634352,0.07233994,0.04115235,0.040021714,0.057042822,0.0142783495,0.056921396,0.05170669,0.05113022,0.013705588,0.042434186,0.03696332,0.01836746,0.02932594,0.029725978,0.04492699,0.03334771,0.016768262,0.04207834,0.012008077,0.019645294,0.052970782,0.03444224,0.038380377,0.04150856,0.037716042,0.039910834
AURKB,0.015567028,0.011558911,0.012056153,0.011916782,0.017967578,0.00950983,0.016754936,0.01757388,0.23569536,0.0158594,0.013815931,0.014690067,0.11477192,0.012284254,0.01083607,0.007594526,0.007944134,0.0077606295,0.011204673,0.011669718,0.25334793,0.01603296,0.027260983,0.0097730085,0.0154030835,0.009199108,0.0087984875,0.008503084,0.009893238,0.008729719
RNF222,0.0024830601,0.002547999,0.009625749,0.0027882645,0.0034133566,0.0026004487,0.0035825411,0.004690835,0.001659697,0.008701445,0.021930946,0.009185242,0.0013533719,0.0059764017,0.0029492525,0.0024544226,0.0022722087,0.0020778207,0.011621821,0.004783383,0.001542191,0.0025240183,0.0013079662,0.0018130824,0.01637488,0.0022915325,0.0027332585,0.0027194917,0.0030951104,0.0018385935
GAS7,0.037132468,0.031145776,0.02777013,0.031924825,0.10798977,0.054472655,0.045895383,0.042869702,0.012355762,0.04036313,0.041626852,0.040213156,0.013566445,0.03501043,0.041162778,0.019202668,0.021674212,0.033089872,0.036454767,0.049934786,0.026162574,0.040369038,0.025385005,0.021577045,0.03943514,0.040834393,0.06799907,0.031170104,0.034789633,0.02106511
UBB,0.028297424,0.05255526,0.053732883,0.074829735,0.06551168,0.04832899,0.09941585,0.12728766,0.042430412,0.10080724,0.07768691,0.10858152,0.03575701,0.08079013,0.07697268,0.17068419,0.048590526,0.07308613,0.09075297,0.10207383,0.07374158,0.07378665,0.032578968,0.08478029,0.105230935,0.03567875,0.048244826,0.11347289,0.08151417,0.05136023
LRRC75A,0.07012022,0.07287353,0.085432954,0.07482135,0.08311006,0.06192632,0.09572609,0.15180151,0.03682886,0.12133055,0.11685824,0.16097027,0.029261969,0.12846828,0.084323615,0.04652603,0.081667155,0.06603165,0.07979542,0.075186945,0.035201654,0.06645038,0.03196227,0.04868604,0.11213857,0.06515565,0.08360913,0.06440838,0.099519596,0.07033302
TNFRSF13B,0.013540591,0.19064543,0.17872731,0.037217982,0.017640807,0.0131614,0.020156922,0.026154576,0.008693635,0.02235396,0.019566925,0.025339423,0.009121867,0.020867292,0.01654359,0.010914141,0.011851136,0.010446969,0.017511396,0.015693497,0.008910486,0.012867913,0.12494422,0.010649607,0.0209513,0.016922507,0.013452243,0.019051528,0.015526043,0.012071769
AC104024.1,0.002126693,0.028433384,0.008375383,0.0032420533,0.0024222087,0.0022423589,0.003212394,0.005410863,0.0014283189,0.0035162899,0.003234536,0.0039786804,0.0011171246,0.0030063456,0.002434532,0.0014090501,0.0016800835,0.0018632925,0.0030433955,0.002588469,0.0013931465,0.002032835,0.019290138,0.0016916407,0.009446568,0.0023281313,0.002038088,0.0024474696,0.0024331836,0.008405802
NT5M,0.0066090897,0.009857925,0.009980378,0.012423145,0.010617865,0.010695919,0.012415286,0.022573393,0.010047416,0.015389964,0.01352563,0.020970318,0.005071019,0.013310711,0.011366745,0.008602238,0.064521566,0.006448682,0.0107126,0.014076319,0.025503948,0.019315194,0.005329119,0.16866003,0.012958808,0.008356131,0.008955737,0.014703164,0.011874456,0.007676576
RASD1,0.018904345,0.006548031,0.008681262,0.008736628,0.007983275,0.012523789,0.011343968,0.013063297,0.0041527236,0.011660609,0.008847055,0.01702112,0.004462919,0.0088623995,0.008281759,0.0053526564,0.0109331915,0.0052501806,0.013858303,0.007033367,0.0041545657,0.01438769,0.008722713,0.0046235234,0.008546918,0.005754771,0.006210322,0.013664981,0.0073199063,0.25320593
AC020558.1,0.000589348,0.0006608101,0.00087052525,0.00068290654,0.0030685742,0.0018858184,0.0007884566,0.03169516,0.0003528215,0.0009489545,0.0009294708,0.0011321927,0.0003506096,0.00090877817,0.00072561234,0.0005047334,0.00042042806,0.0005299512,0.00071869104,0.0007282398,0.00039789313,0.0006376738,0.0003558759,0.00046084018,0.00086208415,0.0006926991,0.00060368876,0.00067363546,0.00071695884,0.00059165934
LINC02076,0.0038734707,0.018603774,0.0070746057,0.020303914,0.011206091,0.005475839,0.005591313,0.009697658,0.0037850277,0.005884717,0.008730004,0.0131052155,0.0026445175,0.006809727,0.0082616005,0.0029212788,0.013108767,0.003514102,0.009421607,0.018997563,0.0048719724,0.003898005,0.0023048054,0.0039655487,0.019325122,0.0045149513,0.006286543,0.005120365,0.0041458895,0.009938568
AC007952.4,0.05264629,0.048676945,0.05094655,0.056508824,0.1270171,0.040007684,0.054926194,0.0669445,0.021273874,0.050069526,0.0496586,0.06956124,0.025839776,0.05448849,0.04219569,0.024800807,0.02828775,0.024564896,0.04639534,0.04984545,0.032221813,0.039412975,0.02516746,0.026973447,0.04219352,0.049829174,0.07063358,0.05317669,0.04325363,0.08670981
LINC02094,0.00042789878,0.00033907243,0.0003515281,0.00039550674,0.00041170718,0.00037157928,0.00048729827,0.0005990128,0.00019820224,0.0005065592,0.00046795982,0.0005733292,0.00024435588,0.00048014362,0.0004065947,0.00026028894,0.00026035483,0.0003268664,0.0004369184,0.00040663325,0.0002177011,0.00040106356,0.00019263006,0.00025084944,0.0005604727,0.00032281227,0.0003133704,0.00037506758,0.0003365933,0.00030336852
SPECC1,0.12577608,0.043069854,0.044716135,0.056338374,0.14092104,0.071817376,0.05740895,0.06421618,0.022970146,0.06458571,0.06489092,0.06775552,0.027147198,0.055294804,0.06839092,0.024186881,0.050591674,0.13803366,0.059137784,0.076627634,0.046083074,0.11299539,0.03403526,0.056373786,0.05219115,0.108537614,0.14248288,0.034610514,0.052426938,0.046180185
LGALS9,0.062642194,0.04327716,0.04151434,0.056777116,0.08719807,0.10389558,0.045745067,0.062243026,0.021748373,0.05954231,0.057025243,0.07359709,0.021882078,0.05216693,0.04521896,0.030308446,0.04420537,0.049963217,0.046372388,0.057715952,0.025610127,0.042818896,0.023656752,0.028726816,0.053510025,0.072798595,0.0769566,0.046426952,0.04664434,0.037605524
NEK8,0.05044317,0.08633935,0.035992846,0.07237088,0.0296082,0.02755499,0.03783831,0.038815837,0.016876847,0.03752715,0.033364598,0.04970096,0.011554816,0.027946303,0.034079883,0.03659106,0.02993319,0.01211093,0.025476761,0.026720017,0.0139876185,0.03274658,0.019983903,0.011753093,0.027960831,0.020160224,0.020156981,0.029600326,0.031795375,0.14811014
TRAF4,0.06773594,0.05336216,0.037791587,0.038983997,0.025315719,0.025480298,0.023019804,0.033751894,0.019442659,0.033934984,0.03779528,0.031299673,0.048969444,0.032420415,0.021093693,0.022413673,0.017183319,0.027906457,0.034368187,0.02312439,0.02137699,0.022728851,0.017709896,0.016210536,0.034926515,0.03164738,0.028378865,0.031470224,0.023989625,0.2342912
ATAD5,0.055603214,0.05249947,0.03704188,0.061365787,0.03615139,0.03503343,0.049867008,0.06398792,0.08121999,0.064095244,0.05479772,0.087280124,0.12502682,0.04293527,0.04751208,0.024898704,0.040981375,0.029690208,0.04231992,0.05027614,0.14803207,0.037737675,0.02678288,0.017356537,0.041481104,0.0339027,0.03200385,0.04444374,0.052675694,0.045285642
ADAP2,0.017583473,0.033110075,0.02405019,0.030445244,0.09377266,0.095525235,0.024173751,0.031260207,0.010221764,0.027341027,0.030044515,0.040835943,0.009222086,0.023763401,0.024391187,0.01717146,0.012963943,0.015191296,0.022880366,0.022459092,0.011746258,0.01771902,0.011044871,0.014591864,0.02511955,0.06270627,0.05396086,0.02172264,0.02280213,0.01566102
CCL2,0.0015133087,0.0018161635,0.0019113512,0.001980871,0.02387228,0.0022785407,0.008099433,0.0032072966,0.0011608112,0.002748182,0.0028709953,0.0034339346,0.00086429477,0.002560101,0.0023895982,0.0013788138,0.0014682133,0.0014446168,0.0022882964,0.0024764575,0.0060886736,0.0017569094,0.0011096548,0.0013653252,0.0026214605,0.0020124721,0.0045311265,0.0026479634,0.006807775,0.0014202431
CCL5,0.29689947,0.25272137,0.24630815,0.30805695,0.31157535,0.27973568,0.65705734,0.47165772,0.20697403,0.3987092,0.46840057,0.5504474,0.25933963,0.5255752,0.67695725,0.16873205,0.2649687,0.2589906,0.5361224,0.5974448,0.2919562,0.29305914,0.22420053,0.53388476,0.39954767,0.21007088,0.24053796,0.29090923,0.46893555,0.22899695
CCL3,0.029091343,0.041820582,0.040858857,0.051712222,0.15888256,0.08635846,0.060114104,0.06887148,0.024304217,0.06533001,0.065013245,0.07299413,0.02607734,0.0571195,0.055403132,0.029746229,0.028358696,0.038399685,0.05207731,0.0748021,0.03161854,0.055282604,0.023884803,0.04669621,0.060724083,0.029607665,0.04149228,0.046653233,0.057402264,0.03039134
CCL4,0.04183197,0.045990117,0.05320749,0.06779997,0.12172942,0.06992871,0.104485415,0.085783824,0.029277932,0.07705871,0.0728052,0.090305135,0.034833606,0.07319512,0.10004826,0.034647938,0.03333806,0.035257705,0.064217925,0.13879494,0.06900609,0.057564106,0.028368143,0.048922837,0.06513281,0.042637877,0.03868468,0.06439531,0.090696715,0.03656646
CCL3L1,0.023811635,0.0348996,0.034356188,0.03612782,0.16661659,0.06566057,0.04942746,0.049225107,0.021032484,0.04737237,0.050156612,0.05358411,0.011682458,0.044493176,0.047742903,0.030901607,0.022136025,0.026007835,0.0423286,0.04716862,0.02336562,0.03382629,0.016552284,0.037242215,0.041898396,0.030597005,0.04089861,0.048431158,0.048967294,0.025752936
CCL4L2,0.03077746,0.0473582,0.04617701,0.052459233,0.16144231,0.1026462,0.07471094,0.07391456,0.030733489,0.073146485,0.07176122,0.07275364,0.026744062,0.05827379,0.07323126,0.038043953,0.029795073,0.040170338,0.061581574,0.07516632,0.048881743,0.051708575,0.024620514,0.046014916,0.06226686,0.040133774,0.057153556,0.04618883,0.075323515,0.03395073
GPR179,0.00058042357,0.00047500676,0.0005139335,0.00059656595,0.0006073117,0.00053162803,0.0006334939,0.0009017051,0.00030675135,0.0007259553,0.10545625,0.0009663521,0.0002695429,0.0006683957,0.0006022953,0.00033387032,0.00032701084,0.0004439503,0.0005792213,0.0029561815,0.00037609442,0.0005106542,0.00029816478,0.00037492954,0.00067282823,0.0004972097,0.00047539876,0.00058991055,0.004567836,0.0004196574
CSF3,0.0005090634,0.0006471786,0.00062961,0.0006971493,0.005676226,0.00058221293,0.0008479176,0.0010546425,0.00034056898,0.00095120206,0.00092819403,0.0011149164,0.00044339863,0.0010327819,0.0007068309,0.00050558406,0.0004352963,0.00045044985,0.0007379972,0.00073306065,0.0004482693,0.0006058818,0.00040976758,0.00046835706,0.0007874286,0.0005827252,0.0038189944,0.00076396856,0.0006299595,0.0005443017
CDC6,0.0047526867,0.005539194,0.0050594853,0.010209688,0.0063066003,0.006024752,0.0073515503,0.009115701,0.08770071,0.01255299,0.008827195,0.030602353,0.1256855,0.010106096,0.013346821,0.004239483,0.007967674,0.004088604,0.011922835,0.007392289,0.12957215,0.006050079,0.0334808,0.004037806,0.008278002,0.010148566,0.0052755694,0.006193992,0.0054431777,0.0057579274
TOP2A,0.028092364,0.01642246,0.013783426,0.02252272,0.019199174,0.013492125,0.02294998,0.024184829,0.46900427,0.020777373,0.019437129,0.022797005,0.11997752,0.02150254,0.0146614015,0.009490142,0.010048962,0.02121535,0.01762147,0.022078885,0.24178615,0.013096028,0.030975213,0.025350433,0.017908353,0.012341508,0.042483598,0.027348692,0.01591128,0.014105564
AC004585.1,0.009995883,0.016589127,0.016583703,0.042868726,0.013717818,0.010885293,0.04990418,0.025087502,0.056456834,0.04241438,0.03137388,0.025255736,0.024008013,0.017825797,0.023466168,0.009622796,0.011760012,0.0089169135,0.019863427,0.024247283,0.02378149,0.056673728,0.006943407,0.010938533,0.015699167,0.011407533,0.009813919,0.21589416,0.021472098,0.008807001
CCR7,0.03925248,0.0922217,0.07054665,0.109593526,0.055273473,0.047416676,0.07150923,0.3106492,0.03108257,0.14541236,0.08586572,0.33109754,0.033612646,0.13255766,0.06903088,0.034970168,0.040537775,0.04266968,0.06092975,0.06026088,0.03255171,0.06883364,0.029166395,0.046092276,0.13458744,0.058115095,0.05066832,0.1519647,0.08728264,0.041382276
CAVIN1,0.0034281984,0.0034990683,0.0037864384,0.004040267,0.0042111385,0.0043459125,0.0049810186,0.006804895,0.0028464524,0.012593186,0.0055670473,0.0065330975,0.0020064083,0.0053433874,0.004192463,0.0024633924,0.2715143,0.0026458795,0.0043114903,0.004942833,0.0034346788,0.003494838,0.0038489983,0.0022655488,0.004551752,0.0036282467,0.00382334,0.004087523,0.0036810671,0.0028756843
CCR10,0.0034565278,0.007945511,0.005968614,0.007580509,0.007832858,0.008847368,0.006950203,0.012005334,0.012875205,0.016728908,0.0076884176,0.0073012654,0.0024884143,0.027331214,0.008371165,0.0033920347,0.0045050457,0.0028380419,0.005352042,0.0060743666,0.0056759585,0.010281831,0.06261947,0.0033869592,0.005605063,0.0051108613,0.008271665,0.005152122,0.005053312,0.005433545
BRCA1,0.011766277,0.02609125,0.028522607,0.025647648,0.03329445,0.021614876,0.030281007,0.029963162,0.12612331,0.026410984,0.025141101,0.031715013,0.14613311,0.025075294,0.023557113,0.009566726,0.052839372,0.02339287,0.02197884,0.023109062,0.17878549,0.022728374,0.02201588,0.0122229755,0.023395652,0.02307861,0.035754144,0.024095308,0.027383277,0.021760253
PPY,0.0011627784,0.0011428247,0.0011858882,0.0013921808,0.0013173653,0.0011858238,0.0015356304,0.002116487,0.0008126004,0.0016628589,0.0016080269,0.002103665,0.0006536504,0.00163495,0.0014106184,0.0007611392,0.00097654253,0.0010471438,0.0014508319,0.001365729,0.0008058071,0.0011217815,0.00078876974,0.0008925644,0.0016145187,0.14896865,0.0012178766,0.001419912,0.0012492903,0.001043786
SLC4A1,0.001751899,0.0025691562,0.002777026,0.0056235516,0.003025164,0.008716534,0.0037336801,0.013636028,0.0015267169,0.003989673,0.003601782,0.0070542134,0.0018454918,0.0037055323,0.0027258033,0.45370787,0.0053245667,0.0027965955,0.0031717867,0.0027974248,0.002497071,0.0026542987,0.0015130347,0.001935423,0.01009814,0.0026319607,0.002796816,0.0029359583,0.0026795815,0.0038706355
GRN,0.070097245,0.04742618,0.044976894,0.061923523,0.16423787,0.06928388,0.06648259,0.08067602,0.021971498,0.072151445,0.05968542,0.08738322,0.022891814,0.07121372,0.05950451,0.034430876,0.028141426,0.036107004,0.054826323,0.057263225,0.028152604,0.04301773,0.020633966,0.04263369,0.07037688,0.1135386,0.097079046,0.05563616,0.055559438,0.09817764
ITGA2B,0.008229237,0.009963614,0.010191407,0.011615736,0.013365764,0.011388514,0.013763135,0.016828544,0.007776012,0.01650172,0.01479384,0.017172445,0.0053378143,0.013152328,0.012247602,0.008116499,0.02267268,0.012204621,0.013469668,0.011517163,0.006746932,0.011078628,0.0051241014,0.23393205,0.014535601,0.011543104,0.01048053,0.011280795,0.011537422,0.007813816
KIF18B,0.00283536,0.0031454505,0.0030746711,0.0031947992,0.0032396251,0.0029881154,0.0036950933,0.0051756813,0.07148077,0.006362805,0.0042320867,0.0055595515,0.018742453,0.004128328,0.0039553996,0.0019223935,0.0023398998,0.0025524849,0.0034235572,0.003384242,0.056218166,0.0026922033,0.002860833,0.0023248128,0.0040368005,0.0027583884,0.0028515572,0.0031733185,0.0030741785,0.0026310747
MYL4,0.0014165656,0.0016513166,0.0016740493,0.01135456,0.001938404,0.0019807161,0.002088542,0.0025446813,0.00094767945,0.0023262782,0.0022432557,0.0027705012,0.00096696016,0.0021219077,0.0069296635,0.051121425,0.0047743204,0.001205735,0.0018755115,0.0017445937,0.0012959655,0.0015288177,0.00213527,0.018703109,0.0023659228,0.0050971266,0.0016090954,0.0019212288,0.0015621744,0.0036090761
ITGB3,0.0026137435,0.0039992644,0.0036878767,0.004073913,0.0056903576,0.0037177235,0.0047978084,0.0055309953,0.0040435665,0.0054343673,0.005216256,0.005868868,0.0019686657,0.0050362884,0.005177467,0.002532005,0.0027345582,0.0024694572,0.004595625,0.003941351,0.0023221495,0.0033067728,0.0020656767,0.100092165,0.0055373693,0.003149623,0.003684054,0.0037994687,0.003826006,0.0028955527
AC036222.1,0.00062420254,0.00063603383,0.0007127953,0.00076534966,0.00078769156,0.0006318984,0.00088853907,0.004175016,0.00042776356,0.000964504,0.00078063214,0.0012576057,0.00036811476,0.0009663111,0.000716195,0.0005446451,0.00051099074,0.0004546822,0.005598919,0.00073099014,0.0034019034,0.00060052064,0.0004133064,0.0015796287,0.00080421293,0.0007216268,0.0006243666,0.00076241395,0.0007057476,0.0005790492
ABI3,0.058586948,0.031690516,0.02810935,0.036759365,0.048915144,0.11951314,0.05944193,0.050411493,0.02130552,0.044866197,0.04984367,0.052098494,0.035235226,0.04719064,0.054609872,0.022630593,0.022512356,0.036818467,0.04761154,0.078180075,0.03703856,0.035079546,0.01533829,0.025132818,0.04644697,0.035383992,0.047769293,0.033264343,0.042979836,0.030596862
LRRC59,0.041525684,0.037885226,0.045646325,0.0532755,0.07793155,0.0687261,0.05379369,0.07194161,0.05476094,0.07038046,0.067335255,0.06704163,0.04789303,0.07118894,0.05437708,0.026397472,0.040372558,0.04122241,0.053209595,0.06630324,0.053531237,0.04891737,0.074891835,0.025752367,0.0507161,0.06866209,0.056514952,0.046523493,0.054334603,0.042888984
NME1,0.03447822,0.039594375,0.040295903,0.046943244,0.040834486,0.037038703,0.06018697,0.060866058,0.046682388,0.055846423,0.057471287,0.07586933,0.046856187,0.06252381,0.0391168,0.020135073,0.062375613,0.033302926,0.062388934,0.043653935,0.04586675,0.051850908,0.043677934,0.021744832,0.04994384,0.06846984,0.055879317,0.033049352,0.049283657,0.036304105
MMD,0.017193472,0.0413407,0.033681937,0.04930326,0.03775919,0.034070052,0.04754049,0.055843465,0.016145019,0.046389587,0.05628169,0.06352121,0.0135213835,0.05616735,0.034451276,0.02250318,0.028184207,0.032013234,0.0529898,0.042835146,0.020450355,0.04661296,0.01587041,0.26492336,0.047553625,0.02396767,0.036940463,0.02919193,0.045476016,0.028218392
SMIM36,0.0005142882,0.0006212582,0.0005643034,0.0006716438,0.0007401408,0.00068892486,0.00066496496,0.0009298678,0.0003063642,0.0007820116,0.0017710663,0.0009919865,0.0002881097,0.0006488327,0.0005992198,0.00030373712,0.00038180363,0.00044289438,0.0006514899,0.0014231114,0.00035362385,0.0005881614,0.00031624563,0.015347995,0.00083472015,0.0005524225,0.0005182361,0.0006613209,0.00054882333,0.0005134696
SCPEP1,0.030125052,0.048276443,0.05482598,0.060525987,0.106416725,0.062176708,0.047972985,0.06039607,0.021024173,0.055654373,0.05446982,0.059382156,0.023978578,0.045079276,0.03968574,0.023079665,0.022001676,0.03480734,0.045716107,0.04395068,0.024132542,0.040566582,0.020512449,0.02879906,0.04911897,0.021463614,0.043542255,0.028967049,0.040429648,0.033753067
EPX,0.00030343005,0.00041977334,0.00044002233,0.00048765552,0.00045410366,0.00040753704,0.0005276364,0.00067113555,0.0002512895,0.00061243126,0.0006019306,0.0006333161,0.00026699773,0.0005438206,0.0004419197,0.00029788475,0.0028756128,0.00027302367,0.0005415142,0.00045255883,0.0002824594,0.00047314665,0.00025347312,0.00027371506,0.00055102503,0.00045880902,0.00034886363,0.00044499553,0.00040331794,0.0003274448
MPO,0.0071086627,0.008997839,0.013433824,0.016028916,0.075616874,0.018257227,0.010867931,0.014210162,0.018360203,0.011334665,0.015169603,0.028290382,0.0046017044,0.0111848805,0.009731983,0.008251904,0.52804226,0.006921063,0.010567595,0.01494297,0.0044775293,0.0075990804,0.0063034007,0.0059864977,0.012625387,0.009625702,1.3915383,0.010845454,0.009851839,0.007918519
SKA2,0.056495257,0.04527822,0.04739992,0.0589172,0.05646122,0.06352679,0.0864469,0.08863315,0.14086379,0.08790678,0.074396655,0.096924156,0.08245206,0.071373254,0.06898763,0.021394344,0.04304519,0.033899166,0.065433025,0.07070718,0.084101416,0.052144405,0.04272084,0.030424865,0.08014682,0.039060734,0.05556575,0.07881244,0.06282891,0.044061404
PRR11,0.034034878,0.0137824,0.015979523,0.019757424,0.038104028,0.050881047,0.025548784,0.022222595,0.08433668,0.018753037,0.019200068,0.02124015,0.02579136,0.020501543,0.025057295,0.008613782,0.023346793,0.0089858705,0.014307082,0.021005018,0.042484593,0.010975894,0.022765586,0.01089657,0.015245204,0.050561193,0.038253594,0.027758667,0.017572932,0.011594286
VMP1,0.017432112,0.035910714,0.037663814,0.040499926,0.10109599,0.057030663,0.052579615,0.065349944,0.0143997045,0.057866838,0.05657065,0.05654698,0.015170451,0.05016407,0.04395772,0.024219114,0.023676349,0.037991,0.051069874,0.045351706,0.018598223,0.038830847,0.016460372,0.029613815,0.05567385,0.02128966,0.03443706,0.04371942,0.04278403,0.02151513
CD79B,0.034031626,0.20855223,0.16506192,0.2395647,0.05106909,0.07617441,0.05821736,0.07697048,0.018809745,0.070106454,0.06643348,0.07061304,0.025453957,0.0578494,0.05600058,0.0297984,0.031112446,0.038504444,0.05816913,0.070185184,0.023674553,0.048218414,0.034281604,0.030800901,0.058211017,0.037141066,0.040479444,0.054012045,0.050132755,0.03464132
ERN1,0.05541228,0.04954067,0.050115354,0.055758845,0.07575789,0.06471276,0.103137165,0.10053414,0.035605684,0.1273772,0.14856242,0.08804306,0.028984996,0.11860476,0.09742551,0.035884395,0.03918497,0.105387144,0.23458461,0.11023167,0.045752406,0.077242404,0.044897575,0.04469337,0.07664505,0.046515953,0.061029673,0.06492831,0.09224286,0.12676132
PECAM1,0.037784934,0.053390533,0.051335935,0.060698297,0.131376,0.18504079,0.06663424,0.091109745,0.030506123,0.07691097,0.07019961,0.09775065,0.034671113,0.072766036,0.067432426,0.03267145,0.037149027,0.05204842,0.06320631,0.05603398,0.036161013,0.062398624,0.024270264,0.06318767,0.06448467,0.033027414,0.048287004,0.07532042,0.06227858,0.06454877
KPNA2,0.062679954,0.031450152,0.035747934,0.02618399,0.029757705,0.036749072,0.028813021,0.031678673,0.10070606,0.040477548,0.034368742,0.0383715,0.026154505,0.030915786,0.03953697,0.011905937,0.025061464,0.017437425,0.028888857,0.031005928,0.049085457,0.025846649,0.024508487,0.013399794,0.028173994,0.034103636,0.042935543,0.02666578,0.025824072,0.038239285
KCNJ2-AS1,0.009577168,0.0098528555,0.015350087,0.010513436,0.07839891,0.03767278,0.01312393,0.019413147,0.0065432275,0.016050601,0.01235092,0.018735468,0.0047701397,0.013192129,0.012673281,0.009290518,0.011675535,0.009409907,0.011476926,0.012895484,0.0066629522,0.010073626,0.0061204066,0.007742532,0.013402932,0.009248299,0.011440515,0.010119145,0.017723048,0.008485909
KCNJ2,0.020204578,0.011876984,0.013643101,0.015503285,0.09495942,0.06195084,0.018076675,0.024790855,0.0077971243,0.021803545,0.017866476,0.022560742,0.009043153,0.01838615,0.017350186,0.009416604,0.008122636,0.007819607,0.015768083,0.016107015,0.008229699,0.013387778,0.008011242,0.014055932,0.017075187,0.013581006,0.018879332,0.013910957,0.015025776,0.010306114
AC064805.1,0.011805398,0.013370446,0.009932797,0.013279927,0.031911135,0.16314964,0.01322826,0.01670237,0.008099521,0.014652253,0.0128414035,0.016230872,0.005485975,0.012809628,0.010908021,0.006946671,0.0069893356,0.008648622,0.012228064,0.01227228,0.006138564,0.009120559,0.0052206027,0.012057529,0.01358655,0.008623934,0.03645576,0.010476931,0.011816656,0.016387219
CD300E,0.019155739,0.029019434,0.029412871,0.029450139,0.13244788,0.116970174,0.03275674,0.04850771,0.013096195,0.038374066,0.03791599,0.046145186,0.014077707,0.037609164,0.031279102,0.020689575,0.018854551,0.02652155,0.03270886,0.033967644,0.016424125,0.026215553,0.013798161,0.028070142,0.040521823,0.025816647,0.038523186,0.028629245,0.03292518,0.026220525
CD300LF,0.026569813,0.021286229,0.023451373,0.028004413,0.103342205,0.1343492,0.026857372,0.040511776,0.012819458,0.034497947,0.031845987,0.038167514,0.012164958,0.03046812,0.026068736,0.018440414,0.024604844,0.023385754,0.026931262,0.024602458,0.013752407,0.031092511,0.011211403,0.018421324,0.037396874,0.018862255,0.046764277,0.026820306,0.028441878,0.025395071
JPT1,0.027882705,0.052531417,0.06371548,0.0576668,0.06950069,0.104006596,0.09463267,0.1004947,0.14029396,0.08793689,0.087690994,0.08347183,0.050755423,0.07893061,0.07736719,0.03303414,0.0356393,0.06016121,0.08080143,0.07591549,0.053249024,0.050284665,0.030168993,0.045998648,0.08962581,0.057950195,0.043768506,0.06602242,0.06358044,0.03492517
SMIM5,0.00520527,0.0065912586,0.005748799,0.0074188076,0.007216788,0.0071045808,0.007817946,0.010765205,0.0039242716,0.009894036,0.008555334,0.011402824,0.0038032036,0.008074107,0.007004211,0.009796919,0.005525873,0.004298468,0.007267761,0.0069159735,0.004587405,0.0057007624,0.0037199657,0.08235852,0.0075690877,0.005733716,0.006136367,0.0069998605,0.007435221,0.07963512
TK1,0.010576667,0.0119129345,0.012135094,0.013426855,0.01303802,0.0113697825,0.013029594,0.01736343,0.28406152,0.018019382,0.014208225,0.018589342,0.18977192,0.02163309,0.014609242,0.0077186464,0.02464665,0.009219764,0.011647521,0.014227372,0.25920138,0.010944877,0.04563707,0.008127275,0.014069554,0.009184613,0.03359033,0.012823507,0.010901764,0.009677479
BIRC5,0.008075499,0.011095862,0.009885367,0.009746771,0.011000725,0.009596513,0.013908608,0.014240311,0.3045083,0.018961594,0.011185338,0.018695274,0.073940076,0.010690369,0.011871883,0.014775512,0.012186616,0.006736022,0.010675475,0.01623988,0.16781794,0.008895691,0.03347775,0.009095291,0.013290762,0.013037021,0.011569291,0.02696957,0.009300407,0.0068595554
SOCS3,0.05242988,0.050254498,0.05172457,0.052321687,0.13393286,0.0519966,0.062203463,0.13735704,0.02982004,0.122356124,0.09633569,0.08165959,0.035640586,0.07724951,0.064773746,0.03435684,0.04136942,0.07450134,0.10454468,0.050528634,0.03104977,0.050538935,0.027558351,0.04171108,0.074442185,0.03083731,0.061754078,0.045511723,0.070132434,0.042123478
TIMP2,0.059877433,0.045811016,0.050283752,0.051665213,0.20128353,0.1342321,0.060410857,0.08148943,0.02469137,0.06994672,0.06693534,0.079966284,0.018324165,0.06257996,0.0610533,0.028816372,0.053899657,0.04896709,0.048776954,0.051232327,0.028220834,0.045458738,0.029415129,0.034931347,0.062063564,0.046108104,0.08027666,0.044732977,0.04142648,0.04589402
ACTG1,0.0920505,0.06386311,0.05554005,0.090341866,0.048536755,0.04874589,0.07408928,0.10571282,0.10505037,0.07167679,0.078546874,0.09771677,0.054527815,0.059200194,0.074497305,0.08656746,0.040283058,0.044889763,0.058247317,0.070932776,0.057032388,0.04386016,0.056160547,0.0590051,0.076197505,0.10047304,0.07294582,0.098839894,0.055591773,0.033702634
P4HB,0.026274737,0.040599562,0.03911922,0.046294175,0.0490255,0.03149199,0.059731163,0.07337107,0.027934037,0.064251214,0.06172366,0.06262427,0.038406435,0.054161668,0.05040623,0.022721827,0.022354474,0.04600114,0.0615139,0.061383944,0.037865903,0.042891316,0.04972457,0.0322506,0.059483368,0.026879296,0.026513143,0.051359672,0.05674251,0.040687148
NOTUM,0.00038867845,0.00051058293,0.00051735464,0.0046519707,0.0006218767,0.00047881767,0.0006705034,0.0027171683,0.0020473439,0.00065964053,0.000645348,0.0008794928,0.00022840734,0.00065332995,0.0005811129,0.00031418828,0.00032720357,0.00036285145,0.0005361329,0.0005452182,0.00031823022,0.0005256062,0.00027813332,0.00033582156,0.00060726784,0.00054359954,0.0004580541,0.00050156505,0.00055980316,0.00042419098
SECTM1,0.036699306,0.026878187,0.026570005,0.029360097,0.13308538,0.15132628,0.037660573,0.04524518,0.017997779,0.04347768,0.038125932,0.04115549,0.013057806,0.030535074,0.02980657,0.025154192,0.01777725,0.0229027,0.028555948,0.034400817,0.018082634,0.025600102,0.015247859,0.027225701,0.04468549,0.022641849,0.056303643,0.02761561,0.023785882,0.030794412
METRNL,0.09068262,0.0471932,0.043015312,0.050937586,0.08617791,0.088590905,0.0825261,0.080734044,0.025672365,0.07233687,0.06753141,0.0723483,0.030527223,0.06650911,0.06973242,0.039084353,0.031866614,0.063100696,0.07435157,0.1118312,0.046654023,0.072662696,0.023337819,0.035816606,0.056731187,0.06735926,0.07513002,0.05159144,0.064773016,0.030925896
TYMS,0.040924583,0.013365551,0.016186468,0.019008199,0.017162409,0.014913443,0.03004,0.029107042,0.31024474,0.02255351,0.026310297,0.026612598,0.2909547,0.022110105,0.019324353,0.009373101,0.104478545,0.017451651,0.018004451,0.020352786,0.41532084,0.01943605,0.051346514,0.016559672,0.024765678,0.019398509,0.025171794,0.024055142,0.025756044,0.018404042
NDC80,0.012569787,0.02406732,0.018852875,0.020774228,0.0148211075,0.013836932,0.024246898,0.025015399,0.12789905,0.036965225,0.043305375,0.03402384,0.051137127,0.028734548,0.02634815,0.042199057,0.011551538,0.08132753,0.02855954,0.025220202,0.11095433,0.02031642,0.017283833,0.010072703,0.04418768,0.015695054,0.013059919,0.050278235,0.038425554,0.016396394
EMILIN2,0.036287498,0.035485383,0.030998494,0.036433544,0.1266293,0.08227435,0.041237455,0.053569943,0.022487888,0.05120817,0.04496036,0.05565263,0.018678911,0.043623257,0.038802482,0.020702558,0.028981548,0.02638067,0.03941982,0.037418853,0.019562634,0.030688282,0.016123433,0.023804426,0.043305546,0.03626089,0.07404961,0.03587835,0.03303719,0.039674234
AP002478.1,0.0010750399,0.0012042586,0.0011641069,0.0014025692,0.0018830468,0.001517548,0.0016870254,0.0020192654,0.00066263444,0.0018550613,0.0015983521,0.0020153816,0.0007610848,0.0016496831,0.0014332483,0.0009571264,0.0008791851,0.0009862308,0.0014726829,0.001389666,0.0008224548,0.001026277,0.0006642411,0.027117983,0.0016447533,0.0012311664,0.0012415084,0.0013674449,0.0014120562,0.0011160909
EPB41L3,0.031590514,0.027928699,0.027183693,0.037826404,0.13060744,0.112175815,0.031761404,0.06455395,0.015210913,0.039135072,0.037501823,0.045764577,0.016027488,0.03779564,0.031156426,0.023021895,0.028314367,0.029825091,0.028324667,0.034085073,0.018510517,0.024862206,0.016991293,0.03960465,0.034226477,0.032850582,0.09007901,0.029450662,0.037718337,0.024154661
RAB31,0.08315889,0.05496445,0.07368126,0.053659614,0.14076792,0.09486123,0.055861223,0.06882017,0.025879815,0.060691938,0.062428672,0.079127885,0.025639372,0.04923728,0.04582963,0.029827613,0.030308416,0.031076722,0.0468264,0.051808976,0.027367325,0.044831462,0.03421929,0.0952225,0.057161577,0.11710743,0.09730171,0.05369033,0.041257907,0.037655983
CHMP1B,0.044663094,0.048423927,0.048025932,0.06733099,0.07431738,0.050626576,0.06740901,0.0896829,0.023326602,0.072829686,0.06661279,0.07488645,0.033796582,0.07505842,0.06508096,0.02575028,0.03552464,0.052296743,0.05849885,0.06480501,0.030721668,0.042213716,0.018604586,0.039163433,0.06371141,0.038061246,0.058935564,0.05017786,0.054306824,0.042525582
RBBP8,0.072763875,0.061267167,0.056071945,0.09673623,0.08921074,0.15448941,0.04961379,0.059016317,0.17656095,0.06774538,0.05425779,0.060045745,0.075005226,0.03813765,0.04964616,0.021315385,0.06861611,0.033799548,0.04010527,0.04633139,0.15894894,0.046176486,0.08269565,0.030641392,0.06772812,0.093642235,0.07824088,0.07065928,0.050415825,0.07638169
ZNF521,0.0031953813,0.0036042496,0.0032995257,0.0034446137,0.004720311,0.003093499,0.004212507,0.0053131334,0.0021272083,0.004772849,0.0044254838,0.005558054,0.0016649332,0.00418762,0.0038083955,0.0024483292,0.14270356,0.0145318275,0.0035400079,0.003818146,0.008477004,0.026866583,0.001984979,0.0021953164,0.0039881184,0.0028122975,0.0032400803,0.0037563704,0.0033809196,0.010858042
KLHL14,0.0058848388,0.05670806,0.03561349,0.055880483,0.0067038047,0.006407426,0.008336222,0.009773296,0.0045977808,0.008974625,0.008566714,0.010051043,0.0029674256,0.007575754,0.0075894287,0.0043779705,0.004605534,0.0060181716,0.0069840285,0.006982101,0.004114473,0.005122359,0.05858385,0.0046758964,0.007950129,0.0054774308,0.005669462,0.007067695,0.0068609207,0.0047921007
AC011139.1,0.0025070563,0.0027474638,0.0027919116,0.0031883419,0.003699762,0.0028100777,0.003908429,0.006207478,0.0015992167,0.004515977,0.00490192,0.004827902,0.0016594714,0.003893164,0.0035727285,0.002266357,0.16294979,0.002543708,0.0037202677,0.003314622,0.0018258533,0.0028150147,0.0014875534,0.0018873241,0.0037095712,0.0026905108,0.0025448522,0.003301545,0.002874822,0.0023930247
PSTPIP2,0.034191225,0.029923102,0.031012485,0.032993786,0.085068054,0.07590766,0.05871431,0.059372712,0.015296541,0.05017525,0.056904197,0.06008236,0.015620497,0.05267842,0.047248818,0.021955613,0.046445657,0.036908958,0.039881468,0.05998991,0.027899858,0.03219608,0.020557929,0.09471186,0.045886792,0.022590332,0.06401019,0.041726716,0.042632528,0.025348186
ZBTB7C,0.0009811998,0.0012177469,0.0012401632,0.001498033,0.002051014,0.027844496,0.0016227424,0.0021218215,0.0008751857,0.007487245,0.001620133,0.0019994755,0.0007025543,0.0015385248,0.0013923045,0.00092955923,0.00085047015,0.0009121579,0.0014394431,0.001402625,0.0008263882,0.0012174059,0.0008369191,0.0008632862,0.0016487812,0.0014050663,0.0009795246,0.0012775628,0.0013755475,0.00092362595
SKA1,0.0030530882,0.00443612,0.006819515,0.010306018,0.008350274,0.009749807,0.006475285,0.009243164,0.120846726,0.008251711,0.0078767445,0.008122333,0.056320317,0.0059958636,0.0068963184,0.0033427023,0.017993765,0.0049323346,0.0054796427,0.0059778495,0.078094065,0.014201315,0.031901646,0.0031695017,0.0065326015,0.005388447,0.004505086,0.004731148,0.011003518,0.0049962797
RAB27B,0.012036793,0.018862631,0.014581639,0.019464016,0.022369882,0.0177124,0.03052949,0.03415811,0.011209552,0.027946152,0.030041968,0.03227648,0.023717718,0.025008768,0.035305697,0.014258851,0.04470272,0.026188025,0.02455268,0.055307284,0.023168566,0.026712088,0.008576932,0.27507523,0.022521023,0.015406211,0.014756948,0.020994706,0.02878535,0.011610365
AC098848.1,0.0016834355,0.0018667412,0.0021186674,0.002201555,0.0024535668,0.0029484588,0.002680076,0.0033268672,0.0013194116,0.0031999447,0.0027473813,0.0035311673,0.0015462466,0.0026464227,0.002522187,0.001333306,0.0013108844,0.0013706745,0.0025758927,0.0028765595,0.001357645,0.002852169,0.0009255032,0.078599416,0.002902686,0.0022710878,0.0020434335,0.002165545,0.0026012156,0.0017599548
TCF4,0.21445212,0.16294406,0.12901767,0.12420878,0.050444033,0.037788674,0.04909275,0.05725275,0.017529326,0.04691457,0.04632874,0.059449036,0.022351205,0.046768688,0.039068006,0.021760643,0.062653735,0.0488112,0.039055854,0.042381573,0.02501979,0.04773331,0.04814034,0.028693985,0.04639082,0.03787548,0.043145124,0.039246738,0.03406432,0.26083583
SEC11C,0.05054042,0.076436244,0.069929175,0.07019619,0.06224228,0.049831018,0.0975824,0.11413795,0.042604014,0.10602286,0.099463515,0.10759494,0.046398252,0.098525696,0.090186045,0.04204439,0.037668854,0.052840266,0.106598124,0.08802122,0.043535624,0.0633398,0.1760804,0.047058888,0.09007152,0.044462904,0.04543594,0.061164793,0.08727924,0.062268503
LMAN1,0.047789548,0.08173349,0.07710352,0.089040674,0.072620235,0.06723729,0.1043287,0.12621824,0.05854272,0.12079724,0.13879861,0.13908626,0.06385158,0.10340324,0.102139235,0.042439632,0.06513951,0.06638493,0.12424694,0.10014253,0.066081576,0.09448159,0.16693738,0.052303277,0.1309124,0.04570686,0.048736863,0.10779195,0.10299844,0.09794314
PMAIP1,0.046696626,0.0760485,0.055936236,0.06827479,0.058415428,0.06150395,0.07428259,0.05697364,0.031800322,0.062858835,0.057741214,0.054321215,0.024133861,0.055368584,0.05229091,0.029676145,0.03365048,0.035265047,0.064515844,0.05456953,0.030674705,0.040662017,0.019970343,0.027203197,0.076166384,0.058860246,0.049325127,0.08338829,0.04880758,0.029096982
AC090409.1,0.0018914597,0.0026812754,0.0028796343,0.0032287778,0.0042805593,0.0031428519,0.0036398673,0.004839828,0.0014693277,0.004172384,0.0036575692,0.00483138,0.0013660024,0.0044176104,0.0034770858,0.0018200732,0.001964043,0.002252561,0.0034638324,0.0032951338,0.0015875958,0.0026104252,0.0017639903,0.07366552,0.00412793,0.0024533053,0.0027782244,0.002831462,0.0034756442,0.00272901
SERPINB2,0.0033305094,0.0040880307,0.0050530797,0.005139955,0.04181134,0.004655599,0.008208218,0.0069274437,0.0025261957,0.008582824,0.0054692654,0.008930097,0.0027775525,0.0056199273,0.004689679,0.0036776005,0.0028772068,0.003587981,0.005178076,0.0056212833,0.0024084856,0.0044426247,0.0025395548,0.0027325866,0.00569472,0.0040126108,0.004644872,0.004335808,0.004006311,0.0034016753
CD226,0.025177982,0.04399191,0.048667796,0.045213286,0.044573374,0.040605552,0.12788051,0.09860618,0.029106144,0.089362435,0.10530947,0.114150904,0.032325104,0.08958518,0.09614257,0.028541898,0.02905438,0.06867444,0.06696547,0.10365127,0.040217135,0.08027975,0.024358684,0.12596971,0.062308505,0.06417467,0.0447206,0.047350533,0.085381724,0.032988485
FAM110A,0.031448863,0.033987004,0.04288943,0.03565262,0.062482808,0.12950793,0.033093434,0.050733246,0.019515738,0.04863708,0.04366046,0.056688722,0.02129618,0.051073905,0.046113692,0.016634868,0.023245918,0.033516943,0.03941401,0.040912025,0.02107254,0.028209629,0.014846823,0.09881259,0.04686847,0.05365995,0.03817589,0.046078417,0.039945424,0.021763327
SIRPB1,0.042141866,0.030752834,0.028208071,0.027005332,0.12907735,0.098451875,0.03454502,0.04548002,0.018958587,0.04195098,0.03924642,0.047575988,0.015283953,0.031496845,0.031763725,0.026491571,0.020922685,0.020879941,0.036784504,0.02796877,0.015465591,0.023023902,0.013280247,0.02333989,0.041139062,0.021994391,0.041058894,0.039121456,0.030005647,0.06160826
SIRPA,0.019711288,0.03736232,0.035893727,0.0366396,0.21844631,0.0519316,0.045232464,0.05523889,0.025575493,0.049289383,0.045630433,0.057551373,0.021015318,0.04113771,0.03644535,0.036779087,0.023387589,0.022167196,0.037303742,0.038075455,0.023145402,0.03107398,0.022279952,0.032375343,0.046578825,0.03390164,0.09890148,0.03917088,0.034786116,0.029560585
CPXM1,0.0024355447,0.0037313306,0.0031341214,0.0038458458,0.0036147796,0.0031089024,0.0042555276,0.0056711473,0.001645603,0.004940666,0.0045062206,0.009417783,0.001639009,0.0046094656,0.0036611177,0.0025094445,0.20962478,0.0023101566,0.0036319136,0.008876162,0.01460686,0.009585945,0.008243702,0.0024028483,0.0041304994,0.040623523,0.00579429,0.0037648112,0.0040065846,0.0026118904
AVP,0.0022024524,0.0030670194,0.0029921718,0.00436481,0.003511719,0.0030781834,0.0038803162,0.0050582904,0.002100917,0.0049526156,0.0044427863,0.004779064,0.0019328368,0.0041504423,0.003439416,0.0023604461,0.29784107,0.008689516,0.0037537,0.003252209,0.0016644187,0.0029631762,0.0017790438,0.0023283632,0.0042208075,0.0029420352,0.005771321,0.0030963458,0.0040762136,0.0024173113
ADAM33,0.18498394,0.0010753538,0.0008857884,0.0010976712,0.0012497087,0.0009337563,0.0013846882,0.0015701724,0.0006232264,0.0013070756,0.0012047419,0.0016138952,0.0006737397,0.0012283922,0.0011325898,0.0006480878,0.00067033415,0.0007860755,0.0012408363,0.0010140641,0.00060081383,0.0010812533,0.0006185034,0.0007104737,0.0012045323,0.0009642934,0.0010354946,0.0010318464,0.0010035768,0.00083887903
SIGLEC1,0.10062237,0.0106266,0.010616577,0.015247213,0.060149822,0.018044926,0.014270335,0.01851002,0.006875401,0.016684879,0.013744089,0.019997867,0.0063187364,0.016677592,0.010974119,0.019754816,0.006719354,0.012153172,0.019971622,0.012409368,0.008815287,0.0112836035,0.006251467,0.0105715,0.022443466,0.017400406,0.03442812,0.013004805,0.015583085,0.009191741
C20orf27,0.11041514,0.038291816,0.041371856,0.03864344,0.06954132,0.07700455,0.04619676,0.061880697,0.021426503,0.056922436,0.05872406,0.05578418,0.03275489,0.048791964,0.045380495,0.022755612,0.031689696,0.03330534,0.046841223,0.0417963,0.02542759,0.035748176,0.015650049,0.028222041,0.06414175,0.11265173,0.110464565,0.034894146,0.039983414,0.034556914
CDC25B,0.030448148,0.041584726,0.035006903,0.040444788,0.036031842,0.03512355,0.08123854,0.078597434,0.0707024,0.08441942,0.07520185,0.082683824,0.055267606,0.064753205,0.07177665,0.026104828,0.021362329,0.043942228,0.06317388,0.058514144,0.048002418,0.06199377,0.019967932,0.02306075,0.08542384,0.030088637,0.02571492,0.06379138,0.06898581,0.028196316
SMOX,0.01677498,0.010031001,0.013455928,0.011494083,0.015426325,0.011087986,0.01475937,0.016109854,0.0065270923,0.015741004,0.01664581,0.018408515,0.010128445,0.014932661,0.012467066,0.025664264,0.00958534,0.009078397,0.011984266,0.011723058,0.006108222,0.009939936,0.0125590535,0.21498317,0.014305232,0.013853258,0.026211372,0.010291795,0.010803659,0.008796567
PCNA,0.022461893,0.03689108,0.040492114,0.038006574,0.04226293,0.047894813,0.055885207,0.06089624,0.1553877,0.0585922,0.055827573,0.04912997,0.13534522,0.054187823,0.041099757,0.01849444,0.047490396,0.042008772,0.039564665,0.052452765,0.18394992,0.041262947,0.022449758,0.020459002,0.056900624,0.029300513,0.041886657,0.041018967,0.048718963,0.034371573
CHGB,0.0008800229,0.0012693048,0.0012592528,0.0014799178,0.001326569,0.0011426789,0.0016373543,0.0022869909,0.000739096,0.0041659484,0.0017811588,0.0021821188,0.0009059708,0.02446632,0.0015848195,0.0009766796,0.00087382674,0.0009745312,0.0015220019,0.0015475525,0.00081290794,0.0012530221,0.0007908855,0.0008906273,0.0051059467,0.0012623714,0.0013940048,0.0015043801,0.0015917314,0.0010205664
LAMP5,0.021158788,0.0071769627,0.008017236,0.008031205,0.01070393,0.006299759,0.008193382,0.010715992,0.004757167,0.009491149,0.00924701,0.010749485,0.0034202358,0.007790529,0.0076588253,0.00512872,0.0052421754,0.0056607383,0.008437773,0.008343229,0.0037102595,0.0060974774,0.009343919,0.012090502,0.009377884,0.0071135797,0.014024802,0.009128075,0.0063259015,0.20528714
AL050403.2,0.0007214752,0.0009081929,0.0008783816,0.0009563783,0.004316735,0.0008833703,0.0013021773,0.0015261943,0.00057112117,0.017062265,0.0011857414,0.0014961088,0.00047681617,0.0011787999,0.0010734313,0.00047798883,0.000572722,0.00079387985,0.0010615608,0.0010871135,0.0019136294,0.0009323147,0.00051939697,0.0005381565,0.0012256631,0.0008722671,0.0008382898,0.0008736093,0.0009393037,0.0007299552
MACROD2,0.006466292,0.04178305,0.015940076,0.10842551,0.008033152,0.0073170415,0.009671702,0.011439641,0.0046839714,0.010661317,0.01005703,0.01188046,0.003440449,0.009815676,0.010087813,0.008611381,0.0072533344,0.00608191,0.008890635,0.01073636,0.0048252544,0.0076047196,0.0050968076,0.0050758375,0.010656047,0.015116251,0.00703122,0.008239124,0.008088891,0.006027795
RRBP1,0.0410903,0.060861956,0.061393682,0.07034221,0.08249993,0.080775626,0.10804373,0.09498845,0.030507496,0.088298164,0.09214444,0.08690497,0.03877568,0.089943655,0.094994314,0.033068497,0.042669922,0.15926096,0.08039879,0.107101195,0.04421182,0.102603056,0.097719066,0.04244149,0.082626425,0.053598844,0.05746695,0.07090114,0.07743284,0.1716836
AL132821.1,0.00036313597,0.0005253538,0.0005174422,0.0004870959,0.0043432238,0.00042071467,0.0006000308,0.0007350882,0.00030416244,0.0006535609,0.0006150671,0.00069003005,0.00027617023,0.0005105195,0.00051463564,0.0002635809,0.00034543304,0.000354094,0.0005267603,0.0004970329,0.0003045501,0.0004371968,0.00026897225,0.0003051454,0.00066079217,0.00035840832,0.01200103,0.0005185313,0.00048416285,0.00035899764
RIN2,0.010796954,0.017392125,0.016071016,0.018526996,0.10763622,0.053693015,0.018378282,0.024538886,0.008039281,0.024886385,0.019863138,0.025529273,0.008598313,0.020588694,0.018050224,0.0118897,0.012723543,0.009386632,0.015135343,0.01956961,0.010825126,0.0151197035,0.007821509,0.012215973,0.02000796,0.01970745,0.040591735,0.016522383,0.016983878,0.015554235
INSM1,0.000883051,0.001238871,0.0011727308,0.0014282514,0.0015386175,0.001099718,0.0016145556,0.0020398004,0.0007532711,0.0018582082,0.0015555967,0.002000323,0.0006315027,0.021938078,0.0013416463,0.00092641514,0.0008281013,0.0010319111,0.0015142792,0.0012707642,0.0007331805,0.0011453755,0.0005868958,0.0008152839,0.0015319431,0.0011017998,0.001093419,0.0012523605,0.00122057,0.056818318
THBD,0.036608208,0.006095858,0.008423592,0.007280655,0.03173276,0.016413428,0.0078122295,0.010370155,0.0038635386,0.009111648,0.008192259,0.009803363,0.0036952,0.007417929,0.0066953003,0.0038835623,0.0052615902,0.004618839,0.0065817833,0.0073265648,0.0034110595,0.00545046,0.003671092,0.0040259226,0.0141235255,0.1909303,0.035262495,0.0055862833,0.0062776343,0.026543172
CD93,0.04015534,0.032575812,0.034208167,0.038625762,0.2301359,0.059063844,0.05262434,0.060303494,0.022366058,0.04976417,0.050282296,0.05526944,0.015595515,0.05035848,0.038392745,0.034416787,0.026235847,0.02681028,0.04214283,0.043818213,0.020530399,0.039093453,0.01960991,0.027975535,0.042380083,0.09250774,0.060523756,0.037219867,0.042410273,0.026778357
CST3,0.20493391,0.056430332,0.06253992,0.06438755,0.16218157,0.1828411,0.072989315,0.09967103,0.034912232,0.088371545,0.083329864,0.10024987,0.027407916,0.086603396,0.067236215,0.0486874,0.02336798,0.047136843,0.07752587,0.060513545,0.0322706,0.051978692,0.038758088,0.07005387,0.08972086,0.2793325,0.22475755,0.077925906,0.06914799,0.08765633
CST7,0.11552151,0.1206528,0.12913364,0.1329151,0.1333478,0.12699436,0.32934347,0.22507387,0.05872283,0.18642597,0.17361818,0.22956777,0.107321925,0.1771971,0.35627824,0.08487234,0.072794996,0.111407526,0.23980545,0.47327378,0.16507396,0.17078897,0.07290808,0.10745793,0.1940974,0.121318094,0.09103397,0.17425737,0.2649248,0.1139506
HM13,0.059875123,0.07207666,0.07035496,0.08645985,0.1212669,0.10906305,0.11004087,0.13459998,0.05275875,0.12800333,0.1313221,0.11443864,0.040400367,0.09725776,0.09450523,0.048771247,0.05950547,0.07752462,0.122052096,0.09132369,0.047518,0.07790523,0.10997552,0.060591824,0.121283054,0.05372428,0.08153229,0.08368681,0.07798535,0.074916855
ID1,0.013337905,0.014151003,0.014655976,0.018380389,0.087886006,0.025989693,0.018553458,0.023322655,0.009963809,0.021350939,0.023351882,0.025193192,0.0074249767,0.017923595,0.0156098455,0.0128298905,0.053702723,0.011302209,0.015475711,0.014146613,0.010776422,0.01209305,0.009665874,0.010056688,0.020376999,0.019400587,0.045862075,0.0219816,0.016164476,0.010743496
TPX2,0.019500647,0.008608855,0.013839506,0.012275833,0.009594194,0.010031829,0.010911843,0.01761129,0.266328,0.014519387,0.012006738,0.018529175,0.04254383,0.0137440665,0.015051504,0.00678127,0.025497705,0.00645948,0.011546205,0.015698114,0.19204515,0.010052612,0.040036097,0.006303551,0.011726727,0.007905218,0.007867362,0.0081332605,0.011291918,0.018494524
HCK,0.034858074,0.043684784,0.03910772,0.044833113,0.13224557,0.1516107,0.04560215,0.06077172,0.022621993,0.051800355,0.045676343,0.05687617,0.020381685,0.043278765,0.039115757,0.027326118,0.024878874,0.035119746,0.04285105,0.03347857,0.021018803,0.033693716,0.023462707,0.032981373,0.043067742,0.04336074,0.06431371,0.038720027,0.035356514,0.029595478
PLAGL2,0.020826146,0.029955622,0.025569197,0.02860604,0.08495627,0.1306828,0.042251546,0.042134754,0.015324699,0.042347386,0.0587321,0.04920102,0.012354967,0.040135074,0.03265257,0.020549957,0.02241543,0.022908695,0.035058957,0.034636617,0.021978678,0.030807557,0.019907014,0.019596642,0.03315963,0.035849385,0.040119506,0.03869375,0.03839421,0.030051116
C20orf203,0.00072719314,0.0007140933,0.0007894767,0.00094539387,0.0008417932,0.0007105148,0.0010080263,0.20407213,0.00044897434,0.0011374187,0.0009701202,0.001461133,0.0004554734,0.001072913,0.0008379087,0.00059980305,0.022348,0.00052794145,0.00094088924,0.0008744564,0.0005611657,0.00067315286,0.0004937538,0.0004940695,0.0009252324,0.0008257015,0.0007016053,0.00075827877,0.0008534006,0.000652764
E2F1,0.01297429,0.02018902,0.01834846,0.014050071,0.016568277,0.055677913,0.017679673,0.031406734,0.11197324,0.0261834,0.015045013,0.021435216,0.22348672,0.025096063,0.01437643,0.0121659525,0.012140581,0.010795972,0.015492829,0.023783628,0.29071194,0.012272089,0.016132344,0.12419815,0.016914872,0.012312525,0.016237618,0.012667882,0.02037974,0.009556529
ASIP,0.042840175,0.0047265072,0.004212191,0.0048565166,0.005204376,0.004158084,0.005547185,0.0071479306,0.0029625392,0.005537594,0.0055999695,0.0071476805,0.0023574366,0.005252054,0.0048096976,0.002877888,0.0030243155,0.003351265,0.0052412734,0.00477836,0.0025060466,0.0039389497,0.0022802895,0.0030953586,0.0064912583,0.004014789,0.003484631,0.004690686,0.004601844,0.17843628
MYL9,0.011045663,0.010298191,0.011101895,0.011294275,0.014601296,0.010700073,0.016032564,0.020402886,0.005949639,0.01564342,0.013470592,0.02003613,0.005801577,0.013237026,0.012274375,0.00643477,0.007138293,0.01030325,0.013108597,0.011030717,0.005871217,0.0154774925,0.00621541,0.22319262,0.012686311,0.011245085,0.009491408,0.010311176,0.012025314,0.009172564
SAMHD1,0.15287606,0.06547592,0.06984345,0.08531796,0.08865708,0.06549855,0.08227617,0.099639915,0.026234956,0.08446291,0.07988252,0.09287545,0.0241816,0.0780217,0.070236236,0.04384747,0.058652937,0.055640064,0.085529394,0.08048162,0.031368714,0.066480435,0.05388048,0.06690605,0.08290211,0.074410446,0.09749621,0.06265406,0.07325203,0.08718251
RPN2,0.046644263,0.055440325,0.052002445,0.06421703,0.062214464,0.049652353,0.07355736,0.092053816,0.027994491,0.07213801,0.08198026,0.10006074,0.03518226,0.069168106,0.07472934,0.032146618,0.03263778,0.050140593,0.07306333,0.07679017,0.036145773,0.05226308,0.07327905,0.04425184,0.08512703,0.04219431,0.044350047,0.052087545,0.06707053,0.059991285
SLC32A1,0.0012973204,0.0016567071,0.0016064695,0.0017477173,0.0032586001,0.0016341115,0.0019765797,0.0025523163,0.001015727,0.002295409,0.0022430995,0.0025134024,0.0009668799,0.0020272979,0.0018183198,0.0010806726,0.0012725797,0.0012585724,0.0018584223,0.0018076218,0.0010269972,0.0016633862,0.0008161798,0.0011868472,0.0022105016,0.0014342478,0.0024210878,0.0015137094,0.0017743999,0.069670446
MAFB,0.029326547,0.031844385,0.03515223,0.043909654,0.15476881,0.17127322,0.044986736,0.064452715,0.02278133,0.05581171,0.045125447,0.06349035,0.022947047,0.049324304,0.038324196,0.034730386,0.025947839,0.029526958,0.044507474,0.046249133,0.024651218,0.03532601,0.019756278,0.030717798,0.045128357,0.032312408,0.045082822,0.03766156,0.04627071,0.0308022
MYBL2,0.010630781,0.020202816,0.01261932,0.032131337,0.008917293,0.008216461,0.010304696,0.016055722,0.08417,0.012772311,0.011275837,0.014420803,0.031457473,0.010091214,0.0113306735,0.0057717236,0.013875448,0.0075968723,0.010050606,0.009831246,0.08071766,0.007956895,0.058932595,0.011967106,0.011069563,0.0069419164,0.007905668,0.009864094,0.009248707,0.17331384
TOX2,0.024342338,0.01374865,0.0060821287,0.0075657084,0.007880818,0.0054716123,0.006897149,0.025410663,0.06492323,0.011368669,0.0074890913,0.015246322,0.0042549893,0.008769137,0.006278991,0.004751401,0.0047582667,0.05133559,0.006485208,0.008282933,0.008466162,0.02259904,0.016917601,0.0041033085,0.0066903485,0.0056746374,0.005968454,0.06508909,0.019052152,0.059415303
ADA,0.06423962,0.02930419,0.031002147,0.029372731,0.038791157,0.09316177,0.062705904,0.057655472,0.047606427,0.060245525,0.055543352,0.06295094,0.034470636,0.047530856,0.051585615,0.029072355,0.04682402,0.03087458,0.045291375,0.06193886,0.042333793,0.052617624,0.025511878,0.022447536,0.048616596,0.06270115,0.037007086,0.046703722,0.0547252,0.09819814
KCNK15-AS1,0.0004135322,0.00048057124,0.00048317167,0.0005578475,0.0005787396,0.00050065573,0.0007220652,0.001660873,0.00031093226,0.0006901071,0.00062022754,0.023035865,0.0003129952,0.0006372836,0.0005800873,0.00037145097,0.004062426,0.00046778686,0.0006109293,0.00054475217,0.022720516,0.00044621044,0.0010009585,0.00031503334,0.0006456342,0.0004917856,0.00047087856,0.0004910701,0.0005035643,0.0003621382
WISP2,0.0006204985,0.00068521703,0.00078598934,0.0007914074,0.0007573804,0.0028868567,0.00086575764,0.0011616852,0.0004961734,0.0010879496,0.0009206398,0.0010631705,0.0004459577,0.000917215,0.000816947,0.00042143435,0.006743534,0.00059022184,0.0008453567,0.0007687322,0.00044266583,0.0006944642,0.00035774487,0.00050976,0.0010231072,0.000594685,0.0036604225,0.00078135356,0.00069213624,0.00061173947
SDC4,0.00940068,0.009260221,0.01071234,0.011003737,0.048882883,0.01694106,0.01060876,0.018254753,0.030536981,0.020446407,0.016703375,0.016728591,0.007817541,0.016325152,0.011024427,0.016184958,0.016131228,0.032726046,0.014048576,0.012832917,0.014203347,0.008650001,0.0061616963,0.066474505,0.012256083,0.015987232,0.019716868,0.010766328,0.013221776,0.010836555
UBE2C,0.0042472216,0.004832861,0.0075529846,0.005859375,0.0054522953,0.006966048,0.0067956187,0.009321454,0.1429871,0.00825006,0.0076312814,0.011546779,0.055610646,0.006825793,0.008922688,0.0036370128,0.011437832,0.004165329,0.0059090876,0.00601948,0.106666364,0.0058820285,0.011731963,0.016156299,0.0068496554,0.006649215,0.005279036,0.0106415255,0.007322184,0.00414161
TNNC2,0.008545506,0.0064464775,0.0090172365,0.0073479083,0.0093751075,0.0060825227,0.008249491,0.011798964,0.00403527,0.0086543625,0.009803014,0.012305691,0.0054464005,0.00889868,0.0071425936,0.0043854346,0.007319301,0.0071709473,0.0080581475,0.0068908436,0.0037779124,0.0071167937,0.004748403,0.100934744,0.008928265,0.0115211075,0.00567786,0.005752162,0.005961892,0.0058138627
CTSA,0.045695256,0.06330192,0.06578571,0.068498485,0.12639453,0.07146321,0.088934734,0.11259888,0.017984776,0.11032761,0.09894497,0.10417132,0.043889277,0.10354523,0.08081585,0.047101803,0.044241026,0.06344074,0.14671431,0.07276582,0.038703606,0.084929705,0.031544507,0.25249666,0.101873614,0.04570076,0.05427039,0.06727528,0.07452831,0.04602529
CD40,0.016617509,0.090944566,0.10867132,0.12765527,0.034973778,0.03546339,0.029089278,0.030997293,0.013448328,0.02703277,0.029825944,0.03473574,0.012953415,0.027156066,0.024137821,0.014617083,0.016702758,0.014216029,0.024721783,0.026442211,0.013359303,0.01935482,0.020770548,0.018568777,0.030638514,0.044138912,0.025399035,0.024159897,0.024774717,0.019606043
NCOA3,0.029270908,0.090686336,0.0709236,0.07629823,0.0563673,0.04248849,0.070542194,0.08275958,0.014679995,0.074943,0.06681284,0.07771783,0.024087714,0.05975115,0.056281168,0.037301496,0.030113708,0.033055328,0.055376783,0.052524347,0.028948933,0.048566505,0.055771224,0.038920704,0.07600472,0.025078408,0.03939812,0.05924231,0.05685197,0.03802414
SULF2,0.14091884,0.06971532,0.06463343,0.06762638,0.118693605,0.08017729,0.06358605,0.079948775,0.022646353,0.080870554,0.07558967,0.084528565,0.022987988,0.064161934,0.05558892,0.03613843,0.031222697,0.043745138,0.05576191,0.05067818,0.028408017,0.04687984,0.035171315,0.032359846,0.088366576,0.08316017,0.09385557,0.053307205,0.049354516,0.111102976
SNAI1,0.031908248,0.009396794,0.017183917,0.010304982,0.044618968,0.013655484,0.011078685,0.016768327,0.006476807,0.014157894,0.013730469,0.01709221,0.01411294,0.011371712,0.013133462,0.006138672,0.0067506167,0.0060494714,0.010873452,0.011546147,0.006190812,0.007982453,0.005759379,0.0069168587,0.013351261,0.022981264,0.08935648,0.010904052,0.0094565535,0.023677107
CEBPB,0.06765343,0.061753005,0.055619244,0.07925525,0.16083944,0.18253821,0.09296467,0.11973707,0.031063296,0.090385444,0.08103856,0.10768862,0.035752714,0.08838258,0.06902228,0.058772527,0.037043806,0.05871295,0.07939948,0.08261332,0.034623455,0.061996058,0.038685426,0.06468994,0.095765546,0.044350304,0.06815163,0.076943904,0.076179944,0.057003267
SMIM25,0.020347068,0.022206765,0.026924662,0.027685117,0.08810796,0.24707086,0.033346597,0.041329358,0.01574754,0.034421578,0.033762347,0.045572083,0.011450574,0.033919573,0.0299609,0.017684039,0.017500926,0.03189707,0.028405476,0.027358552,0.017475937,0.023004662,0.018555928,0.019584144,0.035425004,0.025755158,0.031656593,0.022928014,0.028162956,0.021680854
KCNG1,0.0068695764,0.017218469,0.0074027674,0.102522604,0.009403315,0.007829204,0.011109337,0.013288396,0.0045663044,0.011300647,0.010709919,0.012763357,0.003942191,0.0109060295,0.00917332,0.0049544647,0.0066666156,0.0064465855,0.009357058,0.00952418,0.0046983934,0.0071438765,0.00458209,0.005058613,0.009139421,0.006949426,0.007689292,0.008573078,0.008396843,0.005888965
TSHZ2,0.022398552,0.05335137,0.06653853,0.052374754,0.041581634,0.039499335,0.05265715,0.36850342,0.04675603,0.24370901,0.07125475,0.119420595,0.016615799,0.117245324,0.04820323,0.032563385,0.03152357,0.031761587,0.04723837,0.044739276,0.027551513,0.03574438,0.049529847,0.042056788,0.12531695,0.03730975,0.036496975,0.059850045,0.05827417,0.038215265
AURKA,0.0053011263,0.009588634,0.009622007,0.011481191,0.013189907,0.013394182,0.017140718,0.014796851,0.1908839,0.018580692,0.014443131,0.013729617,0.019650063,0.0082647875,0.009988233,0.004428421,0.008909656,0.01885537,0.008967114,0.01225824,0.05513936,0.02920519,0.024080608,0.004941227,0.010006308,0.008272454,0.0118787065,0.009997748,0.012857303,0.010924264
ZBP1,0.019111658,0.046500824,0.039581936,0.04166777,0.034834523,0.028070554,0.078235626,0.04928233,0.018772187,0.06164403,0.05503562,0.050699934,0.031710513,0.05241054,0.055500805,0.014373328,0.017831255,0.020759573,0.04627853,0.07332492,0.030786121,0.050754376,0.08032324,0.017954746,0.04950097,0.020187974,0.023869159,0.0324874,0.049313363,0.021455009
PMEPA1,0.017994758,0.05456198,0.035971593,0.062385783,0.015285774,0.011791,0.014509658,0.028675962,0.0072636385,0.02285538,0.02266339,0.032989077,0.006109492,0.024357814,0.014677842,0.007576444,0.010608134,0.018505258,0.014337983,0.014118948,0.0067786,0.012081883,0.024021681,0.007837115,0.020645898,0.013251719,0.012953616,0.013085813,0.014121474,0.12469093
CTSZ,0.08098305,0.039702356,0.039790276,0.044079155,0.07295825,0.06600118,0.05127926,0.05410082,0.015505774,0.04622516,0.04533942,0.05210111,0.015661312,0.04145805,0.036944073,0.024278648,0.0178055,0.027780306,0.042458873,0.037691884,0.017659456,0.030749658,0.0127528785,0.026024586,0.046717275,0.09271973,0.08043428,0.03646695,0.036930252,0.0581192
TUBB1,0.010822092,0.010372585,0.012602534,0.013937806,0.018944655,0.012468764,0.0191115,0.020444838,0.0057628998,0.017878376,0.015992563,0.020609502,0.0064367,0.014128156,0.016026128,0.009352265,0.00776018,0.008597205,0.014826102,0.015488541,0.0062579312,0.010596512,0.006477442,0.2777794,0.015339814,0.008963044,0.016049758,0.012614461,0.014676594,0.012550719
EDN3,0.00092025945,0.0012690085,0.0011770348,0.0022736117,0.0013526122,0.0011576923,0.001616509,0.0019525934,0.0008155283,0.019869652,0.0034437112,0.0018876039,0.0008207417,0.009304805,0.0014516544,0.0008317285,0.0007948472,0.0008635594,0.0015683548,0.0013466818,0.00076466775,0.0011907691,0.00059532706,0.0009243127,0.001686787,0.0011514685,0.0010967633,0.0013911232,0.0037809473,0.001031454
RTEL1,0.0009239765,0.0046718456,0.0009754321,0.0012484641,0.0018830519,0.0009093805,0.0011285347,0.0017043167,0.00050185027,0.0014965812,0.009571354,0.0017104527,0.00058324117,0.0012503779,0.0030220454,0.0008635698,0.00077000377,0.00078200654,0.0011517693,0.004534363,0.00065657974,0.00089211954,0.0005867528,0.0006921408,0.0014000955,0.0009431145,0.0009817556,0.0011835916,0.0011571799,0.0105776945
FSTL3,0.015142746,0.026494298,0.014879324,0.015363982,0.072299615,0.032972883,0.02378957,0.051725477,0.008604514,0.027953481,0.0586571,0.027854197,0.007975921,0.029478291,0.021602351,0.010444282,0.054049816,0.032834515,0.018301677,0.026310252,0.014153171,0.012975413,0.009240322,0.012857014,0.020650556,0.018009733,0.0583818,0.013725491,0.015358857,0.027367657
PRSS57,0.0037794511,0.007782774,0.008039103,0.007556691,0.0086577935,0.0070666964,0.008446913,0.010226621,0.0059956303,0.009964226,0.009210696,0.011623424,0.0045257383,0.008271713,0.009142899,0.005888955,0.25551808,0.009702345,0.007873624,0.040292136,0.02248483,0.00851883,0.0037846917,0.0075967,0.008807521,0.006370966,0.041776314,0.006670829,0.013146658,0.005446775
CFD,0.049669534,0.04275554,0.04659989,0.05362536,0.1897083,0.23406397,0.05660314,0.08024202,0.024746338,0.064239815,0.06406944,0.07941326,0.021530122,0.061054185,0.053655278,0.03097814,0.038628086,0.037485007,0.056083813,0.04740769,0.025703596,0.043569762,0.023509895,0.03845325,0.069544636,0.031505182,0.05924484,0.044517625,0.04465821,0.04567635
ARID3A,0.036953423,0.042177018,0.051626783,0.029999066,0.08792326,0.07340825,0.03940421,0.04639029,0.014920947,0.038927313,0.039310496,0.042809714,0.016316125,0.032565065,0.033612274,0.019840628,0.028123679,0.048960783,0.031240389,0.03080569,0.020938594,0.031219665,0.05743303,0.02472477,0.041912902,0.027583305,0.038578317,0.02546608,0.032473795,0.07595831
MIDN,0.046456166,0.07536992,0.07791723,0.07775784,0.13526502,0.14731026,0.11401552,0.121995695,0.04144762,0.11247294,0.1082053,0.12677035,0.03975554,0.103350215,0.10419027,0.046718575,0.04343172,0.07313545,0.11808622,0.12835574,0.06727727,0.11117144,0.040312957,0.056646742,0.1013034,0.06896287,0.07404201,0.08251094,0.11693421,0.047173496
JSRP1,0.060970534,0.010272453,0.039225556,0.0212563,0.015090838,0.018610751,0.029790457,0.024492366,0.009525984,0.023417326,0.029670449,0.018343523,0.00613567,0.014929011,0.02451361,0.0076154717,0.012862295,0.009444179,0.029947087,0.018028785,0.0064414414,0.010528447,0.15164666,0.03605368,0.014264347,0.012377671,0.012578372,0.010731658,0.0447076,0.010210548
LINC01775,0.00040962876,0.00048310106,0.00047596608,0.0005124438,0.000504415,0.00045960955,0.0006311518,0.0007391946,0.000265079,0.00070573715,0.0006095688,0.0007039525,0.00022738957,0.00055410404,0.0004930134,0.00035260303,0.00035388357,0.00032454103,0.0005518123,0.00047838903,0.00030120285,0.00047956465,0.0002621875,0.00031780676,0.0006665099,0.00049317826,0.00042970982,0.0005320676,0.00043349114,0.00038425424
GADD45B,0.032000463,0.049841523,0.042658594,0.054324586,0.07968801,0.05115016,0.0726183,0.07736443,0.015545406,0.071770154,0.06484436,0.08264999,0.018672258,0.070989005,0.055999674,0.028239975,0.026429482,0.04186921,0.064621486,0.064933345,0.028878033,0.054597452,0.021937303,0.035574414,0.062005837,0.03677585,0.06405467,0.04964031,0.06367993,0.03479605
GNG7,0.09378977,0.09821068,0.13951531,0.106364034,0.029462766,0.020659026,0.027428877,0.03828225,0.012536554,0.033176254,0.029383587,0.041263636,0.014175376,0.032548495,0.025398875,0.01564529,0.027919672,0.021180559,0.025922533,0.025013646,0.012322674,0.024034768,0.08336518,0.016793488,0.033066913,0.08793558,0.031466212,0.023507843,0.02068195,0.097876064
ZNF556,0.0024311938,0.0046814336,0.006241853,0.005273735,0.0032527503,0.004283911,0.007918541,0.0041427463,0.0015020848,0.0033163084,0.0033032866,0.0042543574,0.0013815707,0.00314229,0.002969693,0.0017773418,0.001861141,0.0018703033,0.004839701,0.0075699054,0.0016275311,0.013785064,0.0020738544,0.0018199969,0.0034705992,0.0024294949,0.003002901,0.0025451283,0.0025129262,0.10121187
GNA15,0.08195371,0.019378038,0.016415212,0.018659983,0.05901158,0.038879447,0.021078125,0.031302594,0.012038128,0.030792117,0.03246947,0.027143927,0.011341544,0.020693941,0.019183058,0.013845935,0.06330635,0.02980363,0.027103217,0.017919116,0.011735919,0.018328412,0.01019548,0.02775946,0.023669569,0.058455925,0.07116919,0.016398534,0.01610205,0.08063565
SMIM24,0.004215441,0.0066195456,0.0057795243,0.006985329,0.006109191,0.0053887777,0.0067707845,0.010349721,0.0032758699,0.009094165,0.008434578,0.012947288,0.0038048706,0.0077237445,0.0068108826,0.0048556076,0.34218118,0.005701368,0.0066183084,0.01035668,0.0051180343,0.019087598,0.0034697938,0.0039014071,0.0081901755,0.005936319,0.0054980307,0.0056914287,0.0054125255,0.0046987683
MATK,0.035170116,0.040466283,0.042855516,0.04811267,0.046183966,0.040513385,0.12298279,0.07550608,0.03274215,0.07001668,0.07967206,0.09197663,0.03973497,0.085252,0.10716941,0.025931548,0.034618165,0.04822094,0.09800948,0.19326751,0.06841891,0.1504022,0.023283225,0.035853107,0.06357339,0.045213405,0.033672724,0.05054504,0.10698143,0.0328158
EBI3,0.0024841428,0.045245383,0.06572653,0.0067906464,0.004173805,0.014521111,0.004279191,0.0052116993,0.004245464,0.004338343,0.004340109,0.005535906,0.0022014447,0.0037940156,0.0036779318,0.002857074,0.002318465,0.002363939,0.0040335283,0.0035714624,0.0017473074,0.003067234,0.007096444,0.0021907697,0.0045396127,0.0029975935,0.005071717,0.0035394672,0.0037710264,0.0023774416
SHD,0.02042633,0.0030639397,0.00261848,0.0032176317,0.0036768068,0.002549936,0.0051605096,0.0050111837,0.0018527616,0.004743071,0.0035921652,0.005383307,0.0011905107,0.0037535583,0.003030646,0.001535786,0.0019470097,0.002312644,0.0035410349,0.0030974497,0.0017260427,0.002528302,0.0017999024,0.0017843761,0.003970803,0.0029833515,0.0022456509,0.0029136697,0.0029589932,0.11926105
CHAF1A,0.09627011,0.03214375,0.038784318,0.033086687,0.05116261,0.03604782,0.051359355,0.05360779,0.06621042,0.04579655,0.045672,0.044398636,0.116124935,0.038157966,0.035866268,0.015790712,0.044566132,0.028469507,0.031473845,0.036850695,0.17054935,0.0203824,0.025657294,0.018210763,0.039117057,0.034741793,0.048540823,0.037485514,0.045383457,0.077718504
PLIN5,0.017552396,0.003116315,0.0058032274,0.0071224263,0.013317548,0.0056818943,0.004135415,0.0074797017,0.0019337877,0.0071202195,0.0042822002,0.0076387934,0.0019341102,0.00394636,0.009532603,0.002475495,0.006717271,0.007325553,0.003968457,0.00382021,0.0017142576,0.0027182703,0.0015660009,0.0049519828,0.004463874,0.0030814835,0.006283863,0.0037522248,0.007540798,0.0023645442
LRG1,0.008821613,0.0040863105,0.003886012,0.004788484,0.031911097,0.007211671,0.0057182238,0.007576023,0.002132107,0.0060086753,0.0060161166,0.0068816156,0.0023441592,0.004877808,0.004746327,0.0028063757,0.0037623516,0.0029819799,0.005031628,0.0051845987,0.0024140484,0.0052937865,0.0023810568,0.0025333618,0.0051580397,0.0053383196,0.017380508,0.004197591,0.006786809,0.003360003
MYDGF,0.05450023,0.048173722,0.051032115,0.056516755,0.065144606,0.053473253,0.07692263,0.09317695,0.030007953,0.08318945,0.090853035,0.08799442,0.0355321,0.07261234,0.077875674,0.030825203,0.030403636,0.05121011,0.087143496,0.080571495,0.04133936,0.06148776,0.11815867,0.03691355,0.08455284,0.03286958,0.07543423,0.055444136,0.077874124,0.06382811
UHRF1,0.0050225584,0.007633386,0.007872195,0.008126502,0.014197331,0.007358202,0.01446334,0.012360538,0.11593522,0.014958494,0.0100318715,0.016405152,0.12620048,0.009945705,0.011424145,0.0036206178,0.036162786,0.006005999,0.011703763,0.008610967,0.18838349,0.0074872146,0.0109389275,0.0057832254,0.012800166,0.0083051715,0.019672578,0.0072654136,0.008288636,0.025528276
PTPRS,0.027103426,0.008159392,0.004862285,0.0055145565,0.006567942,0.008632844,0.0117928,0.009241849,0.0036129702,0.0074215317,0.006568763,0.007928534,0.0023059405,0.0063976636,0.005806934,0.0030701049,0.004829258,0.033497177,0.0059303953,0.0051126187,0.0028837104,0.00457829,0.0028252432,0.005096698,0.0063359383,0.00403952,0.0051763197,0.0068107625,0.0052254195,0.13258444
TNFSF9,0.070097215,0.117246345,0.03076535,0.016378919,0.029606745,0.02990208,0.03423436,0.024892319,0.008454744,0.020156411,0.0296503,0.024643222,0.019361943,0.022143533,0.027588382,0.011020652,0.010398545,0.009667183,0.04781245,0.019706681,0.0087999655,0.079956874,0.013726843,0.009917566,0.02258951,0.020030865,0.07671531,0.016518248,0.022080543,0.06852494
CD70,0.004458166,0.049632277,0.080735154,0.010965756,0.009973088,0.007773039,0.01472986,0.014230649,0.014003731,0.015447226,0.025887458,0.019571472,0.0375314,0.016396932,0.016098488,0.008607097,0.005819033,0.0147892,0.039588578,0.0119291935,0.022014042,0.011091954,0.020523982,0.010872331,0.012828231,0.008799469,0.01238478,0.011811681,0.011928775,0.0067062783
STXBP2,0.08742386,0.0678807,0.06679218,0.07840903,0.18224463,0.21877447,0.10122766,0.1264258,0.029092193,0.11118809,0.09640408,0.12044834,0.050411616,0.102130845,0.082543604,0.056507282,0.05112976,0.07377455,0.08841909,0.08877444,0.04604991,0.060642555,0.032295473,0.1276301,0.100275666,0.03460435,0.051696096,0.06906292,0.083479084,0.040095318
RETN,0.023556625,0.021873184,0.019975582,0.02340661,0.14579307,0.06808985,0.027905146,0.034496184,0.011989067,0.031546667,0.028451223,0.042317454,0.013960989,0.031370815,0.022767475,0.020661537,0.022059439,0.020768475,0.025496606,0.023863306,0.012720499,0.026984772,0.012206196,0.017154781,0.027799116,0.017813167,0.09501339,0.022240255,0.021554627,0.017112643
MCEMP1,0.007901886,0.007886571,0.008357086,0.009277799,0.067905694,0.010557517,0.010988805,0.012618274,0.005256587,0.011546431,0.013033285,0.01315239,0.004878011,0.010439702,0.011930058,0.0067747883,0.0060988795,0.0056472016,0.010191093,0.0095215235,0.004565383,0.008241096,0.0052910857,0.03287287,0.010797814,0.007743665,0.0104674315,0.0071192808,0.009202438,0.007266665
FCER2,0.012277832,0.072174974,0.07219212,0.3378402,0.023772921,0.021361938,0.022966696,0.0320309,0.008682804,0.026054868,0.021759491,0.0271304,0.012195267,0.02209301,0.018592706,0.009844178,0.014893705,0.014186977,0.022361662,0.018736605,0.009636377,0.015098142,0.01774496,0.012239552,0.022824433,0.022404475,0.015694642,0.021953616,0.016461568,0.01459417
MARCH2,0.026172401,0.037830554,0.04127541,0.042218234,0.063430086,0.054704737,0.07509926,0.06674251,0.019862598,0.058105465,0.05562611,0.071791105,0.027689047,0.06071864,0.06458748,0.034481652,0.02940694,0.042557143,0.04939533,0.06072646,0.025564097,0.04601687,0.016946008,0.22171104,0.061717052,0.03099205,0.04028818,0.0426223,0.055774037,0.05509708
PRAM1,0.041386105,0.029865403,0.03168346,0.035175484,0.14526065,0.10202148,0.043667387,0.053682394,0.016335744,0.050560165,0.039421476,0.04961087,0.017351104,0.04018922,0.035750683,0.023577642,0.028688177,0.06595326,0.038766313,0.032485634,0.021625908,0.0500896,0.015092109,0.023199333,0.035208523,0.030503947,0.05732911,0.033347752,0.033669557,0.031245217
DNMT1,0.051903367,0.0693219,0.06624258,0.07769826,0.075248025,0.066722415,0.11088539,0.13092123,0.08238183,0.13421632,0.13294962,0.13666816,0.10174207,0.11127382,0.09912081,0.035736036,0.046300147,0.054396257,0.09767419,0.12432853,0.13714868,0.09803002,0.033390738,0.06069753,0.11659823,0.042863846,0.04546073,0.10773703,0.10296535,0.0521052
ICAM1,0.043561198,0.022414673,0.026123818,0.020940095,0.11191267,0.04863616,0.028311366,0.03592046,0.010383094,0.03666953,0.02802135,0.035996232,0.013737415,0.033040456,0.02648972,0.011727636,0.016986232,0.02251196,0.027515182,0.028324999,0.013211682,0.031188747,0.012830125,0.018019367,0.027210504,0.035087567,0.053609304,0.021638308,0.026245778,0.038269117
S1PR5,0.03095625,0.026882095,0.031731766,0.032875217,0.0336498,0.029344877,0.11760277,0.048013587,0.016995115,0.049344983,0.04500602,0.052695755,0.029675422,0.037633456,0.09091856,0.019190565,0.020122753,0.026261557,0.07679783,0.184635,0.06600271,0.045879595,0.018489296,0.02196285,0.03489894,0.025734443,0.027071375,0.030075883,0.090406775,0.02300721
C19orf38,0.03483313,0.046372257,0.04241399,0.0417467,0.14885366,0.15857415,0.05002867,0.054606736,0.01813732,0.051413696,0.04930322,0.056897156,0.023162907,0.04093385,0.040763415,0.026481172,0.030094502,0.02814822,0.0458746,0.04235375,0.022831947,0.040504087,0.020222625,0.033440687,0.04719659,0.06510598,0.07712084,0.035660174,0.040695067,0.029835792
LDLR,0.014306607,0.013203535,0.016903015,0.015588592,0.06687094,0.022630282,0.02718033,0.02703703,0.025547042,0.031291887,0.026687495,0.028965715,0.011821966,0.021864047,0.030888986,0.010765672,0.024929488,0.010727034,0.020134507,0.0432114,0.025755383,0.017406732,0.02838658,0.016016483,0.019323427,0.0149153285,0.02126594,0.01905572,0.02639589,0.013157221
SPC24,0.0047813756,0.005794284,0.005850554,0.007825814,0.008007545,0.007851533,0.00717894,0.01087262,0.17705859,0.008103326,0.01486825,0.009047402,0.09165624,0.012507788,0.010584304,0.004929795,0.011739516,0.004256399,0.008178119,0.009103109,0.1496615,0.00549198,0.030310325,0.004002763,0.0072930655,0.0061852704,0.005814899,0.0055643804,0.0063654087,0.0041207755
KLF1,0.0016249715,0.002253013,0.0021675949,0.0025069974,0.004679003,0.008008295,0.0026403053,0.0034604466,0.0014299785,0.0030021349,0.0031250133,0.003420003,0.0013976381,0.002605245,0.0026237876,0.063139245,0.09100946,0.0013883252,0.0052838065,0.0024150056,0.012605271,0.0030574761,0.0012863403,0.0015540442,0.0030346918,0.002150834,0.0020126582,0.002253475,0.0022033674,0.0020913365
CALR,0.06652686,0.06798183,0.07081927,0.08815455,0.07698453,0.061283596,0.112861216,0.1247563,0.0676895,0.11349746,0.11216044,0.12500529,0.067818336,0.08653782,0.101074494,0.05372736,0.0514701,0.073047265,0.09704337,0.112326816,0.070734374,0.08299851,0.12243062,0.075480506,0.11617841,0.076121286,0.05290759,0.08417052,0.07839563,0.06780554
LYL1,0.04658431,0.053730197,0.06832223,0.08283822,0.07387179,0.100819044,0.04067802,0.057841763,0.01762044,0.058900528,0.051414717,0.049980547,0.017074885,0.038600247,0.035444725,0.032917142,0.10645769,0.036423538,0.03992728,0.033252582,0.020231085,0.028891832,0.016559647,0.09061988,0.04747497,0.05071845,0.052547216,0.04422999,0.0415899,0.027437052
IER2,0.018730048,0.056554567,0.044372324,0.07246325,0.11064022,0.055780206,0.068559,0.10376161,0.025923885,0.076396376,0.07267175,0.10907179,0.017471429,0.056771286,0.058700334,0.05461548,0.03691773,0.045934755,0.07347723,0.07040935,0.023781782,0.06835481,0.03362052,0.05549826,0.08038344,0.02626346,0.046888888,0.050905548,0.052959044,0.040426645
AC020916.1,0.034794264,0.02434583,0.028922927,0.027021041,0.10125827,0.038314626,0.03375829,0.041028738,0.016183348,0.04399692,0.041855063,0.040706046,0.016702449,0.03126455,0.033787042,0.020257844,0.048227694,0.12606245,0.03911642,0.029195419,0.015522629,0.06572859,0.015416323,0.026223687,0.034156755,0.018196274,0.048022356,0.03529466,0.028743317,0.023555474
ASF1B,0.008315064,0.008829815,0.016038954,0.011438738,0.022475151,0.024562934,0.028685963,0.02013353,0.17484769,0.01331594,0.019042738,0.023690201,0.09179704,0.011496077,0.01077025,0.008358588,0.007280425,0.006720851,0.011725616,0.017506251,0.14864238,0.009624336,0.012685813,0.0063550887,0.027895406,0.011536801,0.009073957,0.009223712,0.013229812,0.007067282
DDX39A,0.03835405,0.047988825,0.055338345,0.064684324,0.058674984,0.038950525,0.073291615,0.08087731,0.06972704,0.07512855,0.07812379,0.08485606,0.052507963,0.06414105,0.052093156,0.01893303,0.038825773,0.048155602,0.06569424,0.061908424,0.06967018,0.047190756,0.030372078,0.024018442,0.07521613,0.03529563,0.051007513,0.05977996,0.061049115,0.04035372
ADGRE2,0.037311308,0.023295332,0.027940745,0.025521034,0.110396884,0.13774092,0.033288617,0.040696014,0.012996714,0.035880044,0.032692373,0.03795553,0.012303468,0.029916802,0.029690966,0.020424854,0.03483519,0.018140193,0.026122132,0.028059522,0.01597133,0.0282469,0.025565911,0.019896755,0.03207051,0.021099493,0.04838583,0.022740474,0.030995129,0.030988269
TPM4,0.060951166,0.051595375,0.0507891,0.06227787,0.060758818,0.044230383,0.08233402,0.08892384,0.07162112,0.08236703,0.08436314,0.09270721,0.04211828,0.07587862,0.0719861,0.035556175,0.037851926,0.038084842,0.083723746,0.08338193,0.043801647,0.0568274,0.032498937,0.14666513,0.07088754,0.06926227,0.0461716,0.057941105,0.072052985,0.037248243
NWD1,0.00043556452,0.00044736333,0.0016451919,0.00050849776,0.00089595263,0.0004576963,0.0006991553,0.0008156497,0.00032832846,0.0007019734,0.0053179106,0.0007925129,0.0002786135,0.00057029957,0.0005030289,0.0002690626,0.00029861557,0.00033999307,0.0005951295,0.00056495133,0.000341425,0.00048250018,0.000845196,0.0003049896,0.0006276682,0.0004401255,0.00042387436,0.0005361573,0.00047829043,0.0004015212
PLVAP,0.02533945,0.013503193,0.009468295,0.010352801,0.013728691,0.017359229,0.011864007,0.015463173,0.005115013,0.014505318,0.01274761,0.020214632,0.005339667,0.015343956,0.010418314,0.025346026,0.0077700047,0.0052745948,0.010120802,0.0102454275,0.0061907102,0.022228967,0.006490163,0.006782898,0.0116651645,0.008662276,0.0110636875,0.009039957,0.010162337,0.4366538
FAM129C,0.038817722,0.12333808,0.06983927,0.171033,0.020767493,0.017190471,0.02547928,0.029547395,0.011812604,0.02869959,0.022851111,0.02947236,0.0107575115,0.026848754,0.018307239,0.013393459,0.014857703,0.019297065,0.0205759,0.021824626,0.013549784,0.01828809,0.012548489,0.012100428,0.02488926,0.016435573,0.017415646,0.018211959,0.019077199,0.17148921
IFI30,0.051717732,0.029156443,0.034754243,0.03338731,0.1138961,0.151882,0.037703466,0.04589235,0.01848843,0.04137554,0.039873257,0.048718587,0.016449558,0.03573993,0.030418899,0.02423461,0.023302136,0.02140046,0.031562425,0.02747937,0.020030214,0.025066191,0.016757136,0.019659525,0.033299524,0.025060022,0.07619683,0.028623018,0.029647447,0.025492681
LRRC25,0.030487733,0.025379648,0.027706286,0.030138068,0.09914152,0.16756494,0.03377766,0.04415579,0.015510321,0.04038746,0.037074376,0.041574173,0.017700408,0.034120444,0.030860845,0.022959448,0.018311307,0.01838487,0.03411913,0.031185403,0.01668705,0.03197487,0.012424608,0.023281924,0.03611211,0.026672114,0.058631554,0.027209539,0.030539688,0.02769827
HOMER3,0.02244774,0.032373264,0.07536153,0.031480618,0.15785694,0.05250978,0.03512695,0.045993034,0.015705569,0.04521329,0.037373375,0.04386317,0.020850765,0.03425696,0.02894131,0.022872824,0.025040777,0.027339278,0.031583562,0.031797793,0.017659858,0.023046983,0.06497013,0.021375343,0.034622684,0.021293804,0.02341932,0.028093023,0.027342949,0.022017138
AC074135.1,0.00042569032,0.000504385,0.0005062367,0.00055959896,0.0005935715,0.0005047776,0.0007264056,0.0008696613,0.0003486727,0.0007380473,0.0006501235,0.0008741518,0.0003120768,0.00066121964,0.00057331973,0.00034234364,0.00036513893,0.00045015977,0.00062487624,0.0005915807,0.00035488108,0.0005328824,0.00033741893,0.00033504344,0.0007145895,0.00053440727,0.010260041,0.00055311824,0.0005487464,0.00042709685
VSTM2B,0.001172007,0.0013999888,0.0013788606,0.0014111651,0.0016167474,0.0014470214,0.0035258955,0.0022157857,0.00081451656,0.0021690212,0.0019249643,0.0041984287,0.025976157,0.0018562279,0.017607447,0.0010714273,0.00079408457,0.0010208762,0.0015396613,0.004332524,0.004265639,0.0014123695,0.0006340957,0.00096865435,0.0018627434,0.0011987492,0.0012062837,0.0016898945,0.0017032879,0.0011432122
CEBPA,0.06606697,0.023568973,0.022122977,0.027292753,0.086659014,0.11262521,0.028913286,0.042265918,0.018491222,0.034639094,0.035560902,0.0355712,0.014629494,0.029956248,0.031077478,0.01365543,0.032805428,0.01947578,0.030388555,0.032028064,0.016224945,0.025539499,0.013456491,0.015519514,0.031013824,0.028810903,0.06375948,0.024847569,0.027739093,0.019453397
AC020907.3,0.00065865566,0.0008368734,0.00086286216,0.00097569334,0.02215552,0.0007771348,0.00105471,0.1392779,0.00059119356,0.0011936327,0.0010558941,0.0016793937,0.0004279116,0.0010159545,0.0009522413,0.006673737,0.00052324496,0.0007919623,0.0010098907,0.00092414964,0.0005061396,0.00085675373,0.00058064866,0.00051808095,0.0010287446,0.00081877044,0.0008114935,0.0008633383,0.0007725003,0.0007596735
SCN1B,0.008598539,0.008806206,0.00858874,0.011007937,0.012583123,0.009580652,0.015678456,0.014885159,0.0047412366,0.012557534,0.01751638,0.014916564,0.0049345,0.012493925,0.008949638,0.005880068,0.006189466,0.057591178,0.023185447,0.010916577,0.0051507996,0.014471672,0.005218708,0.1298791,0.012265287,0.009177282,0.031479698,0.012966639,0.009110586,0.008953048
HAMP,0.28687474,0.0018633066,0.0028790175,0.0025001774,0.005135224,0.0017048891,0.0023053125,0.0028188324,0.0010407001,0.0025572968,0.0025549715,0.003022034,0.00093582977,0.0021504094,0.0019559409,0.001057069,0.0014427652,0.0012747478,0.0020641773,0.0018477852,0.001036534,0.00879169,0.00121242,0.0011747194,0.0025161922,0.0013441001,0.010405588,0.0018891053,0.0018870384,0.00408933
CD22,0.0583457,0.20414826,0.1394576,0.28263187,0.030558392,0.02911917,0.034303702,0.042859387,0.017728208,0.042724498,0.037438177,0.04511835,0.014753613,0.03215597,0.030025357,0.02474496,0.021035137,0.0218275,0.033091307,0.02987784,0.01781261,0.030694753,0.016811106,0.017519392,0.03526269,0.02342096,0.029470563,0.032617357,0.02679323,0.022746557
FFAR2,0.014877957,0.01354299,0.0123587055,0.016174963,0.071908385,0.05837142,0.015239058,0.021089716,0.009275274,0.019729055,0.019516153,0.02088903,0.009054468,0.015407954,0.016604943,0.011375198,0.008962722,0.008770299,0.016747652,0.016776737,0.0078105875,0.016068187,0.010697043,0.011598951,0.01784834,0.009682758,0.014827065,0.011306085,0.016605964,0.010913018
ZBTB32,0.0060025016,0.048834585,0.05455069,0.009424342,0.0075742337,0.0069937734,0.00879629,0.012352934,0.045592986,0.012171749,0.0091874795,0.014580892,0.020714838,0.008751903,0.007938104,0.00477243,0.005212391,0.0057285447,0.008223938,0.0135326795,0.009036271,0.0061228033,0.047995757,0.0045772498,0.010430026,0.005445211,0.0071446314,0.045311168,0.0061951475,0.0058323434
NFKBID,0.043754213,0.04668125,0.04130716,0.052546572,0.10154077,0.051032256,0.043630514,0.04654148,0.020503432,0.044227727,0.0414912,0.055929657,0.016522853,0.04013115,0.03597554,0.026135236,0.020368453,0.024210088,0.03682628,0.03800348,0.019895466,0.027179794,0.01821109,0.023389649,0.03540009,0.03366877,0.0482496,0.03726913,0.03401747,0.03935408
TYROBP,0.1084849,0.12646678,0.124419816,0.14150055,0.30128586,0.24602383,0.13994291,0.20913438,0.07893056,0.17358434,0.16591103,0.21455546,0.06609743,0.1546963,0.14535078,0.123185396,0.06547386,0.081922725,0.15336467,0.22121154,0.07045566,0.14507738,0.07761595,0.10271301,0.17760415,0.095819674,0.15153997,0.123184815,0.1343876,0.10278308
DPF1,0.0013796276,0.0033697428,0.00506705,0.002101499,0.0020472538,0.0063352985,0.0023040834,0.003136808,0.0011910963,0.009953116,0.0026300065,0.005176327,0.001014222,0.0023277886,0.0025765093,0.0015797816,0.047113393,0.0015830614,0.002368119,0.0020153823,0.0013925356,0.057518184,0.014764192,0.0013363241,0.0027549875,0.0014117712,0.0017685133,0.0023678145,0.0019476673,0.01715641
PPP1R14A,0.20181894,0.043312266,0.05455331,0.046322413,0.011864835,0.009588228,0.014506895,0.016053028,0.006074651,0.014560808,0.013330986,0.014122061,0.005961618,0.011550605,0.010992342,0.0054979934,0.010699435,0.008382103,0.012373389,0.010867105,0.0058723143,0.008860408,0.020663762,0.04625264,0.013588146,0.015357357,0.045420617,0.009257004,0.010565831,0.04263783
C19orf33,0.007481077,0.00967894,0.010955312,0.009040307,0.012706425,0.008838223,0.011011757,0.013030051,0.0055863126,0.014321055,0.014292726,0.019323822,0.013875246,0.012948374,0.009712056,0.0052063633,0.0065866257,0.024872143,0.008633712,0.011835822,0.0053139175,0.019860016,0.006684112,0.16258214,0.0111407675,0.036737867,0.0343096,0.008678176,0.008589271,0.009344855
KCNK6,0.0484502,0.033223394,0.032118298,0.036220193,0.10096564,0.05691628,0.050671097,0.05430058,0.026046744,0.06133928,0.05360579,0.058410265,0.024749992,0.046919644,0.033549257,0.027284792,0.02120152,0.032805692,0.049936157,0.036534406,0.021245975,0.03156955,0.035918243,0.035510633,0.05681846,0.18868342,0.10411579,0.059348933,0.03961097,0.02511137
FBXO27,0.0014415436,0.0025321979,0.0017476316,0.0019411909,0.0059277606,0.0015769892,0.00216234,0.0058885724,0.0013008645,0.0028178713,0.0029850954,0.004860566,0.001051656,0.0035164598,0.002407293,0.0010738258,0.0012942072,0.0013405958,0.0021342088,0.0020661142,0.0010620919,0.0016507291,0.0010733155,0.0011738699,0.013360556,0.14799966,0.0014894761,0.0018575491,0.0017009402,0.001444239
ZFP36,0.037601467,0.05281456,0.05587724,0.060947903,0.13424078,0.07199148,0.08548689,0.11180326,0.033954736,0.076057814,0.08408012,0.108912855,0.032213528,0.08121775,0.0587062,0.036911823,0.05357356,0.0790739,0.074110545,0.070789285,0.036263663,0.05545679,0.024562102,0.06266789,0.0934314,0.033551853,0.05980998,0.06761561,0.06496041,0.053492647
CLC,0.0020569386,0.0072821043,0.0022609206,0.002502025,0.0024132533,0.005311825,0.002755591,0.003664756,0.0012917072,0.0151184825,0.0027188393,0.009436923,0.015262295,0.003369001,0.0024959068,0.0015850363,0.018764611,0.0016439074,0.002488197,0.0023157059,0.0015991181,0.0019845408,0.00144352,0.001437501,0.0027449275,0.0024965939,0.0020407615,0.002163298,0.0024945603,0.0020632825
CNTD2,0.00037068527,0.002434683,0.00043453986,0.00049535,0.0004898604,0.00038037315,0.0005450656,0.00079970004,0.0003021587,0.00065055065,0.0006773174,0.00068794016,0.00029606168,0.0063174022,0.0004898113,0.00024990598,0.00030804356,0.0004356201,0.00048209672,0.0005303579,0.0003241865,0.0004181301,0.00026372413,0.00031658818,0.0006370792,0.00038639866,0.00042576855,0.0004211418,0.00044273277,0.00036854856
BLVRB,0.038913358,0.040469848,0.038441397,0.046671547,0.13279343,0.068566576,0.049836397,0.058786325,0.015003113,0.054649446,0.05609824,0.060149968,0.024842557,0.052743156,0.04509694,0.09312998,0.023842804,0.039071444,0.048578028,0.04186096,0.02494098,0.038471535,0.023706067,0.03356248,0.05120228,0.060123138,0.09023329,0.04070345,0.046916354,0.032933332
MIA,0.00078164035,0.0036475542,0.0018020405,0.0009111943,0.0019091124,0.00083703076,0.0010763729,0.0014774724,0.0005141201,0.0012390942,0.0011753694,0.0013615459,0.00044659927,0.0010007095,0.0008763755,0.00064842467,0.005466239,0.00058678526,0.0010342009,0.0009516101,0.00054010376,0.00086609396,0.000589578,0.00056406425,0.0010809951,0.011891159,0.00080763496,0.00089660636,0.0008805562,0.000674191
CYP2S1,0.081236206,0.012535637,0.013073838,0.013733305,0.05293264,0.017798511,0.016892519,0.02150009,0.008514529,0.02129542,0.018545467,0.023417708,0.0064133513,0.015286922,0.015003832,0.013431227,0.0196792,0.008278813,0.015290838,0.0139826145,0.008789188,0.012146423,0.0077804257,0.009487198,0.022898283,0.19260877,0.15725157,0.030914947,0.013636798,0.0096281385
AXL,0.43756437,0.0055041886,0.005487347,0.006491296,0.006439958,0.013738048,0.006835904,0.0087784175,0.002531581,0.014172445,0.0070152283,0.008889161,0.0029447575,0.0066404575,0.006092365,0.0027094255,0.0039470783,0.0041086944,0.0059268,0.006913656,0.0031628257,0.0048496383,0.0031517672,0.0038344197,0.0069864467,0.01925954,0.07642949,0.0049735955,0.0058998945,0.0152527755
LINC01480,0.009008297,0.02870587,0.06287196,0.07597741,0.0104912575,0.009376676,0.013622383,0.019243749,0.008580146,0.016330335,0.022757059,0.022022549,0.008930243,0.013530413,0.010649601,0.0077836066,0.00897516,0.0081859315,0.011781914,0.012373332,0.008495818,0.011493507,0.022414675,0.006621297,0.020223694,0.009393482,0.009387831,0.01865013,0.011757572,0.03485083
CD79A,0.025467908,0.25227118,0.21029322,0.2942494,0.045043092,0.037640657,0.056867745,0.06610627,0.020713268,0.053042427,0.047523484,0.07178522,0.02508249,0.051457807,0.044021778,0.032393463,0.027950313,0.034684237,0.04873453,0.040747534,0.021616044,0.039999846,0.07573836,0.027036585,0.054230224,0.032252416,0.035252348,0.03626446,0.04696413,0.025475737
POU2F2,0.033159554,0.10751158,0.07830433,0.10249771,0.10316764,0.12002035,0.08629463,0.10986302,0.026374485,0.09278732,0.08673866,0.09854777,0.030862205,0.08886215,0.07145763,0.046361413,0.043830864,0.07507644,0.07130541,0.07406571,0.03745752,0.054706365,0.025529165,0.052067388,0.10283737,0.040513027,0.06526572,0.06272791,0.066823915,0.04515836
PLAUR,0.040594656,0.027328985,0.035075277,0.030263163,0.13578078,0.06843224,0.042727355,0.044345487,0.019132301,0.038797136,0.03650797,0.049096894,0.0152574275,0.03894579,0.034147583,0.021049667,0.02224285,0.02334295,0.034181572,0.034134544,0.017782055,0.025363911,0.015291537,0.022458702,0.035844352,0.02577623,0.065365076,0.037822396,0.030801918,0.029509865
PVR,0.009162101,0.01003154,0.008356807,0.00941285,0.04711701,0.04721275,0.0107831275,0.016404536,0.006402721,0.013279912,0.011705625,0.024786152,0.0038662218,0.009263266,0.008808872,0.0081790965,0.017070694,0.0068773115,0.009541304,0.014188244,0.009742398,0.0084933145,0.00600342,0.0086654825,0.012930203,0.009315937,0.019328084,0.009424524,0.010688859,0.00623
BCL3,0.0647207,0.040904794,0.049880847,0.04082532,0.0963702,0.05710277,0.045846064,0.056217212,0.022915527,0.061620206,0.052976012,0.04751363,0.029552076,0.040969454,0.040005893,0.022206735,0.023855142,0.028823327,0.046661552,0.042465962,0.026690802,0.04992822,0.017341107,0.026059004,0.046873625,0.03852153,0.06966991,0.03203543,0.04279966,0.046409544
NECTIN2,0.020230215,0.012383272,0.008630572,0.010606867,0.071436025,0.026142508,0.010400401,0.016783629,0.0060314997,0.013163957,0.012704325,0.014046822,0.005240183,0.011470652,0.01002868,0.0067139394,0.026466865,0.0058924053,0.013639452,0.010884862,0.0056637917,0.010022618,0.005366801,0.019559348,0.01506764,0.008959435,0.041291475,0.010399728,0.01029789,0.007772798
APOC1,0.115757115,0.0022838502,0.007894401,0.0035818627,0.00327058,0.0025991697,0.0023271788,0.003354372,0.0016878212,0.0030067058,0.002732277,0.0033031076,0.0009608848,0.0024548809,0.002170421,0.0016443956,0.066704765,0.0017336351,0.0023483871,0.0021385923,0.0013388379,0.0018384492,0.0011272144,0.0014450784,0.002547133,0.08289925,0.029741434,0.0020328371,0.0021317273,0.0017419205
KLC3,0.0011353847,0.0017465435,0.0016582322,0.0018595398,0.0019946385,0.0015374719,0.013386559,0.0046713403,0.0008465458,0.0021018374,0.0023023905,0.0404148,0.0009686317,0.020645225,0.0021048714,0.049038954,0.0011509459,0.0011417483,0.0020500063,0.0019486346,0.004036822,0.0015289678,0.0066217547,0.0010443097,0.0019676725,0.0017673377,0.0013309069,0.001550798,0.0019114793,0.001284375
FOSB,0.03105222,0.031326596,0.02680708,0.030574748,0.110841796,0.03387959,0.02893677,0.03954139,0.015416381,0.044059027,0.041143242,0.044018473,0.014124012,0.036944095,0.02945686,0.020270143,0.035763796,0.044642165,0.0317156,0.026817478,0.014611203,0.036575943,0.010771384,0.019062873,0.03614532,0.02537978,0.08924297,0.025301632,0.026598394,0.03072708
PPM1N,0.017260708,0.026748668,0.018980071,0.021218536,0.019702708,0.09727555,0.03407476,0.03896419,0.014116269,0.028934024,0.029357167,0.04157855,0.009632958,0.031136332,0.03081894,0.012806836,0.01482844,0.01078387,0.024739424,0.029360525,0.012830194,0.014978288,0.009310195,0.0126519725,0.0271076,0.013223785,0.016677143,0.02154135,0.026555736,0.013320195
PTGIR,0.02025363,0.022184066,0.017550297,0.02767961,0.08794956,0.08436041,0.026278347,0.048728082,0.012961136,0.03622672,0.029216861,0.03854759,0.0141894715,0.025461575,0.022424469,0.02333022,0.015186998,0.015719254,0.022726594,0.022394652,0.011668544,0.017651858,0.011113775,0.068124555,0.03371279,0.01708852,0.06749744,0.017652245,0.021890223,0.025177367
C5AR1,0.02243115,0.027739888,0.027746119,0.03262826,0.14865452,0.13463905,0.036709923,0.04694964,0.016844504,0.044777144,0.040226802,0.047624655,0.014446049,0.03618254,0.033607975,0.023367396,0.018549988,0.026704796,0.03249372,0.032980602,0.017942784,0.027694646,0.014707895,0.028101219,0.042484738,0.027612202,0.028435908,0.033016067,0.034130216,0.027494222
C5AR2,0.012639797,0.0158154,0.018797478,0.020292243,0.07727184,0.1417654,0.024514811,0.027379528,0.013406079,0.029168911,0.02643796,0.029786829,0.013972795,0.019749822,0.022537779,0.0148131,0.013104349,0.023713497,0.02132885,0.01862601,0.012956183,0.026491556,0.016056819,0.014956261,0.03740544,0.012905265,0.020973975,0.02099085,0.017832285,0.019236447
LIG1,0.012556942,0.029215708,0.028738713,0.029669471,0.02036982,0.019718327,0.041123707,0.05329731,0.06314772,0.04938499,0.033962943,0.03959758,0.061722524,0.035344947,0.026649337,0.013915634,0.025589509,0.018520974,0.027399903,0.035503894,0.10084358,0.019373575,0.014843674,0.015715156,0.038462754,0.023085369,0.02863814,0.039919134,0.031221474,0.015352716
PPP1R15A,0.03417228,0.060702875,0.06711856,0.0762309,0.13882363,0.076977775,0.077084355,0.10331149,0.030566443,0.09080884,0.0871096,0.093822494,0.027117025,0.07633716,0.06641454,0.032991625,0.043335974,0.09459697,0.07491257,0.06576631,0.03503242,0.059647273,0.026358776,0.0681957,0.08339679,0.04339222,0.05850807,0.06724852,0.058892615,0.075262874
FTL,0.025935723,0.03084689,0.030633643,0.03542578,0.21602383,0.22186686,0.077917024,0.10389298,0.067226425,0.08662048,0.07317056,0.09961094,0.034569893,0.07653256,0.04726257,0.08251551,0.021469511,0.043635864,0.05257627,0.062330797,0.06556757,0.062128026,0.055850692,0.075888954,0.053589474,0.020678924,0.055541124,0.051169746,0.060434636,0.03215186
TRPM4,0.1370221,0.006049199,0.007479108,0.006004243,0.03824934,0.01664165,0.008107532,0.009971569,0.0032594467,0.012062972,0.009311839,0.010258751,0.0031715408,0.008100359,0.008793643,0.0072084353,0.00613295,0.0036961155,0.0070487824,0.0070770727,0.0058024027,0.0067510414,0.0047373367,0.014905979,0.0094818,0.02453681,0.04481448,0.0077396557,0.0062690703,0.018348109
PTH2,0.0016860027,0.0019994404,0.00198248,0.0021395977,0.002169819,0.0018839495,0.0025879748,0.0034754497,0.0013137242,0.0030347146,0.0027333247,0.003130568,0.0011455113,0.0024639214,0.0020246105,0.0013452346,0.0013414029,0.18323316,0.0020935172,0.0021672358,0.0014041173,0.002066872,0.0011201435,0.001233787,0.0027266955,0.0016731143,0.0020214673,0.0020528794,0.0021519158,0.0016430338
FCGRT,0.096868955,0.04398642,0.041944105,0.050390914,0.1143793,0.083144866,0.053854376,0.07071091,0.019701526,0.06666435,0.06317188,0.06535154,0.025368724,0.053169854,0.043499045,0.035115726,0.023421984,0.035640046,0.050576348,0.042649083,0.029045554,0.043577272,0.02409151,0.031063614,0.06507156,0.104612686,0.10244029,0.054593194,0.047164254,0.060794704
RRAS,0.024471415,0.032180622,0.031633135,0.034208775,0.06398481,0.13203478,0.03858644,0.060455598,0.019321593,0.052134033,0.046686027,0.05889597,0.015972208,0.04679562,0.0424211,0.0151934475,0.022811916,0.023439458,0.037863947,0.04372937,0.021326592,0.029858941,0.020165114,0.041701887,0.03985357,0.026231453,0.033430096,0.041335758,0.036618806,0.02630314
ATF5,0.13698271,0.04102908,0.05308675,0.036094412,0.09812767,0.072701745,0.06358879,0.08231871,0.027631612,0.07236518,0.061021853,0.06337878,0.0196325,0.04800422,0.055659145,0.024882955,0.038108114,0.067595966,0.054788202,0.04568491,0.032335375,0.054042853,0.05702054,0.035205517,0.07260358,0.051121373,0.08977925,0.030263588,0.052638106,0.09555506
SPIB,0.16559093,0.1439261,0.120018,0.10062127,0.02258152,0.019031953,0.026110178,0.03138227,0.012762845,0.029581208,0.027404085,0.029291267,0.01461521,0.022938157,0.023928408,0.017859573,0.013312997,0.015485441,0.025736002,0.022575784,0.014014436,0.021762349,0.010566962,0.017899668,0.027154008,0.030784622,0.04445096,0.0207623,0.02243681,0.2250563
CLEC11A,0.028775629,0.030439666,0.029967878,0.03494218,0.06476474,0.039279327,0.034662906,0.1047838,0.02039754,0.0460862,0.038722213,0.20830978,0.017378587,0.057943653,0.034383334,0.02011604,0.16487367,0.06710051,0.03366508,0.045828532,0.03518149,0.09360399,0.01632635,0.028483724,0.051179748,0.055958573,0.06114572,0.04872348,0.06879014,0.06504499
KLK1,0.0054593696,0.09026207,0.05243177,0.014596454,0.012061133,0.006325053,0.0064332066,0.008077292,0.0030297034,0.007007112,0.0069697974,0.006948485,0.0021658023,0.0061517986,0.0051699113,0.0036823254,0.003399081,0.0047194394,0.0054598306,0.0047352593,0.0032433523,0.0041782386,0.0026925318,0.0031377098,0.0064941896,0.00343768,0.006513734,0.004924394,0.004902729,0.0068099233
CD33,0.08720682,0.029394995,0.03130304,0.037643347,0.15600215,0.084902495,0.043375023,0.054919366,0.018212417,0.047038745,0.044635676,0.053464804,0.016797904,0.042770054,0.036522094,0.025288552,0.028781129,0.04745166,0.0382971,0.036890026,0.018376445,0.03642441,0.027986515,0.022864358,0.038636167,0.06378457,0.14045325,0.029677434,0.03337279,0.026835911
NKG7,0.101145074,0.14499132,0.13815199,0.1379665,0.13497737,0.12400872,0.43415138,0.22542088,0.08244144,0.2126755,0.16863184,0.21075782,0.17139119,0.13073003,0.2852858,0.1023428,0.08420749,0.109825894,0.25931954,0.45367172,0.2129177,0.30984148,0.07685413,0.102726884,0.19588067,0.13630678,0.1226418,0.13210611,0.302514,0.09229992
SIGLEC10,0.024901535,0.047544908,0.030217184,0.040388744,0.068685986,0.19656165,0.03012167,0.032006748,0.011739767,0.031878103,0.029385922,0.035920206,0.010700251,0.027357252,0.023909802,0.014428918,0.02099656,0.0222342,0.025384974,0.022094801,0.011791152,0.019873004,0.011432629,0.01817453,0.02824053,0.044659674,0.034246262,0.020956649,0.023496421,0.02704753
SIGLEC6,0.37653777,0.030097205,0.028297978,0.0048448876,0.004688403,0.006167527,0.0054290523,0.0063659763,0.0026955851,0.0062547987,0.005297071,0.013071544,0.002357494,0.0060620536,0.0046923533,0.0023057081,0.003114961,0.0032385846,0.004770738,0.004125034,0.0026527196,0.003603599,0.002683878,0.0025606838,0.0053102556,0.003991287,0.01657306,0.0041214973,0.004161516,0.027554963
HAS1,0.00042342002,0.00048747042,0.00048922026,0.00055157,0.0019155026,0.0005237462,0.0006646975,0.000842788,0.00035522648,0.00071311975,0.000659976,0.00084426394,0.0002545614,0.00067570515,0.0005125097,0.0003383248,0.00036751892,0.00042496095,0.0005656015,0.00054798095,0.00032811114,0.0005002166,0.00031754558,0.00032155725,0.0007201578,0.0005491955,0.0011988265,0.0005210708,0.0005372112,0.000446553
FPR1,0.015035349,0.019939525,0.02063742,0.022661323,0.1268098,0.03925723,0.028639251,0.031430367,0.011478318,0.025472902,0.028589113,0.034743458,0.012266561,0.025545876,0.02210124,0.0146209765,0.0129589895,0.011694529,0.02054555,0.024320686,0.01055378,0.02160678,0.010977098,0.017632382,0.02764768,0.020189479,0.024479976,0.019790163,0.022536665,0.016343782
FPR2,0.005912914,0.009482758,0.009141651,0.010582823,0.06725912,0.041227322,0.0114733325,0.015152008,0.005497489,0.013529279,0.015137365,0.016722921,0.0059301015,0.010881621,0.011519878,0.010020925,0.0066378326,0.006782745,0.010445325,0.012418902,0.006390945,0.0093178125,0.0050942097,0.011365507,0.012858125,0.0076562096,0.009194601,0.009759249,0.009902045,0.010256814
FPR3,0.0042645135,0.01218185,0.005872491,0.007446537,0.032488883,0.031651516,0.007546078,0.012529364,0.0027364846,0.009047207,0.008101527,0.009375534,0.003870788,0.0071438304,0.009174512,0.0049444083,0.004483299,0.0043338914,0.0067471764,0.007844528,0.006438344,0.005765945,0.0033302833,0.0044174977,0.0082739955,0.005943236,0.061450347,0.0064939684,0.006917133,0.007405219
ZNF331,0.03927556,0.08151073,0.0657076,0.06419416,0.05464225,0.04131813,0.073400654,0.09765325,0.025429754,0.109555356,0.11348586,0.09907531,0.025149245,0.1021183,0.10191778,0.02848821,0.029901963,0.05080906,0.1252635,0.0808434,0.036175653,0.07894181,0.02148167,0.028929757,0.08822878,0.0400982,0.058614828,0.06522871,0.119465046,0.06253619
MYADM,0.033962097,0.053499468,0.05981389,0.07048356,0.11753684,0.08770404,0.09250535,0.11153431,0.039836578,0.08353986,0.089629985,0.09452228,0.03525946,0.08867392,0.082765095,0.041793875,0.07854578,0.08962674,0.06554884,0.0721355,0.041402176,0.09092374,0.033470947,0.03557693,0.07986294,0.053253382,0.07854934,0.07197034,0.08270495,0.05056205
OSCAR,0.053485163,0.038715035,0.0362075,0.039616447,0.19106114,0.10988609,0.04640231,0.07251995,0.02854118,0.057382952,0.051388565,0.06343508,0.019439444,0.049100198,0.044351406,0.034123167,0.030080048,0.0307734,0.04937663,0.03771972,0.026973419,0.033328123,0.024307534,0.028084612,0.055910595,0.056669146,0.08846582,0.046968214,0.03904949,0.029855596
LILRB3,0.025100624,0.028155403,0.031023307,0.034342133,0.14903209,0.1030693,0.040073846,0.050097477,0.022623751,0.042124532,0.046077453,0.045917697,0.015059419,0.040397506,0.038432475,0.025132298,0.020657716,0.022976458,0.04001325,0.037287842,0.018690458,0.02761758,0.025336243,0.027290104,0.037829302,0.028017487,0.06718519,0.03413436,0.039586067,0.025840271
LILRB5,0.0011735938,0.0014843346,0.0014247714,0.0014588529,0.008813413,0.02464101,0.0019147666,0.0022537885,0.00091897167,0.0019857795,0.0018416528,0.0023457021,0.000731807,0.0018864649,0.0019182677,0.0009188053,0.00090165815,0.0010792937,0.0017370695,0.001474815,0.00090078596,0.0012511861,0.0008071849,0.0009793041,0.0019354591,0.0012962112,0.0020705978,0.0015082549,0.0015698806,0.0013601134
LILRB2,0.02420916,0.028739203,0.027531698,0.03431144,0.118102446,0.14553915,0.042965967,0.05110141,0.014502688,0.04286309,0.037679274,0.046967622,0.01913708,0.03573818,0.036410734,0.02096244,0.022477636,0.02611932,0.03459199,0.033109244,0.019743916,0.030710725,0.014876425,0.027278116,0.043302707,0.023584027,0.045655474,0.032096606,0.03833764,0.037219632
LILRA5,0.027649729,0.02741877,0.02638985,0.025950307,0.11599421,0.13625267,0.038802933,0.045100454,0.014350479,0.044635616,0.03947677,0.04584923,0.014400455,0.037353273,0.029498223,0.022298161,0.0167636,0.022078214,0.029375147,0.0314695,0.02029326,0.029185105,0.012445662,0.02380549,0.036021,0.02385478,0.042916834,0.028116943,0.03571623,0.030976722
LILRA4,0.15324353,0.023080857,0.007800455,0.00951488,0.008908764,0.012171993,0.007991981,0.010682828,0.0034426425,0.009104971,0.008218807,0.010857754,0.0031602446,0.007308365,0.0076165586,0.0055575874,0.0044905986,0.0071222885,0.0069462615,0.007772219,0.0032761544,0.0059311427,0.003317522,0.004129817,0.009429727,0.010770721,0.010860166,0.0062531955,0.006484365,0.2374788
LAIR2,0.018613534,0.02896568,0.026949251,0.032540906,0.032025225,0.027424952,0.13172987,0.055742346,0.018005379,0.061718524,0.05451464,0.058096074,0.06526437,0.039312612,0.065811776,0.03628855,0.023048503,0.021115601,0.041288827,0.19038354,0.15112975,0.03539913,0.015735324,0.027168212,0.12092571,0.03443345,0.027619015,0.04281399,0.05032517,0.021484008
LILRA2,0.051588517,0.020975877,0.020029366,0.022689221,0.10967696,0.094693944,0.02787271,0.036041807,0.010936658,0.03502288,0.029474454,0.033786543,0.014883098,0.025911534,0.023695746,0.023956409,0.018481655,0.024526266,0.024686644,0.022960553,0.014162853,0.023589768,0.012899922,0.019908119,0.03056262,0.026090318,0.049917996,0.023589386,0.0239713,0.019231154
LILRA1,0.055393722,0.03180743,0.027862458,0.035414148,0.11892306,0.20514089,0.036846917,0.05301379,0.020404372,0.045769297,0.044183698,0.049199753,0.01591211,0.031358574,0.033470295,0.026461735,0.024025887,0.02153782,0.034012813,0.03019955,0.019282108,0.02562852,0.018951017,0.03523215,0.04556678,0.024025535,0.05811858,0.035172973,0.027166465,0.026976557
LILRB1,0.05851892,0.08131486,0.059930265,0.06709574,0.114775024,0.17305075,0.066345945,0.06860298,0.026689555,0.055101007,0.059803456,0.07780394,0.03448103,0.05403254,0.089657396,0.032572575,0.032958467,0.030000618,0.05284392,0.059291054,0.03162648,0.035427745,0.02534417,0.03950572,0.051864754,0.034919772,0.05269828,0.05266202,0.062222358,0.08010004
LILRB4,0.11283396,0.017319491,0.019004058,0.02065652,0.0743569,0.066761196,0.03130307,0.029189639,0.010879925,0.026279513,0.023173226,0.029698268,0.01038257,0.023042422,0.0230509,0.012860691,0.01259468,0.018394006,0.022272885,0.020688197,0.012192471,0.019294897,0.019727651,0.015266456,0.026827278,0.018548753,0.061612517,0.018170508,0.01856078,0.1373791
KIR2DL1,0.0076631918,0.007900213,0.008140451,0.009959737,0.009462684,0.008585678,0.011746229,0.014790026,0.0054031992,0.011469966,0.011555214,0.014551925,0.020897029,0.011579732,0.0486635,0.015788974,0.0059046457,0.0064857877,0.010897869,0.0989681,0.037849445,0.009847936,0.004766929,0.005887719,0.009653685,0.00918271,0.008405032,0.010841427,0.017546508,0.006392535
KIR2DL4,0.0041293125,0.005650137,0.005261646,0.0055173226,0.0051580975,0.006577612,0.006156095,0.008085764,0.0032985876,0.0069132373,0.006335658,0.007864403,0.003083661,0.006039208,0.0054775067,0.0039389585,0.0028505097,0.004110197,0.0055679553,0.041027088,0.03356069,0.1424595,0.0030802402,0.003375138,0.0064900727,0.004000076,0.004144962,0.0055143237,0.0065185353,0.0037783836
FCAR,0.023645159,0.013864662,0.013549834,0.01695224,0.12946162,0.026910556,0.02506373,0.02801621,0.009900296,0.020981655,0.018337535,0.025282586,0.007692638,0.019823901,0.017161993,0.011041706,0.01146564,0.012085363,0.018374931,0.017843753,0.008587453,0.013941493,0.007929987,0.017948264,0.0196508,0.0126608405,0.015226289,0.017351136,0.016060108,0.010166784
AC245128.3,0.015626194,0.018731356,0.019319834,0.019460112,0.11479147,0.030602017,0.023644948,0.029366711,0.011236341,0.029028615,0.032781806,0.027581653,0.012359361,0.022280853,0.020390678,0.016993305,0.012081523,0.014382338,0.01996347,0.022769183,0.010913386,0.015961464,0.014726987,0.022671854,0.026248714,0.012435131,0.01847846,0.017906398,0.019553687,0.015430284
NCR1,0.012504821,0.014770745,0.013523825,0.016258204,0.017746428,0.014894395,0.018735217,0.026783073,0.01034946,0.022841187,0.019855417,0.023784582,0.023499832,0.018470047,0.036112692,0.011106284,0.011908683,0.01731772,0.019082855,0.09794017,0.06302484,0.1144137,0.008709456,0.013800666,0.029785639,0.010425034,0.013539207,0.014222378,0.0261099,0.011851222
NLRP7,0.0016335571,0.0018764978,0.0022095698,0.0024231002,0.0022051542,0.002086006,0.0025367164,0.0033645264,0.0013500219,0.003157451,0.0028419585,0.003441873,0.0013903531,0.002792846,0.0042677904,0.0014148551,0.0017026535,0.0017893459,0.0027037344,0.0025831047,0.0013917392,0.0020966174,0.01817228,0.0014224721,0.0025676058,0.00178709,0.0018477676,0.0017610638,0.0023618287,0.06345511
TNNT1,0.006041523,0.006318414,0.006456019,0.0071671307,0.04167344,0.023920886,0.009035223,0.0106774,0.0039938474,0.010021561,0.009036497,0.014490538,0.0039724414,0.008069477,0.008195477,0.0071002454,0.007080146,0.005118931,0.007913123,0.0076426384,0.0042557553,0.006819466,0.004448719,0.0048560025,0.008757856,0.006423035,0.02201365,0.0062708566,0.0071237814,0.006892114
PTPRH,0.00037906758,0.00048290854,0.00047085684,0.009908889,0.0016395954,0.0011614247,0.00058812695,0.00072318944,0.00029333416,0.0006361545,0.0006179651,0.00075164856,0.00029396405,0.00057427207,0.00052762526,0.0003661337,0.0003855446,0.00039012343,0.0005814604,0.00051539135,0.00028200255,0.00042655977,0.00027361495,0.00034256998,0.00060179643,0.00046525814,0.00042898703,0.0005449232,0.0005034097,0.0021774552
UBE2S,0.074149475,0.063318335,0.066285215,0.06292014,0.06405783,0.061498035,0.072875746,0.09220737,0.1389511,0.08974589,0.0825921,0.09236176,0.069291286,0.091092356,0.077458076,0.03259342,0.04328153,0.05945951,0.10043812,0.08135463,0.13847348,0.0709476,0.051929723,0.031885516,0.08075022,0.052506074,0.051425777,0.056278605,0.07103026,0.067199446
RFPL4AL1,0.00038748173,0.00046885788,0.00047898814,0.0005736367,0.003045675,0.00054466294,0.0006610713,0.00083373056,0.00030284352,0.00074227224,0.0007165733,0.0009015388,0.0002578939,0.0006673299,0.00059019035,0.00039160083,0.00034088021,0.00042738512,0.0006418813,0.0005932714,0.00031709133,0.0005256392,0.00029257356,0.0003349204,0.00072849024,0.008855591,0.000526082,0.0005826143,0.0005806739,0.0003950148
EIF1AY,0.029072765,0.05045126,0.045259394,0.05880627,0.04094134,0.040100917,0.05617607,0.06966824,0.037311476,0.065144464,0.061925642,0.069923945,0.032693464,0.06537566,0.048054527,0.046585456,0.031228459,0.028806634,0.050628003,0.04547942,0.03995122,0.03661514,0.023541367,0.031696394,0.070439294,0.029053401,0.037726138,0.06729353,0.04706447,0.041007698
IL17RA,0.060640004,0.04616407,0.049777683,0.05690289,0.14075282,0.067004845,0.07012838,0.11059797,0.02796105,0.08685236,0.07509893,0.09787751,0.027498772,0.0780222,0.061938,0.037124127,0.038107384,0.040978827,0.06722654,0.05846559,0.035891026,0.053952485,0.022500211,0.042578846,0.06718314,0.045437157,0.058634266,0.06897502,0.06870388,0.0473328
ADA2,0.03817857,0.05503428,0.054676898,0.062466335,0.13679793,0.095103905,0.074957766,0.0965376,0.018249819,0.07497975,0.07200854,0.08219531,0.036990583,0.071985096,0.060920127,0.038194966,0.03369719,0.057136483,0.061787225,0.070557676,0.032372337,0.054146167,0.0317095,0.03574136,0.06884681,0.083481416,0.061007086,0.06737329,0.0669018,0.05856377
BID,0.1047994,0.044274904,0.047156014,0.051494498,0.08466968,0.12259708,0.063674256,0.08517936,0.012482413,0.06838472,0.06232188,0.07715297,0.024206918,0.06584066,0.058563136,0.034166347,0.029037898,0.03398699,0.060274474,0.06458861,0.03241242,0.045465846,0.019921212,0.039933745,0.06331039,0.10359068,0.07575005,0.053682365,0.05833764,0.048204083
CDC45,0.008905206,0.008413295,0.009658536,0.0103480145,0.010159289,0.00852167,0.013392541,0.017267264,0.18131894,0.014261073,0.01126485,0.020081462,0.17746036,0.01295546,0.010915559,0.0068817297,0.10929429,0.044287503,0.011526369,0.026822522,0.3226355,0.008840943,0.045851674,0.006367896,0.0105368765,0.01061384,0.008358856,0.016168576,0.011683759,0.0079904385
CLDN5,0.008108042,0.0076576625,0.007476231,0.007524618,0.009535195,0.007872914,0.009941444,0.016260816,0.0045685484,0.0112522105,0.009379357,0.012594264,0.0042851493,0.010169775,0.007946869,0.007369388,0.006148646,0.0073150625,0.008858455,0.008316475,0.0049136914,0.0073965397,0.0043306295,0.18574968,0.010756351,0.0058430717,0.0073399534,0.006548395,0.008638143,0.0060897204
RANBP1,0.064286284,0.06591108,0.07195297,0.076225035,0.06435665,0.050393857,0.09820643,0.10822077,0.09716798,0.09932156,0.10897072,0.111389846,0.05064404,0.08952506,0.07927357,0.03470679,0.04405197,0.071192816,0.0833974,0.07641414,0.081043005,0.06916274,0.03504291,0.043031313,0.09772146,0.04479632,0.05577807,0.07467518,0.07561502,0.047247283
SDF2L1,0.040151082,0.055163447,0.055789933,0.06355319,0.06798319,0.06166074,0.0957852,0.099576786,0.04670494,0.110759206,0.098438255,0.10352314,0.065925784,0.08811445,0.083582826,0.032285877,0.043852545,0.061671928,0.09465572,0.10384268,0.07476205,0.06624494,0.12698853,0.038573083,0.09126798,0.04390647,0.046654295,0.0586032,0.08434031,0.042677745
IGLVI-70,0.00052406546,0.003254029,0.001266727,0.0025240202,0.00081069046,0.0006936001,0.0009391689,0.0011897901,0.00045090815,0.00094600476,0.00089246314,0.0011924624,0.00055181887,0.0008900871,0.00074308435,0.00043369472,0.0005325788,0.0005636196,0.0008719118,0.0007666059,0.00040109534,0.00065757596,0.00042890318,0.0004504358,0.00097103557,0.0008243747,0.0005607656,0.00078560726,0.0006488838,0.00056789524
IGLV4-69,0.0010409995,0.0033584603,0.0045111342,0.00714243,0.001227537,0.0010074542,0.0014760476,0.0017458235,0.00067772024,0.0016531156,0.0016344002,0.001722072,0.0006852951,0.0012601526,0.0012134721,0.0006869247,0.00086208736,0.00072963844,0.0013252569,0.0012026603,0.00072885375,0.0011413619,0.017532816,0.0008461348,0.0014276687,0.0011150283,0.0011595206,0.0011404449,0.0012534497,0.0008742681
IGLV10-54,0.0002747609,0.00035248866,0.0003591076,0.00042037302,0.0003927181,0.00037188252,0.00047553238,0.0005629124,0.00020960825,0.0004944555,0.00048835156,0.0005397341,0.00017424091,0.00044082856,0.00037413643,0.0002669586,0.00024213453,0.00025670248,0.000425546,0.00038956793,0.00025410994,0.0003122788,0.00024372652,0.00023950086,0.00048910565,0.00036986257,0.00033487764,0.00040758163,0.0003383676,0.00031738155
IGLV8-61,0.00079024927,0.003580191,0.0051092054,0.0010089156,0.001769273,0.0009648384,0.001331731,0.0014237431,0.00052731065,0.0013828964,0.0011885519,0.0014355693,0.00058544794,0.0012195955,0.0010302217,0.00062058645,0.0006540702,0.0008365503,0.0011311575,0.0011188021,0.0006373305,0.0009530909,0.026233317,0.0006105948,0.0011911091,0.001001847,0.00083720917,0.0011208479,0.0011344118,0.00077646883
IGLV4-60,0.00080401835,0.0016530901,0.0008649699,0.003316349,0.0010701735,0.0008957545,0.0010507174,0.0012972071,0.00044946367,0.0013137923,0.0011576165,0.0014621734,0.00037548365,0.0010272582,0.00097610086,0.0006530318,0.0005689983,0.0006266168,0.0010965471,0.0009814273,0.0005476725,0.00085288717,0.0013747135,0.0005940576,0.001246025,0.0007887202,0.00085020903,0.0010881791,0.0009911219,0.0007128383
IGLV6-57,0.0010573469,0.0020294606,0.015718801,0.0032949045,0.0014860334,0.001192911,0.0015166509,0.0017919148,0.0006520715,0.0016562913,0.0015707096,0.0018493052,0.00077895535,0.0014894791,0.0013743287,0.00089532335,0.00081810897,0.0008627546,0.0019279822,0.0013401028,0.0007288959,0.0010685077,0.014912664,0.0008101643,0.0015159954,0.0011542499,0.0011833572,0.0013668627,0.0013403791,0.0008982192
VPREB1,0.001213682,0.0017415831,0.0027610909,0.008500268,0.0017208086,0.001600968,0.001999188,0.0025523356,0.0010800329,0.0023920545,0.0022847434,0.0027548422,0.00085060974,0.001742396,0.001674024,0.0013378763,0.016657526,0.010895765,0.0019071678,0.0017599195,0.0011514896,0.0015432057,0.001024514,0.0011156074,0.0022258647,0.0013658494,0.0014036596,0.0020343026,0.0016179461,0.0012838821
IGLV1-51,0.0015945404,0.014570276,0.0035048723,0.009044216,0.0021249452,0.0016001227,0.0022278642,0.0027446433,0.0012148456,0.0027239088,0.002366717,0.0030950103,0.0010686317,0.0021978545,0.0019918662,0.0016003575,0.0014462458,0.0014077885,0.0020439152,0.0018852032,0.0010900227,0.001466658,0.060471173,0.0015557434,0.0024342139,0.0017067431,0.0015814316,0.0016969673,0.0016949617,0.004176421
IGLV9-49,0.0006394216,0.01288263,0.0069235014,0.0019767166,0.0010240973,0.0008817484,0.0011382079,0.0013731202,0.00047271405,0.0012357973,0.0012736045,0.0014348608,0.00058480754,0.0012490408,0.00095004094,0.0005702855,0.0007273882,0.00086790946,0.0009860606,0.0009533682,0.00051160104,0.0008033471,0.0033606247,0.00061941304,0.0011597346,0.00089319766,0.0008346094,0.0009092859,0.0009880266,0.00068255793
IGLV5-48,0.00044163316,0.0005960736,0.00058059575,0.000647827,0.00064276607,0.0005364353,0.0007633575,0.0009709578,0.00042781836,0.00090536196,0.000754094,0.0009122354,0.0003755126,0.00071934634,0.00062812475,0.00044927752,0.0004627744,0.00049815816,0.00064831803,0.0006186152,0.00037304484,0.0005518235,0.00067638943,0.00036564982,0.00079377927,0.0005641631,0.00051892205,0.0005951679,0.0005724194,0.0004795644
IGLV1-47,0.00069752365,0.0077012996,0.0033021031,0.0050524473,0.0013358515,0.0011718352,0.0014630002,0.0019243564,0.000760124,0.0016836654,0.0015738915,0.001992987,0.0008495283,0.0015189679,0.0012889223,0.0008068206,0.0009330344,0.0008745534,0.001442856,0.0013088805,0.0007081196,0.0011185879,0.027935045,0.0008037292,0.0016851816,0.00096909655,0.0010729972,0.0010814195,0.0011213587,0.00086633867
IGLV7-46,0.0010525767,0.067534946,0.0014798666,0.07354429,0.001415626,0.0012186209,0.0016235159,0.001812777,0.0006522854,0.0017653845,0.0015244236,0.0018046879,0.000706092,0.0015340964,0.0013202464,0.00083631667,0.00069213955,0.0010892504,0.001371442,0.0014365315,0.00084840355,0.001193994,0.0005411941,0.000800353,0.0015773762,0.0011467605,0.0009902403,0.0012721115,0.001243747,0.00095767295
IGLV1-44,0.0012037297,0.015901422,0.0029753244,0.005760252,0.0017890801,0.0014201968,0.001871592,0.002428143,0.00068000454,0.0022199512,0.002167648,0.0024652549,0.00079270167,0.0019479067,0.0017099247,0.0008236882,0.0010426199,0.0012182221,0.001809035,0.0029254982,0.0008299048,0.0023292855,0.06769222,0.0009788804,0.0020833858,0.0013792438,0.0033511047,0.0015379303,0.0015821256,0.0012191565
IGLV1-40,0.0019935863,0.001801427,0.009863658,0.007204573,0.0020919065,0.0018252034,0.002405854,0.0030495287,0.0009819068,0.00267059,0.0024779537,0.0031972458,0.00093764195,0.0026611835,0.0021531715,0.0013527949,0.0013015224,0.0015486162,0.0023146023,0.002171308,0.0010518823,0.0018881813,0.0012053004,0.0013565414,0.0022945697,0.0016294105,0.0017590935,0.0019087647,0.002207466,0.0015247538
IGLV3-27,0.0011929107,0.021342553,0.0013059534,0.0015363242,0.0013942632,0.0012573748,0.001601172,0.0019002643,0.0007812626,0.0018038321,0.0016996112,0.0019787003,0.00092037383,0.0015126213,0.0013310579,0.0010427686,0.00090537174,0.00091767707,0.0015008452,0.0013067318,0.0008106484,0.0013121912,0.35342962,0.0008318962,0.0018905137,0.0013037582,0.0011898493,0.0014186705,0.0012934406,0.0009294271
IGLV3-25,0.00039354764,0.002244591,0.0013930222,0.0020398751,0.0004938183,0.00041857682,0.0005743325,0.00071195874,0.00023591035,0.0006303001,0.000593744,0.0007227887,0.0002503857,0.0005673955,0.0049238885,0.00032849313,0.00030893277,0.00040408486,0.0005278835,0.0005336939,0.00031181733,0.00044852422,0.007558034,0.0002783656,0.0005291093,0.00040253162,0.00039896937,0.0004628516,0.0004693122,0.00036855764
IGLV2-23,0.0012654448,0.011377193,0.004795849,0.0028261722,0.00133185,0.0011220726,0.0014334677,0.0017246808,0.00052203937,0.00149505,0.0014194285,0.0017914055,0.0005912421,0.0063543255,0.0013389406,0.00073007273,0.00067758554,0.00081327365,0.0011574912,0.0011478026,0.0006690195,0.0009789444,0.002103306,0.0007112392,0.0014228293,0.00087951904,0.0009158521,0.0011413469,0.0010280523,0.0008145481
IGLV3-21,0.0009826095,0.0012624188,0.004179525,0.011590055,0.0017087158,0.0013531431,0.0015669417,0.0020570885,0.00086158194,0.0027051666,0.0017183098,0.0022075633,0.00079713995,0.0017411254,0.001408269,0.0009869009,0.0010187451,0.001135775,0.0015346358,0.0014267444,0.0008528922,0.001235142,0.0045171357,0.0008537997,0.0016413671,0.000989143,0.0010825378,0.001569977,0.0013560199,0.0011037991
IGLV3-19,0.0009172886,0.006602878,0.0017863752,0.009137496,0.0013866652,0.0011865031,0.0014401927,0.0019942045,0.00077832065,0.001536947,0.001534357,0.002025167,0.0006906615,0.0016680596,0.0013618015,0.00091739604,0.00092305226,0.000944217,0.0013434008,0.0013120011,0.0007148426,0.0010983391,0.00059293956,0.00081988657,0.0014299393,0.0010700368,0.0010082886,0.0014439237,0.0011582591,0.0009710849
IGLV2-14,0.002415065,0.020020643,0.013970673,0.018118145,0.0037639507,0.0029749493,0.008174776,0.0050386195,0.0013279698,0.0044823475,0.004329381,0.008004277,0.002011082,0.0046814303,0.005467944,0.0020390742,0.002159258,0.0025608575,0.0035129802,0.0105955135,0.0015839059,0.010261304,0.07244117,0.0020626679,0.004431461,0.0031052274,0.0025968254,0.015018485,0.0060202987,0.0026309509
IGLV2-11,0.0008514924,0.002170929,0.003184299,0.0035829248,0.001569133,0.0009626576,0.0011505542,0.0017552659,0.0006105963,0.001429292,0.0012456705,0.0017099269,0.0006633957,0.0012486359,0.001142994,0.0005836553,0.00082777854,0.0006782185,0.0011179001,0.0011444797,0.00059289223,0.00077782985,0.030445447,0.0007070234,0.0012569809,0.000994056,0.00091104856,0.0011477455,0.0010454637,0.0007586918
IGLV2-8,0.0009975792,0.0070573417,0.014533835,0.0015875705,0.0013544422,0.001201404,0.0016422215,0.0021013813,0.0007545503,0.0018701524,0.0019165718,0.0019902335,0.00072394806,0.0015306827,0.0013474165,0.00087280775,0.00093468925,0.0009845217,0.0015149064,0.001301353,0.0007666476,0.0012012651,0.014045969,0.00089584786,0.0016159071,0.0031296657,0.0010955338,0.0015859584,0.0025191756,0.0010241416
IGLV3-1,0.00086954096,0.0037008931,0.004631051,0.0056811417,0.00131521,0.001068894,0.0015631693,0.0020745252,0.00067269744,0.0017241298,0.0017231449,0.0019333353,0.0006435841,0.001524286,0.0021989848,0.0006928402,0.0010342303,0.00089611707,0.0014440818,0.0012125408,0.0006932498,0.0010048426,0.0080201635,0.0008787149,0.0016919535,0.0013932443,0.0011554082,0.0013766938,0.0011177431,0.0009540509
IGLL5,0.0027719897,0.009753844,0.020524506,0.022027401,0.003963625,0.0035759476,0.004697821,0.006429754,0.002507078,0.0051672566,0.0051384713,0.007250619,0.0020412465,0.004987276,0.004080368,0.0023435769,0.0027615742,0.00267505,0.0047825254,0.0044124946,0.002388335,0.0032116603,0.040678285,0.0024689995,0.004790294,0.0036295594,0.003263491,0.0042687794,0.003736439,0.0032480424
IGLC2,0.01885313,0.14366423,0.13617185,0.14171281,0.02949091,0.026200317,0.043154217,0.05009103,0.011907182,0.04496012,0.047252893,0.05204112,0.0142844375,0.035740655,0.038979255,0.038416274,0.02117836,0.027981441,0.04056699,0.034592748,0.019448522,0.027544351,0.10371315,0.030000238,0.0455417,0.01724993,0.02178045,0.03270815,0.036554243,0.02890449
IGLC3,0.02173854,0.12433358,0.09971054,0.16503246,0.029210031,0.028052283,0.037504796,0.04975288,0.01654968,0.041827068,0.039457943,0.044141088,0.01181139,0.03550815,0.0334809,0.021098701,0.015968017,0.024103735,0.039258584,0.031161888,0.01924914,0.028931655,0.112781435,0.025794886,0.04040022,0.022897435,0.022811206,0.028847951,0.032088112,0.026223274
IGLC6,0.0019500776,0.014164968,0.004162865,0.03313987,0.0021837468,0.0017064469,0.0020801006,0.0051871547,0.0009301776,0.0024734763,0.0023205378,0.0028943168,0.00087383727,0.0021805079,0.001970357,0.0013346921,0.001148399,0.001412673,0.0020922935,0.0019848414,0.0010262643,0.0017593724,0.0016484681,0.0012608328,0.0024875645,0.0017150055,0.0016770832,0.0018804392,0.0019738134,0.0014266759
IGLC7,0.0013968515,0.016834194,0.021665554,0.013890024,0.0020640409,0.0020994556,0.0020677012,0.0026433184,0.0010471103,0.0039766734,0.002155016,0.002915753,0.0010104518,0.0021838266,0.0024054404,0.0012253141,0.0013300122,0.0015487503,0.002718786,0.0024926115,0.0010711417,0.0016647793,0.0034815262,0.0010826575,0.0022072457,0.001514122,0.0015632263,0.0018075957,0.0025720787,0.0013966782
GNAZ,0.008842926,0.031467333,0.017492738,0.021727024,0.014237303,0.011749715,0.02143201,0.022744771,0.0073665367,0.018446404,0.0156091545,0.02091834,0.006886897,0.016216353,0.01468575,0.010211805,0.009284666,0.013396066,0.026530579,0.01559414,0.010109867,0.009812853,0.0066313515,0.3204573,0.015336805,0.037881978,0.01294057,0.01337707,0.017258594,0.010209132
IGLL1,0.0012827676,0.0018680792,0.0025652174,0.0024597612,0.0022724404,0.0017719673,0.0027078458,0.0033686266,0.00114647,0.003113892,0.0068497644,0.0038398239,0.0011426291,0.0027049447,0.002053617,0.0016130848,0.14378382,0.0013295888,0.0023246368,0.0022925914,0.0010882872,0.0017145779,0.0014275339,0.0012508772,0.0026338128,0.0020577507,0.0020541472,0.0023646262,0.0025047276,0.0016156636
VPREB3,0.011519523,0.09589,0.11468522,0.16022383,0.015517814,0.013428023,0.018020714,0.020272186,0.007329911,0.018683117,0.018846495,0.023487719,0.008096928,0.01790268,0.01677302,0.008545365,0.011989956,0.010999724,0.016191429,0.015406523,0.0077281715,0.013691373,0.010602627,0.009775163,0.018267447,0.011889688,0.013574883,0.015374501,0.01592916,0.011749095
DERL3,0.03585532,0.053172834,0.04820418,0.0685163,0.018747598,0.016141606,0.020171942,0.03302127,0.014256323,0.025261275,0.025314385,0.032035228,0.016516147,0.022148876,0.021434925,0.01798919,0.017450495,0.0121986875,0.021179352,0.02275341,0.024310797,0.01427531,0.22609489,0.017682537,0.021960063,0.016381642,0.013442163,0.022986542,0.022609701,0.3339885
GRK3,0.062198553,0.05852168,0.055551153,0.074784696,0.09948136,0.10606962,0.04282868,0.053042542,0.01612235,0.050063353,0.04614544,0.05454218,0.017782142,0.04020775,0.036847852,0.022268176,0.027294103,0.02627801,0.034762952,0.031963322,0.023089746,0.032422263,0.020007282,0.027964018,0.044493333,0.03719406,0.05971544,0.03401602,0.03771551,0.03737122
XBP1,0.048779495,0.061043937,0.068343274,0.08693114,0.083666466,0.05450251,0.113130614,0.1250154,0.023928236,0.11931124,0.10815291,0.13306932,0.035235394,0.10220247,0.10523727,0.053862475,0.04685652,0.08302695,0.12377932,0.11095288,0.039487597,0.1052264,0.12688772,0.05605048,0.108129166,0.050011072,0.05279422,0.09822044,0.11171258,0.082785584
EMID1,0.0018743742,0.0027021852,0.0029954966,0.0038502757,0.003137461,0.0025250153,0.0035507185,0.0048421975,0.0017586469,0.003848952,0.0037188097,0.0049427235,0.0018124974,0.003683161,0.003061696,0.002141493,0.12336358,0.004882545,0.003494366,0.0059009753,0.0025215524,0.02328898,0.0014038252,0.0017579274,0.003733583,0.0023928732,0.002342587,0.002993553,0.0027394358,0.0022389756
GAS2L1,0.008533543,0.011645399,0.011709256,0.013551634,0.0406409,0.022337731,0.019178065,0.01818584,0.0079439925,0.022306373,0.017417613,0.02214071,0.0053512203,0.015409974,0.013490984,0.016323317,0.011032171,0.009663705,0.013600639,0.01448881,0.0075071747,0.010086909,0.0070294347,0.18708047,0.015970344,0.014215358,0.026489297,0.013782793,0.01183286,0.009340246
HORMAD2,0.00031951067,0.00044985913,0.00046279814,0.00053923164,0.0005574425,0.0005072509,0.00063066935,0.0007253806,0.0003210678,0.00066808186,0.0005593768,0.000743265,0.0002677628,0.00057595427,0.0005112952,0.0003425915,0.00039414625,0.00039396106,0.00057566236,0.00044853074,0.0002558101,0.00035215565,0.00022766035,0.00030021204,0.0005961341,0.00042872137,0.00043150995,0.0004702861,0.00046039541,0.00035827415
LIF,0.001066538,0.0013018113,0.0012601548,0.0012930346,0.0036106743,0.0011715632,0.001503292,0.002177225,0.007262697,0.0029314654,0.0015583873,0.001949879,0.00073623005,0.0015852709,0.0013587447,0.0010954293,0.0015942878,0.004214872,0.001606482,0.0012616972,0.0016409792,0.0075248014,0.0006868136,0.00081496686,0.0015894744,0.0009735238,0.0010434554,0.0012482409,0.0012166359,0.0009776119
OSM,0.020125674,0.022438105,0.026348483,0.028382782,0.08971583,0.028140806,0.045409206,0.041702524,0.020304564,0.0753814,0.06839954,0.05089982,0.015375164,0.056650154,0.033155583,0.02490379,0.024038201,0.039897554,0.1054392,0.03858101,0.016444914,0.032219138,0.016418658,0.017847054,0.040648744,0.02545018,0.045988508,0.023287425,0.037337404,0.017591035
OSBP2,0.0043544034,0.004077266,0.0041124783,0.005024944,0.009487676,0.004422633,0.0056682746,0.010619764,0.007912694,0.015131426,0.0063676024,0.01120088,0.025826516,0.0065286015,0.005473105,0.07434259,0.0029201598,0.0037096003,0.006014336,0.004735804,0.002569396,0.004134924,0.002686512,0.05572194,0.017485648,0.027863778,0.0076639466,0.0045651146,0.016315158,0.00348833
YWHAH,0.02780329,0.05300876,0.04994626,0.051940113,0.04995012,0.04779168,0.065729775,0.076504305,0.03346685,0.07434816,0.07219651,0.06720176,0.02626836,0.05860509,0.055650502,0.031773753,0.025693273,0.039019126,0.07342037,0.057225022,0.04525052,0.04928746,0.021091586,0.13139221,0.059070285,0.040440686,0.04226354,0.068741895,0.06359852,0.031229751
TIMP3,0.0007929372,0.0012512307,0.0012515709,0.0053222985,0.0012888053,0.0011401972,0.0015026435,0.0019981223,0.0008475057,0.0017435236,0.0016586446,0.0017520845,0.00060528103,0.001407942,0.0014218471,0.00082863925,0.117074326,0.00081349,0.0015241207,0.0014078885,0.0015312737,0.0011828876,0.0006110071,0.00076930254,0.001786909,0.0012078929,0.0011942809,0.0013651263,0.0013598314,0.00091238273
HMOX1,0.018460674,0.02583867,0.027731046,0.026216645,0.083071984,0.14911631,0.029409543,0.04059247,0.017129788,0.03560328,0.034533117,0.037487514,0.016993318,0.029015664,0.029833462,0.01797462,0.014512736,0.01671335,0.029487373,0.029773757,0.015207037,0.02187519,0.011239206,0.020057008,0.03316463,0.05893184,0.04478636,0.041314106,0.024050094,0.018439204
MCM5,0.04901171,0.09354258,0.071944475,0.08044577,0.080286875,0.078048505,0.103402875,0.09501166,0.13829276,0.07357065,0.06822345,0.091749206,0.1595081,0.058934033,0.07102357,0.03408909,0.05624341,0.10520331,0.05842258,0.07513507,0.2157456,0.05361864,0.036615197,0.0423622,0.08680962,0.077603966,0.08006055,0.08751929,0.079102725,0.06953429
PVALB,0.0016906427,0.0020165676,0.0019181786,0.0021084605,0.0024664234,0.0020395576,0.0024728135,0.0038044127,0.0010555595,0.002894624,0.0026836812,0.0034053763,0.0012953536,0.0028171563,0.0021348412,0.0014364587,0.0014914202,0.0015130143,0.00222903,0.0024227728,0.0012592557,0.0020338201,0.0012403812,0.052172553,0.0026027844,0.0021418345,0.0017260595,0.0020588564,0.002144675,0.0019231995
CSF2RB,0.07351209,0.026702598,0.025938218,0.02640612,0.08526265,0.05598595,0.02782145,0.033081856,0.012475911,0.028173346,0.028894054,0.03633367,0.0115021225,0.023513898,0.018442126,0.015981488,0.030500442,0.015754864,0.023593053,0.021720342,0.013511164,0.017274978,0.034461975,0.014460697,0.027424458,0.029815717,0.04523038,0.0228405,0.022314431,0.108444504
TMPRSS6,0.0006447426,0.0005893469,0.00064012955,0.0007473301,0.0007083198,0.00060078374,0.0008699192,0.0011407452,0.0003330771,0.003926008,0.0008182343,0.0022115614,0.00038619895,0.019178212,0.00072567444,0.00046305003,0.00042900062,0.00049863406,0.0048845983,0.0039996193,0.0004600351,0.0005382151,0.00035275889,0.0004477313,0.000774924,0.0006577218,0.000623978,0.00076433714,0.00072119513,0.0005005734
IL2RB,0.030659016,0.037427425,0.037035175,0.04161755,0.04366958,0.03840555,0.06609103,0.0634335,0.020581612,0.06476925,0.07264881,0.072470576,0.032193772,0.06798001,0.08196254,0.020585565,0.02543631,0.045968637,0.08167469,0.19439317,0.074711815,0.24606074,0.020160459,0.030297508,0.07029141,0.036994353,0.039349012,0.035533164,0.08529015,0.02773625
LGALS2,0.032409895,0.03652728,0.034367096,0.03922583,0.16117002,0.045081712,0.042469785,0.05599937,0.017946564,0.043967713,0.0450158,0.061867535,0.017645318,0.044685595,0.040879674,0.022344837,0.023544574,0.026864577,0.037116434,0.039159194,0.019190801,0.036493834,0.019628199,0.029593736,0.0403781,0.1814791,0.14123295,0.040549327,0.039679226,0.028630108
LGALS1,0.11708188,0.075788945,0.08386728,0.11123141,0.15083134,0.13676995,0.13169014,0.16154547,0.04710568,0.111089095,0.10891068,0.17577377,0.073804915,0.11299079,0.11513443,0.058240123,0.07120469,0.06891415,0.10547215,0.10701206,0.065938175,0.08375832,0.05565172,0.0806903,0.10870324,0.15384564,0.14336045,0.11581997,0.110544026,0.05096931
H1F0,0.069535114,0.03716413,0.037351713,0.043690704,0.16763097,0.115648665,0.050026074,0.08882807,0.030945187,0.06838657,0.05855101,0.06831685,0.018344747,0.05145854,0.03799003,0.056212116,0.21994707,0.031221982,0.04483702,0.042632062,0.024759285,0.033262923,0.02221952,0.08635066,0.054590214,0.06234514,0.08111932,0.04609468,0.042913444,0.07540118
MAFF,0.023218472,0.02621279,0.021300217,0.020851491,0.04461027,0.025897041,0.028443277,0.034914076,0.012001278,0.03322895,0.03946937,0.03457868,0.023737837,0.03619171,0.0348799,0.0132538425,0.014384304,0.027626324,0.05946701,0.060448047,0.02415759,0.100262105,0.012754949,0.013720741,0.03504052,0.04525925,0.03910956,0.021179784,0.032715417,0.016281439
APOBEC3A,0.022740394,0.028314177,0.026165085,0.027123438,0.13907242,0.11192203,0.034495916,0.04192727,0.017452905,0.038169514,0.03939367,0.043600403,0.016909461,0.036746874,0.035072505,0.024343982,0.01761814,0.027021287,0.03203991,0.034253124,0.01611427,0.030904042,0.01612609,0.02144407,0.040484473,0.020000098,0.027764633,0.024429891,0.032714196,0.020627383
AL031590.1,0.0030139883,0.003928011,0.0037877653,0.0045742807,0.017201426,0.01285034,0.04020363,0.010267617,0.002380354,0.007829828,0.009399277,0.0065362686,0.002501304,0.005832417,0.004290674,0.0031954404,0.0031779155,0.003184993,0.004696848,0.004402972,0.009939098,0.0034562738,0.0022705477,0.019285567,0.008058747,0.0026935136,0.0065881256,0.0045120707,0.0038481422,0.0031366772
AL022326.1,0.000645327,0.0007492732,0.0007066923,0.00076524855,0.002543642,0.00068844896,0.0009141481,0.0010342153,0.0004175656,0.0010853761,0.000909565,0.0011815715,0.00046102656,0.0008966272,0.003579403,0.0005037252,0.00039018734,0.0005490387,0.0008119436,0.0007787525,0.0005088172,0.00065533194,0.00041018552,0.00047830833,0.0009630822,0.010102588,0.0066534225,0.00081299606,0.0007175895,0.0006131153
GRAP2,0.031011257,0.02947382,0.038151894,0.042624235,0.035209496,0.028499175,0.06212496,0.09288997,0.026253017,0.07603571,0.06710399,0.10738195,0.036397617,0.06909273,0.062365033,0.022664735,0.028300432,0.02563961,0.056103256,0.049734503,0.029697597,0.033914335,0.018331632,0.17338593,0.054819573,0.032373495,0.030065052,0.04959188,0.054343242,0.026377885
TNFRSF13C,0.05460005,0.27016765,0.30942228,0.33206663,0.051761657,0.043131735,0.059905265,0.08081494,0.024926838,0.07113264,0.06785552,0.102180645,0.022710474,0.07298877,0.05582028,0.029020185,0.032249365,0.03521836,0.05929169,0.049979027,0.030994112,0.04489663,0.034843363,0.03560588,0.073729776,0.053972043,0.04239515,0.052385993,0.053531867,0.040026773
CENPM,0.010496275,0.021198783,0.03379469,0.06111454,0.016720643,0.012733081,0.041116178,0.027728168,0.1937422,0.049351603,0.02883721,0.025193581,0.07969735,0.021486688,0.020454375,0.008363893,0.015831005,0.01165373,0.030101078,0.01892077,0.17801334,0.021042885,0.029430728,0.013569828,0.027350938,0.012036975,0.01123075,0.04833271,0.019485923,0.008979107
BIK,0.015290586,0.01732303,0.02828436,0.010239074,0.013887198,0.011038981,0.0149251595,0.01896725,0.029018737,0.028148538,0.0462561,0.033527654,0.0053844815,0.023156421,0.01250097,0.0075808875,0.018130895,0.02380517,0.02072319,0.009862339,0.005806595,0.010321716,0.084508315,0.006671921,0.01574287,0.14221863,0.019972064,0.009875821,0.014267797,0.070380986
TSPO,0.020634582,0.045102436,0.047147855,0.04425999,0.10350941,0.051972654,0.046189614,0.0636254,0.015361374,0.051753532,0.049523417,0.0643098,0.010133148,0.053376738,0.04302275,0.0383149,0.017612662,0.034056768,0.053097386,0.0437344,0.019532707,0.03854982,0.01950427,0.042454556,0.05662767,0.013233139,0.053225726,0.03773714,0.04166024,0.028240805
MPPED1,0.00088537636,0.0006533926,0.0007070491,0.00092098414,0.0008703931,0.0011007984,0.0010010293,0.0013139485,0.00039532443,0.0011427246,0.0009798147,0.0014466142,0.0004977967,0.0011676163,0.00095422723,0.0004577992,0.0004972593,0.00060147245,0.0008514165,0.0008840552,0.00049235096,0.000751961,0.00042070766,0.0005338189,0.001071189,0.0007248616,0.0006866114,0.0009451557,0.0007722782,0.0010303026
PARVB,0.014760067,0.03458037,0.045861382,0.049148623,0.04282847,0.03579415,0.029487189,0.0318676,0.020592535,0.036208577,0.033964097,0.037710864,0.013320412,0.028321454,0.026415402,0.01790091,0.043348886,0.02040428,0.03398762,0.024315724,0.023228688,0.021209514,0.020152632,0.085684635,0.03482435,0.022307465,0.038447745,0.02706153,0.023645947,0.06792264
UPK3A,0.4173581,0.017794687,0.019950345,0.019613115,0.07246431,0.07722893,0.025884371,0.03517177,0.013819402,0.02880547,0.0244238,0.034134164,0.010202809,0.024797374,0.023731662,0.014851676,0.02730202,0.0150286695,0.023130737,0.02192396,0.0135292625,0.017770719,0.010599286,0.02029643,0.026197972,0.16398926,0.18471706,0.01851009,0.021772606,0.034483638
GTSE1,0.0035918767,0.004873128,0.005120888,0.0071630827,0.0066791796,0.004430297,0.005852834,0.008804784,0.18405354,0.00693675,0.007888746,0.011044642,0.045865774,0.006157388,0.006831599,0.0039457344,0.020886224,0.0037328028,0.005773901,0.008257155,0.11454056,0.0064666793,0.019048441,0.0033932547,0.0065423055,0.0041803797,0.007138533,0.005642661,0.004746058,0.009399679
CRELD2,0.040391557,0.0460948,0.041733567,0.048870865,0.046880566,0.038276393,0.0711847,0.064540945,0.031737085,0.06922619,0.07082061,0.075236246,0.05834558,0.05563419,0.057092138,0.022136664,0.025998753,0.052343313,0.052352183,0.07800818,0.042157017,0.05104416,0.09556396,0.023275333,0.05849721,0.042786974,0.039211046,0.053809106,0.06031053,0.0586474
PIM3,0.051785115,0.054845072,0.047486607,0.05862221,0.107291356,0.068676874,0.06441905,0.077151835,0.023058692,0.078413144,0.07418127,0.07301399,0.024338812,0.06435665,0.065965354,0.022909554,0.030169446,0.055352595,0.05847959,0.06001996,0.024298508,0.050584067,0.01552933,0.032151643,0.06814962,0.05864524,0.060136165,0.058751523,0.054558154,0.06770579
PLXNB2,0.052436255,0.02841999,0.029709978,0.03323895,0.13135809,0.11916541,0.036410592,0.044274725,0.015136602,0.04293029,0.042799573,0.04768361,0.022189206,0.037872702,0.03269706,0.024347467,0.025056656,0.024300793,0.038180772,0.035330333,0.021025851,0.031379376,0.017631993,0.022967065,0.038260665,0.055400077,0.068462186,0.027527694,0.034479074,0.064010456
TYMP,0.07604074,0.0453092,0.047233615,0.05540472,0.13663988,0.12306709,0.06780985,0.0841733,0.018663537,0.061615832,0.06453111,0.08311668,0.026836062,0.07261303,0.05693566,0.036668383,0.02614045,0.03906602,0.057696663,0.05973294,0.033816423,0.0466147,0.020798612,0.042627882,0.06656807,0.06800021,0.090723634,0.057826243,0.060081683,0.0298442
ODF3B,0.054339048,0.052500695,0.067098156,0.053100467,0.17127438,0.12284035,0.056680292,0.07088596,0.03168053,0.07353079,0.06632428,0.077584065,0.021244697,0.057107113,0.06451394,0.027301114,0.045209326,0.044673678,0.069969445,0.054757483,0.034503486,0.04840874,0.040812608,0.038346972,0.06314455,0.06518705,0.09340192,0.04372335,0.042606767,0.053735737
SAMSN1,0.049880892,0.06353461,0.06920761,0.0630964,0.13091594,0.10007175,0.112308726,0.093724884,0.0242554,0.096559934,0.110596456,0.0956785,0.029855825,0.084389105,0.087841704,0.028720398,0.038249258,0.053381443,0.065658145,0.0756836,0.034304548,0.05716507,0.024352638,0.04651594,0.08107062,0.05652018,0.059216436,0.0780928,0.07917713,0.03942639
NRIP1,0.057099473,0.051315345,0.04491351,0.06872022,0.07423968,0.056911383,0.047326412,0.08345232,0.022553805,0.07046191,0.07095333,0.09168328,0.02556338,0.056533284,0.05344485,0.027714048,0.09356236,0.09314019,0.12001456,0.05650154,0.028643932,0.052308235,0.02226221,0.033946864,0.07646117,0.041440304,0.05351839,0.047742825,0.06603271,0.03802793
LINC02573,0.002360093,0.0023266645,0.0024508918,0.0027766933,0.0028428503,0.0024434656,0.0035212114,0.0041055316,0.0014549274,0.003614171,0.0032936689,0.0062135514,0.0013769715,0.0031531348,0.003454388,0.001444033,0.1433991,0.0018114022,0.003057083,0.0032490692,0.0016212917,0.002514182,0.0015091513,0.001817432,0.0030778686,0.002668868,0.0022173335,0.0026018047,0.002739065,0.006122065
MIR155HG,0.0490658,0.050932694,0.049529485,0.04710201,0.061250795,0.051976208,0.041725032,0.03917389,0.036854554,0.064325385,0.06562174,0.05811828,0.012769585,0.034253348,0.036745496,0.012728033,0.05151556,0.015789095,0.034502577,0.026846793,0.018860897,0.020972375,0.03057076,0.01760879,0.068415195,0.027677527,0.04574019,0.04859411,0.043940187,0.11704526
APP,0.31197208,0.088584125,0.07740779,0.08862183,0.13478094,0.07313203,0.07607655,0.13840128,0.04141123,0.12415925,0.10499229,0.10799151,0.03301066,0.0944438,0.06407312,0.041021597,0.06516717,0.05691902,0.069791675,0.06391898,0.038160495,0.05672433,0.033707127,0.2064605,0.10096834,0.057932124,0.07992372,0.07628004,0.07601848,0.45280215
MAP3K7CL,0.015709892,0.031090688,0.028559508,0.031283423,0.0460343,0.030637518,0.025475431,0.03954922,0.013082506,0.036426038,0.02928892,0.039450556,0.012401845,0.032049805,0.024698762,0.012082386,0.014060879,0.019502062,0.025962664,0.027036175,0.013677665,0.021963174,0.011555983,0.30349758,0.033855762,0.019024255,0.020725729,0.022626279,0.024917385,0.019095821
BACH1,0.05503577,0.08292296,0.07027907,0.08669533,0.16373976,0.122872524,0.090764,0.10480378,0.023526534,0.09136651,0.083125636,0.10780061,0.03947276,0.092485696,0.07624556,0.047799647,0.045704816,0.07483805,0.072922535,0.08609825,0.039161626,0.068300836,0.033570465,0.06272932,0.09758245,0.043511264,0.07046692,0.08117394,0.069825545,0.04455083
OLIG1,0.007644144,0.010323066,0.010155589,0.016665151,0.07116887,0.06676915,0.0126855895,0.014860697,0.008182248,0.015038212,0.014657869,0.01617282,0.006979239,0.013216811,0.014234612,0.010615204,0.006910861,0.0072335456,0.011193206,0.012803371,0.0063843396,0.008880292,0.0073629552,0.0083125895,0.013258186,0.0099704545,0.012345504,0.00866559,0.011282164,0.007804427
IFNGR2,0.059776116,0.100311734,0.0822956,0.11668758,0.19090113,0.14470206,0.07976081,0.09926001,0.035093896,0.09116782,0.07771009,0.09336701,0.041287262,0.087717004,0.0752524,0.042174138,0.04153234,0.05966139,0.06349505,0.06448314,0.03285695,0.05759939,0.032044243,0.05167205,0.089288324,0.04281007,0.06931387,0.06429684,0.07384474,0.05262599
AP000695.2,0.0008467176,0.0009275959,0.0009053798,0.0009779416,0.001073495,0.0026493163,0.00107269,0.001429683,0.0006008114,0.0013832125,0.001152045,0.0015885755,0.00041089885,0.0010665061,0.00094380433,0.0004506808,0.014275444,0.000590436,0.00094940973,0.02089751,0.00047281396,0.00087260467,0.0005329953,0.0005811136,0.0012476599,0.0008301192,0.0007017287,0.00087240094,0.00081388495,0.0008475575
ERG,0.0032582742,0.0036163183,0.0030886917,0.0035925142,0.004535212,0.003024461,0.004525908,0.006914786,0.0015733638,0.0049894187,0.004568048,0.005540209,0.0020986744,0.004991656,0.0038500126,0.0023577567,0.16227902,0.018773166,0.003602112,0.0036872542,0.0022807159,0.0034761482,0.0020615838,0.0024103138,0.0043680696,0.0034537034,0.098179996,0.0036483086,0.0034901022,0.0026797927
ETS2,0.038589444,0.035550248,0.036317397,0.04675516,0.13878427,0.105746314,0.05034264,0.07214621,0.026160955,0.071861535,0.061142016,0.06896843,0.02205636,0.05056853,0.05528904,0.032383088,0.109578155,0.045008037,0.04664368,0.044677228,0.02731583,0.038252,0.019034918,0.03131376,0.056357384,0.03535327,0.10271036,0.047914963,0.037870947,0.037774533
MX1,0.065310806,0.06602096,0.054117367,0.05562415,0.08015133,0.06509242,0.057744138,0.07170556,0.019026944,0.07339847,0.06748004,0.07903853,0.03595205,0.054820307,0.062105887,0.033784192,0.026987035,0.03563539,0.055228915,0.05395818,0.02767256,0.050289545,0.025550282,0.031745072,0.06718137,0.041319054,0.05565995,0.051859327,0.057509337,0.065113045
AIRE,0.025292413,0.0084655965,0.015836956,0.018283697,0.0046504503,0.0038492864,0.0046428014,0.011213909,0.0047160718,0.017674614,0.008887428,0.017413527,0.001890529,0.0094230035,0.0042167287,0.00267111,0.0029450485,0.0024832352,0.0068783252,0.010098962,0.0020117327,0.0037023441,0.0027006941,0.0055843676,0.0050088796,0.0030319039,0.0056120064,0.003486035,0.006943546,0.006023463
ITGB2,0.063302204,0.09125946,0.09242702,0.0968952,0.14332823,0.09334537,0.08628779,0.12097705,0.023687761,0.11112379,0.11510761,0.13833681,0.04004817,0.101456486,0.08069827,0.07644476,0.053895358,0.06118027,0.088047326,0.121301,0.04774664,0.0662799,0.056857154,0.08694733,0.11850371,0.03887186,0.06704174,0.09066849,0.08137953,0.052765507
COL6A2,0.014706188,0.016732203,0.017648064,0.024061231,0.019068673,0.018471682,0.05132564,0.03980512,0.013965791,0.029506098,0.033909526,0.056072604,0.037343983,0.03151171,0.058275975,0.012507178,0.016743883,0.021071037,0.064506635,0.08001327,0.03684772,0.02544253,0.009698326,0.014957991,0.026579399,0.014925741,0.0167563,0.026646957,0.074359246,0.01139023
C21orf58,0.015041775,0.029787172,0.031741194,0.04324594,0.026883883,0.02279529,0.041862026,0.057900418,0.252201,0.04103231,0.040827554,0.052640535,0.105183914,0.039138477,0.03656732,0.016516645,0.059209257,0.020124946,0.026798928,0.03751861,0.20733444,0.028595349,0.029802658,0.042633697,0.06916244,0.017394243,0.022955196,0.057699043,0.027790045,0.028026693
S100B,0.041172117,0.033345774,0.033922423,0.038438033,0.0383299,0.040375434,0.046188157,0.06485803,0.025332347,0.050511055,0.05145658,0.35772127,0.06470014,0.08262947,0.054768533,0.026074126,0.02446003,0.034091815,0.059353296,0.077835195,0.046634592,0.06313914,0.018643865,0.027226407,0.03985633,0.18228978,0.037357375,0.08311007,0.07976229,0.02857195
MT-CO1,0.035572995,0.073362805,0.055495046,0.076515526,0.09787867,0.09157319,0.08843053,0.17656085,0.045515973,0.14364028,0.08929155,0.11529169,0.04010154,0.110557504,0.07127243,0.28475073,0.04151971,0.072302,0.06707328,0.0946343,0.04194732,0.06830594,0.051622357,0.07685312,0.14511901,0.050972357,0.07007861,0.072835214,0.084575474,0.063594945
MT-CO3,0.04770843,0.07219101,0.058650386,0.06940598,0.06446622,0.055510532,0.061712507,0.12276276,0.07880324,0.09982103,0.07982888,0.10000443,0.0639068,0.08205455,0.06564136,0.29035226,0.041337743,0.04699929,0.07671128,0.07086485,0.04305233,0.07895082,0.06822624,0.07628672,0.092536084,0.040109824,0.04579774,0.0526658,0.079693675,0.078209504
AC233755.1,0.00086623017,0.0034422928,0.0012048061,0.010393758,0.0013557633,0.0011223879,0.0014084971,0.0017439668,0.0008481851,0.0016872971,0.0014818539,0.0018716049,0.0005380229,0.0014513248,0.0012058856,0.0008655139,0.0009157736,0.00089546235,0.001390244,0.0012192096,0.000755469,0.0010237936,0.02846916,0.0008155765,0.0016921853,0.0010223824,0.0010524704,0.0013084358,0.001096344,0.00087445695
