gene_name,ASDC,B intermediate,B memory,B naive,CD14 Mono,CD16 Mono,CD4 CTL,CD4 Naive,CD4 Proliferating,CD4 TCM,CD4 TEM,CD8 Naive,CD8 Proliferating,CD8 TCM,CD8 TEM,Eryth,HSPC,ILC,MAIT,NK,NK Proliferating,NK_CD56bright,Plasmablast,Platelet,Treg,cDC1,cDC2,dnT,gdT,pDC
HES4,-4.54805e-05,-0.0014650072,-0.0046659205,-0.010176537,-0.008881404,0.13125636,-0.0024768314,-0.019786714,-0.00013908687,-0.019202448,-0.0055620107,-0.015215751,-0.00018409891,-0.003986088,-0.014475209,-9.845241e-05,-0.00044795976,-9.03459e-05,-0.0031262047,-0.005716726,-0.000117054034,-0.0014497698,-0.0004842046,-0.0029321287,-0.002863073,-0.00016601548,-0.0020224946,-0.00043928387,-0.004179996,-0.00086056563
ISG15,6.5599625e-06,-0.0024902613,-0.005544371,-0.017637694,0.04615951,0.034731667,-0.000563711,-0.032926667,0.00048276377,-0.008751406,-0.003480292,-0.016786965,0.0002870881,-0.004177572,-0.0038650164,-0.0002699606,-0.0010616885,6.334882e-05,0.00027830835,0.023790319,0.0006935933,-8.177403e-05,0.00024641014,-0.006290145,-0.004042933,6.318159e-05,0.0020865246,0.00061317754,-0.0004231835,-0.0011089044
TNFRSF18,-9.992507e-05,-0.0019281964,-0.003316238,-0.00604997,-0.056036625,-0.008417984,0.00019493328,-0.023273421,0.00013154792,0.015350677,0.004609117,-0.014356275,0.00027155265,-0.0021650908,-0.0024267642,-0.000108056,0.00012635422,0.0024653443,-0.0008866751,0.08917986,0.0018331122,0.012166283,-0.00020376149,-0.002277663,-0.00046631164,-0.000233232,-0.0033665646,-0.0005300705,0.0010230626,-0.0012085652
TNFRSF4,-1.7581977e-05,-0.0031473334,-0.004161126,-0.009208044,-0.052802224,-0.007504449,-0.0012037245,-0.017799988,2.4159775e-05,0.08431852,0.012672644,-0.013534149,-5.621786e-05,2.412012e-05,-0.008598323,-0.00012689242,-8.899132e-05,0.0021807125,-0.0014229013,0.023928171,-9.643664e-05,0.0019095408,-0.0003670287,-0.0021868108,0.0035239235,-0.00020451054,-0.0032355385,-0.00035195795,-0.0014220824,-0.0010457727
HES5,-3.3673614e-06,-9.05339e-05,-0.00013132606,-0.00030055823,-0.0005538273,0.001634511,-7.119558e-05,-0.00066625804,-3.8484195e-06,-0.0005760113,-0.00016134525,-0.00041591335,-4.6180558e-06,-0.000110448666,-0.00045276716,-3.4635846e-06,-1.23148375e-05,-3.848418e-06,-0.00010688938,0.0025765686,-1.8857198e-05,-3.636754e-05,-1.47201745e-05,-8.6493004e-05,-9.313124e-05,-6.349848e-06,-9.572948e-05,-1.4431512e-05,-0.00014354604,-3.2903776e-05
PRDM16,-6.117444e-06,0.00043347888,-0.00023857914,4.8716403e-05,-0.0029573187,-0.000442373,-0.00012933864,-0.0012103681,-6.991382e-06,-0.0010464183,-0.00029311044,-0.00075558247,-8.389593e-06,-0.00020065022,0.0011396719,-6.2921786e-06,0.0021343809,-6.991385e-06,-0.00019418406,0.00012327715,-3.425718e-05,0.0015750363,-2.674168e-05,-0.00015713017,-0.00016918969,-1.1535691e-05,6.172875e-05,-2.6217444e-05,0.002471299,-5.9775422e-05
RBP7,-0.00022839695,-0.006120832,-0.008881314,-0.019769719,0.2874121,0.0028758578,-0.0048031216,-0.045206152,-0.0002528431,-0.03957141,-0.010622973,-0.02844658,-0.0003326394,-0.0077349017,-0.030034188,-0.00010577513,-0.00088704325,-0.00027720098,-0.0073115258,-0.044657733,-0.0012822662,-0.0025573447,-0.0010067812,-0.0046322085,-0.0063927122,-0.00045737912,-0.006199102,-0.0010263901,-0.009261976,-0.0022266035
PGD,3.5020457e-05,-0.0057320893,-0.0072200927,-0.020588305,0.26531622,0.004488791,-0.004844977,-0.04482805,-9.350606e-05,-0.04040116,-0.01123067,-0.028642008,-0.00017379459,-0.007654403,-0.030021615,-0.00012810131,0.0002405838,-0.00030598405,-0.007991974,-0.0426577,-0.00066846714,-0.002501153,-0.0006490193,0.00015294676,-0.006577672,-0.00016125035,0.0014556382,-0.0010267013,-0.0093123615,0.001721669
TNFRSF1B,-1.5247587e-05,-0.00684459,-0.01269542,-0.035833035,0.26624006,0.060405128,-0.0006269689,-0.08247459,-5.35424e-05,-0.046950806,-0.010672093,-0.053838067,-0.00018339057,-0.010627801,-0.015315053,-0.0003140425,-0.0016807879,-0.00050787895,-0.007840243,-0.012709913,-0.00058110646,-0.0035479201,-0.001834804,-0.009740302,-0.003967876,-0.0007383155,0.0026962045,-0.0013114156,-0.00632104,-0.002115086
FAM131C,-1.3628486e-06,-3.664128e-05,-5.3150965e-05,-0.000121643796,-0.0006588389,-9.855351e-05,-2.8814522e-05,-0.00026964964,-1.5575375e-06,-0.00023312536,-6.530003e-05,-0.00016833132,-1.8690513e-06,-4.4701403e-05,0.00087193877,-1.401781e-06,-4.9841187e-06,-1.5575367e-06,-4.3260647e-05,-0.00027237495,-7.631955e-06,-1.4718801e-05,0.0002647699,-3.500588e-05,-3.769255e-05,-2.5699426e-06,0.0004274052,-5.840755e-06,-5.8096273e-05,0.0007045596
EPHA2,0.002178524,-0.0005530596,-0.0008022581,-0.0010386087,-0.008966866,-0.0014875549,-0.00043492392,-0.0040700603,-2.3509432e-05,-0.002706673,-0.0009856304,-0.0020985596,-2.8211343e-05,-0.00067472045,-0.0018432128,-2.115837e-05,-7.5230135e-05,-2.3509458e-05,-0.0006529753,-0.004111208,-0.00011519613,-0.00022216442,-8.992331e-05,-0.00052837323,-0.0005689262,-3.8790597e-05,-0.00032469904,-8.8160414e-05,-0.0008769024,0.031272594
PADI2,-0.00010103587,-0.0032228797,-0.004679709,-0.010367009,0.15784797,-0.0077628647,-0.0024571023,-0.02441583,-0.00014939558,-0.02162933,-0.005964049,-0.015552001,-0.00014596763,-0.0042356793,-0.01637279,-9.039886e-05,-0.00047806583,-0.00014939556,-0.0039576376,-0.02439475,-0.0006447158,-0.0013383769,-0.00054233574,-0.002792324,-0.003409058,0.0002038478,0.003933785,-0.0005602325,-0.005295555,-0.001277339
PADI4,-0.00010018878,-0.0037371546,-0.0063710217,-0.012109489,0.14751016,-0.010154,-0.0034015356,-0.020476641,-0.00020022668,-0.027454829,-0.007956002,0.0016894361,-0.00020912579,-0.004550505,-0.019859584,-3.7138583e-05,-6.5072665e-05,-0.00020022674,-0.00542303,-0.026878793,-0.00087610167,-0.00095932645,-0.0007281125,0.014778616,-0.003385511,-0.00011238696,-0.0035845758,-0.0002146091,-0.004548181,-0.00038514988
PLA2G2F,-2.4784938e-06,0.0018233882,-9.665914e-05,-0.00022122235,-0.0011981531,-0.00017922788,-5.2401618e-05,-0.0004903846,-2.8325444e-06,0.0022505817,-0.00011875444,-0.00030612358,-3.3990316e-06,-8.1293045e-05,-0.00033324937,-2.5492773e-06,-9.0641e-06,-2.8325446e-06,-7.867287e-05,-0.00049534015,-1.387943e-05,-2.676741e-05,-1.0834566e-05,-6.366159e-05,-6.8547284e-05,-4.6736877e-06,-7.045928e-05,-1.0622031e-05,-0.00010565377,-2.4218374e-05
CDA,-0.0002589875,-0.006636648,-0.009353303,-0.021760138,0.2840768,0.026566083,-0.0053244275,-0.048154302,-0.00026011874,-0.041928872,-0.011735123,-0.03014662,-0.00035518262,-0.008079746,-0.031977825,-8.717315e-05,-0.0009109773,-0.0002665747,-0.007573714,-0.04817004,-0.0013219,-0.0025411749,-0.001075102,-0.0050506224,-0.006848397,-0.00046315542,-0.0066872677,-0.0010618328,-0.010249966,-0.0023632445
C1QA,-7.6671124e-05,-0.0020175371,-0.0025376196,-0.0059782355,-0.009515148,0.09059959,-0.0013910792,-0.013991265,-8.7623885e-05,-0.011514973,-0.0033652065,-0.00840185,-0.0001051493,-0.0022859385,-0.008992202,-7.8861296e-05,-0.0002120908,-8.762386e-05,-0.0023025188,-0.01259103,-0.00039767247,-0.000776868,-0.00032401917,-0.00070802716,-0.0017199944,-0.00011778574,0.0025559121,-0.0003285892,-0.002849756,-0.0004005278
C1QC,-3.478089e-05,-0.00093510636,-0.0010374904,-0.0027577537,-0.0057751583,0.044192992,-0.00073536736,-0.0064509385,-3.9749648e-05,-0.00562535,-0.001568743,-0.0037350773,-4.7699494e-05,-0.0011408135,-0.0046765376,-3.5774614e-05,-0.00012719873,-3.9749662e-05,-0.0011040431,-0.006325432,-0.00019477359,-0.00024268865,-0.00015204267,-0.00039113246,-0.00049710774,-6.5587024e-05,0.0015147539,-0.00014906186,-0.0014826569,-0.00033986047
C1QB,-5.0296756e-05,-0.0010136204,-0.0016355069,-0.003515331,-0.011539215,0.060490906,-0.000821163,-0.008925708,-5.7482473e-05,-0.007671232,-0.0021675169,-0.0055692093,-6.897826e-05,-0.0015260606,-0.0053854613,-5.1733685e-05,-0.00018394309,-5.748248e-05,-0.0014594413,-0.007020324,-0.00028166224,-0.0005432085,-0.00019524395,-0.00030120154,-0.0012166289,-6.738551e-05,0.0030235443,-0.00021555802,-0.0017499874,-0.00022389185
ID3,-0.00012755442,0.01296692,0.024185905,0.0155750895,-0.031140463,-0.005535219,-0.002306343,0.01622294,8.816716e-05,0.00092458696,-0.0035213067,-0.0013488233,-3.8293623e-05,-0.00026732162,-0.012397801,-8.726888e-05,-0.00019611165,1.885469e-05,-0.0034721533,-0.02257451,-0.00048190838,-0.0012741109,-0.00028210957,-0.0025259468,0.012370562,0.00022295819,0.007636885,0.001243951,-0.0028082011,-0.0010710959
CLIC4,-5.9880018e-05,0.003379541,0.0064800843,0.019778946,0.12048217,0.003248864,-0.0031863349,-0.031563256,-0.0001932515,-0.026995355,-0.0071043326,-0.020113502,-0.00019046052,-0.005239575,-0.020050919,-0.00014443486,-7.934492e-05,1.8397823e-05,-0.004842371,-0.030011706,-0.0008010063,-0.0015681981,0.0020024548,0.0074340184,-0.004502257,-0.000172422,0.0015198969,-0.00072468974,-0.006247489,-0.0005537868
STMN1,0.0006726172,-0.0012052861,-0.0032565673,0.0038340394,-0.087330215,-0.01213871,0.0012606051,0.03618061,0.0031361391,-0.008510532,-0.0039226646,0.019130806,0.0038630795,-0.0011421955,0.010885484,-0.00016285533,0.0056290687,-7.351304e-05,-0.00067387254,-0.00022601328,0.01731264,-0.0005934209,0.0008785311,-0.001997465,0.0022376701,2.101922e-05,-0.001779855,0.0013969415,0.0038626338,0.0127108935
CD52,-0.0011540694,0.010302198,0.014943101,0.037482373,-0.10980477,0.020803541,0.012409598,0.0024194682,0.00030326535,0.048982006,0.012458544,-0.004257422,0.0007090594,0.0071304506,0.038692962,-0.00074731524,-0.0025660098,0.00025334876,0.0034408646,-0.061607588,-0.002667175,-0.0010822219,-0.001583111,-0.019910555,0.0026393032,-0.0015886856,-0.007767873,0.00039482611,0.008214641,-0.006842749
ZNF683,-0.00010683736,-0.0025184078,-0.0034076634,-0.008390643,-0.046290345,-0.0072319303,0.010276495,-0.0183662,-3.4309585e-05,-0.0155500285,-0.003804275,-0.010822263,0.0007717643,0.0019829252,0.07829369,-0.00010988983,-0.0003678615,-0.00012209939,-0.0030139827,0.021071592,-0.00018752049,-0.00073646876,-0.00046703106,-0.0020110435,-0.0027663587,-0.00018520812,-0.0026846929,-0.00042402235,0.01809176,-0.00088880415
FGR,-0.00010668297,-0.005143324,-0.01278819,-0.02268675,0.26812217,0.044566765,-0.005293896,-0.077158965,-0.00042586692,-0.06631801,-0.018436521,-0.048013944,-0.00030919185,-0.012465283,-0.02539648,-0.000235574,-0.0013146502,-0.00038300047,-0.011367907,0.020889891,2.4250741e-05,1.6244847e-05,-0.0015746304,-0.007697112,-0.0105117485,-0.0002599306,0.0067944564,-0.0016581889,-0.00720702,-0.0036609832
IFI6,-0.000313306,-0.006588939,-0.0099644195,-0.022906851,0.13758112,0.025501857,-0.0025844136,-0.02951385,0.00013089771,-0.024276828,-0.005319606,-0.020188166,9.5304014e-05,-0.005053486,-0.013847633,-0.00024522922,-0.0004483252,-6.318972e-05,-0.0036138806,-0.006876865,0.00038796323,-0.0013831127,8.477476e-05,-0.00046142223,-0.004668817,-0.0006414164,0.0024955287,-0.00017378338,-0.003985245,-0.0031587293
THEMIS2,0.00038637215,-0.0032999492,-0.006697003,-0.026317818,0.23112448,0.037725713,-0.0029637772,-0.058988504,-0.0003060975,-0.04982188,-0.013975756,-0.03875386,-0.00030053456,-0.010314738,-0.030248517,-0.00028581207,-0.00091046747,-0.00043332812,-0.007866411,-0.0001454757,-0.0009953748,-0.0024968297,-0.00046371546,-0.007312248,-0.00861338,0.000110026485,0.010510511,-0.0011179713,-0.009797895,0.0025696848
PTAFR,-0.00021270567,-0.0056218137,-0.006996787,-0.019149696,0.273073,-0.004172135,-0.0046494994,-0.04415152,-0.00016873742,-0.038583323,-0.010503292,-0.027984006,-0.000309066,-0.0074207378,-0.02929181,-0.00013836545,-0.0005058971,-0.0002684341,-0.0070145107,-0.04400725,-0.0011844661,-0.0024740344,-0.00095798855,-0.0015129386,-0.006171499,-0.0004161162,0.003212524,-0.0009900777,-0.009307811,-0.0021199947
SPOCD1,-2.6528747e-05,-0.00071324676,-0.0008933444,-0.0023678811,-0.009809591,-0.0016284242,-0.00039275084,-0.0049613426,-3.0318597e-05,-0.0042900904,-0.0012711069,-0.0028825407,-3.638235e-05,-0.0008701457,-0.0033784935,-2.7286578e-05,-9.701967e-05,-3.0318606e-05,-0.0008420997,-0.004571459,-0.00014856066,-0.0002865103,-0.00011596893,0.042457633,-0.00073370826,-5.0025785e-05,-0.0006877935,-0.000113694354,-0.0011308851,-7.008309e-05
MARCKSL1,0.0004990236,-0.000887394,0.012124141,0.021151466,0.0026346685,0.03910003,-0.0032591103,0.023481818,0.00014848514,-0.0065213246,-0.0070032584,-0.011187766,-0.00013407317,-0.004360211,-0.01841951,-0.00026342872,0.001264146,-0.00026146226,-0.0074712704,-0.027259286,-0.0009023961,-0.002658051,-0.0009398263,-0.0054883477,-0.0020198398,0.0012456076,0.0029692247,0.000118941025,-0.005988092,0.00028688755
RNF19B,-0.00013797224,-0.0036833866,-0.004895736,-0.014633917,0.17514929,0.010526325,-0.0023545166,-0.036128126,-7.853687e-05,-0.026002597,-0.0072934786,-0.022622699,-0.00014293531,-0.0051219924,-0.01673744,-0.00015588185,-0.0005588831,6.240466e-05,-0.0043678903,-0.022599937,-0.0007596811,-0.001264484,-0.00059300713,-0.003730361,-0.004698566,-0.0001394726,0.0009902916,-0.00077076233,-0.005836635,-0.0014194805
GJA4,-6.171815e-06,-0.00016593357,-0.00024070252,-0.0005508796,-0.0025511954,-0.0004463136,-0.00013049034,-0.0012211482,-7.053523e-06,-0.0010557408,-0.00029572012,-0.00076231314,-8.46431e-06,-0.00020243732,-0.0008298463,-6.3481893e-06,0.0011413968,-7.053524e-06,-0.00019591264,-0.0012334924,-3.4562345e-05,-6.665634e-05,-2.697992e-05,0.009611679,-0.00017069526,-1.1638267e-05,-0.00017545625,-2.6450767e-05,-0.00026309543,-6.0307528e-05
CLSPN,-5.9804097e-05,-0.0012435113,-0.0014845164,-0.002891419,-0.011653186,0.0018504123,0.00035749513,-0.009305159,0.0037714022,-0.005754472,-0.0010933779,-0.005996601,0.0049155736,-0.0011741258,0.00088271784,-6.151264e-05,7.058796e-05,1.6251997e-05,-0.0015187591,0.0034486768,0.028429028,0.00013232155,0.0016859119,-0.00096576934,-0.0015448708,-3.0313115e-05,0.0007654265,-0.00021419981,-0.0010252666,-0.0003089963
AL354864.1,-4.00253e-06,-0.000107611275,0.001251873,-0.0003572545,-0.00029111933,-0.00028944027,-8.462435e-05,-0.00079192565,-4.574345e-06,0.0010102023,-0.0001917772,-0.0004943701,-5.4891457e-06,-0.0001312828,0.0009298441,-4.1168473e-06,-1.4637887e-05,-4.574344e-06,-0.00012705193,0.00035680525,-2.2414146e-05,-4.3227225e-05,-1.749687e-05,-0.00010280745,-0.00011069895,-7.547676e-06,-0.00011378684,-1.7153581e-05,-0.00017062243,-3.911014e-05
CSF3R,-0.00017098941,-0.007927112,-0.011807407,-0.02661218,0.37428966,-0.002070971,-0.0064292187,-0.060426667,-0.00035347062,-0.05257201,-0.01447006,-0.037756555,-0.00042069473,-0.010241439,-0.04070131,-0.00019387562,-0.00010367614,-0.00036347454,-0.009804719,-0.059511833,-0.0017299792,-0.0033424764,-0.0013440469,-0.0058822916,-0.008258738,-0.0004846805,0.0051726406,-0.0012929012,-0.01259959,-0.0025902062
ZC3H12A,-3.9734223e-05,-0.0027142074,-0.004106452,-0.010160299,0.11088477,0.0001964181,-0.001101976,-0.029907327,-0.00014217196,-0.013168188,-0.002788956,-0.018590357,-0.00012319809,-0.0029099449,-0.008672052,-0.0001531771,-0.00058055995,-0.00015138947,-0.0002163703,-0.004872947,-0.0006802979,-0.0005243279,-0.0005449959,-0.004072717,-0.0033293478,-0.00021797372,0.0012387997,-9.840949e-05,-0.0019140218,-0.0005388112
CDCA8,4.7036483e-05,0.00035340176,-3.8652153e-05,-0.0008074501,-0.011087006,-0.00029378015,4.8483136e-05,-0.0028542054,0.0039992826,-0.0023282683,0.00018662303,-0.0034753303,0.0017222521,-0.00018309643,0.00055703474,7.6748016e-05,-3.8580993e-06,-4.6999266e-05,-0.00037390873,0.0025668119,0.012699105,-8.579758e-05,0.0007824636,-0.0009322587,-0.00045669085,-1.49408925e-05,-0.00054561475,0.00039396397,0.0002858901,-0.00019122928
MTF1,-0.00013159662,-0.002113784,-0.0048757596,-0.009878819,0.13834667,0.014916078,-0.0017772547,-0.029473213,-0.00013986585,-0.022640243,-0.006193747,-0.017994769,-0.00014980961,-0.004053221,-0.012706389,-0.00016529456,-0.00051469443,-0.0001495071,-0.0043045254,-0.01972317,-0.0005208382,-0.00065693364,-0.0004935725,-0.0036108566,-0.0040067467,-0.00031310454,-0.00041296854,-0.0003766171,-0.0046264413,-0.0012590421
MFSD2A,8.943321e-05,-0.0023758088,-0.003951834,-0.0082532605,0.1208626,0.00011558419,-0.0022931695,-0.021291766,-0.0001286881,-0.018259194,-0.0052654175,-0.013455575,-0.000110281355,-0.003461488,-0.01299662,-7.37621e-05,-0.00041180517,-0.0001286881,-0.0031714982,-0.019847821,-0.000425278,-0.0010956647,-5.265517e-05,-0.001888257,-0.0030370336,0.00026337837,0.002904512,-0.00048258086,-0.004261847,0.0024847826
PPT1,0.00011794654,-0.006579835,-0.009261815,-0.022324951,0.23342393,0.026494319,-0.004515382,-0.04079178,-0.0001253151,-0.035305787,-0.0103323525,-0.02295973,-2.8002269e-05,-0.0065266327,-0.028843021,-0.00023002892,-0.00048042482,-0.00012800304,-0.007718101,-0.0478281,-0.0010920173,-0.0028552888,-0.0010681198,-0.006970516,-0.0056240535,0.0017590587,0.0122967595,-0.0013980881,-0.009586714,-0.0015182383
CITED4,4.2492495e-05,-0.005415964,-0.0073211747,-0.01615483,0.06091201,-0.0069411537,-0.0034892198,0.036644198,-0.00025480337,-0.0010896665,-0.001022404,0.014433172,-0.00025470363,-0.0003219101,-0.01956077,-0.00021325157,-0.0005364731,5.8302525e-05,-0.0028044481,-0.035189506,-0.0011570933,-0.0015800502,-0.00089801743,-0.004387622,0.0019333127,-4.8444737e-05,0.0012710857,-0.000519966,-0.0048760423,-0.0012568745
CDC20,-2.2910584e-05,-0.00046306776,0.00018183606,-0.001507191,-0.008417094,-0.0006919754,-0.0002279748,-0.0031763364,0.0042644637,-0.002622518,-0.00075704494,-0.0016380036,0.004738358,-0.0004947927,-0.0009905531,-2.3565344e-05,0.00036756668,-2.6183512e-05,-0.0003805356,-0.00015328692,0.009627984,0.00025542424,0.0039083716,-0.00058847567,-0.0006336441,5.390808e-05,0.0002490006,9.4462084e-05,-0.0007023077,-0.0002238702
KIF2C,-2.5233809e-05,-0.00022290296,-0.0006729545,-0.0017108865,-0.007928953,-0.0012798695,-0.0002517354,-0.0020103087,0.0058781924,-0.0009282547,0.00026524367,-0.0017873796,0.0028244401,-0.00031783895,-0.002295543,-2.595464e-05,0.00016802379,0.00037606375,-0.00034872154,-0.0030972362,0.013864956,-0.0002725251,0.0019148226,0.0004088813,-0.0006978903,-4.7583762e-05,-0.0005086574,-0.00010814507,-0.0010756799,-8.64333e-05
PLK3,-8.457022e-05,-0.005165128,-0.007880004,-0.019248186,0.1724487,0.014468355,-0.0036557105,-0.0191846,-0.00022559483,-0.009047613,-0.004068145,-0.018558268,-0.00027160926,-0.0018660452,-0.025341554,-0.00015068977,-0.0008449883,-0.00016076064,-0.0029775007,-0.045938898,-0.0011911691,-0.002380504,-0.00096970564,-0.0054671224,-0.0015369593,9.019435e-05,-0.0008166766,-0.0005584059,-0.007884275,-0.0015325024
LINC00853,-2.6965594e-05,-0.0007249899,-0.0010516531,-0.0019642902,-0.010029763,-0.0019499883,-0.00042159384,-0.005335328,-3.0817813e-05,-0.0043593156,-0.0011743846,-0.0030223513,-3.698131e-05,-0.0007764696,-0.003355773,-2.7736047e-05,-2.9934346e-05,0.00014533097,-0.00085596164,-0.0051111747,-0.0001510068,-0.00029122733,-0.00011787853,0.043640308,-0.0007457896,-5.0849376e-05,-0.0007665896,-0.00011556676,-0.0009977375,-0.00026349036
PDZK1IP1,-4.95594e-06,-0.0010995694,-0.0016673906,-0.003805182,-0.013676077,-0.0027855176,-0.0007483897,-0.008270276,-5.0618495e-05,-0.0072225025,-0.0021221829,-0.0052052964,-6.0742284e-05,-0.0013260101,-0.00581611,0.00054997194,-3.4431567e-05,-5.0618546e-05,-0.0012613003,-0.007963725,-0.00020188084,-0.00047834442,-0.0001936163,0.06797429,-0.0011229911,-4.514184e-06,-0.0011354118,-0.00015835157,-0.0018144032,-0.00024368509
TAL1,-4.3345626e-05,-0.0010270338,-0.0016904805,-0.0034122518,-0.01396771,-0.0027166284,-0.00091644767,-0.0076463213,-4.953774e-05,-0.0067944042,-0.0017699521,-0.00505598,-5.9445112e-05,-0.0013450057,-0.005121551,0.00024259208,0.0020984903,-4.9537775e-05,-0.0012401686,-0.00808484,-0.0002427348,-0.00046813057,-0.0001894818,0.06404664,-0.001198818,-8.173733e-05,-0.0011971288,-0.00018576632,-0.0015031148,-0.00033029082
ELAVL4,-1.5796833e-05,-0.00042470783,-0.00061607314,-0.0007829095,-0.0062622065,0.013231098,-0.0003339884,-0.002511747,-1.8053579e-05,-0.0019947686,-0.0007568912,-0.001388715,-2.1664158e-05,-0.0005181334,-0.00082004827,-1.6248006e-05,0.0011198426,-1.8053574e-05,-0.00050143286,-0.0006677048,-8.846205e-05,0.00040281855,-6.905423e-05,-0.0004057506,-0.000436894,-2.9788109e-05,0.0048407894,-6.77006e-05,-0.000673394,-0.0001543571
TTC39A,0.0013138511,-0.00075918704,-0.0011012576,-0.0017409985,-0.010815564,-0.0016333313,-0.0005970224,-0.0048141354,-3.2271615e-05,-0.0040813074,-0.00021643305,-0.0022780218,-3.8725753e-05,-0.000614778,-0.0014242317,-2.904423e-05,-0.00010326809,-3.2271622e-05,-0.00089633884,-0.0036804304,-0.00015812978,-0.00030496353,-3.83775e-05,0.0005188007,-0.0007809666,-5.324795e-05,-0.00053419796,-0.00012101798,-0.0012037214,0.036250565
AC119428.2,0.0013835758,0.0063610296,0.008762336,0.002217568,0.0057609114,-0.0012266363,-0.0014332379,-0.01033544,-5.0339524e-05,-0.0069218837,-0.0030902787,-0.006305281,-0.00010653114,-0.0020155858,-0.006793299,-7.9898346e-05,-0.00028408348,-8.8775705e-05,-0.002125194,-0.014403045,-0.0003143939,-0.00054012047,-0.0003395696,-0.001693586,-0.00089787884,0.0004461559,0.004752347,-0.00024958013,-0.0026597288,0.032270283
AC119674.2,-1.9482939e-06,-5.2381427e-05,0.001095968,-0.00017390029,0.00039912213,-0.00014089025,-4.119262e-05,-0.00038548541,-2.2266322e-06,0.0007419494,-9.335192e-05,-0.00024064379,-2.6719713e-06,-6.39043e-05,-0.00026196355,-2.0039736e-06,-7.1252016e-06,-2.226632e-06,-6.184448e-05,-0.00038938245,-1.0910492e-05,-2.1041642e-05,-8.516832e-06,-5.004357e-05,-5.388475e-05,-3.6739557e-06,-5.538755e-05,-8.349887e-06,-8.305375e-05,-1.9037732e-05
TACSTD2,-2.9587449e-05,-0.00079548004,-0.0011539058,-0.002640887,0.028088817,-0.0017640187,-0.0006255627,-0.0058540786,-3.381411e-05,-0.0047931676,-0.0014176626,-0.0036544735,-4.057704e-05,-0.0009704684,-0.0039782417,-3.0432744e-05,-0.00010820565,-3.3814078e-05,-0.0009391857,-0.005913261,-0.00016568991,-0.00031954286,-0.00012933895,-0.0007599733,-0.00081830495,0.007160666,0.0007116971,0.0021723683,-0.000874817,-0.00028911198
JUN,-0.00026488048,0.0085748425,0.010185455,0.043399896,0.11251392,-0.02046149,-0.0023119594,-0.040679242,-0.0003639405,0.0036643178,0.00067468826,-0.02950802,-0.00023622067,-0.0015250513,-0.016624926,-0.0002504321,0.0005069938,0.00014846804,-0.004720939,-0.038256302,-0.00021792392,-0.0025202904,0.0005053248,-0.008402166,-0.0006810998,-0.00052757934,-0.0022792246,-0.0009958834,-0.007182499,-0.0021639739
L1TD1,-5.776234e-05,0.00020377843,-0.00048673886,-0.0030302634,-0.008315631,0.06473582,-0.0009470504,-0.009613937,1.6220957e-06,-0.0073913615,-0.0024594078,-0.006724557,-7.92169e-05,-0.0017810921,-0.0057746,-5.94129e-05,-0.00021124555,-6.601445e-05,-0.0018335417,-0.009408179,-0.00032347036,-0.00051609596,-2.5666255e-05,-0.0012639035,-0.0014639008,-0.00010892405,-0.0013587713,-0.00024755351,-0.0014854122,9.2649985e-05
AK4,-5.8132508e-05,-0.0013953628,-0.0017828199,-0.003923191,0.060496494,-0.0035240867,-0.00085729524,-0.010276725,-2.079757e-05,-0.008074504,-0.0021723143,-0.0056394916,-7.972485e-05,-0.001693099,-0.0052446667,-5.9793478e-05,0.0002867556,-6.643694e-05,-0.0018452901,-0.0072995373,-0.00032554186,-0.00062783115,-0.00019202632,-0.0014931757,-0.0009918124,-0.00010962154,-0.00032954925,-0.00024914078,-0.0019998732,-0.00045162806
PDE4B,-0.00013363227,0.006708921,0.0030655218,0.029225646,0.1255705,-0.010260045,-0.003098513,-0.036824442,-0.00023754308,-0.0018887477,0.0060062995,-0.024407009,-0.00029227728,-0.0021395008,-0.019855741,-0.00029592853,-0.0010495743,-0.00020616605,0.0020814359,-0.05420446,-0.0015523306,-0.0008415911,0.00017145838,-0.006731545,-0.004360656,0.00013677221,0.0016063146,-0.00094911654,-0.005954632,0.00071084214
GADD45A,3.95088e-05,-0.0025296055,-0.0019372565,-0.009816804,-0.012088813,-0.002357873,-0.00032293706,-0.012893594,0.00010100281,0.0056071454,0.0017864585,-0.00679261,7.6158336e-05,-0.0009715191,0.0009207929,8.04932e-05,0.0007808769,-2.827983e-05,0.0034094932,0.008401539,0.000861965,0.00026732814,0.00047415608,0.023067635,-0.0001138679,-2.7837876e-05,-0.00043948833,0.00031612476,0.0034699119,0.00065974274
DEPDC1,-1.6834509e-05,-0.00045260828,-0.00032231084,-0.00087832945,-0.005001304,-0.0010486277,-0.0003559303,-0.002405908,0.0030392064,-0.0009529403,-0.00030298028,-0.001573399,0.0020552888,-0.0005521686,0.00062442897,-1.7315355e-05,0.000280235,-1.9239307e-05,-0.0002012263,-0.0026924019,0.009415743,-0.0001818121,0.0019450769,5.1248702e-05,9.345946e-05,-3.174514e-05,5.112338e-05,-7.214766e-05,-0.00031202604,-0.00016449625
ST6GALNAC5,5.848779e-15,4.368866e-14,2.0160218e-14,8.701242e-14,2.0397396e-13,-2.2707437e-14,-4.321237e-14,-9.040871e-14,-7.718844e-15,4.490964e-14,1.8665567e-15,-2.7265064e-14,5.6531762e-15,-4.060638e-14,-4.6874434e-14,8.480203e-15,-4.3506213e-15,-7.0013427e-15,-3.825038e-14,1.284556e-13,-9.841526e-15,3.589964e-14,-8.372314e-15,-3.396993e-14,1.07923475e-14,-5.6154587e-15,3.9015246e-14,-1.2393569e-14,4.109232e-14,7.280274e-15
NEXN,-6.419551e-05,-0.0005027623,-0.0009230742,-0.002515385,0.029400168,0.0017394732,-0.0014815284,-0.0143356165,-9.9073e-05,-0.013074126,-0.0035591845,-0.009768902,-0.0001184813,-0.002471205,-0.008578533,-1.8611485e-05,-0.00018507101,-0.00011564646,-0.0025139195,-0.011747204,-0.00025518914,-0.0006715163,-0.000383329,0.048739478,-0.0025199025,-0.0001605819,-0.0002679647,-0.0003382282,-0.0033613816,0.00015152292
AC103591.3,0.00015723916,0.0015894003,-0.00018985088,0.00022847028,0.1605834,0.0008953037,-0.0028567524,-0.03586244,-1.5011104e-05,-0.027525214,-0.00740858,-0.018786745,-6.866947e-05,-0.0047869394,-0.022616697,-0.00019564126,0.0002041439,-0.00015167163,-0.00416363,-0.02669649,-0.0005248015,-0.0009030199,-0.00026471115,-0.003730749,-0.004536582,-0.000325672,0.0019322152,-0.0007169154,-0.007306999,0.0040433058
IFI44L,4.8732214e-05,-0.0008921665,-0.004268563,-0.002426924,0.12416645,0.012302808,-0.0039196885,-0.026883652,-0.00010600948,-0.0064580273,-0.0026327511,-0.020634232,-0.0002581749,-0.0043912777,-0.0239738,-0.00019887011,-0.00047975182,3.073754e-05,-0.0031830862,-0.022749996,-0.00080368697,0.000385019,-0.0010224221,-0.0047002044,-0.0053948355,-0.00040240286,0.001999474,-0.00073410245,-0.00667456,0.0042560333
IFI44,-4.79276e-05,-0.0033314824,-0.0067850184,-0.012390552,0.12644367,0.0088180965,-0.002237798,-0.030871652,-1.7129602e-06,-0.0055705216,-0.001236852,-0.01805153,-0.0001063783,-0.003883765,-0.01885932,-0.00015496444,-0.00015658831,-1.6353279e-05,-0.00061687396,-0.017021708,-0.0002959879,-0.0008445836,-0.00086327404,-0.004163107,-0.00475108,-0.00030097525,0.0020214932,-0.0005705612,-0.004585949,0.0004335926
LINC01781,-5.076629e-05,0.010597572,0.08528018,0.02937193,-0.037180696,-0.0052267932,-0.0015342442,-0.01538805,-9.316119e-05,-0.013336266,-0.0037477654,-0.009269221,-0.00011179188,-0.0023630955,-0.0102172885,-8.3844316e-05,-0.0002400914,-9.316117e-05,-0.0023803592,-0.015049233,-0.0003985212,-0.0008803677,0.0031667012,-0.0018025395,-0.002254475,-0.00015371431,-0.0022641523,-0.00034935135,-0.0032707101,-0.00067660835
LINC01362,-2.353849e-06,-6.3285086e-05,-9.1800895e-05,-0.00021009713,-0.0011379239,-0.00017021793,-4.9767215e-05,-0.00046572543,-2.6901253e-06,0.001380434,-0.00011278319,0.0022612505,-3.2281498e-06,-7.7206074e-05,-0.0003164917,-2.42112e-06,-8.608489e-06,-2.6901257e-06,-7.471848e-05,-0.00047043647,-1.3181648e-05,-2.5421656e-05,-1.0289747e-05,-6.0460683e-05,-6.510078e-05,-4.438659e-06,-6.6917324e-05,-1.00880425e-05,-0.00010034208,-2.3000599e-05
COL24A1,0.00090253574,-0.0009893265,-0.0014351032,-0.0032844248,0.0019575213,-0.00083789986,-0.00077799935,-0.0068132114,-4.2054067e-05,-0.0014423036,-0.0017631159,-0.004545016,-5.0464903e-05,-0.0010008632,-0.004679818,-3.7848848e-05,0.0024063827,0.001055163,-0.0011680512,-0.007079673,-0.00020606567,0.0035331557,0.00038285195,0.0050783074,-0.0010177111,-6.93895e-05,-0.00047446234,-0.00015770369,-0.0014038017,0.023960492
AC099062.1,-1.3743758e-05,-0.00036951245,-0.00053600944,-0.0012267402,0.0018157675,-0.0009938693,-0.00029058498,-0.0027193294,-1.5707104e-05,6.3132975e-05,0.004184636,-0.0003776807,-1.884867e-05,0.0017818781,-0.0018479516,-1.4136434e-05,-5.0263043e-05,-1.5707117e-05,-0.00043626846,0.0032952894,-7.696563e-05,-0.00014843345,-6.0080314e-05,-0.00035302015,-0.0003801159,-2.5916923e-05,-0.00039071697,-5.8902075e-05,-0.00058588124,-0.00013429692
LMO4,0.00034526366,0.000830544,0.004682372,-0.007271326,0.08837953,0.015374017,-0.0011126802,-0.04949489,2.7572718e-05,-0.027062334,-0.005475832,-0.023558473,9.9520024e-05,-0.0039786748,-0.013541055,-0.00026417724,0.001901612,0.0002913726,-0.00022840792,0.019334827,0.0015946141,0.0029865354,0.0017044496,-0.0062914263,-0.008273547,0.0006631938,0.008042708,-0.0012054588,-0.0026173252,0.004117338
GBP1,-0.00029233957,-0.005359006,-0.008946074,-0.020643398,0.041261196,0.030925764,-0.0001643913,-0.018205922,0.00071591267,-0.0050225994,0.00097285555,-0.002679764,0.0005956176,0.00031128884,0.003744169,-0.00026499218,-0.0007825823,-0.00025477418,-0.0017331105,-0.007282969,0.00033015636,-0.0010583051,-0.001075654,-0.0053165425,-0.0009434381,-0.00054051774,0.003156127,0.00013482341,0.0010350592,-0.002616682
GBP2,-0.00038240058,-0.0077459947,-0.013057171,-0.029044442,0.07559598,0.021791477,-0.00087249366,-0.027296096,0.0005872035,-0.010789769,0.00050150073,-0.01295855,0.00029517306,-0.0012891076,0.004463049,-0.00030393698,-0.0008236178,-4.8740967e-05,0.00014826286,0.019466339,6.4596155e-05,-0.00048080288,-0.0015796808,-0.007657158,-0.00024199461,-0.0007312125,-0.0061049047,0.0007809428,0.0011667621,-0.0034532242
GBP4,-0.000254857,-0.003976635,-0.0075144344,-0.0103584165,-0.0064155096,0.028744843,-0.000886733,-0.012651816,0.0003833382,-0.0056114458,0.0021443581,-0.010569166,0.00030783456,-0.0007425922,0.0013550756,-0.00024687118,0.00047988087,9.078323e-05,-0.002994626,0.038529288,0.0013704636,0.003596278,-0.0012767477,-0.0056207115,-0.0030361605,-0.00052284764,-0.0020258294,0.000105968946,0.0004941105,-0.0028968398
GBP5,-0.00029424895,-0.0059060515,-0.008977296,-0.018361537,-0.050913844,0.0017161604,0.0074575488,-0.029656185,0.000172794,-0.003938278,0.010910378,-0.020015256,0.00039512143,0.00013684649,0.032700714,-0.0002315311,-0.0008445963,-0.00012653391,0.012153599,0.0752953,0.0018800613,0.0015573055,-0.0010565686,-0.0055245673,0.002393222,-0.0004595442,-0.006853175,-0.00089429505,0.010019959,-0.0027353799
TGFBR3,-0.00013970074,-0.004982856,-0.0072919787,-0.017078405,-0.09157694,-0.013481336,0.013118416,-0.033948492,0.0001554104,-0.017236687,-0.0009372805,-0.020893117,0.0007242124,-0.003894455,0.05716864,-0.000168528,-0.00068294705,-8.934911e-05,0.0051679933,0.13177538,0.0035067871,0.0027942574,-0.0007560224,-0.004465764,-0.004524009,-0.00038071562,-0.0054238155,-0.00059912866,0.015772093,-0.0016321603
EVI5,-1.1902916e-05,-0.0005506379,-0.001665187,-0.0066838115,0.19513412,0.031528443,-0.0046130675,-0.04062574,-0.00024053638,-0.03641276,-0.010313854,-0.026789268,-0.00031394724,-0.007037414,-0.026929975,-0.00017068608,-0.0005590535,-0.00026162193,-0.0070300354,-0.039497204,-0.0012174554,-0.0024303754,1.966596e-05,-0.0043183696,-0.0055694696,-0.00029396973,0.0070214807,-0.0009270801,-0.008606313,-0.0006344412
FNBP1L,0.00019177016,0.0037811294,0.0024911133,0.010144752,-0.010505447,-0.0032687176,-0.0012557036,-0.0057562604,-6.78758e-05,0.0020625375,-0.0016792279,-0.003861613,-8.145097e-05,-0.0013067928,-0.0071244678,-3.931856e-05,0.0012658217,0.00016510216,-0.0016065328,-0.010134014,-0.00033258932,-0.00039850283,1.2548542e-06,0.023076,-0.0010697118,0.00054529536,0.0017813499,-0.0002545339,-0.0022338524,0.005470584
F3,2.5290181e-05,-0.0014593502,-0.0020010094,-0.0040680594,0.065025985,-0.0012063003,-0.0011476292,-0.010353793,-6.203417e-05,-0.008616888,-0.0023085019,-0.0061524617,-7.444098e-05,-0.0017803797,-0.0067584882,-5.5830642e-05,-0.00019850876,-6.2034174e-05,-0.0011656329,-0.010366243,-0.00030396762,-0.0005862244,-0.00019701512,-0.0004946641,-0.0015012305,-0.00010235659,-0.0011107053,-0.0002326271,-0.0023138663,-0.000370935
DPYD,-0.00033029125,-0.008145197,-0.012982929,-0.023457138,0.24537958,0.0020239803,-0.0039226143,-0.036194168,-0.00022742826,-0.03147903,-0.0070464336,-0.026204845,-0.0003212345,-0.0056926063,-0.025665276,-0.00020146892,-0.00093834527,-0.00024623531,-0.0061647883,-0.037103977,-0.00091497804,-0.0007814923,-0.0015363225,-0.0032338768,-0.006405633,-0.00062186114,0.0040610177,-0.0010298218,-0.007490033,-0.0031260853
LINC01307,-2.3724458e-06,-6.378529e-05,-9.2525e-05,0.0016581172,-0.0011469095,-0.00017156162,-5.0160514e-05,-0.00046940782,-2.711358e-06,-0.0004058236,-0.00011367382,-0.00029303262,-3.2536548e-06,-7.781594e-05,-0.00031899204,-2.4402284e-06,-8.676325e-06,-2.7113592e-06,-7.530879e-05,0.002025265,-1.3285786e-05,-2.5622503e-05,-1.0370938e-05,-6.0938495e-05,-6.561496e-05,-4.4737644e-06,-6.744562e-05,-1.0167688e-05,-0.00010113422,-2.3182289e-05
SORT1,-0.00016247365,-0.004966282,-0.006955453,-0.015473143,0.17748949,0.03821454,-0.0036854623,-0.03602922,-0.00020327907,-0.031525813,-0.008665048,-0.022069886,-0.00026146858,-0.005992521,-0.023717878,-9.7258984e-05,-0.0005810772,-0.00021788968,-0.005761722,-0.03516386,-0.0009223606,-0.0019109177,-0.0006679774,-0.00042239885,-0.0052176956,-0.00034114433,0.0035948788,-0.0008170957,-0.007612268,0.0001426342
CHI3L2,-0.0001290303,0.003704867,-0.000117440184,0.02403393,-0.04941086,-0.008316077,-0.0012678582,0.036271654,-1.010586e-05,-0.014371518,-0.0036595878,0.0015544437,3.8967653e-05,-0.00306512,0.0071051787,-0.0001327168,-0.00035680275,-0.00014746265,-0.002802641,0.019719759,0.00027128658,-0.0009853301,-0.00034778847,-0.002845431,-0.0029085432,-0.00024331392,-0.003033298,0.000860349,0.0017519989,-0.0011611705
C1orf162,0.00026069206,-0.005842068,-0.01350003,-0.011238637,0.20818433,0.042043153,-0.008669796,-0.029953297,-0.00048708497,-0.0448119,-0.019980153,-0.033084437,-0.0006513547,-0.008669643,-0.047220893,-0.00029465224,-0.0012155114,-3.079874e-05,-0.014098409,0.0038589146,-0.00025039492,0.0010701747,-0.0021610192,-0.009132391,-0.010096528,0.0017052429,0.019279791,-0.001754501,-0.012799948,-0.00045852253
LINC01750,-1.6522585e-05,-0.00044422067,-0.00064438,-0.0014747554,-0.004908347,-0.001194814,-0.00034933322,-0.0026205464,-1.8883104e-05,-0.0025623294,-0.0007916644,-0.0020407662,-2.2659551e-05,-0.00054194004,-0.0019774386,-1.699466e-05,-6.0425275e-05,-1.8883107e-05,-0.00052447175,-0.003302141,-9.252603e-05,-0.00017844274,-7.2227e-05,0.025204923,-0.00045696716,0.0005331734,-0.0004697124,-7.0811024e-05,-0.0007043311,-0.0001614491
RHOC,0.00054498017,-0.004480508,-0.0063697016,-0.01650851,-0.0642381,0.0758364,0.0011625988,-0.04481613,-0.00018616486,-0.027084304,-0.004670045,-0.029041396,0.0001124332,-0.0054933634,0.007073958,-0.00025671328,8.617695e-05,-6.106899e-05,0.0007060047,0.10475598,0.0022136266,0.003002566,-0.0010972228,0.0043699876,-0.005692247,0.00046284345,0.0074889488,-0.0010182965,0.0025826623,0.00061486586
PPM1J,0.0013842997,0.00061347644,0.0006863514,0.0011424151,-0.013354744,0.0013894505,-0.00090181513,-0.007379654,-4.8746566e-05,-0.0064574974,-0.0016590973,-0.0037814928,-5.8496364e-05,-0.00069380266,-0.0052927868,-4.3872187e-05,-0.00015599093,-4.874658e-05,-0.0011496252,-0.0066031744,-0.00023886052,-0.00046065805,-0.00018645686,-0.00075581466,-0.00087283726,0.006305697,0.0037602063,-0.00018280158,-0.0015846364,0.036629833
LINC01356,-4.010911e-06,-0.00010783564,-0.00015642631,-0.0003579994,-0.0019389727,-0.00029004746,-8.4801846e-05,-0.0007935898,-4.5839156e-06,-0.00068609347,-0.00019217982,-0.0004954047,-5.500651e-06,-0.00013155623,-0.00053929735,-4.125441e-06,-1.4668375e-05,-4.5839165e-06,-0.00012731626,-0.00080160843,-2.246076e-05,-4.331728e-05,-1.7533454e-05,-0.00010302267,-0.00011093003,0.0029945138,0.004270741,-1.7189417e-05,-0.00017097796,-3.9192146e-05
DENND2C,-3.913338e-05,-0.00027703866,-0.0010280914,-0.0016715515,-0.014922311,-0.0019710371,0.00076230103,0.00068529684,-4.4724162e-05,-0.0013370865,-0.00086002774,-0.0005992156,5.5564058e-05,0.0001783497,5.296266e-05,-4.0251827e-05,-0.00014311662,-4.4724206e-05,-0.0010612258,-0.00030307888,0.00012536404,-0.00011253141,0.0013585279,0.023195878,-0.00045862707,-7.379443e-05,-0.0007954735,-0.00016771464,-8.099868e-05,-0.00038239098
SYCP1,-1.31053e-06,-3.5234818e-05,-5.111091e-05,-0.00011697488,0.0017800407,-9.477006e-05,-2.7708542e-05,-0.00025929706,-1.4977556e-06,-0.00022417642,-6.279344e-05,-0.00016187037,-1.7973078e-06,-4.2985506e-05,-0.00017621004,-1.3479795e-06,-4.79278e-06,-1.4977566e-06,-4.1600142e-05,-0.00026191934,-7.3390197e-06,-1.4153836e-05,-5.728898e-06,-3.36619e-05,-3.6245474e-05,-2.4712756e-06,-3.7256646e-05,-5.6165695e-06,-5.5866294e-05,-1.2805757e-05
CD2,-0.00013396831,-0.01115356,-0.016490813,-0.036755513,-0.20669939,-0.031816594,0.016135173,0.030722464,0.00053867797,0.07131922,0.023410598,0.017271915,0.0007633835,0.012124175,0.07880616,-0.00025179787,-0.001616225,-0.0004517947,0.007920391,0.04250214,0.00031059742,0.0068368106,-0.0019739566,-0.008693433,0.0045564594,-0.0008570134,-0.005503705,0.0009406353,0.01230048,-0.0040621147
TENT5C,9.3316936e-05,0.009349321,-0.0005241095,0.022546485,-0.07588396,-0.012003933,0.0017846178,-0.029091533,5.7327925e-05,0.012618795,0.012846396,-0.018059386,8.013151e-05,0.0006158978,0.018274426,0.0008524014,-0.00036102685,2.7643198e-05,0.0150229065,0.025873397,9.504782e-05,0.0027382963,0.006205636,0.006769235,-0.0007756235,-6.4503925e-05,-0.0041323295,-0.00031172545,0.0068218955,-0.0014650512
AC245014.3,3.2927826e-05,-0.0016074091,0.0018649572,-0.006491308,0.20432626,-0.00677934,-0.0032300383,-0.04153531,-6.763759e-05,-0.033015788,-0.0074055623,-0.023157168,-0.00025219008,-0.0055516628,-0.027196793,-0.00016070981,-0.00073389395,-0.00011693396,-0.003609359,-0.03055225,-0.0003905532,-0.0018032938,-0.00028412236,-0.005704218,-0.0055504497,-1.866195e-05,0.0030105836,-0.0009885764,-0.007991758,0.0049608448
CD160,-0.000105177234,-0.0032712177,-0.004732154,-0.010899035,-0.062162533,-0.00925096,-0.0016239143,-0.024085172,-6.0558923e-05,-0.0218945,-0.0059581073,-0.015249982,2.057188e-05,-0.0031974495,0.017967738,-0.00014117458,-0.0004783537,-0.00015685892,0.00018575683,0.14447089,0.004228774,0.0008553106,-0.0005683943,-0.0028232632,-0.0034587067,-0.00019336396,-0.00348493,-0.000588222,0.007886738,-0.0012322027
FCGR1A,-0.00016441567,-0.004794369,-0.0069611273,-0.015842017,0.22656037,-0.002273651,-0.0038927668,-0.03533659,-0.0001827706,-0.030679055,-0.00867255,-0.022355938,-0.00018677882,-0.0059151463,-0.023958003,-1.1850095e-05,-0.0006480345,-0.00021396182,-0.0056395303,-0.035527654,-0.0010484105,-0.0019035614,-0.0007997467,-0.0037761128,-0.004924936,-0.0003530396,-0.00043884508,-0.0007814289,-0.0075377333,-0.0017412533
MTMR11,-0.00012003592,-0.004142726,-0.0063495934,-0.014052731,0.15396902,0.03486945,-0.0033189263,-0.031631272,-0.00019441798,-0.027169315,-0.0075587113,-0.020168645,-0.00023330392,-0.0052281828,-0.021255126,-0.0001749767,-0.0006221387,-0.00012436483,-0.005143435,-0.032095183,-0.0009029704,-0.0015724669,-0.00072874484,-0.0035234315,-0.004529573,-0.00032079048,0.011440286,-0.0006535102,-0.0068556312,-0.0016092189
PLEKHO1,0.00043630102,0.0056921355,0.0011377136,-0.0008577577,0.18884939,0.030842124,-0.0054884953,-0.05229868,-0.00023317632,-0.03262394,-0.0088201575,-0.033992313,-0.00033526568,-0.00694861,-0.03436919,-0.00036532895,-0.00046512752,-3.8914342e-05,-0.008273031,-0.055444513,-0.0014060677,-0.0027299158,-0.0011787517,0.019576406,-0.007770867,0.0011096317,0.0148254875,-0.00079230027,-0.0104269935,0.0023899167
C1orf54,-3.9411945e-05,-0.0022008058,-0.0026985419,-0.0076764976,0.058719397,0.004245725,-0.0018256874,-0.011727692,-0.00012006789,-0.0065905144,-0.0012094805,-0.007448854,-0.00014408163,-0.0017285271,-0.009932698,-0.00010806108,-0.00022768657,1.2048851e-05,-0.0024087736,-0.016468966,-0.00035190792,-0.0006766127,-0.00042702392,-0.002275135,-0.002046957,0.011154875,0.008024529,-0.00025190524,-0.0030518577,-0.0005189493
MCL1,-3.84451e-06,-0.007111359,-0.0118885,-0.030532498,0.26556692,0.00806578,-0.0043044267,-0.042844806,-0.00020582217,-0.034034822,-0.0069119493,-0.031637464,-0.00026509416,-0.007968268,-0.026639858,-0.00040342132,-0.0011188857,-5.6375382e-05,-0.0060829916,-0.039212804,-0.0013991025,-0.0005503688,-0.00033422123,-0.010523959,-0.006553518,0.0004318934,0.0070384457,-0.0007222535,-0.009159868,-0.0006364958
CTSS,-6.969608e-05,-0.0022489442,-0.006361114,-0.012418018,0.35079786,0.051398955,-0.006656461,-0.082195826,-0.00044559283,-0.06676454,-0.01702144,-0.053107984,-0.00054581073,-0.012953391,-0.039948184,-0.0002996999,-0.0015136703,-0.0004129906,-0.01239054,-0.052084547,-0.0020984036,-0.0032758373,-0.0014528754,-0.008133634,-0.011512398,-0.00025355158,0.0067852493,-0.0017889419,-0.012987409,-4.0561597e-05
SELENBP1,0.0003266538,-0.00041619327,-0.000603722,-0.0013817057,0.0021974791,0.0004660968,-0.00032729376,-0.001750795,-1.7691355e-05,-0.002647992,0.00012701149,-0.0019120156,-2.1229862e-05,-0.0005077471,-0.0015105915,0.0107004745,0.001103689,-1.7691355e-05,-0.0004913824,-0.002728798,-8.668842e-05,-0.00016718505,-6.766994e-05,-0.00039761726,-0.00042813565,0.0007862643,0.0006519404,-6.634314e-05,-0.0006598953,-0.00015126291
S100A10,0.00089215615,-0.015470122,-0.011502416,-0.05731334,0.20706134,0.019401565,0.004891503,-0.07530097,0.00029822657,0.0029043714,0.0026121135,-0.037109382,0.0005858567,0.0013755765,0.007484826,-0.0004951702,-0.0020764205,0.00014840122,-0.0039455653,-0.038154323,0.00041835403,-0.0022730217,-0.0011332826,-0.013613291,-0.0010228651,0.0016068146,0.01749359,0.0003546665,-0.0032554923,-0.004863644
S100A11,5.466437e-05,-0.012698241,-0.01834113,-0.049037028,0.29273456,0.057284556,-0.0016096535,-0.086889185,-2.7476171e-05,-0.012158691,-0.0038150465,-0.06341805,-0.00011682142,-0.007054025,-0.025033183,-0.00035009795,-0.0015755374,-5.6272616e-05,-0.0073213177,-0.03355761,-0.0008765048,-0.0035470652,-0.0019529589,-0.0094127385,-0.00964946,0.00018664738,0.011663726,-0.0014934668,-0.010958735,-0.00097391324
TCHH,-1.2762495e-05,-0.00034312706,-0.00049773394,-0.00028253513,-0.004432676,-0.0005688254,0.0006574019,-0.0025251508,0.00016325942,0.0058552567,-0.0006115044,6.951427e-05,-1.750278e-05,-0.00041860968,0.00096820446,-1.3127208e-05,-4.6674337e-05,-1.4585648e-05,0.0003760253,-0.0025506655,0.0017147227,-0.000137834,-5.579041e-05,0.0021574586,-0.00035297207,-2.4066421e-05,0.0016677516,-5.4696327e-05,-0.0005440478,-0.00012470748
S100A9,-0.0004307445,-0.008427244,-0.012149698,-0.02574799,0.3869772,0.0064615253,-0.0065912222,-0.069668435,-0.0004277219,-0.062430587,-0.015653634,-0.046295043,-0.0005333844,-0.012065318,-0.037584066,-0.00019108554,-0.0016569466,-0.0003998156,-0.010801994,-0.053985983,-0.0019505615,-0.003064597,-0.001803197,0.0019818963,-0.010519962,-0.00066168804,0.0041873986,-0.0016588493,-0.01165861,-0.0032492178
S100A12,-0.0002875794,-0.0075529446,-0.01079406,-0.02424674,0.36674595,-0.018058555,-0.0058389907,-0.05611,-0.00033519554,-0.048699703,-0.013492874,-0.035353243,-0.00040792656,-0.009331704,-0.035971828,-2.0307869e-05,-0.0011341219,-0.00033718333,-0.0090598855,-0.05368625,-0.0015341644,-0.002928923,-0.0012508612,-0.0040825587,-0.007923433,-0.0005541437,-0.0026622221,-0.0012879776,-0.011060537,-0.00274254
S100A8,-0.00036807198,-0.008202013,-0.011904483,-0.025609149,0.38828692,-0.005460595,-0.006416222,-0.06552746,-0.00040983615,-0.057538457,-0.015398074,-0.041717008,-0.00049896317,-0.010608899,-0.037835475,-0.00016260736,-0.0014101594,-0.00028758647,-0.0103799,-0.05533563,-0.0018277052,-0.0031838093,-0.0016831101,6.0069786e-05,-0.009705035,-0.00067832647,-6.174338e-05,-0.0014045882,-0.011524366,-0.0032075949
S100A6,0.0003943646,-0.014269319,-0.018083429,-0.06359137,0.29723746,0.041061103,0.0010701561,-0.08052338,-5.7880825e-06,-0.02528073,-0.008141656,-0.04990105,0.00016236937,-0.0046213334,-0.0052174213,-0.00058644183,-0.00259376,-0.00016361703,0.00075235404,-0.037746917,-0.0012593536,-0.0075250203,-0.0024184908,-0.012337834,-0.0090490235,-0.00046228775,0.011245224,-0.00091177446,-0.0062792622,-0.00095369713
S100A4,0.00032051827,-0.01744317,-0.021324148,-0.066351645,0.23965724,0.04111975,0.008445453,-0.12554389,8.121605e-05,0.00068734225,0.00384619,-0.06919129,0.00047383827,-0.0020865775,0.014775976,-0.00058662007,-0.0014915266,4.5961384e-05,0.0070329346,0.008141245,0.00012133921,-0.00511277,-0.003237212,-0.009504877,-0.0061139725,-0.0013474551,0.0102924565,-0.001904671,5.344584e-05,-0.003855003
S100A16,-4.7161693e-06,-0.0001267969,-0.00018392887,-0.00042094765,-0.0022799126,-0.00034104456,-9.9713034e-05,-0.00093312043,-5.389881e-06,-0.0008067336,-0.0002259712,-0.0005825121,-6.467866e-06,-0.00015468978,-0.00063412177,-4.8508678e-06,-1.724762e-05,-5.3898916e-06,0.0018506406,-0.00094255246,-2.6410422e-05,-5.0934137e-05,-2.0616379e-05,-0.00012113699,-0.00013043494,0.000996007,-0.00013407315,-2.0211923e-05,-0.00020104198,0.0056343256
AQP10,-2.3877416e-05,-0.0004513462,-0.0008174485,-0.0021312323,-0.008664807,-0.0015416006,-0.0005048398,-0.0036681443,-2.7288814e-05,-0.0033501347,-0.0009790572,-0.0027904736,0.00019676622,-0.0006437809,-0.0028409904,-2.455969e-05,3.794883e-06,-2.7288825e-05,-0.00075794174,-0.0046651,8.448773e-05,-0.0002578775,-0.00010437916,0.03652525,-0.000660384,-4.5026147e-05,-0.0006788025,-0.00010233253,-0.0010178661,-3.3702367e-05
TDRD10,-3.8728044e-06,0.00088071683,-0.00015104034,-0.00034567952,-0.001872227,-0.0002800596,-8.1883045e-05,-0.000766266,-4.4260696e-06,-0.00066247594,-0.00018556425,-0.00047835198,-5.3113445e-06,-0.0001270277,-0.0005207302,-3.9834836e-06,-1.4163436e-05,-4.4260805e-06,-0.00012293544,-0.0007740143,-2.1687687e-05,-4.1826428e-05,-1.6929922e-05,0.0060482463,-0.00010711074,-7.302973e-06,-0.00011009951,-1.659787e-05,-0.0001650934,-3.7843296e-05
CKS1B,9.688673e-05,0.003078215,0.0037805901,0.013634477,-0.04719284,0.028173743,-0.0012120962,-0.004433549,0.0017881676,-0.0022113493,-0.0017981628,-0.00206225,0.0013879691,-0.00044463587,-0.0046296017,-0.00014890687,0.00078114506,-3.3353946e-05,-0.0014624923,0.00445288,0.00858873,0.00085510366,0.0009909057,-0.002155689,-0.00018081172,-7.565195e-06,-0.00065368967,-0.00022268441,-0.0013617877,0.0026027411
LMNA,-0.00012746982,-0.0032444098,-0.0033311679,-0.011475455,0.058324166,-0.00634973,-0.0016589507,-0.026206514,-8.417968e-05,-0.004344741,-0.0023114898,-0.01676825,-1.1296376e-05,-0.001194903,-0.008975554,-0.0001524075,0.001099744,0.00042618826,-0.0029063318,-0.021256857,-0.0006491852,0.001960334,0.00044393042,0.035513926,-0.0022593825,0.0018346057,0.019465147,-0.00052633096,-0.0040506474,-0.0011830378
SEMA4A,0.0005059565,-0.0056778323,-0.008119853,-0.014337549,0.2030557,0.02446608,-0.0042772344,-0.04175907,-0.00024212454,-0.03598629,-0.009708155,-0.02538949,-0.00030547616,-0.0066918437,-0.02578494,-0.00015010776,-0.00050623424,-0.00025456175,-0.005943578,-0.04150799,-0.0011134883,-0.0022511014,0.003070536,-0.0044907564,-0.0056981095,0.0012875722,0.017643752,-0.00084118324,-0.008616862,-0.00037555286
NES,-2.8206307e-07,-7.583422e-06,-1.1000376e-05,-2.5175996e-05,-0.00013635658,-2.0397056e-05,-5.9635854e-06,-5.58079e-05,-3.2235374e-07,-4.8248614e-05,-1.35147675e-05,-3.4838584e-05,-3.8682757e-07,-9.251621e-06,-3.792515e-05,-2.9012102e-07,-1.0315429e-06,-3.2235363e-07,-8.953447e-06,-5.6371973e-05,-1.5795455e-06,-3.0462672e-06,0.0005182354,-7.2449393e-06,-7.801016e-06,-5.3188825e-07,-8.01863e-06,-1.2088325e-06,-1.2023853e-05,-2.7561439e-06
PEAR1,-2.942976e-05,-0.0007912383,-0.001147761,-0.002492028,-0.011316947,-0.0018979571,-0.0006222268,-0.005660998,-3.3633954e-05,-0.004646331,-0.0014101027,-0.0033877348,-4.036082e-05,-0.0008509491,-0.0038340641,-3.02706e-05,0.0006753518,-3.363392e-05,-0.0009341824,-0.00574941,-0.00016480616,-0.00031784197,1.6193466e-05,0.04807433,-0.0008139404,-5.5496304e-05,-0.00083664886,-0.00012612755,-0.0012545428,-0.00028756962
AL138900.3,-1.154127e-06,-3.102983e-05,-4.501101e-05,-0.00010301566,-0.00055794284,-8.346065e-05,-2.4401492e-05,-0.00022835545,-1.3190219e-06,-0.00019742419,-5.5299493e-05,-0.00014255155,-1.5828224e-06,-3.7855454e-05,-0.00015518234,0.0002334534,0.0006802865,-1.3190217e-06,-3.6635593e-05,-0.00023066135,-6.4631618e-06,-1.246454e-05,-5.0451904e-06,0.0011767593,-3.191992e-05,-2.1763676e-06,-3.281049e-05,-4.9462833e-06,-4.9199138e-05,-1.1277515e-05
FCRL5,-0.00010043057,0.03610238,0.012327309,0.10470725,-0.0458133,-0.0069586025,-0.0021233857,-0.018882984,-0.000114777744,-0.016582733,-0.0046617184,-0.011759816,-0.00013773332,-0.0031669233,-0.012308941,-0.00010329947,-0.00033671816,-0.00011477774,-0.0030625716,-0.017954972,-0.0005205689,-0.0010132118,0.003974261,-0.0019357865,-0.0026293672,-0.00018938216,-0.0027535236,-0.0003723727,-0.0040657152,0.0005527347
FCRL4,-1.1838672e-05,0.00836337,-0.00046170838,0.0007669281,-0.0043681543,-0.00012764952,-0.00025030164,0.0010369545,-1.3529831e-05,-0.0011237444,-0.00056723744,0.00037280895,-1.6235876e-05,-0.0003883078,0.0004628545,-1.2176889e-05,0.0010007177,-1.35298305e-05,-0.0003757914,-0.002366033,-6.629586e-05,-0.0001278568,-5.1751922e-05,-0.0003040824,-0.00032742092,-2.2324164e-05,-0.00033655373,-5.0736944e-05,-0.0005046632,-0.000115679984
FCRL3,-0.00016250815,0.020449657,0.004599102,0.052438118,-0.07460849,-0.011213072,-0.0019018198,-0.030624313,-0.00015790915,-0.024554746,-0.0055537964,-0.019044198,6.3838265e-06,-0.004227263,0.03224514,-0.00016715033,-0.00052901433,-4.994879e-05,-0.0045601944,0.060492028,0.0009794252,0.0010886998,-0.00065028545,-0.0032730289,0.005158249,-0.0002720996,-0.004489737,-5.0561623e-05,0.010108399,-0.0014750072
FCRL2,-9.205784e-05,0.04488227,0.016921995,0.08231988,-0.04148062,-0.0064100255,-0.0019463714,-0.017377375,-0.00010520958,-0.014544528,-0.0041174893,-0.010360278,-0.00012625076,-0.0027914396,-0.01167292,-9.468869e-05,-0.00012857695,-0.00010520963,-0.0028715497,-0.017202547,-0.0005155221,-0.0009942235,0.000548248,-0.0021875955,-0.0022408573,-0.00017359531,-0.0024688342,-0.0003945327,-0.0034633616,-0.00080648134
FCRL1,-0.000117419935,0.023762876,0.01988423,0.14228086,-0.053925894,-0.007516185,-0.0021623445,-0.022055224,-0.0001341938,-0.019197058,-0.0054747495,-0.014181496,-0.00016103261,-0.0037372608,-0.014524387,-0.00012077416,-0.00039977767,-0.00013419386,-0.0036004076,-0.022137422,-0.000610735,-0.0011903275,0.00015326687,-0.0023014017,-0.0028554008,-0.0002214198,-0.0031155087,-0.00050322927,-0.004556895,-0.0011473561
CD1D,-0.0001534393,-0.0020963913,-0.005839596,-0.013173353,0.22969727,-0.00069836155,-0.004563382,-0.041390397,-0.00021068675,-0.0359834,-0.009986409,-0.025823224,-0.0003049242,-0.0070245145,-0.028223567,-0.00013890605,-0.0007660266,-0.00025410482,-0.006816711,-0.041399777,-0.0011164643,-0.0023312285,-0.0009142342,-0.0046091895,-0.00579993,-0.00031370184,0.022205269,-0.0009528883,-0.009064933,-0.0019533196
CD1C,-6.803295e-05,0.022653438,0.004373345,0.011786794,0.007321134,-0.0038772211,-0.0021601801,-0.020377513,-0.00012499132,-0.017560218,-0.004875929,-0.012696655,-0.00013077444,-0.0034716986,-0.0136734685,-0.00011249179,-0.0003999721,-7.5379874e-05,-0.0032990614,-0.020013088,-0.00061245693,-0.0011111307,-0.00037581613,-0.002677987,-0.002806054,0.00018896199,0.07018032,-0.0004687179,-0.004466637,-0.0010686759
CD1E,-4.642585e-05,-0.0012481939,-0.0018106186,-0.004086192,0.00502966,-0.0021282411,-0.0009815763,-0.008342445,-5.3057815e-05,-0.0072584487,-0.0022244696,-0.0057342895,-6.36696e-05,-0.0015227708,-0.006242309,-4.7752175e-05,-0.00016978655,-5.3057804e-05,-0.0014736963,-0.009049948,-0.0002599852,-0.0005014,-0.0002029484,-0.0004786716,-0.001284005,-8.754638e-05,0.05295355,-0.00019896831,-0.001979067,-0.00045364714
MNDA,-0.00014479019,-0.0057112286,-0.010201251,-0.027771035,0.37732524,0.028514361,-0.006981889,-0.06953875,-0.00037134634,-0.060023203,-0.01668658,-0.044160318,-0.0004994381,-0.01166451,-0.044943523,-0.00016031926,-0.0013643517,-0.0003292081,-0.010955265,-0.06624335,-0.0018446887,-0.0037220104,-0.0016000867,-0.006121538,-0.009733906,0.00026512984,0.013331715,-0.0015169277,-0.0139573915,-0.0031896618
PYHIN1,-0.00028515045,-0.0030969107,-0.007162275,-0.022138387,-0.13562112,-0.020277016,0.007976272,-0.034292415,0.00025771285,-0.002895589,0.0037855357,-0.028856028,0.000694453,-0.0003866766,0.06794254,-0.00023687184,-0.0010352123,-0.0003365405,0.0050094975,0.1612919,0.0032346088,0.0010292664,-0.0010261257,-0.005674314,0.003937867,-0.00052333594,-0.008071888,0.00014310206,0.019323189,-0.0027100167
AIM2,-0.00012386174,0.029405575,0.06961667,-0.0007678104,-0.012409766,0.009859226,-0.0011317487,-0.02293706,-7.3898464e-06,-0.011876853,-0.0023610534,-0.014307252,-0.00014283949,-0.002165288,-0.0056619705,-0.0001274001,-0.00045298078,-0.0001415559,-0.0022936296,-0.020553192,-0.00059164566,-0.0012837003,0.002372606,-0.0025340838,-0.002853421,0.0006222493,-0.0025090603,-0.00039917222,-0.003236708,-0.0010071318
FCER1A,0.0006099667,-0.0019388234,-0.002740393,-0.006618184,-0.025108472,-0.005015199,-0.0016839148,-0.014832085,-9.1022775e-05,-0.01247788,-0.0034779778,-0.008762936,-6.839712e-05,-0.0022764972,-0.009018551,-8.192025e-05,0.0033758404,-9.102272e-05,-0.002350363,-0.014028092,-0.00026597377,-0.0008154808,-0.00031196704,-0.0013564872,-0.0020446605,-0.00015018736,0.10176817,-0.00034133234,-0.0030000124,0.01319391
FCRL6,-0.00012396785,-0.003904531,-0.0060499357,-0.01356123,-0.0750408,-0.011066308,0.005215125,-0.030950362,-0.00018650242,-0.026293615,-0.006442731,-0.019127915,0.00032753008,-0.0044225818,0.0764855,-0.00015030343,-0.00059680286,-0.0001865024,-0.0048255604,0.121657625,0.0020113462,-0.0005056453,-0.0006693551,-0.00339286,-0.0043362817,-1.8301875e-05,-0.0039002623,-0.0006172679,0.01203441,-0.0013620305
SLAMF8,2.0348258e-05,-0.0013102532,-0.0019358444,-0.004599984,0.014090798,-0.00096019666,0.0003953164,-0.010151118,-6.7651386e-06,-0.00840228,-0.0020466265,-0.0056169913,8.51732e-06,-0.000792211,0.00421569,-5.516701e-05,-0.00019614938,-6.129665e-05,-0.0017025118,0.0029766418,-0.00017133748,-0.00025298313,-0.00023445876,-0.0005414166,-0.0014833751,0.0057321424,0.013441978,-0.00022986194,0.0003934546,-0.00052408414
ATP1A2,0.0042423303,-0.00022767513,-0.00033026334,-0.000755854,-0.002612274,-0.00022102609,-0.00017904399,-0.0016755087,-9.677997e-06,-0.0014485553,-0.0004057515,-0.0010459577,-1.1613624e-05,-0.0002777588,-0.0011386195,-8.710196e-06,-3.0969713e-05,-9.677992e-06,-0.00026880612,-0.0016924479,-4.7422298e-05,-9.145745e-05,-3.701837e-05,-0.00021751317,-0.00023420861,0.0012751754,0.007940291,-3.6292506e-05,-0.00036099265,-8.2747436e-05
PEA15,0.0005882598,0.0018215394,0.000105868654,-0.008813881,0.12754837,0.015535566,-0.0029706878,-0.035951067,-0.00014173175,-0.026001126,-0.0071594305,-0.022759471,-0.00012643209,-0.005446999,-0.01835921,-0.00014495794,-0.00024541997,-0.00016695926,-0.0055010263,-0.018922053,7.190093e-05,-0.0013380345,-0.0006484097,-0.0028588357,-0.0046365047,3.2085132e-05,0.020175964,-0.0008806763,-0.0057507074,0.002943846
SLAMF7,0.0009284825,-0.004370494,-0.0068890285,-0.017217532,-0.062560655,0.017629234,0.0024366935,-0.040024832,-0.00012635096,-0.0344541,-0.0066882884,-0.024325877,0.00044467786,-0.0046469285,0.04628299,-0.00016799587,-0.00077183073,-0.0001683442,0.003939649,0.11173734,0.0025442308,0.0021298267,0.0046269065,-0.0039034253,-0.0056092176,0.0019797396,-0.0010493078,-0.0001337114,0.01239973,0.006028706
CD244,-0.00012462426,-0.0043257386,-0.006647585,-0.014579542,0.02754626,0.014961871,-0.001316944,-0.031575438,-0.00018044238,-0.028800366,-0.0076730317,-0.015118785,-9.9455e-06,-0.0048583653,0.010255842,-0.0001372418,-6.0383598e-05,-0.00020388802,-0.0022940824,0.069186926,0.0012513356,0.0021534024,-0.0006783422,-0.0036051609,-0.004731939,-0.00029956887,0.0009869908,-0.0006921329,0.0031571006,-0.0015858549
FCER1G,0.0005400758,-0.011495791,-0.016992154,-0.038070235,0.2726362,0.068423964,-0.009244664,-0.08664143,-0.00046050752,-0.07625911,-0.021032685,-0.050687876,-0.0005665944,-0.01462565,-0.057237092,-0.00027753474,-0.0013940306,-0.00011551384,-0.014110689,0.06236693,0.00089614,0.0039152214,-0.001968565,0.0030030569,-0.01096538,-4.279163e-05,0.0144236535,-0.0016941443,-0.017912865,0.0055899895
FCGR2A,-0.00025709774,-0.005664709,-0.0099725695,-0.024076052,0.29315314,0.033997327,-0.0059643704,-0.055399783,-0.000315079,-0.04851399,-0.013505223,-0.035068244,-0.0003966414,-0.009288636,-0.035372164,-0.0002680065,-0.0010470918,-0.00030446876,-0.0088851685,-0.046925783,-0.0013882598,-0.0027833823,-0.0011741287,-0.0028687513,-0.007851644,-0.00051838113,0.005541849,-0.0011603942,-0.01100886,-0.0027131108
FCGR3A,-0.00024320601,-0.006424265,-0.009650131,-0.022292322,-0.08373552,0.10564276,-0.004508272,-0.050940208,-0.00029384237,-0.043582585,-0.012347315,-0.031311825,9.387139e-05,-0.008247168,0.017184503,-0.00026960077,-0.00092777924,-0.0003182126,-0.007967023,0.17585862,0.0037445182,-0.0004581143,-0.0010765559,-0.0051360927,-0.0070302994,-0.0004810329,-0.007143995,-0.0010931921,0.005437747,-0.0024833097
FCGR3B,-3.9325307e-05,-0.0010572908,-0.0015336754,-0.0033581138,-0.013596888,0.051012676,-0.00069655903,-0.007103395,-4.4943354e-05,-0.0064271227,-0.001624175,-0.004621933,-5.3931686e-05,-0.0011534323,-0.0028995976,-4.0448675e-05,-0.00014381789,-4.4943357e-05,-0.0012482972,-0.0002951238,-3.4977413e-05,-0.00030817164,-0.00014190619,-0.00064247457,-0.0009381725,-7.415588e-05,-0.0011179552,-0.00016853702,-0.0014305738,-0.00017290754
FCGR2B,-0.00010849504,0.027801743,0.016212285,0.04533926,0.008382276,0.0058295936,-0.0027098688,-0.026174346,-0.00015999707,-0.022743216,-0.0061735017,-0.01653764,-0.00012373217,-0.0044213645,-0.016302971,-0.00014399797,-0.00047838286,-9.912232e-05,-0.004233996,-0.017751561,-0.00037057043,-0.0013939675,0.0018731821,-0.0029659956,-0.0038719596,-0.0002639969,0.028243806,-0.00057401496,-0.0048972247,-0.001182231
FCRLA,-2.78137e-05,0.03877187,0.028495466,0.09964081,-0.049024552,-0.0072095226,-0.0021980559,-0.019578809,-9.6206764e-05,-0.017340356,-0.0048070825,-0.012641399,-0.0001425763,-0.0034099587,-0.01352933,-0.000106932464,-0.00034321062,-0.000118814874,-0.0033000582,-0.020051373,-0.00058219145,-0.0011227895,0.00039081447,-0.0018952539,-0.002443264,-0.00019604298,-0.0028899347,-0.000445551,-0.0041841217,0.00038637884
SH2D1B,-0.00011124624,-0.003170121,-0.0047285594,-0.010709894,-0.060384165,0.0056812596,-0.0026301916,-0.024900455,-9.716978e-05,-0.021504287,-0.006152625,-0.015636096,-7.625677e-05,-0.0042166556,-0.015307656,-0.00012491412,-0.00045311646,0.000114923685,-0.003947141,0.1727468,0.0045139897,0.008123782,-0.0005358025,-0.0026177028,-0.003547232,-0.00024596835,-0.0035155627,-0.00055902026,-0.00475451,-0.0012544424
NUF2,-4.6079505e-05,-0.00075628253,-0.000782846,0.0006642073,-0.015784377,-0.0022524209,0.0003037296,-0.0026535848,0.0036047834,0.0006635349,-0.00068777695,-0.00047442073,0.0020216794,0.00053114805,0.0004315912,-4.7396457e-05,0.00035931944,-5.2662403e-05,-0.0011044334,0.007062781,0.00924108,0.0009359194,0.0006034224,-0.0011835917,-0.00014620057,-9.006024e-06,-0.0006615741,9.955828e-05,0.00031058004,-0.00019066765
PBX1,-4.1942065e-05,-0.0010364479,-0.0011471708,-0.0034228326,-0.014474159,-0.0022665123,-0.00077206624,-0.003511774,-4.7934172e-05,-0.0030647693,-0.0016588457,-0.0030069838,-5.7520716e-05,-0.0010922033,-0.0039423984,9.4337105e-05,0.0061157914,0.00011876846,-0.0012032978,-0.0058124308,-8.516938e-05,0.0007493747,-0.00018334725,0.043193094,-0.0008740271,0.00017297956,-0.00083882234,-0.00017975263,-0.0014479762,-0.0002758257
DUSP27,2.0437395e-16,1.5981516e-15,1.6606042e-14,-2.1549611e-14,2.5107295e-14,2.4138931e-15,-1.5705217e-15,-1.0097652e-14,1.2961957e-15,1.570083e-14,8.301266e-15,4.8997116e-15,1.1749308e-15,4.024763e-15,-2.6068642e-15,6.3241894e-16,1.858224e-15,1.2773371e-15,-8.7012425e-15,1.3440438e-14,-7.247819e-15,3.4822513e-15,-7.693245e-16,-1.0968652e-15,-7.5872733e-16,-2.7176031e-15,-5.126014e-15,1.525294e-15,1.1664226e-14,-5.74703e-15
CD247,-0.00036566544,-0.008933745,-0.012547692,-0.03225653,-0.18041772,-0.026793476,0.0068113594,0.01650532,0.00024295387,0.0070333974,0.0020604706,-0.0053638504,0.0002240015,-0.00032305304,0.029938597,-0.00028021695,-0.0012896792,-0.00018388411,0.003312419,0.19964312,0.0047120308,0.003082047,-0.0016021611,-0.0077191074,0.0030218146,-0.0007122939,-0.01072544,0.0006941267,0.015817747,-0.0035843796
CREG1,-6.925612e-05,-0.0063863173,-0.008447987,-0.02126153,0.24647322,0.009772573,-0.0047641913,-0.040597755,-0.00024763332,-0.036655076,-0.010785947,-0.025985066,-0.00034126354,-0.0069051557,-0.030631453,2.7304615e-05,0.0012016871,-0.00023582137,-0.0062239505,-0.044144608,-0.0012349812,-0.002350567,-0.0008177983,0.00072588003,-0.0058195065,0.0004989694,0.0074195894,-0.00096766214,-0.009424182,-0.0018210491
Z99943.1,-6.315702e-06,-0.00016979997,-0.00024631058,-0.0005637179,0.0041901516,-0.0004567119,-0.00013353054,-0.0012495917,-7.21783e-06,-0.0010803336,-0.00030260845,0.001035183,-8.661399e-06,-0.00020715356,-0.0008491839,-6.4961346e-06,-2.3097284e-05,-7.2178277e-06,-0.00020047768,0.0013106059,-3.536748e-05,-6.820918e-05,-2.7608578e-05,-0.0001622212,-0.00017467275,-1.1909485e-05,-0.0001795444,-2.7067017e-05,-0.0002692272,-6.171275e-05
XCL2,-0.0001447752,-0.0036328086,-0.0050992058,-0.01171064,-0.0660455,-0.00967194,-0.0008036067,-0.02719102,-0.00012608137,-0.023541216,-0.0056282645,-0.016943011,2.1263768e-05,-0.0016703486,0.029034827,-0.0001489104,-0.0004947588,0.0003130943,-0.0038805017,0.122397326,0.0043652807,0.024538718,-0.00060685235,-0.0028576243,-0.0037558721,-0.0002730037,-0.0039049317,-0.00052204303,0.009321039,-0.0013378728
XCL1,-8.316301e-05,-0.0020808699,-0.0030322222,-0.006989965,-0.037832294,-0.0056378506,0.00033813837,-0.015599477,-9.5044255e-05,-0.011910581,9.9540324e-05,-0.0096536195,0.00015997408,0.0008972198,0.019568484,-8.5539206e-05,-0.0003041379,0.0011857674,-0.0022747316,0.04651034,0.0014231795,0.030144848,-0.0003093973,-0.0016092296,-0.0016962466,-0.00015682066,-0.0022040608,-0.00021142549,0.0021664018,-0.00072744663
ATP1B1,0.00023720987,-0.0019217794,-0.0009426308,-0.0075762677,-0.0003248459,0.0068718214,0.00039718306,-0.012180058,2.3595207e-05,-0.008507815,0.0006169119,-0.007432237,0.00036095406,-0.0013426935,0.000601446,-9.3949326e-05,0.0035631089,0.00027559485,9.381284e-05,-0.0030167014,0.0005244144,0.0028059597,-0.00010579445,-4.9045047e-05,-0.00092551025,0.0009028184,0.028334396,-0.00030964348,-0.00025000414,-0.0006302148
F5,-0.0001435719,-0.0035733439,-0.005438065,-0.012122797,0.15126438,-0.009218665,-0.0029144844,-0.018888876,0.00040694897,-0.0071308855,-0.005750783,-0.016472084,-0.00019689888,-0.003365091,-0.01810933,-0.00012195058,-0.00048346398,-0.00016408224,-0.0042192,-0.027100652,-0.0007489934,-0.0014419188,-0.00058375724,-0.0031278539,0.0015103535,-0.00027073474,-0.0039289403,-0.00037138726,-0.0059521846,-0.001342213
SELP,-4.413376e-05,-0.0009673786,-0.0016125916,-0.0031626245,-0.011803566,-0.0029949478,-0.00075850554,-0.0071913735,-2.319226e-05,-0.005714539,-0.002026692,-0.0046839183,-6.052648e-05,-0.0012046784,-0.005025295,-4.5394907e-05,0.00039359284,4.9691265e-05,-0.0013198011,-0.0076025277,-0.0002471494,-0.00030515928,-0.00016916057,0.05752106,0.0024704477,-8.3224026e-05,-0.0011478014,-0.00018914658,-0.0017247765,-0.00032643022
DNM3,-4.4473953e-05,-0.00036471352,0.00030874813,-0.0032265102,-0.013223156,-0.0022522053,-0.0008615392,-0.0050226334,-1.8273224e-05,-0.004175981,-0.0012824761,-0.0033786749,-6.0993112e-05,-0.00084346277,-0.0045476654,-4.5744913e-05,0.0005799137,-5.0827744e-05,-0.0014117353,-0.005347943,-7.191628e-05,-0.00031666513,-0.00017101815,0.048896607,-0.0007677335,-3.5952413e-05,-0.000832326,-4.6286026e-05,-0.0010892376,-0.00029513944
TNFSF4,0.00021296758,-0.0008098736,-0.0015066057,-0.0022041372,-0.015209626,-0.0024333447,-0.00021973273,-0.0072241235,-5.0800903e-05,-0.0059501734,-0.0014755122,-0.004027202,-3.011749e-05,-0.0007685671,-0.0032212662,-4.572105e-05,0.0012136663,0.0001996324,-0.0010298929,-0.0058369795,-0.00024892396,-0.00014261964,-0.0001943142,0.054697953,-0.00086151296,-8.382131e-05,-0.0009788605,-0.00019050366,-0.0015094954,-7.038488e-05
RALGPS2,-1.964762e-05,0.04623318,0.053917747,0.1305721,-0.06856072,-0.010226807,-0.004320558,-0.020484293,-0.00020733055,-0.02339266,-0.007226924,-0.013059076,-0.00027486362,-0.0048724166,-0.023828441,-0.00018403569,-0.00012207075,-6.704651e-05,-0.004648949,-0.029624363,-0.0006762789,-0.0011145724,0.0015180811,-0.004322282,-0.004903822,-0.00019917528,-0.0045193937,-0.00032779993,-0.005543312,0.00048584124
IER5,-8.996113e-05,0.0023830766,0.0035710866,-0.009242964,0.1768906,0.06075088,-0.0042385743,-0.063811935,-0.00022919553,-0.039699934,-0.008840154,-0.03913494,-0.00029896203,-0.008357341,-0.02373121,-0.00029206194,-0.0009267532,-0.00022597925,-0.0027431927,-0.022193458,-0.00040180725,-0.0008313521,-0.0011455421,-0.006094723,-0.0074872356,0.00017796042,0.007373487,-0.0008467178,-0.008428853,-0.0018545613
GLUL,0.00020293269,-0.0073331734,-0.009839994,-0.022327043,0.24543276,0.026463127,-0.0028353825,-0.053286918,-0.00028822361,-0.035707507,-0.01261311,-0.038994025,-0.0002930784,-0.008909508,-0.023148548,6.1591654e-06,0.00067643885,-0.00034068248,-0.0084610265,-0.032452594,-0.0003378654,-0.002802249,-0.0011635033,0.006905287,-0.008062094,-0.0005591458,0.0012063403,-0.0014005179,-0.008268441,-0.0014677098
NCF2,-7.3749514e-05,-0.0076927184,-0.011102015,-0.027488116,0.35005224,0.04374759,-0.006875722,-0.06552192,-0.00035721157,-0.056151815,-0.0152295325,-0.041502364,-0.00046016418,-0.011267623,-0.043731235,-0.00018584188,-0.0012724708,-0.0004002047,-0.010827962,-0.06463484,-0.0017662164,-0.003598271,-0.0012296556,-0.006363923,-0.009297321,-0.0005618887,0.01115111,-0.0013766462,-0.01373117,-0.00225039
C1orf21,-0.00013281405,-0.004752609,-0.0072017713,-0.016485704,-0.08515402,-0.013535457,0.011070102,-0.03760425,-0.00013275625,-0.03242417,-0.0077080335,-0.023008311,0.0006638833,-0.005903678,0.058740504,-0.00016255988,0.001136779,-0.0002249176,-0.0034005372,0.15708683,0.0045615635,0.0028108656,-0.0007993022,-0.0015718696,-0.005084943,0.0006811576,-0.0048479177,-0.0007809171,0.016017243,-0.0018527437
IVNS1ABP,-0.0001418142,-0.0042272615,-0.00742809,-0.018170077,0.12843695,-0.009146047,-0.002683973,-0.03355442,-8.366946e-05,-0.01665421,-0.004101768,-0.021723595,2.980441e-06,-0.004676876,-0.0139129255,-0.00019631308,-0.00035379254,0.00011470688,-0.0013541214,0.0210967,0.001091127,-0.00033493654,-0.001023881,-0.0031603405,-0.0033473426,-0.00020481952,0.0010331955,-0.00072161295,-0.0031160323,-0.0014575894
PTGS2,-0.00014323898,-0.00418632,-0.006306442,-0.01404029,0.19865875,-0.0027666634,-0.0033766264,-0.032350644,-0.00020202866,-0.027904231,-0.007829526,-0.020309877,-0.00017166522,-0.005390858,-0.021132596,-0.00013718002,-0.00052635564,-0.00020202855,-0.00520033,-0.031756233,-0.000886213,-0.0018538276,-0.0007660061,-0.003232343,-0.0044962494,-0.00029623383,0.005661158,-0.000652084,-0.006767547,-0.001436819
RGS18,0.00011441435,-0.0055264994,-0.007768163,-0.01780062,0.13383758,0.031021936,-0.0041136085,-0.039945062,-0.00022367475,-0.034383148,-0.009513083,-0.0251699,-0.00028959656,-0.0066808374,-0.025933942,-0.00010611971,-0.00017571192,-9.71928e-05,-0.0056573534,-0.03911635,-0.0011060964,-0.0021251747,-0.0008725629,0.06788765,-0.005778728,0.00047149445,0.0071725305,-0.00091788167,-0.007457001,0.00025308403
AL136987.1,0.00044353228,-0.00027399563,-0.00096562965,-0.0022099768,-0.0012090039,-0.001656549,0.00017449335,-0.002347237,0.00012881853,-0.0013897484,-0.00088777987,-0.0025972393,-3.3956305e-05,-0.00014448812,0.0026284421,-2.5467134e-05,-9.054949e-05,-2.8296734e-05,-0.0004795929,-0.00019769408,-0.00013865382,3.403645e-05,-0.000108234744,-0.0006359682,0.0006412852,-4.668945e-05,0.003983541,1.7001375e-05,-0.00041549542,0.007831088
RGS1,0.00021823573,0.0020977182,-0.0017061117,-0.0012818101,-0.034820605,-0.007212187,5.9198617e-05,-0.011337173,0.0005419633,0.0101885535,0.0063716117,-0.0102165025,0.0001915332,0.0010627935,0.022808552,-0.00012869737,-0.0003433811,-5.671488e-05,-0.00093394733,0.00074096373,0.00025795132,0.0013775666,0.00010991755,-0.0015554526,0.009785067,0.00057053455,0.0045964965,0.0007031038,0.0006863558,0.007224199
RGS13,-2.0703766e-05,0.004419068,0.0017725314,-0.0018479619,-0.009140672,-0.0014971774,0.00021296414,-0.0013973026,-2.3661401e-05,-0.0030502537,-0.0004427108,-0.0025572157,0.0004362089,-0.00016527044,0.00046408782,-2.1295406e-05,-7.5716525e-05,-2.3661478e-05,-0.0006571963,0.007442653,-0.00011594117,-0.0002236004,0.0047168666,-0.0005317896,-0.0005726093,0.0001856136,0.00016138837,-8.873033e-05,-0.00021693451,0.0028591373
RGS2,9.1256625e-05,-0.00029251404,-0.008638817,-0.02015148,0.27267897,0.015543716,-0.005311142,-0.06302623,-0.00037262595,-0.045443706,-0.00976245,-0.039487705,-0.00033212182,-0.008272587,-0.03061266,-0.0002117743,-0.0010420737,-0.00026054966,-0.0003709945,-0.03182097,-0.0012890331,-0.0028123588,-0.0011729966,-0.0059522917,-0.008494914,-0.00011488388,0.0057734046,-0.0011275308,-0.008441007,0.0007286553
ASPM,-4.5273002e-05,-0.0008245004,-0.0003171349,-0.002879657,-0.009646113,-0.0020878639,-0.00044399494,-0.0065786135,0.0068115084,-0.0041223527,-0.0014132749,-0.0030622263,0.004137083,-0.00088401017,-0.0014648876,-4.6566314e-05,0.00014537969,-5.174054e-05,-0.0007755694,-0.0010861297,0.021793207,9.839964e-06,0.0042042346,-0.0009657795,-0.00039135976,-8.537124e-05,0.0002747036,0.00020794466,-0.0011565228,0.00074507925
PTPRC,-0.00067170395,-0.008761051,-0.023948584,-0.03407523,0.019501612,0.029127145,0.0064179967,-0.026089955,9.347362e-05,-0.0102414135,0.00045655997,-0.031389944,0.00028366392,-0.0025605147,0.059304673,-0.0010475606,-0.0033575192,-0.00021723582,0.0016298936,0.070976794,0.0010501723,0.0009762181,-0.0055077514,-0.038686655,-0.001341922,-0.0012560181,-0.0063006924,-0.00047233552,0.014237765,-0.008129885
KIF14,-3.1394135e-05,-0.00035379134,-0.0012243747,-0.0023412923,0.0061743995,0.00033235506,-0.00044586664,-0.0034995633,0.0049223877,-0.003785152,-0.0015042259,-0.0029567212,0.003223017,-0.0010297276,-0.0033301967,-3.2291122e-05,0.00045709495,-3.587892e-05,-0.0006491656,-0.005131016,0.011636242,-0.00014847229,0.0018573981,-0.00058088556,-0.0006130597,0.00015479248,9.52304e-06,-0.0001345459,-0.0010673325,0.00012776688
IGFN1,-4.3718438e-07,-1.1753891e-05,-1.7050275e-05,-3.902168e-05,-0.00021134625,-3.161444e-05,-9.243133e-06,-8.64992e-05,-4.996306e-07,-7.47834e-05,-2.0947324e-05,-5.3998287e-05,-5.9956636e-07,-1.43396e-05,-5.878237e-05,-4.4967356e-07,-1.5988351e-06,-4.9963006e-07,-1.3877508e-05,-8.73734e-05,-2.4481863e-06,-4.7215385e-06,0.00080324657,-1.1229296e-05,-1.2091291e-05,-8.243952e-07,-1.2428471e-05,-1.8736444e-06,-1.8636303e-05,-4.271834e-06
BTG2,-1.3743408e-05,0.0028835444,-0.002947642,-0.00041522412,0.15794206,0.0032699842,-0.005728665,-0.028241012,-0.0003980812,-0.0067918864,-0.0036593322,-0.033311486,-0.00062137767,-0.0047380384,-0.026105622,-0.00041241237,-0.0010655965,-3.158836e-05,0.0011765758,-0.02766807,-0.0014654511,-0.0010902669,-0.00043880925,-0.012090239,-0.0039446806,0.00014599573,-0.0024092703,-0.0013541586,-0.0042923326,0.0038169292
PPP1R15B,-7.621472e-05,-0.002528616,-0.0042855595,-0.007845391,0.13197394,0.0017430458,-0.0022544595,-0.02919029,-0.00016091572,-0.019770406,-0.0039132177,-0.019420829,-8.621931e-05,-0.0039228112,-0.012280901,-0.00021719871,-0.0005475645,-0.000116692834,-0.0021895939,-0.012517644,-9.319417e-05,-0.0003015573,-0.00020655512,-0.0052293497,-0.004207497,-0.00010227505,0.0016010469,-0.0003953969,-0.0027022047,-0.0007551582
TMCC2,-3.1339892e-05,-8.3460676e-05,-0.00016099341,-0.0014489924,-0.0114184795,-0.0018918552,0.001636718,-0.0045683626,-3.5817135e-05,-0.004074219,-0.00089867134,-0.0010776378,-4.2980235e-05,-0.0007266663,-0.0011808932,0.00176826,0.0006690523,-3.581709e-05,0.0011297938,-0.0036325974,-0.00017550372,-0.00033847024,-4.9899194e-05,0.028880509,-0.0006993929,-5.9098093e-05,-0.0008909487,-0.00013431381,-0.0002230591,-0.0002049942
RAB7B,0.00079705886,-0.00059198495,-0.0008587259,-0.0019653235,0.008858947,-0.0012013812,-0.00046553672,-0.004356543,-2.5164178e-05,-0.0031844135,-0.0010550042,-0.0023574799,-3.0196901e-05,-0.00072221085,-0.0023518796,-2.2647571e-05,0.0004616902,-2.5164145e-05,-0.00069893175,-0.0034530137,-0.00012330433,-0.00023779953,-9.625215e-05,-0.0005655621,-0.00060897146,0.015289299,0.00083865004,-9.436559e-05,-0.0009386166,-0.000215152
RHEX,0.0014180429,0.014929505,0.009963714,0.0063305106,-0.023450455,-0.003644292,-0.0010461615,-0.009126924,-6.292694e-05,-0.0044389213,-0.0015837965,-0.0060305013,-7.551169e-05,-0.0016653008,-0.0059801713,-5.663412e-05,0.005179103,5.1142233e-05,-0.0012412248,-0.009559815,-0.00030833937,-0.00021508212,0.002002396,-0.001414278,-0.0010521809,0.0016383884,-0.0012668261,-0.00023597507,-0.0022192043,0.03316189
AC244035.1,-2.1277071e-06,-5.7205474e-05,-8.2981074e-05,-0.00018991478,-0.0010285971,-0.0001538652,-4.498597e-05,-0.00042098502,-2.4316787e-06,-0.00036396142,-0.00010194834,-0.00026280247,-2.9180187e-06,-6.9789356e-05,-0.00028608713,-2.1884862e-06,-7.781411e-06,-2.4316794e-06,-6.7540495e-05,0.0034933563,-1.191519e-05,-2.2979268e-05,-9.301182e-06,-5.465236e-05,-5.884682e-05,-4.0123246e-06,-6.0488135e-05,-9.118774e-06,-9.0702e-05,-2.0790969e-05
IL10,-4.0202493e-05,-0.0007842633,-0.0008548626,-0.0029100066,0.03728462,-0.0015500709,-0.0006259175,-0.0075693843,0.00031675203,-0.0057514943,-0.00016702511,-0.0042333114,-5.5134795e-05,-0.0013186453,-0.0031772016,-4.135103e-05,-0.00014702682,-4.5945544e-05,-0.000748217,-0.006886692,-0.00022513524,-0.0004341885,-9.887002e-05,-0.00071666145,-0.00081750803,-7.5810814e-05,0.0007735922,0.0024306749,-0.0011379542,-0.00039283565
CD55,-2.8881464e-05,-0.0015168708,-0.0029312116,0.007520907,0.16488512,0.022829087,-0.007294044,-0.021193676,-0.00023032249,-0.03234212,-0.011269202,0.0019624233,-0.00040504138,-0.0034582794,-0.03957025,-0.0002589762,-0.0010250206,-0.00013200959,-0.006941955,-0.043194912,-0.0010438614,0.00070468907,-0.0005854078,-0.0073999623,-0.00819427,-0.00025075919,0.0018959986,-0.00097374705,-0.008543514,-0.0010137784
CR2,-5.9105714e-05,0.009747387,0.007659568,0.045511786,-0.027417282,-0.0042742,-0.0009372126,-0.0021008723,-6.7549685e-05,-0.004416687,-0.0022084336,0.004598624,-8.105973e-05,-0.00048069583,-0.0071562077,-6.0794442e-05,-0.00021615926,7.1151415e-05,-0.0006739535,-0.011082083,-0.00033099263,-0.00063834526,6.8977615e-06,-0.0014020484,-0.0016347057,-0.0001114567,-0.0015191095,-0.00025331147,0.00010429482,-0.0005775501
CR1,-0.00019071624,0.002451807,0.012404637,0.0037203862,0.14552277,0.0016622331,-0.0038812282,-0.032693703,-0.00020505063,-0.010937174,-0.005951566,-0.020891719,-0.00022562178,-0.0031323,-0.023298873,7.4454096e-05,-0.000634934,-7.1733775e-05,-0.0033006,-0.03524928,-0.0009577372,-0.0020168568,-0.00036340213,-0.0038600368,-0.0049510426,-0.00033911725,-0.004500429,-0.0007756438,-0.00559119,-0.0018156958
CR1L,-1.1123685e-05,-0.00029907082,-0.00043382653,-0.00047514122,0.003277967,-0.00041526783,-0.0002351875,-0.00220092,-1.2712928e-05,-0.0019027973,-0.00053298514,-0.0013739439,-1.5255427e-05,-0.00036485834,-0.00091770757,0.0013783837,0.00028832818,-1.2712922e-05,-0.00035309783,-0.0022231592,-6.2293155e-05,-0.00012013648,-4.8626753e-05,0.008341544,-0.00030765214,-2.0976124e-05,-0.00031623212,-4.7673304e-05,-0.00047419037,-0.00010869509
CD34,-2.1410935e-05,-0.00032021408,-0.000589601,-0.0019110631,-0.007368101,-0.00104681,-0.0001707054,-0.003963817,-2.4469364e-05,-0.0036624777,-0.0005175997,-0.0021340102,-2.936335e-05,-0.00070227403,-0.00097541994,-2.2022394e-05,0.02913467,-2.4469362e-05,-0.0002964138,-0.0027209183,2.8978056e-05,-0.00023123618,-9.359546e-05,-0.00054995215,-0.0005921616,-4.0374827e-05,-0.00025904688,-9.176076e-05,-0.00091271143,0.00010840985
G0S2,-0.0002680258,-0.005559136,-0.008380926,-0.017696345,0.25372967,0.010911002,-0.004531473,-0.044512346,-0.00023432811,-0.039478887,-0.010584756,-0.028958557,-0.00028720786,-0.0076619335,-0.026495485,-0.0002085621,-0.0009530393,-0.000258519,-0.007324328,-0.038253635,-0.0012325627,-0.0020287263,-0.0010048028,-0.0017119865,-0.006775693,-0.00036773394,0.0012919089,-0.0009272438,-0.008101296,-0.002134563
SYT14,-1.372345e-06,-3.6895537e-05,-5.3520616e-05,-0.00012249158,-0.00066342356,-9.924037e-05,-2.9014931e-05,0.0022558966,-1.5683596e-06,-0.00023475061,-6.5753295e-05,-0.00016950128,-1.8820595e-06,-4.5012355e-05,-0.00018452358,-1.4115698e-06,-5.018871e-06,-1.5683596e-06,-4.3561373e-05,-0.0002742663,-7.6851275e-06,-1.4821257e-05,-5.9991626e-06,-3.524886e-05,-3.7954993e-05,-2.587797e-06,-3.901433e-05,-5.8815276e-06,-5.85003e-05,-1.3409715e-05
NEK2,-1.868322e-05,-0.0003423879,-9.603081e-05,-0.0016676162,-0.004939114,-0.0010020443,-2.0053063e-05,-0.002046399,0.0040687323,-0.002506831,-0.0008951946,-0.0016371215,0.0019432353,-0.00034858563,0.0029082827,-1.9216972e-05,0.0001151841,-2.1352413e-05,-8.555719e-05,0.00073788385,0.005415778,-0.000201779,0.0013294007,0.0002018805,-0.00051672437,-3.5231176e-05,-0.00037152728,0.0002681776,-3.4573244e-05,-0.00018256165
DTL,-2.9314775e-05,-0.0005626346,-3.0881015e-06,0.00019885495,-0.011088333,-0.0018530204,-0.00061979843,-0.005340408,0.0050099874,-0.003802091,-0.001404597,-0.0031572327,0.004463949,-0.0006422716,-0.0021741316,-3.015247e-05,0.001294188,-3.3502405e-05,-0.0009305359,-0.003006693,0.024154946,-0.00031660023,0.001860134,-0.0004150057,-0.00062757125,4.4362598e-05,0.00011360716,-0.00012563475,-0.0006909393,-0.00028644732
ATF3,-7.2476534e-05,-0.0031691515,-0.0047413846,-0.011547004,0.13509789,0.024703477,-0.0029173805,-0.028113803,-0.00017167436,-0.023620592,-0.006487521,-0.017587105,-0.00020600688,-0.0046960013,-0.01762911,-0.00012225272,-8.535171e-05,9.246142e-06,-0.004078422,-0.025727678,-0.0005110776,-0.0012845579,-0.0004584839,-0.0017585903,-0.0041545033,-6.86904e-05,0.004485425,-0.00064377615,-0.005389221,0.0009454256
BATF3,-2.5327088e-05,-0.003634907,-0.004837693,-0.011571689,0.06494908,0.073247075,-0.0028806515,-0.02663765,-0.00016732125,-0.022656908,-0.005755269,-0.016789611,-0.00020078407,-0.00441585,-0.017371414,-0.00015058761,-0.00041505913,-0.00016732134,-0.0041952985,-0.026458362,-0.00078656746,6.2460815e-05,-0.0005201017,-0.0023914904,-0.0037182684,0.0050897864,0.020023342,-0.00058813853,-0.00574982,-0.0012860106
CENPF,-7.142781e-05,-0.00073302706,-0.00085805485,-0.0024347184,-0.024691297,-0.002771974,-0.00071472384,0.010886774,0.004479996,0.00049198925,-0.0021025166,0.0015231541,0.0034427254,-0.0008855693,-0.004363982,-5.9213933e-05,0.0005878078,-8.163129e-05,-0.0014666155,-2.925185e-05,0.017585998,0.00087385,0.002191778,-0.0006684905,0.0004589568,-0.00013469184,0.00024115306,0.00018182721,-0.000955186,7.626725e-05
ESRRG,-4.7763992e-06,-0.00012841717,0.0033340948,0.002465251,-0.00039184355,-0.00034540196,-0.00010098688,-0.000477567,-5.458776e-06,-0.00081703754,-0.00022885755,-0.00058995426,-6.5505033e-06,-0.00015666659,-0.00064222363,-4.912865e-06,-1.7468104e-05,-5.4587767e-06,-0.0001516173,-0.00095459685,-2.6747868e-05,-5.158531e-05,-2.0879834e-05,-0.00012268631,-0.00013210208,-9.006937e-06,-0.00013578654,-2.0470332e-05,-0.00020361214,-4.667218e-05
MARC1,-0.00012774872,-0.0030355381,-0.004613839,-0.0102996,0.16405848,-0.0075723804,-0.0027009817,-0.024606014,-0.00011203022,-0.020865137,-0.0058754277,-0.015283725,-0.00017519813,-0.004108447,-0.016681712,-3.344694e-05,-0.00046719649,-0.00014599967,-0.0038909942,-0.024677258,-0.0007153914,-0.0013796857,-0.00048776183,-0.0027016217,-0.0034579302,-0.00024089779,-0.0034023677,-0.00054749334,-0.004660223,-0.001193035
TLR5,-0.00012822334,-0.004040892,-0.0056486023,-0.013178094,0.15665688,0.006920718,-0.003108558,-0.025883164,-0.00015759561,-0.021029862,-0.00684319,-0.016295409,-0.00021017458,-0.004473517,-0.018502543,-0.00010678636,-0.0005604698,-0.00017514688,-0.0044625998,-0.029171962,-0.0007564612,-0.0015138789,-0.00066993065,-0.0022394566,-0.0007544076,-0.00028898942,0.0048193187,-0.0004968256,-0.0062026973,-0.0014974929
RHOU,0.0002480523,-0.0042643943,-0.0053494303,-0.013507748,0.14659412,0.0038909933,-0.00024041157,-0.02900808,6.383591e-06,-0.021316553,-0.003323883,-0.018324941,3.7044734e-05,-0.0046310443,-0.00828102,-7.7901845e-05,-0.0005020963,-0.00012663195,-0.002073962,-0.027369428,-0.00050629943,-0.0012282598,-0.00061561406,-0.0014793139,-0.0040615695,-0.00019861125,0.0012106231,-0.00064571155,-0.0039636125,-0.00089109724
TMEM78,-4.3057707e-06,-0.0001157638,-0.0001679247,-0.00038432103,0.0024797644,-0.00031136547,-9.1035516e-05,-0.0008519246,-4.92089e-06,0.00060291594,-0.00020630726,-0.00053181977,-5.905005e-06,-0.00014122768,-0.000578941,-4.4287417e-06,-1.574671e-05,-4.9208884e-06,-0.0001366774,0.0011685496,-2.4112067e-05,-4.650235e-05,-1.8822328e-05,-0.000110595836,-0.00011908547,-8.119401e-06,-0.00012240706,-1.8453055e-05,-0.00018354814,-4.2073232e-05
IRF2BP2,0.00063193234,-0.004546101,-0.008289795,-0.02289346,0.20314099,-0.005296938,-0.0039766133,-0.040132355,-0.00025117554,-0.015056765,-0.0049827206,-0.025862573,-0.0003719737,-0.003905802,-0.0206985,-0.00029064403,0.0012166229,5.5166267e-05,-0.004367403,-0.03361815,-0.0014013362,-0.0010852882,-0.0012221894,-0.008305725,-0.005379569,1.410509e-05,0.007190516,-0.0006443458,-0.006617634,0.0069473432
LYST,-0.00025072668,-0.0041374816,-0.0045717577,0.0023236733,0.22243847,0.050681736,-0.0063973744,-0.0719453,-0.0002602778,-0.06134913,-0.015456555,-0.04215057,-0.00015413424,-0.010561726,-0.012914292,-0.00034705282,-0.0013100489,-0.0003742529,-0.007485666,-0.01296994,-0.00025955847,0.0012030994,-0.0017477807,-0.006480513,-0.009088417,-0.00074947486,0.0027785818,0.00053916697,-0.005557676,-0.0034454647
AL591686.1,-2.1277608e-06,-5.7206715e-05,-8.2982064e-05,-0.0001899193,-0.0010286225,-0.00015386904,-4.498728e-05,-0.0004209884,-2.4317408e-06,-0.00036396354,-0.00010194942,-0.00026280814,-2.9180376e-06,-6.979095e-05,-0.00028608783,-2.1885826e-06,-7.781362e-06,-2.4317408e-06,-6.754033e-05,-0.0004252493,-1.1915355e-05,-2.297944e-05,-9.301221e-06,0.0038639777,-5.8847934e-05,-4.012264e-06,-6.04891e-05,-9.118838e-06,-9.0704154e-05,-2.0790938e-05
CNST,-0.000110368295,0.0012603548,0.00073671376,0.004315879,-0.051997665,-0.005559604,-0.0010353955,0.019977914,6.414668e-05,0.015570374,0.0049570235,0.005395115,3.2525655e-05,0.0010173486,-0.007329935,-0.000173758,0.00031740367,5.8647816e-05,-0.0012866266,-0.0091377115,-0.0002906083,-3.4278262e-05,-0.0005273097,0.021610847,0.0046034674,-0.00015721352,-0.0029373257,0.00033508745,0.0006375304,-0.00031265736
NLRP3,-0.00017789012,-0.0059138644,-0.008777982,-0.019288886,0.2668113,0.0076043,-0.005008321,-0.045525014,-0.00024731146,-0.0381214,-0.010548252,-0.02871235,-0.00033199167,-0.007541531,-0.029002655,-0.00020018373,-0.00079992035,-0.00023185821,-0.0071849274,-0.043854915,-0.0012630667,-0.0024195998,-0.0010029221,-0.0040020226,-0.0065961415,-0.00023213051,0.0046565775,-0.0009925709,-0.009143695,-0.0019512604
GCSAML,-1.395224e-05,-0.00037511607,-0.0005441405,-0.0012453453,-0.0027444859,-0.00057974964,-0.00029499072,-0.0023668928,-1.5945456e-05,-0.00194627,-0.0006685112,-0.0009330611,-1.9134435e-05,-0.00045763428,-0.0015117043,-1.4351002e-05,0.009197568,-1.5945458e-05,-0.00044288603,-0.002392272,-7.813291e-05,0.00015685329,-6.0991508e-05,0.008719298,-0.00038588044,-2.6309937e-05,-0.0001491843,-5.9795413e-05,-0.00059476506,-0.00013633401
TRIM58,5.796428e-05,-0.0013875781,-0.0017942154,-0.0022463978,-0.0062369774,-0.0020912595,-0.0009524676,-0.010373636,-6.8866786e-05,-0.008845718,-0.0026345646,-0.0069075054,-8.264039e-05,-0.0019764823,-0.006719296,0.0014065907,0.0025357015,9.288879e-05,-0.0018329194,-0.010103343,-0.00033744815,-0.00038178122,-0.0002295811,0.06650539,-0.0015870845,-4.8182646e-05,-0.0008988016,-0.00025825124,-0.0023570966,-0.00024622103
TPO,-1.9417048e-05,-0.0005220406,-0.0007572621,-0.0013930601,-0.0075110244,-0.0011992378,-8.196958e-05,-0.0017573826,-2.2190907e-05,0.024346706,-0.00065651466,-0.0020752787,0.00015048559,9.7370044e-05,-0.0017673722,-1.9971882e-05,-7.101088e-05,-2.2190921e-05,-0.00041513436,-0.0033281785,-0.00010873503,-0.0002097046,-8.4880565e-05,-0.0004987405,-0.0005370207,-3.6615133e-05,-0.00039898866,-8.32159e-05,-0.0008277232,-0.00018973163
CMPK2,5.312934e-05,-0.002363593,-0.0038726928,-0.008332657,0.07487613,0.01408071,-0.0019233664,-0.0173202,-3.2127664e-05,-0.012111002,-0.0033134178,-0.0120379925,3.713914e-06,-0.0028626723,-0.012432959,-1.9627745e-05,0.00034109424,-9.1575836e-05,-0.0028752561,-0.010667342,0.0006642341,-0.00048196607,-0.0005362906,0.0008380196,-0.002684182,-3.686726e-05,0.0075017405,-0.00033135753,-0.0032113243,-0.00082019274
RSAD2,-9.434108e-05,-0.002136862,-0.0028352842,-0.0064528477,0.048822638,0.014686205,-0.001584199,-0.011499884,-9.728388e-05,-0.009572053,-0.0029788287,-0.0073893014,8.557911e-05,-0.002047979,-0.008229594,3.425044e-05,0.00060908357,-6.660266e-05,-0.0020821313,-0.0014086824,9.8130346e-05,2.2820841e-05,-0.0004897059,-0.0007878814,-0.002702552,-0.00016065575,0.001553481,-0.00022203964,-0.0022710091,-0.00080252986
LINC01871,-0.00023630747,-0.005124221,-0.0075611253,-0.017047688,-0.099315,-0.015084206,0.012727484,-0.028564515,-1.7033739e-05,-0.007710487,0.0066485126,0.00631063,0.00092007505,0.012116285,0.06507812,-0.00021363683,-0.0007481237,-0.00022067336,0.024542978,0.04971822,0.0009219877,0.0029578616,-0.0009548339,-0.002901275,-0.0058675883,-0.000406116,-0.006280751,-0.0007539716,0.01923969,-0.0021743814
ID2,-0.00038481818,-0.013535031,-0.020066751,-0.045286585,0.096134916,0.015354741,0.0065353443,-0.06508857,-0.0004541855,-0.05541977,-0.003709945,-0.02442344,8.226258e-05,-0.0019264943,0.01621242,-0.000423378,-0.0014083635,0.00015908606,0.014780148,0.08766978,0.0015453924,0.0060463883,-0.0023631619,-0.008484497,-0.014067744,0.0016716716,0.011405133,-0.002277549,0.006200641,-0.0044775177
ASAP2,0.00041055,-0.0012881887,-0.0017867335,-0.0038962096,0.004610028,-0.0018469989,-0.0010130247,-0.008568465,-5.4758544e-05,-0.00774854,-0.0022957285,-0.005548573,1.2283302e-05,-0.0012497962,-0.0058153323,-4.9282105e-05,8.265655e-05,-5.4758544e-05,-0.0014190546,-0.00904247,-0.00017852988,-0.0005174645,-0.0002094499,0.042611424,-0.0013251422,0.00038455823,0.004514833,-0.00020534337,-0.0018725219,0.0033599157
CYS1,-4.005797e-06,0.00047272164,-0.00015622638,-0.00035754582,-0.0008436208,-0.00028967642,-8.4694744e-05,-0.00079257495,-4.578081e-06,-0.0006852257,-0.00019193633,-0.0004947697,-5.4937027e-06,-0.00013139074,-0.0005386088,-4.1202643e-06,-1.464983e-05,-4.5780785e-06,-0.00012715618,-0.00080058974,-2.243244e-05,-4.326262e-05,-1.7510994e-05,0.005601239,-0.00011078956,-7.5537973e-06,-0.00011387929,-1.7167804e-05,-0.00017076172,-3.914262e-05
RRM2,-4.9000344e-05,-0.0009745662,-0.00081035955,-0.0030014454,-0.016840775,-0.0027145855,6.401927e-05,-0.00661078,0.0062657758,-0.0053250706,-0.0017932334,-0.003585021,0.0040369676,-0.00078173383,-0.0024236748,-5.0400286e-05,-3.7433008e-06,-5.6000135e-05,-0.0010101878,0.012500486,0.021583525,-0.00014615267,0.0034749825,0.001159121,-0.0010989966,-9.2401184e-05,-0.000866356,-2.79023e-05,-0.00039946096,-0.00042306026
AC007240.1,-3.0057741e-05,-0.0004255989,-0.0011722553,-0.0026828726,-0.013763514,-0.0020637843,-0.0002124664,-0.0059471577,0.001848456,-0.0051416038,-0.0012160888,-0.00371257,0.0016083075,-0.00078325404,-0.002083871,-3.0916515e-05,8.604331e-05,-3.4351797e-05,-0.0009541173,0.022097204,0.018292733,-0.00032462474,0.00052281347,-0.0007720554,-0.0008313159,-5.668059e-05,-0.0005127205,-0.00012881898,-0.0012813212,-0.00029370814
C2orf48,-2.9028448e-05,-0.00047154125,-0.0011321125,-0.0020167667,-0.012197949,-0.0017873702,-0.00013068263,-0.005743497,0.0016372196,-0.004330652,-0.0011384735,-0.0030829727,0.0006922835,-0.00095213734,-0.0016900037,-2.985791e-05,-0.000106160995,-3.3175165e-05,-0.00092144456,0.021009348,0.014633948,-6.442564e-05,0.00080567156,-0.0004030152,-0.0008028443,-5.47393e-05,-0.00082523806,-0.00012440732,-0.000582437,-0.00012759755
ODC1,4.401843e-05,0.01194125,0.017447544,0.017909968,-0.0649243,-0.0036312984,0.001782205,-0.01547111,0.0004947169,-0.0016764643,-0.0011739945,-0.00913964,0.00065455603,0.00013597842,0.008820907,-4.3561224e-05,-0.00019076435,-0.00015920858,-0.0006611858,-0.015069415,9.003782e-05,-0.0013879727,0.0014626303,0.050042205,0.00066806027,0.0004997754,-0.0017953778,-0.00016418286,-0.0013186369,0.0048132907
RN7SL832P,-4.273111e-05,-0.000134785,0.00017309883,0.0012457976,0.0077343974,-0.00095973857,0.00019611324,0.00031790443,0.0001033522,-0.0010906828,-0.00062142755,-0.0010645697,3.0736668e-05,-0.0005315433,-0.0013620574,-4.395183e-05,0.00029365328,-4.8835256e-05,-0.0013564035,-0.0030046161,-0.00023929334,-0.000102803366,0.0001492348,-0.0010975722,0.00057597266,-1.2182588e-05,0.00022673313,9.611375e-06,0.00028609674,0.00037043617
PDIA6,0.00031281283,-0.0008804179,-0.0013690438,-0.009341784,0.020558411,0.010025509,0.0013708572,-0.046994332,0.0007256236,-0.005728652,0.00028391357,-0.029536756,0.0006679386,-0.0018251579,0.009815019,-0.00034182757,0.00054712105,-5.421433e-05,0.0028866585,0.039084405,0.0027301419,0.0009976943,0.0057286187,-0.009622235,-0.004439229,0.0008279665,0.0057645463,-0.0009258358,0.003909332,0.004822853
LINC00570,-1.0791705e-05,-0.00029014255,-0.0004208761,-0.00096323946,-0.0021606719,-0.0007803942,-0.0002281675,-0.0021352149,-1.23333975e-05,-0.0018459979,-0.00051707483,-0.0013329247,-1.4799972e-05,-0.00035396774,-0.0014510166,0.0130858645,-3.9467e-05,-1.2333408e-05,-0.00034256082,-0.0012998543,-6.043363e-05,-0.00011655063,-4.7175115e-05,-0.00027719283,0.0008616026,-2.0349984e-05,-0.0003067915,0.0016582618,-0.00046003627,-0.000105450345
MIR3681HG,-1.921466e-05,0.011699331,0.008215953,0.0029298011,-0.008290604,-0.0011188209,-0.0004062534,-0.0033360925,-2.1959519e-05,-0.0031075308,-0.0009206591,-0.0023732884,-2.6351347e-05,-0.0006302403,-0.0020058316,-1.9763578e-05,0.00014087344,-2.1959555e-05,-0.00060993026,-0.00045703328,6.814977e-05,0.00019695464,5.493295e-05,0.0005769738,-0.000531422,-3.623333e-05,1.6766067e-05,-8.234881e-05,0.00030349166,-0.00018775502
MYCN,-1.3945811e-05,-0.0003749437,-0.0005438887,-0.000787746,-0.0058349255,-0.0010084889,-0.00029485542,-0.0027592923,-1.5938154e-05,-0.0019563045,-0.00066820614,-0.0017225107,-1.9125724e-05,-0.00045742307,-0.0018751204,-1.4344209e-05,0.020209525,-1.5938132e-05,-0.00044268224,-0.0024107934,-7.809705e-05,-0.00015061564,-6.096306e-05,0.001865535,-0.0003857031,-2.6297857e-05,-0.0003964609,-5.9768245e-05,-0.00059449056,0.00089373696
FAM49A,0.00014089161,0.00020216242,-0.0018097969,-0.015696237,0.20240676,0.044613477,-0.005127281,-0.054056536,-0.00029337435,-0.047468703,-0.012848542,-0.033787478,-0.00034236716,-0.008921631,-0.024259083,-0.00020242811,-0.000905175,-0.00032980586,-0.0082323635,-0.018016765,-0.00054116873,-0.0008544132,-0.0005521535,-0.005390385,-0.0075597465,-0.0002549373,0.009279725,-0.0011822779,-0.008278143,0.00026828842
SMC6,0.00054270204,0.015971499,0.013164443,0.03336789,-0.02376878,-0.0010819028,-0.00021020469,-0.021977616,0.000588472,-0.009092592,-0.002171188,-0.012238594,0.000785254,-0.0017546616,0.00021781836,-0.00014340902,-0.0002905077,0.00011280049,-0.002324524,0.0043495446,0.0026478036,-0.0005192853,0.00041606437,-0.0040078526,-0.0015650414,-0.00015718024,-0.00053419126,0.00021084704,0.00054825575,0.00891408
SDC1,-7.737795e-06,-0.00020803577,-0.00030177445,-0.0006906542,-0.0037406767,-0.0005595548,-0.00016359946,-0.00045922218,-8.843197e-06,-0.0013236082,-0.00037075192,-0.000184711,-1.0611822e-05,-0.00025380016,-0.001040402,-7.958902e-06,-2.8298218e-05,-8.8432125e-06,-0.00024562038,-0.0015464578,-4.3331736e-05,-8.356829e-05,0.011685897,-0.00019875095,-0.00021400597,-1.4591338e-05,0.00046814448,-3.3162112e-05,-0.0003298524,-7.560934e-05
RHOB,-0.00017645303,0.0032481267,0.0031244773,0.006276388,0.15763745,0.041231453,-0.0030428036,-0.043142643,-0.00028087202,-0.036979113,-0.009904412,-0.025636187,-0.00027359306,-0.005867282,-0.016573146,-0.00017711158,-0.00056458364,-0.00014909735,-0.006892644,-0.037567668,-0.0012561519,-0.0016463135,6.252061e-05,-0.0050702025,-0.0059411842,-0.0003494974,-8.894901e-05,-0.0009482322,-0.006957238,-0.0020952392
OTOF,-3.7915346e-05,-0.0010193884,-0.0014787036,-0.0032272106,0.014549996,0.002435231,-0.00022199843,-0.006304097,0.0003151715,-0.0018168269,0.00089744397,-0.0040989798,-5.199841e-05,0.0010664508,0.0024397818,-3.8998627e-05,-0.00013866196,-4.3332235e-05,-0.0008712946,0.00027187334,-0.00021232707,-0.00040948673,-0.00016574479,-0.00097388704,4.477294e-07,-7.149809e-05,-0.00022252456,-0.00016249508,-0.00016122857,-0.00024777208
CENPA,-2.3392033e-05,-0.00023733985,-0.0005249785,-0.0020878979,-0.004260265,-0.0007218659,-0.0004945737,-0.0033272938,0.0057492787,-0.0021789582,-0.0011208131,-0.002563572,0.0025471868,6.918688e-07,-0.00047863091,-2.4060439e-05,-8.554768e-05,-2.673369e-05,-8.731517e-05,-0.0035835647,0.011596029,-0.00025263336,0.0026662487,-0.00060083804,-0.00031768295,-4.411068e-05,0.00092151394,0.00022391135,-0.0006769507,1.4218905e-05
LTBP1,-4.3270342e-05,-0.0010938616,-0.0016875463,-0.0034640203,-0.01338993,-0.002817218,-0.00046423124,-0.008407577,-4.945192e-05,-0.0071995393,-0.0019711815,-0.0051462403,-5.9342157e-05,-0.0011007132,-0.005045971,-4.450652e-05,-4.9132894e-05,-4.945191e-05,-0.0012728963,-0.0074847373,-0.0001458863,-0.0003794986,-0.00018915389,0.06628161,-0.0011967367,-8.159548e-05,-0.0011381512,-0.00018544547,-0.0017602245,-0.00036398444
RASGRP3,-5.0951985e-05,0.019152053,0.03057917,0.06745523,-0.037765037,-0.005727508,-0.0012958188,-0.014757575,-7.073972e-05,-0.011000118,-0.0030125342,-0.009271012,-8.0341895e-05,-0.0026307628,-0.009144547,-5.8535225e-05,-0.00024704647,0.00012689958,-0.0026312869,-0.015655687,-0.00033176772,-0.00059721177,0.0059553906,-0.0014506315,-0.0019166296,0.0002467659,-0.0012402036,-0.00041208058,-0.003453879,-0.0007133
QPCT,-0.00017599411,-0.0040327567,-0.0064008413,-0.014848607,0.21679729,-0.009214462,-0.0035351452,-0.033708535,-0.00020113717,-0.02878563,-0.007819564,-0.020706417,-0.0002413646,-0.005692684,-0.022278067,-1.6525773e-05,-0.0006436375,-0.00020113704,-0.0054788967,-0.033584826,-0.00095173734,-0.0018527736,-0.00055767444,-0.0038187495,-0.0047726342,-0.00012806762,0.0022245266,-0.0006307048,-0.0072013396,-0.0015420826
CDC42EP3,-0.0003158181,-0.005699519,-0.0071659978,-0.026678666,0.17473958,0.015650546,0.0017302623,-0.058185723,-7.994568e-05,-0.024345139,-0.003125578,-0.031732917,-0.00012044032,-0.0050657513,0.00025396704,-0.00017134522,-0.00080182205,-0.00020874078,0.0009588976,-0.004522668,-0.00010905213,-0.0013278533,-0.0008937111,-0.006696183,-0.005657852,-0.00022308977,-0.0049863136,-0.000578528,-0.0013702697,-0.0032702507
CYP1B1,-0.0001996492,-0.0049321055,-0.0074222637,-0.016311293,0.24433243,-0.004227802,-0.003930706,-0.037581544,-0.00022817128,-0.03231434,-0.008940525,-0.023548486,-0.00027380438,-0.0062386445,-0.024875306,-0.0001067187,-0.0007301467,-0.00015811167,-0.006038104,-0.03703702,-0.0010915602,-0.002059859,-0.0008667481,-0.0037181356,-0.0053657875,-0.00037647987,-0.005060976,-0.00079267577,-0.0080624595,-0.0018422388
SLC8A1,0.00018160904,-0.0063451547,-0.009355063,-0.021068227,0.23046316,0.051437225,-0.0050291964,-0.0479496,-0.00027538376,-0.041169856,-0.011487912,-0.030027801,-0.00034262883,-0.007877642,-0.032367006,-0.00019057714,-0.0008367521,-0.00028552514,-0.0077769565,-0.04720903,-0.0013656543,-0.0025529885,-0.0010234851,-0.005190233,-0.006559048,0.0009028536,0.01651843,-0.0010707167,-0.010114046,-0.002032524
AC019129.2,-2.8135819e-05,0.00015518682,0.000813772,-0.0006821696,0.0029241336,8.1148086e-05,-0.00016280131,-0.00016070495,6.3102096e-05,9.4833864e-05,-0.00017286195,-0.0017718151,0.00016831853,-0.00042878673,-0.0005016666,-2.893976e-05,-0.00010289681,-3.215528e-05,5.409964e-05,5.497004e-05,6.928799e-05,0.00049993116,6.92008e-05,7.70339e-05,-0.00046984674,-5.3055952e-05,7.061246e-05,-0.000120581804,-0.0005685283,8.9319954e-05
RHOQ,-3.9263425e-05,0.0007635755,0.00401664,0.0051491964,0.21543957,0.026619012,-0.005282138,-0.059508074,-0.00027146935,-0.04895376,-0.013334296,-0.036142923,-0.00034018126,-0.009001158,-0.029480115,-0.00018379063,-0.0007597271,-0.0001865847,-0.0077822646,-0.020572009,-0.00071760284,-0.0016043588,0.0025311324,-0.0063653365,-0.008271169,5.7201847e-05,0.0054566865,-0.0012426943,-0.00930278,-0.0006919442
EPCAM,-7.2668413e-06,-0.00019537305,0.00040685385,-0.0006486175,0.00016435252,-0.000525498,-0.0001536412,-0.0014377912,-8.304986e-06,-0.0012430407,-0.00034818563,-0.00089755625,-9.965927e-06,-0.00023835326,-0.0009770852,-7.4744457e-06,0.0023484956,0.0024621093,-0.00023066917,-0.0014523333,-4.069423e-05,-7.84816e-05,0.001200508,-0.00018665378,-0.00020098033,0.002224445,0.00049321656,-3.1143518e-05,-0.0003097755,-7.100714e-05
LHCGR,-7.4169598e-06,-0.00019941056,-0.0002892626,-0.00066201924,-0.0035855921,0.013123478,-0.0001568179,-0.0014675112,-8.476559e-06,-0.0012687363,-0.0003553837,-0.00091610715,-1.017194e-05,-0.00024327665,-0.0009972691,-7.6289293e-06,-2.712506e-05,-8.476552e-06,-0.00023543698,-0.0014823371,-4.153515e-05,-8.010347e-05,-3.2423028e-05,-0.00019051072,-0.00020513305,-1.3986341e-05,-0.00021085558,-3.178728e-05,-0.0003161762,-7.247495e-05
EML6,-4.5891313e-05,0.012315744,0.02641696,0.0046082367,-0.01527543,-0.0005089618,0.00018192906,-0.0075903567,-5.2446838e-05,-0.0057847924,-0.0015565436,-0.0037930831,6.769369e-05,-0.0011548158,-0.0014373896,-4.7202437e-05,-0.00016783163,-5.244682e-05,-0.0014567269,-0.0068309396,6.228035e-05,-0.0004956264,0.0052424637,0.00022553121,-0.0010095228,-3.1070965e-06,-0.00077674154,-0.00019667772,-0.00043608545,-0.0004484236
CCDC88A,0.0010145342,-0.003986951,-0.010726778,-0.023204522,0.2611406,0.022187954,-0.005585529,-0.056379728,-0.0003493968,-0.047338262,-0.012842903,-0.034006126,-0.00028626318,-0.008759212,-0.033165894,-0.00025194229,0.00085879606,-0.00030899254,-0.00888783,-0.050534837,-0.000594382,-0.0025430624,-0.0004404524,-0.0069892025,-0.008079491,0.0020855288,0.027635202,-0.0013156037,-0.010213103,0.0118685225
CCDC85A,-1.1795724e-05,0.013884279,0.005134148,-0.00034896797,-0.0057023843,-0.00085299875,-0.00024939436,-0.0023338692,-1.3480884e-05,-0.0020177432,-0.00056518253,-0.0014569401,-1.6176902e-05,-0.00038689913,-0.0015860216,-1.2132631e-05,0.0011814088,-1.3480906e-05,-0.0003744293,-0.0023574547,-6.6055894e-05,-0.00012739374,-5.156428e-05,-0.0003029809,-0.00032623613,-2.2243466e-05,-0.00033533594,-5.055288e-05,-0.00050283346,-0.000115260766
BCL11A,0.0012557511,0.026552353,0.029163387,0.09842438,0.024331748,0.0036393537,-0.004370765,-0.04031421,-0.00024321832,-0.03578591,-0.0099843675,-0.025580833,-0.0003043316,-0.0069118734,-0.027804121,-0.00019860911,0.0024568448,-0.00019115626,-0.0063689095,-0.040941313,-0.0012167407,-0.002023438,-0.00063191407,-0.0044453596,-0.005731978,0.0008803185,0.012538322,-0.00095103146,-0.008577592,0.023334876
REL,0.00014293742,0.0065003885,0.008646068,0.035033066,0.14509784,0.027121512,-0.0041536186,-0.08238242,-0.00027922218,-0.05361779,-0.013607971,-0.046737727,-0.00012361002,-0.00939474,-0.0088014975,-0.0004930283,-0.0009905263,-0.00017751107,-0.0068319426,0.01695667,0.0004743211,0.0015813201,-0.0022559033,-0.011436521,-0.008619021,6.3557956e-05,0.01080262,-0.0012987502,-0.001868824,0.000650477
PELI1,-0.00022221857,0.0020821397,0.0048475713,0.002169975,0.1697058,0.014117452,-0.00391487,-0.03037177,-5.161547e-05,-0.023167381,-0.007085779,-0.024275873,-0.00015856246,-0.005243833,-0.025357854,-0.00018744935,-0.00063029135,-0.0002525179,-0.006527813,-0.042360097,-0.001051776,-0.00221775,0.00052653713,-0.0050715017,-0.0010439488,-0.0002456075,-0.0029817712,-9.484943e-05,-0.008724225,-0.0022101107
LGALSL,-4.503397e-05,-0.0011379693,-0.0010088735,-0.0034121086,-0.014441201,-0.0026753526,-0.00083394913,-0.008122256,-5.146736e-05,-0.006738406,-0.0019325874,-0.0052912636,-6.176079e-05,-0.0012914143,-0.0050484813,-4.6320918e-05,-0.00010996291,-5.1467374e-05,-0.0010347093,-0.008479328,-0.00025219016,-0.0004112692,-3.5967307e-05,0.06698443,-0.0012455139,-5.0122984e-05,-0.0010899731,-0.00019300237,-0.001704759,-0.00018756204
MEIS1,4.2894415e-05,-0.0009878943,-0.0012544402,-0.0027417096,-0.012036321,-0.0020856042,-0.0006249212,-0.006817592,-4.1993215e-05,-0.006164374,-0.0016620734,-0.004434528,-5.0392035e-05,-0.0012052094,-0.0039669005,-3.7794114e-05,0.0045579392,0.00010437391,-0.0011663679,-0.0010776308,-6.3184234e-05,0.00019264362,-0.00016062388,0.04445086,-0.0010162366,-2.7950333e-05,-0.00030520596,-0.00015747505,-0.001566351,0.00030398174
CNRIP1,-1.8093122e-05,-8.855164e-05,-0.0007056331,-0.00084051053,0.0012725157,-8.907377e-05,-0.00038254255,-0.0018245005,-2.0677904e-05,-0.0030949719,-0.0008669235,-0.002234765,-2.4813442e-05,-0.0005934557,-0.0020418756,-1.8610039e-05,0.01641698,-2.0677933e-05,-0.00057432975,-0.0026237767,-0.0001013215,-0.00019540593,-7.9092824e-05,0.0004711923,-0.00050040486,-3.411852e-05,-0.00016101626,-7.7541954e-05,-0.00077128713,-0.0001767957
PLEK,0.0004052857,-0.0033246914,-0.007222742,-0.026946919,0.1963289,0.029136859,0.00056307705,-0.09400557,-0.00032621252,-0.079207346,-0.017438319,-0.059366975,4.241681e-05,-0.014465635,0.0133321155,-0.00035446472,-0.0005171451,-0.0005010106,-0.005295987,0.06599805,0.0018579259,9.073617e-06,-0.0013138335,0.005954179,-0.01345467,0.0007992099,0.0035327594,-0.0018090438,0.0021682733,0.0054230066
MXD1,-0.00014274461,-0.0067303665,-0.009776181,-0.020718373,0.25631738,0.012987311,-0.004238432,-0.05003118,-0.00019569193,-0.04128323,-0.011490816,-0.032445934,-0.00034895973,-0.0077051637,-0.028410839,-0.00021983638,-0.00052698184,-0.00010469016,-0.006719511,-0.028988216,-0.00043571682,-0.0017709627,-0.0007984862,0.00033349107,-0.0069856737,-0.000180398,0.002331747,-0.0010582267,-0.00916363,-0.0014995978
CLEC4F,-5.0265233e-05,-0.0013514181,-0.0013910035,-0.004486547,-0.00951758,0.06431959,-0.0010627501,-0.009095343,-5.7445865e-05,-0.008468556,-0.0024084286,-0.0055281394,-6.893521e-05,-0.0016487053,-0.00640275,-5.1701132e-05,-0.00018382698,-5.7445835e-05,-0.0015955645,-0.008415248,-0.00028148462,-0.00054286316,-0.00017179927,-0.0012910954,-0.00091792893,-9.478647e-05,0.0035829183,-0.00021542214,-0.0021427362,-0.00040282597
CD207,-1.0570384e-05,-0.0002841921,-0.00041224534,-0.0009434835,-0.0029240644,0.00020377545,-0.00022348754,-0.0020914285,-1.2080464e-05,-0.0018081445,-0.00050647167,-0.0013055905,-1.4496595e-05,-0.0003467077,-0.0014212609,-1.0872463e-05,-3.865755e-05,-1.20804825e-05,-0.00033553405,-0.0021125681,-5.9194095e-05,-0.00011416038,-4.6207842e-05,-0.00027150818,-0.00029234722,-1.9932757e-05,0.016012669,-4.5301796e-05,-0.0004506016,-0.00010328784
NAGK,0.00021760144,-0.0011355655,-0.0063467612,-0.014735263,0.21754308,0.03546999,-0.00486274,-0.048355184,-0.0002046645,-0.0398898,-0.009874275,-0.031203281,-0.00013392114,-0.007200089,-0.028327085,-0.00026703952,-0.0004403448,-0.00016316217,-0.0070440355,-0.039964017,-0.00036432888,-0.0021316425,-0.00061160524,-0.0065458366,-0.006284555,0.00044047018,0.010773405,-0.0011083313,-0.009222608,0.0019724057
AC005034.2,-3.2630194e-06,0.001186488,-0.00012725662,-0.00029124552,0.0014711153,-0.00023596187,-6.898869e-05,-0.00064560433,-3.7291218e-06,-0.00055815873,-0.00015634474,0.0012836391,-4.4749463e-06,-0.00010702638,-0.00043873387,-3.356209e-06,-1.1933243e-05,-3.729124e-06,-0.00010357652,-0.00065213465,-1.8272885e-05,-3.5240406e-05,-1.4263946e-05,-8.3812345e-05,-9.024463e-05,-6.153085e-06,-9.276226e-05,-1.3984266e-05,-0.00013909633,-3.1883905e-05
TRABD2A,-0.00023941138,-0.0056836586,-0.0075566387,-0.014320816,-0.11002068,-0.016622232,-0.0035725355,0.124064386,-3.8324928e-05,0.040117152,-0.00014567224,0.07613478,-0.00020982689,0.0035468275,-0.017121196,-0.000100097546,-0.0007689167,-0.000101272635,-0.0051290533,-0.044354364,-0.001262381,-0.002031372,-0.000977914,-0.004812481,0.001791918,-0.00041932333,-0.00522146,0.0004121794,-0.003320655,-0.0020370241
CAPG,0.00047022587,0.002683973,0.010472805,-0.0057193306,0.2519332,-0.0012335711,-0.005926188,-0.054982796,-0.00012519384,-0.034636587,-0.011334314,-0.03696279,-0.0003822281,-0.006230936,-0.038985047,-0.00017425136,-0.00023450419,-0.00011084724,-0.008915575,-0.057324722,-0.0014086567,0.000654355,-0.00063820387,-0.005907229,-0.0081887515,0.00018685864,0.019330053,-0.00087448827,-0.0122755375,0.006840157
MAT2A,0.0004532372,0.0012505964,-0.00042204832,-0.0022377928,0.07288787,-0.0022272058,-0.0018433011,-0.02082085,7.646211e-05,-0.017216958,-0.003859979,-0.012277734,0.000108818334,-0.0029851012,-0.009703443,-0.00015793652,0.0019315642,-0.00010554398,-0.0017879052,-0.013011073,0.0011006109,0.0003134556,-0.00019106064,-0.005846072,-0.0024631955,0.0010969895,0.019462805,-0.0004339513,-0.0030794188,0.0019881178
GNLY,-0.00028083168,-0.0063801627,-0.009430881,-0.020576691,-0.12430928,-0.01927368,0.015758896,-0.050702173,-0.0002915845,-0.041709837,-0.00945091,-0.03136858,0.00090280565,-0.0068301368,0.064960375,-0.00020494375,-0.0009821686,-0.00017027659,0.0050279493,0.21739234,0.005117517,0.012987733,-0.0011924587,-0.0021555617,-0.0073402384,-0.0005463738,-0.0079375515,-0.0011283142,0.022781128,-0.0026660834
CD8A,-0.0002092356,-0.005692028,-0.008117834,-0.018454157,-0.10516223,-0.01595142,-0.0032668866,-0.043245222,-7.605968e-05,-0.037082326,-0.010029129,0.084124275,0.0013868337,0.021352287,0.15958732,-0.00016198683,-0.0007078789,-0.00023323606,0.011344144,-0.0031696132,0.00015629336,-0.0012398007,-0.0009537755,-0.004224335,-0.0059084925,-0.00043297638,-0.006352459,-0.00090317597,-0.0042194338,-0.0021579522
CD8B,-0.00022181317,-0.0053273365,-0.007824588,-0.017773317,-0.09988075,-0.014978626,-0.0041998336,-0.038192775,-8.289255e-05,-0.035005458,-0.009616111,0.14635819,0.0010159038,0.026941506,0.12181356,-3.9210296e-05,-0.0006947046,-0.0002535005,-0.0012931405,-0.034953702,-0.00090388244,-0.0021273606,-0.0008519992,-0.0031053934,-0.0051264768,-0.00038713004,-0.0059198723,0.0005698628,-0.0059160874,-0.0020234713
AC133644.2,-3.9697683e-05,-0.0019981908,-0.0019132409,-0.0067320867,-0.037214674,-0.00570698,-0.0012157441,-0.0016746201,-4.2926287e-05,0.03969357,0.018148629,-0.0081303455,-6.197243e-05,0.011419722,-0.00412121,-5.1210038e-05,-0.00027467514,-0.00010188793,-0.002332788,-0.014974171,-0.00035263246,-0.00061777234,-0.0002401654,-0.0010807961,0.024109095,-0.00016811323,-0.0023625833,0.0013602223,-0.002514674,-0.00080801296
IGKC,0.0004909955,0.029092843,0.04312395,0.11130114,-0.06949335,-0.011354146,-0.002340943,-0.023026563,-0.00022239448,-0.022801057,-0.0056318697,-0.016578158,-0.00020368678,-0.004323729,-0.011983119,-0.00017473195,-0.0005713238,-0.000110693276,-0.003852147,-0.017146733,-0.00066837063,-0.0009258071,0.0089523,0.0021114287,-0.0032261382,-0.00038104056,-0.0051875724,-0.00052361155,-0.00399786,0.009652681
IGKV4-1,-2.6735668e-05,0.009039222,0.0029785717,0.016904056,-0.010457534,-0.0016870784,-0.0005652663,-0.004580619,-3.0554955e-05,-0.0041310014,-0.0012810165,-0.0029013527,-3.666603e-05,-0.0008769218,-0.0026828963,-2.7499296e-05,-9.777529e-05,-3.055494e-05,-0.0006436909,-0.003639348,-0.00014971853,-0.00028874463,0.0082886545,-0.00068672467,-0.0007394293,-5.0415896e-05,-0.0004284982,-0.00011458021,-0.000794533,-0.0002612456
IGKV5-2,-6.8999357e-06,0.0006752371,0.0020952015,0.0049566827,-0.0024532888,-0.00049896806,-0.0001458846,-0.0013651989,-7.885654e-06,-0.0011802826,-0.00033060703,-0.0008522432,-9.462796e-06,-0.00022631808,0.0017566292,-7.0970477e-06,-2.5234107e-05,-7.885661e-06,-0.0002190232,-0.0013790061,-3.863972e-05,-7.451966e-05,0.00031301286,-0.00017722978,-0.0001908322,-1.301138e-05,-0.00019615538,-2.957112e-05,-0.00029413373,-6.742265e-05
IGKV1-5,-1.6953549e-05,0.002121404,0.003988425,0.012875414,-0.0075007,-0.001225987,-4.5117064e-05,-0.003058098,-1.937551e-05,-0.0020096388,-0.0008123199,-0.0020940108,-2.3250646e-05,-0.00027207742,-0.0016715062,-1.743795e-05,-6.200142e-05,-1.9375495e-05,0.00037933083,-0.0016506077,-9.493927e-05,-0.00018309851,0.0033133037,4.2511667e-05,-0.00046888815,-3.1969532e-05,-0.0004819645,-7.265787e-05,-0.0007227064,-0.00016566
IGKV1-6,-5.6748245e-06,-0.00015257215,0.0007214791,-0.0005065179,-0.0021081024,-0.00041037076,-0.00011998221,-0.0006160838,-6.4855735e-06,-0.00097071414,-0.00027190588,-0.00019010578,-7.782659e-06,-0.00018613428,-0.00076301716,-5.836968e-06,-2.075371e-05,-6.4856017e-06,-0.00018013481,-0.0011341512,-3.177921e-05,-6.128791e-05,0.006167552,0.0012476032,-0.00015694911,-1.0701172e-05,0.000108590015,-2.4320607e-05,-0.00024191057,-5.545136e-05
IGKV1-8,-4.58851e-06,0.0008775296,-0.00017895263,0.0058339653,-0.0022182346,-0.00033181682,-9.7014716e-05,-0.000907881,-5.244075e-06,0.0004213618,-0.00021985793,-0.00056675565,-6.292815e-06,-0.00015050393,-0.00061696727,-4.719681e-06,-1.6781072e-05,-5.2440623e-06,-0.00014565361,-0.0009170568,-2.5696034e-05,-4.9556376e-05,-2.0058493e-05,-0.00011786042,-0.0001269059,-8.652717e-06,-0.00013044663,-1.9665356e-05,-0.00019560431,-4.483683e-05
IGKV1-9,-1.1372258e-05,0.0055946126,0.0033060503,0.008452142,-0.005184787,-0.0008223765,-0.00024044231,-0.0022500786,-1.2996847e-05,-0.0019453054,-0.0005448947,-0.0014046384,-1.5596164e-05,-0.00037301052,-0.0015290859,-1.1697198e-05,-4.158983e-05,-1.2996852e-05,-0.0003609875,-0.0022728208,-6.368463e-05,-0.00012282062,0.0014644973,-0.00029210484,-0.00031452425,-2.1444954e-05,-0.00032329754,-4.8738508e-05,-0.00048478408,-0.00011112357
IGKV3-11,-2.3012553e-05,0.004603247,0.004277963,0.016338209,-0.010294528,-0.0016641438,-0.00048655312,-0.0038743082,-2.6300006e-05,-0.0029275152,-0.0011026297,-0.002239207,-3.156031e-05,-0.0007548145,-0.0027766593,-2.3670205e-05,-8.416058e-05,-2.6300053e-05,-0.0004228533,-0.0042879125,-0.00012887083,-0.0002485364,0.00943383,-0.00059109606,-0.0006364647,-4.33951e-05,-0.0006542176,-9.862579e-05,-0.0009809992,-0.00022486667
IGKV1-12,-3.8255853e-06,-0.00010285357,-0.00014919719,0.0017585375,-0.0018493817,-0.00027664434,-8.088348e-05,-0.0007569128,-4.3720556e-06,0.00015586214,-0.00018329834,-0.0004725126,-5.2464493e-06,-0.0001254786,-0.0005143765,-3.934869e-06,-1.3990587e-05,-4.3720515e-06,-0.00012143423,-0.0007645651,-2.1423182e-05,-4.131631e-05,0.004118509,-9.82619e-05,-0.00010580466,-7.213955e-06,-0.00010875549,-1.63952e-05,-0.00016307851,-3.7381225e-05
IGKV3-15,-1.4498753e-05,0.004460337,0.004274308,0.012128924,-0.0066233044,-0.0010484656,-0.00030654494,-0.0024499665,-1.6570064e-05,-0.0024801071,-0.0006946952,-0.0017908063,-1.9884013e-05,-0.00047555912,-0.0019494621,-1.4912976e-05,-5.3023927e-05,-1.6570082e-05,-0.00014645206,-0.0023096597,-8.119289e-05,-0.00015658537,0.0013864861,-0.00037241128,3.1935244e-05,-2.7340522e-05,-0.00041217735,-6.2137435e-05,-0.0006180586,-0.00014167301
IGKV1-16,-7.825762e-06,0.0042305714,0.0026509117,0.004446204,-0.0037831988,-0.000565916,-0.00016545942,-0.0015483921,-8.943704e-06,-0.0013386575,-0.00037496685,-0.00096660096,-1.0732495e-05,-0.00025668612,-0.001052239,-8.049398e-06,-2.8620127e-05,-8.9437035e-06,-0.00024841356,-0.001564037,-4.3824508e-05,-8.451862e-05,0.0018366097,-0.00020101137,-0.00021643855,-1.4757234e-05,-0.00022247611,-3.35392e-05,-0.00033360167,-7.6468816e-05
IGKV1-17,-7.3134793e-06,0.0017474872,0.0018263924,0.003767323,-0.0035355622,-0.00052887766,-0.00015463079,-0.001447037,-8.358306e-06,-0.0005314391,-0.00035042176,-0.00090333115,-1.0030054e-05,-0.0002398846,0.00019790206,-7.522571e-06,-2.674665e-05,-8.3583045e-06,-0.00023215383,-0.0014616678,-4.0956023e-05,-7.8986224e-05,0.003060626,-0.00018785508,-0.00020227212,-1.3791277e-05,-0.00020791315,-3.1343705e-05,-0.00031176413,-7.146397e-05
IGKV3-20,-2.4120453e-05,0.0059045795,0.009213239,0.012752902,-0.010255628,-0.001597804,-0.00050997356,-0.0039662016,-2.7566224e-05,-0.004125978,-0.001155713,-0.0029792238,-3.307949e-05,-0.00079114584,-0.0032431595,-2.4809533e-05,-8.821211e-05,-2.7566184e-05,-8.91903e-05,-0.003915772,-0.00013507422,-0.00026050105,0.008765296,-0.0006195484,-0.0006671005,-4.5484423e-05,-0.0006857096,-0.00010337374,-0.0010282232,-0.00023569135
IGKV6-21,-8.22103e-06,0.0033032608,-0.00032061932,0.0068581807,-0.0039742705,-0.00059450156,0.0015968836,-0.0016265861,-9.395407e-06,-0.00055446476,-0.00039390425,-0.0010154117,-1.1274547e-05,-0.0002696499,-0.001105379,-8.455891e-06,-3.0065574e-05,-9.395405e-06,-0.0002609585,-0.0016430337,-4.603779e-05,-8.878633e-05,0.0013658103,-0.00021116219,-0.00022736857,-1.5502457e-05,-0.00023371157,-3.5232704e-05,-0.00035045,-8.033083e-05
IGKV2-24,-6.478101e-06,0.00023108588,0.0045261057,0.004014423,-0.0031316637,-0.000468457,-0.0001369648,-0.0012817256,-7.40353e-06,-0.0011081246,-0.00031039046,-0.0008001317,-8.884209e-06,-0.00021248052,-0.0008710174,-6.66316e-06,-2.3691326e-05,-7.4035343e-06,-0.00020563234,-0.0003166919,-3.6276924e-05,-6.9963186e-05,0.0011475645,-0.00016639347,-0.00017916433,-1.2215842e-05,-0.00018416229,-2.7763223e-05,-0.0002761502,-6.330023e-05
IGKV1-27,-7.862382e-06,0.0007295001,0.0024815022,0.004936802,-0.0031327114,-0.00056856516,-0.00016623386,-0.0015556354,-8.98562e-06,-0.0013449237,-0.0003767216,-0.00033334387,-1.0782728e-05,-0.00025788648,-0.001057155,-8.08706e-06,-2.8753922e-05,-8.985642e-06,-0.00024957667,-0.001571355,-4.4029683e-05,-8.4914274e-05,0.003772199,-0.00020195064,-0.00021745234,-1.4826305e-05,-0.00022351753,-3.3696204e-05,-0.0003351651,-7.682653e-05
IGKV2-29,-4.7164926e-06,0.0008613548,0.0005592732,0.0035616856,-0.001272433,-0.00034107242,-9.97203e-05,-0.00093319773,-5.390298e-06,-0.00080679567,-0.00022598816,-0.0005825601,-6.468318e-06,-0.00015470141,-0.00063416874,-4.8512893e-06,-1.7249029e-05,-5.3903095e-06,-0.00014971528,-0.00094262866,-2.6412341e-05,-5.0938645e-05,0.0016205421,-0.0001211472,-0.00013044545,-8.8939805e-06,0.0001893693,-2.0213552e-05,-0.0002010568,-4.6086938e-05
IGKV2-30,-1.0077208e-05,0.00030355985,0.0016005943,0.0070958175,-0.0035944788,-0.00025493835,-0.00021306046,-0.0011666795,-1.1516866e-05,-0.0017237763,0.00012403498,-0.0012446822,-1.382012e-05,-0.00033053273,-0.00017940653,-1.0365202e-05,-3.685378e-05,-1.1516883e-05,-0.00031987872,-0.0002889229,-5.6432265e-05,-0.00010883375,0.0018660503,-0.0002588409,-0.000278707,-1.9002784e-05,-0.00028648172,-4.3188084e-05,-0.00042957795,-9.8468816e-05
IGKV1-39,-1.3210126e-05,0.0010478686,0.0052935863,0.0048954193,-0.0063861627,-0.0007714251,-0.00027929925,-0.0026137186,-1.5097267e-05,-0.0022596845,-0.00063295395,-0.0009364247,-1.811671e-05,-0.0004332915,-0.0017762003,-1.3587628e-05,-4.8311485e-05,-1.50972855e-05,-0.00041932694,-0.0026401284,-7.397672e-05,-0.00014266993,0.0101058325,-0.00033931065,-0.00036535363,-2.4910614e-05,-0.00037554582,-5.6614455e-05,-0.0005631302,-0.00012908202
IGKV1D-33,-8.294095e-06,-0.00022299477,0.0015466324,0.0026784749,-0.0032931364,-0.000599788,-0.00017536111,-0.0016410439,-9.478971e-06,-0.0014187754,-0.00039740923,-0.0010244458,-1.13747865e-05,-0.00027204698,-0.0011152145,-8.531145e-06,-3.0332953e-05,-9.478966e-06,-0.00026327927,-0.0016576424,-4.6446974e-05,-8.9576e-05,0.009233599,-0.00021304165,-0.00022939248,-1.5640464e-05,-0.00023579116,-3.5546098e-05,-0.00035356544,-8.104503e-05
IGKV2D-30,-1.0274333e-05,0.0019196515,0.00035452034,0.005789329,-0.0049669165,-0.0007429778,-0.00021723006,-0.0020328483,-1.1742043e-05,-0.001757494,-0.0004922889,-0.0012690299,-1.4090557e-05,-0.00033699998,0.0010440972,-1.0567891e-05,-3.7574842e-05,-1.1742044e-05,-0.0003261388,-0.0020533998,-5.753613e-05,0.0022674405,0.0044157594,-0.00026390486,-0.00028415746,-1.9374547e-05,-0.0002920852,-4.403274e-05,-0.00043797874,-0.0001003956
IGKV2D-29,-6.31195e-06,0.00251901,0.00045243595,0.006466419,-0.0026815862,-0.00045644486,-0.00013345326,-0.0012488547,-7.2136377e-06,-0.0010797002,-0.00030243254,-0.00077961624,-8.656324e-06,-0.00020703182,-0.00084868586,-6.4922756e-06,-2.3083841e-05,-7.2136386e-06,-0.00020035975,-0.0012614923,-3.534705e-05,-6.816917e-05,-2.7592145e-05,-0.00016212711,-0.00017457022,-1.1902493e-05,-0.00017943986,-2.7051314e-05,0.00056868914,-6.1676605e-05
IGKV2D-28,-2.889541e-06,-7.768701e-05,0.0013320146,0.002585193,-0.0013968883,-0.00020895585,-6.109299e-05,-0.0005717152,-3.3023305e-06,-0.0004942792,-0.00013845041,-0.00035689978,-3.962784e-06,-9.4776646e-05,-0.0003885208,-2.9720936e-06,-1.0567464e-05,-3.3023343e-06,-9.172198e-05,-0.0005774949,-1.6181477e-05,-3.120705e-05,0.0010211888,-7.422009e-05,-7.991674e-05,-5.448844e-06,-8.2145525e-05,-1.2383714e-05,-0.0001231773,-2.8234783e-05
IGKV2D-26,-3.1822683e-06,-8.555636e-05,0.0014001112,0.0040524295,-0.0015383883,-0.00023012201,-6.728185e-05,-0.0006296275,-3.6368265e-06,-0.00054434355,-0.00015247385,-0.00039305276,-4.3641844e-06,-0.00010437768,-0.00042787523,-3.2731255e-06,-1.1637879e-05,-3.6368267e-06,-0.00010101335,-0.00063599297,-1.7820512e-05,-3.436805e-05,-1.3910976e-05,-8.1737955e-05,-8.801191e-05,-6.000771e-06,-9.046609e-05,-1.3638248e-05,-0.00013565422,-3.1094896e-05
IGKV3D-20,-2.0322232e-06,-5.46383e-05,0.00091928896,0.0006887447,-0.0009824437,-0.0001469599,-4.2967407e-05,-0.00040209448,-2.3225807e-06,-0.00034763126,-9.737257e-05,0.0007692556,-2.787038e-06,-6.665678e-05,-0.00027324556,-2.0902683e-06,-7.4321497e-06,-2.3225812e-06,-6.4509186e-05,-0.0004061559,-1.1380587e-05,-2.1948048e-05,0.0008449008,-5.219938e-05,-5.6205467e-05,-3.832221e-06,-5.7773173e-05,-8.709601e-06,-8.6631415e-05,-1.9858024e-05
IGKV1D-16,-6.0108596e-06,-0.00016160552,-0.00023442273,0.002010246,-0.002905801,-0.0004346688,-0.00012708522,-0.0011892781,-6.8695076e-06,0.00029129948,-0.00028800467,-0.000742425,-8.243421e-06,-0.00019715316,-0.0008081947,-6.182562e-06,-2.1982432e-05,-6.869517e-06,-0.00019080164,-0.0012013045,-3.3660235e-05,-6.491729e-05,0.0071775597,-0.00015439227,-0.00016624205,-1.1334787e-05,-0.00017087997,-2.5760868e-05,-0.00025623303,-5.873461e-05
IGKV1D-12,-4.561135e-16,8.062684e-15,-5.8242185e-15,6.8501235e-14,-6.2255986e-14,-3.32612e-15,2.9061446e-14,6.329452e-15,-3.541897e-15,-8.785449e-15,-1.379568e-14,-1.9156766e-14,3.6138224e-16,-7.0601107e-15,-2.1542592e-14,1.1016896e-15,-9.713463e-15,-3.7208336e-15,-1.8923448e-14,-4.0194126e-14,-5.7750986e-15,4.7786664e-15,-1.6904896e-14,3.5617203e-14,-2.8924613e-14,-1.5937659e-15,-4.6846367e-14,1.784851e-14,-8.855619e-15,1.8883099e-14
IGKV3D-11,-2.8953946e-06,0.0019655153,-0.000112920236,-0.00025843515,-0.00069443893,-0.0002093777,-6.1216786e-05,-0.0005728697,-3.3090146e-06,0.00093772187,-0.00013872978,-0.0003576201,-3.970814e-06,-9.4968535e-05,-0.00038930433,-2.978102e-06,-1.0588894e-05,-3.3090155e-06,-9.190745e-05,-0.0005786617,-1.6214091e-05,-3.1270083e-05,0.0011381,-7.437013e-05,-8.00783e-05,-5.459875e-06,-8.231151e-05,-1.2408778e-05,-0.00012342575,-2.8292205e-05
IGKV1D-43,-2.3496439e-06,-6.317188e-05,0.0016702276,0.0023557546,-0.001135887,-0.00016991427,-4.9678263e-05,-0.0004648964,-2.6853152e-06,-0.00040192305,-0.00011258136,-0.00029021493,-3.2223627e-06,-7.706851e-05,-0.0003159276,-2.4168028e-06,-8.593e-06,-2.6853145e-06,-7.458462e-05,-0.000469595,-1.3157965e-05,-2.5376316e-05,-1.0271349e-05,-6.0352362e-05,-6.498462e-05,-4.430788e-06,-6.679746e-05,-1.0069947e-05,-0.00010016302,-2.295957e-05
MAL,-0.00024659128,-0.006222596,-0.007799075,-0.021089181,-0.11889974,-0.017956086,-0.004957162,0.11902147,-0.00022991645,0.088320665,0.007167303,0.04884388,-0.0003330745,0.009314935,-0.026063759,-0.00016106771,-0.0008637465,-0.0001901722,-0.0076201553,-0.047402706,-0.0013212209,-0.00231787,-0.0010899781,-0.0053043235,0.0129680885,-0.0004829463,-0.0071227048,0.00034212106,-0.00587939,-0.0024245386
DUSP2,-0.00036218102,-0.0065508955,-0.011260556,-0.029616214,0.03167787,-0.010698292,0.0046658674,-0.06172941,-0.0002714658,-0.027814342,0.013990432,-0.03647865,8.909551e-05,0.00060476304,0.054447014,-0.00029918022,-0.0013410529,-0.00021886286,0.034850534,0.029119203,-5.7937017e-05,0.0071169967,-0.0015139863,-0.005391063,-0.007214615,0.00017132009,0.0043927375,-0.0006605446,0.02318806,-0.0028344407
NCAPH,-4.0506442e-05,-0.00029717103,-0.00020942526,-0.0025996172,-0.010948129,-0.0021459658,0.0006198737,-0.0059170774,0.003016573,-0.00024867975,-0.0007725702,-0.0039365063,0.0017747661,0.0010326563,0.008920506,8.4510175e-05,5.548671e-06,-4.6293128e-05,-0.00064154173,-0.0010913613,0.012438649,-0.00043747167,0.0011612041,-0.0006500488,-0.00053793367,0.00026048816,-0.00011231472,0.00028826698,0.0012885928,-0.0002589261
AFF3,0.0010479352,0.028386803,0.027945306,0.12639502,-0.061078627,-0.008649055,-0.0034468535,-0.013053433,-0.00010140744,-0.02291559,-0.0068724058,-0.018023396,-0.00022809833,-0.0051451977,-0.020493373,-0.00017107397,-0.00018922755,0.0002601313,-0.004329922,-0.03085186,-0.0008465123,0.0017489219,-0.00068621576,-0.0037133289,-0.0021195537,0.0005402698,0.011969834,0.0005839515,-0.005555569,0.009593245
IL1R2,0.00022809682,-0.0014290198,-0.0019728418,-0.0044539296,0.026732225,-0.0032934751,-0.0011237822,-0.009894831,-6.074478e-05,-0.0078895185,-0.0025467349,-0.0059106965,-7.289394e-05,-0.0017433759,-0.0067076087,-5.4670403e-05,-0.0001943833,-6.074478e-05,-0.0015268862,-0.010107892,-0.00029765096,-0.00042095495,-0.00023234973,-0.0013652366,-0.0012707855,0.00010706209,0.03838851,-0.00022779334,-0.002265772,-0.00033136172
IL18R1,0.0005670235,-0.0027067033,-0.004222044,-0.010759111,-0.06245287,-0.0094775455,0.0033743726,-0.020391539,0.0001862594,-0.001350401,0.010685748,-0.013964931,0.00033949467,-0.0029630663,0.013988287,-0.0001091965,-0.00037460634,0.00086628593,0.013445567,0.05624232,0.0011515298,0.014255286,-0.000514116,-0.0027526745,-0.0010369157,0.00033963964,0.0025741989,-0.00059053354,0.009490064,0.006160142
FHL2,-3.112586e-05,-0.00054939894,-0.001060665,-0.001695601,-0.011142381,-0.0015815061,-1.720395e-05,-0.0039901747,0.00041438546,-0.002672688,-0.001356447,-0.0017541527,8.96865e-05,-0.0003023769,0.0018054432,-3.2015163e-05,0.0015578201,-3.557242e-05,-0.0009880173,-0.0028500378,-0.00017430431,-0.00033615928,4.5579018e-05,0.02761763,-0.0003804423,8.7784385e-05,-0.00073373463,5.2435913e-05,0.00013450821,-0.00012131126
ST6GAL2,-4.779629e-06,-0.00012850377,-0.00018640465,-0.00042661754,-0.001700016,-0.00034563662,-0.00010105513,-0.0009456852,-5.462427e-06,-0.00081759127,-0.00022901258,-0.00059035275,-6.5549357e-06,-0.00015677178,-0.0006426545,-4.916216e-06,0.00817452,-5.4624347e-06,-0.00015171911,-0.0009552451,-2.6765985e-05,-5.1619965e-05,-2.0893824e-05,-0.00012276825,-0.00013219132,-9.0129715e-06,-0.0001358779,-2.0484113e-05,-0.00020374799,-4.6703863e-05
LIMS1,-2.6285903e-05,-0.005279168,-0.008786973,-0.023234503,0.07971018,0.021701895,-0.0043181786,-0.031336747,0.0009185105,0.03502616,0.003290386,-0.034489006,0.00012638784,-0.004909631,-0.024843346,-0.0002766411,0.0013662634,-0.00016292553,-0.004909354,-0.035769317,-0.0003824142,-0.0012995027,0.00020083894,0.046548486,-0.003026274,0.00014493754,0.0035017822,0.00045123213,-0.007660289,-0.002276554
BUB1,6.892222e-05,-0.0010084054,-0.00066007406,0.00012414865,-0.006602796,-0.0012756825,-0.0005804523,-0.0010871071,0.0044624107,-0.0023702097,-0.0004375943,-0.0003543349,0.00223,-0.00013600031,-0.0026909125,-3.8578586e-05,0.00024200357,-4.2865522e-05,-0.0005773992,-0.0041261017,0.009015142,0.00024817185,0.0040343516,0.0029979476,-0.00040109458,0.00010908926,-0.00068102055,0.00016759717,-0.0013013466,0.00067212846
MIR4435-2HG,-3.066176e-05,-0.0043195463,-0.006583668,-0.017614359,0.049804147,-0.0033811496,0.0051880917,-0.039512854,0.0012182588,-0.022999628,-0.006096692,-0.02381376,0.0010020145,-0.00524474,0.01676119,-4.3515112e-05,0.00079191756,-0.00021949732,-0.0052119573,0.034564987,0.0021238222,-0.0016073015,0.0014452604,0.02265093,-0.0029712054,0.00087602733,0.0026844752,-3.1006224e-05,0.0013792324,-0.00080888986
MERTK,-7.7746954e-05,-0.0019359612,-0.0029181128,-0.006535602,0.051671218,0.037799813,-0.0015153263,-0.013983849,-8.885287e-05,-0.01240536,-0.0033644834,-0.008961202,-0.00010662349,-0.0023355053,-0.009606625,-7.996816e-05,0.0007003037,-8.885288e-05,-0.0023041705,-0.014376091,-0.00019922719,-0.00059957104,-0.0003398638,-0.0007123718,-0.0019064888,-8.4454034e-05,-0.0018727758,-0.00033319904,-0.0027527784,-0.00068644155
CKAP2L,0.00015688234,-0.0006860251,-0.00094226445,-0.0020381701,0.00043497907,-0.0011395594,-0.00068419555,-0.005337175,0.00378445,-0.004884001,-0.00057507266,-0.003494846,0.0020251388,-0.0010614292,-0.0028729406,-3.3285134e-05,1.906449e-05,-3.6983536e-05,-8.7579974e-05,-0.0037524207,0.02410675,-9.9504665e-05,0.00096589106,-0.00083120837,-0.00089500035,-6.1022987e-05,-0.00044029852,-0.00013868888,-0.001085147,-0.00031621056
IL1A,-7.70122e-05,-0.001973807,-0.0027624976,-0.0059132124,0.08547529,5.6581215e-05,-0.0010042012,-0.014124912,-8.801446e-05,-0.012228817,-0.0032334044,-0.008660796,-0.00010561676,-0.0025259904,-0.008797752,-5.559935e-05,-0.0002816444,-8.801449e-05,-0.0024445946,-0.013513874,-0.00043126772,-0.0005812542,-0.0002731902,-0.0010819056,-0.0019934487,-0.00011842896,0.00090654806,-0.00033005228,-0.0030492374,-0.0007001542
IL1B,-0.00016497514,-0.004286993,-0.006075624,-0.014385415,0.21112727,0.0046850005,-0.0036266162,-0.03973002,-0.00023571985,-0.035866544,-0.008888438,-0.025931867,-0.00025283438,-0.0068750894,-0.019414231,-0.00020702284,5.770967e-05,-0.00019874841,-0.006626042,-0.028896548,-0.00091226056,-0.0017408862,-0.0009711414,0.0016083189,-0.006238119,-0.00041330472,0.0031826037,-0.0009900918,-0.0059741414,-0.0017587774
IL1RN,-0.00012521393,-0.004015265,-0.0057982644,-0.013377469,0.19230956,-0.0024707187,-0.0033561855,-0.031325705,-0.00019195727,-0.026909562,-0.0075601903,-0.01951047,-0.00018997655,-0.005091297,-0.020183655,-0.00010456471,-0.0006005265,-0.00015221673,-0.005212329,-0.030099297,-0.0008640443,-0.0016914041,-0.0006927353,-0.0030887858,-0.0044700624,-0.0002801495,0.0035482268,-0.0006689919,-0.0064493967,-0.001377474
DPP10,-6.008038e-06,-0.00016153087,-0.00023431364,-0.00053626014,0.0025289662,-0.000434467,-0.00012702674,-0.0011887368,-6.8663576e-06,-0.0010277178,-0.0002878703,-0.00074207614,-8.239543e-06,-0.00019706358,-0.0008078237,-6.179673e-06,0.0056095165,-6.866359e-06,-0.00019071314,-0.0012007453,-3.3645007e-05,-6.488676e-05,-2.6263686e-05,-0.00015431967,-0.00016616545,-1.1329443e-05,-0.00017079961,-2.5748783e-05,-0.00025611406,-5.8706846e-05
MARCO,-0.00011637468,-0.0039895605,-0.0054918425,-0.013124894,0.16154127,0.020658255,-0.0029145936,-0.028907226,-0.00017601426,-0.025656724,-0.007150082,-0.018363604,-0.00018211913,-0.004885606,-0.019678425,-0.00013313025,-0.0005632472,-0.00017601428,-0.0046465243,-0.02867983,-0.0008332905,-0.0014802237,-0.0006594777,-0.0028167777,-0.0041225036,-0.00024394854,0.0010679481,-0.00063525554,-0.0062681013,-0.0013720458
PROC,0.0045259953,8.5522384e-05,0.00021739861,-0.0026198712,-0.010268449,-0.0021225626,-0.00062058464,-0.0047964426,-3.3544995e-05,-0.004218742,-0.0014063778,-0.002954111,-4.0253988e-05,-0.00070628204,-0.0029083886,-3.0190486e-05,3.9455455e-05,-3.3545002e-05,-0.00022471098,-0.0051834574,-0.00016437033,7.638296e-06,-0.00012830956,-0.00055038126,-0.0004672825,0.0013017355,0.0006061283,-0.0001257934,-0.001251232,0.034070916
NCKAP5,-2.3749415e-05,-0.00017634228,0.00016117143,-2.8726464e-07,-0.011351719,-0.0017174263,-0.0005021339,-0.0046990095,-2.7142009e-05,-0.0038369833,-0.0011379382,-0.0023504735,-3.2570737e-05,-0.0007789857,-0.002637202,-2.4427985e-05,-8.685517e-05,-2.7141989e-05,-0.00075387605,-0.0047465153,-0.00013299736,-0.00025649377,-0.000103819286,-0.0006100236,-0.0006568409,0.010858075,0.026998034,-0.000101783284,-0.0010124029,-0.00023206646
AC011893.1,0.001984102,-4.1878564e-05,-0.0007098097,-0.0021980684,-0.012301107,-0.0014497233,-0.00059301924,-0.003937986,0.00023108225,-0.0034348974,-0.0013439099,-0.0026983595,4.7224614e-05,-0.0009199759,-0.0034556717,-2.8849458e-05,-0.00010257618,-3.2055035e-05,-0.0006069624,-0.004578154,-6.527606e-05,-0.00030291878,-0.0001226107,-0.0007204336,-0.00077572884,-5.2890788e-05,-0.0007973704,1.4255481e-05,-0.0011956546,0.040189058
MCM6,0.00023694494,-0.00088182616,0.0004916899,-0.0061822366,-0.033581723,-0.003166478,4.897453e-05,-0.0027683878,0.0019100818,0.0052950494,0.00091333844,0.0039647426,0.0021097464,0.00098354,0.00728592,-0.00011649636,0.00054803933,-0.00012944102,0.0005074177,0.004580439,0.008397716,-0.00045269437,0.00070095225,0.006033045,-0.000576789,-4.377618e-05,-9.940286e-06,0.0005197981,0.00034343443,0.003038891
CXCR4,-6.66684e-05,0.0076964293,0.0108680865,0.07294647,-0.15288267,-0.025959212,0.0030161063,-0.0028108114,-0.00038624354,0.039505932,0.019951796,0.0053944984,-0.00032962626,0.009569827,0.021304905,-0.00033811457,-0.0019439108,0.00026569876,0.022044197,-0.02624269,-0.0010943149,-0.0005340595,-0.0024520953,-0.012414681,0.0045911316,-0.00022145038,-3.875795e-05,0.0006279889,0.009759178,0.00017306572
HNMT,-0.00022718892,-0.0062656756,-0.008891438,-0.020478323,0.2639533,0.018964702,-0.0047651813,-0.045194283,-0.00025662742,-0.04009628,-0.011135528,-0.029073985,-0.0003371835,-0.0077345017,-0.030485138,-0.0001714726,-0.0007619466,-0.00028098695,-0.0073798187,-0.045666628,-0.001325197,-0.0024327266,-0.0010395449,-0.0050808107,-0.0066323667,-0.0004061176,0.006095907,-0.001008386,-0.009663955,-0.002221674
LRP1B,0.0010430797,-0.00033298056,-0.00048301934,-0.0011054574,-0.0050936113,-0.0008956216,-0.00026185586,-0.002450482,-1.4154343e-05,-0.002118552,-0.0005934245,-0.0008146915,-1.698528e-05,-0.00040623217,-0.0016652612,-1.2738973e-05,-4.5294175e-05,-1.4154337e-05,-0.0003931389,-0.002475238,-6.935638e-05,-0.00013375837,-5.414039e-05,-0.0003181211,-0.00034253614,-2.33548e-05,0.019793237,-5.307884e-05,-0.00052796036,-0.00012102033
KYNU,0.00024794738,0.003684495,0.011398633,-0.0031005973,0.19240329,0.035087902,-0.0045651216,-0.04646118,-0.00026833618,-0.040044334,-0.011253641,-0.029209338,-0.00030265725,-0.0079027815,-0.030220577,-0.00014812472,-0.0008096726,-0.00024264406,-0.007538616,-0.045373954,-0.0012562216,-0.0024820375,-0.0006804283,-0.0044043763,-0.0064597987,-0.00019106979,0.008811573,-0.00092564855,-0.009475135,0.0016819779
ZEB2,0.00012061461,-0.002731426,-0.013051237,-0.01756683,0.2591389,0.038527135,0.0010731007,-0.09676482,-0.0004065924,-0.08336079,-0.022167247,-0.060368266,6.7159795e-06,-0.015297983,0.0104882065,-0.00037887358,-3.388472e-05,-0.00051650935,-0.01422725,0.039081033,0.0007696893,-0.002802051,-0.0021503416,-0.0056182477,-0.013618191,-0.00094175444,0.004980064,-0.0017905349,-0.0020499944,0.0016574373
ZEB2-AS1,5.1084855e-05,-0.0021773716,-0.005518052,-0.010137025,0.14576268,0.014879044,-0.002438019,-0.029258773,-0.0001753825,-0.02486152,-0.007048602,-0.018162502,-0.00021045607,-0.004871229,-0.016393607,-7.446231e-05,-0.00047910603,-8.656456e-05,-0.004466055,-0.024294244,-0.00061866705,-0.0014436074,-0.00064629834,-0.0010514075,-0.0040993746,-0.00028937886,0.0019393361,-0.00065767724,-0.005103288,0.0019305759
TNFAIP6,-0.00010404669,-0.0026891886,-0.0038947118,-0.008423931,0.12715986,-0.0023089815,-0.0020672998,-0.019582206,-0.00011891027,-0.016947117,-0.004743389,-0.011903836,-9.3354975e-05,-0.0033092701,-0.013058169,-0.00010702034,-0.0003523902,-0.00011891031,-0.002867535,-0.019378819,-0.00047845987,-0.00092828396,-0.00043571755,-0.0021109993,-0.0028313287,-0.00019620353,-0.00268417,-0.00038424096,-0.004150769,-0.00089093816
FMNL2,2.4000843e-05,-0.00085238816,-0.0017894765,-0.0037284088,0.0068647508,0.06469783,-0.0015381108,-0.012978271,-8.901761e-05,-0.011346268,-0.0030089752,-0.007526049,-0.000106821244,-0.0016292938,-0.0090781255,-8.011642e-05,-0.00028485648,0.00021717917,-0.0021773253,-0.014239208,-0.00043618653,-0.00047218622,-0.00018863127,-0.000776602,-0.001857372,0.0013564784,0.00159228,-0.0003338183,-0.0029682792,0.0027331333
NR4A2,-0.00014772116,-0.0003903052,-0.005423448,-0.014302199,0.116147056,-0.012890449,-0.0031629156,-0.046811193,-0.00020237645,-0.0144245075,0.00013313268,-0.026698656,-0.00021082813,-0.0010705489,-0.00069528824,-0.00021027862,-0.00087157293,-1.6729766e-05,0.009161484,-0.00083029864,-0.00026884952,0.0024175355,-0.00098101,-0.0052779084,-0.0055514923,-0.00027590565,0.012141667,-0.00033847944,0.0027103892,-0.0016584782
CD302,0.0003146215,-0.007834232,-0.010913732,-0.02480566,0.31884542,0.023559958,-0.006072802,-0.057431053,-0.00030700484,-0.049576472,-0.013581022,-0.035880916,-0.00040436228,-0.009613316,-0.03764777,-0.00017096568,-0.0005353412,-0.00033180547,-0.009245558,-0.056156803,-0.0015991793,-0.0031287,-0.0012577275,-0.0065953773,-0.008241853,-9.990117e-05,0.011549475,-0.0013098323,-0.011853126,0.00032510704
AC009313.1,-4.5516495e-06,-0.00012237421,-0.00017751346,-0.00040626634,0.006182256,-0.00032914724,-9.623427e-05,-0.00090056803,-5.2019004e-06,-0.0007785848,-0.00021808747,-0.00056219165,-6.242227e-06,-0.00014929262,-0.00061199727,-4.6816413e-06,-1.6645794e-05,-5.2018986e-06,-0.00014448081,-0.00090967276,-2.5489147e-05,-4.9157487e-05,-1.9897063e-05,-0.00011691215,-0.00012588497,-8.583012e-06,-0.0001293957,-1.950695e-05,-0.00019402886,-4.4476135e-05
SLC4A10,-6.492884e-05,-0.0013832715,-0.0024447204,-0.0047604647,-0.029377453,-0.0041928776,-0.0009907653,-0.011633922,-1.96074e-05,-0.0010429283,0.0068894196,-0.007480179,-6.607447e-05,-0.0017529164,-0.007441152,-6.678354e-05,-0.00023745367,8.8896304e-05,0.07229903,-0.0035976516,-0.00020100406,-5.773927e-05,-0.00028383045,-0.001229282,-0.0017957477,-0.00012243686,-0.0015811912,-0.00027826696,0.0034595248,-0.0006344454
GCA,-0.00013503771,-0.003576244,-0.0066442764,-0.010688045,0.29690528,0.018597305,-0.006228456,-0.051103625,-0.00027230152,-0.046823364,-0.013469243,-0.03316512,-0.0003106198,-0.009039122,-0.039172575,-0.00012534861,-0.00029079217,-0.00031445397,-0.009586973,-0.058956973,-0.0016067331,-0.0032608733,-0.0011398754,-0.0061217053,-0.0071911984,0.00035144595,0.0077928463,-0.0011838927,-0.012333598,-0.0009061757
GRB14,-1.8562323e-05,-0.0004990625,-0.000723933,-0.0009452835,-0.0067122304,-0.0012197838,-0.00039246178,-0.003450595,-2.1214073e-05,-0.002872648,-0.00068654283,-0.002292718,-2.5457028e-05,-0.00060884736,-0.002495842,-1.9092824e-05,-6.788533e-05,-2.1214097e-05,-0.00058921974,-0.0030478395,-0.00010394945,-0.00020047398,-8.114406e-05,0.0289398,-0.00051338377,-3.500326e-05,-0.00040853812,-7.955284e-05,-0.0007912883,-1.5983978e-05
COBLL1,0.00012082889,0.039770987,0.04863937,0.08518563,-0.056636628,-0.008339679,-0.002555107,-0.02371649,-0.000131268,-0.021010723,-0.0056470623,-0.014890065,-0.00017145976,-0.0038758884,-0.016041001,-0.00012859488,0.0002889687,-0.00014288328,-0.0037279439,-0.023420837,-0.0006477975,-0.0009342218,0.0057141217,-0.0030213557,-0.0032346337,-0.00023575759,-0.0033914594,-0.00048640242,-0.0050448715,0.017712452
SLC38A11,-3.5670757e-05,0.009104992,5.2100655e-05,0.046421498,-0.016097158,-0.0025795128,-0.00075418217,-0.0066450303,-4.076684e-05,-0.005356416,-0.0017091444,-0.0037881834,0.00013359809,-0.0011700086,-0.004539385,-3.6690162e-05,-0.00013045386,-4.0766827e-05,-0.0009788001,-0.0068768393,-0.00019975695,-0.00023002671,-0.00015593255,-0.0009162324,-0.00078541634,-6.726503e-05,-0.0010140697,-0.00015287552,-0.001520602,0.000108840286
SCN9A,0.0049580587,-0.0014331832,-0.0019809867,-0.004617488,-0.00425404,-0.003148369,-0.0011270519,-0.008496772,-6.092129e-05,-0.008886471,-0.0025541359,-0.0055983285,-7.310599e-05,-0.0017484458,-0.00664065,9.452328e-07,0.0017535717,0.00053198065,-0.0016920972,-0.009689826,-0.00022698358,0.00013987016,7.2431765e-05,-0.0007306485,-0.0014743,0.0013734484,0.0111571895,-0.00022845528,-0.0018794842,0.04655434
XIRP2,-1.3077803e-05,-0.00035160605,-0.0005100345,-0.00072078174,-0.0045242882,-0.0005768269,-0.00027650277,-0.001951036,-1.4945947e-05,-0.0022370466,-0.0006266124,-0.0016152926,-1.7935216e-05,-0.00042895,-0.0017584052,-1.3451471e-05,0.0012415865,-1.4945947e-05,-0.00041512912,-0.0015897776,-7.323583e-05,-0.00014124016,-5.7168734e-05,0.018186258,-0.00036169516,-2.4661002e-05,-0.00037178374,-5.604781e-05,-0.0005574869,-0.000127789
SPC25,-2.7978935e-05,0.00010092918,-0.0005210161,-0.001501289,-0.010395066,-0.0018257882,-0.00059155223,-0.0041140257,0.0064909253,-0.0020704893,-0.00134059,-0.003455789,0.002897832,-0.0009177089,-0.0013683649,-2.8778248e-05,0.00019920626,-3.1975836e-05,-0.00033177988,-0.0017763537,0.020038743,-0.00013114716,0.0024487965,0.0004618528,-0.00021391902,-5.2760162e-05,-0.0003559472,-0.00011990879,-0.0011926962,-0.00027339367
MAP3K20,-1.3546815e-05,-0.0028486499,-0.0036368403,-0.010239456,0.18330973,0.008231833,-0.0029974268,-0.03900738,-3.4239097e-06,-0.031328317,-0.007185738,-0.024101531,6.903281e-05,-0.006205904,-0.019087873,-0.0001075732,0.00047735538,-0.0001748821,-0.005432624,-0.034562755,-0.00013883453,-0.0016480472,-0.0006078237,-0.0041011972,-0.005478445,0.0005550605,0.015630206,-0.0008118852,-0.006681563,-0.0018715825
CDCA7,4.3955442e-05,0.0002706634,0.006016289,-0.004494859,-0.015221001,-0.0045318934,0.0043278662,-0.006850774,0.003638662,0.0017216358,-0.0016284015,-0.0043115024,0.0033146278,0.00018481648,0.0106110135,-7.10604e-05,0.0027405636,4.9063365e-05,-0.0018838978,-0.0064338124,0.0080910465,0.0003789337,-2.232722e-05,-0.0013917934,0.0003869964,0.00038121405,0.0021467074,0.002651913,0.00019462148,-0.00030929304
HAGLR,-2.2656407e-06,0.0013330954,-8.8361296e-05,-0.00020222702,-0.0010952803,-0.00016384025,-4.7902482e-05,0.002330386,-2.5893473e-06,-0.0003875593,-0.00010855688,-0.00027984078,-3.107138e-06,-7.431406e-05,-0.00030463436,-2.330406e-06,-8.285909e-06,-2.5893476e-06,-7.191875e-05,-0.00045280482,-1.2687694e-05,-2.4469313e-05,-9.904154e-06,-5.819539e-05,-6.266183e-05,-4.2724173e-06,-6.4410095e-05,-9.710004e-06,-9.658083e-05,-2.2138845e-05
AC012499.1,-3.4617663e-06,-9.3074064e-05,-0.00013500985,-0.0003089903,-0.0016735278,-0.0002503373,-7.3192175e-05,-0.00068494247,-3.956352e-06,-0.0005921685,-0.00016586877,-0.00042758422,-4.747629e-06,-0.00011354773,-0.00046546588,-3.5607547e-06,-1.2660166e-05,-3.9563515e-06,-0.000109887216,-0.0006918616,-1.93861e-05,-3.7387614e-05,-1.5133138e-05,0.006286647,-9.574299e-05,-6.528017e-06,-9.8414e-05,-1.483644e-05,-0.00014757227,-3.3826764e-05
TTN,-0.00012043289,0.018254971,0.017773272,0.020852214,-0.0743491,-0.01131271,-0.0032249012,0.052233994,-9.098518e-05,-0.0102916565,-0.0059429077,0.03543357,-0.00018752001,-0.00055795023,-0.0071559404,-6.163365e-05,-0.000216722,0.00011112553,-0.0051490935,-0.022286424,-0.0006859445,0.0005895044,-0.00061553536,-0.0027804803,0.0067742663,-0.00027592696,-0.0045695864,0.002498149,-0.0033216327,-0.0013240915
AC096667.1,-0.0001703658,-0.005047432,-0.007587826,-0.017566893,0.2233311,0.019559998,-0.0043150377,-0.03927926,-0.00021524556,-0.0343457,-0.009511972,-0.025305327,-0.00029050757,-0.0064796596,-0.0260826,-3.8948518e-05,-0.00041086387,-0.00024208897,-0.0065749194,-0.039125424,-0.0011862403,-0.0022528197,-0.0008973236,-0.0037679456,-0.005653918,-0.0003832916,0.0049356576,-0.0008052186,-0.008344121,-0.0019463176
TFPI,0.0003001225,-0.0010101668,-0.0012601494,-0.0033536186,-0.011212732,-0.0024416582,-0.00079439353,-0.007178241,-4.2940363e-05,-0.0060507692,-0.0016761372,-0.0042720693,-5.152821e-05,-0.0010217769,-0.004920185,-3.8646143e-05,0.009130867,-4.294038e-05,-0.0011926624,-0.007027172,-0.00021040745,-0.00011166883,-0.00016424588,0.046494678,-0.0010391495,-1.8368282e-05,-0.00039263614,-0.00016102575,-0.0013982536,0.0011578642
SLC40A1,-6.0506107e-05,-0.0040736715,-0.006007507,-0.01349718,0.04745294,-0.009328734,-0.0031390807,0.007578377,-0.00017582926,0.0118389465,-0.002909775,-0.011669839,-0.00022719176,-0.0032199256,-0.019161632,5.062684e-05,0.0052292147,-2.228329e-05,-0.004911528,-0.029769285,-0.00088988047,-0.0014744282,-0.0006493766,0.044123508,-0.0026184386,-6.730135e-05,0.004512559,-0.00056030997,-0.0062191547,-0.00013311846
C2orf88,0.00010675702,-0.0012352042,0.0012573177,-0.00321072,-0.018561771,-0.002826354,-0.0012537572,-0.011338072,-5.0959516e-05,-0.0093920585,-0.0029855678,-0.007163263,-5.4112883e-05,-0.0020339265,-0.0075724856,-1.5074538e-05,-1.2063184e-05,-7.6740536e-05,-0.0020726966,-0.011079395,-0.00036154132,-0.0005899674,0.0015271924,0.085137405,-0.0016534436,-0.0001266224,-0.0017520882,-0.00022549213,-0.002502208,0.00011715377
STAT1,6.626302e-05,-0.0032105295,-0.0077152527,-0.016766613,0.09268342,0.011593744,-0.0012258615,-0.015264302,0.0003573963,-0.011611598,0.00041790065,-0.005687553,3.7968723e-05,-0.0025648838,-0.008421392,-0.00028921466,-0.0005395829,-0.00012919992,-0.004782625,-0.015637811,-4.2995605e-05,-0.0005886485,-0.0007087628,-0.0072093243,-0.003889342,-0.00028749,0.0014598654,-7.698243e-06,-0.0021505686,0.0021145965
NABP1,-0.00021090946,-0.0033689763,-0.0027556052,-0.018801445,0.19248591,0.0026936892,-0.0024647687,-0.03974142,-0.00021069548,-0.017542345,-0.005436443,-0.027102623,-0.00026993084,-0.0043435455,-0.01882464,-0.00015043255,-0.00062615477,6.3378657e-06,-0.00460447,-0.03169034,-0.00094694673,-0.0016674534,-0.00013550118,-0.0051121707,-0.00025487592,-4.7186753e-05,-0.0011716225,-0.0008415844,-0.0056598797,-0.0012037935
CAVIN2,-3.4553137e-05,-0.0019657342,-0.0028577466,-0.006170285,-0.010724812,-0.0023104139,-0.0013275339,-0.01491137,-9.116824e-05,-0.012688267,-0.0037476146,-0.0094956,-8.678837e-05,-0.00255434,-0.009329136,-3.740463e-05,0.00093247474,-9.9453595e-05,-0.002209666,-0.013140498,-0.00046275917,-0.00063897175,-0.0003195477,0.10094096,-0.0020456482,-0.00011009965,-0.0012230717,-0.00037295013,-0.0029430778,2.483061e-05
SPATS2L,0.0014623629,-0.0026976725,-0.004689094,-0.010707477,0.024160236,0.006308136,0.00034548392,-0.021286033,0.00043435185,-0.0043428564,-0.00057623175,-0.014524255,0.00077802036,-0.002513583,0.004395547,-0.00010337542,0.00027500038,0.00018187305,0.0071782963,-0.01270493,0.0018909781,-0.00017747402,-0.00044706571,-0.0024427245,0.00038411652,0.0020924339,0.02422076,-0.00026232147,0.0024846187,0.0008830401
SGO2,-6.6904635e-05,0.0007654688,-0.00069972867,0.00066747644,-0.0114816055,0.0006106142,0.00024341543,-0.0046004234,0.0022226851,-0.0058231973,-0.0008736825,-0.004175301,0.0011140025,-0.0014863475,0.004743461,-4.4392287e-05,0.00070729264,0.000248843,-0.00036668862,0.01291919,0.0072310227,0.00033110005,0.00015406332,-0.0017789174,0.0001315184,-9.775426e-05,-0.0013939489,7.134276e-05,0.0010282638,-0.00030082834
CDK15,-1.1335608e-06,-3.047668e-05,-4.420937e-05,-0.00010117921,-0.0005480018,-8.197246e-05,-2.3966839e-05,-0.00022428186,-1.2954935e-06,-0.00019390543,-5.431387e-05,-0.00014000996,-1.5545996e-06,-3.7180707e-05,-0.00015241472,-1.1659522e-06,0.0020835,-1.2954929e-06,-3.5982233e-05,-0.00022655039,-6.347955e-06,-1.2242386e-05,-4.955298e-06,-2.911618e-05,-3.1351272e-05,-2.1375909e-06,-3.222551e-05,-4.8581132e-06,-4.8322043e-05,-1.1076476e-05
CD28,-0.00018085864,-0.004043509,-0.0060991053,-0.013491,-0.079508334,-0.011869655,-0.0023448083,0.044962663,0.0013223237,0.070802405,0.018641038,0.010777422,-1.0289008e-05,0.0059612864,-0.008728757,-0.00016470467,-0.0006209766,-0.00012859989,0.008473294,-0.030794939,-0.0008432367,-0.00183225,-0.000769168,-0.0019831662,0.0072746524,-0.00032551482,-0.004636013,0.0023724241,-0.0007695017,-0.0014433925
CTLA4,-8.407796e-05,-0.0017464662,-0.002724656,-0.0065263254,-0.035306234,-0.0052488474,0.002390529,0.005002916,0.0015875364,0.04242399,0.007835166,-0.0042977887,0.00027762732,0.00030312,-0.001601254,1.3908268e-05,-0.0002610574,-9.608923e-05,-0.0016813688,-0.01372525,-0.000286393,-0.00080421905,-0.0003675412,-0.0019811154,0.020047128,-9.805836e-05,-0.0018966747,0.00160603,-0.0020517942,-0.0007025595
ICOS,-0.00011554541,-0.0029109386,-0.0042317756,-0.0093115745,-0.052501723,-0.0076594385,0.0005588381,0.03577042,0.001037833,0.04978832,0.0069208946,0.004503136,0.00025987675,0.0033644554,-0.0013498683,-7.203532e-05,-0.0003542802,0.00018185032,-0.001207499,-0.019509017,-0.0005231259,-0.0011730406,-0.00039693012,-0.0018963725,0.006236488,-0.00021788549,-0.003242152,0.00052586687,-0.0014273688,-0.0010476336
LINC01857,-8.070031e-05,0.056065165,0.015593429,0.049996894,-0.031866755,-0.004884621,-0.0017062358,-0.015081607,-9.222854e-05,-0.013045778,-0.0038667,-0.009467133,-0.0001106749,-0.0023978117,-0.010018553,-8.3006715e-05,-0.0002547152,-9.222862e-05,-0.0023777504,-0.014963427,-0.0003974406,-0.0008715682,-0.00033818037,-0.0015980403,-0.0021644908,-9.4209536e-05,-0.0015115454,-0.0002784947,-0.0033028678,-0.00070855505
CRYGD,-1.3704754e-05,-0.00036846104,-0.0005344834,-0.001223235,-0.005821482,-0.000991043,-0.00028975433,-0.0027115738,-1.5662525e-05,-0.0023442893,-0.00010398118,-0.0016927223,-1.879499e-05,-0.00044951437,-0.00039781965,-1.4096152e-05,0.022388179,-1.5662505e-05,-0.0004350242,-0.0027389864,-7.674639e-05,-0.00014801088,-5.9908998e-05,-0.0003520128,-0.0003790339,-2.5843057e-05,-0.00038960317,-5.8734222e-05,-0.0005842125,-0.00013391396
C2orf80,-1.7118371e-06,-4.6023928e-05,-6.676187e-05,-0.00015279476,0.0014291921,-0.0001237908,-3.6193087e-05,-0.0003387008,-1.9563959e-06,-0.00029282155,-8.202164e-05,-0.00021143664,-2.347666e-06,-5.6148136e-05,-0.00023017025,-1.7607586e-06,-6.260459e-06,-1.9563959e-06,-5.4338634e-05,-0.00034212234,-9.586298e-06,-1.8487877e-05,-7.4831983e-06,-4.3969794e-05,-4.7344565e-05,0.00089270464,-4.8665162e-05,-7.336433e-06,-7.2973155e-05,-1.6727176e-05
IKZF2,-0.00012184312,-0.0026509084,-0.004742662,-0.003634325,-0.064899385,-0.009539136,-0.0026598936,-0.019540757,1.967001e-06,-0.016708734,-0.004825556,-0.007420442,0.00015564938,-0.0022115903,0.038477074,-0.00015149586,0.00044831054,-5.030322e-06,0.013231509,0.04828406,0.0020596639,0.0025217035,-0.00052782905,-0.0024704246,0.018638121,-0.00027774507,-0.0038997945,0.0016932474,0.021719614,-0.0009429858
FN1,-3.2094566e-05,0.00018452585,0.0010528279,-0.0007674462,0.007890945,-0.0021872618,-0.000454142,0.00054989173,-3.66796e-05,-0.0013754038,-0.0007773655,0.0013157664,-4.4015465e-05,-0.0003437409,-0.003077709,-3.301156e-05,0.00022681004,-3.667959e-05,-0.0001566241,-0.002653154,-0.00017973044,-0.00034662284,-0.00014029903,0.0008213563,0.0013931639,6.4236956e-05,-0.000803866,-0.00013754923,-3.504393e-05,0.000118955606
MARCH4,-6.9622985e-07,-1.8718676e-05,-2.7152877e-05,-6.214229e-05,-0.00033657378,-5.034662e-05,-1.4720044e-05,-0.00013775213,-7.956842e-07,0.0011631402,-3.3359294e-05,-8.59932e-05,-9.548255e-07,-2.2836146e-05,-9.361195e-05,-7.161097e-07,-2.546211e-06,-7.956842e-07,-2.2100076e-05,-0.00013914626,-3.898854e-06,-7.519207e-06,-3.0434837e-06,-1.7883187e-05,-1.9255514e-05,-1.3128647e-06,-1.9792848e-05,-2.9838106e-06,-2.9678804e-05,-6.8030763e-06
GPBAR1,-0.00013851584,-0.005045341,-0.007537972,-0.016526904,0.16356958,0.072444454,-0.0041035265,-0.038327504,-0.0002062553,-0.032677334,-0.009247127,-0.023952177,-0.00027837703,-0.006326276,-0.025359664,-9.267239e-05,-0.0006818463,-0.00023198001,-0.006079173,-0.037023734,-0.0010574159,-0.0019133588,-0.0008339178,-0.00416928,-0.0055713924,-0.0003669769,0.002468932,-0.00086992845,-0.007944064,-0.0019203179
SLC11A1,-0.00030865832,-0.006814001,-0.011449981,-0.025332257,0.32584116,0.03645998,-0.00613617,-0.057817232,-0.0003138837,-0.04961461,-0.013754328,-0.035840817,-0.00034780783,-0.009394269,-0.038295813,-0.00013535297,-0.0010269627,-0.00033743642,-0.00926611,-0.054991033,-0.0015235669,-0.0029598766,-0.0013180126,-0.0048497235,-0.007848883,-0.0005596416,-0.0056663314,-0.0012027598,-0.012252631,-0.0029436408
CYP27A1,-0.00013496917,-0.0034727517,-0.0050036754,-0.011411592,0.16991478,-0.0076913135,-0.0027922974,-0.025068102,-0.00012417066,-0.0222674,-0.005939316,-0.016240573,-0.00018510138,-0.0043314127,-0.01622167,-4.597824e-05,-0.00045701957,-0.0001542498,-0.004015912,-0.02418693,-0.000755827,-0.0014025024,-0.0005900052,-0.0027448235,-0.0036587138,-0.00025451268,-0.0033668212,-0.0005784386,-0.0055361483,-0.0012826647
TUBA4A,-0.00026532897,0.00022686615,0.0012186079,-0.0062431535,-0.040272105,-0.00529071,0.0031126179,0.00028359206,0.00020268443,0.0054730396,0.0023498465,-0.0075825984,0.00019951549,-0.0005702604,0.015585148,-0.00016620767,-0.0010901474,5.2881674e-06,-0.0018463243,-0.007892713,0.0009445599,0.00042259615,-1.113712e-05,0.050889667,-0.0010676117,-0.00037758992,-0.006398019,-5.8920963e-05,0.0010488334,-0.0028302637
SCG2,0.0012940958,0.001316465,-0.0003181768,0.00023184497,-0.001359307,-0.00058996805,-0.0001724924,-0.0016141931,-9.32393e-06,-0.0013955542,-0.0003909078,-0.0010076896,-1.11886475e-05,-0.00026759793,-0.0010969649,-8.391553e-06,-2.9836914e-05,-9.323926e-06,-0.00025897138,0.0062400177,-4.568695e-05,-8.811113e-05,0.0007361669,-0.000209553,-0.00022564117,-1.5384376e-05,-0.00023193228,-3.4965156e-05,-0.00034778466,-7.97194e-05
COL4A4,-5.912698e-05,0.018849473,0.051025774,0.002167,-0.026301034,-0.0035500296,-0.0007455814,-0.010438898,-2.6461297e-05,-0.008521453,-0.0021278793,-0.0064344993,-8.1088634e-05,-0.0015566739,-0.0066362196,-6.0816754e-05,-0.00015254912,0.0006017231,-0.0011945304,-0.006642255,-0.00033111093,0.0027857344,0.0065129623,-0.0013855741,-0.0016352879,0.00060194155,-0.0016076713,-0.00019416958,-0.0025205098,-0.0003412322
SCYGR4,-1.1851892e-05,-0.00031864425,-0.00046222148,-0.001057861,-0.0041624582,-0.00062931835,-0.0002505804,-0.0021073774,-1.3544959e-05,-0.0018168369,-0.00027648016,-0.0014638721,-1.6253769e-05,-0.00038874074,-0.001593566,-1.2190449e-05,-4.334376e-05,-1.3544949e-05,-0.00037621064,-0.0017505403,-6.6370405e-05,-0.0001280001,-5.18093e-05,0.018370384,-0.00032778835,-2.234901e-05,-0.00033693135,-5.0793773e-05,-0.0005052278,-0.000115809155
CCL20,-7.471792e-05,-0.0020101601,-0.0027615698,-0.0065412666,0.088769786,0.00066111796,-0.0015366673,-0.015049057,-7.308419e-05,-0.010121026,-0.0030058213,-0.009865011,-0.00012371731,-0.0027194452,-0.009175039,-9.278814e-05,-0.00030241552,-6.467505e-05,-0.0014319733,-0.01415112,-0.00046694287,-0.00082255324,-0.00036886524,-0.0012802542,-0.0022283876,-0.00014055982,-0.0009949114,-0.0003632239,-0.0028723797,-0.0007933724
PID1,-0.00019790637,-0.004916563,-0.007117338,-0.016450463,0.20543644,0.007836893,-0.0037707507,-0.036545023,-0.00019554497,-0.031612605,-0.008751972,-0.023054954,-0.00027141374,-0.0061423737,-0.02427931,-0.00017837631,-0.0006976481,-0.00022617812,-0.0059165647,-0.036502384,-0.0010450784,-0.0019335023,-0.00084776117,-0.004014242,-0.0051209475,-0.00037319164,0.017084012,-0.00080608804,-0.007561384,-0.0018285165
ITM2C,0.002192762,0.011318399,0.008784857,0.01084527,-0.061209556,-0.009876468,-0.00013068852,-0.0036479344,9.644571e-05,0.0011730838,0.0024028488,0.010266001,2.355246e-05,0.0053763436,-0.009079905,-9.210709e-05,0.004444642,0.00078062835,-0.0014482928,-0.026188208,-0.0006087723,-0.00030638094,0.014576523,-0.0025334924,0.0012124665,0.00085825095,0.0068317973,0.00018295599,-0.0021631639,0.035918254
HJURP,-2.2682703e-05,-0.0006098389,-0.00035106693,-0.0008760742,-0.009589005,-0.00079837133,-0.0004795733,-0.002903354,0.0048332186,-0.0019266191,-0.0007592129,-0.002148487,0.0012928244,-0.0004686371,-0.0027182456,-2.3330756e-05,-8.295361e-05,-2.5922845e-05,1.1726519e-06,-0.0021807943,0.0149019705,0.00012916897,0.0017752378,0.004344386,6.987026e-05,-4.2772932e-05,-0.00051300804,-9.721125e-05,-0.000509032,-0.0002216409
ARL4C,0.0005483426,-0.008851957,-0.019019643,-0.041083675,-0.18081781,-0.029453373,0.0088084405,-0.0079101045,8.215821e-05,0.03586537,0.019711921,-0.024436414,0.00043304483,0.004794299,0.060013972,-0.000469164,-0.0019788712,0.00033235605,0.023039272,0.13145155,0.0030035384,0.0064563216,-0.0009859488,-0.011834322,-0.00232137,0.00096490234,0.0095567005,0.00072289916,0.020755982,0.0026214255
ACKR3,-6.2169776e-05,-0.00016318315,-0.0021737409,-0.0049268687,0.02491313,0.0018370779,-0.00029511141,-0.0040853154,-7.105071e-05,-0.0050115436,-0.0005744677,-0.0038522854,1.482583e-05,-0.0008255174,-0.0026736916,-1.12640855e-05,-0.00018634913,-7.1050716e-05,0.00087528024,-0.0011346097,0.00021178824,-0.000109557455,-0.00027177203,-0.0011936383,-0.00026196946,-0.0001172337,0.0006676678,-0.00026644193,0.00035928813,-0.00054024335
GPR35,-7.187929e-05,-0.003632567,-0.0058073695,-0.01270335,0.13050024,0.031356465,-0.0029878851,-0.02740927,-0.00016285043,-0.02406197,-0.0062662726,-0.016451282,-0.0001801211,-0.0045610913,-0.017511504,-0.00011563164,-0.00051503413,-0.00018085813,-0.0028719692,-0.024434213,-0.00073617423,-0.0014263904,-0.00051739236,-0.0026698825,-0.004219224,-6.671488e-05,0.005225275,-0.00043305743,-0.0058099097,-0.0012778195
PASK,-0.00013652613,-0.0021389653,-0.0032652374,-0.009231332,-0.07344901,-0.010902986,-0.0025455647,0.019801665,-1.8741877e-05,0.057479158,-0.0008983908,0.065415956,-0.00010420147,0.0097119,-0.0076575363,-8.613986e-05,-0.0004202765,-0.00011628561,-0.004082304,-0.028162912,8.411863e-05,-0.0012547616,-0.0004094157,-0.0024608283,0.00042005844,-0.00023984468,-0.004246067,0.0019577,-0.0016724982,-0.0013705825
PDCD1,-5.756477e-05,-0.00057716784,-0.0017534352,-0.0046890154,-0.024912808,-0.0039800922,0.004830599,-0.009713795,0.00023015593,0.015928736,0.010203037,-0.005218787,0.00022134781,-0.00028694465,0.02183143,3.0432722e-05,-0.00021052259,-6.578871e-05,0.0050200634,-0.009112665,0.000138999,-0.0006217002,-0.00018511507,-0.0014188958,-0.00028309735,-5.569629e-05,-0.0014795391,-4.293505e-05,0.0067061572,-0.0004753519
BHLHE40,0.0003281933,-0.005375274,-0.007892044,-0.020874871,0.064274564,-0.0043039965,0.0026811156,-0.047900945,-0.00018994189,-0.01179281,0.0037151873,-0.029395614,-5.1402516e-08,-0.005251611,0.003900293,-0.00023210638,-0.0005692146,0.00038286313,0.0066829342,0.047530036,0.0008076502,0.00723114,-0.0010711177,-0.005667731,-0.0070296116,-0.00011964133,0.009521522,-0.0010158663,-0.00011103268,0.0017384583
OXTR,-2.5406507e-05,-0.0005352694,-0.000572263,-0.001568944,-0.00784221,-0.0013393934,-0.0005371677,-0.0039546187,2.7664408e-05,-0.0037405037,-0.0012173288,-0.0014179967,-3.4843077e-05,-0.00052906474,-0.0014809964,-2.6132368e-05,3.8073358e-05,-2.903615e-05,-0.0008064764,-0.0036697886,-0.00014227667,-0.0001198937,2.892682e-05,0.031433463,-0.00070267305,-4.790926e-05,-0.00054172514,-0.00010888502,-0.00066550623,0.00012818376
CAMK1,-0.00017054947,-0.00507101,-0.007455968,-0.017753514,0.14835772,0.07429691,-0.004081032,-0.03931521,-0.00013521397,-0.032894924,-0.008947514,-0.024482975,-0.0001742022,-0.0064908364,-0.024961263,-0.00014465362,-0.00068464817,0.000136376,-0.006108769,-0.031724643,-0.0003226731,-0.0013734346,-0.0009111046,-0.004329434,-0.0049735815,-0.00030065552,0.010180707,-0.000753894,-0.007739603,-0.0016702306
IRAK2,-9.7751195e-05,-0.0015669615,-0.0019797198,-0.0030528484,0.05464076,-0.0051886356,-0.0012620692,-0.015781594,-8.290364e-05,-0.011309683,-0.0023801741,-0.008892528,-0.00013405886,-0.0019013793,-0.008008266,-0.0001005436,-0.00035748878,-3.5943174e-06,-0.00070568477,0.009189927,-8.208449e-05,0.00029660237,-0.00022787294,0.0034830275,-0.0020496815,1.5388272e-05,-0.0010804153,-0.00029738148,-0.0001270016,-0.00095517136
TMEM40,-5.399302e-05,-0.0013217855,-0.0020090793,-0.0043764715,-0.016039796,-0.0029531592,-0.0011415691,-0.009973366,-4.2302705e-05,-0.008620565,-0.0024268816,-0.006328177,-7.4047544e-05,-0.0017267164,-0.006298455,-5.5535824e-05,-0.00019746234,-6.1707e-05,-0.0015689256,-0.009491569,-0.0002444761,-0.00053438556,-0.00018982994,0.08125872,-0.0014377105,-8.153128e-05,-0.0014663095,-0.00023139997,-0.0021876658,-0.00012422177
ANKRD28,-0.00010564204,-0.0024208236,-0.002947445,-0.008272229,0.050479695,-0.012227717,0.0015332192,-0.021572355,-7.212263e-05,-0.0048586056,-0.0014698135,-0.012981067,0.00016854006,0.0002987067,0.0004251011,-0.00014541358,0.006574518,0.00036254674,-0.0015446717,0.0011248374,0.00062046107,1.5119444e-05,0.0014314974,0.00995143,-0.002729125,-0.00025964782,-0.00047967397,-0.00024372205,-0.0016881839,0.0010323564
SGO1,0.00028969737,0.004459753,0.0062600565,0.023610584,-0.018840946,-0.0027105496,8.102327e-05,-0.0060142595,0.0024033324,-0.004446511,-0.0013533633,-0.003255755,0.0013383616,-0.0015356141,-0.005246304,-5.2071908e-05,0.0003406627,-5.7857487e-05,-0.0013262318,-0.0054772454,0.009375243,2.8188864e-05,0.0007713771,-0.0007284161,-0.0010099969,0.0004869262,0.00029713265,-6.0268056e-05,-0.0014283974,0.0038013945
CMC1,-0.0001461603,-0.004427017,-0.0066283457,-0.016702943,-0.07196331,-0.0077060233,0.0015643592,-0.03496572,0.00012488803,-0.026824998,-0.000301802,-0.021223893,9.382303e-05,-0.0042730314,0.051239368,-0.0002690781,-0.0004099925,-0.00027117602,0.0060749874,0.12463497,0.0034072646,0.015609305,-0.0005395407,-0.0042679585,-0.0053224736,-8.572193e-05,-0.0020482328,-0.00037127547,0.0069668703,-0.0009672602
OSBPL10,-5.793804e-05,0.030610297,0.04348519,0.053383026,-0.053070575,-0.007943027,-0.001955692,-0.010819094,-8.884035e-05,-0.0026911802,-0.001999127,-0.007964038,-0.00016257577,-0.0012014096,-0.011124936,-0.00012193137,-0.0003091767,9.737939e-05,-0.0025319417,-0.017500613,-0.00066385034,-0.0004076,0.0027775397,-0.002140825,-0.0016925238,-0.00013340653,-0.0023240359,-0.00028328702,-0.0027743306,-0.00039154344
CCR4,-6.6236826e-05,-0.0012010823,-0.0020596432,-0.0038894408,-0.02594711,-0.004126459,-0.0011198049,-0.00805316,6.5487686e-05,0.050784044,0.0027564617,-0.007163723,-9.083924e-05,0.00782322,-0.0019647263,-6.812919e-05,-0.00020053216,1.599676e-05,-0.0014771203,-0.00854933,-0.00029161174,-0.00043974942,-0.00023907694,0.0045401296,0.004425032,-0.0001249039,-0.0016683076,-0.00013959542,-0.0011925817,-0.00033727402
CRTAP,0.00012781713,-0.005577116,-0.0065652076,-0.018465035,0.23324107,-0.005022619,-0.00415156,-0.0455391,-0.0002375062,-0.024252545,-0.006423682,-0.030383745,-0.00027448212,-0.0062365886,-0.023705512,-0.00018159398,-1.193387e-05,7.039022e-05,-0.006110295,-0.040589176,-0.00035750767,-0.0016881948,-0.00076301617,-0.0052990415,-0.004885621,5.075991e-05,0.0115197655,-0.0011888017,-0.008647798,0.0015483837
ARPP21,-1.5518175e-05,0.00017191199,-0.00013122881,0.0020104575,-0.006826931,-0.0011221864,-0.00032809863,-0.001351641,-1.7735241e-05,-0.0026544963,-0.0007435473,-0.0019167267,-2.1282085e-05,-0.0005089985,-0.0008304582,-1.5961581e-05,0.0010376222,-1.773524e-05,-0.00049259426,-0.0018597664,-8.690197e-05,-0.00016759649,-6.783695e-05,-0.00039859643,-0.00042918947,-2.9263056e-05,-0.00044115985,-6.6506625e-05,-0.00066151604,0.017983513
CTDSPL,-9.3701565e-05,-0.0024213095,-0.0035713164,-0.0078089214,0.044417877,-0.004859636,-0.0019192497,-0.013128251,-0.0001070875,-0.013808699,-0.004009159,-0.010428719,-0.0001285051,-0.0029847,-0.011229239,-9.6378244e-05,0.0017275553,-4.4891123e-05,-0.0027940054,-0.0177919,-0.00046385903,-0.0008359957,-0.0003797921,0.062374335,-0.002411549,-0.0001766949,-0.0021212425,-0.00040157847,-0.0037351523,-0.0007680468
CX3CR1,-8.317807e-05,-0.0070817634,-0.010660478,-0.024055889,0.0132229095,0.041721318,0.0047135265,-0.055016797,-0.000117947246,-0.04728759,-0.012364184,-0.03417516,0.00025638362,-0.008980164,0.028533027,-0.00026468447,-0.0010354909,-0.00028231926,-0.008711787,0.13470653,0.0033572067,-0.001988766,-0.0012230356,-0.006212473,-0.0077258972,-0.000517975,-0.0009080112,-0.0011960539,0.006034519,-0.0026562307
EIF1B,-0.00016232932,0.003465905,0.0013040866,0.015683223,0.081530176,0.0032102605,-0.0017542635,-0.030645741,-4.464777e-05,-0.0162413,-0.0059272153,-0.014259986,1.7136628e-06,-0.0018464485,-0.010436923,8.172494e-05,0.0007754638,-8.2375926e-05,-0.0031267332,-0.015059232,-0.00032240612,-0.00129252,-0.0008684792,0.0016570775,-0.0036084843,0.00022779952,0.0004111201,-0.0001623365,-0.0042637307,0.0017565906
AC099329.1,-1.07175065e-05,-0.00028814687,-0.0004179805,-0.0009566068,-0.0038532114,-0.0005076287,-0.0002265978,-0.0021205284,-1.2248477e-05,-0.001833296,-0.0005135197,-0.0013237596,-1.4698185e-05,4.9871676e-05,-0.0014410418,-1.1023693e-05,-3.919535e-05,-1.2248481e-05,-0.0003402029,-0.0017067033,-6.001768e-05,-0.00011574853,-4.6850466e-05,0.017030912,-0.00029641308,-2.0210173e-05,-0.00030468084,-4.593189e-05,-0.00045686826,-0.00010472465
ABHD5,-0.00011477223,-0.004214271,-0.0013572352,-0.015895408,0.1593724,0.00960038,-0.0022711742,-0.034297895,0.0001916469,-0.025947744,-0.007323435,-0.020406371,8.274788e-06,-0.0046927663,-0.016464671,-0.00018379587,-0.0004898041,-9.29359e-05,-0.0041051805,-0.017935425,0.00019696681,-0.0012989285,-0.00043561126,-0.0024674423,-0.0026581807,-0.00019447578,-1.0115805e-05,-0.00028612211,-0.005173295,-0.0010523782
KIF15,-3.7051537e-05,0.0006033743,0.0007757371,0.00034044965,-0.0053482526,0.00037857698,-0.0004563971,-0.0062177996,0.0046145543,-0.0044363965,-0.0015868646,-0.0034135524,0.0021827724,-0.0010477597,-0.0020041245,-3.8110542e-05,-7.343946e-05,-4.2344644e-05,-0.0007119301,-0.0024763686,0.021658543,-0.00025214802,0.0009980724,-0.0004445228,-0.0010247476,-6.9868685e-05,-4.4822395e-05,-7.7419165e-05,-0.0013861838,-0.00036204784
TMEM158,-4.3758213e-05,-0.0011764703,-0.0014712611,-0.0039057333,0.0009857514,-0.0028310604,-0.0009251743,-0.007987421,-5.0009592e-05,-0.0073132473,-0.0020966541,-0.0052527315,-6.001126e-05,-0.0014352733,-0.005635092,-4.500879e-05,-0.00012053754,-5.0009607e-05,-0.0012971022,-0.008231725,-0.00024504593,-0.0004725905,-0.00019128642,0.053872164,-0.001210229,-8.251605e-05,-0.0007026124,-0.00018753522,-0.0017361261,-0.0001018762
CCR9,-2.7926746e-05,0.00039136456,0.0012490792,-9.735214e-05,-0.012185994,-0.0019071803,-0.00059045124,-0.0020300448,-3.1916188e-05,0.001643184,0.012268342,-0.0023443447,-3.8299535e-05,0.0109086335,-0.003151976,-2.8724686e-05,0.0007717169,-3.19162e-05,-0.0008864754,-0.004744616,-0.00015638965,-0.00030160774,0.0018275757,-0.0007173208,0.0001840938,0.00034475417,-0.00067076954,0.00023881797,0.00038868678,-0.0002728838
XCR1,-2.1960195e-05,-0.0005904176,-0.0008564482,-0.0019601,0.004514382,-0.0015880316,-0.0004642998,-0.0043449923,-2.5097208e-05,-0.003756449,-0.0010522103,-0.0027124004,-3.011699e-05,-0.00072029524,-0.002405433,-2.258773e-05,-8.031126e-05,-2.5097203e-05,-0.00012754563,-0.004388912,-0.00012297696,-0.00023717117,0.00087977276,-0.00056406466,-0.000110130364,0.022682004,-0.00062429806,-9.4115545e-05,-0.00093613274,-0.00021458307
CCR1,-0.00012408828,-0.0050442037,-0.0075478996,-0.017372495,0.23051807,0.0044130534,-0.0040780613,-0.039605506,-0.00022329095,-0.03412094,-0.009533052,-0.02481185,-0.00014915818,-0.0063276417,-0.025844399,-0.00013207515,-0.0007218458,-0.0002382155,-0.0027090686,-0.034371294,-0.0008852654,-0.00077182706,-0.00084702374,-0.0044842605,-0.0055950186,-0.00039305288,-0.00060327986,-0.0008933063,-0.0068677785,-0.0006360509
CCR2,-0.00013148996,-0.003992752,-0.0059425933,-0.014189573,0.172744,-0.011076664,-0.0026830467,-0.032313764,7.0168e-05,-0.017329674,-0.0017667621,-0.019817112,7.4588585e-05,-0.0046967245,-0.020152489,-0.00017434261,-0.0006031868,-0.00019371303,0.0008179807,-0.03156683,-0.0008357129,-0.0014208269,-0.00025844362,-0.0029489063,-0.0045202584,-0.00024163112,0.004832404,-0.0007264206,-0.005898857,0.0049431403
CCR5,0.00011819247,-0.0016311858,-0.0018809097,-0.0047370177,0.0004122662,-0.00044849428,0.0020294297,-0.011873859,0.0005296676,-0.006722194,0.0042489124,-0.0056170407,0.0010512344,-0.0011878706,0.010881631,8.163398e-05,-0.00015700885,-7.423715e-05,0.011346863,-0.0028224022,-0.00014898277,0.00064951536,-0.00024271193,-0.001605026,-0.0014507596,-3.3272616e-05,0.0058698435,0.0001737363,0.0017651253,0.0014750105
INKA1,-4.6420173e-05,0.002785768,0.0072457,0.0025285939,-0.011505871,0.0014008167,-0.0006007408,-0.0074918102,-5.3051484e-05,-0.0059073414,-0.0019142105,-0.0022156136,-6.366233e-05,-0.0006690839,-0.0038814521,-4.7746493e-05,0.0030931493,-5.3051506e-05,-0.0013800139,-0.0072912844,-0.0002599531,-0.00038234124,-0.00013641448,0.02986355,-0.0011499892,-8.463677e-07,-0.0009613202,-0.00019894351,-0.0013455257,0.00063900626
MANF,0.00019134718,-0.003018468,-0.0058775316,-0.013433819,-0.040280312,-0.005322068,0.0012778111,-0.018681545,0.0003869237,0.003776806,0.0038753005,-0.011234059,0.0005484188,0.0013701463,0.016816044,-0.0002040895,0.00025434743,-7.1887065e-05,0.006601766,0.05106379,0.0023847613,0.0010161584,0.0068669305,-0.0052113393,-0.0019205331,0.00035342862,-0.0015618773,-0.0005201238,0.004601088,0.0059523745
NT5DC2,0.000658517,-0.0017408417,-0.0016057125,-0.005133364,0.040117,-0.002670429,-0.0004262146,-0.011801359,0.0008291694,-0.009103728,-0.0026965693,-0.0067715794,0.00057111523,-0.0017284087,-0.00621255,-6.9649046e-05,0.0008802184,0.0004940777,-0.00060767046,-0.010392333,0.0013264726,-0.00073131395,0.010870365,-0.00045323386,-0.0012271538,0.000108292996,0.009289554,-0.0002216735,-0.0019200175,0.00036894248
TKT,-0.00010935524,-0.006476225,-0.007025723,-0.028540935,0.327649,0.039769758,-0.006547954,-0.058756027,3.6083457e-05,-0.050936498,-0.015224949,-0.03667732,-0.00014742857,-0.010704225,-0.04308535,-0.00021029345,0.0011117834,-0.0002930311,-0.010940259,-0.063454896,-0.0012834665,-0.003577519,-0.0008124795,-0.008537522,-0.008815061,-8.8364715e-05,0.00997571,-0.0010987897,-0.013566614,-0.0016316798
CACNA2D3,0.0007229677,-0.0030576938,-0.0047609527,-0.010107867,0.11938671,-0.0060149943,-0.0023746886,-0.023480054,-0.00014302248,-0.020212641,-0.005688691,-0.014590353,-0.00017162722,-0.0037587276,-0.016061136,-0.0001287206,-0.0004105959,-0.00014302242,-0.0037963416,-0.023615519,-0.000700811,-0.0010876823,-0.0005470629,-0.0026068387,-0.0033503806,-0.0002359882,0.032480642,-0.0005363381,-0.0050052754,-3.1292486e-06
DNASE1L3,0.0030095293,0.0049775965,-0.00085777335,0.014023743,-0.025472391,-0.0034498475,-0.001131158,-0.010226523,-6.6439934e-05,-0.008705115,-0.0022083346,-0.00648743,-7.9728e-05,-0.0019068167,-0.006477108,-5.9795755e-05,-0.00013257268,-6.6439985e-05,-0.001627231,-0.009591256,-0.00027966607,-0.00041165712,-0.00021938812,-0.0013616467,-0.0016078437,0.010744928,0.0055051073,-0.00024914875,-0.0016769409,0.046091426
FRMD4B,0.00012730723,-0.004856182,-0.0070861015,-0.0163327,0.114706405,-0.0050440715,-0.0024716323,-0.03234479,-3.754773e-05,0.0040181107,0.0040587233,-0.022358762,-5.962063e-06,-0.004406344,-0.015108529,-4.8369096e-05,0.0013274474,-0.00014292361,-0.0016843115,-0.022900838,-0.0006516727,-0.001437336,-0.0008262942,0.013728918,-0.0026461238,-0.0002880417,0.0073713725,-0.00076355354,-0.0056608794,0.0017650623
PROK2,-0.00011956998,-0.0029680284,-0.0043496294,-0.010273815,0.07849482,-0.006435022,0.012506292,-0.022289427,8.0093764e-07,-0.018244931,-0.0036077525,-0.01383614,0.00024344311,-0.0037261827,0.03122881,-6.859286e-05,0.0006317901,-0.00013665066,-0.003278571,-0.02037839,-0.0006187839,-0.0012099326,-0.0005226907,-0.0014725011,-0.0031806114,-0.00022547379,-0.002745397,-0.0005124426,-0.0017373835,-0.0011683686
PDZRN3,-3.0489923e-06,-8.1975115e-05,-0.00011891039,-0.0002721462,-0.0014739718,-0.00022048816,-6.446473e-05,-0.00060326344,-3.4845716e-06,-0.0005215558,-0.00014609026,-0.00037659373,-4.181504e-06,-0.00010000774,-0.00040996188,-3.136131e-06,-1.1150661e-05,-3.4845732e-06,-9.6784184e-05,-0.0006093688,-1.7074379e-05,-3.29291e-05,-1.3328533e-05,-7.83161e-05,-8.432671e-05,-5.7495313e-06,-8.667837e-05,-1.3067254e-05,-0.00012997433,0.0055855336
HTR1F,-2.3280003e-05,-0.00062589906,-0.00062060275,0.00011567342,-0.0007270297,-0.0012021806,-0.00049220497,-0.0042224554,-2.6605774e-05,-0.003576583,-0.0007927505,-0.0026325502,-3.192696e-05,-0.0007635869,-0.0031301698,-2.3945293e-05,0.025512286,0.0006882335,-0.0007389763,-0.004652691,-0.00013036789,0.0006173114,-0.00010176635,-9.413931e-05,-0.0006438567,-4.389948e-05,-0.0003164668,-9.97717e-05,-0.000992393,-0.0002274788
MTRNR2L12,-1.9961033e-05,0.0015369877,0.0019569292,0.0040398515,0.017627941,-6.985987e-05,-0.0023029926,-0.017632248,-5.1462976e-05,-0.017645666,-0.002164631,-0.0038282238,5.802353e-05,-0.0019099404,0.00822115,-0.00020562607,-0.0007852888,5.7544607e-05,-0.0024549763,0.0017884906,0.00022846536,0.00011306431,-0.0005426456,0.012002462,-0.0043343636,-4.1464893e-05,0.0006771315,-0.00080807565,0.006476734,1.2506333e-05
NFKBIZ,-3.368563e-05,-0.0050609643,-0.010917349,-0.022076752,0.24398819,0.041137192,-0.006203799,-0.029981488,-0.00024663718,-0.029792633,-0.0093354015,-0.025258739,-0.00036983847,-0.008179957,-0.038515486,-0.0002782343,-0.00071977684,-0.0002479409,-0.008362436,-0.061722346,-0.0018164836,-0.0032631666,-0.0013795444,-0.0064162565,-0.005126501,-0.0003658493,0.0025793933,-0.00096349587,-0.011991365,0.000920788
AC106712.1,-3.551554e-05,-0.0007325696,-0.0013851062,-0.0026163023,-0.0073538707,0.049864206,-0.00075090583,-0.006775678,-4.0589493e-05,-0.005768857,-0.0017017124,-0.004196094,-4.8707174e-05,-0.0009362446,-0.0041470244,-3.6530237e-05,-0.00012988572,-4.0589483e-05,-0.0011273696,-0.007098085,-0.00019888852,-0.00038356837,-0.0001552546,-0.00091224443,-0.0009822634,-6.697251e-05,-0.00022998812,-0.00015220954,-0.0015139772,-0.00034703867
ALCAM,0.001223487,0.0035849523,0.00492417,0.0041398504,0.0713123,-0.002009475,-0.0027842585,-0.026218645,-5.105714e-05,-0.012421286,-0.0025056996,-0.016567174,-0.00010439993,-0.0027822838,-0.014912383,-0.00012833229,0.00084282557,4.235034e-05,-0.0027040835,-0.027695132,-0.0006287585,-0.0011928997,0.0012060418,-0.001953734,-0.0029822832,0.00069505745,0.02502834,4.8344464e-05,-0.0051639606,0.009758249
LINC00635,-8.3668266e-07,-2.2494905e-05,-3.263061e-05,-7.467934e-05,-0.00040447596,-6.050403e-05,-1.768986e-05,-0.00016554284,-9.561955e-07,-0.00014311894,-4.0088937e-05,-0.00010334304,-1.1474606e-06,-2.7442906e-05,-0.00011249793,-8.6059083e-07,-3.0598437e-06,-9.561979e-07,-2.6558493e-05,-0.00016721764,-4.6854125e-06,-9.036066e-06,-3.6574643e-06,0.0008067235,-2.314028e-05,0.0007111123,-2.378567e-05,-3.5857563e-06,-3.5666173e-05,-8.175542e-06
TRAT1,-0.0002134313,-0.005909008,-0.008649333,-0.019155178,-0.10889685,-0.016765147,0.0028670917,0.08886715,0.0005511899,0.083406925,0.019716728,-0.0025472739,-5.5954915e-05,0.0066093104,0.005667756,-0.00011844956,-0.0007991108,0.00020506882,0.0068574487,-0.041898146,-0.0011065726,-0.0023168682,-0.0009884966,-0.0041589867,0.0045162877,-0.00045289064,-0.006642536,-0.0006209198,0.0042373184,-0.0022074087
DPPA4,-3.7083526e-05,-0.0009970185,-0.0011058381,0.0129266605,-0.015816357,-0.0026816705,-0.0007840517,-0.0008493914,-4.2381096e-05,-0.005205111,-0.0016227142,0.00093080034,-5.085768e-05,-0.0010479919,-0.0038708483,-3.814308e-05,0.010835846,0.00015787955,-0.001177139,-0.0046364907,-6.911064e-05,0.0022370291,-0.00016210868,0.0011470298,-0.0007805921,3.7271143e-06,-0.0005991185,-0.00015892969,-0.0008940935,0.014388095
CD200,-6.9365225e-05,0.0033726078,0.0037156118,0.08979018,-0.032362904,-0.004965597,-0.0013569285,-0.006645407,-7.927416e-05,-0.008195614,-0.003232369,-0.0073558935,-8.303161e-06,-0.0016580396,-0.008099555,-7.1346876e-05,0.0008795185,-7.927419e-05,-0.0020785562,-0.012803702,-0.00038844565,-0.0006878542,-0.00021038287,-0.0017817017,-0.0008171849,-3.1464908e-05,-0.0015867839,-0.0002972785,-0.0028019992,-9.278481e-05
BTLA,0.00037120385,0.008121999,0.011765364,0.07051798,-0.049204413,-0.007413548,0.0002869842,0.0019129404,5.492444e-05,-0.0005028674,-0.00092669606,-0.0005312367,-5.804412e-05,-0.00016205927,-0.008018198,-0.00011064103,-0.00039339066,-0.00012293541,-0.0013016487,-0.020258063,-0.00060237903,-0.0009562561,0.001966055,-0.0025011841,-0.0010531968,0.0016118446,-0.0025318896,-0.00025298752,-0.0017371108,0.0020292448
CCDC191,-3.301797e-05,0.010330236,0.010695258,0.045458496,-0.027090572,-0.003262737,-0.00053893746,-0.007523348,-7.207374e-05,-0.0025938777,-0.0016312001,-0.0059735724,-1.2894943e-05,-7.25516e-05,-0.0033411642,-0.00012430605,-0.00017306147,-0.0001381177,-0.001972671,-0.00539348,-8.11676e-05,-0.00011498131,-0.0002527726,-0.0024894853,-0.0019338565,-0.00017616824,-0.0012482253,0.000104912,-0.0012177572,0.00087327854
TIGIT,-0.00016605793,-0.0032348337,-0.0048644086,-0.012678742,-0.07460449,-0.011279921,-0.0024569593,-0.029220171,0.00026840589,0.0030128378,-0.0027912941,-0.01630047,0.0002585928,0.00060427526,0.055862945,-0.00015062166,-0.00060729706,-0.00018978152,-0.0041016988,0.07874895,0.0017645891,0.00080463313,-0.000621613,-0.0030711056,0.019139985,-0.00029762593,-0.0044358196,0.003022896,0.008601554,-0.0010163691
CD80,-6.104967e-05,0.004960795,0.014038654,-0.0039288984,0.03694169,0.006388342,-0.0012907668,-0.0113893235,-6.977091e-05,-0.007642764,-0.0024222385,-0.0068677296,-3.5709112e-05,-0.0018188457,-0.007132573,-6.2793595e-05,-0.00022326769,-6.977091e-05,-0.0019378909,-0.010842208,-0.00026610066,-0.0006593361,0.00010678047,-0.0015680986,-0.0014583359,-0.00011512237,0.00042485495,-0.0002616411,-0.002410955,-0.00032594026
AC073352.2,-8.308975e-05,-0.0020604564,-0.0025472492,-0.006844186,0.09241115,0.005482026,-0.0016281344,-0.015168326,-9.495967e-05,-0.013907663,-0.0036880737,-0.0096691875,-0.00011395203,-0.002725359,-0.010112092,-8.546409e-05,-0.000303871,-9.4959716e-05,-0.0025410287,-0.015719995,-0.0004653038,-0.0008973713,-0.0002701692,-0.0018262388,-0.002181577,-0.00011281742,-0.0004797316,-0.0003560979,-0.0035419909,-0.00037399138
HGD,3.3610659e-06,-0.00083607325,-0.001541197,-0.0033357085,-0.013690357,-0.0019985198,-0.0006526064,-0.0066343807,-4.5163408e-05,-0.005894454,-0.0016979208,-0.003972869,-5.4196036e-05,-0.001029072,-0.0050261263,-4.0646857e-05,-0.00014452245,-4.5163408e-05,-0.001019178,-0.0071142917,-0.00013167856,-0.000336531,-0.00011017233,0.059488025,-0.0009225621,-7.45196e-05,-0.0010853054,-0.00016936273,-0.001552609,-0.0003359911
POLQ,-2.6837986e-05,-0.00015086606,0.0005659523,7.042293e-05,-0.007271643,-0.00017193536,-0.00056743267,-0.003065493,0.0036900858,-0.002427128,-0.000445735,-0.0011724844,0.0017866975,5.9287875e-05,-0.002009478,-2.7604758e-05,-1.9023624e-05,-3.0672207e-05,-0.00055193424,-0.0012120071,0.013179712,-0.00012395119,0.001492389,-0.00010182844,-0.00074226456,-5.060872e-05,-8.859448e-05,-0.000115020026,-0.000692533,0.00022052623
EAF2,0.0005903177,0.016592916,0.019364024,0.078226745,0.020939142,0.028835928,-0.003740385,-0.031947233,-9.937239e-05,-0.028534755,-0.007606598,-0.019277073,-5.4901517e-05,-0.005601154,-0.02344176,-0.000120703175,0.00062573556,-0.00013682118,-0.005092876,-0.03453848,-0.00054718653,-0.0017934978,0.006444344,-0.0033026868,-0.004616213,-0.00033368907,0.004138758,-0.00071135134,-0.007116623,0.002855125
CD86,0.00031483464,-0.0013251298,0.006148512,-0.013376925,0.20436329,0.04597667,-0.0051551918,-0.04797784,-0.00025629846,-0.04160234,-0.011748424,-0.029764716,-0.00030996662,-0.007976121,-0.031750187,-0.0001630623,-0.0008650871,-0.00028838567,-0.007870158,-0.04771918,-0.0013840902,-0.0025764655,-0.0003001212,-0.0052858638,-0.006767217,0.0010760516,0.019526038,-0.0010814521,-0.010277408,-0.0015839352
CSTA,-0.00019311333,-0.008735942,-0.012625203,-0.028285988,0.36027306,0.027103381,-0.0066628633,-0.06462758,-0.0003168435,-0.056167398,-0.015227637,-0.04063724,-0.00044014066,-0.010858665,-0.0421043,-0.00014383839,-0.0012589876,-0.0003744396,-0.010216047,-0.06304212,-0.001833488,-0.003470169,-0.0014789837,-0.0062383153,-0.009063797,-0.00050833926,0.015409291,-0.0014568649,-0.013617376,-0.0032002258
PARP14,-0.00012894254,0.010094038,0.0073516075,0.03614558,0.09012021,0.011591914,-0.0024779125,-0.050069228,-0.00011935478,-0.03175912,-0.0075914524,-0.031165635,-6.5162276e-05,-0.006767467,-0.0088192895,-0.0004080461,-0.0006052736,-8.196139e-05,-0.0068674516,0.009699627,0.0011118754,0.00023941357,-0.0009916943,-0.008630535,-0.006548425,-0.00048628068,0.00206258,-0.0006828467,-0.0018312796,-0.0023193532
MYLK,9.887713e-05,-0.0014541077,-0.0018539971,-0.0032165542,-0.013146937,-0.0030998972,-0.0011171957,-0.009574165,-6.5710134e-05,-0.0088014295,-0.0026861292,-0.0060944236,-7.885211e-05,-0.0015446137,-0.007163596,-5.9139416e-05,0.00015593007,-6.571008e-05,-0.0017589303,-0.0097742835,-0.00021690615,-0.00045274428,-0.00025134181,0.073475294,-0.0014657156,0.000956305,0.0010251827,-0.00024641238,-0.002271241,0.0007480882
ITGB5,-9.716398e-07,-0.0009734826,-0.0017046073,-0.004045652,-0.01052856,-0.0027214042,-0.0009733937,-0.008093178,-5.2615807e-05,-0.007598356,-0.0021205323,-0.0053767045,-6.313895e-05,-0.0015100772,-0.005337527,-4.7354253e-05,-3.5746518e-05,-5.2615815e-05,-0.0012653524,-0.008679428,-0.0002578178,-5.5471563e-05,-3.4881206e-05,0.06344543,-0.0012733046,8.823657e-05,0.0014919487,-0.00019731028,-0.0017901232,-0.00023599435
MCM2,-9.665657e-06,0.0018006134,0.002183708,0.004550546,-0.02302556,-0.003555079,-0.00013197404,-0.0049378267,0.0020386283,-0.004720916,-0.0011146758,-0.00031329627,0.0030724779,-0.000885274,0.0011056345,-7.2267016e-05,0.0012142358,6.7207395e-05,-0.00038957872,0.009778664,0.012506038,-2.8147372e-06,0.00082770735,-1.399727e-06,-0.00062540773,0.00014317753,0.0002166372,-0.00012822474,0.0004703094,-6.146225e-05
MGLL,0.0007520571,-0.0022548588,-0.0015531683,-0.00967163,0.021810707,0.047230925,-0.0024631454,-0.023069626,-0.00010974298,-0.018544253,-0.0048050806,-0.014062135,-0.00014268185,-0.0036668358,-0.0140316775,-7.3416406e-05,0.0024358477,7.519142e-05,-0.0035431655,-0.021720093,-0.0006192583,-0.0010669734,0.0014201503,0.048365872,-0.0032156606,0.00058246136,0.0020352204,-0.00052209286,-0.0047339513,0.0051613017
GATA2,4.7876318e-05,-0.0006767587,-0.0009735598,-0.002763159,-0.010838977,-0.0020789606,-0.0006545223,-0.0056127463,4.0984665e-05,-0.004901884,-0.0014832886,-0.0035011286,-4.245557e-05,-0.00084181194,-0.0035072006,-3.184144e-05,0.016333528,-3.5379795e-05,-0.000773772,-0.005664466,-4.6043675e-05,-0.00033433753,-6.202328e-05,0.031416178,-0.0008561877,-5.8376543e-05,-0.00081841956,-0.00013267333,-0.00084611867,-0.00030249494
GP9,-6.473831e-05,-0.0015521334,-0.0022786085,-0.005376174,-0.019895155,-0.0037594982,-0.0012980989,-0.011762464,-7.3986565e-05,-0.009952568,-0.0029427924,-0.0075347824,-8.878402e-05,-0.002028638,-0.0076404815,-6.658821e-05,-0.00023675834,-4.2877087e-05,-0.0019665603,-0.011958776,-0.00036253434,-0.00065910013,-0.00028300012,0.098658316,-0.0016758316,-0.00012207827,-0.0017688872,-0.00021994808,-0.00259346,-0.00045308567
H1FX,0.0002590421,-0.0096481815,-0.015444926,-0.0010707494,0.07247922,-0.002312793,-0.0021458818,0.010223088,0.00020756686,0.0082505755,-0.00010954862,-0.011924766,-1.3873583e-05,-0.00068576954,-0.010744866,-0.000401454,0.0010026004,-0.00030591578,0.0011511199,-0.028999269,0.0013997876,-0.0020977447,-0.00087669026,-0.009298589,0.0010397371,0.00034517894,0.0011006626,-0.00018434685,-0.0045086453,0.0033154576
TRH,0.0006213694,-0.00015356834,-0.00022276219,-0.0005098243,-0.00021518608,-0.0004130482,-0.0001207651,-0.001130138,-6.5278264e-06,-0.0009770569,-0.000273681,-0.0007054946,-7.833394e-06,-0.00018734955,-0.0007680014,-5.875078e-06,0.0050246688,-6.527824e-06,-0.0001813116,-0.0011415627,-3.198652e-05,-6.16881e-05,-2.4968891e-05,-0.00014671375,-0.00015797417,-1.0770928e-05,0.0021383832,-2.4479354e-05,-0.00024348783,-5.581293e-05
EPHB1,0.0036163537,-0.00013182589,-0.000684135,-0.0028329184,-0.015042377,-0.002168824,-0.00081839156,-0.006005654,0.00018906016,-0.005630738,-0.0015601559,-0.0047809593,-5.3085023e-05,-0.0011016877,-0.0043874877,-3.9813498e-05,-0.00014155978,-4.4237644e-05,-0.00060949114,-0.006703876,-0.0002167638,-0.00041804332,-0.0001692081,-0.00086061563,-0.0010705424,-7.299155e-05,-0.00011305023,-0.00016589065,-0.0007520691,0.052770905
CLSTN2,-8.065533e-06,-0.00021684803,-0.00031455682,-0.0007199106,-0.0010345551,0.0014949065,0.0028868688,-0.0015958272,-9.217739e-06,-0.0013796664,-0.00038645425,-0.0009962111,-1.1061359e-05,-0.0002645485,-0.0010844641,-8.295965e-06,-2.9496987e-05,-9.217744e-06,-0.00025602264,-0.0016119541,-4.516705e-05,-8.710754e-05,-3.5257766e-05,-0.00020716827,-0.0002230695,0.0052446146,-0.00022929252,-3.4566616e-05,0.0012503631,-7.881146e-05
CHST2,-0.00010607064,-0.0010657853,-0.0057652057,-0.009771093,-0.027592387,0.03425135,-0.0040450464,-0.030590242,-0.00010036521,-0.03022387,-0.00878827,-0.020054989,-7.79705e-05,-0.0060347277,-0.018021114,-0.00018304407,-0.00065599167,-0.00018000959,-0.0058825766,0.13757773,0.005131712,0.0033761163,0.0010200564,-0.0020663398,-0.0048073805,4.2916457e-05,-3.4809273e-05,-0.0005815073,-0.003109343,-0.001662236
PLOD2,-2.3838558e-05,-0.00064091565,-0.00092970085,-0.0021277496,-0.008596553,-0.0017238634,-0.0005040151,-0.004430777,-2.7244143e-05,-0.0038205725,-0.0011421995,-0.0029443824,-3.2692726e-05,-0.00078190403,-0.0027054902,-2.4519622e-05,0.003993183,-2.724416e-05,-0.0007567025,-0.00421052,-0.00013349544,-0.000257456,-0.00010420749,0.034590364,-0.000659302,-4.4952707e-05,-0.00058203674,-0.000102164384,-0.001016202,-0.00023293501
PLSCR1,0.00021450904,-0.005103399,-0.007776892,-0.019749219,0.21941629,0.017842593,-0.004967426,-0.050432783,-1.7054146e-05,-0.038414553,-0.008994801,-0.030769316,5.4658223e-05,-0.0067312317,-0.02592982,-0.0001877253,-0.00029035477,-0.00020537038,-0.0055759707,-0.022943845,-0.00019375721,-0.0006393466,-0.0010431098,-0.00471012,-0.0072591007,4.220787e-06,0.014092648,-0.0009567622,-0.00839152,-0.00034135435
CPB1,-6.243711e-06,-0.00016786663,-0.00024350543,-0.0005572966,0.00078427955,-0.0004515103,-0.00013201054,-0.0012353706,-7.1357167e-06,-0.0010680328,-0.0002991618,-0.0007711888,-8.5628e-06,-0.000204793,0.002457325,-6.422071e-06,0.004376637,-7.135716e-06,-0.00019819301,-0.0012478465,-3.4964705e-05,-6.743243e-05,-2.7294072e-05,-0.00016037434,-0.00017268419,-1.1773969e-05,-0.00017750125,-2.6758888e-05,-0.00026616242,-6.1010018e-05
CPA3,-1.3811012e-05,-0.00037131784,-0.0005386291,-0.0012327273,-0.005923912,-0.0009987305,-0.00029200446,-0.0027326064,-1.5783919e-05,-0.0023624615,-0.00066174404,-0.0017058566,-1.8940797e-05,-0.00045300313,-0.0018569923,-1.4205634e-05,0.023463216,-1.5783942e-05,-0.00043840217,-0.0015911864,-7.734132e-05,-0.00014915853,-6.0374074e-05,-0.00035474502,-0.00038197168,-2.6043695e-05,-0.0003926283,-5.918996e-05,-0.0005887436,-0.00013495325
TM4SF1,-8.507573e-06,0.0002516764,-0.00033179394,-0.0007593583,-0.0034464651,-0.00061521697,-0.0001798735,-0.0016832667,-9.722956e-06,-0.0014552751,-0.0004076315,-0.001050798,-1.1667464e-05,-0.00027904756,-0.0011438921,-8.750534e-06,0.0031698437,-9.722946e-06,-0.00027005153,-0.0017002805,-4.7642214e-05,-9.188092e-05,-3.7190006e-05,0.011101984,-0.00023529449,-1.6042752e-05,-0.00024185627,-3.646088e-05,-0.0003626639,-8.313075e-05
LINC01214,-1.5745347e-05,-0.00042332005,-0.00061407324,-0.0014053809,-0.006233111,0.026480744,-0.00033290414,-0.0031153078,-1.7994827e-05,-0.0026933593,-0.0007544262,-0.0019447632,-2.1593301e-05,-0.00051644875,-0.002117077,-1.6195054e-05,-5.7583096e-05,-1.7994804e-05,-0.0004998011,-0.0031468207,-8.8174274e-05,-0.00017004968,-6.882974e-05,-0.0004044313,-0.0004354689,-2.9691113e-05,-0.00044761767,-6.7479516e-05,-0.00067120313,-0.00015385456
MINDY4B,0.0024813525,-0.00011561041,-0.00016770372,-0.00038381515,-0.0010799046,-0.0003109566,-9.091631e-05,-0.00085079647,-4.914374e-06,-0.00073555775,-0.00020603322,-0.0005311172,-5.897235e-06,-0.00014104375,-0.00057817553,-4.4228973e-06,-1.5725978e-05,-4.91438e-06,-0.000136497,-0.00085939874,-2.4080311e-05,-4.6440524e-05,-1.8797595e-05,-0.00011045102,-0.00011892775,-8.108761e-06,0.0008583807,-1.842903e-05,-0.00018330564,0.0034122847
MED12L,0.00078670785,-0.00038171065,4.4906043e-05,-0.002242347,-0.0057981187,-0.0008575472,-0.00069185806,-0.005963251,-3.7397986e-05,-0.0034315686,-0.00097027654,-0.003728125,-4.487743e-05,-0.00062961143,-0.0026600019,-3.365794e-05,0.01053173,0.0002215628,0.0019854906,-0.0017646679,0.0004894169,0.00027531377,-0.00014304584,0.009854854,-0.00032124098,3.353964e-05,0.0029361486,-0.00014024143,-0.0010658337,0.003745729
P2RY14,0.00060474384,-0.0007269187,0.0008121462,0.045817178,-0.030972406,-0.004562275,-0.0013306243,-0.013207864,-5.0715586e-05,-0.009206468,-0.0016514476,-0.008772359,-0.00010166837,-0.0012766407,-0.008442551,-7.625045e-05,-4.6030287e-05,0.00022837524,0.008339645,-0.012602007,-0.00033703638,0.00092347496,-0.00032406623,-0.0015446098,-0.0014563759,0.0030112816,0.013276006,-0.00031771124,-0.0022700015,0.02626353
P2RY13,-0.00016815406,-0.005748595,-0.00837656,-0.019375697,0.22142138,0.04374031,-0.004564946,-0.043631606,-0.00025088308,-0.037718616,-0.010572406,-0.026988702,-0.00031172883,-0.007325646,-0.029063197,-0.00010998177,-0.0007527863,-0.00021801486,-0.0069246613,-0.042705134,-0.0012455311,-0.002327712,-0.0009469911,-0.0043526813,-0.006073534,-0.0002363548,0.0070256363,-0.0009360104,-0.009175569,-0.0020861507
SUCNR1,6.531306e-05,-0.00078881613,-0.0011442512,-0.0022970021,-0.0015626315,0.008797402,-0.00041781322,-0.0055113933,-3.3530985e-05,-0.004714468,-0.001405788,-0.0033515193,-4.0237155e-05,-0.0009623429,-0.0037229836,-3.0177918e-05,3.505847e-05,-3.3530978e-05,-0.00093132316,-0.005863724,-0.00016430186,-0.00031686653,-0.00012825585,0.023864023,-0.00081145135,-5.5326087e-05,-7.098966e-05,-0.00012574138,-0.00125071,0.0029734143
MME,-3.003109e-05,-0.00038898454,0.0018507228,0.014668042,0.0011591729,-0.0019901984,-0.0006349394,-0.005673132,-3.4321045e-05,-0.0031598618,-0.0011154416,-0.003454195,0.00018507281,-0.0009850146,-0.0036668582,-3.0889118e-05,0.0017886917,0.0003090361,-0.0009532699,-0.0054773525,-0.00016817279,-0.00032433379,-0.0001312784,-0.0007713687,-0.0008305679,-5.6629753e-05,-0.0008537359,-0.00012870469,0.0049866554,0.005911881
SSR3,0.00046030225,-0.0041188104,-0.0049964846,-0.017791193,0.10070853,0.022391314,-0.0011244199,-0.04244555,0.00051987637,-0.0069736936,-0.0012064488,-0.025090167,0.00019478804,-0.0012178908,-0.009141985,-0.00031782218,0.00016134816,2.2951826e-05,0.0032835326,-0.019083614,0.0006464929,-0.0009996293,0.006066113,-0.007226532,-0.006074202,0.00050724065,0.010338645,-0.0006139342,-0.0036074114,0.0067285546
TIPARP,0.00010513197,-0.003631274,-0.005214717,-0.011566591,0.0042319875,-0.0029571778,0.0018412767,-0.026309386,0.00024505644,0.012739325,0.0071292017,-0.013921982,6.8572714e-05,0.0014945111,0.0110558495,-0.00019656667,-0.0002689053,0.00011535679,0.00702245,0.01942955,8.4274056e-05,0.0009809143,-0.00031011688,-0.0033808062,-0.0037889276,1.2580169e-06,0.003656161,9.9013065e-05,0.0020929778,-0.0008464903
PTX3,-0.00010277904,-0.0024752351,-0.0035767206,-0.008158694,0.11837134,0.00092828885,-0.002113009,-0.018772092,-0.00011746142,-0.016492572,-0.0046063312,-0.012041161,-0.00014095356,-0.0030624848,-0.012056251,4.514686e-06,-0.0002886094,-3.5897076e-05,-0.0029977576,-0.018838746,-0.00049779675,-0.0009952988,-0.00044928936,-0.002080126,-0.0027892583,-0.00019381191,-0.0012553645,-0.0004404799,-0.0037587436,-0.00096700597
RARRES1,-9.717466e-06,-0.0002612611,-0.00037898132,-0.00023337975,-0.0034423424,-0.00031669624,-0.0002054549,-0.0011431074,-1.1105568e-05,-0.00047674085,0.00037896264,-0.00055637374,-1.3326722e-05,-0.00031873246,-0.0013065804,-9.995102e-06,0.0004752374,-1.110557e-05,-0.00030845992,-0.00084617594,-5.4417953e-05,-0.00010494868,-4.247917e-05,0.008807045,-0.00026875583,0.0002860399,-0.000276253,-4.1646144e-05,0.0007856985,-9.4953095e-05
C3orf80,-1.5515654e-05,-0.0004171477,-0.0006051092,-0.001384885,-0.006778364,-0.00083877856,-0.00032804388,-0.0030698867,-1.7732145e-05,-0.0026540693,-0.0007434195,-0.0019164053,-2.1278702e-05,-0.00050891296,-0.001378976,-1.5958965e-05,0.023578906,-1.7732178e-05,-0.0004925114,-0.001867216,-8.688741e-05,-0.00016756821,-6.782517e-05,0.000942612,-0.00042911613,-2.9257897e-05,-0.0004410873,-6.6495886e-05,-9.812259e-06,-0.00015161038
SMC4,1.0202138e-05,-3.3847712e-06,0.0023626043,-0.0023672495,-0.013310267,0.00031018475,0.0014485818,-0.011584871,0.0020794275,-0.0033209722,-0.0016417378,-0.012438501,0.001731379,0.00026933476,0.008081611,-0.00019752831,0.0015044694,3.0924406e-05,-0.0025423123,0.014933061,0.009150927,0.00036771045,0.002684168,-0.0030213464,-0.0012416973,7.4811665e-05,0.0011422859,0.0007362984,0.0032382205,0.0015137617
SPTSSB,-4.2854677e-05,-0.0010219346,-0.0014404347,-0.0032755604,-0.019151162,-0.002562929,-0.00090607064,-0.008157731,-4.8976788e-05,-0.0062391427,-0.001085548,-0.0050211158,-5.8772097e-05,-0.001229154,-0.0046044444,-4.407918e-05,-0.0001567261,-4.8976766e-05,0.006852488,0.010895275,0.00033651054,0.039746426,-0.00013610511,-0.00036413263,-0.0008751976,-8.081169e-05,-0.0011199744,-0.00018366239,0.00044364648,-0.00041875016
SKIL,-4.748591e-05,0.00067748025,-0.0041350164,0.0054798406,0.12813291,0.028267927,-0.004137784,-0.03534938,-0.00022026103,-0.03497331,-0.007919589,-0.025211124,-0.00015777457,-0.0067110746,-0.019402575,-0.00020278101,-0.00061843015,5.620223e-05,-0.0035918697,-0.008819615,-0.00012809435,0.00076482294,-0.00023697922,-0.0047449344,-0.0061407005,-3.4146353e-05,0.006239923,-0.00068696996,-0.00570925,-0.00044006284
TNFSF10,-0.00026134527,-0.007697041,-0.010289246,-0.02356752,0.20217966,0.05382737,-0.005371452,-0.031708896,-2.4956498e-05,-0.017952174,-0.004816564,-0.03694778,-0.00025022822,-0.0046882997,-0.03437398,-0.00027467243,-0.0005677555,1.0154522e-05,-0.007813487,-0.037682556,-0.00077811483,-0.0005270467,-0.0011749662,-0.007102458,-0.0073884143,-0.00056221493,-0.000432844,-0.0010255658,-0.009948378,-0.0027892634
NLGN1,-2.3235914e-06,-6.247016e-05,-9.0618574e-05,-0.00020739454,-0.0007019583,-0.00016802725,-4.9126924e-05,0.0014599743,-2.6555017e-06,-0.0003974605,-0.0001113323,-0.00028699674,-3.1865766e-06,-7.621339e-05,-0.0003124208,-2.3899731e-06,-8.49765e-06,-2.6555022e-06,-7.375607e-05,0.0014738884,-1.3011803e-05,-2.5094561e-05,-1.0157439e-05,-5.968252e-05,-6.4262684e-05,-4.3816653e-06,-6.6055276e-05,-9.95804e-06,-9.905114e-05,-2.2704393e-05
B3GNT5,-0.00010445578,-0.0026798388,-0.003747892,-0.008991264,0.12125922,-0.0018969005,-0.0018855487,-0.019676352,-8.339338e-05,-0.016556125,-0.004645219,-0.012489825,-0.000113341004,-0.0031936886,-0.012524825,-0.000107440705,0.00022704867,-0.00011937947,-0.002723192,-0.019094659,-0.0004499577,-0.0010311541,-0.00039004177,-0.002482423,-0.002888962,-0.00019697413,0.0018829765,-0.0004476707,-0.0042335023,-0.0006153239
LIPH,-1.642026e-05,-0.00044147068,-0.0006403893,-0.001465627,-0.0066007427,-0.0011874192,-0.00034717287,-0.0030378848,-1.8766e-05,-0.002808801,-0.00078676635,-0.0014007348,-2.251914e-05,-0.0005385823,-0.001980753,-1.6889435e-05,-6.005129e-05,-1.8766003e-05,-0.0005212248,-0.0018557233,0.00017001967,-0.00017733844,0.00012650008,0.025080286,-0.00045413763,7.8203026e-05,-0.00036301196,-7.0372575e-05,-0.0004630716,-0.00016044994
AHSG,-3.3875198e-15,7.845153e-15,1.6062213e-14,-4.2818535e-14,1.1614756e-13,-2.3703868e-14,-1.6063089e-14,2.5935317e-14,2.40863e-15,-6.6859224e-14,1.4532478e-14,2.7300148e-14,-3.91819e-15,-2.828079e-14,3.0608725e-14,5.7645734e-15,1.0294131e-14,2.7489612e-15,-2.3035486e-14,-1.430021e-13,1.1823866e-14,-4.631306e-16,-6.260951e-15,-1.5723637e-14,-4.5565738e-14,-1.0028358e-14,-2.4528382e-14,4.2688275e-15,5.1716254e-14,-1.5595574e-14
BCL6,-4.3454173e-05,-0.0051586954,-0.008562463,-0.0103151705,0.23390454,0.011467079,-0.0041434173,-0.046252064,-0.00022844813,-0.037482593,-0.009285941,-0.029049823,-0.0003341538,-0.006767196,-0.0245717,-0.00019128616,-0.0007763196,-0.00024277429,-0.0047972864,-0.035182968,-0.0009485512,-0.0018400737,-0.0010132862,-0.005473819,-0.0060448125,0.0008643092,0.0030500898,-0.0008279672,-0.007782248,-0.0019691768
CCDC50,0.0020419282,0.027095377,0.027943974,0.02796271,0.030028848,-0.0017034393,-0.0017014559,-0.040680684,3.6557245e-05,-0.024713267,-0.0063704485,-0.026642814,7.925777e-05,-0.005863669,-0.015908508,-0.00015211184,-0.00045280476,5.4569045e-05,-0.0055362387,-0.017119778,-6.04838e-05,-0.00016977612,0.0019872643,-0.00436734,-0.0036736885,-0.00021375791,0.013064483,-0.000870451,-0.0044285078,0.030334225
HES1,-5.0686234e-05,0.0055564623,0.00025844766,0.0024651932,0.010696378,0.031084128,-0.0010716567,-0.008910515,-5.792729e-05,-0.007862671,-0.0020278518,-0.0057594418,-6.951303e-05,-0.0016625151,-0.005964541,-5.213468e-05,-8.437291e-05,-5.7927315e-05,-0.0016089326,-0.009786422,-0.00017608014,-0.0005474149,0.00021913495,-0.00069148594,-0.0014018412,-9.557969e-05,0.00031977263,-0.00021722865,-0.0020151292,-0.00042763544
APOD,-4.879818e-06,0.0032867272,-0.00019031276,0.0051336326,-0.0023590259,-0.00035287885,-0.000103172686,-0.0009655058,-5.5769247e-06,-0.0008347237,-0.0002338116,-0.0006027238,-6.692317e-06,-0.00016005778,-0.000656121,-5.019207e-06,-1.7846143e-05,-5.5769324e-06,-0.00015489824,-0.00097526197,-2.7326834e-05,-5.2701667e-05,-2.1331505e-05,-0.00012534195,-0.00013496076,-9.201944e-06,-0.00013872601,-2.0913469e-05,-0.00020801839,-4.7682715e-05
TFRC,0.000327573,0.0011530522,0.007860006,-0.003844,0.047722,0.019613486,-0.0010926534,-0.023378957,0.00014708108,-0.0069551263,-0.0028182906,-0.013370162,0.00020612555,-0.0017831054,-0.0042850543,-9.459267e-05,0.0017342834,9.860716e-05,-0.0019995465,-0.017114429,0.00035726666,-0.00089786865,0.0021590914,-0.0046734684,-0.0021617794,0.0003222012,0.0004792479,-0.000278972,-0.001916005,0.004483764
SPON2,-0.00015295825,-0.0048558605,-0.0076658893,-0.017267117,-0.09623611,-0.013876519,0.0033160602,-0.03815003,-0.00011569529,-0.03161589,-0.008004521,-0.02135203,0.00026789348,-0.0058781267,0.018304927,-0.0002013457,-0.0006953496,-0.0001800385,-0.004406351,0.23700833,0.0054225135,-0.00083862705,-0.000720747,-0.0045464165,-0.0049992297,-0.0003695079,-0.00564152,-0.0006493805,0.0052133068,-0.001113401
CYTL1,0.000118776414,-0.00086609396,-0.0013427911,-0.0031748428,-0.0038049014,-0.0019358277,-0.0008074634,-0.0069522155,-4.3646345e-05,-0.006361786,-0.0015885198,-0.004559304,-5.2376214e-05,-0.0010767523,-0.0017704793,-3.9281902e-05,0.01985407,-4.364638e-05,-0.0012122833,0.016548164,0.00059776055,0.003116509,-0.000166948,-0.0009809611,-0.0008887262,-1.6616445e-05,-0.000885788,-0.00016367492,-0.0011272209,-0.0003731788
S100P,-6.40914e-05,-0.0016198088,-0.002499552,-0.00551611,0.06668869,-0.00025731575,-0.00116246,-0.010943317,0.0002499394,-0.007140919,-0.002191276,-0.0074332715,0.00012483429,-0.0017206375,-0.00701998,-6.592206e-05,-0.00023439099,-7.324683e-05,-0.0015176465,-0.009239015,-0.00013395632,-0.00069218344,-0.00022009561,-0.0011838521,-0.0012955443,-0.00012085826,-0.0017579133,-0.00027467712,-0.0021229298,-0.00056234933
FAM90A26,-1.0176681e-05,-0.00027360616,-0.00039689,-0.0009083421,-0.00212156,-0.00073592045,-0.0002151646,0.007445998,-1.16304855e-05,0.004743814,-0.00048760738,-0.001256963,-1.3956519e-05,-0.00033379544,-0.0013683287,-1.046748e-05,-3.7217433e-05,-1.1630493e-05,-0.0003230366,-0.002033877,-5.6989567e-05,-0.000109907305,-4.4486365e-05,-0.00026139518,-0.00028145686,-1.9190278e-05,-0.00028930718,-4.3614305e-05,-0.00043381614,-9.94404e-05
CLNK,0.0001685177,0.0022592435,0.011587829,0.0062338547,-0.018634865,-0.0024483064,-0.0009086319,-0.00754108,-4.9115606e-05,-0.005372965,-0.0020591586,-0.004815863,-5.89385e-05,-0.0014096088,-0.0046211644,-4.420361e-05,0.001907107,0.0007261665,-0.0013641753,-0.002181422,0.00018343737,0.004382178,4.4009797e-05,-0.00052112475,0.0091127,0.014372683,0.0016052163,-2.0404581e-05,-0.0016587578,0.0011268766
BST1,-0.0001915407,-0.006187466,-0.009008312,-0.020080911,0.2844971,0.003910283,-0.0049185897,-0.045582287,-0.0002436405,-0.03999709,-0.011202596,-0.028948765,-0.00033283798,-0.00773512,-0.030527111,-0.00011612332,-0.0005060511,-0.00020828123,-0.0073741307,-0.045387473,-0.0012930592,-0.0025259082,-0.0010051072,-0.0048959935,-0.006397007,-0.00043093288,-0.0006295336,-0.0009970962,-0.009921731,-0.0017628974
CD38,0.00015810326,-0.0024890816,-0.002987869,0.0064298385,-0.03825257,-0.007449912,-0.0028935694,-0.013623588,0.0009299596,-0.02306932,-0.006862149,-0.013209423,0.00024693587,-0.004804591,-0.013509891,-0.00016557172,0.0005014598,-0.00018397054,-0.0048365537,0.11771223,0.005222219,0.003506123,0.007914277,-0.003154301,-0.004041241,0.0008208766,0.0009457955,0.0010600983,-0.0045208912,0.00060668815
FGFBP2,-0.00024238444,-0.0060130307,-0.008980527,-0.020704173,-0.115050144,-0.017289173,0.018054029,-0.046778124,-0.0002185992,-0.040897235,-0.010954544,-0.026938973,0.00061187556,-0.00771017,0.07283734,-0.0002290488,-0.000880706,-0.00026776426,-0.0074633784,0.22145803,0.0044675153,-0.0007890703,-0.0009723287,-0.0044742925,-0.0066687497,-0.00043997364,-0.006865818,-0.0005141359,0.016300071,-0.0023880096
PROM1,-1.3154582e-05,-0.00035367036,-0.00051303004,-0.0011741467,-0.00597991,-0.000698118,-0.00027812697,-0.0026027334,-1.5033762e-05,-0.0010825703,-0.00063029415,-0.001624778,-1.804062e-05,1.4132175e-05,-0.00040332868,-1.3530362e-05,0.01974588,-1.5033793e-05,-0.00041756462,-0.002194198,-7.366584e-05,-0.00014206975,-5.7504352e-05,-0.00033788555,-0.00036381945,-2.4805733e-05,-0.00037396894,-5.637677e-05,-0.00056076195,0.00025809693
LAP3,0.00039228122,-0.0045530885,-0.0072522853,-0.018191513,0.1802556,0.02380935,-0.0034714541,-0.04646981,0.00019907716,-0.034145337,-0.009023972,-0.026419224,0.00022760507,-0.006919523,-0.022275107,-0.00023177384,-0.00024368256,-0.00014725409,-0.006011079,-0.020245094,0.00018319536,-0.0015861094,0.00056465477,-0.0056371093,-0.0061831204,0.00088603824,0.015263358,-0.00068192615,-0.006695263,0.0046024877
NCAPG,-3.3751185e-05,0.00037995132,-0.000100613135,-0.0011938689,-0.010139585,-0.001867609,-0.00020374412,-0.004780541,0.0055316556,-0.003103906,-0.000507846,-0.0032544308,0.0028874879,-0.0007843513,0.0018926434,-3.4715555e-05,2.682221e-05,-3.8572663e-05,-0.0010713581,-0.0021403772,0.01685856,0.00039975723,0.0028264471,-0.00042733233,-0.00093346176,-6.364532e-05,0.00011208938,-0.00014464803,-3.4850964e-05,-5.6138993e-05
SEL1L3,0.00083643466,0.015218282,0.03634488,0.057778306,-0.07259668,-0.011907016,-0.00040320778,-0.01865843,-2.5784544e-05,-0.0017548974,0.0017850278,-0.008640895,6.219546e-05,0.001048144,0.0001911612,-0.00015476673,-0.00039005213,-1.8666089e-05,-6.089551e-07,-0.0103659425,0.0001000831,-0.00018487808,0.005480327,-0.0029479847,-0.0017865082,0.00034582627,-0.000498169,-8.083521e-06,6.026027e-05,0.01109143
LINC02357,-3.928164e-06,-0.000105612344,-0.00015319869,-0.00035061844,0.0006026247,-0.00028406258,-8.305333e-05,0.0039556287,-4.489315e-06,-0.00067194516,-0.00018821492,-0.00048518225,-5.3872e-06,-0.00012884439,-0.0005281683,-4.040412e-06,-1.4365814e-05,-4.4893227e-06,-0.0001246908,-0.0007850713,-2.199785e-05,-4.242417e-05,-1.7171718e-05,-0.000100898615,-0.00010864217,-7.407341e-06,-0.000111671965,-1.6834929e-05,-0.00016745277,-3.8384034e-05
DTHD1,-0.00010656957,-0.002625393,-0.003972964,-0.009165051,-0.04990412,-0.007394328,-0.0015733419,-0.020546788,1.5712709e-05,-0.016756602,-0.0023294354,-0.0123864785,7.6844335e-05,-0.002795961,0.02437313,-0.00010961493,-0.0003897404,-0.00012179398,-0.0015079564,0.10318536,0.0016033662,0.0003542385,-0.00040926322,-0.0015092125,-0.002866948,-0.00017815862,-0.0028593373,0.0017895787,0.00912286,-0.0010125516
TLR10,0.00011524387,0.031996883,0.05209207,0.05236053,-0.03711389,-0.0017496471,-0.0021753518,-0.019507175,-0.00011758737,-0.016706895,-0.004620597,-0.011981638,-0.00014110401,-0.0030877255,-0.012657373,-0.000105828,-0.00032198083,-0.00011758732,-0.003265955,-0.019733442,-0.0005761739,-0.0009476145,-6.744024e-05,-0.0025810793,-0.0025779419,0.002092468,0.003372128,-0.0004409507,-0.004252222,0.0028178673
TMEM156,0.00013281041,0.015121214,0.030705938,0.052778106,-0.07946553,-0.011280826,0.00012595743,-0.01094645,3.4100125e-05,0.014052795,0.0008879851,-0.0071773883,0.00023798646,-0.0014243026,-0.0036446466,-0.00017461544,-2.7624883e-05,-0.00010522897,-6.830779e-05,0.0007447074,-0.00028277427,8.0115664e-05,0.0042123147,-0.003695629,-0.0012898495,0.00028774413,-0.0013389384,0.00049674406,-8.167957e-05,0.0011051542
RBM47,9.752777e-05,-0.003589217,-0.005948938,-0.018138953,0.23944645,0.011533296,-0.0045933905,-0.042670835,-0.00024054885,-0.03721888,-0.010379892,-0.02715977,-0.00026383463,-0.00715357,-0.028816665,-0.0001562317,-0.00081474945,-0.00021338629,-0.006960443,-0.042957854,-0.0011237513,-0.0023132137,0.0013944987,-0.004323676,-0.006183125,0.00045974585,0.0062198066,-0.0009507579,-0.008860426,0.0018817657
UCHL1,-1.4871949e-05,-0.0003998396,0.0048196563,-0.0013274221,-0.005640774,-0.0006532038,-0.00031443214,-0.0022928861,-1.6996373e-05,-0.0017323948,-0.00014845585,-0.0018368923,-2.0395722e-05,-0.00048779664,-0.0019996327,-1.5296744e-05,0.0069920667,-1.6996375e-05,-0.0004720729,-0.0014139955,-8.328188e-05,-0.00016061637,0.0072944565,0.0006414272,0.00020776156,-2.8043962e-05,-3.609195e-05,-6.373682e-05,-0.00063396204,-0.00014531899
GSX2,-2.3452938e-06,-6.30549e-05,0.004227828,-0.00020933349,-0.0011337823,-0.00016959789,-4.958638e-05,-0.00046403377,-2.68034e-06,-0.00040117887,-0.00011237316,-0.00028967782,-3.2164119e-06,-7.692554e-05,-0.0003153417,-2.4123094e-06,-8.577082e-06,-2.6803407e-06,-7.44464e-05,-0.00046872476,-1.31336665e-05,-2.5329275e-05,-1.0252296e-05,-6.0240745e-05,-6.486418e-05,-4.4225444e-06,-6.667332e-05,-1.005127e-05,-9.997628e-05,-2.2916842e-05
KIT,0.00050136144,-0.00081518583,-0.0011824876,-0.0025090056,-0.014276552,-0.0018786293,-0.0003891072,-0.0057992153,-3.465158e-05,0.003806669,0.001310812,-0.0035172699,-4.158215e-05,-0.00041499277,-0.0036833917,-3.1186475e-05,0.007465517,0.00422161,0.0059220083,-0.0016611692,-0.00016979418,0.009949085,-0.00013254312,7.5742835e-05,-0.0008385726,0.0013795774,0.0040560197,-0.0001299438,-0.0008868149,-0.0002962716
KDR,0.0009986896,-0.00011523772,-0.00016716222,-0.00038257378,-0.0020720828,-0.00030995416,-9.062285e-05,-0.00084805867,-4.898509e-06,-0.0007331872,-0.00020537103,-0.00052941,-5.8782525e-06,-0.0001405875,-0.0005763116,-4.408668e-06,-1.5675269e-05,-4.8985085e-06,-0.00013605582,0.004712499,-2.4002655e-05,-4.6290985e-05,-1.873687e-05,0.0012116706,-0.000118543976,-8.082594e-06,-0.00012185046,-1.8369592e-05,-0.00018271459,-4.1882566e-05
NMU,-1.6126633e-05,-0.00019244953,-0.00062894035,-0.0006277435,-0.0071832715,-0.00081596605,0.00019367364,-0.0027741527,0.00021536756,0.0086700665,0.003662782,-0.0019918752,-2.2116585e-05,-8.6242355e-05,-0.0013412674,-1.6587484e-05,-5.8977592e-05,-1.8430539e-05,0.0069644493,-0.0026739703,3.0244182e-05,-0.00017416905,-7.049726e-05,-0.00041422763,-0.0004460187,-3.0410352e-05,-0.00011143033,9.068258e-05,2.5199888e-05,-0.00015758113
HOPX,-0.0002715863,-0.005431614,-0.0037289662,-0.016788248,-0.12364346,-0.018078968,0.012952235,-0.050511856,-4.2808893e-05,-0.019226642,0.004929935,-0.030364754,0.00084881607,0.0017386763,0.040910773,-0.00026781455,0.0004971317,0.00040987303,0.009844267,0.1883201,0.004870092,0.01127033,-0.0010924443,-0.0045611747,-0.0070047406,-0.0004831256,-0.0073924544,-0.0010594924,0.015765121,-0.0024068465
SPINK2,-8.634324e-05,-0.0019887136,-0.0009420413,0.0011039316,-0.03938731,-0.0055631413,-0.0009616644,0.010142618,-9.867831e-05,0.002875759,-0.0007986638,0.03541831,-0.0001184147,0.0052009095,-0.006660189,-8.1693756e-08,0.014997838,0.0015299714,-0.0021794173,-0.015602124,-0.00020379949,0.008376433,-5.7997113e-05,-0.0014156344,0.0019790602,0.00012547428,-0.0021932945,0.0001142327,-0.0028615724,-0.000745283
IGFBP7,4.9956798e-05,-0.0052986853,-0.007916438,-0.01809018,0.028778542,-0.0016836629,-0.004145329,-0.040377244,-0.0001884441,-0.03525509,-0.009710615,-0.025232581,-0.00016584084,-0.006694724,-0.0235982,-0.00014608685,0.0025292782,7.381835e-05,-0.006350311,0.15048775,0.0066351183,0.004237363,-0.0008542921,-0.0047361176,-0.005710468,0.0009867497,0.012301016,-0.0008609718,-0.0070273816,-0.0020372353
TMPRSS11E,-1.2979303e-05,-0.00034895993,0.00069871044,-0.00082776987,-0.005205137,-0.00093859143,-0.00027442066,-0.002041999,-1.4833571e-05,0.001559843,-0.0002658001,0.00039957487,-1.7800126e-05,0.011766581,-0.0010360689,-1.3350161e-05,-4.7467318e-05,0.0008401061,-0.00041199947,-0.0020948348,-7.268392e-05,0.00023810689,-5.6738147e-05,-0.00033338362,-0.0003589717,-2.4475325e-05,-0.0003689837,-5.562549e-05,-0.0005532934,-0.00012682621
UGT2B17,-2.3061402e-05,0.00014715866,0.004081205,0.026025599,-0.010497502,-0.0013121677,-0.00048758608,-0.0041623325,-2.635593e-05,-0.0036239435,-0.0011049751,-0.002848421,-3.162723e-05,-0.0005046178,-0.002715043,-2.372029e-05,-8.433944e-05,-2.6355912e-05,-0.0007320355,-0.004105335,-0.00012914433,0.00010921118,0.0047023967,-0.0005923509,-0.00063781824,-4.3487475e-05,-0.0006556061,0.00022832963,-0.00070088694,-0.00022534297
ENAM,-1.0384961e-05,0.00039858258,0.0006663128,0.0005509327,-0.0050203935,-0.00075098267,-0.00021956867,-0.0014724955,-1.1868463e-05,-0.00048003986,0.00014821232,-0.0005225912,-1.4242268e-05,-0.00034062794,-0.0005609133,-1.068168e-05,-3.7979495e-05,-1.1868467e-05,-0.00032964814,-0.0020755148,-5.815587e-05,-0.00011215796,0.0060737897,-0.000266746,-0.0002872182,-1.9583165e-05,-0.0002952292,-4.45072e-05,-0.00044269735,0.0055583045
JCHAIN,0.0007594494,0.01892416,0.039902236,0.030011915,-0.048065633,-0.007404005,-0.001559472,-0.016822435,-0.000149001,-0.0152406925,-0.0040536034,-0.011662824,-0.00016708388,-0.0026383686,-0.009433774,-0.00010335655,0.00014108044,-1.1381959e-05,-0.0028334206,-0.013073724,-0.00045484325,-0.00064843526,0.02318141,-0.00024381414,-0.0024547344,-0.00024978357,-0.0031230985,-0.0004124488,-0.002924908,0.030810619
RASSF6,-3.9588016e-05,0.0017453963,0.035331126,-0.0008333025,-0.018108929,-0.0027094968,-0.00062860025,-0.004541949,-4.5243585e-05,0.012753289,-0.0008527406,-0.0046996255,-5.4292355e-05,-0.0011365127,-0.003937552,-4.071899e-05,0.00031118837,-4.524355e-05,-0.0012566425,-0.0070186546,-0.0002216938,-0.0004275512,0.00070774823,-0.0010168521,3.1456246e-05,-7.4651936e-05,-0.0011254348,-0.00016966349,-0.001508367,-0.00038683266
CXCL8,-0.00020620291,-0.0048457487,-0.0068977093,-0.01607821,0.23865725,-0.0068923687,-0.0040495535,-0.038477246,-0.0002105542,-0.033709437,-0.009066808,-0.024727678,-0.00028667387,-0.006477194,-0.023515593,-0.00015941988,-0.00078763167,-0.00023961315,-0.0061039682,-0.034887582,-0.001072855,-0.0017583795,-0.00085956155,-0.0020925824,-0.0055598584,-0.0003437996,0.00043189665,-0.000912018,-0.006993082,-0.001877365
PF4V1,-3.6333677e-05,-0.0008648916,-0.0012275436,-0.003187392,-0.008886891,-0.0019594005,-0.00065104465,-0.0071888613,-4.15243e-05,-0.0062151453,-0.001740898,-0.0044877115,-4.9829017e-05,-0.0011059402,-0.004087686,-3.7371807e-05,-0.00013287729,-4.1524305e-05,-0.0011533343,-0.006390573,-0.0002034687,-0.00039240342,-8.51053e-05,0.053788383,-0.0010048838,-6.851458e-05,-0.0009386453,-0.0001557159,-0.0011963636,-0.0002564441
CXCL1,-4.3334912e-05,-0.0011650862,-0.0016900536,-0.0035038388,0.053341474,-0.002907198,-0.000916222,-0.008444356,-4.9525326e-05,-0.006747277,-0.0014179135,-0.0052246973,-5.943067e-05,-0.0014213865,-0.0049582254,5.1766165e-05,-0.00015848171,-4.952534e-05,-0.0013755725,-0.00798347,-0.0002426745,-0.0004680147,-0.0001894346,0.00025468227,-0.0011985193,-1.0617537e-05,-0.0011100582,-0.00018572103,-0.0017038513,-0.0004234451
PF4,-7.4356176e-05,-0.001953195,-0.0026771666,-0.0061632553,-0.007908161,-0.0013536508,-0.0012427971,-0.014537016,-0.00011177757,-0.013129088,-0.0033764576,-0.00982119,-5.0324626e-05,-0.0026582524,-0.00889213,-0.00010060112,-0.0003576919,-4.0605784e-05,-0.002317135,-0.0130809555,-0.00045075943,-0.00088738045,-0.00039677304,0.09939653,-0.0022195221,-0.00016706981,-0.0020491728,-0.0004097291,-0.0028970386,-7.363496e-05
PPBP,-9.471238e-05,-0.0018862766,-0.002917246,-0.0056327097,-0.0040294044,-0.0015281043,-0.0012716202,-0.015483736,-0.00011455529,-0.01397006,-0.0038925465,-0.010192944,-0.00010363292,-0.0028850017,-0.0091070905,-6.912314e-05,-0.0003656766,-0.00010404985,-0.002555133,-0.013792724,-0.0005253075,-0.0008515895,-0.0003813197,0.099343784,-0.0022789203,-0.00013864903,-0.0022592738,-0.00026815716,-0.002691864,4.7814297e-05
CXCL5,-4.5476478e-05,-0.0012226743,-0.0016277591,-0.0036447926,-0.012086447,-0.0025969346,-0.00096151093,-0.008548183,-5.197347e-05,-0.007581134,-0.0020365762,-0.0052549853,-6.2367915e-05,-0.00142861,-0.0059215426,-4.6775942e-05,-0.00010829644,-5.197345e-05,-0.001282559,-0.008347194,-0.00025467033,-0.0004274495,-0.00019879766,0.06867238,-0.0012577557,-8.5755855e-05,-0.001217392,-0.00019489924,-0.0018012833,-0.00032651407
CXCL3,-8.8419576e-05,-0.0023113994,-0.0029061153,-0.0061438074,0.091516815,-0.0014932671,-0.0016878841,-0.015478718,-0.000101051046,-0.013394346,-0.003552897,-0.010156257,-7.6424105e-05,-0.002676634,-0.009666376,-9.094639e-05,-6.919783e-05,-0.00010105099,-0.002497914,-0.013965229,-0.00036314336,-0.00077249296,-0.00036026162,0.0027904238,-0.0022649814,-0.00016673577,0.0002136034,-0.0003789444,-0.0029742075,-0.000782291
CXCL2,-0.00012942952,-0.002735789,-0.004128818,-0.009312548,0.14042021,-0.002712833,-0.0023247849,-0.022591906,-0.00013824177,-0.019859651,-0.005451942,-0.01424338,-0.00016053747,-0.0037346003,-0.013969087,-0.00013312785,-0.0003575911,-0.00011393423,-0.0038013875,-0.02113498,-0.0006548236,-0.0011015647,-0.00044277232,-0.0013714342,-0.0032268872,-0.0001793199,-0.000519844,-0.00047681574,-0.004574174,-0.000837526
EREG,-0.00013178625,-0.004192304,-0.0057639545,-0.013073935,0.18230556,-0.0071165254,-0.0030508502,-0.029572854,-0.00018664374,-0.025513723,-0.0071846773,-0.018720005,-0.00019197361,-0.0047449865,-0.019586815,-0.00010939523,0.0022514064,-8.044695e-05,-0.004800059,-0.028953105,-0.00086552673,-0.0016113835,-0.0006482949,-0.0031431557,-0.004321803,-0.00030117147,0.00761067,-0.00063748227,-0.0061627184,-0.0015023203
AREG,0.0002882792,0.0008850903,-0.0019522755,0.0016552634,-0.03490967,-0.010169195,-0.0021608355,-0.020647801,-0.00018150426,-0.0012123476,-0.00039659755,-0.014963281,-0.00017706545,-0.00088997587,-0.00471423,-0.00014650743,-0.00012994968,0.0013854952,0.0038560801,0.05428086,0.00097677,0.017493347,-0.0005508145,-0.0031097818,-0.0038820123,-0.00013696539,0.019780926,-0.0005108437,-0.0005591964,0.00079861673
NAAA,-7.419539e-05,-0.004245736,-0.0050986395,-0.022137662,0.13239303,0.06188251,-0.0025825975,-0.032611396,-7.926477e-05,-0.017575145,-0.005171703,-0.02200258,-0.00029200906,-0.0044268556,-0.01857533,-0.00021363473,-0.0007849473,-0.00025340862,-0.0059321085,-0.03253205,-0.0005626565,-0.0023435713,-0.0011229506,-0.007501558,-0.0036949578,0.0010781512,0.0031062376,-0.0007493001,-0.006475568,-0.0014197284
CXCL9,-1.4837459e-05,-0.00022011438,-0.00033755315,-0.0013243438,0.010753282,0.001622652,-0.00031370416,-0.0029356848,-1.6957076e-05,-0.0025380373,-0.0007109236,-0.0012334185,-2.0348376e-05,-0.00048666654,-0.0013287043,-1.5261325e-05,0.00025793412,-1.6957036e-05,-0.0004709824,-0.002965359,-8.308969e-05,-0.0001602445,-6.486076e-05,-0.0003811097,-0.0004103606,0.0009970696,0.0026504658,-6.358883e-05,-0.00018224491,1.3979096e-05
CXCL10,-4.2013697e-05,-0.0011295715,-0.0010104796,-0.0033256519,0.027836915,0.015179956,-0.0008023943,-0.0064345794,-4.801569e-05,-0.0062410324,-0.0017582948,-0.0044987546,-5.7618778e-05,-0.0012776407,-0.0043181856,-4.3214168e-05,5.025925e-05,-4.8015656e-05,-0.00115423,-0.0067389,-0.00023527602,-0.00036329884,-0.00018366033,-0.00023219726,-0.0011619807,-7.922617e-05,-6.264269e-05,-5.760071e-05,-0.0013520815,-0.00041053334
CXCL11,-1.4220974e-05,-0.000382339,-0.0005546143,-0.0012693213,0.014779477,-0.00019709149,-0.00030066996,-0.0028137167,-1.6252472e-05,-0.0024325922,-0.0006813829,-0.0017564831,-1.9502793e-05,0.0002946906,-0.0019121,-1.4627156e-05,-5.2007996e-05,-1.6252445e-05,-0.00045141333,-0.0019035672,-7.963718e-05,-0.00015358548,-6.216573e-05,-0.00036527426,-0.00039330995,-2.6816675e-05,0.0016008882,-6.0946986e-05,-0.00060621777,-0.0001389589
ANXA3,-2.215295e-05,-0.00059559627,-0.00086396426,-0.00095314876,-0.0047775456,-0.00020746663,-8.2799634e-05,-0.004023654,-2.5317526e-05,-0.0035757676,-0.0010614427,-0.0027362003,-3.0380923e-05,-0.00072661106,-0.0029786085,-2.27858e-05,0.00036809355,-2.5317511e-05,-0.00070319884,-0.0037695176,-0.00012405669,-0.00023925118,0.0006100503,0.028826846,-0.00061268645,-4.1773943e-05,-0.0006297728,-9.494099e-05,-0.0006645673,-0.00021646578
LINC02469,-2.529469e-06,-6.800671e-05,-9.86493e-05,-0.00022577298,-0.0012228178,-0.00018291679,-5.3480177e-05,-0.0005004738,-2.890821e-06,-0.00043268406,-0.00012119787,-0.00031242517,-3.4689867e-06,-8.296641e-05,-0.00034010524,-2.6017406e-06,-9.250599e-06,-2.8908225e-06,-8.0292484e-05,-0.00050553284,-1.4164985e-05,-2.731822e-05,-1.1057344e-05,0.0045935176,-6.9957976e-05,-4.7698463e-06,-7.190901e-05,-1.0840502e-05,-0.000107827465,-2.4716559e-05
BMP3,-1.37252555e-05,0.0012524889,0.00018967032,0.019704483,-0.006635238,-0.0009925376,-0.0002901931,-0.002715652,-1.5686082e-05,-0.0023478046,-0.00065763737,-0.0010981972,-1.8823255e-05,-0.00045019187,-0.0018454707,-1.4117443e-05,-5.0195424e-05,-1.5686071e-05,-0.00043568242,-0.0027431073,-7.6861856e-05,0.0012564335,-5.999912e-05,-0.00035254532,-0.0003796048,-2.5882155e-05,-0.0003901918,-5.8823105e-05,-0.00058509293,-0.00013411627
RASGEF1B,2.7240441e-05,0.0019335424,-0.002038788,-0.0007736027,0.13945755,0.025874779,-0.0037453796,-0.032657593,-0.0001859555,-0.027739966,-0.0069720605,-0.019436946,-0.00021634548,-0.0052124127,-0.020178435,-0.00019822698,-0.00043220332,-4.2047803e-05,-0.0050568604,-0.029183984,-0.0006881683,-0.00052953453,-0.00065904553,-0.0032735527,-0.0048539536,-0.0003634145,-0.0003991739,-0.00069060083,-0.0065283747,0.0047630016
PLAC8,0.00094908796,0.008652147,0.005459159,0.013062289,-0.082012095,0.026346063,0.001231346,-0.012610176,-0.00025469533,-0.029647045,-0.006670433,-0.01021261,-0.00019328122,-0.008808904,-0.0023020233,-0.0005212048,-0.0004210148,6.0326936e-05,-0.0029989427,0.10622431,0.0021933669,0.0065690605,-0.0017622369,-0.0111102415,-0.0077238786,-0.0010525082,-0.008038854,-0.000515675,0.0044822614,0.011626193
GPAT3,1.6521773e-05,-0.0037558689,-0.0056687174,-0.012887194,0.12800056,0.005297135,-0.0029731134,-0.025518427,-0.00017463732,-0.016663032,-0.003911285,-0.016563455,-0.00014070437,-0.0034629668,-0.01830082,-0.00012292803,-0.00015935539,-0.00017463726,-0.0029611909,-0.02915338,-0.0008557142,-0.0016503119,-0.0006238757,-0.0035243551,-0.0034278699,0.0011049394,0.026127405,-0.0006000154,-0.005882071,-0.0013908936
ARHGAP24,-0.00013690883,0.035501692,0.026737738,0.06816245,0.07418228,-0.0062737647,-0.003974335,-0.03660569,-0.00021482895,-0.031503692,-0.008836498,-0.02277921,-0.00025779358,-0.0061189192,-0.024514101,-0.0001799646,-0.0006093682,-0.00015093217,-0.005820304,-0.03607258,-0.0009836042,-0.001993066,-0.00074031076,-0.0038182954,-0.005158883,-0.00030481594,-0.0022323744,-0.0008056045,-0.0077699814,0.0032719073
PTPN13,-5.8985403e-05,-0.001317833,-0.0021287694,-0.0046775513,-0.018628377,0.014901771,-0.0011480312,-0.0102666775,0.00016821029,0.046217892,0.0066770995,-0.0062758606,-8.0893864e-05,-0.0017014305,-0.0066349157,-6.0670467e-05,-0.00015365178,-6.741219e-05,0.0025773775,-0.010490704,-0.00021130762,-0.00052630214,-0.0002578503,-0.0009897865,-0.0011990331,-7.076639e-05,-0.0010315484,-0.00025279287,-0.001844989,-0.000466279
SPARCL1,-4.4659287e-06,0.0011049315,-0.0001741723,-0.00039861805,-0.002158962,-0.00032294806,-9.442305e-05,-0.0008836152,-5.1039788e-06,-0.0007639272,-0.00021398292,-0.00055160414,-6.1247506e-06,-0.00014648231,-0.0006004715,-4.5935512e-06,-1.6332542e-05,-5.103978e-06,-0.00014176131,0.006107313,-2.5009202e-05,-4.8231956e-05,-1.9522717e-05,-0.00011471027,-0.00012351503,-8.421501e-06,-0.00012696089,-1.9139628e-05,-0.00019037793,-4.3638513e-05
SPP1,-1.1443489e-06,-3.0766565e-05,-4.4629473e-05,-0.000102141086,-0.00055320637,-8.275288e-05,-2.4194711e-05,-0.00022641767,-1.3078252e-06,-0.00019574865,-5.4830412e-05,-0.0001413427,-1.5693839e-06,-3.753457e-05,-0.00015386539,-1.1770273e-06,0.0021033292,-1.3078254e-06,-3.6324825e-05,-0.00022870497,-6.408351e-06,-1.2358953e-05,-5.0023814e-06,-2.9393179e-05,-3.16495e-05,-2.1579199e-06,-3.25321e-05,-4.90436e-06,-4.8782033e-05,-1.1181918e-05
HERC5,-9.720232e-06,-0.00094493676,-0.00051974197,-0.0063422397,0.022628868,0.010756512,-0.00013585323,-0.017697869,-6.985236e-05,0.002382108,0.0022285294,-0.014702209,0.00028752725,0.0005259715,0.00283884,-0.00012075772,-0.00031454305,9.363439e-05,-0.0013166729,0.0045541287,0.001175489,4.2520183e-05,-0.0002672281,-0.0036681765,-0.0011019732,-0.00036046782,-0.0018922152,-0.00046986423,0.0007048472,0.0017153001
FAM13A,-0.00010362347,-0.0037166656,-0.0051893997,-0.012020218,0.08211237,-0.0036159218,-0.0018802974,4.302586e-05,-9.787392e-05,0.007838906,-0.005089433,-0.01763431,-0.00016872295,-0.003495764,-0.012187601,-0.00016481605,0.00016484834,-3.9831255e-05,-0.0025883326,-0.015737979,-0.0005853783,-0.00016298963,-0.00053562724,-0.003544938,0.00205626,-0.0002540916,-0.00072634185,-0.00048854214,-0.0023687612,0.00018206362
SNCA,0.0005200429,-0.0026156409,-0.0040274463,-0.008527659,0.04342972,-0.0026471457,-0.0021341152,-0.020019773,-8.9858e-05,-0.01589173,-0.0045251558,-0.012143811,-0.00014608432,-0.0032799,-0.013278718,0.0032160112,0.001983761,-5.4010183e-05,-0.0032493318,-0.018248396,-0.00041368048,-0.00031062527,-0.0004414423,0.0623868,-0.0027145725,-0.00015740212,0.0051838546,-0.0003643464,-0.004338766,0.0028994863
MMRN1,0.0005286873,-0.0012962809,-0.0018181766,-0.0012144857,-0.019138617,-0.0033240363,-0.00092665904,-0.0056591914,-6.5111e-06,-0.005877621,-0.0016911709,-0.0057655233,-6.612298e-05,-0.001493312,-0.0062742135,-4.9591952e-05,0.002488325,0.00026158904,-0.0015304626,-0.005018191,-8.311314e-05,0.004593067,-0.00021076699,0.053924914,-0.0009602401,-9.091917e-05,-0.001236144,-5.265513e-05,-0.0018422644,0.0038297565
CCSER1,0.00012947149,0.01934883,0.009666462,0.052916527,-0.027804868,-0.0044458234,-0.0016841581,-0.014590307,-9.103492e-05,-0.008971922,-0.0034891726,-0.009462839,-0.00010924263,-0.0018474944,-0.010060096,-8.1931285e-05,-3.4383494e-05,2.9324765e-05,-0.0025284903,-0.015082044,-0.00036205692,0.000256487,-3.1880034e-05,-0.0018174266,-0.0022030598,0.004660185,0.021402324,-0.00034138252,-0.0031341948,-0.00023549877
HPGDS,-1.7620645e-05,-0.00047374252,-0.0006872022,-0.001208405,-0.005905737,-0.0012742248,-0.0003725491,-0.0023054627,0.00023764862,0.00024502966,-0.0004581025,-0.0012779156,-2.4165402e-05,0.0009412762,-0.002044189,-1.8124043e-05,0.016360434,0.0023513546,-0.00055933016,-0.0015020965,-9.867555e-05,-0.00019030231,-7.702708e-05,-0.00045259995,-0.0004873376,-3.322748e-05,0.00033108983,-7.5517484e-05,-0.0007511427,-0.00017217937
DAPP1,0.00033365627,0.010906528,0.00947175,0.022044811,0.113258205,0.010805041,-0.0049774195,-0.03694615,-5.3709802e-05,-0.028361635,-0.008675188,-0.025695171,-0.00026918537,-0.0066163335,-0.029885214,-0.0001858899,-0.0002687281,-0.00017087575,-0.0076033906,-0.048154235,-0.0013414648,-0.0019568386,-4.826649e-05,0.03666659,-0.0051357825,0.0013464356,0.011975413,-0.00093372504,-0.010167227,0.00063762814
H2AFZ,0.0002556591,-0.003574373,-0.0060003013,-0.022242928,0.033619333,0.028471574,-0.00019259653,-0.019557698,0.0016246982,0.0015100907,-0.003154565,-0.015021182,0.0014707219,-0.00035237093,-0.0011486969,-0.00036519792,0.0004053163,-0.0002447022,-0.0026332864,0.0046481346,0.0062509733,-0.0009750225,0.0009360334,-0.0036488462,-0.0010626558,0.00044799907,0.0038427662,6.614216e-05,-0.0035575,0.0001824214
BANK1,-6.743092e-05,0.048810292,0.06808653,0.13519163,-0.067252845,-0.0118130725,-0.0034005595,-0.0326139,-0.00019982072,-0.028329445,-0.008042303,-0.020653002,-0.0001695849,-0.005292167,-0.021643063,-0.0001798384,-0.00045259838,-0.00017918373,-0.0049203997,-0.032046955,-0.00095745816,-0.0015582149,3.868673e-05,0.0005554179,-0.004495848,0.00029184026,-0.0006616662,-0.00072145346,-0.0068853367,-0.0004382549
SLC39A8,-0.000127162,-0.00246867,-0.0042157173,-0.0027124938,-0.00900274,-0.007219315,0.0006444674,-0.0035963692,0.0001941825,0.01490928,0.006612582,-0.0004909285,0.00014264775,0.0035036935,0.001568286,-0.00013079567,0.0013213439,-6.295201e-06,0.0027132153,-0.0014055436,0.001242907,0.0009958037,0.00019288412,-0.0016015533,-0.0008712732,-3.0246886e-06,-0.0011704034,-3.1818923e-05,0.0011749812,-0.0001621262
NFKB1,0.00019864787,-0.0019653316,-0.0034360664,-0.009863009,0.09827211,0.0028566327,-0.0043290155,-0.015882209,0.0003692729,-0.0057324134,-0.0032282863,0.002602763,3.5485744e-05,0.00024196983,-0.01885459,-0.00017460804,-0.00058234145,0.0004904848,-0.0048211417,-0.029490797,-0.00028457903,0.0006805292,-0.0006340625,-0.006945913,-0.003758805,-3.8505317e-05,0.008172554,8.37176e-05,-0.0041041235,0.000121580095
CENPE,3.6414487e-05,-0.00057903654,5.8797108e-05,-0.003104894,-0.012559598,0.011345262,0.00050785654,-0.008489329,0.0036863645,-0.0043190503,-0.001352368,-0.00570593,0.002633347,-0.0015292786,0.00536106,-3.2648895e-05,-0.00020371008,-8.273428e-05,-0.0014293584,0.0020556867,0.010553419,0.00045836772,0.0020830191,-0.0005250942,0.00041465607,-1.1966276e-05,-0.00031642016,1.0817395e-05,0.00031057713,0.00072576094
LEF1,-0.00028310748,-0.0069653094,-0.009553513,-0.022479694,-0.13055679,-0.019728348,-0.0044648196,0.13791142,0.00025500596,0.04037947,-0.003946351,0.08570231,-0.000105808846,0.0060419226,-0.014890798,-0.00015831628,-0.0009825026,6.0332688e-05,-0.008042802,-0.04634335,-0.0011420461,-0.0007376854,-0.0010838358,-0.004941793,0.015072867,-0.0005554588,-0.007890004,0.0024649983,-0.0005929645,-0.002443117
PDE5A,-1.7930477e-05,-0.0009488935,-0.0010817904,-0.0040601953,-0.016736625,-0.0032069369,-0.0005207489,-0.008716003,-6.306707e-05,-0.0053413454,-0.0020013808,-0.0053489744,-4.013884e-05,-0.0008666811,-0.0037722162,-5.6760215e-05,-0.00011823455,-6.306708e-05,-0.0016729753,-0.0066280565,-0.0001556416,-0.0005205307,-0.00024123037,0.06695329,-0.0015262178,-0.00010406005,-0.001383183,-0.00020637001,-0.0011969081,-0.00035694952
MAD2L1,1.20839995e-05,-0.0012787463,-0.0006018179,-0.0028411772,-0.043411855,-0.0055484576,-0.0002717033,0.009775834,0.0026101528,0.011840887,0.0026040066,0.014127526,0.0021799977,0.0040202336,0.0022309073,3.5248355e-05,0.0009608751,3.5406792e-05,-0.00054689613,-0.0070710485,0.008392968,0.0006248577,0.0013041927,-0.001573491,0.002062279,-0.0001743525,-0.0016661083,0.00097298156,0.00019852463,0.00099645
TNIP3,-4.5871202e-05,-0.0010689256,-0.0015079847,-0.0033249692,-0.0076235635,-0.0028681378,4.4484714e-05,-0.004552457,0.00022682574,-0.0055588693,-0.00066953764,-0.0021821333,0.0002837463,0.0024062763,0.025344642,-4.718177e-05,-0.00016775726,-5.24245e-05,0.0005138114,0.0020761245,0.00021891196,-0.0004954092,-3.4763154e-05,-0.0008158669,-0.0012686617,-8.64997e-05,-0.0006657707,-0.00019659128,0.002566812,-0.00044822728
ANXA5,0.00041880587,-0.0076411264,-0.005706305,-0.026174663,0.2697536,0.050708167,-0.0016428531,-0.07741328,0.00059374166,-0.029682552,-0.009038218,-0.04860682,0.0005033534,-0.006032703,-0.020236455,-0.00034256632,-0.001253503,-0.00023541498,-0.005539265,-0.07020285,-0.0012609649,-0.0037123016,0.00025322076,-0.0071106027,-0.0076527433,0.00070606126,0.018332897,-0.0012096349,-0.00888953,-0.0016858246
TMEM155,-5.171331e-06,-0.0001390359,-0.00020168045,-0.00046157604,-0.00039906357,-0.0003739581,-0.000109337285,-0.0010231911,-5.9100707e-06,-0.00088459806,-0.00024778285,-0.0006387391,-7.0920423e-06,-0.00016962082,-0.000695324,-5.319094e-06,-1.8912371e-05,-5.9100735e-06,-0.00016415401,0.0016255907,-2.8959745e-05,-5.585063e-05,-2.2605935e-05,-0.00013283004,-0.00014302507,-9.75168e-06,-0.0001470137,0.0047417367,-0.00022044545,-5.053162e-05
CCNA2,-5.9870225e-05,0.0005554395,0.0013178564,-2.4088635e-05,-0.01842414,-0.0031301193,0.00024478097,-0.001992259,0.004117347,0.0009607996,0.0007294879,-0.0019643323,0.0019055784,0.0005308823,0.0048186835,-6.1580686e-05,0.00024088917,-6.842297e-05,0.00019040504,0.0020332,0.0077317073,0.0002969931,0.0009796742,-0.0015378086,-0.0006874069,-4.7428952e-07,-0.0005216053,0.0007969107,0.00085926085,0.00016216977
IL21,-3.0207527e-06,-8.121656e-05,-0.00011780994,-0.000269624,-0.0014603223,-0.00021844408,-6.386752e-05,-0.000597683,0.00069960864,0.002166186,-0.0001447387,-0.00037311175,-4.1427643e-06,-9.9081175e-05,-0.00040616567,-3.1070826e-06,-1.10473575e-05,-3.4522932e-06,-9.588873e-05,0.0015736399,-1.6916347e-05,-3.2624383e-05,-1.3205197e-05,-7.759098e-05,-8.354659e-05,-5.696358e-06,-8.587626e-05,-1.294617e-05,-0.00012877127,-2.9517205e-05
AC110609.1,-5.0207573e-15,-3.1268336e-14,5.2277623e-14,-1.9114666e-14,2.2073088e-13,-3.846791e-14,-2.2942509e-14,-1.437389e-13,-3.5427742e-15,7.9405856e-14,5.581426e-14,-1.2543823e-13,-6.904857e-15,6.0522753e-15,9.400149e-14,-8.824043e-15,1.7556862e-14,-2.8550952e-15,-3.2619134e-14,1.0906727e-13,3.975205e-15,8.5609e-15,-1.651306e-14,-3.399098e-14,5.5491473e-14,-1.8749774e-14,-1.9212904e-14,5.188182e-15,-2.7212433e-14,4.07976e-14
SNHG27,-1.3332548e-15,-2.2805676e-14,-7.1083533e-14,7.544819e-14,1.4371085e-14,-4.965322e-14,3.939242e-14,1.1384594e-13,-1.093269e-14,-5.268462e-14,-2.6468617e-14,-7.170806e-14,5.3803855e-15,1.9577796e-15,1.5016661e-14,-5.315477e-15,-2.5349385e-14,-1.0511663e-14,-3.8415285e-14,-3.2805087e-13,-2.3588087e-14,-8.260567e-14,-2.4585142e-15,-1.00913364e-13,-3.341558e-14,1.7263897e-14,7.550433e-14,1.5615747e-14,-1.320624e-13,-9.778372e-15
SLC7A11,0.00015164839,-0.00083489576,-0.00092254125,-0.0020162272,-0.0060327942,-0.0015067812,0.00050073664,-0.0057716286,-3.5489637e-05,-0.0053119203,-0.00093741674,-0.003551595,-4.258757e-05,-0.0010185582,-0.0035023834,-3.194081e-05,-0.00011356753,0.00043838308,-0.0009857288,-0.0036960803,-0.0001738995,-0.00033537732,0.0018247371,-0.000646696,-0.0004469911,0.0003164456,0.0016815226,-0.00013308658,-0.0013237656,0.034458496
TBC1D9,0.000648035,0.017167792,0.015778936,0.00586919,0.14462903,0.006280957,-0.0039653247,-0.03799967,-0.00021650644,-0.033022813,-0.009013194,-0.023764374,-0.0002761673,-0.0062515573,-0.025035895,-0.000114436356,-0.0006635224,-0.00023013719,-0.0062092016,-0.037285827,-0.0010979276,-0.0020382479,0.0008791181,-0.0041415854,-0.0053740363,0.0006653835,0.010533224,-0.0008173905,-0.007765453,0.0028322495
LINC02432,-5.6621735e-05,-0.0026306352,-0.0038338392,-0.008707416,0.061634064,0.065290295,-0.0021349813,-0.01930328,-0.00012011448,-0.016821686,-0.0048102583,-0.012270355,-0.00014413733,-0.0031141806,-0.013566247,-5.240149e-05,-0.00038436573,-0.00012011448,-0.0032006013,-0.019977381,-0.0005885597,-0.0011350785,-0.0003559976,-0.0022102376,-0.0028251389,-0.00019818805,-0.0025900886,-0.00045043015,-0.00435467,-0.00096733763
GYPB,-8.991155e-06,0.0008036866,-0.00035065593,0.002223748,-0.003931745,-0.00022527698,-0.00019009873,-0.0017789631,-1.0275632e-05,-0.0015380022,0.00016758757,-0.00054166163,-1.2330727e-05,-0.00029491147,-0.00047856753,0.007295037,0.002017445,-1.0275648e-05,-0.00028540593,-0.0014017946,-5.0350725e-05,-9.710499e-05,-3.93043e-05,-0.00023094557,-0.00024867072,-1.6954833e-05,-0.0002556074,-3.853369e-05,-0.0003832797,-8.7856526e-05
GYPA,-9.031242e-06,-0.00024281432,-0.00035222026,-0.00080610934,-0.0028743292,0.0005396009,-0.00019094805,-0.0017869151,-1.0321506e-05,-0.0004239079,-0.00043273016,0.00033188972,0.0010539815,-0.00029622612,0.00025124656,0.0057807085,0.00031808187,-1.0321504e-05,-0.00028667966,-5.812871e-05,-5.0575138e-05,-9.753791e-05,-3.9479648e-05,-0.00023197563,-0.00024978112,-1.7030346e-05,-0.00025674683,-3.8705504e-05,0.0005752363,-8.824898e-05
AC097375.1,0.000318417,-0.0007170436,-0.0010401307,-0.0020028283,-0.012031267,-0.0019286234,-0.0005638804,-0.0049051484,-3.0479898e-05,-0.0042765182,-0.0012778753,-0.003061209,-3.657597e-05,-0.00087477476,-0.002753361,-2.7432021e-05,-9.7535754e-05,-3.0479894e-05,-0.00084658223,-0.004610612,-0.00014935211,0.0004853012,-0.00011658546,0.0005696864,-0.00073761283,-5.029197e-05,-0.00075818814,-0.00011430005,-0.00030940204,0.041974723
MND1,-2.7882448e-05,-0.00034291978,-4.4729255e-05,-0.0009361892,-0.008509706,-0.0017149217,-2.4264722e-05,-0.0044570426,0.0051510883,-0.0009977855,2.8006869e-05,-0.0018145263,0.0023940725,-0.0009145407,-0.0024024548,0.00019575316,0.00072467624,-3.186584e-05,-0.00088506704,-0.0020318816,0.015012818,-6.254811e-06,0.00076692284,-0.0002536507,-6.204627e-05,0.00032086053,0.0019469117,4.2827323e-06,-0.00081523304,-0.00027245196
TLR2,-0.0002506159,-0.0066378075,-0.009656003,-0.021695742,0.29624873,0.012841409,-0.005274444,-0.049204104,-0.00026943142,-0.04280371,-0.011983368,-0.03148901,-0.0003636957,-0.008347477,-0.033174224,-0.00012323535,-0.000894305,-0.0002707273,-0.008117402,-0.049785428,-0.0014189176,-0.0024882883,-0.0011139256,-0.0051626824,-0.0070703244,-0.0004183608,0.002985235,-0.0011365487,-0.010506637,-0.0024194203
GUCY1A1,0.00036402303,-0.0018130344,-0.0026299618,-0.002989788,-0.022225153,0.026192382,-0.0011992021,-0.012681872,-7.7068216e-05,-0.0110659795,-0.0030394485,-0.007936529,-9.248189e-05,-0.0018193747,-0.008152841,-6.9361464e-05,0.005616678,0.0010890214,-0.0019837508,0.006842316,0.00059256784,0.0032183223,-0.0002548969,0.026866142,-0.0018650588,0.00049251097,0.0014858093,-0.0002890069,-0.002717658,0.010142664
GUCY1B1,5.357469e-05,-0.0012415657,-0.0016738854,-0.0038742912,-0.015389972,0.013507988,-0.00083588605,-0.009137083,-5.5452674e-05,-0.0077622808,-0.0022462541,-0.005683908,-6.6542896e-05,-0.0014238678,-0.0056143887,-4.990723e-05,0.002463523,-5.545265e-05,-0.0015402028,-0.0032737893,0.000597779,-0.00045802357,-0.0002121064,0.04736315,-0.0012156861,-2.3419756e-05,-0.00017502357,-0.00020794758,-0.0018508267,8.164402e-05
FAM198B,1.5404306e-05,-0.0058609103,-0.008300559,-0.018250195,0.2631662,0.0017582955,-0.004315283,-0.04144922,-0.00023694019,-0.036448542,-0.010072015,-0.026516646,-0.00026252243,-0.006969389,-0.028445814,-0.00016357629,-0.0007782241,-0.00025601534,-0.0067838556,-0.04159249,-0.0011867407,-0.0022145542,-0.0009089453,-0.0046472964,-0.0060691074,-0.00041277747,-0.001311148,-0.0008846863,-0.008617627,-0.001984206
C4orf45,-2.2838115e-06,-6.140113e-05,-8.906736e-05,-0.00020384365,0.001695414,-0.00016515139,-4.828562e-05,-0.00045186712,-2.6100706e-06,-0.00039065635,-0.000109426015,-0.0002820813,-3.132074e-06,-7.4907904e-05,-0.00030707175,-2.3490436e-06,-8.352084e-06,-2.61007e-06,-7.249394e-05,-0.0004564291,-1.2789193e-05,-2.4664918e-05,-9.983356e-06,-5.866083e-05,-6.316318e-05,-4.30653e-06,0.001341676,-9.78772e-06,-9.735462e-05,-2.231592e-05
RAPGEF2,-9.031185e-05,-0.0027794838,-0.0047212695,-0.0075663636,0.11068949,0.0034073142,-0.0014717806,-0.02722995,-0.00010579675,-0.016407443,-0.0034868196,-0.018665075,-0.00014193148,-0.003516812,-0.0045424607,-0.00019231613,0.0011566402,-7.879087e-05,-0.0015615943,-0.015638705,-0.00048930047,-0.00040468117,0.0007671189,-0.00223512,-0.0035290527,-8.479893e-06,0.0012911055,-0.00060108805,-0.0020619838,0.0002149991
MARCH1,8.031924e-05,0.015757993,0.019618146,0.058280077,0.23190473,0.027004879,-0.00713694,-0.06687524,-0.00040395092,-0.057898328,-0.016369764,-0.041635603,-0.00047356347,-0.010918426,-0.04454012,-0.0002323827,-0.0012137911,-0.0003841887,-0.010910813,-0.06637154,-0.001944898,-0.003617346,-0.0015142943,-0.0070345504,-0.009307116,0.000725362,0.008679525,-0.0014003186,-0.013773345,0.001904886
MFAP3L,-3.8914583e-05,-0.00096191437,-0.001212714,-0.0028953108,-0.011548226,-0.002405927,-0.00082276674,-0.0065209656,-4.4473752e-05,-0.0052691395,-0.0017848171,-0.0040941625,-5.3368723e-05,-0.0010009581,-0.0045599905,-4.0026425e-05,-0.00014231676,-4.4473745e-05,-0.0005880692,-0.0062305727,-0.00021792232,-0.00042027893,-0.0001701133,0.05469439,-0.0009620323,-4.1539788e-05,-0.0009902543,-0.00016677729,-0.0012093122,-0.00025710292
HMGB2,-0.00022231921,-0.0023509131,-0.0031573852,-0.008588627,0.08471137,-0.009337163,0.0017096284,-0.028262692,0.001997043,0.003190614,-0.0003127945,-0.02664058,0.001963385,-0.00046085857,0.007138966,-0.00036629246,0.0004098465,-0.0002560947,-0.0050437828,-0.00938954,0.007848639,-0.0014565435,-0.00029723282,-0.008375976,3.4369405e-05,-0.00055036973,-0.00050325075,3.551399e-05,-0.0018695262,-0.0015975811
HPGD,-0.00011236043,-0.0025693178,-0.0037518747,-0.008343402,-0.042751506,-0.0070821317,0.004334078,-0.005506123,-0.00010601753,0.0017530645,0.0009173497,0.010994168,0.00047742118,0.00028920674,0.0066339974,-7.312519e-05,0.0014865046,0.00043763485,0.018939814,0.0059088897,0.0012010571,-0.0005099897,0.0006737858,0.008478673,-0.00029987592,-0.0001887971,-0.002038845,-6.0296952e-05,0.0117779765,-0.0009099423
GLRA3,-9.933881e-06,0.0042019007,0.010024427,-0.00027831536,-0.004403605,-0.00071835885,-0.00021003112,-0.0019654916,-1.1353046e-05,-0.0011075941,-0.00047597665,-0.0012269787,-1.3623578e-05,-0.0003258321,-0.0013356742,-1.0217728e-05,-3.632981e-05,-1.1353059e-05,-0.0003153293,-0.00016987543,-5.563e-05,-0.00010728621,-4.3425323e-05,-0.00025515794,-0.00027474388,-1.8732331e-05,-0.00028240393,-4.2573916e-05,-0.00042346987,-9.706786e-05
CENPU,-7.647605e-05,-0.0011823912,-0.0018681485,-0.003354845,-0.0046450202,0.010828397,0.0008220943,-0.009457714,0.0034197364,-0.0064445343,-0.0019843956,-0.005906531,0.0033405516,-0.0014323718,-0.0014649667,-7.866166e-05,0.003009168,3.7546037e-05,-0.0013380295,-0.0021595415,0.016717259,0.00033496652,0.0010467845,0.0021410617,-0.00096228666,5.6952198e-05,0.0002916266,-0.00025364154,-0.0006207248,0.0011840711
ACSL1,-0.00018533679,-0.004858175,-0.0066402983,-0.016542908,0.23461339,0.002303493,-0.0039830827,-0.038630456,-0.0001781398,-0.033487666,-0.009080209,-0.024582947,-0.00026791284,-0.0063381833,-0.023886379,-0.00018433227,-0.000556296,-0.00025315213,-0.006296777,-0.035766523,-0.0009989245,-0.0017475435,-0.00079812575,-0.0037156518,-0.0053637596,-0.00027068658,-0.0024491767,-0.00089947466,-0.007211227,-0.0017433098
MIR3945HG,-7.304924e-05,-0.0019639793,-0.0026126665,-0.006387847,0.084434174,0.0022290114,-0.0015444669,-0.013375177,-8.3484556e-05,-0.011912595,-0.0029736827,-0.008472682,-0.000100181285,-0.0023960108,-0.009383563,3.1370168e-06,-0.00022250589,-8.348446e-05,-0.002318787,-0.013582231,-0.00040907474,-0.0005589685,-0.0002420066,-0.0008414922,-0.0020203313,-9.3118135e-05,-0.0010175382,-0.00031306734,-0.0031139879,-0.0005698673
AC106897.1,-1.5145911e-05,0.001630323,0.0012537718,-0.0013518746,-0.005823794,-0.00076153013,0.00061664666,-0.0029967139,-1.7309556e-05,-0.0017170077,-0.00072570314,-0.0018707333,-2.0771422e-05,0.0002665543,-0.0004818364,-1.557872e-05,-5.539068e-05,-1.7309538e-05,0.0001439053,-0.0022184905,0.0003031004,-0.00016357555,0.014726776,0.00014067383,-0.00041889126,-2.8561088e-05,-0.00043057563,-6.491115e-05,0.00026192423,-0.00014799662
AC116351.2,-9.7381635e-06,-0.00026181623,-0.0003797865,-0.000869203,0.00971924,-0.00070421246,-0.0002058931,-0.00091528177,-1.1129454e-05,-0.0016657817,-0.0004665954,-0.0003111787,-1.335523e-05,-0.00031941215,-0.0013093603,-1.0016361e-05,-3.561395e-05,-1.1129416e-05,-0.00030911714,-0.0008865209,-5.4533444e-05,-0.00010517259,-4.2569736e-05,-0.00025013337,-0.00026933113,-1.8363378e-05,-0.00027684245,-4.1735057e-05,-0.00041512214,0.0004497605
BASP1,0.0009965104,0.012986503,0.022809645,0.030187244,0.14988308,0.0082030175,-0.0050693387,-0.046620656,-0.00028569758,-0.04072767,-0.011381379,-0.029349498,-0.00034283838,-0.007957558,-0.030698223,-0.00021028407,0.00020802424,-0.00021252413,-0.0075779916,-0.04655221,-0.0013262996,-0.002560182,0.0012722989,-0.004665675,-0.0065005687,0.0037276065,0.024838142,-0.0010574433,-0.010010013,-0.0020060898
CDH9,-5.479331e-06,-0.00014731592,-0.00021369319,-0.00048906915,-0.0026488577,-0.00039623267,-0.00011584826,-0.0010841188,-6.2621157e-06,-0.0009372771,-0.0002625376,0.0010952475,-7.514523e-06,-0.00017972091,-0.0007367317,-5.6358886e-06,0.008299118,-6.2621166e-06,-0.00017392905,-0.001095072,-3.068411e-05,-5.917679e-05,-2.3952503e-05,-0.00014074001,-0.00015154202,-1.0332422e-05,-0.00015576831,-2.3482855e-05,-0.00023357468,-5.3540825e-05
SUB1,0.0004869709,-0.0017796131,0.0031489222,-0.014686358,-0.019663543,0.0037829885,0.004591055,-0.016463643,0.00094752206,0.0100911455,-0.001195058,-0.014370423,0.0006930839,-2.7867696e-05,0.014380379,-0.00070550694,0.00041846035,6.410855e-05,-0.0032944472,0.024317618,0.0017005595,-0.00046264267,0.00628221,-0.0116895,-0.0016127686,0.0012814488,0.008487949,0.00047436968,-5.880166e-05,0.0048613832
NPR3,-1.9745776e-05,-0.0005308835,-0.00077008404,-0.0014275541,-0.0075498694,-0.0012650577,-0.0004174843,-0.0039068446,-2.2566712e-05,-0.00337765,-0.00094610744,-0.0017546726,-2.7079874e-05,-0.00064766523,-0.0010760104,-2.0310128e-05,0.028414758,0.00035407578,-0.00062678923,-0.0030841837,-0.00011057617,-0.00021325493,-8.6316955e-05,0.0007189465,-0.0005461146,-3.7234935e-05,-0.0005613477,-8.462497e-05,-0.00043094932,5.3227548e-05
IL7R,-0.00044297244,-0.010409228,-0.015283792,-0.034085117,-0.20184587,-0.030674934,0.009244048,0.09973245,-0.00015251867,0.11768868,0.038873054,0.05480284,-0.00017306497,0.022958506,0.006671042,-9.006454e-05,-0.001641036,0.0007758274,0.027376236,-0.072525166,-0.0021306407,0.001402481,-0.001939544,-0.006252972,0.0037781766,-0.0008306106,-0.012498442,0.00014615474,0.011556957,-0.0040307934
DAB2,0.0018087192,-0.0032708594,-0.004820889,-0.010785505,-0.012803105,-0.003330383,-0.0024841381,-0.02460837,-0.00015079112,-0.021573544,-0.005815266,-0.015668869,-0.00018094963,-0.0039491937,-0.007676369,-0.00011939193,0.0003119245,-0.00015079127,-0.0040041828,0.056746453,0.0012306672,-0.0010579322,-0.0005767741,0.05184561,-0.0035138945,-0.00011219095,0.005390388,-0.00045034388,-0.003473931,0.013243837
PTGER4,-0.00012709088,-0.0048877997,-0.008473857,-0.012670742,0.054697663,0.02160925,-0.0011693224,-0.027939122,-0.000110895104,0.0028816683,0.0039675175,-0.018618174,-9.856486e-05,0.00023876094,-0.0066357036,-0.0002170388,-0.0006335369,0.00011017604,0.0009097688,0.009328335,5.497653e-05,-0.0007760483,-0.0010597187,-0.0053479956,-0.0055068205,-0.00015458406,0.0029164457,-1.7115048e-05,-9.481055e-05,-0.002175512
SELENOP,-2.2874172e-05,-0.0003818584,-0.0002958343,0.0016078361,-0.005922787,0.0020533078,-0.000483625,-0.0024263372,-2.6141855e-05,-0.0015142997,-0.0002924899,0.00028246242,-3.13702e-05,0.00044547732,-0.0010457917,-2.352777e-05,0.0071375873,-2.6141865e-05,-0.00044300922,0.0014011053,-0.00012809555,0.00014258466,-9.9992656e-05,-1.073978e-05,-0.00023067475,-4.3134103e-05,-0.00029061738,-9.803232e-05,0.00083449355,-6.752802e-05
HSPB3,-8.28866e-06,-0.00022284834,-0.00032326177,-0.0002141703,-0.0029361015,-0.00023065685,-0.00017524682,-0.0016399799,-9.472851e-06,-0.00092414906,-0.0003971485,-0.001023771,-1.1367394e-05,-0.00027186933,-0.0011144724,-8.525567e-06,-3.031317e-05,-9.472848e-06,-0.0002631072,-0.0016565637,-4.641659e-05,-8.951768e-05,-3.6233498e-05,0.012593304,-0.00022924265,-1.563016e-05,-0.000235636,-3.55231e-05,-0.00035333523,-8.0992926e-05
SNX18,0.00023290291,-0.0052256193,-0.0087614,-0.015820334,0.19599974,0.054613702,-0.0044448944,-0.044132262,-5.0931623e-05,-0.03998817,-0.011345462,-0.028617566,-0.00019898024,-0.0073501696,-0.023881137,-0.00017567397,-0.0008617904,-0.00028754084,-0.007999324,-0.029492186,-0.00091639283,-0.0017505848,-0.0007380036,-0.0042553246,-0.0065391464,-0.0004210968,0.00097283727,-0.00107234,-0.00891437,0.0014209236
GZMK,-0.00014591923,-0.004031583,-0.0057240333,-0.013576068,-0.07674926,-0.011103398,-0.0006245395,-0.030372987,0.00033398496,-0.017835133,0.039632376,-0.016645888,0.0004144522,-0.00039737803,0.07094259,-3.0431796e-05,-0.00054074766,-0.00012519845,0.05056608,-0.009830709,-0.000503366,0.014724292,-0.00066458527,-0.0027497518,-0.0033619124,-0.00030857773,-0.00454215,0.0065544327,0.018203989,-0.0015084379
GZMA,-0.0003222634,-0.007321121,-0.011384786,-0.025928196,-0.14583209,-0.021774545,0.016192656,-0.057774264,-1.6122915e-05,-0.037533283,0.009761549,-0.033893723,0.001115757,-0.0071783615,0.09093339,-0.00024052728,-0.0011636541,-0.00031150566,0.021533169,0.20104194,0.0057729296,0.0061937636,-0.0012608218,-0.0058838483,-0.0081555145,-0.0005735439,-0.008634162,0.0009352924,0.024657289,-0.0029560304
PLK2,5.9396843e-05,-0.00058577146,-0.0018538018,-0.0026721926,0.04874073,0.004396319,-0.0009803144,-0.012650705,-8.6283326e-05,-0.008639226,-0.0025710063,-0.00834266,-0.00010353885,-0.0013778562,-0.0066239205,-7.765465e-05,-0.0002761039,4.4616347e-05,4.790343e-05,-0.0080835195,6.0308645e-05,0.0030389638,-0.00016324598,-0.0014749413,-0.0016835566,0.0003370947,0.003852911,-0.00017274715,-0.0025384626,0.00037923412
GAPT,0.0008619755,0.010970975,0.013247695,0.041308545,0.14010273,0.026395675,-0.0050412267,-0.04710384,-0.000277938,-0.04125994,-0.011557714,-0.02957124,-0.00034508202,-0.007917578,-0.03148035,-0.00022465507,0.0009880447,-0.00016401417,-0.0076159933,-0.046428584,-0.0013139574,-0.0024123795,-0.0010284327,-0.0049561616,-0.006654068,-0.0004564916,0.00841568,-0.001056586,-0.009701289,0.014275945
PDE4D,-0.00022621977,-0.004512469,0.001995997,-0.012485298,-0.069704264,-0.013840071,0.0019341164,-0.019747991,-7.851033e-05,0.04319082,0.018111033,-0.008207336,5.0606253e-05,0.0025429334,0.008638323,-0.00018010015,-0.00034026313,0.0003748993,0.013234771,0.042559776,0.0013660847,-0.000374956,-0.0007234607,0.0023229537,-0.004844009,-0.00038672422,-0.0044172676,-0.00032312883,0.005839139,-0.0017695006
DEPDC1B,-2.7186272e-05,3.933741e-05,-0.00092437695,-0.0014122193,-0.0085245,0.0001586122,0.00077885285,-0.0036019147,0.0041712103,-0.003037877,-0.00062383356,-0.0021663378,0.0019567306,0.000195162,-0.0006698355,-2.7962973e-05,0.0007069078,0.0004316208,-0.0005092193,0.0012575813,0.009033335,-4.8899492e-05,0.002876036,-0.0005235382,-0.00075189467,0.00010173401,0.0007299316,-0.000116512354,0.00079468504,-0.00026564827
ELOVL7,-3.2856333e-05,-0.0008833655,-0.0010394369,-0.0029326568,-0.009588366,-0.0021283494,-0.00069467956,-0.0063617174,-3.7550115e-05,-0.00539945,-0.001574289,-0.0037598144,-1.2984251e-05,-0.0009527661,-0.0040920116,-3.3795237e-05,0.00044663865,8.7465945e-05,-0.00089927827,-0.0061676335,-0.00018399581,-0.00035484965,-0.0001436299,0.049439903,-0.0005443742,-6.195791e-05,-0.0005703987,-0.0001408136,-0.0010619226,-0.00032105422
CENPK,-0.00013822288,-0.0011616958,-0.0009146805,-0.0048796185,-0.06391842,-0.007907346,0.001675302,0.028500779,0.001702743,0.022450073,0.00325499,0.0069422834,0.0015141717,0.0012020413,0.0048335562,-9.934184e-05,3.46686e-05,0.00026895,-0.0015134905,0.0018173769,0.007584243,0.00044862647,-2.1590076e-05,-0.0030458712,0.0039043652,-0.00022581223,-0.002955318,0.0008068162,0.0005200103,-0.0006795832
CCNB1,0.00031338914,6.6914305e-05,0.0005235184,-0.00068579224,-0.0136946775,0.00076696393,0.00017945906,-0.0036765093,0.003909909,-0.0007209202,0.00018695241,-0.001396434,0.0022460017,-6.3313586e-05,0.0007759817,-6.175495e-05,0.00061044935,-6.8616544e-05,-0.00024705927,0.0028691022,0.004379025,0.0005682419,0.0022187873,-0.0015421594,-0.00010866753,-7.4685195e-05,0.001345891,-2.1777043e-05,0.00083930785,0.0005625121
NAIP,0.00010065243,-0.0052632825,-0.00827181,-0.018135699,0.27916974,-0.009995023,-0.0048972843,-0.046202768,-0.00024519602,-0.040613554,-0.011708086,-0.02695949,-0.00032224448,-0.007048483,-0.02902085,-0.00021204691,-0.0006459641,-0.00024647274,-0.00767356,-0.04184391,-0.00081624486,-0.0020442156,-0.0010676542,-0.006566558,-0.0064982204,-0.00042684207,0.009011962,-0.00093252613,-0.008552083,-0.002072229
CRHBP,-2.8424502e-05,-0.0007642124,-0.00029002145,-0.0025370996,0.005915246,0.0016165234,-0.0006009761,-0.0040928596,-3.2485186e-05,-0.004316558,-0.0011224255,-0.0035108533,0.00021365519,-0.0009323263,-0.0031878985,-2.9236806e-05,0.021912757,-3.24852e-05,-0.00044635765,-0.0054388177,-0.00015917823,-0.00030698496,-3.332996e-06,-0.0007301033,-0.0007861416,0.0004557175,0.0008461487,-0.00012181924,-0.0012117008,-0.0002777489
DHFR,-6.8291425e-05,0.0012248618,0.0028738272,0.0010224278,-0.005873085,0.0011102384,-0.0009192065,-0.00135643,0.0020591188,-0.0013514209,-0.001147346,0.0013577684,0.0022663325,-0.0007975493,-0.0059295646,-0.00011743351,0.0002857964,-5.3599288e-05,-0.0016063299,-0.002200981,0.009936668,-0.00017237013,0.0006606674,-0.0018975735,-1.0408156e-05,-5.5632827e-06,0.0004687793,3.0540148e-05,-0.0013832847,0.00159357
VCAN,-0.0003332699,-0.008319562,-0.012075249,-0.027098851,0.3975266,-0.010717074,-0.006513857,-0.06370325,-0.00037952536,-0.055197854,-0.015281938,-0.040214755,-0.00042731455,-0.010676787,-0.04003326,-0.00017770324,-0.001254787,-0.00036528407,-0.010207251,-0.060290605,-0.0017450312,-0.0034267413,-0.0014773776,-0.005148201,-0.0090848375,-0.0006638455,0.0042988593,-0.001222377,-0.012650645,-0.0031375722
MEF2C,0.0005446394,0.016215123,0.027252795,0.093751304,0.14990883,0.025848603,-0.0068976963,-0.06542431,-0.00034424814,-0.056615666,-0.015512339,-0.041105412,-0.00047676437,-0.010810373,-0.043479174,-0.00020389822,0.00040902637,-0.0003491406,-0.010623372,-0.058191508,-0.0016893382,-0.002660557,0.0028000814,-0.00083796104,-0.008944807,2.2409735e-05,0.014858585,-0.0013016165,-0.013533617,0.0073907385
LUCAT1,-6.203363e-05,-0.0027107575,-0.0039690337,-0.007966596,0.12658866,-0.005543937,-0.002089526,-0.019555748,-8.4017505e-05,-0.01671172,-0.004712432,-0.012461901,-0.00012492487,-0.0030424495,-0.012415658,-0.00010932223,-0.0003887027,-0.000121469995,-0.0032033883,-0.01779804,-0.00051467423,-0.00086197123,-0.00041169304,-0.0022741815,-0.0027003551,-0.0002004254,-0.0014881343,-0.000336821,-0.003737978,-0.0009904361
MCTP1,5.936072e-05,-0.005606717,-0.007983059,-0.018022105,0.20172688,0.028159954,-0.0043588025,-0.04100048,-0.00023090107,-0.035727583,-0.009962151,-0.02620302,-0.00024215554,-0.0069209677,-0.02647781,-0.00017418462,-0.00029627362,-0.00017224308,-0.006850996,-0.039499376,-0.0010489268,-0.0019554824,-0.00089173805,0.00868463,-0.005894044,-3.5834523e-07,0.009719998,-0.0008667386,-0.008282846,0.00031879512
FAM81B,-1.7949387e-05,-0.00010190705,-0.00050484785,-0.0008568973,-0.006858251,-0.0012979854,-0.00037950065,-0.002845367,-2.0513602e-05,-0.0030703621,-0.000860029,-0.0018358266,5.875494e-05,-0.0003579948,-0.001767101,-1.8462099e-05,0.00015461081,-2.0513562e-05,-0.0005697628,-0.0035873011,-0.000100516474,-0.00019385226,-7.846399e-05,0.026905926,-0.00049642636,-3.384739e-05,-0.0003506042,-7.692545e-05,-0.00076515484,-5.2832558e-05
ELL2,-0.00013238529,0.00077835616,0.0018002688,0.0006315001,0.040685963,-4.725946e-05,-0.0006431376,-0.017718695,-2.2472119e-05,-0.00845098,-0.0008157219,-0.01152935,0.00012858913,-0.0015900215,-0.0018584983,-9.7645956e-05,0.00027590716,0.0001304187,-0.00033036983,-0.001700992,-0.0001668122,0.0003872755,0.009134084,-0.002451582,-0.002231623,-0.00019716719,-0.0021766734,-0.00019675161,-0.0012782853,-0.00031588826
CDO1,-1.8159291e-05,-8.576125e-05,-0.00070821116,-0.0016208424,-0.0077593867,-0.0013131775,-0.0003839409,0.0027529933,5.7528578e-05,0.012690653,-0.00035316817,0.0047452683,-2.4904244e-05,0.00016107642,-0.0024416521,-1.8678129e-05,6.821636e-05,-2.0753421e-05,-0.0005764267,-0.0029093712,0.00036617296,-0.0001961213,-7.9381985e-05,-0.00046643632,-0.00050223497,-3.4243374e-05,-0.00029971544,-7.78254e-05,-0.00077410537,-0.000177442
LMNB1,0.00018225616,-0.0033167521,-0.003062547,-0.011666532,0.10531611,-0.0055932766,-0.0026477575,-0.022085749,0.0016885358,-0.020332497,-0.005896405,-0.013831876,0.0015621898,-0.0044995514,-0.012358726,-0.00018811294,0.000121229576,-0.00024017862,-0.0037942107,-0.0063629365,0.006640696,-0.00065229414,0.00050932355,-0.0035046719,-0.0026988694,0.00046187988,0.00885445,6.479067e-05,-0.0028397162,0.00017171992
AC068658.1,-9.753275e-07,0.00062420504,-3.8038248e-05,-8.7054184e-05,-0.00047150024,-7.0529895e-05,-2.0621515e-05,-0.00019297811,-1.1146756e-06,-0.00016683883,-4.6731828e-05,0.0010253708,-1.3376108e-06,-3.1991083e-05,-0.00013113956,-1.0032038e-06,-3.566928e-06,-1.1146755e-06,-3.0960113e-05,-0.00019492679,-5.461865e-06,-1.0533508e-05,-4.263593e-06,-2.50518e-05,-2.6974598e-05,-1.8392299e-06,-2.7727521e-05,-4.1800204e-06,-4.157717e-05,-9.530335e-06
CSF2,-7.826848e-06,0.00023765433,-0.00030524706,0.00020182921,-0.0029111903,-0.0005659881,-0.0001654806,-0.00066053146,-8.9448895e-06,0.0034845904,0.0020072744,-0.00096672593,-1.0733881e-05,-0.0002567191,-0.0010523725,-8.050424e-06,-2.8623905e-05,0.0016329456,-0.00024844622,6.144052e-05,-4.383004e-05,0.0007476085,-3.4214416e-05,-0.00020103712,-0.00021646684,-1.4759168e-05,-0.00022250554,-3.3543412e-05,-0.0003336448,-7.647907e-05
IRF1,-0.00030900634,-0.0064131995,-0.008853314,-0.016385425,0.145723,0.016074253,-0.00037056304,-0.065109394,-1.1822673e-05,-0.0420038,-0.0074801897,-0.046318322,0.00013644173,-0.008319156,0.009959379,-0.00048320618,-0.00089256256,0.00013988893,-0.0038832354,0.055447605,0.0009938964,0.0037904612,-0.0005113934,-0.011652821,-0.0090771355,-0.000765297,-0.0027900713,-0.0013071328,0.0029961201,-0.0023239488
TCF7,-0.0003863346,-0.008684674,-0.0062278295,-0.029490683,-0.17067702,-0.026259417,-0.0025301112,0.13058396,2.5620258e-05,0.07113613,0.013994773,0.070156455,-0.00014276273,0.014312255,0.0010765962,-0.00012253353,-0.0011186766,0.0005248435,0.0029259208,-0.051360577,-0.0014706516,0.0044706105,-0.0015980535,-0.0074937814,0.0071689296,-0.0007025156,-0.010419752,0.0033680082,0.0025046265,-0.0035628423
H2AFY,0.0005436143,-0.007197955,-0.010145874,-0.023405328,0.2511614,0.02977661,-0.00533377,-0.05529761,0.0005470792,-0.03997734,-0.011285871,-0.035434414,0.0003964466,-0.008646775,-0.033993922,-0.00034398818,0.0025504068,-4.783236e-05,-0.008719659,-0.040670767,0.0017601688,-0.0012459108,-0.0007880165,-0.009954807,-0.006841449,0.0014792122,0.018689906,-0.0010560517,-0.009829824,0.0033120262
CXCL14,-9.075821e-06,-0.00024400922,-0.0003539579,-0.0008100787,0.004162361,-0.0006563115,-0.00019188924,-0.0017957138,-1.0372373e-05,-0.001552489,-0.0004348593,-0.0011209938,-1.244683e-05,-0.00029768833,-0.0012203087,-9.335134e-06,-3.3191438e-05,-1.0372381e-05,-0.00028809314,-0.0018138671,-5.0824925e-05,-9.801893e-05,-3.96742e-05,-0.00023311855,-0.00025101076,-1.7114357e-05,0.0079069,-3.889641e-05,-0.00038688857,-8.86838e-05
TGFBI,0.00085108273,-0.0076084947,-0.011074261,-0.025082929,0.31252193,0.018058695,-0.0058443528,-0.05689051,-0.00032444665,-0.048729632,-0.013374422,-0.035596877,-0.00039166692,-0.009332738,-0.036869854,-0.00018048057,-0.0010978563,-0.00028501,-0.009205623,-0.05594586,-0.0016560194,-0.0030414322,-0.0013005331,-0.0059539448,-0.00795395,0.0011214629,0.010121642,-0.0012493563,-0.012154133,0.008470104
KIF20A,-1.2675346e-05,-0.000340783,-0.00049433485,0.00034967347,-0.0031772384,-0.0009166038,-0.00026799217,-0.0025078831,0.0045597046,-0.0008403508,-0.0006073246,-0.0009584274,0.0015159415,-0.00041575028,-0.0010542026,-1.3037415e-05,-4.6355275e-05,-1.4485934e-05,-0.000402351,-0.0017535022,0.0073286234,-0.00013689265,0.0005273044,-0.00032557428,-0.00035056102,-2.3901981e-05,0.0010975255,-5.43226e-05,-0.0005403267,-0.0001238556
CDC25C,-1.1082333e-05,-0.000297956,-0.00012629051,-0.00046343377,-0.0027820833,-0.000473922,-0.00023431092,-0.0021927152,0.0025831137,-0.0015415816,-0.00053099944,-0.0013688154,0.001236346,-0.00036349823,-0.00053882494,-1.1398945e-05,-4.052955e-05,-1.2665428e-05,-0.00035178397,-0.0005589129,0.008983596,-0.00011968843,0.0004972837,-9.217442e-06,-0.0003065044,-2.0898093e-05,-0.00031505243,-4.749564e-05,-0.00047242138,-0.00010828942
EGR1,-0.00019777377,-0.0043672677,-0.006508088,-0.016488394,0.24756055,0.0056208847,-0.0042928825,-0.041543305,-0.00020667868,-0.0360196,-0.009894243,-0.026515706,-0.00029496255,-0.006869014,-0.027608935,-0.00015193233,-0.00075583596,-0.00024673212,-0.006506092,-0.039090008,-0.0010527634,-0.0021270977,-0.0009316315,-0.0041392664,-0.0058782105,-0.00040887966,0.000491625,-0.00088505395,-0.008833896,-0.0018586314
MZB1,0.00078011816,0.015689816,0.01562674,0.05117738,-0.045223407,-0.006989102,-0.0015165767,-0.018014975,5.711339e-06,-0.015335713,-0.0034097075,-0.011320415,0.00014931036,-0.0023261916,-0.00800416,-0.00011470377,0.0018326744,-7.643745e-05,-0.0023080911,-0.0148256505,-0.000326403,-0.00061110576,0.024197692,-0.0020738111,-0.0026101924,-0.0002102905,-0.002721684,-0.0003777006,-0.0018322387,0.030769324
CXXC5,0.0003938154,0.020214831,0.026056418,0.039898146,0.0066128364,-0.014903665,-0.005340202,-0.050899852,-0.00020452983,-0.043662343,-0.012044555,-0.031285994,-0.00019845535,-0.008075534,-0.020778202,-0.00023190716,0.0015965642,1.0811576e-05,0.004490016,0.081335306,0.0031151504,0.0060492065,0.0031843232,-0.005670567,-0.0065082046,8.043058e-05,0.00064378086,-0.0008196431,-0.0022895585,0.009231704
HBEGF,-0.00015022329,-0.0041685593,-0.0059365886,-0.013654292,0.17650601,0.0003140713,-0.0032268194,-0.030544955,-0.00019024551,-0.024531377,-0.006580253,-0.019553076,-0.00022829608,-0.005243512,-0.02102241,-0.00010241668,-0.0005153441,-0.00014340927,-0.004857448,-0.030676758,-0.0008722463,-0.0017109809,-0.0007276949,-0.0032306013,-0.0044624074,-0.00029818568,0.014811572,-0.0007134197,-0.0068305135,-0.0014594134
CD14,-0.000307107,-0.0082418965,-0.012001247,-0.027172374,0.39591756,-0.009856771,-0.006397207,-0.061282218,-0.00034929469,-0.05287174,-0.014614458,-0.038597215,-0.00042094535,-0.010154374,-0.04016664,-0.00013242276,-0.0012020211,-0.00038478422,-0.009892899,-0.05992994,-0.0016968033,-0.0032272907,-0.0013704537,-0.0060761087,-0.008740598,-0.00059644395,-0.0029943818,-0.0013590358,-0.012838736,-0.0030428453
PCDHB15,-3.2031664e-06,-8.611947e-05,-0.00012492242,0.0021877605,-0.001548501,-0.00023163429,-6.772386e-05,0.0014702086,-3.6607205e-06,-0.0005479174,-0.00015347553,-0.00039563497,-4.3928717e-06,-0.0001050632,-0.00043068538,-3.294641e-06,0.0013098893,-3.6607169e-06,-0.000101676465,-0.0006401747,-1.7937562e-05,-3.4594388e-05,-1.400243e-05,-8.227464e-05,-8.858866e-05,-6.040289e-06,-9.106059e-05,-1.3727817e-05,-0.00013654481,-3.129921e-05
DPYSL3,-1.03114235e-05,-0.00027723008,-0.00040214736,-0.0009203716,-0.0014103618,0.00021623982,-0.00021801349,-0.0010550349,-1.1784503e-05,-0.0017638463,0.00045477474,-0.0012736161,-1.4141495e-05,0.0010844042,-0.0013864483,-1.0606111e-05,0.0100808,-1.1784509e-05,-0.00032731536,-0.0020608169,-5.7743775e-05,-0.00011136376,-4.5075853e-05,-0.0002648567,-0.00028518605,-1.9444406e-05,-0.0002931406,-4.419197e-05,0.00053938257,-0.000100757796
SPINK13,-3.976804e-06,-0.000106919724,0.0021316537,-0.00035496496,-0.00091009587,-0.00028758522,-8.4082385e-05,-0.0007868418,-4.5449947e-06,0.0009521326,-0.00019054617,-0.00049119437,-5.4539346e-06,-0.00013044108,-0.0005347106,-4.090483e-06,-1.45438635e-05,-4.5450024e-06,-0.00012623699,-0.00079480006,-2.2270442e-05,-4.2949403e-05,-1.7384315e-05,-0.000102147285,0.0022825005,-7.4991976e-06,-0.000113054855,-1.7043662e-05,-0.000169527,-3.8859038e-05
CSF1R,9.005979e-05,-0.006421871,-0.009303116,-0.02140763,0.19412978,0.09420103,-0.005064596,-0.04766605,-0.0002471222,-0.041773234,-0.011568016,-0.030047107,-0.00035180533,-0.00803246,-0.03198543,-0.00014630305,-0.0008327761,-0.0002228418,-0.007816189,-0.04729385,-0.0012650766,-0.0025849796,-0.0010744163,-0.0050420896,-0.00672947,-0.00048373072,0.011155455,-0.0010061826,-0.009817311,-0.0013920218
CD74,0.00088565977,0.02114018,0.030247958,0.07532841,0.21912266,0.034250725,-0.0075160004,-0.09545953,-0.0002318186,-0.07534964,-0.018544031,-0.059181575,-0.00026808993,-0.014997243,-0.037299324,-0.0004359233,0.0003596564,-0.00030538856,-0.011395408,-0.059508473,-0.0015898206,-0.0010414437,0.0004814633,-0.009338637,-0.012786945,0.0021977376,0.026757425,-0.0009629929,-0.012506801,0.007947313
TNIP1,-0.00010271327,0.0001632992,3.0122874e-05,-0.0068173273,0.11602004,0.006623134,-0.0028209186,-0.038290553,0.0001195404,-0.01382021,-0.0024670137,-0.023433581,-4.9090686e-05,-0.0027475688,-0.008703189,-0.00021866636,-0.00034529777,8.738227e-06,-0.0027865816,-0.008940112,-3.0463501e-05,-0.0007590548,-8.270597e-05,-0.004797936,-0.0031817239,-0.0001497194,0.0012692533,1.8903758e-05,-0.0040090093,0.0003004053
SPARC,-3.2871223e-05,-0.0017227207,-0.0025703378,-0.006201805,-0.007949663,-0.0036902148,-0.0014607745,-0.013803082,-8.6179345e-05,-0.011731798,-0.0032267997,-0.008880562,-0.000103416496,-0.0024733616,-0.009036828,-5.209864e-05,0.00034742913,-8.617936e-05,-0.0021649678,-0.013116864,-0.0004222811,-0.00068385084,-0.00027199055,0.09652125,-0.0018760661,-0.00012833395,-0.0018917639,-0.00028158273,-0.0025991732,-0.00032363838
FAXDC2,-4.8761445e-05,-0.0012116602,-0.0017249819,-0.0037533438,-0.006279015,-0.0015207271,-0.0010309528,-0.0090482915,-5.5727538e-05,-0.0074310214,-0.0021648128,-0.0051374445,7.543901e-05,-0.0014373048,-0.00517793,0.00013278786,5.166709e-05,-5.5727516e-05,-0.0013298522,-0.00877029,-0.00027306235,-0.00035304498,-0.00013286585,0.060302738,-0.0012531149,-3.3470304e-05,5.4792035e-05,-0.00020897617,-0.001990027,-0.00019520218
TIMD4,-3.0473311e-05,-0.00069692836,-0.0006449104,-0.0027199634,-0.01355612,-0.0018926276,0.000292735,0.0042406498,0.00020841144,-0.0005554418,0.00090937066,0.0034201331,0.0009494217,0.0020891724,0.0035736396,-3.1343825e-05,-0.00011144558,-3.4826426e-05,-0.00047633154,-0.0013544558,0.00019232818,7.036629e-05,0.0019215865,-0.00023340885,0.0027421422,-5.7463858e-05,-0.00063275493,0.003525228,-0.00080891035,-0.00029776825
EBF1,-9.658772e-05,0.03031713,0.04168883,0.08154896,-0.04395531,-0.006827873,-0.0019222444,-0.018113777,-0.00011038556,-0.015349195,-0.004434677,-0.011221452,-0.00013246367,-0.0028781765,-0.012361982,-9.934749e-05,-0.00035323546,-0.00011038556,-0.0030659626,-0.01842941,-0.0005408917,-0.0010431528,-7.6403885e-05,-0.0020502976,-0.002593765,-0.00018213667,-0.0025927536,-0.00041394946,-0.0036987779,-0.00090026914
IL12B,-1.7065971e-05,0.00013166008,0.00051288545,-0.0015232521,0.008224193,0.0054691834,-0.00036082277,-0.002906599,-1.9504088e-05,-0.002919245,-0.0002288334,-0.0017800914,-2.3404771e-05,-0.00055976224,-0.0009570704,-1.755347e-05,-6.24127e-05,-1.9504083e-05,-0.0005417208,-0.003410758,-9.5569645e-05,-0.00018431155,-7.46022e-05,0.00072943064,-0.00047199542,-3.2181524e-05,0.0016674532,-7.3139636e-05,-0.00028866006,-0.00016675811
PTTG1,0.00025744017,-0.0005345363,0.00069605524,-0.0028293491,-0.035946976,-0.001185473,0.0036174182,-0.012558695,0.0037133188,0.007873833,0.00030704585,-0.005271559,0.00274504,0.00056234584,0.019240111,-7.809772e-05,0.00037885137,-0.00013582475,-0.0023923016,0.0037306538,0.006157232,-0.00060697825,0.003367996,-0.0012761526,0.0046619778,0.00041778202,0.002966617,0.0007351047,0.0011494887,0.00023757992
HMMR,-3.6317306e-05,0.0012854468,0.0009215592,-0.00028551737,-0.008939821,0.00049761834,-0.00076785486,-0.004999749,0.0064073764,-0.004366466,-0.0011658471,-0.0031229332,0.0035948688,-0.0010500347,-0.0018953983,-3.7354937e-05,0.00022793932,-4.15055e-05,-0.0009774514,-0.0010715096,0.015204534,0.00043958577,0.0032057536,-0.0009328445,-0.0007088095,0.00011482315,-0.00032431132,-0.00015564646,-0.0011692368,0.00014906171
FOXI1,-5.7712296e-06,-0.00015516482,-0.00022507734,-0.0005151255,-0.0027899914,-0.00041734395,-0.000122020196,-0.0011418826,-6.595693e-06,-0.0009872175,-0.00027652553,-0.0007128289,-7.914858e-06,-0.00018929783,0.0025060119,-5.936088e-06,-2.1106243e-05,-6.5956965e-06,-0.00018319553,0.002867462,-3.2319065e-05,-6.232919e-05,-2.5228435e-05,-0.00014823883,0.0031663678,-1.0882971e-05,-0.00016406848,-2.4734121e-05,-0.00024601907,-5.6393015e-05
DUSP1,-0.0003062245,-0.0013828158,-0.005104888,0.0013064094,0.31508914,0.035835493,-0.0076716123,-0.08723082,-0.00044984734,-0.046098914,-0.008884366,-0.05312181,-0.00062186085,-0.009432396,-0.04103618,-0.000315657,-0.0006869331,0.00026461462,0.0027208743,-0.05621784,-0.0020456775,-5.8136073e-05,-0.0020209518,-0.008527711,-0.010974627,-6.450154e-05,0.0026776784,-0.0016857295,-0.009686985,-0.0042676865
HRH2,0.00017570672,-0.0066718566,-0.009543443,-0.021554247,0.20782389,0.03768132,-0.005216526,-0.028799722,-0.00026212182,-0.03076308,-0.01026572,-0.01737147,-0.00026313914,-0.006304854,-0.031157823,-0.00014118978,-0.0008718834,-0.0002943037,-0.0076282434,-0.04886803,-0.0013905972,-0.0026104464,-0.0011113583,-0.0055435486,-0.004262876,-0.00012903681,0.0049608625,-0.0008742932,-0.009856185,0.0011146216
SNCB,-1.3231072e-06,-3.5572208e-05,-5.1601022e-05,0.0023186398,-0.0006396255,-9.567789e-05,-2.7973872e-05,-0.0002617832,-1.5121051e-06,-0.0002263263,-6.339431e-05,-0.00016342146,-1.8145181e-06,-4.3397406e-05,-0.00017790089,-1.360885e-06,-4.838771e-06,-1.5121053e-06,-4.1998792e-05,-0.00026443123,-7.409295e-06,-1.42894005e-05,-5.783812e-06,-3.398483e-05,-3.6593156e-05,-2.4949911e-06,-3.761408e-05,-5.6704057e-06,-5.640126e-05,-1.2928492e-05
PRELID1,0.00037385707,-0.0055337944,-0.00742764,-0.027320147,0.17869206,0.049020145,-0.0031532275,-0.06461201,0.00014955204,-0.04464598,-0.011757544,-0.037024148,0.00021403754,-0.007397625,-0.012656,-0.00043617885,-0.0010075779,1.1056705e-05,-0.0073689506,0.013540379,0.00046746316,0.0001690494,0.0005258113,-0.011311664,-0.008566653,0.00030133687,0.014115533,-0.0011074148,-0.0057980055,-0.00045578243
RUFY1,0.00017812493,-0.00024039323,-0.0010837481,-0.0028989953,0.038030688,0.0055956747,-0.0024246601,-0.027616499,5.228087e-05,-0.019366378,-0.005209224,-0.015254218,7.9342715e-07,-0.003775223,-0.0089802025,-0.0002017341,0.00019261308,-0.00021593596,-0.003446578,-0.010291412,0.00029344083,-0.0005735048,-0.00030976746,0.059103545,-0.004198034,0.00029992659,0.004369524,-0.00026172868,-0.0028015147,0.001033131
RNF130,0.00061794696,-0.007647866,-0.012266533,-0.027215125,0.31757322,0.03099895,-0.0064727073,-0.06468056,-0.0003653577,-0.055728056,-0.015235429,-0.039506707,-0.00048401562,-0.009912744,-0.038146663,-0.00023765091,0.0016789769,-0.0001743586,-0.0095670065,-0.050845403,-0.0013269357,-0.0026830004,-0.0014824963,-0.006998329,-0.009679063,-0.00064324756,0.01811264,-0.0013703157,-0.011559858,0.00524714
SCGB3A1,-9.195546e-05,-0.0021496222,-0.003226116,-0.00754434,-0.03704165,0.026793346,-0.0019441869,0.0119137,-0.00010509262,0.0059468085,-0.0008617316,0.020620339,-0.00012610939,0.0022730334,-0.002806667,-9.458299e-05,-0.000336292,-0.00010509266,0.0061389483,-0.016822865,-0.0004115684,-0.000993116,-0.00035328683,-0.0021732599,0.0019070725,-0.000102173675,0.0015718446,0.0012028189,-0.00017966982,-0.0008985307
BTNL9,-4.7863457e-05,0.005758712,0.05432458,0.014894357,-0.022207864,-0.0032738717,-0.0010119699,-0.008046584,-5.4701497e-05,-0.0077823256,-0.0022933362,-0.005784977,-6.564128e-05,-0.0015699212,-0.00578402,-4.9231225e-05,-0.00017504428,-5.470148e-05,-0.0013424325,-0.0088581955,-0.0002680359,-0.00051692635,-0.00020923195,-0.0007996613,-0.0013237695,-9.0257134e-05,-0.0009574604,-0.00020512957,-0.0018394366,-0.00036500287
IRF4,0.0025765474,0.00411123,0.0037527247,0.015178679,-0.023462914,-0.005374569,-0.0016305044,-0.009521825,0.00049426395,-0.013060802,-0.003908885,-0.011564378,0.0003640893,-0.0020360323,0.0041294587,-8.302529e-05,-0.0003187966,-4.828337e-05,-0.0034762546,0.0016492668,0.0005719605,-0.0008821716,0.0067114695,-0.0017696419,-0.0012663696,-0.00022826454,0.013688806,0.00038191924,-0.0013385142,0.026360873
SERPINB1,4.8174963e-05,-0.006323748,-0.009984399,-0.026171036,0.22710447,0.010129602,-0.0035402065,-0.060681224,-0.00010999564,-0.046604767,-0.012737856,-0.037603088,4.897808e-05,-0.009408042,-0.017062662,-0.00034758705,0.0033527869,-0.00024528778,-0.010858897,0.011569971,0.00041443892,-0.0007693376,-0.0021427283,0.0022930969,-0.009427545,0.0004991731,0.007757625,-0.0014636785,-0.00600808,-0.0017279289
SERPINB9,-2.4751684e-05,-0.0037565741,-0.0061748344,-0.008876813,0.10432716,0.00764474,-0.0021724477,-0.032684796,-7.45467e-05,-0.024030626,-0.0060652983,-0.015185325,3.2428459e-06,-0.0034416832,0.0067917164,-0.00026199315,-0.00058531284,-0.0003399649,-0.0030654054,0.00061888655,0.00016991043,-0.00034292703,-0.0011070201,-0.0041594803,-0.0032676193,0.00072414445,-0.0032360535,-0.00091239536,0.000498967,-0.0010129148
AL133351.1,-1.622003e-05,-0.0004360919,-0.00041882426,-0.0011393395,-0.0040651867,-0.0011729524,-0.0003429402,-0.002000165,-1.85375e-05,-0.002127978,-0.0005416042,-0.00083911576,-2.2244769e-05,-0.00034221547,-0.001848691,-1.668358e-05,0.000442739,-1.8537508e-05,-0.00051487493,-0.0023335714,-9.083259e-05,-0.00017517866,3.064169e-05,0.019748282,-0.00044860528,-3.0586656e-05,-0.00034115667,-6.95151e-05,-0.00069144054,-0.00015849459
AL445309.1,-9.73488e-06,-0.00026172932,-0.00037965795,0.0037179347,-0.0011633657,-0.00070396607,-0.00020582447,0.0015380881,-1.112564e-05,-0.0016652216,-0.00046643813,-0.001202395,-1.3350709e-05,-0.00031930406,0.0050259377,-1.0013049e-05,-3.5601905e-05,-1.1125642e-05,-0.00030901315,-0.0019455923,-5.451501e-05,-0.00010513667,-4.2555628e-05,-0.0002500459,-0.00026923988,-1.8357148e-05,-0.00027674923,-4.172105e-05,-0.0004149872,-9.512298e-05
PXDC1,-3.870016e-05,0.0017497265,0.014124948,-0.0014833536,-0.0020407105,-0.0007869932,-0.0005906941,-0.0071022296,-4.422871e-05,-0.0060813003,-0.0011031975,-0.0046105008,-5.3074804e-05,-0.0012693664,-0.0043209577,-3.980607e-05,0.00040544115,-4.4228716e-05,-0.0010362284,-0.0070973206,-0.00021672214,-0.000417963,1.7926113e-05,0.013761844,-0.0010703387,0.00017022245,0.011411722,-0.00016585804,-0.0016497337,-0.00037815596
F13A1,-0.00016283842,-0.0048107947,-0.006897711,-0.015270361,0.15276271,-0.011018151,-0.0037473657,-0.035382316,-0.00017968,-0.030803654,-0.00857273,-0.022458557,-0.00023476832,-0.0060395356,-0.02283231,-0.00013303029,-0.0006571469,-0.00014260331,-0.005625133,-0.034319535,-0.0009586765,-0.001771479,-0.0007623263,0.065222904,-0.0050650607,-0.0003452533,0.009235843,-0.0008102002,-0.007444443,-0.0007759135
LY86,0.00023362385,0.00863749,0.017367963,0.021282056,0.2552172,0.012236728,-0.0065768673,-0.060835198,-0.00033481492,-0.05345704,-0.015044663,-0.037081312,-0.0004426597,-0.010298592,-0.04121491,-0.00023069428,-0.0011261632,-0.00035940754,-0.010100256,-0.06128424,-0.0017050827,-0.0034181427,-0.0012164692,-0.006371681,-0.008731034,0.0014138209,0.02051627,-0.0013364248,-0.012919957,-0.002818549
DSP,-4.7231286e-05,0.0041951574,0.0022663346,0.069564484,-0.021313997,-0.0032021175,-0.0009985967,-0.009216677,-5.3978292e-05,-0.007945696,-0.0022630394,-0.005649851,-6.4773936e-05,-0.0015491776,-0.006080794,-4.8580772e-05,-0.0001727313,-5.3978278e-05,-0.0014992484,-0.008985671,-0.00026449419,-0.00051009713,-0.00014362496,-0.0010757084,-0.0010443641,-8.9064786e-05,-0.0012875488,-0.00020241961,-0.0018009961,-0.00046151693
TXNDC5,3.607215e-05,0.0005064778,0.0034508286,0.0035590583,-0.0059230635,-0.0026666953,-0.0005601143,-0.006225301,-6.373771e-05,-0.004585004,-0.0012957522,-0.0044442113,4.527982e-05,-0.00084307126,-0.0037842656,-5.7363854e-05,0.0005060666,-6.3737665e-05,0.00016550718,-0.0060475715,3.055175e-05,-0.00037566602,0.02483715,-0.00073940394,-0.0008776667,3.7939883e-06,0.0002571773,-0.00023901631,-0.0011540808,0.006547847
TMEM170B,-5.77748e-05,-0.005121009,-0.008137227,-0.018243287,0.24805589,0.0066541736,-0.0045758695,-0.041121274,-0.00014580303,-0.03679438,-0.01013053,-0.025923168,-0.0003175174,-0.006759927,-0.028283257,-0.00018617397,-0.00057668175,-0.00026459768,-0.006617829,-0.04087622,-0.0011028077,-0.0020669303,-0.00094883837,-0.0038070634,-0.006034808,-0.00039997272,0.0028565533,-0.00093129213,-0.008903972,0.0007618441
ADTRP,-0.00010931932,-0.0026005614,-0.0039469246,-0.00921827,-0.049264554,-0.0070177587,-0.0020589319,0.10662909,-7.527809e-05,0.01812291,-0.003540412,-0.0046294346,-0.00014992448,-0.0029166362,-0.013262954,-6.0369475e-05,-0.00037061822,-0.00012493761,-0.0022977781,-0.020808285,-0.00061219133,-0.0011162241,-0.00044092545,-0.0026197552,0.010645669,-0.00020614505,-0.002927953,0.00011451925,-0.004248106,-0.0008875664
PHACTR1,0.00102594,0.006362322,-0.00028729142,0.03227784,0.13626544,0.0033234728,-0.004149418,-0.03920688,-0.0001969058,-0.034476757,-0.009750363,-0.024262538,-0.00028218506,-0.0066437363,-0.02624522,-0.00019703267,0.00047585036,-0.00021114947,-0.0066252346,-0.039474387,-0.0011688361,-0.0021549934,-0.00055768975,-0.004887263,-0.00561983,0.0002922512,0.02317328,-0.0008712398,-0.00835334,0.012426369
CD83,-0.0001654672,0.0040576174,-0.0012375498,0.022067387,0.20609315,0.018652514,-0.004420223,-0.048614487,-0.0002462239,-0.040791195,-0.011267804,-0.030437637,-0.0003105759,-0.007903079,-0.029847244,-0.00022846286,-0.0009310088,-0.00020211904,-0.0070735626,-0.044982627,-0.0011422223,-0.0020656444,-0.001091661,-0.004767408,-0.0064799925,0.0005006718,0.004539643,-0.0010392345,-0.009662381,-0.0010028052
GMPR,-6.7525296e-05,-0.001656188,-0.0025132492,-0.0055793934,-0.00189029,0.0021727295,-0.0010426727,-0.012595412,-5.3383148e-05,-0.010474637,-0.0029472203,-0.0073487577,-6.420903e-05,-0.0019406229,-0.007987781,0.00083295477,0.0012992775,-7.7171826e-05,-0.0018874067,-0.011063333,-0.00037814447,-0.00055944716,-0.0002380611,0.0704651,-0.0015771742,0.00013709151,-0.00092157343,-0.00028939501,-0.0025139803,0.00075961737
RBM24,-2.1022866e-05,-0.0005652147,-0.0008198908,-0.0015892965,-0.009299258,-0.0015202514,0.00023601565,-0.0036730906,-2.4026038e-05,-0.002542639,0.0023558799,-0.0025966165,-2.8831248e-05,-0.00046014032,-0.0020115776,-2.1623382e-05,-7.688385e-05,-2.4026038e-05,0.028867843,-0.0031892513,-0.00011772786,-0.0002270477,0.00010279087,-0.00053998566,-0.00058143184,-3.9643077e-05,-0.00059764885,-9.009823e-05,-0.00069980056,-0.0002054238
RNF144B,-0.00013662328,-0.0037552088,-0.0068816696,-0.015304603,0.21294905,0.038443215,-0.004557196,-0.041341018,-0.0002727359,-0.037001796,-0.010117642,-0.026434576,-0.00032728384,-0.0071689053,-0.028214533,-0.00019367273,-0.0004404239,-0.00024710465,-0.006613153,-0.041832656,-0.0012049354,-0.0022540465,-0.00096527743,-0.0038650497,-0.0060528563,-0.00017777212,0.0035439888,-0.0008284435,-0.008767407,2.0402775e-05
MIR548A1HG,-4.0505643e-06,-0.000108903645,-0.00015797278,-0.00036154522,0.001420216,0.00075757375,-8.5641426e-05,0.0009679122,-4.629225e-06,-0.000692882,-0.00019408135,-0.0005003042,-5.5550386e-06,-0.00013285999,-0.0005446308,-4.1663416e-06,-1.4813598e-05,-4.6292253e-06,-0.00012857764,-0.00080954144,-2.2683342e-05,-4.3745917e-05,-1.7706805e-05,-0.000104042796,-0.000112027185,-7.63823e-06,-0.00011515186,-1.7359474e-05,-0.00017267068,0.0012221058
SOX4,0.0016094174,-0.0039507644,-0.006118713,-0.0050748563,0.14428927,0.0113858925,-0.0044776895,-0.01933737,-2.8005212e-05,-0.03707737,-0.010215284,-0.01767593,-0.00027171595,-0.0068228715,-0.024968017,-0.0001735515,0.008392153,0.00047858385,-0.006338487,-0.02774279,-0.00041960162,0.0023758532,-0.0007889157,-0.002675532,-0.0056324005,0.00065081014,0.0033860935,-0.0008054983,-0.0042524072,0.012279511
PRL,-1.5479822e-05,-0.00041618187,-0.00060370896,-0.0013816727,0.002381854,-0.0007481792,-0.00032728404,-0.0018060717,-1.7691067e-05,-0.0026479221,-0.0007416983,0.015103659,-2.1229374e-05,-0.0005077359,-0.0020813656,-1.5922053e-05,-5.661158e-05,-1.7691067e-05,-0.00049137167,-0.0030937498,-8.668676e-05,-0.00016718145,-6.766855e-05,-0.00039760908,-0.00042812363,-2.9190353e-05,-0.00044006502,-6.6341614e-05,-0.00065987604,-0.0001512588
GMNN,-8.854951e-05,-0.00051480083,0.00045171572,-0.0031996493,-0.007915092,0.00083382556,0.00030345286,-0.0063155936,0.0026269704,-0.004723654,-0.00061676785,-0.0038382784,0.0021026407,-0.00084454805,0.0017343425,-4.4411176e-05,0.00073687074,-0.00010119849,-0.0008332894,0.008587431,0.009386391,-0.00031512673,0.0016199779,-0.0012503312,-0.0011736976,6.783366e-05,0.0022581154,0.00023082609,0.00038063186,0.0004539763
HIST1H1A,5.3617918e-05,-0.00080163893,-0.0010866713,-0.0028230234,-0.018042509,-0.0028136887,0.0013235724,-0.00058290083,0.0007238055,0.006962184,0.0031168635,-9.940754e-05,0.00048168554,0.0011919774,0.0023928934,-4.3865944e-05,-3.3191307e-05,-4.8740487e-05,6.920002e-05,0.008994802,0.0022849496,0.0015446171,-6.8221314e-05,-0.0008248162,-0.0008092149,-8.0421225e-05,-0.0005450254,0.00018241227,-0.00067610206,5.6786408e-05
HIST1H3B,-3.0593485e-05,-0.00067092234,-0.00031916288,-0.0021102477,-0.012554698,-0.0018517682,-0.00012965064,-0.0031727178,0.004150271,-0.0023811157,-5.817571e-05,-0.0017516256,0.0017686422,-0.0007857794,-0.00015095259,-3.1467633e-05,0.00035009178,-3.496375e-05,-0.00033933535,0.00075166166,0.01635974,-0.00033041008,0.0024835772,0.0013384153,-0.0004296128,2.893079e-05,-0.00039819695,-3.664705e-05,0.0006355815,-0.000298941
HIST1H1C,0.00013487933,0.002351335,-0.0014087463,0.015935952,-0.06598752,-0.007399091,0.0008576374,-0.016613288,0.0007899385,0.0017691811,0.0032971227,-0.01850406,0.00059273257,-0.00061942876,0.016847724,-0.00036965925,0.0004347207,2.9434106e-05,0.004309277,0.046386514,0.0038908336,0.0015674762,0.00067236176,0.0077181836,-0.0042146724,0.00020484276,-0.0014366534,0.00029527428,0.0045991633,0.0038685165
HIST1H4C,2.6761489e-05,0.0055311676,0.004884819,0.01610498,-0.10924873,-0.019961527,0.0003252281,0.016743572,0.0017123944,0.006850767,0.0052041817,0.0045899446,0.00094863586,0.0014371597,0.012321866,-0.00038183221,0.0009917422,9.986607e-05,0.0043024058,0.037336282,0.005385224,0.0028503055,0.00065293134,-0.0049664406,-0.0026976704,0.00028536507,0.00014578471,-0.00021146733,0.0055016,0.0032347958
HIST1H1T,-1.4715757e-06,-3.9564442e-05,-5.739135e-05,-0.0001313496,-0.0007114049,0.00073495146,-3.111356e-05,-0.0002911637,-1.6818035e-06,-0.0002517251,-7.050982e-05,-0.00018176097,-2.018181e-06,-4.8267953e-05,-0.000197864,-1.5136302e-06,-5.3817594e-06,-1.681803e-06,-4.6712186e-05,0.0015747154,-8.240804e-06,-1.5893005e-05,-6.4328838e-06,-3.7798633e-05,-4.0699695e-05,-2.7749754e-06,-4.1834886e-05,-6.306785e-06,-6.273103e-05,-1.43794205e-05
HIST1H2AC,-4.6587957e-05,-3.570498e-05,-0.0008003741,0.004413522,-0.032662626,0.00038163952,-0.0004230578,-0.012046913,3.5870497e-05,-0.008673165,-0.0018455426,-0.009418476,3.894791e-05,-0.0019169885,-0.0066592293,-0.00015473264,0.00056364783,-3.186941e-05,-0.0026895301,-0.00020593675,0.00087439903,0.00034201087,-0.00018599836,0.07583677,-0.0024174356,-7.828686e-06,-0.0020894594,-0.00024896595,-0.0019326959,0.002006464
HIST1H1E,3.291401e-05,0.00190761,0.001905455,0.008662124,-0.05911925,-0.006700373,0.002544434,-0.023446953,0.00049852673,-0.005737464,0.0049080965,-0.019289384,0.0005549103,-0.00039559446,0.030643662,-0.00049642805,-0.0004778864,0.00014819788,0.0027494521,0.059381638,0.0022497214,0.00269401,-0.00036525205,-0.0072245114,-0.005256316,8.561813e-06,-0.00039397037,-0.0006850999,0.009533204,0.0011659916
HIST1H2BG,-6.091732e-05,0.0001509941,0.0015174561,0.0042764503,-0.035478793,-0.003985728,0.0009015295,-0.00037974777,4.4009368e-05,0.0017537113,0.00077758974,-0.00069167773,8.6054984e-05,0.00035630935,0.006001093,-8.2321836e-05,0.0017783399,2.8799883e-05,0.00020588696,0.003107667,0.00011933903,-7.79138e-05,0.00040043742,0.013835499,0.0016681686,5.823034e-05,-0.0012929568,0.0006202398,0.0020743692,0.0022878416
HIST1H2AE,-8.275376e-05,0.00049961644,-8.451115e-05,0.0002015291,-0.021229865,-0.0022740227,-0.0002045051,-0.0076555326,0.0006314789,-0.0043624025,-3.8950864e-05,-0.003128916,0.00014663156,-0.0006494112,0.00053049275,-8.511762e-05,0.00054522394,-2.6050539e-05,0.00074695,0.0062139756,0.0017352696,0.00053760834,2.6007647e-05,0.028000932,-0.0013328388,-6.846415e-05,-0.00075582025,-0.0001345098,0.001155402,0.0011425345
HIST1H1D,0.000269242,0.0020525903,1.1346174e-05,0.011101751,-0.084853105,-0.015258681,0.0016513094,0.0004828677,0.0008481311,0.0037038992,0.003974022,-0.0063499953,0.00078213884,0.00063077617,0.020769667,-0.00040899552,-9.487317e-06,-6.4975706e-05,0.00067339145,0.055838246,0.0031496387,0.0019490944,-0.00014244021,-0.0056676604,-0.004542701,0.00032713782,-0.0009018814,-0.0002144838,0.0063019805,0.0038972963
HIST1H3F,-3.2142438e-05,-9.321846e-06,0.00073440024,-0.0004764686,-0.008870971,-0.0012154054,5.218527e-05,-0.0055644712,0.0036316507,-0.0038205187,-0.0015400746,-0.00299356,0.0011935591,-0.00048709457,0.00035300234,-3.3060758e-05,-0.00011754921,-3.6734305e-05,-0.00058520207,0.009833535,0.011501557,-0.00017108691,0.0008496731,-0.00082560204,-0.00088896614,-6.0611204e-05,-0.00020715913,1.2777201e-05,-3.799373e-05,-0.00018840308
HIST1H2BH,0.000117209165,0.00021477643,4.45401e-05,-0.0005984166,-0.01767133,-0.0006504769,-0.00023575363,-0.007509122,0.001737034,-0.0046537057,-0.0016389742,-0.0049344213,0.00079703616,-0.0002460926,0.001296996,-6.992828e-05,0.0006078146,5.5873432e-05,-0.0013415546,0.011608981,0.0069906632,0.0005656217,0.0017073815,0.012881149,-0.0010910576,4.1810188e-05,0.0001868071,0.00036724313,0.00074857386,0.0006712469
HIST1H3G,-2.9938887e-05,-0.00024987335,-0.0007757444,-0.0009577632,-0.009329159,-0.0012575756,-0.00016245522,-0.0036736538,0.0045102593,-0.002536997,-0.00079218077,-0.0027200198,0.0016009021,-0.00046590867,-0.0004933776,-3.079414e-05,-2.8259139e-05,-3.4215936e-05,-6.1879728e-06,0.0012083501,0.013509996,-2.9788373e-05,0.002654611,0.0019403652,-0.0005404547,-5.6456163e-05,4.8153466e-05,-0.00012830964,-0.00088101183,-0.00029254585
HIST1H4H,-6.2965178e-06,0.00076207536,-0.0006470202,0.004352724,-0.0133676585,-0.0024076202,-7.9934885e-05,-0.0018549345,0.0008996413,-0.0046390668,0.0003747152,0.00025120296,0.0002226666,-0.00063115265,0.0012899692,-9.098436e-05,-7.660746e-05,7.757919e-05,0.00011675915,0.0038668676,0.002970507,0.00021752728,0.001098312,0.0091290735,-0.001521079,-5.1572588e-05,-0.0011361631,0.00028778712,9.458048e-05,0.00049808476
BTN1A1,-8.815541e-06,0.0030702278,0.008524951,-0.00078684546,-0.00313724,-0.00063748827,-0.00018638393,-0.0017442156,-1.00748275e-05,-0.0015079565,0.0004138735,-0.0010888422,-1.208977e-05,-0.00028914752,-0.0011853096,-9.067371e-06,-3.22397e-05,-1.00748275e-05,-0.00027982888,-0.0017618366,-4.9366638e-05,-9.520715e-05,0.002060162,-0.00022643246,-0.00024381309,-1.6623582e-05,-0.00025061122,-3.7780716e-05,-0.00037579186,-8.613956e-05
HIST1H2BJ,-5.8187536e-05,-0.0009864654,-0.0012178229,-0.0018619286,-0.019662881,-0.003086489,-0.0007658964,-0.007845857,0.0001873826,-0.0047306577,-0.0020315363,-0.0049243593,4.7872094e-05,-0.0012881967,-0.0055291816,-5.984954e-05,-9.410633e-05,-6.6499815e-05,-0.0012617975,-0.0069395667,0.0013299335,-0.0005832586,6.715941e-05,0.0659161,-0.0011768652,-8.897744e-05,-0.001581337,-0.0001512817,-0.0018137282,0.00025848366
HIST1H2AH,-7.721162e-05,0.0016224819,0.0014472991,0.004458519,-0.027968885,-0.0031256971,0.00084440364,-0.008282544,0.0021389185,-0.0038618634,0.0011894327,-0.0032765763,0.0013494617,-0.0005270969,0.0049034134,-7.9417725e-05,0.00079847977,-8.824068e-05,-0.0006984994,0.017908037,0.008942748,0.0015626472,0.0011876276,-0.0017722507,-0.0012837702,0.00012347565,-0.00017296046,-6.2573905e-05,0.0022777016,0.0005230722
HIST1H3H,-7.6453354e-05,-0.0010691622,-0.0017299037,-0.0032389453,-0.023765655,-0.0029596621,-0.0011164735,-0.008855523,0.00028068863,-0.0075202435,-0.001822857,-0.0049262163,0.00020141657,-0.0016897339,-0.0050078193,-3.8757345e-05,3.0653984e-05,-8.737477e-05,-0.0015374421,-0.0056433957,0.0013152536,-0.0005916225,-0.0001329012,0.07488646,-0.0012674073,5.2005635e-05,-0.0014484319,-0.00016618527,-0.0022493035,0.00017517908
HIST1H2AJ,-4.267776e-05,0.0006876343,0.0006320967,0.000525866,-0.014933149,-0.0017876191,-0.00012042279,-0.005696171,0.0034070099,-0.00090671156,0.0008844998,-0.0044171955,0.0018356872,0.00038724605,0.0005347216,-4.3896805e-05,0.00038347935,-4.8774422e-05,-0.0007100783,0.007048342,0.010584951,8.6802975e-05,0.001632537,-2.4379347e-05,-0.0005357322,0.000664807,0.00017109574,0.0008519561,-0.00074639375,-0.0003054855
HIST1H2AL,0.0004260615,0.0034706495,0.00125634,0.010001924,-0.0068536047,0.0030998047,0.000118028314,-0.011103231,0.0012577899,-0.0077953856,-0.0016910752,-0.007127077,0.00059277366,-0.00089092285,-0.0023198205,-7.4690943e-06,-0.00019122481,-9.1132446e-05,-0.0012050885,0.006089752,0.007920323,-6.183103e-05,0.0009129073,-0.0007875545,-0.001713918,0.00083904783,0.0035046937,1.4970504e-05,-0.00084591896,0.0031800177
HIST1H1B,0.00029837288,0.0013127133,0.00049347477,0.0059438674,-0.022455035,-0.004734626,0.0004892738,-0.010150509,0.0031360136,-0.008858294,-0.003458324,-0.009415763,0.00158638,-0.0022625534,0.005705329,-9.5317184e-05,0.0003811981,-0.00014553494,-0.002805964,0.027987689,0.01010234,0.00044476186,0.0011185545,-0.0011686191,-0.0024608895,0.0006407334,0.002756185,9.199616e-05,0.0010282111,0.004494323
OR2B6,-1.49831485e-05,-0.00015113792,-0.00058434455,-0.0013373543,-0.005111796,-0.0009479027,-0.00031678655,-0.0029645292,-1.7123688e-05,-0.0024361038,-0.0007179111,-0.0015766359,-2.0548492e-05,-0.0004914504,-0.0020145993,-1.5411308e-05,-5.4795633e-05,-1.7123672e-05,-0.00047561075,-0.0018524121,-8.390561e-05,-0.0001618191,-6.549822e-05,0.022650214,-0.00041439454,-2.8253875e-05,-0.00042595135,-6.421347e-05,-0.0003073102,1.9618781e-05
AL049543.1,-2.6414216e-05,-0.0005267424,0.0013804059,-0.0004992336,-0.012187815,-0.0019101178,-0.0005584711,0.012842184,-3.0187464e-05,0.002914217,-0.00041873637,0.009425439,-3.6224952e-05,-0.00033363092,-0.00305607,-2.7168779e-05,4.5196404e-05,-3.0187493e-05,-0.00083845865,-0.003928583,-0.00014791885,-0.00028527342,3.2864189e-06,-0.00067846675,-0.00037453725,8.414998e-05,-0.0005747816,-0.000113203554,-8.393184e-06,-0.000104194696
UBD,-4.9830587e-06,-0.00013397163,-0.00019433867,-0.00044476884,0.0001738293,0.000915004,-0.00010535602,-0.000985925,-5.694904e-06,-0.0008523875,-0.00023875856,-0.00061547314,-6.833861e-06,-0.00016344365,-0.0006700066,-5.1254497e-06,-1.8223522e-05,-5.6949084e-06,-0.00015817503,-0.0009958893,-2.7904998e-05,-5.3816293e-05,-2.1782798e-05,-0.00012799152,-0.00013781659,-9.396532e-06,0.005177347,-2.1355918e-05,-0.00021241816,-4.869122e-05
TRIM31,-1.0505898e-05,-0.00028246,-0.00040972995,-0.0009377275,-0.003548654,-0.00036260154,-0.00022212532,0.004014825,-1.2006823e-05,0.0017582288,0.0004824685,0.002020156,-1.4408114e-05,-0.0003445964,-0.00019538256,-1.0806082e-05,-3.8421585e-05,-1.2006793e-05,-0.00033348738,-0.0020996828,-5.883333e-05,-0.00011346419,-4.5925768e-05,0.0008266365,0.00029374307,-1.9811165e-05,0.00027211063,-4.5025066e-05,-0.0004478527,-0.00010265827
TUBB,0.0003742237,-0.002325628,0.0026059193,-0.012923314,0.044404607,0.023720896,-0.0013804781,-0.020498939,0.0021249177,-0.016615672,-0.0033225405,-0.0128255375,0.0016958836,-0.003200767,-0.0044119977,-0.0002967887,0.0015151682,0.00029952446,-0.0042662933,-0.0012847831,0.00879529,0.00016732022,-0.00011919238,-0.0017757852,-0.0029369877,0.0002652236,0.0018429921,-4.6419045e-05,-0.0022399924,0.0026590878
IER3,-0.00028583818,-0.0066808374,-0.010277766,-0.022551524,0.3015243,0.0017648988,-0.00504478,-0.047031466,-0.00030014876,-0.04280514,-0.01204615,-0.03178488,-0.0003460117,-0.008221702,-0.031494074,-0.00018857501,-0.0010065732,-0.00031648309,-0.008024022,-0.046360776,-0.0013712036,-0.002234415,-0.0011251629,-0.004369875,-0.006404951,-0.00049070775,0.00087886234,-0.001104027,-0.010112534,-0.002189147
TNF,-0.00014124067,-0.003469712,-0.005787451,-0.0128793325,0.14213187,0.02850309,-0.0024041273,-0.030579694,-0.00015903765,-0.02089623,-0.0053338194,-0.019654706,-0.00019770823,-0.004995684,-0.01698027,-0.00010896688,-0.0006241551,-0.000100814425,-0.0005256337,-0.02651547,-0.00082697446,-0.0015574673,-0.0006889414,-0.0023177182,-0.00405221,-0.00021113345,-0.0025995271,-0.00063238904,-0.0054473146,-0.0009472268
LTB,-0.000101910526,0.012912798,0.025551755,0.044561487,-0.23435539,-0.017300293,-0.0055121426,0.09461483,-0.00024280642,0.109219275,0.026087021,0.039879624,-0.00045847875,0.016176,-0.02739624,-0.00035193405,-0.0016159303,0.0006641043,0.014713909,-0.079912305,-0.0026084376,-0.0006106662,-0.0024568809,-0.0077657793,0.011145511,-0.0007174609,-0.013302203,0.001021733,-0.003917092,0.0020779893
LST1,0.00031415024,-0.009099224,-0.012811182,-0.02625341,0.3063506,0.08634244,-0.007396843,-0.06870061,-0.0004344668,-0.053226728,-0.015039865,-0.04414656,-0.0004929169,-0.01042566,-0.046280283,-0.00025464123,-0.00047764054,1.5806492e-05,-0.0055567636,-0.068814635,-0.0019538165,-0.0030459887,-0.0017175643,-0.0045398455,-0.010325377,-1.6835553e-05,0.01508353,-0.001722077,-0.013754825,-0.0016185034
NCR3,-0.00021184224,0.0033921727,0.0035309778,-0.0022709544,-0.09682254,-0.014102272,-0.0021877429,-0.03493818,-0.00014776352,-0.023324927,-0.0028069217,-0.013285779,1.9738029e-05,-0.0009920589,0.016586823,-0.00018921457,-0.0007237849,3.1261265e-05,0.036766294,0.12428003,0.0036860947,0.004034953,-0.000864035,-0.004422234,-0.0029899776,-0.00039947225,-0.005620352,-0.0005555321,0.01654938,-0.0020229656
AIF1,-4.9378672e-05,-0.0107164,-0.015392256,-0.034220405,0.31976405,0.07414027,-0.008472201,-0.044591937,-0.0004229193,-0.06713984,-0.018875042,-0.016790375,-0.0004882272,-0.0101252,-0.049968682,-0.00021814293,0.001113204,-0.00048126842,-0.013223297,-0.07644287,-0.002203333,-0.004198044,-0.0020015892,-0.0048531406,-0.010479008,0.00059502065,0.014039594,-0.001393839,-0.014962367,-0.0019423353
LY6G6F,-2.2882738e-05,-0.0004600183,-0.00089241966,-0.0020424298,-0.00929062,-0.0015846532,-0.00048380523,-0.004409287,-2.6151674e-05,-0.0037820784,-0.0010964081,-0.0028263272,-3.138198e-05,-0.0007505515,-0.0030767303,-2.353633e-05,-8.3684776e-05,-2.6151674e-05,-0.00072636263,-0.004278043,-0.00012814246,-0.00024713282,-0.000100030025,0.03895349,-0.0006328716,-4.3150198e-05,-0.0005914026,-9.8068944e-05,-0.000975454,-0.00022359639
MPIG6B,-1.1502216e-05,-0.0015361477,-0.0024080565,-0.0045787743,-0.019166498,-0.003779469,-0.0010919939,-0.011951008,-7.5142896e-05,-0.010850584,-0.002811683,-0.00643375,-9.0171634e-05,-0.0020760624,-0.007884023,-6.762869e-05,0.00012349077,-7.514288e-05,-0.0019318564,-0.006140834,-0.0002809205,0.00021443286,-0.00028742384,0.08880286,-0.0018184652,-0.0001239862,-0.0017651014,-0.00028178663,-0.0025082265,0.00088529004
HSPA1A,-0.00016519257,-0.004917498,-0.006828716,-0.019429402,0.15827714,0.02139073,-0.0006427605,-0.034359444,-5.7747322e-05,-0.02008506,-0.006054176,-0.025440883,-0.00011456246,-0.005370663,-0.013186945,-0.0001328193,0.0007691942,-0.0001347918,-0.005564843,-0.020540386,-0.0005002956,-0.0015703794,-0.0008907001,-0.004514223,-0.0034055556,-0.00015801284,9.080625e-05,-0.00072602107,-0.003988247,-0.0017486786
C2,-7.1100556e-05,-0.0016832358,-0.0026258945,-0.005248311,0.051652316,0.031174242,-0.0015032736,-0.012946615,-4.2593783e-05,-0.011397285,-0.002861959,-0.0075475564,-9.750944e-05,-0.0022028056,-0.008645974,1.0541327e-05,-0.0002600245,-8.1258426e-05,-0.002256948,-0.013493701,-0.0003981622,-0.0007678888,-0.0002525364,-0.0012573723,-0.0019664369,-0.00013407524,-0.0013605197,-0.0003047157,-0.0028232515,-0.00060604064
CFB,-1.8799341e-05,-0.00050543004,0.000695919,-0.00052391813,0.012172106,0.0012052866,-0.00039747154,-0.0017114113,-2.1484906e-05,-0.002930612,-0.00090075517,-0.0008878613,-2.578191e-05,0.0002876234,-0.0018352733,-1.9336378e-05,-6.8751586e-05,-2.1484902e-05,-0.0005967426,-0.0012372085,-0.00010527617,-0.0002030325,-8.218001e-05,-0.00048287265,-0.0005199321,-3.5449957e-05,-0.0005344386,-8.056773e-05,-0.00080138404,0.00018648883
HLA-DRA,0.0008524753,0.020506673,0.029806724,0.070857726,0.23651245,0.040998492,-0.0083313715,-0.086466044,-0.00036999327,-0.07460405,-0.020318024,-0.054970715,-0.00034233436,-0.014069062,-0.048224483,-0.0003312438,0.00060423074,-0.0004684092,-0.013746334,-0.07589246,-0.0018925058,-0.002702311,-0.0011216551,-0.0051227286,-0.012205839,0.0021938786,0.029812656,-0.0016246861,-0.015409414,0.0060682367
HLA-DRB5,0.0007303353,0.014896042,0.018706791,0.05080609,0.1899489,0.04557674,-0.006141439,-0.07164901,-0.000289502,-0.06159668,-0.017013066,-0.045071483,-0.00027628482,-0.01153747,-0.033014685,-0.0002798608,-0.0009665046,-0.00040237122,-0.011422395,-0.06334,-0.0016292795,-0.0027154328,-0.0006985024,-0.0076365545,-0.009932849,0.0024993592,0.031398218,-0.0012802752,-0.012494398,0.0048249364
HLA-DRB1,0.00080089533,0.0176085,0.024577625,0.06278167,0.21099953,0.042555086,-0.005180812,-0.089100115,-0.00031090286,-0.073620066,-0.019647395,-0.055445496,-0.0001286039,-0.01390362,-0.027189989,-0.0003244281,0.00017298924,-0.0003940189,-0.013181074,-0.06180034,-0.0015824552,-0.0025026537,-0.00053742225,-0.008822852,-0.011248317,0.0024767548,0.031183027,-0.0013366379,-0.011474425,0.00457539
HLA-DQA1,0.0013167136,0.02719009,0.039300863,0.08771899,0.030305665,0.029998194,-0.0047535324,-0.053232294,-0.00028442394,-0.045859337,-0.012956924,-0.03336495,-0.0002532378,-0.008866083,-0.026087869,-0.00025748016,-0.00013978076,-0.00024110236,-0.008796261,-0.0504895,-0.0013980429,-0.0023342974,-9.018382e-06,-0.005336299,-0.007198076,0.003615802,0.047155853,-0.0010700942,-0.010261578,0.006588136
HLA-DQB1,0.000777769,0.021579351,0.02845861,0.0742147,0.18053481,0.020902662,-0.0062431893,-0.07532464,-0.00033247884,-0.059705324,-0.016606161,-0.04612479,-0.00037625304,-0.011021848,-0.03788663,-0.00025495928,-0.00037572026,-0.00043632038,-0.01106403,-0.065465935,-0.001768466,-0.003281639,-0.0008203631,-0.008599576,-0.008903319,0.0028779416,0.034654412,-0.0013020422,-0.01252031,0.0044139763
HLA-DQA2,0.00040615018,0.008581647,0.012407043,0.031186199,0.040703543,0.01549419,-0.0028673306,-0.027128616,-0.00016905321,-0.023906944,-0.006419274,-0.01730211,-0.00012248046,-0.004661577,-0.010484435,-0.00013866622,-0.00046977893,-0.00012408073,-0.0046581863,-0.022412032,-0.00055610767,-0.0013146847,-0.00043900168,-0.0027713387,-0.003808083,0.0018478556,0.021297969,-0.00063395186,-0.0051271757,0.0035902702
HLA-DOB,-5.4026077e-05,0.02570284,0.034910064,0.11062579,-0.04975214,-0.007619662,-0.002291297,-0.021706583,-0.000119215554,-0.01838378,-0.005291516,-0.013270034,-0.0001654989,-0.0034476267,-0.014555846,-0.00012412376,-0.00038836195,-0.00013791559,-0.0035320972,-0.021025183,-0.00035876883,-0.00093405263,4.0099072e-05,-0.0029407793,-0.0031029617,0.0024342367,0.0012541957,-0.0004919314,-0.004344421,-0.00092920434
HLA-DMB,0.0009477486,0.016367264,0.024619173,0.06915912,0.1886126,0.007381206,-0.006630377,-0.065211475,-0.0003563884,-0.05673111,-0.015695909,-0.039877288,-0.0003146461,-0.010817086,-0.04025491,-0.0002910093,-0.00072681345,-0.0003477966,-0.009769103,-0.060761146,-0.0016621185,-0.0021010917,-0.0013639367,-0.007306931,-0.009357075,0.0019502669,0.029015152,-0.0011281399,-0.01280512,0.005456671
HLA-DMA,0.0010432389,0.015180141,0.020905413,0.057440042,0.1758114,0.018603561,-0.006088342,-0.06342572,-0.00026827224,-0.057952978,-0.015526952,-0.03933078,-0.00031082402,-0.010848816,-0.035225265,-0.0002877124,0.00036576804,-0.000384986,-0.010710424,-0.05866488,-0.0014426245,-0.0024606886,-0.00037021033,-0.0078434115,-0.008503543,0.0022945583,0.033507973,-0.000841788,-0.011462494,0.006798369
HLA-DOA,0.00057410175,0.015379181,0.018295493,0.06275718,-0.021738697,-0.00064399425,-0.002395283,-0.022531608,-0.00014528946,-0.020068279,-0.005767557,-0.00096284016,-0.00012288197,-0.0025637646,-0.012849417,-6.395532e-05,5.4263146e-05,-0.00014528958,-0.003887539,-0.022510495,-0.0006922341,-0.001153164,-0.0003321038,-0.0027485872,-0.0032796497,0.0015755355,0.024776595,6.259395e-05,-0.0035849658,0.004712732
HLA-DPA1,0.0010754091,0.01949704,0.026340859,0.06331562,0.13672678,0.058849305,-0.0028141951,-0.086908005,-0.00033394105,-0.072377965,-0.017982561,-0.05351638,-0.0003031197,-0.012032687,-0.012869959,-0.00040052575,6.31745e-05,-0.00046612226,-0.011996745,-0.04429883,-0.0012093012,-0.0020134817,-0.0006869675,-0.008172143,-0.011662915,0.002951794,0.03462556,-0.0013855913,-0.008502793,0.0064889095
HLA-DPB1,0.0010157127,0.021831593,0.030921329,0.07128715,0.09789434,0.04010311,-0.0014444041,-0.087887436,-0.00045365465,-0.07302388,-0.018450819,-0.047034603,-0.00019601043,-0.010685204,0.0047593256,-0.00038052362,4.1778552e-05,-0.00045982568,-0.012752949,-0.033706225,-0.0011210708,-0.0018312093,-0.0010342742,-0.0065392144,-0.011620301,0.0030838621,0.03575186,-0.0010710534,-0.003169242,0.006171772
KIFC1,-3.5106896e-05,-0.0009438756,-0.0004222772,-0.0018140967,-0.011238298,-0.0011843233,0.00047804278,-0.003507732,0.0048823203,-0.0037669432,-0.00063346204,-0.0039159046,0.0023139215,-0.00035027548,-0.0010870675,-3.610982e-05,8.275581e-05,-4.0122162e-05,-0.00056869717,-0.001372864,0.02162969,-1.3450242e-05,0.0021294774,-0.00090174156,-0.0007837291,0.00013089919,0.0013804941,-0.0001504591,-5.207771e-05,-0.00020892825
PACSIN1,0.0006142697,-0.0011898733,-0.0015503574,-0.004258539,-0.025566008,-0.0036868176,-0.0011556293,-0.009139771,0.00021975998,-0.00622878,0.0017139836,-0.0056987302,0.00062649377,-0.00048898224,0.0023414602,-2.3830413e-05,0.0004948261,-6.69113e-05,0.001752871,-0.00034970895,0.0001683623,0.011630984,-7.598439e-05,-2.4136005e-05,-0.0009927263,-0.00011040328,-0.00133159,0.0014690858,0.00055396,0.04035296
CDKN1A,0.00019781433,-0.004168217,-0.0066934666,-0.01958434,0.21816324,0.026789512,-0.0048078373,-0.047237214,-0.00027597393,-0.038271103,-0.010297904,-0.029035356,-0.00026213392,-0.0076607186,-0.02991116,-0.00017756023,-0.0008561177,-0.0002543229,-0.005735217,-0.044337336,-0.0006937044,-0.0023999435,-0.00048218892,0.015556311,-0.006465847,-0.00042785425,0.011098605,-0.001031251,-0.009723102,-0.0010161609
CPNE5,-0.000102401114,0.021868974,0.052396517,0.030912127,-0.020704271,-0.004661088,-0.0021033704,-0.018741319,-8.919208e-05,-0.015721222,-0.004296194,-0.011944279,-0.00012265638,-0.0030961065,-0.012570865,-0.00010532705,-0.0003744965,-0.00011702933,-0.0030548845,-0.017937874,-0.00047906445,-0.0010342123,0.0066553303,0.015173429,-0.002482631,-0.0001621553,-0.0024773516,-7.303386e-05,-0.0038217774,-0.00073343207
FGD2,0.00071254186,0.010506438,0.012333446,0.021885755,0.14046066,0.050653856,-0.004903536,-0.047700737,-0.00026468988,-0.041380145,-0.011452117,-0.030161323,-0.0003416884,-0.007699578,-0.030657513,-0.00025010132,-0.00085011433,-0.00025783118,-0.007479185,-0.046007656,-0.0013337556,-0.0023804032,0.00041473543,-0.0048835906,-0.006747627,0.0010510137,0.013973456,-0.0010713473,-0.009316426,0.003148065
DNAH8,-2.250652e-05,0.0042074854,0.023918467,-0.00176516,-0.010129224,-0.0011056126,-0.00047585162,-0.0041681966,-2.572172e-05,-0.0023681868,-0.0001930214,-0.0021483628,-3.0866166e-05,-0.000738217,-0.0030261492,-2.3149556e-05,-8.2309234e-05,-2.5721676e-05,-0.0007144227,-0.0036302353,-0.00012603581,-0.00024307109,0.0007684195,-0.0005780952,0.004374318,-4.2440897e-05,-0.0003303144,-9.645682e-05,-0.00095941976,-0.00021992157
TSPO2,-2.8910647e-06,-7.772799e-05,-0.00011275095,-0.0002580482,-0.0013976189,-0.00020906547,-6.112512e-05,-0.0005720172,-3.3040694e-06,0.0015034364,-0.00013852383,-0.0003570848,-3.964896e-06,-9.482739e-05,-0.00038872426,0.0020441099,-1.0572964e-05,-3.3040678e-06,-9.17707e-05,0.00070156826,-1.6190037e-05,-3.1223393e-05,-1.2637985e-05,-7.4258736e-05,-7.99586e-05,-5.4517513e-06,-8.21884e-05,-1.2390354e-05,-0.00012324158,-2.8249602e-05
TREML1,-6.322484e-05,-0.0014253709,-0.0022041555,-0.0050125215,-0.01820689,-0.0037882372,-0.0012787106,-0.0118607795,-7.2257135e-05,-0.010288028,-0.0028236683,-0.0072889305,-8.670851e-05,-0.0020288948,-0.0073139933,-6.5031214e-05,-0.00023122336,-7.225713e-05,-0.0018941757,-0.011575861,-0.0003186707,-0.0006828277,-0.00027638295,0.09539279,-0.0016966821,-9.6032745e-05,-0.0015814472,-0.00024221773,-0.0025861966,-0.0003314359
TREM1,-0.00020470667,-0.005068434,-0.0074920966,-0.016904667,0.2468703,-0.0042549134,-0.0042474344,-0.038512178,-0.0001981102,-0.033525597,-0.009212634,-0.024222853,-0.00026628296,-0.006247713,-0.025877453,-0.000140701,-0.0007243943,-0.00020129498,-0.00632236,-0.038231745,-0.0010543113,-0.0020352646,-0.00088594994,-0.0038767247,-0.0055728722,-0.00038602029,-0.00024057034,-0.00087731594,-0.008158382,-0.0019272919
PTCRA,6.5164546e-05,-0.0016959106,-0.0023384108,-0.005396351,-0.02240214,-0.0039482447,-0.0012748601,-0.011918019,-7.452882e-05,-0.010696755,-0.002808271,-0.0074461764,-8.9434536e-05,-0.001897307,-0.00788005,-6.707569e-05,-0.00023849148,-7.452895e-05,-0.0018873924,-0.011671148,-0.0003651909,-0.0006522653,-0.00028507118,0.081268854,-0.0016600505,-0.00012297208,-0.001736711,-0.00027948167,-0.0024842063,0.020056944
VEGFA,-0.00013561755,-0.0034620008,-0.006029716,-0.013421426,0.18648525,-0.009272322,-0.0031497802,-0.031291835,-0.00019020378,-0.026996022,-0.0073943078,-0.019305732,-0.00022824167,-0.0049495213,-0.021100877,-0.00014406037,-0.0005369975,-9.039158e-05,-0.0048655914,-0.030540705,-0.0007949163,-0.001578091,-0.00017179092,-0.003121201,-0.004312423,-0.00027316966,0.015647573,-0.0006634889,-0.006579034,-0.0015336944
NFKBIE,6.8599395e-05,-0.00092755095,-0.002553808,-0.00722283,0.14836183,0.012234437,-0.0028910614,-0.03284878,-0.00015831675,-0.024637878,-0.0065090763,-0.02071927,-0.00012954848,-0.0052705687,-0.01793368,-0.0001298746,-0.00033847225,-0.00022210294,-0.0045775375,-0.024556808,-0.000831642,-0.0011198889,-0.0002840582,-0.0045648385,-0.0043618847,3.860663e-05,0.008238218,-0.0006586504,-0.0061323345,0.0006387469
RUNX2,0.0011528536,-0.003400762,-0.004659296,-0.012324184,-0.020489275,-0.009921745,0.0023412707,-0.01739606,0.00023781409,0.012022061,0.0028970388,0.03869596,0.00024802078,0.0022335278,-0.0015992147,-0.00011299906,0.000307067,0.00054186105,0.008709404,-0.020264005,-0.00040398122,0.002889613,0.00027176423,-0.0026077353,-0.0015711172,-0.0001280527,0.005907158,0.00026447725,0.00035955943,0.015799003
AL096865.1,0.0007637429,-0.0018097408,-0.0015079986,-0.0056961393,-0.026324281,-0.004409653,0.0039886013,-0.011508527,-6.788366e-06,0.00887654,0.0013527434,-0.0008512258,0.000118099044,0.0026190127,0.007181049,-8.198256e-05,0.0009743696,-9.109135e-05,0.0012651989,-0.010876133,-0.00027313136,0.0028942926,0.0009409893,-0.0012037986,-0.00015660218,-0.000111052716,0.0011279654,0.00023618646,0.0017445404,0.030824905
PLA2G7,-0.00013417046,-0.0034124397,-0.00488461,-0.011075992,0.16447555,-0.0055492828,-0.0027769888,-0.025263656,-0.00015333654,-0.02243655,-0.006302249,-0.01606448,-0.00018400469,-0.004069078,-0.0169742,-7.170352e-05,-0.0004906776,-0.00015333635,-0.0038985296,-0.025817402,-0.000751352,-0.0012280891,-0.0005865147,-0.0019804463,-0.0035683229,-0.00025300652,0.0007054597,-0.0005750149,-0.005376267,-0.0011493359
TNFRSF21,0.002282089,-0.0010009995,-0.0013590292,-0.0024480927,0.00010483967,-0.0017702051,-0.0008127422,-0.008703259,-5.352497e-05,-0.007568925,-0.0020502352,-0.004935758,-6.4230386e-05,-0.0013870153,-0.0053401,-4.817298e-05,0.00055951875,-5.352497e-05,-0.0012935172,-0.00827832,-0.00012213635,-0.00030954863,-0.00020473491,-0.00062079454,-0.001114671,0.00030965585,0.0069280425,-0.00020072029,-0.0014258681,0.040981825
MCM3,-0.00010405524,0.00026952047,0.0017388881,0.00077408977,-0.04692292,-0.004662298,0.00034884663,0.0011362734,0.00198597,0.0013814437,-0.00021104809,0.004499376,0.0017459749,-0.00087175035,0.00798554,-0.00018799139,0.0006332529,-6.6022214e-05,-0.0020357796,0.02286775,0.009733202,0.0007414797,0.0005929734,-0.0041259523,0.00054645195,4.607103e-05,-0.0004272046,0.0006808306,0.0014878372,0.00041937473
FAM83B,-1.9262789e-06,-5.178908e-05,-7.512429e-05,-0.00017193494,-0.0009312223,-0.00013929633,-4.0727216e-05,-0.00038112572,-2.2014442e-06,-0.0003295045,-9.229623e-05,-0.0002379212,-2.641769e-06,-6.318233e-05,0.001408219,-1.9813187e-06,-7.0446695e-06,-2.2014437e-06,-6.1145125e-05,-0.00038497872,-1.07870965e-05,0.0018595757,-8.420554e-06,-4.9477934e-05,-5.3275442e-05,-3.6324248e-06,-5.476113e-05,-8.255517e-06,-8.211468e-05,-1.8822624e-05
COL21A1,-8.403551e-06,-0.00022593442,-0.00032773547,-0.0007500725,0.009216202,-0.0006076918,-0.00017767413,-0.0016626961,-9.604038e-06,-0.0014374794,-0.0004026481,-0.0010379512,-1.15247485e-05,-0.00027563472,-0.0011299093,-8.643619e-06,-3.0732932e-05,-9.604025e-06,-0.00026675154,0.0005183972,-4.705965e-05,-9.075805e-05,-3.673514e-05,-0.00021584943,-0.00023241746,-1.5846568e-05,-0.00023889962,-3.6014968e-05,-0.00035822936,-8.211392e-05
DST,0.00035163332,-0.003719954,-0.0054478142,-0.013390323,0.09849827,0.012760924,-0.00322935,-0.02366163,-0.00015998392,-0.007087072,-0.006784481,-0.018989453,-0.00022158951,-0.004717039,-0.018945787,-0.00016619297,0.0020917815,0.00033063628,-0.0047033248,-0.018338451,-0.00032373556,0.0014197108,-0.00055466284,-0.0037084532,-0.0041598906,0.0035066172,0.021616315,-0.00064305746,-0.006310353,0.004686636
BEND6,0.0024400153,-0.0005711365,-0.0012242559,-0.0025139335,-0.012132479,-0.0021119122,-0.00066370243,-0.005790225,-3.5875597e-05,-0.0046956334,-0.0015040855,-0.0033110944,-4.3050946e-05,-0.001029635,-0.0019925206,-3.2288022e-05,0.0014939217,-3.5875637e-05,-0.0009964509,-0.0035272485,-0.00017579149,-0.00011741704,-0.00013722497,-0.00012174804,-0.0008681914,0.0015893286,0.013762979,-0.00013453331,-0.0005582322,0.025038393
COL19A1,-8.0232e-05,0.012922804,0.0068217707,0.111738525,-0.03803369,-0.0056360243,-0.001696331,-0.015531934,-9.1692884e-05,-0.013612264,-0.0036849976,-0.009814312,-7.6223376e-05,-0.0025649406,-0.010334058,-8.252405e-05,-0.00029342022,-9.169293e-05,-0.0025467833,-0.015375559,-0.00036723193,-0.00086650415,-0.00021087956,-0.0019103537,-0.0021224273,-0.00015129392,-0.0022808881,0.00017694607,-0.003420169,-0.00078398176
AL365226.2,-3.9300376e-06,-0.00010566203,-0.00015327086,0.00058524637,-0.0012205074,-0.00028419934,-8.309276e-05,6.853289e-05,-4.491466e-06,-0.0006722638,-0.00018830504,-0.00048541775,-5.3898025e-06,-0.00012890539,-0.00052842224,-4.0423006e-06,-1.4372728e-05,-4.4914705e-06,0.00076171727,-0.00078544614,-2.2008166e-05,-4.244438e-05,-1.717994e-05,-0.00010094611,0.0037811701,-7.410916e-06,-0.00011172611,-1.6843109e-05,-0.00016753186,-3.8402184e-05
OGFRL1,-0.00016428904,-0.0060194824,-0.01014982,-0.011925789,0.28097862,0.018598549,-0.0043074577,-0.063381836,-0.00032228048,-0.04837977,-0.011371387,-0.038348883,-0.0003039158,-0.0092398785,-0.029032944,-0.00020691412,-0.000993892,-0.00018549085,-0.007392972,-0.04189226,-0.0008328176,-0.0006270176,-0.0011279486,-0.0053946786,-0.008410686,0.00023229865,0.011521005,-0.001255869,-0.0094917,-0.0005699135
SH3BGRL2,-4.289672e-05,-0.0016166999,-0.0024822438,-0.004999945,-0.022224635,-0.003768528,-0.0012728188,-0.010110729,-7.623576e-05,-0.00805367,-0.002203976,0.008817384,-9.148332e-05,0.00028262267,-0.006462317,-6.8612295e-05,0.00020148039,-7.623571e-05,0.000593907,-0.011917805,-0.00037355573,-0.0007204277,-0.00025816873,0.072889596,-0.0016931375,-0.00012578949,-0.0017595151,5.3026462e-05,-0.0019502795,-0.0004881442
TTK,-3.0433403e-05,0.0007262156,2.9313635e-05,0.0005513382,-0.011677261,-0.0006270361,-0.00033994502,-0.0033373972,0.004457777,-0.0031868257,-0.00018713127,-0.0015351942,0.0026555238,-8.432341e-05,9.853712e-05,-3.1302883e-05,0.00066910055,-3.478102e-05,0.0003224581,-0.00034150138,0.0133677265,0.0002635569,0.00085192116,-0.00052426796,-0.00052190607,-5.7388617e-05,-0.0005384317,0.0003745223,-0.001015474,-0.00029737674
TENT5A,-4.5851895e-05,-0.0028264201,-0.0071177417,-0.009922649,0.10776211,0.032000948,-0.0011206841,-0.034905918,-0.0002191955,-0.032190554,-0.008668499,-0.020490255,-0.00013407673,-0.0069093737,-0.013491027,-0.000118499804,0.00069627643,0.00016478095,-0.0030061658,0.010210507,0.00066382234,0.00082233583,-0.0009597744,-0.0052034957,-0.004967643,-0.0001316068,0.0068024793,-0.000824023,-0.004762725,-0.0011066633
PRSS35,-3.069397e-05,-0.00082523667,-0.0011970745,-0.0027396777,-0.013612512,-0.0022196213,-0.00043229488,-0.006073088,-3.507891e-05,-0.0025412824,0.004836865,-0.003791176,-4.209501e-05,-9.71899e-05,-0.003658688,-3.1571355e-05,-0.000112253234,-3.5078945e-05,0.04007856,-0.005195384,-0.00017188794,-0.0003314964,-0.00013417716,-0.00078840565,-0.0008489125,-5.7880505e-05,-0.00087259634,-0.00013154652,0.0013915141,-0.000299926
NT5E,-0.00010107123,0.0011774732,0.022512333,0.043233845,-0.04558714,-0.007044844,-0.0011756212,-0.014894056,-0.00011551047,-0.0037721398,0.00012309653,0.031237293,-2.6085767e-05,0.008475585,-0.0051005883,-1.3800574e-05,-0.00021870271,-0.00011551044,-0.0009060506,-0.0182433,-0.0004868112,-0.0008409418,-0.00024369716,-0.001979698,-0.0017464707,-0.000190591,-0.002724894,-0.00016191976,-0.00018420667,-0.0008861577
UBE2J1,0.000569806,0.0036837454,0.016473593,0.012926731,0.11453841,0.027729614,-0.0026265858,-0.046811633,-7.593922e-05,-0.030727707,-0.007838399,-0.029538319,-0.00018188107,-0.0062070396,-0.021514785,-0.00027192975,-3.8904764e-05,0.0001302714,-0.005193927,-0.027276723,-0.0006472867,-0.0008832441,0.0066956813,0.00034064936,-0.0056690886,0.00031736607,0.00012567574,-0.00078949856,-0.0065386314,0.009299916
SIM1,-7.815543e-07,-2.1012655e-05,-3.0480634e-05,-6.97593e-05,-0.0003778254,-5.651714e-05,-1.652436e-05,-0.00015463588,-8.9320866e-07,-0.00013369018,-3.7447568e-05,-9.653258e-05,-1.0718381e-06,-2.563497e-05,-0.00010508503,-8.038865e-07,-2.8582547e-06,-8.932099e-07,-2.4808787e-05,-0.00015619844,-4.3766736e-06,-8.440803e-06,-3.4164952e-06,-2.0074815e-05,-2.1615597e-05,-1.4737907e-06,-2.2218324e-05,0.0014360166,-3.331628e-05,-7.636888e-06
PRDM1,-0.00025906033,-0.006460471,-0.008241355,-0.021903882,-0.040246874,-0.015926227,0.007461778,-0.04952255,0.0001744969,0.025931107,0.015426573,-0.033551008,0.0001020574,0.0023553986,0.039230473,-0.00018468992,-0.0010074902,-0.0002728273,0.014802041,0.07478329,0.0010210025,-0.0019760751,0.00380503,-0.0057135243,-0.0012418227,-0.00052712986,-0.0020192915,-0.00075882504,0.006917617,-0.0021977795
CD24,-0.000102855745,0.032778967,0.049539663,0.0793228,-0.0468198,-0.0070423745,-0.002066747,-0.019068224,-0.00011754995,-0.016669052,-0.0047143423,-0.011731544,-0.00014106018,-0.003250073,-0.012636568,-0.00010579489,-0.00037615994,-0.00011754988,-0.0031007929,-0.018643858,-0.00052646984,-0.001110848,-0.00041419797,-0.0019360391,-0.0026572049,-0.00019395785,-0.00276758,-0.000440813,-0.0039982926,-0.0008914894
MARCKS,-0.0003434034,0.005967748,0.01026666,-0.007745865,0.27735692,0.051167376,-0.0066020526,-0.06276209,-0.00037170327,-0.05532174,-0.015056182,-0.03976839,-0.000418647,-0.010444792,-0.04044645,-0.00022163725,-0.001048684,-0.00034123013,-0.010259281,-0.05951697,-0.0017759087,-0.0033118674,-0.0011405824,-0.0049467646,-0.009200045,-0.00019004513,0.0037344124,-0.0014318255,-0.012759654,-0.0030668692
DSE,3.0004103e-05,-0.00016490089,-0.0028671378,-0.0047740755,0.15207373,0.007563005,-0.0033930906,-0.033319276,-0.00016488768,-0.029013686,-0.0076700915,-0.019599117,-0.0002702595,-0.0055546523,-0.023213245,-0.00019073144,-0.00020911069,-0.00019295889,-0.0049268277,-0.034832064,-0.00076568616,-0.0016725487,-0.0006990745,0.010010004,-0.004957598,0.0016939234,0.014180018,-0.000774035,-0.0073630936,0.0010372682
CALHM6,-7.080523e-05,0.0035962565,0.0028574443,0.033585917,0.074204184,0.0716767,-0.0042449734,-0.035519976,-0.000252813,-0.031315204,-0.007689568,-0.02496567,-0.00022597086,-0.0057088593,-0.02577132,-0.00019642421,0.00032681818,-0.00022256734,-0.005862722,-0.030994397,-0.0007759135,-0.0018917968,-0.00079545943,-0.0044370196,-0.0059222886,0.00030015444,0.0096962815,-0.00089957594,-0.0086726425,0.00019178289
TRAPPC3L,-2.8056693e-05,-0.0007543216,-0.00084953115,-0.002270386,-0.008534405,-0.0015023737,-0.00012473208,-0.0049902904,-3.2064552e-05,-0.004460807,-0.0013443114,-0.0031846035,-3.847771e-05,-0.0008332064,-0.003441972,-2.8858114e-05,-2.6066988e-05,-3.2064563e-05,-0.00035159313,-0.005160158,-0.00015711693,-0.00030301174,-0.00012264712,0.041561015,-0.0006267561,-5.290646e-05,-0.00079760904,-0.00012024289,-0.0011960062,-0.00019625286
CALHM5,-8.202462e-06,-0.00022053017,-0.00031989824,-0.00073212705,-0.0036700473,-0.00039231137,-0.00017342473,-0.0016229248,-9.374258e-06,-0.0014030912,-0.00039301484,-0.0010131181,-1.1249186e-05,-0.0002690433,-0.0011028826,-8.4369e-06,-2.9997778e-05,-9.3742665e-06,-0.00026037134,-0.001639323,-4.5934037e-05,-8.858704e-05,-3.5856676e-05,0.014399716,-0.00022685669,-1.5467542e-05,-0.00023318402,-3.5153495e-05,-0.00034966157,-8.015034e-05
MAN1A1,7.470887e-05,-0.00271013,-0.0056885635,-0.0103799235,0.011725101,0.0031425087,0.0016706357,-0.037407804,-5.722951e-05,-0.02330529,-0.0028257926,-0.021937687,-5.014989e-05,-0.004320146,0.010180222,-0.00014695573,0.0014602774,-0.00011297646,0.0034958485,0.06251458,0.0018237431,-0.0010512772,0.006656287,0.0038589437,-0.0048515573,0.00036015763,0.00083366415,-0.00081747334,0.0019360237,0.0059302524
PKIB,5.3905922e-05,-0.0005498446,-0.002036304,-0.002973515,-0.010047372,0.0025938302,-0.0011039363,-0.0075542144,-5.96721e-05,-0.007298505,-0.0023025197,-0.0036758673,1.7781533e-05,-0.0013790459,-0.0065018586,-5.3704774e-05,0.00022930923,0.0006907182,-0.0016573863,-0.009169709,-0.00011867483,-0.000563901,-4.427437e-05,-0.0010237802,-0.0014440605,0.0007605332,0.05701687,-7.268585e-05,-0.001501438,-0.00023079915
CENPW,5.231835e-05,-0.001489159,-0.0013733333,-0.0054627615,0.055702902,0.012390154,-0.0015720244,-0.014968393,0.0029631278,-0.013354725,-0.0034582592,-0.008718954,0.0017568904,-0.00201895,-0.008638813,-5.316553e-05,0.00082705624,-0.00012311971,-0.0025719048,-0.015363836,0.005934544,-0.00074243423,0.0013760723,-0.0022397623,-0.0022518793,0.0005180296,0.0042123706,-0.00014796366,-0.002583679,0.0013997086
ARHGAP18,0.0005126617,-0.0020195302,-0.003721791,-0.0111688385,0.033775307,-0.0006888487,-0.0016881243,-0.03326654,3.87375e-05,-0.020172423,-0.004792285,-0.021158606,0.00021379661,-0.0031680907,0.00011234398,-0.0001986772,-0.00011708058,-0.00015574698,-0.003491178,0.018998273,0.00037921855,-0.00074719917,-5.3433207e-05,0.048068278,-0.0032426289,0.0001778206,0.003686248,-0.00013372082,-0.00086237956,0.0048843767
SAMD3,-0.00027757618,-0.006858088,-0.010293081,-0.024714733,-0.13729829,-0.020463077,0.010851919,-0.023661394,0.00015239885,-0.017762814,0.005259113,-0.012418903,0.00063964137,0.0009072827,0.072539695,-0.00022770613,-0.0010402984,0.00034665968,0.006838086,0.14889191,0.0035686407,0.0071463296,-0.0007812775,-0.005486112,-0.0063701733,-0.0005430649,-0.0081522865,0.00048136455,0.02153968,-0.0028140252
EPB41L2,3.911694e-05,0.0038972462,0.0029682377,0.04157275,0.01871622,0.012166896,-0.0023776402,-0.016330676,0.00016854474,-0.009689005,-0.0024547789,-0.0094762705,-8.323752e-05,-0.0026522914,-0.016688991,-0.00013369661,-8.084194e-05,-4.2554737e-05,-0.0019460634,-0.024774104,0.0006194112,-0.00090965664,-3.2324908e-05,-0.0036109139,-0.0019438659,0.0009874174,0.016876746,-0.00022690897,-0.0039194403,-0.00063928805
ENPP1,-2.4685518e-05,-0.00066368596,-0.00040815552,0.0026988161,-0.009137859,-0.0017851089,-0.0005219185,-0.004526269,-2.8211824e-05,0.00066805445,0.00021378885,-0.0026598794,-3.3854285e-05,0.00011945875,-0.0020851635,-2.539082e-05,0.00021242804,0.0009642618,0.0036341455,-0.0040086624,0.00083753356,0.0048828796,-0.0001079107,-0.00018210638,-0.00068272615,0.014069216,-0.0005737395,0.00044832836,-0.0010523,-0.00024121182
CTGF,-9.883953e-06,0.00039419584,-0.00038547438,0.015577365,-0.0047781705,-0.0007147489,-0.0002089744,-0.0019556065,-1.1295916e-05,-0.0016907208,-0.0004735812,-0.0012208057,-1.355511e-05,-0.00032419423,-0.0013289643,-1.0166302e-05,-3.614676e-05,-1.1295907e-05,-0.00031374398,-0.001975375,-5.5350305e-05,-0.000106746316,-4.3206976e-05,0.0008297462,-0.00027336145,-1.8638357e-05,-0.0002809866,-4.2359494e-05,-0.0004213376,-9.6580196e-05
STX7,0.0004109878,0.015993005,0.013807709,0.07154696,0.09149315,0.021924822,-0.0045216894,-0.052803382,-0.00026518764,-0.044753883,-0.012983285,-0.03474245,-0.00031400527,-0.008317351,-0.021484142,-0.00029047285,6.4942964e-05,-0.00029886927,-0.008728305,-0.023274327,-0.0008765662,-0.0020821132,-0.00017344045,-0.0010222583,-0.007284358,0.00057798857,0.009972277,-0.0010059103,-0.00791021,0.0073408987
VNN1,-0.00011489607,-0.0029859755,-0.0039989855,-0.009549134,0.12813382,0.0077431384,-0.0019910054,-0.022107761,-0.000110251276,-0.01860215,-0.005442701,-0.013272564,-0.00015757213,-0.003702281,-0.014399305,-8.377612e-05,-0.00042019165,-0.0001313105,-0.0035073825,-0.021318987,-0.00064341666,-0.0012408807,-0.00046121652,-0.00066084997,-0.0031776857,-0.00021666146,-0.0013079864,-0.0004924126,-0.004766857,-0.0010127028
VNN3,-9.0992464e-05,-0.002017098,-0.0032162075,-0.0078920135,0.1146442,-0.0047838916,-0.0017482812,-0.017460926,-7.963425e-05,-0.014939163,-0.004297587,-0.010374095,-0.00012479047,-0.0028609869,-0.011247991,-4.925785e-05,-0.00033277445,-0.00010399145,-0.0027096928,-0.016926441,-0.00040021614,-0.0009057046,-0.00039777128,-0.0020549572,-0.002180517,-0.00017158763,-0.0024404572,-0.00038997136,-0.0035577656,-0.0008891308
VNN2,-0.00022764265,-0.0029283913,-0.0051998077,-0.012285384,0.20077454,-0.004436218,-0.0040787924,-0.03255685,-0.00021703585,-0.03352098,-0.0094458265,-0.018625353,-0.00024865466,-0.0059191226,-0.01435386,-7.2342984e-05,-0.0005844581,-0.00026016074,-0.0064545297,-0.022681715,-0.00075776357,-0.001414991,-0.0008884221,-0.00482901,-0.004592838,-0.00029778745,-0.005405062,-0.00031953427,-0.006146837,-0.002024928
SGK1,-0.00016309493,-0.0051208534,-0.0078062504,-0.01708425,0.2630757,-0.005128244,-0.004759913,-0.039773136,-0.00023079908,-0.034071438,-0.009631431,-0.025993185,-0.00033297593,-0.0070192437,-0.02916368,-0.0001918091,-0.00082913245,-0.00022392378,-0.006364747,-0.042839065,-0.0012440957,-0.00242788,-0.00046566766,-0.004414757,-0.006146099,-8.213831e-05,-0.000445568,-0.0009175129,-0.008054175,-0.0021514113
MYB,0.00029360873,-0.0013830801,-0.0023346194,-0.0047782557,0.0042863316,-0.0031380989,-0.0013827928,0.0053006145,0.0006850349,-0.006447351,-0.0020829053,0.007496167,6.0255043e-05,-0.0011349284,-0.006520179,-6.727121e-05,0.014074898,-7.474574e-05,-0.0017635508,-0.011477105,-7.1243645e-05,-0.0005321627,-6.036392e-05,-0.0013643667,0.00013417055,-0.00012333022,-0.0011217727,0.0063423323,0.0015335899,0.0056511397
IFNGR1,0.00017541467,-0.0047608693,-0.010086813,-0.016284294,0.22315942,0.026821736,-0.0035998207,-0.06091014,-0.00026374575,-0.047039554,-0.008923454,-0.03836801,-0.00036769686,-0.009321608,-0.024592375,-0.00023093549,-0.0010020073,-0.00028457894,0.0007382536,-0.010739955,-0.00063063495,-0.0024462368,-0.0014642322,-0.004756417,-0.008505214,0.00060424395,0.0098239295,-0.0014736768,-0.004779805,-0.00049026666
TNFAIP3,-0.0002652197,-0.009303046,-0.012982469,-0.03013659,0.14525333,-0.006417578,0.0003425334,-0.040341564,-0.00015308493,0.010230862,0.011236591,-0.025753317,-0.000100882105,0.001331586,-0.007802694,-0.00031850953,-0.0013446389,0.00044100833,0.005518482,-0.021955809,-0.00084830483,0.0026372906,-0.0014216709,-0.006537285,-0.0064491746,-0.00060257554,-0.00046262922,-0.0012263402,-0.0003805927,-0.0021874271
PERP,-9.008348e-05,-0.001948241,-0.0004935569,-0.0065306816,-0.038579162,-0.0059607932,0.0065595144,-0.013808005,0.00021254775,0.01865026,0.015589505,-0.0093101505,0.00041375682,0.003866492,0.02042829,-9.265668e-05,-0.00021480715,-0.000102952894,0.010039689,-0.0048081246,0.00030356436,-0.00086601905,0.0046635745,-0.0019254972,0.00048232885,-0.00016987219,-0.0021986943,-0.00032316538,0.006815692,-0.00060287426
CITED2,-0.0001934069,-0.0045454153,-0.0066166595,-0.01417845,0.042479023,0.0040571573,-2.4061748e-05,-0.002221118,5.717853e-05,0.009001802,0.0016779815,-0.004247553,-0.00015709827,-0.0011957518,-0.0061240434,-5.0717874e-05,0.00032123245,0.00013009485,-0.0023363377,-0.005224249,-9.3152e-06,0.0005954078,0.00083090184,-0.0052728574,-0.00020061442,-0.00021695082,-0.0038975205,2.7963983e-05,-0.0027035472,0.00023678638
ADGRG6,0.00013156536,-0.0008358106,-0.0007216628,-0.0027747734,-0.010136785,5.683542e-05,-0.00065728003,-0.0050098277,-3.5528556e-05,-0.0048700417,-0.0011175004,-0.0009826359,-4.2634238e-05,-0.001019668,-0.004179921,-3.19758e-05,0.02012155,-3.5528567e-05,-0.0009868065,-0.0062130624,-0.00017409069,-0.00033574345,-0.00013589651,-0.00021624612,-0.0008597891,0.0054360707,0.01699432,0.00026200208,-0.0013252139,-0.00030377015
STX11,-6.982801e-05,-0.006248368,-0.008842059,-0.022405837,0.2105108,0.047487002,-0.003808537,-0.04934005,-0.00011814508,-0.040202975,-0.010623049,-0.031497702,-0.00028935762,-0.00815903,-0.02590788,-0.00021958162,-0.000837405,-0.0003109562,-0.006551175,-0.033862464,-0.0004516146,-0.0018188929,-0.000713558,0.0059822807,-0.0067164213,-0.00019804257,0.007254121,-0.00067684386,-0.008991356,-0.0023738006
RAB32,-2.3111537e-05,-0.007244669,-0.010527896,-0.02404243,0.25731564,0.029709784,-0.0056204298,-0.054231834,-0.000290376,-0.047083486,-0.0127030965,-0.034172487,-0.00034929274,-0.008991106,-0.03623537,-0.00019989024,0.00012775404,-0.0001780945,-0.008663836,-0.053661533,-0.0014394774,-0.0023343419,-0.0012376382,0.025898693,-0.007629858,0.0019822796,0.016315052,-0.0011271487,-0.011273576,-0.002089184
SASH1,-0.00014747257,-0.00375663,-0.005718314,-0.012308721,0.14235407,0.029956438,-0.002975111,-0.027848288,-0.00013634104,-0.019098371,-0.0063081067,-0.0173587,-0.00015028747,-0.004604449,-0.01837035,-0.0001516868,-0.0004973959,-0.00016853948,-0.004291363,-0.027206339,-0.0008258503,-0.0015927054,-0.0006446678,-0.0032156988,-0.003968597,-0.00025444044,-0.0029135423,-0.00063202385,-0.005867783,-0.0012982594
AL355312.4,-1.6675158e-05,-0.00014029593,0.0112681715,0.0008696139,-0.0074592484,0.009095447,-0.00035256107,-0.0032992992,-1.9057248e-05,-0.000986491,-0.00079897686,-0.0020596276,-2.2868706e-05,-0.0005469447,-0.0016738492,-1.7151602e-05,-6.0983468e-05,-1.9057306e-05,-0.00052932004,-0.0025878923,-9.338094e-05,-0.00018009126,-7.2894305e-05,0.0016153213,-0.00046118844,-3.1444688e-05,-0.00047405314,-7.146481e-05,-0.0007108409,-0.00016294024
AKAP12,-1.9135485e-05,-0.00051446824,-0.0007462816,0.0028086633,-0.007236293,0.00066503725,-5.104454e-05,-0.002636218,6.2550724e-05,0.011611826,-0.0002987354,-0.0020680283,-2.6243019e-05,0.0013552866,-0.0018505679,-1.9682047e-05,0.00016233089,-2.186917e-05,0.00014637296,0.00042070137,-0.00010715837,0.0003710903,-8.364913e-05,-0.0004915107,-0.0005292314,-3.6084217e-05,-0.00028854108,-8.200936e-05,-0.00031012675,-0.0001869799
CCDC170,-0.00011648614,-0.0030028825,-0.004234992,-0.0097808,0.118150264,0.015274774,-0.0024628418,-0.022008656,-0.0001331268,-0.018856658,-0.0053074467,-0.013537305,-0.00015975286,-0.0036251072,-0.014973202,-0.00011981387,-0.00042600697,-0.00013312678,-0.0034744993,-0.022140743,-0.0005536547,-0.0009605462,-0.00050921075,-0.002261775,-0.003221684,-0.00021966019,0.005023291,-0.0004992274,-0.0047390084,-0.0009902553
SYNE1,-0.00035838241,-0.005070636,-0.0072087063,-0.015822368,-0.11229817,-0.019121325,0.009480204,-0.024808962,4.9802376e-05,-0.021542089,-0.002736161,-0.017182916,0.00028584705,-0.0049716905,0.0689223,-0.00026507708,-0.0009729949,-0.00024136037,0.004737538,0.14649257,0.0032635925,0.0038150467,-0.0006181001,-0.007503698,-0.0037761405,-0.0006064854,-0.008089323,-0.00036389072,0.01947765,-0.0029666557
MYCT1,-2.3702185e-05,-0.0006372498,-0.00092438725,-0.0021155875,-0.009540048,-0.0013678174,-0.0002469347,-0.0044767074,-2.7088048e-05,-0.0038196796,-0.0011356776,-0.0029275615,-3.250585e-05,-0.000777428,-0.002778519,-2.4379278e-05,0.0070341076,-2.7088077e-05,-0.00075237453,-0.004226879,-0.00013273228,-0.00025598353,-0.00010361197,0.03193251,-0.0006555345,-4.4695542e-05,-0.0005689454,-0.000101581085,-0.0010103931,-0.00023160414
FBXO5,4.745822e-05,0.0008626211,0.0006607865,0.0016638896,-0.020756025,-0.0018683878,-0.000121161924,-0.0049793213,0.0028181435,-0.0029043169,0.000325464,-0.0025820541,0.0009987918,-0.00025725164,0.002197889,-5.8338224e-05,0.0006071525,-1.4311131e-05,4.2493826e-05,0.010983495,0.009231949,0.00062154024,0.0015226861,-0.0016791965,-0.0006160862,-1.0623115e-06,0.0008907388,0.00023948918,0.0017862879,0.00033666933
SOD2,-0.00026520703,-0.0068881195,-0.010189959,-0.021976447,0.277245,0.018931169,-0.005688296,-0.048834663,-0.00019067177,-0.03697396,-0.009982362,-0.033094607,-0.0003329997,-0.00812328,-0.033094995,-0.00024891953,-0.0003580019,-0.00035092625,-0.008070661,-0.05285806,-0.001255759,-0.0029693802,-0.0011793105,0.010581136,-0.007094434,-0.00042330808,-0.002217099,-0.001187367,-0.010407936,-0.002501256
CCR6,-2.866337e-05,0.00893151,0.007773637,0.030334895,-0.053483706,-0.008341486,-0.0013042415,-0.02189524,-7.330178e-05,0.059125505,0.017358314,-0.013644985,-0.00016620707,-0.00061931193,-0.012820918,-0.00012465603,-0.00040946668,0.00035029222,0.018019628,-0.02000728,-0.0005923218,-0.0011405012,-0.00051501434,-0.002537304,-0.0011030034,0.0001206792,0.00019688754,-0.0004120997,-0.0022096394,-0.0007818163
SMOC2,-5.2040255e-06,0.0094442805,-0.00020295764,-0.00046449777,-0.0025157675,-0.00037632688,-0.00011002845,-0.0010296555,-5.9474305e-06,-0.00089018536,-0.00024934832,-0.0006427728,-7.13696e-06,-0.00017069242,-0.00069972104,-5.3526805e-06,-1.9031915e-05,-5.9474273e-06,-0.00016519047,-0.0010400624,-2.9142677e-05,-5.6203342e-05,-2.2749164e-05,-0.00013366953,-0.00014392793,-9.813387e-06,-0.00014794327,-2.2302902e-05,-0.00022184095,-5.0850966e-05
PDGFA,-4.4735825e-05,-0.000866165,-0.0015477731,-0.003568898,-0.014724784,-0.0026002147,-0.000774324,-0.007953115,-5.112669e-05,-0.007238051,-0.001900168,-0.005298986,-6.135202e-05,-0.0011649067,-0.0041420944,-4.6014116e-05,-0.00016360515,9.940411e-05,-0.0013205461,-0.007035349,-0.00018646276,0.00046472286,-0.00013122035,0.06464605,-0.0012372658,-8.435944e-05,-0.0011191674,-0.00011409357,-0.0014801784,-0.000355059
AC147651.1,-5.290368e-05,-0.0013273648,-0.0018153769,-0.0042829444,-0.01716886,-0.0030977682,-0.0010222713,-0.00974065,-4.2763062e-05,-0.008678192,-0.0024801828,-0.006134617,-7.255403e-05,-0.0016245006,-0.0060876594,-5.441535e-05,-0.00019347605,-6.0461316e-05,-0.0014276877,-0.009367164,-0.00029626067,-0.0004329215,-0.00023126559,0.081032135,-0.0013879269,-9.9761215e-05,-0.0014214445,-0.00022672952,-0.0019220852,-0.0002819874
AC093734.1,-2.0668535e-06,-5.5569126e-05,-8.06072e-05,-0.00018448119,-0.0009991821,-0.00014946303,-4.3699405e-05,-0.00040894182,-2.3621117e-06,-0.0003535492,-9.903232e-05,-0.00025528632,-2.8345573e-06,-6.779263e-05,-0.00027790276,-2.12589e-06,-7.558783e-06,-2.3621112e-06,-6.56075e-05,-0.000413077,-1.157443e-05,-2.2322187e-05,-9.035058e-06,-5.3088483e-05,-5.7163288e-05,-3.897502e-06,-5.875744e-05,-8.857933e-06,-8.810743e-05,0.003786283
ACTB,0.00050876505,-0.011407641,-0.012644057,-0.038066786,0.21625215,0.041724037,-0.00016879659,-0.09825409,0.00097401295,-0.047416337,-0.014495618,-0.040807787,0.00083333923,-0.00989459,-0.01248689,-0.0010708697,-0.0023561718,-0.00026083572,-0.00830048,0.020378485,0.0020003668,-0.003700956,-0.0037553934,0.01791713,-0.0091305245,0.0017344663,0.018574446,-3.2067471e-06,-0.005813649,-0.00086256815
FSCN1,6.6612876e-07,-0.0015257868,-0.001318971,-0.005369785,0.066214,-0.0038229208,-0.0014817342,-0.012452778,7.906448e-06,-0.010607999,-0.003238555,-0.0075839893,-9.6112264e-05,-0.0018528058,-0.007717094,-7.208386e-05,0.0030965328,-8.009338e-05,-0.0022245909,-0.012792691,-0.00039245738,-0.0007568826,-0.00028107557,-0.0017188246,-0.0019382591,0.0005764411,0.010662548,3.8103153e-05,-0.0027258827,-0.00054502033
AC006042.1,-1.4350001e-05,-0.00038581155,-0.00055964815,-0.0012808356,-0.006937185,-0.0010377076,-0.00030339937,8.332489e-06,-1.6399941e-05,-0.002454648,-0.0006875708,-0.0017724277,-1.9679957e-05,-0.0004706804,0.00714134,-1.4759947e-05,-5.247977e-05,-1.639993e-05,-0.00045551118,0.0066448185,-8.0359634e-05,0.0019545073,-6.2729625e-05,-0.00036858855,0.0024905829,-2.7060045e-05,-0.00040794874,-6.1500155e-05,-0.0006117213,-0.0001402194
TSPAN13,0.001802205,0.007951685,0.009935287,0.10878052,-0.047900394,-0.006933836,-0.0020437809,-0.019718977,-7.41047e-05,-0.01719067,-0.00475426,-0.012151407,-0.000117103154,-0.003491636,-0.013732519,-0.000109493565,0.00052573194,-0.00012166101,-0.0031049827,-0.01892872,-0.00047187615,-0.0009972036,0.00026038123,0.0029534702,-0.0026886743,0.0003044067,-0.0027941423,-0.00037643564,-0.0039729206,0.029160643
AGR2,-5.615557e-06,-0.00015097874,-0.0002190066,0.0021225305,-0.0012435364,-0.00040608578,-0.00011872938,-0.0011110775,-6.417764e-06,-0.0009605848,-0.00026906552,-0.00069360156,-7.701387e-06,-0.00018419058,-0.0007550524,-5.776015e-06,0.006226649,-6.417802e-06,-0.0001782539,-0.0011223095,-3.144729e-05,-6.0647904e-05,-2.4548017e-05,-0.00014424013,-0.00015531071,-1.0589376e-05,-0.00015964189,-2.406672e-05,-0.00023938445,-5.4872253e-05
AHR,0.00018223254,-0.005323236,-0.0067956746,-0.017962595,0.22463033,-0.0052166185,-0.004271253,-0.040426277,-0.00014730735,-0.02283306,-0.0066374796,-0.025142789,-0.00023458294,-0.004960613,-0.025266644,-0.00018031489,-0.00024577006,4.8448568e-05,-0.006327099,-0.041524306,-0.0010447047,-0.0005964665,-0.0009230249,-0.0042040925,-0.0047298414,0.00033976027,0.009898829,-0.0005728057,-0.00820651,-0.0013269054
HDAC9,0.00032693747,0.0084731225,0.0055110482,0.03004209,0.10539748,0.0066818115,-0.0032737085,-0.036703378,-0.00018403871,-0.032045305,-0.008565257,-0.023519004,-0.0002447324,-0.006035839,-0.020800391,-7.454552e-05,-0.00031022882,-0.00022499799,-0.0049291113,-0.026362192,-0.0006660107,-0.0017555974,-0.00017540345,-0.0020280678,-0.004555941,0.002314267,0.015936248,-0.0008112708,-0.006030295,0.0046121296
TWIST1,-7.1464506e-06,-0.00019213694,-0.0002787116,-0.000637867,-0.0022587474,-0.0005167861,-0.00015109667,-0.0006363338,-8.167375e-06,0.00034922003,-0.00034241469,-0.00088268565,-9.800858e-06,-0.00023440317,-9.382898e-05,-7.350619e-06,-2.6135582e-05,-8.167376e-06,-0.00022684803,-0.0014282606,-4.0019884e-05,-7.7181445e-05,-3.1240015e-05,0.0063767796,0.0019910824,-1.3476188e-05,-0.00020316285,-3.0627707e-05,-0.0003046411,-6.983032e-05
TWISTNB,0.0003011121,0.00043128524,-0.0007093854,0.0003178061,0.009511111,0.0001151662,-0.00044561928,-0.006603482,0.00018873517,-0.0016336666,-8.2389715e-06,-0.0023755461,0.0005413634,-0.00026583052,0.0012762394,-9.6346914e-05,0.0010908928,0.0002989761,0.00029162195,-0.0026764,0.0010978654,0.00074366893,7.336972e-05,-0.0042875423,-0.0009019792,-8.3300525e-05,0.0020795343,7.110906e-05,0.00072753674,0.0009299575
CDCA7L,0.0003947628,0.012401675,0.013952138,0.09257438,-0.06326589,-0.008284686,-0.0023818251,0.0179963,0.00055177754,-0.015505495,-0.0058734766,0.004838698,0.0008041655,-0.003487891,-0.016201828,-0.00015839748,0.0014619072,-0.00011217701,-0.0046230736,-0.026144499,0.0011548066,-0.0012875422,0.0006073364,-0.002845863,0.00034052838,4.716987e-06,-0.0010587034,0.00032621628,-0.0042808237,0.008102855
IL6,-8.216544e-05,2.0456937e-06,-0.0025035043,-0.003302694,0.08050917,0.0038324983,-0.0015584922,-0.013932042,-9.390308e-05,-0.012620294,-0.0034177173,-0.009189458,-8.875704e-05,-0.0023343733,-0.009239951,-8.451366e-05,-0.0003004922,-9.390305e-05,-0.00255769,-0.013031251,-0.00033509172,-0.00083833357,-0.00026799948,-0.0012582343,-0.0020569004,-0.00014110895,-0.0012559649,-0.00035214142,-0.002772478,-0.0006342862
IGF2BP3,-4.954652e-05,0.00071826874,0.0015678222,-0.0030207704,0.012241103,-0.0018922881,-0.00085156254,-0.007691683,-5.6624544e-05,-0.0076944404,-0.002280279,-0.0056147575,-6.794963e-05,-0.0012167566,-0.0059957607,-5.09622e-05,5.854003e-05,-5.6624565e-05,-0.0013406316,-0.009068928,-0.00027746236,-0.00053510367,0.00029169754,0.03694529,-0.0008800093,-9.343113e-05,-0.00085751474,-0.0002123439,-0.0016501055,-0.0003671222
SNX10,-4.5256333e-05,0.0027447997,8.191635e-05,0.006165736,0.215444,0.03557718,-0.005217908,-0.05880436,-4.8249913e-05,-0.04523941,-0.012445713,-0.036205687,-6.726157e-05,-0.00815844,-0.02957735,-0.00021102173,-0.000426414,-0.00020996114,-0.0073107,-0.034557987,-0.00010301442,-0.0010355116,-0.0010413899,-0.007542355,-0.008089884,0.00021743226,0.007541428,-0.0011008792,-0.009583109,-0.0007508023
KIAA0087,-1.0941645e-05,-0.0002941738,-0.00042672385,-0.000976622,-0.0050224103,-0.0007912359,-0.00023133795,-0.0017597151,-1.2504674e-05,-0.0014321675,-0.0005242582,-0.0002820461,-1.50055685e-05,-0.0003588839,-0.00095567876,0.00023471899,0.012043079,-1.2504681e-05,0.0036788753,-0.0014339567,-6.12732e-05,-0.000118168944,-4.783078e-05,-0.00028104335,-0.00030261307,-2.0632771e-05,-0.00031105502,-4.6892637e-05,-0.00046642407,0.00023942013
SKAP2,0.0004321886,0.0037828009,0.0030122474,0.003121294,0.20748188,0.032231186,-0.005300783,-0.074849576,-0.0003376974,-0.05969851,-0.013973816,-0.04528197,-0.00024672336,-0.010550993,-0.02365356,-0.00027796873,-8.888479e-05,0.000103093436,-0.006305222,-0.010169669,-0.0001950483,0.00064362114,-0.00066395785,0.0040541096,-0.009021981,0.00024443024,0.009153418,-0.0015467367,-0.007188893,0.005091333
HOXA5,-3.879726e-05,-0.000954664,-0.00087555655,-0.0029663423,0.029846499,-0.0003088083,-0.0008202907,-0.007676362,-4.4339784e-05,-0.0063957167,-0.0018589625,-0.0047920765,-5.320833e-05,-0.0012725584,-0.0052166055,-3.9906274e-05,0.0040561687,0.00051845674,-0.0012315492,-0.0014650691,8.718017e-05,0.0024685329,-0.00016960021,-0.00047433827,-0.0010730347,1.8351482e-05,0.0027990113,-0.00016627558,-0.0016538926,-0.00024612693
HOXA9,-3.9076498e-05,-0.0010505965,-0.0013661237,-0.0030848314,-0.0011706447,-0.0008496334,-0.0008261868,-0.0065074186,-4.465896e-05,-0.006520491,-0.0014452479,-0.00414235,-5.3590575e-05,-0.0012817105,-0.0026637614,-4.019271e-05,0.014490022,0.00022585854,-0.0010085466,0.004965625,0.00015890777,0.0038094271,-5.3785214e-05,-0.0010037042,-0.0007860221,0.00095011445,0.005866571,-0.00016747043,0.003134118,0.00050537544
CREB5,-6.518215e-05,-0.0056663947,-0.00806706,-0.018759163,0.26707795,-0.007806664,-0.004390051,-0.04288628,-0.000248049,-0.03691967,-0.010084264,-0.026816545,-0.00029040463,-0.0071816756,-0.028195467,-0.00019039972,-0.00066755386,-0.00022057904,-0.0068368064,-0.04186226,-0.0012551144,-0.00230407,-0.00091596675,-0.004667355,-0.0059625474,-0.0003978276,0.0073187463,-0.00086312636,-0.00902638,-0.0018495349
CPVL,0.00011978734,-0.008357657,-0.012149379,-0.027528552,0.32653147,0.033187978,-0.0066865864,-0.062853076,-0.00033293132,-0.054041754,-0.015146069,-0.03910755,-0.00043543332,-0.010318679,-0.04199841,-0.00020315452,-0.00095577,-0.00036229024,-0.010138436,-0.06160294,-0.0016757248,-0.003386049,-0.0013923503,-0.006827682,-0.008858941,0.0033702846,0.027581938,-0.0013114959,-0.013140077,-0.0019793329
MTURN,-6.0084156e-05,-0.00058285927,-0.0024454067,-0.0068504033,0.004924059,-0.0046847197,-0.001446094,-0.013692958,-0.00013656891,-0.012537941,-0.004412651,-0.011790276,-0.00015034305,-0.0026419964,-0.005547357,-6.98757e-05,0.0035249437,-5.8642785e-05,-0.003309464,-0.010078002,-0.00048439976,-0.0004954631,-0.0004796137,0.07384276,-0.0009432132,7.894342e-05,-0.00028713132,-0.00014174385,-0.00173365,0.0026902098
AC005154.5,-9.606237e-07,-2.5827272e-05,-3.7464873e-05,-8.574316e-05,0.0013047816,-6.9466565e-05,-2.0310723e-05,-0.00019007034,-1.0978779e-06,-0.00016432465,-4.6028177e-05,-0.00011865264,-1.317435e-06,-3.1508658e-05,-0.00012916514,-9.880956e-07,-3.5131932e-06,-1.0978779e-06,-3.0493427e-05,-0.00019198768,-5.379478e-06,-1.0374872e-05,-4.199321e-06,-2.4674664e-05,-2.656857e-05,-1.8114579e-06,-2.7309718e-05,-4.116984e-06,-4.0950297e-05,-9.386869e-06
AQP1,-1.0530425e-05,-0.0002831159,-0.00041068307,-0.0009399076,-0.0014726362,-0.00076149474,-0.00022264123,-0.0013207858,-1.2034744e-05,0.0019831588,-0.000504556,-0.0013006581,-1.4441648e-05,-0.00034539698,0.0028575452,-1.0831239e-05,-3.8511298e-05,-1.2034743e-05,-0.0003342661,0.000430434,-5.8970127e-05,-0.00011372827,0.00054505176,0.0014736792,-0.00029124084,-1.9857294e-05,-0.00029936284,-4.513035e-05,0.0016358073,-0.00010289697
PPP1R17,-3.7685048e-05,-0.0007909465,-0.0014697182,-0.0031851544,-0.012418994,0.056989953,-0.00079676876,-0.0067363773,-4.3068267e-05,-0.0060756183,-0.0018056554,-0.0043252027,-5.1682196e-05,-0.0012360692,-0.0047979034,-3.8761977e-05,-0.0001378195,-4.3068198e-05,-0.0011962294,-0.0067865085,-0.00021103644,-0.0004069967,-0.00016473743,8.679999e-05,-0.0010422618,-7.1063136e-05,-0.0010713335,-0.00016150762,-0.0016064576,-0.00036823613
NT5C3A,-5.226629e-05,0.0017560538,0.002755116,0.020031916,-0.018028736,0.005074038,0.00020186746,-0.009082721,0.00019613205,-0.0036792862,-0.0024946872,-0.012123162,0.00010463324,-0.00246063,-0.0063093896,-0.0001953962,0.0005400133,2.5769383e-05,-0.0027823795,-0.008244387,0.00019910488,-0.00042659554,0.00045907483,0.03838648,-0.00043537587,-0.00015241274,-0.0015068193,0.00039762913,-0.0017828165,-0.0003707994
ANLN,-2.5837458e-05,-0.000424072,-0.00054077775,-0.0016745839,0.007618444,-0.0008415438,-0.000113567745,-0.004292704,0.0023979223,-0.0021927534,-0.0012379836,-0.0014104266,0.0013612974,-0.00036250168,-0.0034740313,-2.6575832e-05,9.6760705e-05,-2.9528495e-05,-0.00082015496,-0.0033240754,0.011264801,-0.00027904467,0.0010378126,-0.0006636537,-0.00071459205,-4.872207e-05,-0.0003183072,-0.00011073168,-0.0007981412,-5.2704483e-05
AOAH,-0.00031386563,-0.009185286,-0.013315437,-0.03000241,0.21723881,0.013000458,-0.0045662834,-0.062635615,-0.00034728224,-0.05860961,-0.016288191,-0.036299326,-0.00020697406,-0.010966688,-0.007960153,-0.00029812785,-0.001032404,-0.0003034954,-0.009281523,0.048342798,0.00060602964,3.789051e-05,-0.0015114455,-0.007293776,-0.00971531,-0.00016502413,0.008319525,-0.0014422484,-0.0023752248,-0.0034293565
TRGC2,-0.0001978373,-0.004681073,-0.0066830367,-0.015200451,-0.086940356,-0.013082845,0.012599333,-0.033192083,-0.000104699415,-0.01823677,0.001069447,-0.016825693,0.00089936604,0.0051643504,0.108107455,-0.00019062775,-0.00056280685,0.00034893904,0.021709243,0.0163439,0.0007260946,0.0031670344,-0.00079635513,-0.0034486924,-0.0046778144,-0.00032990272,-0.005013222,-0.00022320235,0.04210802,-0.0018557145
TRGC1,-0.00017774155,-0.0040188283,-0.00593027,-0.014041144,-0.08011129,-0.012136297,0.0012405976,-0.030074926,-0.00016121758,-0.022345042,-0.003731033,-0.018306762,3.050425e-05,-0.0013712486,0.034182638,-0.00014450031,-0.0004276642,0.0009013725,0.0076012565,0.09257055,0.0029356964,0.006991388,-0.0007044603,-0.0034116176,-0.004608485,-0.00033516958,-0.0046858178,-0.00041618917,0.062279444,-0.0015935753
BLVRA,-0.00018178203,-0.0067581995,-0.008005708,-0.023372227,0.1979345,0.046669427,-0.0037861003,-0.04333532,2.144676e-05,-0.024345916,-0.008559868,-0.027567215,-0.00017411375,-0.006520364,-0.02494262,-0.00018200043,8.489438e-05,-0.00013451326,-0.007322289,-0.03386009,-0.0003242847,-0.0026313898,-0.0007827478,-0.0055956407,-0.005944185,-0.00013458566,0.0015395044,-0.00072286907,-0.008742579,-0.0023231187
IGFBP3,0.00016444127,-0.0015460087,-0.0020589463,-0.0054230383,-0.029287217,-0.0044726315,0.003414133,-0.009718136,-7.293318e-05,0.01641452,0.017670343,-0.004013492,-8.7519955e-05,0.0052651907,0.015374243,-6.563977e-05,-0.0002333862,-7.293313e-05,0.0023613297,-0.006151006,-9.4438365e-05,-0.0006892176,-0.00024861895,-0.00163917,-0.0010956028,-0.00012033988,-0.0017699644,-0.000114633986,0.0020560399,0.0062545664
SPATA48,-5.940657e-06,0.0016801243,0.00047437544,0.0025254388,-0.002871882,0.00086831144,-0.00012560199,-0.0011753935,-6.7892893e-06,-0.0005312573,0.0017984252,-0.0007337526,-8.147191e-06,-0.00019485272,-0.0007987624,-6.110375e-06,0.00075605465,-6.7892884e-06,-0.00018857284,-0.0011872741,-3.326751e-05,-6.415882e-05,-2.5969148e-05,-0.00015259,-0.00016430073,-1.120229e-05,0.0005266756,-2.5460024e-05,-0.00025324163,-5.8048307e-05
CALN1,-1.39682525e-05,-0.00037554835,0.00020968275,-0.0012467689,-0.0031320709,0.000390607,-0.00029532958,-0.0005804064,-1.5963811e-05,-0.0023893784,-0.000669282,-0.0017252899,-1.9156592e-05,-0.00045816254,-0.0006824187,-1.4367506e-05,0.0102701085,-1.5963791e-05,-0.000443397,-0.0006594986,-7.8222576e-05,-0.0001508589,-6.106146e-05,0.0010935401,7.7170465e-05,-2.6340502e-05,0.00016493116,-5.9864768e-05,0.0010437175,-0.00013649068
ELN-AS1,-7.749667e-06,-0.00020835504,-0.00030223757,-0.0006917143,-0.003746439,-0.00056041277,-0.00016385164,-0.0015333302,-8.856813e-06,-0.0013256381,-0.0003713237,-0.00095719745,-1.0628124e-05,-0.00025419155,0.0002601391,-7.971111e-06,-2.834168e-05,-8.856801e-06,-0.00024599803,0.005524465,0.001038798,-8.369697e-05,-3.3877463e-05,-0.00019905758,-0.00021433491,-1.4613766e-05,-0.00022031166,-3.32131e-05,0.0044845184,-7.572573e-05
NCF1,0.00016392149,0.0053059002,0.0032948318,0.038600065,0.2751421,-0.0062827696,-0.0075161434,-0.045628782,-0.000402417,-0.046681125,-0.0122211985,-0.030272571,-0.00049967103,-0.009191481,-0.044755865,-0.00032932995,-0.0013432117,-0.00024344942,-0.008813027,-0.072795264,-0.0021411586,-0.0035581288,0.0006909189,-0.0074062846,-0.007535462,-0.00028903663,-0.0054963995,-0.0011760467,-0.013646318,0.005028244
HIP1,0.001050163,-0.0025411136,-0.003952725,-0.00508606,0.07239131,0.0018068476,-0.0020353645,-0.028279735,-6.393814e-05,-0.020352008,-0.00453395,-0.016012253,1.7627153e-05,-0.0031697561,-0.008148084,-0.00015941271,0.00031871392,5.579525e-06,-0.0014820944,0.0004987177,0.00010589852,0.0016195013,0.00079386914,-0.0028655678,-0.003806276,0.00063303596,0.019566823,-0.0005335675,-0.0015169268,0.0057307095
FGL2,0.000273184,-0.00841049,-0.013567946,-0.031832658,0.34895617,0.048822645,-0.006739881,-0.073534824,-0.00033785586,-0.06294807,-0.0171049,-0.046857003,-0.00047114343,-0.0120874755,-0.040153395,-0.00024710706,-0.0013386554,-0.00041541897,-0.011626078,-0.046065357,-0.0014886766,-0.0035389967,-0.0015836954,-0.0070901643,-0.010285256,0.001490459,0.016297285,-0.0016228241,-0.0130240675,-0.0034681628
CD36,2.5892197e-05,-0.007812565,-0.011539228,-0.02563301,0.34540662,-0.0021595962,-0.0063205934,-0.058461886,-0.00032000605,-0.050653208,-0.0140387,-0.036582187,-0.00043043593,-0.009732918,-0.038555197,-0.00015301334,-0.0009981547,-0.00035869677,-0.00937435,-0.057140622,-0.0016722318,-0.003061435,-0.0013056413,0.0027253535,-0.00845351,-0.0003600195,0.0061101997,-0.0012751166,-0.012058787,0.004182456
PCLO,-1.1144298e-05,-0.0002996218,0.004765723,0.0018961703,-0.0041116253,-0.00023147232,-0.00023562396,-0.00082533027,-1.2736505e-05,-0.001214967,-0.0005339728,-0.00041234394,-1.5283616e-05,-0.0003655347,-0.0014984427,-1.1462724e-05,0.005159632,0.001167825,-0.00035375313,-0.0022272703,-6.240816e-05,-0.0001203593,-4.8716644e-05,-0.00028625078,-0.00030822004,-2.1015108e-05,0.0008499811,-4.7761467e-05,-0.0004750691,-0.0001088962
AC005009.1,-9.5182395e-07,-2.559074e-05,-3.7121266e-05,-8.49584e-05,-0.00046014247,-6.8831534e-05,-2.0124418e-05,0.0015646558,-1.0878072e-06,-0.00016281722,-4.560681e-05,-0.00011756514,-1.3053794e-06,-3.121994e-05,-0.00012798102,-9.790316e-07,-3.4809916e-06,-1.0878068e-06,-3.0213962e-05,-0.00019022987,-5.330258e-06,-1.0279723e-05,-4.1609073e-06,-2.4448682e-05,-2.6325144e-05,-1.7948955e-06,-2.7059408e-05,-4.07926e-06,-4.05755e-05,-9.300767e-06
STEAP4,-0.00014112108,-0.0036184066,-0.005133561,-0.011795478,0.17832665,-0.009253739,-0.0028990752,-0.02616482,-0.00016128109,-0.023104955,-0.0064054043,-0.016434945,-0.000193538,-0.0043745427,-0.017443128,-5.8397156e-05,-0.0004190171,-0.000115457515,-0.004228133,-0.026484901,-0.00065481523,-0.001428249,-0.00056558463,-0.0028939978,-0.0036189253,-0.0002661149,-0.0032637792,-0.00056233344,-0.005288856,-0.0013544618
CDK6,9.911901e-05,-0.0042657717,-0.0037569336,-0.0048121517,-0.055574555,0.0014937669,-0.0002596515,0.0072286287,2.9879566e-05,0.013216928,0.0049492996,0.000303577,4.960876e-05,0.0016568889,0.0047763055,-0.00018039712,0.008331857,0.00019312151,0.0040376512,0.01913488,0.00088830356,0.0013060337,0.0011100294,-0.0018380195,-0.0021343164,0.0005896121,0.0016755862,-0.00055769173,0.001671797,0.00063672586
AC002454.1,-1.2950401e-05,-0.00034818138,-0.00050506945,-0.0011559227,-0.0048158,-0.00069338566,-0.0002738089,-0.002271687,-1.4800503e-05,-0.0022152746,-0.00018892495,-0.0015995678,0.00016911628,-2.1398864e-05,-0.0017412865,-1.3320496e-05,0.018544897,-1.4800505e-05,-0.00041108625,-0.002588259,-7.252257e-05,-0.0001398653,-5.6612495e-05,0.0004502256,-0.000358175,9.577896e-05,0.0007747465,-5.550179e-05,-0.0005520631,8.5419415e-05
TFPI2,-7.957784e-06,0.00087644317,-0.00031035277,-0.0007102867,-0.0032511116,-0.0005754586,-0.00016824983,-0.0015744971,-9.094594e-06,-0.001361233,-0.00038128975,-0.0009829,-1.0913513e-05,-0.000261015,-0.001069977,-8.185131e-06,-2.910262e-05,-9.094575e-06,-0.0002526027,-0.0015904122,-4.4563523e-05,-8.594389e-05,-3.4786844e-05,0.01233176,-0.0002200895,-1.5006032e-05,0.00020703254,-3.410456e-05,-0.00033922805,-7.775872e-05
GNG11,0.000105704225,0.0023887989,-0.0024413546,-0.003390201,-0.016807431,-0.0031910527,-0.001613411,-0.014704819,-0.00010441785,-0.013245366,-0.0035207565,-0.00988886,-0.00010703453,-0.0025771752,-0.009102103,-8.1113925e-05,0.00071531127,-6.362781e-05,-0.0022325048,-0.013775152,-0.00041373065,-0.00074804324,-0.0003786124,0.100969605,-0.0020905726,-0.00011767406,-0.0010670419,-0.00024178668,-0.002942507,0.0006664014
PEG10,-4.2584976e-05,0.008732004,0.006058884,0.03165411,-0.019506402,-0.003079509,0.0008841488,-0.0077079684,-4.8668444e-05,-0.0041759377,-0.0016587613,-0.00479083,-5.8402486e-05,-0.0013967889,0.0040769163,-4.380181e-05,-0.00015573896,-4.8668488e-05,-0.0012014802,-0.0038815434,0.00014377866,0.0005429786,-0.0001861573,-0.0010938318,-0.0011777831,-8.030315e-05,-0.0012106289,-0.00018250686,5.1597854e-05,-0.00041611708
PPP1R9A,-5.856518e-05,-0.00066403573,0.0027044485,0.005640903,-0.027377887,-0.0023866133,-0.001238234,-0.0109071275,-1.232481e-05,-0.010018049,-0.0028061061,-0.0063684476,-8.031825e-05,-0.0015360025,-0.00663202,-6.023838e-05,0.00049132213,0.0005764085,-0.0015967397,0.044421192,0.0011237053,0.023231236,0.00011361943,-0.0006624109,-0.0014874702,-5.876275e-05,-0.001635676,-0.0002509953,-0.0022380135,-0.00022675618
PDK4,-0.0001356719,-0.0034947793,-0.004951454,-0.0093216365,0.12503695,0.03283734,-0.0026752963,-0.025265247,-0.00012176653,-0.022198739,-0.005978318,-0.016488086,-0.00018606437,-0.0038575465,-0.017653244,6.6772844e-07,-0.00044401048,-9.578772e-05,-0.0040007876,-0.025610082,-0.00075976626,-0.0014652556,-0.0005930813,-0.0031383198,-0.0036195673,-0.00023327701,0.001311577,-0.0005814508,-0.0052593816,-0.0010576117
BRI3,2.250273e-05,-0.008455189,-0.012542391,-0.026998516,0.31309474,0.05047574,-0.0069406703,-0.051547937,-0.0003329633,-0.047581505,-0.015135101,-0.036949735,-0.0004985606,-0.010032172,-0.04372152,-0.00027865692,-0.0006756163,-0.00039788499,-0.011092736,-0.06407343,-0.0019930613,-0.0037400182,-0.0015235482,-0.007858449,-0.007429008,0.00043005997,0.008170063,-0.0011522198,-0.014010075,0.002767284
MCM7,-9.1547794e-05,0.0012694532,0.0008667706,0.0064829173,-0.025802882,-0.00078641187,0.00011008813,0.0038064974,0.0018874501,-0.007802836,-0.0019323711,0.00038897354,0.0020235847,-0.001552895,0.0019279823,-9.293535e-05,0.0006511766,6.013159e-05,-0.0009201707,0.011903558,0.010049573,0.0004941047,0.00061662646,-0.0022748793,0.00041620014,-0.00010305019,-0.0012964017,0.0002229333,-0.00070667575,0.00018506919
STAG3,3.8814404e-05,0.0034082907,0.0135769565,0.055504832,-0.0318558,-0.0043946807,-0.0014199568,-0.006113393,0.00012843873,-0.0065927547,-0.0018385581,-0.0010399561,-2.5930556e-05,-0.0006856213,-0.0047971793,-8.929144e-05,-0.00017217896,-9.921169e-05,-0.0012760465,-0.0076613207,0.00017929671,-0.00025968038,-0.00017605525,-0.001508336,-0.0010109956,-0.00016369969,-0.0011857821,0.00013118552,-0.0005277609,-7.36195e-05
PILRA,-0.00028129763,-0.007741731,-0.010977719,-0.025802175,0.2817782,0.07615745,-0.0061747646,-0.058608115,-0.0003360315,-0.050806515,-0.013977589,-0.036424432,-0.00039988887,-0.009751305,-0.038751367,-0.00015481078,-0.0010604246,-0.00035742612,-0.009464806,-0.057242144,-0.0017127357,-0.003174104,-0.0013078386,-0.006037089,-0.008109896,-0.0005474559,0.0072738975,-0.0012476621,-0.012055966,-0.0027050963
NAMPT,-0.0001205981,-0.0071667014,-0.010628384,-0.025111912,0.33776367,0.03211867,-0.0062218267,-0.06188138,-0.00020634076,-0.052444365,-0.014414018,-0.03827433,-0.0002891328,-0.009900534,-0.03897106,-0.00024915359,-0.0010911478,-0.00016782309,-0.009196678,-0.06054171,-0.0013590796,-0.0032075064,-0.0011405817,-0.0062256143,-0.008904049,-0.00019476312,0.0033549939,-0.0012653962,-0.012349356,-0.0017138775
PRKAR2B,3.407056e-05,-0.0024758405,-0.0033048056,-0.007518229,-0.00065560866,0.0007156853,-0.0016338902,-0.016952425,-0.00011047625,-0.0146689825,-0.00399065,-0.010154046,-0.000104461375,-0.0025930663,-0.010423595,-6.237403e-05,0.0006324723,-6.9013244e-05,-0.002610594,-0.016165303,-0.00035289905,-0.00067937066,-0.0003744254,0.09568412,-0.0024915421,0.00040736963,0.0027200892,-0.0003758775,-0.0033248125,0.0008982566
LAMB4,-2.361801e-06,-6.349882e-05,-9.2111986e-05,-0.00021081162,-0.0011417691,0.0015483048,-4.993581e-05,-0.00046730516,-2.6992334e-06,-0.00040400628,0.0025174643,-0.00029171756,-3.2390415e-06,-7.746754e-05,-0.00031756252,-2.4293058e-06,-8.637569e-06,-2.699234e-06,-7.497138e-05,-0.00047202408,-1.32263e-05,-2.5507845e-05,-1.0324642e-05,-6.0664806e-05,-6.532168e-05,-4.453739e-06,-6.7143475e-05,-1.0122264e-05,-0.00010068025,-2.3078548e-05
LRRN3,-0.00014920275,-0.0037937392,-0.0054909894,-0.012256933,-0.06784491,-0.010544521,-0.0029938465,0.09176708,0.000105138504,-0.0014546091,-0.0043423614,0.080089845,-5.322766e-05,0.0037150034,-0.017484322,-7.4815114e-05,-0.00050498784,-0.00017051834,-0.0043770256,-0.027806709,-0.0007223676,-0.0016113806,-0.000639355,-0.0028615121,-0.0018966013,-0.00026134314,-0.004183526,0.0010725511,-0.0037951304,-0.0014356341
TFEC,-4.9219696e-05,0.0026372247,-0.0012690793,-0.018166495,0.24602893,-0.004930068,-0.004389208,-0.042769853,-0.00021368556,-0.036815852,-0.010136944,-0.026818745,-0.00030054533,-0.0069134883,-0.028332258,-0.00016251154,0.0005151738,-0.00026030984,-0.0068927975,-0.042132147,-0.0011476665,-0.0024033135,-0.00095413363,-0.004452578,-0.0058582607,-0.00041259453,0.005277885,-0.000910515,-0.008661874,0.00089478237
CAV2,-2.275017e-05,-0.0004188592,-0.0007339451,-0.0020306255,-0.006615552,-0.0010460762,-0.00048100456,-0.0043163677,-2.6000356e-05,-0.0037577366,-0.0010900573,-0.0028099734,-3.120029e-05,-0.0007462079,-0.0028872122,-2.3400276e-05,1.6454372e-06,-2.600031e-05,-0.00054839737,-0.0037511198,-0.00012740085,-0.00024570178,-9.9451514e-05,0.03375591,-0.00062920694,4.7514506e-05,-0.00041738825,-9.7501004e-05,-0.0006036572,-0.00022230191
CAV1,-2.07574e-05,-0.0002424241,0.0008195611,0.00090573746,-0.009135989,-0.0011936841,-0.0004388683,-0.003438068,-2.3722781e-05,-0.002498322,-0.000994577,-0.001945447,0.00022592756,-0.00020649158,-0.001820734,-2.1350463e-05,0.00035764222,-2.3722792e-05,-0.0006588972,-0.0032266162,0.0002050935,0.00027887442,0.0137139065,0.0019213894,-0.0005740881,-3.9142535e-05,-0.00046484053,0.009627319,-0.0008848533,-0.00020282832
TSPAN33,0.00016678343,0.010957969,0.008446782,0.035025638,-0.009302716,-0.0050390237,-0.0025173281,-0.017771149,-0.00014004255,-0.018932775,-0.00552449,-0.009814382,-6.488675e-05,-0.0031869703,-0.014277766,-0.00012603831,0.000115487645,-0.0001400426,-0.003656134,-0.02163064,-0.0004119448,-0.0009431723,-0.00037804956,0.05324419,-0.003067748,0.0036254518,0.01023757,-0.00038699052,-0.0044461046,-6.1590064e-05
CPA5,-6.4961976e-05,-0.0012526399,-0.001967914,-0.0053482736,-0.029149067,-0.004531822,-0.0013734817,0.0007749695,0.00023829004,0.008085305,0.00046239042,0.04778936,0.00011961479,0.0040998557,-0.004603708,-6.681812e-05,-0.00023757503,-7.424237e-05,-0.0012191033,-0.01211801,-0.0002861425,-0.0007015871,-0.00028397702,-0.0011981485,0.0072727255,-0.00012249956,-0.0018467717,0.00061718456,-0.0025378433,-0.00047521928
PLXNA4,0.0012767396,-0.0011768182,-0.0016618248,-0.0038924245,-0.021754174,-0.0033497738,-0.000719458,-0.0066187046,-1.1811626e-05,0.0039479355,-0.0020813148,-0.00079752057,-6.6405315e-05,-0.000616989,-0.0055133095,-4.980374e-05,-0.00017708083,-5.5338092e-05,-0.0015370012,0.019331755,0.000682072,0.004178958,-0.00021166744,-0.0002082268,-0.0013391733,-9.1307294e-05,-0.0009855318,-0.00013431726,-0.000884318,0.024516873
CALD1,-4.266125e-05,-0.00016221752,0.00024385435,-0.0025041716,-0.01482676,-0.0020512368,-0.0004642864,-0.0063383975,-4.8755963e-05,-0.004634044,-0.0017331808,-0.0032019562,-5.8507063e-05,-0.0010090641,-0.0037011693,-4.3880278e-05,-0.00015601897,-4.8756006e-05,-0.00094477757,-0.005048393,-0.00023890332,-0.00038108832,-0.00018649161,0.04937959,-0.0006932127,-8.044744e-05,-0.0010339214,0.000112317386,-0.0004903939,0.00038713307
TMEM140,-9.281606e-05,-0.000636003,-0.0014027635,-0.0024632288,-0.019871475,-0.001059802,-0.001103565,-0.009113942,-3.0357814e-05,-0.008616462,-0.0017663229,-0.0034406227,-5.960706e-05,-0.0006650464,-0.0013835594,-5.129752e-05,-0.000104969375,-0.000106075015,-0.0014967509,0.0011615561,1.9491548e-05,-0.00025225087,-3.9853327e-05,0.05822576,-0.0015533657,-0.00016082554,-0.0018096957,-0.0003153263,-0.0011820832,-0.00062869303
PTN,-5.0641806e-06,-0.00013615555,-0.00019750271,-0.00045201648,-0.0024481546,-0.00036621504,-0.00010707173,0.00032341803,-5.787639e-06,0.003490919,0.00094261405,0.0004672334,-6.9451903e-06,-0.0001661052,-0.00068091444,-5.2088576e-06,-1.852041e-05,-5.7876473e-06,0.0012052732,-0.0010121169,-2.8359334e-05,-5.4693064e-05,-2.2137567e-05,-0.00013007771,-0.00014006215,-9.549576e-06,-0.00014396847,-2.1703456e-05,-0.00021587969,-4.948393e-05
CLEC2L,2.9776267e-05,-0.00062062376,-0.0009554193,-0.0022524383,-0.009308177,-0.0016433112,-0.0005926438,-0.005139005,-3.2034855e-05,-0.0042631812,-0.0013430541,-0.0034621607,-3.844166e-05,-0.00091939454,-0.0031715538,-2.883129e-05,-0.000102511585,-3.2034844e-05,-0.0008897648,-0.0054359413,-0.00015697053,-0.00030272952,-0.00012253346,0.04340625,-0.0006497694,0.00011548466,-0.0007319195,-0.00012013116,-0.0011948975,-4.177117e-05
TBXAS1,-2.9502553e-06,-0.0068877414,-0.006923518,-0.02354582,0.2256444,0.05322005,-0.0050486154,-0.052558072,-0.0002466438,-0.04123228,-0.012011568,-0.033851396,-0.00030591286,-0.008868471,-0.035112273,-0.0002122334,4.9462455e-05,-0.00021875948,-0.0078493375,-0.022662612,-0.00047443053,-0.0022906135,-0.0009007378,-0.00055086566,-0.0075364765,-0.00030647588,0.004483074,-0.001186333,-0.011309283,-0.0013039424
CLEC5A,-6.774586e-05,-0.0018214069,-0.0026420802,-0.0056037265,0.08615084,-0.004209147,-0.0014323455,-0.012858047,-3.9745464e-05,-0.0112227565,-0.0030287527,-0.00823028,-5.8331527e-05,-0.0018689404,-0.008233286,-2.9456663e-05,-0.00024775742,-7.74235e-05,-0.002150453,-0.012638533,-0.00037937769,-0.00060295453,-0.00029614603,-0.0017401079,-0.0018736587,-0.00012774953,-0.0011119371,-0.00029034013,-0.0027404004,-0.0005277704
AC245088.2,-9.7943175e-06,-0.0002633264,-0.0003819764,-0.0008742092,-0.0047348444,-0.0007082671,-0.00020707978,0.00076314865,-1.1193524e-05,-0.0016753826,-0.0004692875,0.012662746,-1.3432213e-05,0.00036441686,-0.0013169061,-1.0074124e-05,-3.581908e-05,-1.1193506e-05,-0.00031090094,-0.0011785966,-5.4848195e-05,-0.0001057782,-4.2815063e-05,-0.00025157203,-0.00027088312,-1.8469256e-05,-0.00027843902,-4.1975683e-05,-0.0004175193,-9.570409e-05
TRBV3-1,-2.4233404e-05,-0.00065153255,-0.0009450976,-0.002162997,-0.011390651,-0.0014533349,0.00021100437,0.010289309,-2.769536e-05,0.004260252,0.002119129,0.0010167006,-3.3234453e-05,0.00088106864,0.002170761,-2.4925735e-05,4.696951e-05,-2.7695382e-05,-0.00028354424,-0.004070776,-0.00013570678,-0.00026171963,-0.00010593444,-0.0006224505,0.0031113324,-4.5697332e-05,-0.0006889176,-0.00010385737,-0.00080969,-0.0002367944
TRBV6-2,-3.6469824e-05,-0.000849651,-0.0011169862,-0.0028976272,-0.016556768,-0.0024887528,-0.00035178234,0.010220032,-4.168003e-05,0.0041515925,0.0023365926,0.005308912,8.2103434e-05,0.0012244551,0.0058505256,-3.751183e-05,-0.00013337523,-4.1680047e-05,0.0041972864,-0.0065137795,6.87962e-05,-0.0002089416,-0.00015942521,-0.0005623023,0.0010323216,-6.877191e-05,-0.0010367887,0.0005407168,-0.001554659,-0.00035636273
TRBV6-8,-2.2139048e-15,2.150049e-14,-3.719781e-14,5.3751223e-14,-1.1190921e-13,2.879129e-14,4.219489e-14,-1.2153671e-14,1.0271326e-15,-1.1148818e-13,-5.1863617e-14,-7.9823375e-14,-4.726915e-15,8.088998e-15,-4.7127053e-14,-5.2032027e-15,9.395938e-15,1.5130688e-15,3.4664629e-15,8.871759e-14,1.4595632e-15,-9.56435e-15,-1.7282376e-14,-1.88217e-14,1.1437923e-14,6.03561e-15,-1.4325472e-14,-6.862864e-15,2.406876e-14,1.3325532e-14
TRBV14,-3.37513e-05,-0.00053683255,-0.0013162997,-0.0022325024,-0.0150433,-0.0023598885,-0.00053579797,0.006984119,-3.857268e-05,0.0041710525,0.00068524794,0.007583542,-4.628721e-05,0.0026082566,0.006393189,0.00021052333,2.227343e-05,-3.857273e-05,-0.0001322793,-0.0054044807,-0.0001890068,-0.00036451264,-0.00014754078,-0.0008669209,0.0022098757,-6.3645304e-05,-0.00095949875,0.0005587054,-0.0007873022,-0.00032979817
TRBV18,-3.6997964e-05,-0.000826964,-0.0014429118,-0.00330233,-0.016891032,-0.0026754644,0.0121532995,0.010116332,-4.2282965e-05,0.008867642,0.0020826843,-0.0011722578,0.00012518701,-0.0006178496,0.005077069,-3.805486e-05,-0.0001353063,-4.2282933e-05,-0.001174416,-0.006552494,-0.000105661464,-0.00039957685,-0.00016173282,-0.00037810323,0.00015994337,-6.97675e-05,-0.0010517952,0.00047380573,-0.0015771675,-0.00036152144
TRBV23-1,-1.0318179e-05,-0.00027741198,-0.0004024117,-0.0009209754,-0.00498812,-0.00074615673,0.0003339529,0.004267168,-1.1792174e-05,0.0017179503,0.0011333562,0.0020448777,-1.4150684e-05,0.00032167826,-0.00081547466,-1.0613049e-05,-3.7735503e-05,-1.1792168e-05,-0.0003275296,-0.0014815093,-5.7782e-05,-0.00011143679,-4.510538e-05,-0.0002650305,0.00040800782,-1.9457204e-05,-0.00029333355,-4.4220873e-05,0.0007661729,-0.0001008237
TRBV28,-7.117908e-05,-0.001677711,-0.0020841074,-0.0052882903,-0.030751402,-0.004821128,-0.00042263218,0.016949745,-8.134746e-05,0.011151223,0.0030893849,0.0071614003,0.00063414156,0.0011999002,0.018655691,-7.3212825e-05,-0.00010528952,-4.7387307e-06,0.00033742885,-0.010551411,-0.00033326403,-0.0006371392,-0.00031115505,-0.00078765454,0.0021676568,-9.070782e-05,-0.0018661884,0.0009307344,-0.0016634841,-0.0006553096
PRSS2,-7.3611914e-06,-0.00019791113,-0.00028708545,-0.0006570357,-0.0031318134,-0.0002239651,-0.00015563588,-0.0014564603,-8.412818e-06,-0.00057257357,-0.000352705,-0.0009092121,-1.0095336e-05,-0.00024144784,-0.0009897634,-7.5714725e-06,0.008500844,-8.412831e-06,-0.0002336639,-0.0005580557,-4.122251e-05,0.0006084427,-3.217877e-05,-0.00018907675,0.0015854815,-1.3881116e-05,8.089209e-06,-3.154798e-05,-0.00031379782,-7.192952e-05
TRBC1,-0.00036316167,-0.008820851,-0.012963588,-0.029630015,-0.16735755,-0.024958227,0.010304511,0.05739034,0.00024911383,0.047854934,0.01300919,0.023327013,0.00020868175,0.005093698,0.03490449,-0.00020160226,-0.0012431439,0.00014058598,-0.002478708,0.056921884,0.00091563555,-0.00040922928,-0.0015606371,-0.005848847,0.0076901834,-0.0006537637,-0.010219813,0.0013395974,0.010791143,-0.0034315996
TRBC2,-0.0004822496,-0.0037373123,-0.008184677,-0.012337638,-0.2253081,-0.0341317,0.0070427344,0.0704788,0.00055465783,0.064098716,0.016041765,0.041572325,0.00061966234,0.012204639,0.06513969,-0.00019970501,-0.0010544794,-3.9916154e-05,0.013062341,0.00869203,0.0003104683,-0.001256269,-0.0013339242,-0.008205917,0.010716387,-0.0009004512,-0.013501148,0.0020878757,0.0025343795,-0.0044828956
CNTNAP2,-6.089586e-05,0.0039810212,0.019944899,0.07175355,-0.02808233,-0.004164244,-0.0012875167,-0.011653559,-6.959593e-05,-0.010008949,-0.0027131648,-0.0070691407,-8.351452e-05,-0.0018176794,-0.007562742,-6.263625e-05,0.0014939939,-6.959584e-05,-0.0019330153,-0.011827564,-0.00027105917,-0.0002656508,-0.0001397878,-0.0012529364,-0.001598446,-0.00011483257,-0.0016125216,-0.0002609836,-0.0025959043,-0.00059504446
EZH2,1.3356398e-05,-0.0013306763,-0.0012762696,-0.0068403385,0.03430948,0.00010662395,-0.00047982193,-0.015253422,0.0020785287,-0.009328197,-0.004256796,-0.011010466,0.0017358377,-0.002225465,-0.0024814985,-0.00014735918,0.0006414204,0.00025509347,-0.0033454383,0.0063916068,0.009293275,0.0007731985,0.001583237,-0.0016961624,-0.0010104325,0.00030242142,0.004258141,0.00012461795,-0.0015055876,0.00032115803
PDIA4,8.826334e-05,-0.0025079043,-0.004597449,-0.009688695,0.010621881,-0.0012640067,1.9663912e-06,-0.018273335,0.00041334407,-0.005799716,-0.0012367833,-0.011310756,0.0001580764,-0.0015711021,0.0014891432,-0.0001292671,-0.00019885339,-0.00011157093,0.0031172838,0.028740449,0.0018516406,0.00041897543,0.0087947985,-0.0058484892,-0.0028519786,0.0005426339,0.00035846757,-0.00033868433,0.0019743307,0.0071574
ZNF467,-0.000114571936,-0.0056700655,-0.007920679,-0.017717803,0.22347349,0.003268427,-0.0041293455,-0.033882536,-0.00023102283,-0.031980205,-0.009711772,-0.023222065,-0.00026963808,-0.0063355556,-0.025140932,-7.7313714e-05,-0.0005431795,-0.00021172401,-0.006322868,-0.038233735,-0.0011799899,-0.0022660543,-0.0009418531,-0.004156244,-0.0053192503,0.00030875395,0.007828029,-0.00084035087,-0.00819048,-0.00026956777
RARRES2,-4.945767e-06,-0.00013296974,-0.00019288406,-0.00044144335,-0.0023909071,-0.00035764556,-0.00010456631,-0.0009785516,-5.652279e-06,-0.0008460083,-0.00023697109,0.0007837786,-6.782692e-06,-0.00016221925,-0.00066499005,-5.087065e-06,-1.8087281e-05,-5.6522804e-06,-0.00015699184,0.00045068533,-2.7695964e-05,-5.341374e-05,-2.161999e-05,-0.00012703467,-0.00013678492,-9.326238e-06,-0.00014060039,-2.1195898e-05,-0.00021082925,0.006226359
LINC00996,-5.774899e-05,0.006196862,0.00609906,-0.0031071987,-0.025041584,-0.0036859142,-0.00091262197,-0.0103552565,5.8248064e-05,-0.0086363815,-0.0016762312,-0.006664768,-7.919876e-05,-0.0015644698,-0.005447609,-5.9399157e-05,-0.00021119668,-6.5998895e-05,-0.001267845,0.011644001,0.0005146562,0.0023814947,-0.00012136585,-0.0012119635,-0.00159718,-0.00010889837,-0.0015608999,-0.00024749571,-5.4391552e-05,0.04684118
TMEM176B,-0.00024307462,-0.0060929866,-0.008833616,-0.019804323,0.25195453,0.03588941,-0.0046800706,-0.04518858,-0.0002638762,-0.039436817,-0.010906066,-0.028868567,-0.00029193403,-0.007633854,-0.030415932,-0.00012028603,-0.00085800124,-0.0002778008,-0.0069818906,-0.04475892,-0.0012680491,-0.0025379348,-0.0009969401,-0.0045633884,-0.0064684236,-0.00044931524,-0.003183988,-0.0010114417,-0.009540493,-0.0021669006
TMEM176A,-0.00020053721,-0.0048942384,-0.007292309,-0.016843693,0.22048602,0.017567426,-0.0038128493,-0.037757713,-0.0002157436,-0.032355685,-0.009086039,-0.023641583,-0.00027502206,-0.0061121825,-0.025009066,-0.00016351695,-0.0007177859,-0.00022918364,-0.0061434433,-0.03696179,-0.0011230132,-0.0020206545,-0.0007650804,-0.003742069,-0.005356315,-0.0003598341,-0.0027957582,-0.0008594448,-0.0075518982,-0.0017673789
INSIG1,1.6441727e-05,-0.0008421227,-0.0038893835,-0.00092755863,0.017660769,0.04515461,-0.0012117071,-0.024938364,0.00029656006,-0.018069666,-0.003936836,-0.01435881,5.6014082e-06,-0.0042607468,-0.005399392,-0.0002317027,0.00013779778,7.346754e-05,-0.0033463677,0.009837132,0.0006928098,-0.00017635191,-0.0004381131,0.0057125553,-0.003803917,0.0005811709,0.008296174,-0.00029250936,-0.0017152395,-0.0006265195
CSF2RA,0.0009486675,-0.0058700237,-0.008424351,-0.018927988,0.22374466,0.012988797,-0.0045611816,-0.043118555,-0.00024363126,-0.037284844,-0.0103950985,-0.026735354,-0.00030684835,-0.007070448,-0.028349293,-0.00013767314,-0.0006737412,-0.000255709,-0.0069304896,-0.04259988,-0.0011526052,-0.0023083603,-0.00095368223,-0.005052255,-0.0060612913,0.0013875153,0.022150522,-0.0009282643,-0.009209406,0.0063314405
IL3RA,0.0031649384,-0.0015307678,-0.0024414796,0.0026248551,-0.011647722,0.043033235,-0.0017544236,-0.015445887,-5.9981106e-05,-0.014372225,-0.0040525883,-0.009285598,-9.495268e-05,-0.0023809052,-0.010321578,-9.6900876e-05,0.001059766,-0.000107666834,-0.0026478795,-0.014701708,-0.00044033304,-0.0003046264,-0.0001424264,-0.0012262863,-0.0023433017,-0.00011544048,0.0013751746,-0.00040374903,-0.003040297,0.04770077
CD99,-3.377052e-05,-0.0070619406,-0.0066385474,-0.034866046,0.0038378162,-0.037185207,0.009838893,-0.061466,0.0006209715,-0.0010057045,0.0026772008,-0.043754637,0.0010368294,0.00092592346,0.056687538,-0.0003409402,0.0008621291,-0.00022283367,0.0012070654,0.08559007,0.0028590858,-0.0012667727,0.0007244237,0.019163394,-0.006288881,-0.00046134097,-0.0012767661,0.00033207194,0.013119842,0.0023861115
VCX3B,-4.1141698e-06,-0.00011061279,-0.00016045276,-0.00036721877,0.005588085,-0.00029751068,-8.698473e-05,-0.0008140167,-4.7019244e-06,-0.0007037554,-0.00019712606,-0.00050815544,-5.6422255e-06,-0.00013494454,-0.00055317895,-4.2316815e-06,-1.5045955e-05,-4.7019275e-06,-0.00013059452,-0.00082224794,-2.3039176e-05,-4.4432687e-05,-1.7984656e-05,-0.00010567452,-0.00011378573,-7.758159e-06,-0.00011695991,-1.7632092e-05,-0.00017538024,-4.0201303e-05
ARHGAP6,-1.2845262e-05,-0.0005479826,0.0028582332,-0.0039977683,-0.010162433,0.00056690583,-0.0010469565,-0.0100302305,-5.9844104e-05,-0.008507249,-0.0023816696,-0.0062451544,-7.1812814e-05,-0.0016588698,-0.006522308,-5.3859414e-05,0.00024834377,6.9886582e-06,-0.0016621655,-0.009655242,-0.0002932365,-0.0004847919,-0.000109476125,0.0650794,-0.0014482267,-9.8742654e-05,-0.0008326193,-0.0002244149,-0.0022321919,-0.00041997177
TLR8,-0.00015671337,-0.005116603,-0.0073397323,-0.016785322,0.2210848,0.02016312,-0.004210247,-0.038746223,-0.00023271068,-0.033625945,-0.0090751415,-0.024174633,-0.00022972637,-0.006527381,-0.026111066,-8.634415e-05,-0.00074467104,-0.00023271074,-0.00636839,-0.038367372,-0.0010254228,-0.0020591205,-0.0008029347,-0.00398119,-0.005393022,-0.00020960822,0.0010657588,-0.0008726566,-0.007934627,-0.0019031203
TMSB4X,-0.00015689238,-0.015072168,-0.022126295,-0.045219406,0.043260343,0.038863268,0.0059030782,-0.038207714,0.0008057635,0.00052392075,-0.004959093,-0.040716536,0.00066338584,-0.003497048,0.023789013,-0.0021010826,-0.0059810886,-0.00034362552,-0.009653662,0.04097411,0.0007022244,-0.0024432454,-0.007999004,0.041366693,-0.0023793695,0.0019450546,0.010250733,0.0015685188,-0.0022279206,-0.0075319177
EGFL6,-5.6539006e-06,-0.00015200909,-0.00022050233,-0.0005046536,-0.0021017687,-0.00040885966,-0.00011953943,-0.0011186647,-6.461632e-06,0.0013272248,0.0031348383,-0.0006983361,-7.75392e-06,-0.00018544843,0.0002832142,-5.815424e-06,-2.0677164e-05,-6.4616306e-06,-0.00017947076,0.00079368975,-3.166192e-05,-6.1062274e-05,-2.4715644e-05,-0.00014522474,0.0009576574,-1.066159e-05,-0.00016073212,-2.4231056e-05,-0.0002410179,-5.524679e-05
AP1S2,0.00022366966,-0.007198281,-0.007265268,-0.02223252,0.32806736,0.027913462,-0.0069020814,-0.06766597,-0.00013092537,-0.051233336,-0.015387915,-0.041796315,-0.00027226104,-0.010589184,-0.042774525,-0.0002210305,-0.0004439943,-0.00037251652,-0.0103855105,-0.06230362,-0.0010383433,-0.0033780115,-0.0013936423,0.0031294492,-0.008994994,0.0005943473,0.015356725,-0.0014873366,-0.013214999,0.0013984368
BEND2,-3.8591617e-05,-0.0009329822,-0.0013504552,-0.0026289306,-0.013773369,-0.002096495,-0.000612852,-0.0072598616,-4.410476e-05,-0.0059519927,-0.0017709238,-0.0046080155,-5.2925905e-05,-0.001265815,-0.0050498303,-3.969478e-05,-0.000111146386,-4.410471e-05,-0.0012250155,-0.007320996,-0.00014475876,-0.00041679136,-0.00016870203,0.060691196,-0.0010673426,-7.27735e-05,-0.00093940576,-0.00016539417,-0.0014510545,-8.677659e-05
PHEX,0.00073944207,0.0011098947,-0.0012792882,-0.001398955,-0.013656555,-0.002705947,-0.00060064,-0.0063272133,9.212714e-05,0.0014314918,-0.0007198196,-0.0023984755,-5.1317795e-05,-0.0006335863,-0.00274085,-3.848813e-05,0.00013128802,-4.2764706e-05,-0.000609377,-0.005444316,-0.00015016644,-0.00040412843,-0.00016357616,0.00054558914,-0.0005719595,-7.056155e-05,-0.0004923087,-0.00016036777,-0.001022851,0.037633575
PRDX4,0.00033130238,-4.8125083e-05,-0.0016206213,-0.008018087,-0.004213889,0.016533047,0.0003052578,-0.011573865,0.0001669602,-0.00022663438,-0.0010634278,-0.0067193727,0.00027688165,0.00017150572,-0.0010736148,-0.00016568319,0.0007901379,7.012589e-05,-0.00022561976,0.005359862,0.0021162156,0.00047182222,0.007762222,-0.003463415,-0.001627832,0.0005662794,0.0050847325,-0.00055997254,0.00022065824,0.00037307333
SAT1,-0.00019529776,-0.0020514126,-0.0073673553,-0.020239677,0.3065538,0.06015862,-0.0057655787,-0.082324855,-0.00027379883,-0.05578589,-0.014336794,-0.050803144,-0.00042827043,-0.010611958,-0.037841685,-0.00035444743,-0.0010899036,-0.00030545937,-0.011355071,-0.055874024,-0.0017279588,-0.0036221163,-0.0012072548,0.014158082,-0.009476794,0.00048441486,0.006722557,-0.0011120827,-0.011976956,-0.0019498492
GK,1.6261993e-05,-0.0030292906,-0.004389429,-0.0070587057,0.14943491,0.0012230914,-0.0027631952,-0.02896551,1.1807382e-05,-0.023021394,-0.0062632514,-0.018814888,-0.00017554054,-0.0045756265,-0.017810155,-0.0001624928,-0.0002409931,-0.0002056827,-0.0045223185,-0.02433711,-0.00011481789,-0.0009825132,-0.00049543346,0.002348485,-0.0030130902,-0.0001567778,0.005084036,-0.00029388187,-0.005752987,-0.00097354903
CYBB,-2.7281154e-05,-0.0012522006,-0.002360602,-0.003029185,0.35481235,0.044510156,-0.0075070756,-0.07357893,-0.0004155135,-0.06399439,-0.0177348,-0.04635307,-0.0005276666,-0.012354566,-0.04927959,-0.00019569519,-0.0012708445,-0.00042204154,-0.012047746,-0.07178194,-0.0019454353,-0.004010299,-0.0011077459,-0.007160267,-0.010421112,-0.0007381388,0.0023577681,-0.0015668742,-0.0154183395,0.00482042
SYTL5,-3.6772865e-06,-9.8866614e-05,-0.00014341368,-0.00032822575,-0.0017777106,0.0051880805,-7.774815e-05,-0.00072758,-4.20264e-06,-0.0006290301,-0.00017619495,-0.0004541962,-5.043126e-06,-0.00012061557,-0.0004944369,-3.7823957e-06,-1.3448384e-05,-4.202655e-06,-0.00011672727,0.0005834801,-2.0592734e-05,-3.9714705e-05,-1.6075006e-05,-9.4453644e-05,-0.00010170304,-6.9342527e-06,-0.000104539955,-1.5759879e-05,-0.00015675815,-3.593255e-05
SRPX,-1.2334579e-05,-0.00033162432,-0.00048105104,-0.0011009454,-0.0047751227,-0.0008919679,-0.000260789,-0.0024404856,-1.4096545e-05,-0.00021945302,-0.0005910002,-0.0015235017,-1.6916001e-05,-0.00040457613,-0.0016584855,-1.2687008e-05,-4.5109467e-05,-1.4096531e-05,0.0005902245,-0.0024651552,-6.9073365e-05,-0.00013321389,-5.3919735e-05,-0.00031682287,-0.00034113982,-2.3259654e-05,-0.0003506539,-5.2862866e-05,-0.0005258045,0.018536031
MID1IP1,-8.2218816e-05,-0.0022267897,-0.0072731706,-0.0043518413,0.13591678,0.013451392,-0.0023813304,-0.021454498,-9.972141e-05,-0.016608816,-0.0049895584,-0.014946337,-0.00021833072,-0.0034411054,-0.019700108,-9.578216e-05,0.00039077684,5.6976874e-05,-0.0036260695,-0.036633532,-0.00084686157,-0.00059689814,-0.0007557928,-0.0020369226,-0.0033226982,-0.00021868183,0.0016186603,-0.00066152506,-0.006132504,0.0012666174
MIR222HG,-6.066396e-05,-9.915925e-05,-0.0015803345,-0.0032896919,0.09025063,-0.004365475,-0.0011299162,-0.018030204,-2.0565383e-05,-0.011108442,-0.0030935425,-0.012603127,-0.00010582398,-0.0023102397,-0.008951293,-8.448697e-05,0.0012424435,0.0001517436,-0.0024332113,-0.012468464,-0.00026322616,2.3973475e-05,-0.00032879697,-0.0020274927,-0.0022271953,-0.0001701326,-0.0014351736,-0.00014163103,-0.00315118,-0.00018956703
TIMP1,1.21867015e-05,-0.010755303,-0.015364466,-0.036573973,0.18343246,0.06347287,-0.003091821,-0.057449494,-0.0003152394,-0.00427419,-0.0017567987,-0.03942558,-0.00032846062,-0.0039761057,-0.03513255,-0.000271037,-0.00037996238,0.000290924,-0.007271372,-0.03740545,-0.0010193704,-0.0030272193,-0.0017517607,0.025337229,-0.00823851,-0.00052688905,0.012799524,-0.0017282397,-0.011268762,-0.004012943
CFP,-4.1823903e-05,-0.008649888,-0.012459034,-0.028385267,0.31010097,0.05145233,-0.0067681028,-0.055395547,-0.00033682634,-0.04859279,-0.014129802,-0.038372606,-0.00042315695,-0.010242767,-0.04286617,-0.0001697724,-0.0010143569,-0.0003682093,-0.010197095,-0.06324113,-0.00177917,-0.0034830007,-0.0014563423,-0.006976542,-0.007945697,-0.00010816165,0.019366285,-0.0013404989,-0.013438051,-0.0027375522
GATA1,-2.115179e-05,-0.00056868145,-0.000824922,-0.0018879416,-0.0075834845,-0.0015295738,-0.0004472081,-0.0040434687,-2.417337e-05,-0.0034063598,-0.0010134741,-0.0026125575,-2.9008119e-05,-0.00069377525,-0.0028440154,0.0003206753,0.0031809146,-2.417339e-05,-0.00067141635,-0.0037782495,-0.00011844963,-4.758745e-05,-9.246329e-05,0.031185543,-0.00058499747,-3.988596e-05,-0.00060131407,-9.065018e-05,-0.0009016693,-0.00020668298
SYP,-5.0900046e-05,0.00051180227,-0.00045949273,0.001983605,0.00071824674,0.0018831143,-0.000904289,0.00052048045,-9.095115e-06,-0.0015606572,-0.001339924,7.370271e-05,0.000101405654,1.967744e-05,-0.0018220772,-5.235452e-05,0.0009634477,-5.8171467e-05,-0.00082196854,-0.0008400756,0.00073006406,0.0003654135,3.8976475e-05,-0.00019898835,-0.00035337842,0.00040456254,0.00019863632,2.365384e-05,-0.0011136534,0.0010482073
TSPYL2,-0.00012335258,0.0010025682,-0.00012385364,0.0042453823,-0.08465554,-0.012199543,-0.00020619982,0.00641546,-0.0001372009,0.014197549,0.006565663,0.01103131,-0.00020608617,0.0066633043,0.019494435,-0.00018638742,-0.00022031658,4.1134263e-05,0.007990522,0.0141287455,0.00021856526,-6.128125e-06,-0.0006070892,-0.0038494528,0.00073254324,-0.000105685765,-0.0039312514,0.0006725327,0.008844127,0.0043142773
ALAS2,-1.692831e-05,-0.0004551317,-0.00017679608,-0.0010431225,-0.0052316985,-0.00044177592,0.00010563226,-0.0020443485,-1.934668e-05,-0.0012068457,-0.0008111119,-0.00038974697,-2.3215976e-05,-0.00055525266,-0.00016724246,0.015283476,0.001198469,-1.9346677e-05,-0.00053735747,-0.001582998,-9.4799245e-05,-0.0001828262,-7.400141e-05,-0.0004348177,-0.00046818986,-3.192195e-05,-0.00048124895,-7.255058e-05,-0.00024656407,0.00022161222
AL034397.3,-2.8466075e-06,-0.0030851446,-0.0047080405,-0.0026600913,0.17653023,0.0029203792,-0.0038384423,-0.03659933,-0.00020184381,-0.031403232,-0.008217428,-0.022791175,-0.0002525945,-0.00606526,-0.02395903,-0.00016073509,0.0013418593,-8.087402e-05,-0.005453999,-0.034618195,-0.0010698425,-0.000879199,-0.000776024,0.015927944,-0.0051236227,1.32946e-05,0.0038263074,-0.0007955431,-0.0071719517,-0.000645345
VSIG4,-4.6192592e-05,-0.0009982751,-0.0016208699,-0.0038893097,0.03785931,-0.00088745524,-0.000976638,-0.008745286,-5.2791172e-05,-0.0077201677,-0.0022132767,-0.0050403154,-6.3349486e-05,-0.0013884917,-0.003676796,-4.7512433e-05,-0.00016893311,-5.279117e-05,-0.0013210769,-0.008808466,-0.00025867813,-0.0004988792,-0.00020192713,-0.0011864903,-0.0012775473,-8.71063e-05,0.015223813,-5.9332833e-06,-0.001482615,-0.0003658764
KIF4A,-2.1537458e-05,-0.0005790473,-0.0004294512,-0.00078013336,-0.0031554636,-0.0012633349,-0.0004553605,-0.003557736,0.0051884106,-0.0026243832,-0.0002613326,-0.0026601718,0.001971887,-0.0002502574,-0.0016742132,-2.2152582e-05,9.5757005e-06,-2.4613988e-05,-0.0006836562,-0.0020136796,0.013976317,-0.00023260381,0.0015999929,-0.0005532037,-0.00021530042,-4.0613235e-05,-2.700366e-05,-9.230307e-05,-0.00091810897,-0.00021045076
CXCR3,0.00050847745,0.0004559887,-0.00039194987,-0.009457092,-0.05209256,-0.007682637,0.0051213726,-0.019850401,0.0013662798,0.019721907,0.012684139,-0.0025197763,0.0010150914,0.007513495,0.024196891,-8.308596e-05,-0.0003839798,-0.00013062086,-0.0005073594,-0.0021673338,0.00030389937,0.0032108584,0.0011911447,-0.0023626501,-0.0005526566,0.0007539961,-0.0025483326,0.0006316609,0.0075038043,0.0145514775
XIST,0.00011194248,0.00402705,0.009371805,0.004856037,0.057115365,0.003101556,-0.00034297528,-0.01988423,-6.969343e-05,-0.00995115,-0.0040663313,-0.018160285,9.051152e-05,-0.0035695522,-0.01352709,-0.00028258556,-0.0007913269,9.302224e-05,-0.0036149814,0.0035775206,-5.019691e-05,0.0013316411,0.00052951835,-0.005402199,-0.0048296098,0.0003083682,0.0020373666,-0.0004896066,-0.005012919,0.00349308
FAM133A,-1.0835999e-05,-0.00029133356,-0.00042260476,-0.00096718635,-0.0042560804,-0.00078359636,-0.00022910451,0.0056912624,-1.2384074e-05,0.001114102,-0.00051919743,0.0019831285,-1.4860777e-05,0.0015122601,-0.00074215943,-1.1145553e-05,0.00047160394,-1.2384079e-05,-0.00034396464,-0.0011117454,-6.068161e-05,-0.000117028416,-4.7368623e-05,-0.00027833003,-0.00029969288,-2.0433505e-05,-0.00030805223,0.00065562886,-0.00046192133,-0.000105882944
SYTL4,-3.238164e-05,-0.0006283002,-0.0011179115,-0.002561169,-0.010442817,-0.001740058,-0.0006846416,-0.006406954,-3.700756e-05,-0.005253513,-0.0015515401,-0.0039011321,5.8117173e-05,-0.0010621174,-0.003399062,-3.3306853e-05,0.0015461186,-3.7007565e-05,-0.00074912235,-0.005800082,-0.00018133721,-0.00022914854,-0.00014155419,0.048098475,-0.00089558127,-6.106274e-05,-0.0009205689,-0.00013877873,-0.0013803908,-0.00031641498
BEX1,-3.264491e-05,-0.00074657914,0.0010776969,-0.0011407996,0.012611497,-0.0009314237,-0.0006902047,-0.002816451,-3.7308564e-05,0.0011444648,-0.0015641599,-0.0011339461,2.5335397e-05,-0.00037998127,-0.0033238921,-3.357756e-05,0.0077022025,-3.7308495e-05,-0.0010362472,-0.005582774,-0.00010788648,-0.00035256406,-0.00014270557,0.00042672356,-0.0009028665,-6.155895e-05,-0.00057230575,0.00010054216,-0.0011422407,-0.00031898692
NXF3,-7.731353e-06,-0.00020786318,-0.00030152357,-0.0006900785,0.0019234038,0.00026112996,-0.00016346305,-0.0015297051,-8.835859e-06,-0.0013225065,-0.00037044342,-0.0005156324,-1.0602947e-05,-0.0002535898,-0.0010395373,-7.952264e-06,-2.8274764e-05,-8.835853e-06,-0.0002454158,-0.0015451714,-4.3295866e-05,-8.349913e-05,-3.3797194e-05,0.0071196654,-0.00021382797,-1.4579164e-05,-0.00021979184,-3.313444e-05,-0.0003295767,-7.5546755e-05
TCEAL5,0.0006564011,-0.00015596343,-0.00022623848,-0.0005177806,-0.0013336233,-0.00041949304,-0.0001226489,-0.0011477659,-6.6297234e-06,-0.0009923034,-0.00027795072,-0.00071650324,-7.955657e-06,-0.00019027194,-0.0007799782,-5.966746e-06,0.007953008,-6.6297252e-06,-0.00018413959,-0.0011593744,-3.248538e-05,-6.2650106e-05,-2.5358584e-05,-0.00014900227,-0.00016043893,-1.0939014e-05,0.0004115446,-2.4861572e-05,-0.00024728585,-5.668409e-05
TCEAL9,5.2136325e-05,-0.0011784076,-0.001371427,-0.0031917447,-0.002498124,-0.0025507018,-0.0006945414,-0.0006915265,-2.214659e-05,9.220553e-05,-0.0017587402,0.0010673681,-1.1201341e-06,-0.00046843122,-0.0038988641,-4.9484443e-05,0.0049008424,6.586244e-05,-0.0011276293,-0.008143867,0.00030782112,0.00027060497,0.00013569916,0.019180473,-0.00016048744,-2.496508e-05,-0.0004708852,0.00010462722,-0.0011191837,0.0032446804
BEX3,-0.00013951625,-0.0037618468,-0.0053508207,-0.012754833,-0.06376881,-0.010132115,-0.003052214,0.048857253,-3.0040528e-05,0.019318959,-0.002472348,0.021704212,-7.320093e-05,0.0011403837,-0.015902294,-0.000117672535,0.003183921,-0.0001572404,-0.004129745,-0.027774198,-0.0007277746,-0.00045372974,-0.0006606821,0.059587557,0.0053066625,-0.00017056969,-0.0041080867,0.0006570735,-0.0031053438,-0.0009123998
CAPN6,0.0064979834,-9.491333e-05,-0.00013767855,-0.00031509958,-0.0017066005,-0.00025528434,-7.4639225e-05,-0.00069848384,-4.0345444e-06,-0.0006038699,-0.0001691488,-0.00043603417,-4.8414404e-06,-0.00011579082,-0.00047466328,-3.6310691e-06,-1.2910508e-05,-4.034546e-06,-0.00011205955,-0.0007055378,-1.976927e-05,-3.8126396e-05,-1.5432182e-05,-9.067608e-05,-9.763632e-05,-6.6569905e-06,-0.00010035968,-1.5129458e-05,-0.00015048818,-3.4495148e-05
LRCH2,-9.735553e-07,-2.617467e-05,-3.796835e-05,-8.689608e-05,-0.00047064124,-7.0401635e-05,-2.0583688e-05,-0.00019262324,-1.1126341e-06,-0.00016653324,-4.6647114e-05,-0.000120247474,-1.3351466e-06,-3.1932617e-05,-0.00013090025,-1.0013632e-06,0.0017894058,-1.1126336e-06,-3.0903317e-05,-0.00019457059,-5.4518505e-06,-1.05143445e-05,-4.255832e-06,-2.5006448e-05,-2.6925549e-05,-1.8358452e-06,-2.7676655e-05,-4.1723915e-06,-4.1500858e-05,-9.513008e-06
PLS3,0.0060762013,-0.0006262316,-0.0009084025,-0.0020790133,-0.0067734164,-0.0011161857,8.426245e-05,-0.0041587944,0.0006798838,-0.0016239401,0.001728918,-0.0019952683,0.0012821966,-0.0007639908,-0.00268698,-2.3957919e-05,0.004192677,-2.6619788e-05,-0.000739367,-0.000870278,2.3901717e-05,-0.00025155768,-0.00010182092,0.0007141739,9.494669e-05,-4.3922788e-05,0.00062905,-9.982449e-05,-3.045244e-05,0.009413813
IL13RA1,0.0003922895,-0.0048811845,-0.00064527127,-0.004795736,0.23695311,-0.0028801006,-0.004924295,-0.046033323,-0.00026079576,-0.04029529,-0.011292424,-0.02902221,-0.0003354325,-0.007589797,-0.030544113,-0.00011715829,-0.00084054086,-0.00027952675,-0.007048482,-0.04476012,-0.0012523219,-0.0022599983,-0.0010473141,-0.0052388893,-0.006473389,-0.0002771126,0.02691028,-0.0009822677,-0.009916859,-0.00026244504
PGRMC1,8.527875e-05,-0.0028580078,-0.0040816776,-0.010716937,0.012696322,0.002828428,-0.0006137203,-0.016621511,0.00039738175,-0.0097446805,-0.0025736995,-0.011441574,0.00036398784,-0.0020172372,-0.008704056,-9.036264e-05,0.00052558456,-7.4490374e-05,-0.0013056854,-0.011826641,0.00057041703,-0.00036321924,-0.00018283239,0.07069141,-0.0022311057,-5.3979016e-05,8.319764e-05,-0.00018537969,-0.0028525556,0.00029767092
SH2D1A,-0.00022801834,-0.0050240033,-0.007818179,-0.017957104,-0.10219317,-0.015019288,0.0036208811,0.0051056626,0.0009786407,0.0084834965,0.0067457445,-0.00033232226,0.0008626237,0.0012827386,0.04767744,-0.0001983032,-0.00082087785,-0.00016431953,0.012565539,0.054066725,0.0027818335,0.004343446,-0.00094188657,-0.0041835946,-0.0009395528,-0.0004062868,-0.0061674477,0.0023879134,0.013495484,-0.002003847
RAP2C,-6.990325e-05,0.00074758055,-0.00089404645,-0.0009867413,0.06776131,0.01946822,-0.0008050679,-0.028726961,-2.0757894e-05,-0.018464094,-0.0039650816,-0.01492801,3.1571242e-05,-0.0021599403,-0.0053903423,-0.00025396093,-0.0003449866,-0.0001974069,-0.00248244,0.0040902137,0.00037473225,-0.00010029233,-0.0004492559,-0.004341264,-0.004046065,-4.105189e-05,-0.00094691763,-0.00042740745,-0.0020584145,-0.00037331352
HMGB3,0.0002708407,-0.0020729278,-0.0013312894,-0.005939345,0.05008409,0.008381718,-0.001691345,-0.014578111,0.0025038489,-0.009182631,-0.0034938047,-0.008407733,0.0016976397,-0.0019581597,-0.007832518,-9.301068e-05,0.0025459805,-0.000103345774,-0.0022129684,-0.0130890915,0.00407951,-0.0003465763,0.003201151,-0.0012410181,-0.002316774,0.0005550677,0.005042444,-6.0040937e-05,-0.002231388,-0.00018009635
SSR4,0.00031316877,-0.0046684667,-0.006104154,-0.0167798,-0.012412335,-0.0049531646,0.0017085299,-0.017912496,-3.0123627e-05,0.011095191,0.0049306583,-0.007860016,0.00020901498,0.002749367,0.009786278,-0.0004478305,0.000107317144,0.00033817076,0.007004875,0.015654407,0.00023211165,0.002063114,0.005900151,0.0010034894,-0.0047984035,0.00017938524,0.0039471923,-0.00074913295,0.0018176711,0.0076758843
TKTL1,-1.32747e-05,-0.0018039017,-0.002395931,-0.0055696424,-0.029756349,-0.0040404964,-8.459921e-05,0.010401767,6.7549245e-06,0.0040286155,-0.0013769938,0.005429167,-4.6350284e-05,-0.00033455016,-0.0009365651,-6.901258e-05,-0.0001447447,-7.667998e-05,-8.488229e-05,0.03198557,0.000612693,-0.00029239597,-0.00017217109,-0.0013687422,-0.00076637074,-5.7841786e-05,-0.0018083728,0.000146525,-0.000828018,-0.00058329885
MPP1,5.642887e-05,-0.005280975,-0.007295167,-0.016574498,0.14309148,0.015964873,-0.003634971,-0.02938695,-0.00014844004,-0.032816015,-0.008180567,-0.022322852,-0.0002136115,-0.006642142,-0.024116226,0.00028330187,0.0014559971,-0.00025393348,-0.006463912,-0.032458946,-0.0002658712,-0.0017774024,-0.0008583256,0.04995322,-0.005035142,-0.00021494055,0.0012337187,-0.00022567339,-0.0075726015,-0.0002999917
CLIC2,0.0012056342,-0.0017375648,-0.002869861,-0.005335437,0.012822012,0.016597752,-0.0012212633,-0.013537634,-9.005474e-05,-0.012435065,-0.0033039367,-0.008504249,-0.0001080658,-0.0023372252,-0.008851371,0.000107946245,0.0018192544,-9.0054746e-05,-0.0025012803,-0.014184585,-0.00044126794,-0.000723545,-0.00034446124,-0.0019127048,-0.002179327,0.004249232,0.04948973,-0.00033770618,-0.0030842212,-0.00016047093
WASIR1,-2.6314112e-06,-7.0748036e-05,-0.00010262594,0.0022161028,-0.0012721085,-0.00019028991,-5.5635915e-05,-0.0005206505,-3.0073593e-06,0.0008595881,-0.00012608319,-0.00032501738,-3.6088452e-06,0.0009992466,-0.00035381768,-2.7065967e-06,-9.623446e-06,-3.0073602e-06,-8.352889e-05,-0.0005259093,-1.4736051e-05,-2.8419563e-05,-1.15029725e-05,-6.759053e-05,-7.277822e-05,-4.9621126e-06,-7.4808486e-05,-1.1277649e-05,-0.00011217339,-2.5712803e-05
MYOM2,-7.349259e-05,-0.0026537385,-0.004134283,-0.009725038,-0.05232214,-0.007546985,-0.0023064434,-0.016232671,-6.973866e-05,-0.013169473,-0.0047743544,-0.01209332,-8.82716e-05,-0.0031287412,-0.013448051,-0.000103818216,-0.00022967163,-5.3121486e-05,-0.0032576465,0.15331037,0.004272432,0.00030284008,-0.00046006008,-0.0020708449,-0.0028935266,-0.0002030426,-0.0029214858,-0.00045716937,-0.002529844,-0.0009381008
DEFA3,-1.4872705e-06,-3.9986662e-05,0.00070839224,0.00082273013,-0.00071899925,-0.00010755102,-3.1445652e-05,-0.00029427008,-1.6997379e-06,-0.0002544116,-7.126172e-05,-0.00018369898,-2.0397185e-06,-4.8782473e-05,-0.00019997435,-1.5297824e-06,-5.4392435e-06,-1.6997388e-06,-4.7210808e-05,0.00071998016,-8.32876e-06,-1.6062544e-05,-6.5015256e-06,-3.8201928e-05,-4.1134233e-05,-2.804565e-06,-4.22811e-05,-6.374099e-06,-6.34001e-05,-1.453299e-05
LINC00599,-2.793168e-05,-0.0007509624,-0.0010893329,-0.0024930993,0.009331881,0.022799052,-0.0005905553,-0.004684472,-3.1921863e-05,-0.0047779283,-0.00091466727,-0.0034499727,-3.8306312e-05,-0.00091616466,-0.0037556312,-2.8729834e-05,-0.000102150574,-3.1921845e-05,-0.00088663405,-0.005200164,-0.00015641788,-0.00030166312,-0.00012210132,-0.00071744743,-0.0007725116,-5.2671163e-05,0.0013457569,-0.00011970708,-0.0011906917,-0.00027293348
BLK,-0.00013262528,0.034654655,0.067075,0.08277788,-0.059933152,-0.009032474,-0.0026414027,-0.023455467,-9.7695374e-05,-0.018531092,-0.0052748187,-0.014906842,-0.00014483671,-0.0038242443,-0.016345264,-0.00013641421,-0.00040017368,-0.00015157239,0.0057848394,-0.023508234,-0.0006420489,-0.0011993045,0.0016830711,-0.0026290608,-0.0034489497,-0.00025009233,-0.0036185181,-0.00052394636,-0.0043598963,0.003212427
CTSB,0.0003230622,-0.0070495442,-0.011778885,-0.027769083,0.30677244,0.028618645,-0.0036828327,-0.0527885,-0.00010636455,-0.035714008,-0.010584232,-0.040511314,-0.00034240875,-0.010497182,-0.04054798,-0.00015374548,-0.0005122395,-0.00035106583,-0.009291364,-0.061194867,-0.0015450908,-0.0034943,-0.0011973638,-0.0074483654,-0.0082903225,-0.0004996866,0.007485188,-0.0012186108,-0.012991469,0.006360816
MSR1,-9.604614e-05,-0.0021129537,-0.0036129826,-0.008265862,0.05433346,0.05384566,-0.0020306883,-0.018034197,-0.00010976646,-0.015847664,-0.004400764,-0.01130584,-0.00013172024,-0.003066487,-0.011866621,-9.87904e-05,-0.0003512545,-0.000109766435,-0.0029432182,-0.018023727,-0.00045974654,-0.00094705564,-0.00041985803,-0.0019222059,-0.0026563704,-0.000121355915,0.005989904,-0.00041162543,-0.003883821,-0.0009385077
PDGFRL,-8.767071e-06,-0.00023570844,-0.00034191363,-0.0007825211,0.0017333132,0.001579947,-0.00018536023,-0.0017346166,-1.0019473e-05,-0.00036812254,-0.00042006286,0.0015484188,-1.20233435e-05,-0.00028755542,0.0005429611,-9.017453e-06,-3.2061856e-05,-1.0019474e-05,-0.0002782911,-0.0017521501,-4.909556e-05,-9.4683506e-05,-3.832438e-05,-0.0002251875,-0.0002424712,-1.6532102e-05,0.0022268486,-3.757304e-05,-0.00037372735,-8.566663e-05
ASAH1,-0.00016465645,-0.005975236,-0.0083898,-0.02068766,0.2836729,0.056895982,-0.006670193,-0.06665828,-0.0003194677,-0.057133947,-0.016076803,-0.04043626,-0.0005312238,-0.010810128,-0.03714552,-0.00026430434,6.2582054e-05,-0.00023756616,-0.009683351,-0.040038362,-0.0012333521,-0.00213334,-0.0007095823,0.0059541715,-0.009520708,-0.0002944436,0.0036751823,-0.0014932438,-0.011364847,-0.0022887355
AC100849.1,-2.7218846e-06,-7.3181225e-05,-0.00010615384,-0.00024295058,-0.00040905224,0.003909278,-5.754844e-05,-0.0005385472,-3.1107593e-06,-0.00046560698,-0.00013041867,-0.0003361967,-3.732869e-06,-8.9279005e-05,-0.0003659796,-2.7996687e-06,-9.954359e-06,-3.1107572e-06,-8.640198e-05,-0.00054399186,-1.5242724e-05,-2.9396664e-05,-1.1898595e-05,-6.991388e-05,-7.527957e-05,-5.1327643e-06,-7.738031e-05,-1.1665212e-05,-0.00011603017,-2.6597148e-05
LPL,-3.1981115e-05,-0.00085983373,-0.0012472596,-0.0019261544,0.019534227,0.018601483,-0.00041637567,-0.0060355878,-3.6549663e-05,-0.00547061,-0.0015323566,-0.0037325197,-4.385981e-05,-0.0010489813,-0.0040226746,-3.289465e-05,-0.000116960044,-3.6549663e-05,-0.001015172,-0.0063916645,-0.00017909375,-0.00034539576,-0.00013980332,-0.0001269068,-0.000884506,-6.0307157e-05,-0.00058879453,-0.00013706188,-0.001363308,-0.00031250145
ATP6V1B2,-0.00014623176,-0.0051805004,-0.008515164,-0.018843688,0.22741298,0.021318031,-0.00438008,-0.043289006,-2.506131e-05,-0.03661143,-0.010759855,-0.02692939,-9.246322e-05,-0.007428664,-0.02549057,-0.00011632643,-0.00038180256,-0.00023603428,-0.0060148556,-0.035504963,-0.00086382247,-0.002271046,-0.0008148029,-0.0047943396,-0.005909033,-0.00039810175,0.004799603,-0.0008815806,-0.007590475,-6.0672617e-05
GFRA2,-4.270346e-05,-0.0011481065,-0.0012511013,-0.0029211247,0.019878272,0.011685819,-0.00090287055,-0.0040575746,-4.8803286e-05,-0.006489774,-0.0020460952,-0.0049761264,-5.8564194e-05,-0.0009934673,-0.0045925034,-4.3923377e-05,-0.00015617134,-4.8803257e-05,-0.001355526,-0.006373468,-0.0002391379,-0.00023602987,-0.00018667367,-0.0010968621,-0.0011810493,0.00095477694,0.009859719,-0.00018301352,-0.0013317297,-0.00041727137
DMTN,-7.84011e-05,-0.0018814509,-0.002364119,-0.0060280524,-0.030552674,-0.005216371,-6.4063664e-05,-0.0025965855,-1.1056909e-05,0.006061011,0.000108815686,-0.0038963987,-8.149135e-05,0.0018445451,0.0026980136,0.0011259275,-0.00028672285,4.1525127e-06,-0.00040686343,-0.0062777014,-5.983498e-05,-0.00052459945,-0.00032500748,0.052341357,-0.00012311961,-0.0001478422,-0.0021403646,-0.00020609531,-0.00031557854,-0.0005995338
EGR3,-0.0001244322,-0.0029313872,-0.004545773,-0.010185407,0.1375694,0.0090963105,-0.0024468205,-0.023154031,-0.00012651054,-0.020145085,-0.005438312,-0.014457254,-0.00017064884,-0.0039662723,-0.016141705,-0.00012798737,-0.00039873426,-0.00014220749,-0.0036083995,-0.02307486,-0.0006968195,-0.0012965305,-0.0005092717,-0.0026203212,-0.0033884842,-0.00020061461,-0.00016974447,-0.0005332797,-0.004892502,-0.0011720286
SLC25A37,-0.00017315616,4.99941e-05,-0.0011492317,-0.002920629,0.18228991,-0.0026879092,-0.004122689,-0.025893377,-0.00020133445,-0.026358936,-0.00799258,-0.014027115,-0.000263185,-0.0047614123,-0.02307467,0.0018308097,-0.00026141657,-0.00015335962,-0.005800362,-0.042871293,-0.00093345804,-0.0020995338,-0.0009438496,-0.005309172,-0.004264754,-0.00011351097,0.0027678243,-0.0007620167,-0.007803842,-0.0019957947
ADAM28,0.000576714,0.02747236,0.04196978,0.10449255,-0.027729018,-0.010964016,-0.003443894,-0.031650092,-0.00018970725,-0.027608749,-0.007505041,-0.019496469,-0.00022764895,-0.0053488845,-0.02079706,-0.00011767329,0.0012921148,-0.00012435218,-0.0052263513,-0.017030863,-0.00048117584,-0.00027429176,0.000597389,-0.0034934902,-0.00430458,0.0019673472,0.015809033,-0.000711403,-0.0065473397,-0.00090464205
NEFM,-2.1903314e-05,-0.0005888857,-0.0004397827,-0.0011524765,-0.009754948,-0.0015839302,-0.00046310105,0.0039294213,7.8696794e-05,0.011234027,0.0026474718,-0.0011441268,-3.0038911e-05,0.001066751,-0.0015189323,0.0001754031,-8.010374e-05,-2.5032283e-05,0.0006100958,-0.0020817488,-0.00012265815,-0.00023655649,-9.574939e-05,-0.0005626007,0.000897329,-4.1303298e-05,-0.00023113604,-9.3871226e-05,-0.00015631854,-0.00021402721
NEFL,-5.9643808e-05,-0.0011635594,-0.0021614472,-0.004248564,-0.024881186,-0.003475266,-0.0011568753,0.0017961088,-3.6110312e-05,0.060885545,8.971163e-05,-0.0062245103,-8.179696e-05,0.0045188544,-0.0066559133,-6.134799e-05,-0.00021812622,0.0002475628,-0.0013849738,-0.008451386,-0.00033400382,-0.00044642843,-0.00016281403,-0.0007037617,-0.0012712018,-7.7987104e-05,-0.0016074626,-0.00015610704,-0.0020745643,-0.00044258116
CDCA2,-2.3714627e-05,-0.0003325353,0.00051348266,-0.00028887542,-0.006914304,-0.001431056,-0.00050139835,-0.0035222727,0.005308285,-0.0022545245,-0.00087869714,-0.002360546,0.002553652,-0.00052491267,-0.0015364852,-2.4392302e-05,-8.672781e-05,-2.710269e-05,-0.0007527731,-0.0026560102,0.01524538,1.5501024e-06,0.0020739352,-0.00060913234,-0.0006558797,-4.4719505e-05,-0.00041339238,-0.00010163498,0.00030414245,-5.9288293e-05
DPYSL2,0.0009535713,-0.0048151677,-0.0049200067,-0.022064611,0.23691463,0.020295229,-0.0038769592,-0.05351678,-0.0001587062,-0.03996885,-0.012563004,-0.036329478,-7.1873685e-05,-0.008198257,-0.027419835,-0.0002786826,-0.00024935522,-0.00021739783,-0.008784204,-0.03496789,-0.00012613056,-0.0008901214,-0.0011989942,-0.005476667,-0.00665462,0.0013523835,0.018446175,-0.0013550223,-0.0093487855,0.0054886225
CLU,-9.518591e-05,-0.0023846368,-0.0034011735,-0.0078099403,0.005072068,-0.0039269067,-0.0014184337,-0.017557133,-9.5369214e-05,-0.01329141,-0.0030220095,-0.010810985,-0.00010549865,-0.0024043147,-0.0067271246,-8.605158e-05,0.00058723934,-7.499979e-05,-0.0024578741,-0.016088482,-0.00030243234,-0.00097488024,-0.0004074135,0.09619926,-0.0024144151,-0.00015020749,-0.0023762556,-0.00040793847,-0.0026208214,-0.00044694988
ESCO2,-3.903944e-05,0.00038184188,-0.0006114077,-0.001694638,-0.0031487646,-0.0011208125,-0.00023339718,-0.005807438,0.0041980566,-0.0045452747,-0.001186334,-0.0026287506,0.001679742,-0.0007891659,-0.002011891,-4.01551e-05,0.00012222945,-4.4616303e-05,-0.00044516183,-0.0018521969,0.019394245,-0.000263143,0.0015065406,-0.00045955423,-0.00020234352,6.682797e-05,0.0006492098,3.2668606e-05,-0.0009876491,8.028633e-05
PBK,-1.9347248e-05,-8.49911e-05,-0.0004153968,-0.0008339561,-0.007678091,-0.0005818431,-0.00040905637,-0.00340981,0.0048798737,-0.002424323,-0.0005717602,-0.0012145786,0.0024120319,0.00038122293,-0.0012812024,-1.990005e-05,-7.075605e-05,-2.2111119e-05,-0.0006141385,-0.0024861246,0.012061525,-0.00020895143,0.003190732,0.0005498053,-0.00053509005,-3.6483565e-05,-8.616821e-05,0.0005427091,-0.00082474627,-0.00018904994
SCARA5,0.001904239,-0.00029477815,-0.00042759968,-0.00060358754,-0.0045279674,-0.0007928596,-0.00023181188,-0.0021693246,-1.2530403e-05,-0.00086711283,-0.00052533497,-0.0013542174,-1.5036418e-05,-0.00035962163,-0.0014742002,-1.1277388e-05,-4.0097184e-05,-1.2530418e-05,-0.00034803236,-0.00022031725,0.00039108028,-0.00011841249,-4.7928977e-05,-0.00028162135,-0.00030323467,-2.0675168e-05,0.0006094929,-4.698894e-05,-0.00046738345,0.012669574
PNOC,-0.000100280275,0.021024635,0.03317225,0.07108541,-0.02581678,-0.0028550518,-0.0020377873,-0.018663805,-8.53203e-05,-0.016230302,-0.0043597026,-0.011830872,-0.00013752723,-0.0029526516,-0.0125133265,-0.00010314563,-0.00027380517,-0.000114607,-0.0031831907,-0.018469095,-0.00056156784,-0.0010172583,0.003485505,-0.0022574146,-0.00268921,-0.00012390055,-0.0027531222,-0.00042977324,-0.0040602535,0.0048519038
DUSP4,0.00010990621,0.0023241634,0.0010304704,-0.0029903979,-0.018420666,-0.0027582357,-0.00018133818,-0.008335382,0.00046485267,0.0124846315,0.0041386643,-0.0037103985,0.00026197883,0.0033828672,0.004260959,-5.595784e-05,-7.055318e-05,9.3174705e-05,-0.00041950186,-0.0043219994,-0.0003046565,0.0017127943,0.00045373078,0.0006932117,0.005576681,0.0022491203,0.001364664,0.00018280112,0.0004852161,0.00029927076
NRG1,-0.00014700866,-0.0037723877,-0.005501572,-0.012051917,0.18254301,-0.009669279,-0.0029530278,-0.027525732,-0.00015072209,-0.023934657,-0.0065368353,-0.017427916,-0.0002016117,-0.0046735653,-0.017738815,-0.00012441081,-0.00053763046,-0.00016800856,-0.0045466973,-0.026878621,-0.00077102234,-0.0015327568,-0.0005923904,-0.0027196389,-0.004010778,-0.00027721445,-0.00020818676,-0.0006023398,-0.0059619457,-0.0013267685
ZNF703,-0.00013297466,-0.0022135358,-0.004926115,-0.008714885,0.080434926,0.068852425,-0.0024448629,-0.024876174,-0.00015197163,-0.021094652,-0.0059463093,-0.015618706,-0.00018236584,-0.003910235,-0.015714135,-8.652224e-05,-0.0004863095,-2.2079139e-05,-0.0037598696,-0.024502369,-0.0006931561,-0.0013655417,-0.0004183611,-0.0024412526,-0.0036777,-7.768679e-05,0.0009658453,-0.0005078982,-0.0051085353,-0.0011791722
RAB11FIP1,0.0009456655,-0.00047081886,-0.0033003376,-0.01521652,0.19715993,0.009117239,-0.0038263411,-0.06264412,-0.00015966479,-0.035381928,-0.009084548,-0.04163573,-0.0001973086,-0.008356003,-0.033581357,-0.00027913167,-0.0006812192,-6.2683193e-06,-0.004367142,0.01618461,0.00054946984,0.000609599,-0.0014469107,-0.007658303,-0.0067372927,0.0010225158,0.013316895,-0.0012599432,-0.009204573,0.006590151
PLPP5,-3.7977297e-05,0.008405021,0.009863336,0.120662406,-0.0458662,-0.0069206855,-0.002456781,-0.02142076,-3.9071514e-05,-0.00895097,-0.0014783598,-0.015558926,-0.00011305907,-0.0014181869,-0.010736639,-0.0001369273,0.0007185973,0.0001253865,-0.00078221376,-0.017656298,-0.0004856251,-0.00026691167,0.004351652,-0.0009968344,-0.0029271785,-0.0001301111,-0.0012778012,-0.00035360988,-0.0038400842,-0.0002749845
IDO1,-3.0801857e-05,-0.00082812883,-0.0012012715,-0.0024762913,0.0019321585,0.00012838065,-0.0006512393,-0.0052649565,-3.5202174e-05,-0.0048973355,-0.001475848,-0.0038044748,-4.2242526e-05,-0.0010102998,-0.0035398735,-3.168189e-05,-0.00011264692,-3.520214e-05,-0.0009777375,-0.0061559635,-0.00017249059,-0.00033266124,-2.88384e-05,-0.000791166,-0.00085189164,0.023894753,0.010539074,-0.00013200821,-0.0013130414,-0.0003009765
IDO2,0.00058708224,-0.00041937677,-0.00060833705,-0.0013922689,-0.0006952777,2.5610509e-05,-0.00032979666,-0.0030862708,-1.7826758e-05,-0.0026682292,-0.00074738776,-0.0019266312,-2.1392194e-05,-0.00051163125,-0.0013059076,-1.6044212e-05,-5.704599e-05,-1.7826782e-05,-0.0004951406,-0.0031174794,-8.7351305e-05,-0.00016846268,0.0023849087,-0.0004006581,-0.00043140983,0.007762509,0.008645938,-6.6850436e-05,-0.0006649419,-0.0001524197
AP3M2,-0.00014699793,-0.0029601646,-0.0013090576,-0.008991367,-0.07686087,-0.010966363,0.00071638485,0.03815292,0.00037092197,0.08286648,0.014618809,-0.0125892125,0.00050626654,0.009351032,-0.00447303,-0.00011253202,-0.0005442527,-0.00010492019,-0.0031461134,-0.014785073,0.0005325626,-0.0006021545,-0.0005049776,-0.003784286,0.0019337704,0.0003613583,-0.0032564478,-0.0005785869,-0.0033315846,-0.00036253448
CEBPD,-0.00019911925,-0.009404947,-0.013870273,-0.03112244,0.34496665,0.013663069,-0.0061232937,-0.071478225,-0.0003253064,-0.06119425,-0.014102134,-0.045419075,-0.00046535142,-0.011770282,-0.045324292,-0.0002351322,-0.0013926977,-0.00042325573,0.0014570678,-0.023660118,-0.0010937919,-0.0017701945,-0.0014653852,-0.006203155,-0.010073324,-6.5412685e-05,0.012672055,-0.0015421311,-0.010506028,-0.0035283582
MCM4,1.7265113e-05,-0.0005013594,0.0006951331,-0.0024170957,-0.016623989,0.0019458515,-0.0006407849,8.353391e-05,0.0031584017,-0.0020753078,-0.00080717757,-0.0030853304,0.0038361326,-0.0004975048,-0.0014063214,-9.804488e-05,0.0005502207,-2.7253362e-05,-0.0012048343,0.003270102,0.01614172,4.748821e-05,0.0012847828,-0.0014729747,-0.00086399284,0.00020482924,0.0010206385,0.00016408543,-0.00029589795,-0.0004023528
LYN,0.000580979,0.005152495,5.925735e-05,0.014137055,0.23298113,0.07105268,-0.007476726,-0.079748705,-0.0004626968,-0.070034005,-0.019189766,-0.050428007,-0.00045974788,-0.013229051,-0.042411588,-0.00033943888,-0.000101375896,-0.00021940516,-0.011839728,-0.00973076,-0.00021670238,-0.0016565395,-0.000670655,-0.0015660333,-0.011321632,9.904715e-05,0.007586841,-0.0016846639,-0.013065655,0.004204227
SDR16C5,-1.47027395e-05,0.0006645551,0.01977609,-0.0013123272,-0.0060293623,-0.0008189942,-0.00031085807,-0.0029090499,-1.6803206e-05,-0.001737678,-0.0007044703,-0.0013439512,-2.0163763e-05,-0.00048225033,-0.0019768993,-1.5122795e-05,-5.377018e-05,-1.6803184e-05,-0.00046670862,-0.002002942,-8.2335995e-05,-0.00015879101,-6.42723e-05,0.00062395877,0.00027690522,-2.7725315e-05,-0.0004179784,-6.301185e-05,-0.00015092095,-0.00014366797
GGH,2.0271582e-06,0.0008082856,0.0016691845,0.00017778312,0.00020170725,-0.00015024214,-0.00037862852,-0.0050856243,0.0013118085,-0.0064894706,-0.0015141399,-0.0034710693,0.0015656868,-0.00056124694,-0.0027495224,-6.505819e-05,0.00072569906,6.080519e-05,-0.0012613859,-0.0038935677,0.008425602,-0.00021440818,0.005271004,-0.00086351356,-0.00083741953,-1.7961096e-05,-0.00014878385,9.8078046e-05,-0.0010612931,0.008445732
DNAJC5B,-3.405205e-05,0.009052278,0.024859866,0.0041330634,-0.0024394311,-0.0013410164,-0.00047592228,-0.0067374175,-3.8916707e-05,-0.0050764657,-0.001631583,-0.004205903,-4.669979e-05,-0.0011169094,-0.004578546,-3.5025114e-05,-0.00012453308,-3.89167e-05,-0.0010809103,-0.006092245,-0.00019069113,-0.0003677634,0.00032401257,-0.000874654,-0.00068035664,0.00018719789,0.00036366415,-0.00014593749,-0.0014515948,-0.000114627575
MYBL1,-0.0002619437,-0.0065553854,-0.009692422,-0.020386769,-0.124376304,-0.018557567,0.0148926955,-0.047923513,-0.00020334013,0.0020623978,0.013022904,-0.029738843,0.00027935233,0.0012110673,0.06447771,-0.00027040837,-0.0009032172,-0.00023642379,0.020512987,0.14076704,0.0037038755,0.0023818656,-0.0011068013,-0.005582045,-0.006361579,-0.00049569894,-0.007324661,-0.0010641478,0.020182468,-0.0024538923
MSC,2.2112334e-05,-0.00026006618,0.0027558594,-0.0054231,0.02130941,-0.0036720773,0.0056533343,-0.011397493,2.364571e-05,-0.003819404,-0.0011312192,-0.0071555977,0.00019409743,-0.0014360603,0.018861417,3.88335e-06,-0.00024368193,-7.6150136e-05,-0.00030548318,-0.0085773785,-0.0001893951,-0.0007196248,0.00044341417,-0.001456807,-0.0014983033,-0.00012564877,-0.0011216118,-0.0002855649,-0.00031750376,-5.4931206e-05
LY96,0.00015593413,-0.0022580817,-0.004271558,-0.01882132,0.22159262,0.03780317,-0.005541041,-0.039493803,-0.00017996006,-0.02657112,-0.010852413,-0.027154787,-0.00040567957,-0.00729783,-0.03429825,-0.00018052486,-0.0008187363,-0.0002741732,-0.008659549,-0.054221686,-0.0015294148,-0.0028416936,-0.00019392275,-0.00578054,-0.005605959,-0.0001362461,0.0071628154,-0.0003337727,-0.011054775,0.0020614618
STMN2,0.003528607,-0.0002655296,0.0032763295,-0.0008815273,-0.0023204584,-0.0007141928,-0.00020881122,-0.0019540894,-1.1287101e-05,0.0005205948,-0.00047321603,-0.0012198528,-1.354459e-05,-0.00032393946,-0.0013279332,-1.0158373e-05,-3.6118938e-05,-1.1287111e-05,-0.0003134989,-0.0019738423,0.0010030627,-0.00010666334,-4.317353e-05,0.0020602609,-0.00027314905,-1.862375e-05,0.0026718767,-4.232679e-05,-0.00042101133,-9.65048e-05
TPD52,-8.188604e-05,0.01805218,0.020314435,0.07218939,-0.08870503,-0.0132657895,0.00034181747,-0.015467621,3.7685353e-05,0.007991153,0.0046139588,-0.0075726663,6.5262364e-05,0.0016416677,-0.0052921968,-0.00014542941,6.51734e-05,3.940915e-05,0.005877176,0.004647179,0.00068014866,0.0004264184,0.0045175757,-0.003897279,-0.0034045563,0.00032464974,-0.0036314437,-0.00037630743,2.2169193e-05,-7.849198e-06
ZBTB10,0.0003558838,0.0037430264,0.0012255445,0.019466072,0.022624856,-0.005253746,-0.0022857473,-0.0131370155,-0.00015711265,-0.001269766,-0.00088940933,-0.007827626,-0.00015469857,-0.00073110627,-0.009489155,-0.00011944473,0.0002759139,-8.101841e-05,-0.0025106105,-0.0021047292,5.6941633e-05,0.000833467,-0.00075721956,-0.0039633266,-0.0015721043,0.00015926437,0.0012578276,-7.935737e-05,-0.0008257697,0.0032102214
FABP5,0.0012473703,0.0019779955,0.0014998011,-0.008518117,0.02331381,0.0025615175,-0.0010572254,-0.02375333,0.0015748203,-0.01675259,-0.004837232,0.0035425064,0.0014013215,-0.0014878482,0.0039862976,-0.0001661782,0.0019234339,-0.000104314386,-0.0019672546,-0.013424836,0.0037331695,0.001068092,0.00228649,-0.0037573637,-0.0022912563,0.0013497778,0.019833824,0.0021210334,-0.001524554,0.0062206145
CA1,-1.1879113e-05,-0.00031938116,-0.00046329,-0.00048842566,-0.0040350687,0.0006600028,-0.0002511608,-0.0019628373,-1.3576095e-05,-0.0014883716,-0.0005691855,-0.0010035953,-1.629141e-05,-0.00038963798,-0.0015972425,0.010644262,0.0018270884,-1.3576092e-05,0.0002599051,0.0011461374,-6.652358e-05,-0.00012829532,-5.1929e-05,-0.00030512505,-0.0003285433,-2.2400756e-05,-0.00033770932,-5.0910785e-05,-0.000506394,-0.000116076444
CA2,3.131222e-05,-0.0014049552,-0.0025688875,-0.0046812845,0.005642029,0.010724612,-0.0013335072,-0.013837568,-8.759839e-05,-0.012167178,-0.0033866656,-0.008330408,-0.00010511791,-0.0023234177,-0.009725802,0.00014808103,-0.00024380603,-8.7598404e-05,0.00014038692,-0.014093597,-0.0003080632,-0.00075193803,-0.0002256886,0.0625684,-0.001966947,-0.00014453627,0.0024798221,-0.00019608803,-0.003084379,-0.00067939697
RIPK2,-5.9885962e-05,-0.0031489849,-0.0042354367,-0.012873329,0.17014325,0.015828505,-0.00328406,-0.041273676,-0.00025234456,-0.021239474,-0.0061245277,-0.02367105,-0.00020945069,-0.005550526,-0.019472957,-0.00021670765,-0.00018833739,-0.000114979266,-0.0049389265,-0.02341123,-0.00059546984,-0.0013059815,-0.000803043,-0.0050351014,-0.0059578395,-5.205668e-05,0.0058401516,-0.00094662164,-0.0056887357,-0.0011617168
NECAB1,-1.724093e-05,-0.00016467553,-0.0006723983,0.0038214724,-0.0031637985,-0.0012467674,0.00015207264,1.1433647e-05,0.00012131678,-0.000594184,0.0008703977,-0.0009354073,-2.3644661e-05,-0.00021118339,-0.00025499385,0.0001336182,0.0023723163,-1.9703886e-05,-0.0005472748,-0.00028237526,-9.654922e-05,0.00017314572,-7.536745e-05,0.00039060847,-0.00047683445,7.596738e-05,-0.00013066371,-7.388963e-05,0.0005148857,0.00034972312
AC117834.1,-5.837259e-06,-0.00015693862,-0.00022765265,-0.00052101625,0.0079284785,-0.00042211494,-0.00012341568,-0.0011549384,-6.671074e-06,-0.0009984993,-0.00027968647,-0.00072098017,-8.005393e-06,-0.0001914613,-0.0007848606,-6.0040315e-06,-2.1347598e-05,-6.671075e-06,-0.00018528951,-0.0011666099,-3.2688626e-05,-6.304215e-05,-2.5517089e-05,-0.00014993346,-0.00016144168,-1.1007352e-05,-0.00016594437,-2.501676e-05,-0.00024883435,-5.7038123e-05
CDH17,-2.18236e-06,-5.8673904e-05,-8.5111635e-05,-0.0001947894,-0.00029282493,-0.00015781514,-4.6141195e-05,-0.00043179162,-2.4941198e-06,-0.0003733085,-0.00010456583,-0.00026955106,-2.9929417e-06,-7.158065e-05,-0.00029343096,-2.2446925e-06,-7.98116e-06,-2.4941176e-06,-6.927388e-05,0.0006937358,-1.2221104e-05,-2.3569286e-05,-9.539943e-06,-5.605491e-05,-6.0357754e-05,-4.1152825e-06,0.0020650674,-9.352962e-06,-9.3030336e-05,-2.1324639e-05
TP53INP1,-0.00019118593,0.001256141,0.025612265,0.04542162,0.0405736,0.0028356337,-0.0021214515,-0.031279683,-9.3021794e-05,-0.0021551675,-0.002513844,-0.023083493,-0.00023871697,-0.0044212453,-0.014007775,-0.000116446194,0.00070902583,9.1852766e-05,-0.0044173747,-0.021396626,-0.0008123262,-0.0006608221,0.004893948,-0.0026931134,-0.00089725864,-0.00022482201,-0.003039085,-0.00062676286,-0.0049828687,-0.0014211711
PLEKHF2,-5.720477e-06,0.0070904894,0.013561932,0.043457158,0.06394051,0.0034753992,-0.0021104144,-0.028889814,-7.6517776e-05,-0.022400225,-0.006589424,-0.01379698,-0.00020061125,-0.0041582827,-0.012563908,-0.00024552224,-0.00020886232,0.00016342464,-0.003688529,-0.024629787,-0.0005075073,-0.0010857028,-0.00027994433,-0.0032566849,-0.0028244497,4.890414e-05,-0.00025607474,0.00037975697,-0.004144545,-0.00019781827
LAPTM4B,-7.0787246e-05,-0.000738406,-0.0011299639,-0.003965787,-0.019611085,-0.0019720998,-0.0012458516,0.0061870734,2.0689558e-05,0.007933994,0.0012421595,0.0014679093,0.000112168535,-0.0009511672,-0.006733389,-7.281014e-05,0.01072667,0.00015814076,0.0010676087,-0.008306568,-0.00011196901,-7.099631e-05,-0.00016821697,0.015200355,0.0030028946,-3.419255e-05,-0.0010414352,3.6289282e-05,-0.0007653962,-0.00016590963
AP000424.2,-4.8021263e-07,0.0008714876,-1.8728271e-05,-4.286236e-05,-0.00023214931,-3.4726527e-05,-1.0153158e-05,-9.501449e-05,-5.488152e-07,-8.214435e-05,-2.300919e-05,-5.9313665e-05,-6.5857654e-07,-1.5750846e-05,-6.4568114e-05,-4.9393384e-07,-1.7562164e-06,-5.488156e-07,-1.52432685e-05,-9.597491e-05,-2.6892196e-06,-5.1863103e-06,-2.0992466e-06,-1.2334692e-05,-1.3281427e-05,-9.0554147e-07,-1.3651689e-05,-2.0580414e-06,-2.0470694e-05,-4.6924006e-06
KLF10,0.000119536315,-0.006781185,-0.0040770886,-0.025614362,0.28785628,0.008962592,-0.004197461,-0.06125496,-0.00033137505,-0.047786202,-0.0120605165,-0.0361157,-0.00027902768,-0.008309573,-0.02495142,-0.00023270959,-0.00013913542,-0.00012086366,-0.009033175,-0.04008355,-0.00090215396,-0.0017685784,-0.00042685054,-0.006026718,-0.008402187,0.00044352235,0.011684281,-0.0013852011,-0.009795062,0.0010078795
AZIN1,-3.025381e-06,-0.002075417,-0.002946398,-0.01389088,0.12690537,0.0075180293,-0.001683479,-0.025838045,1.4753156e-05,-0.018063914,-0.005388291,-0.01854196,-3.8998238e-05,-0.0043318216,-0.013547806,-0.00023861046,4.9763086e-05,-5.0996277e-05,-0.0045330115,-0.017455144,0.00063569075,-0.0007793811,-1.0888388e-05,-0.002521784,-0.003348735,2.1874643e-05,0.001969918,-0.00012981507,-0.0038113003,0.0021142936
AP003354.2,-6.8626134e-05,-0.0018743037,-0.0033822402,-0.00796567,0.124773465,-2.397666e-05,-0.0021846045,-0.020747462,-0.00012243296,-0.01764095,-0.0048983824,-0.012754147,-0.00014692011,-0.003448989,-0.013418004,-0.000110190944,-0.00035973077,-0.00012243298,-0.0034006056,-0.019975426,-0.00053696596,-0.0011570014,-0.00046831142,-0.0022717328,-0.0029629003,-0.00020201517,-3.7223686e-05,-0.0004591281,-0.0038126782,-0.00022074804
BAALC,-3.113176e-05,-0.0006630037,-0.0009839305,-0.001992021,-0.01453846,-0.0020146023,-0.000658216,-0.0057139117,-3.557931e-05,-0.004803723,-0.0013191006,-0.0038452244,-4.2695003e-05,-0.0008003743,-0.0039668805,-3.2021322e-05,0.010370845,-3.557931e-05,-0.0009882097,0.031011071,0.0015083245,0.0033816707,-0.00013609069,-0.0005075815,-0.00086101715,-5.87055e-05,-0.0006856226,-0.00013342193,-0.0011206501,-0.0003042018
ANGPT1,-4.641967e-05,-0.0012480208,-0.0018103587,-0.003527387,0.032862484,-0.0006512311,-0.0009814425,-0.0083757015,-6.0416905e-06,-0.007365396,-0.0020900841,-0.0053377175,-6.366088e-05,-0.0011916311,-0.0060805245,-4.77459e-05,0.009932822,-5.305092e-05,-0.00147349,-0.008615552,-0.00025994985,-0.0003223753,-0.00020291982,0.010634566,-0.0012838312,-8.7534325e-05,0.0003234137,-0.00019894078,-0.0019788074,-0.0004535868
ATAD2,-8.2574195e-05,0.0017187344,0.0013995317,0.0008299505,-0.025075454,-0.003658459,0.0013494304,-0.0075371778,0.0019024748,0.002950739,0.0007771215,-0.0076245107,0.0016984926,-0.0004896789,0.011461035,-0.00018010515,0.00023598032,6.282441e-05,-0.0011674855,0.009814051,0.011688984,0.00069273525,0.00031922292,-0.0036454683,0.00052036444,3.2967222e-05,-0.0013415306,0.00012712393,0.0041346354,-0.00091396633
MTSS1,-0.00027803978,0.008460132,0.012322813,0.035071403,-0.0027680239,0.07247419,-0.0021425441,-0.047977537,-0.00025211513,-0.03449967,-0.010581269,-0.030888883,-0.00011817766,-0.0074312165,-0.0019123309,-0.00024112874,-0.0007528541,-0.00024782048,-0.0079213055,0.037896298,0.00070894696,-0.0023036005,-0.0009238744,0.0024857246,-0.0070550763,-0.000496206,-0.0052984837,-0.0004406939,-0.0023676313,-0.0025215528
TRIB1,3.6388792e-05,-0.0026019975,-0.004177925,-0.012015196,0.1492473,0.015731068,-0.0030432127,-0.0286932,-2.2365051e-05,-0.024155103,-0.0064359405,-0.017738804,-0.00021335064,-0.00478173,-0.019261902,-8.033183e-05,-0.000530056,-0.00011866461,-0.0043197405,-0.028123908,-0.00080035307,-0.00159741,0.0029541948,-0.0033189894,-0.0024455353,-0.00018544753,0.0039134356,-0.00053757307,-0.005993412,-0.00068999204
AC087667.1,-2.5650022e-06,-6.896208e-05,-0.00010003545,-0.00022894533,-0.0012399972,-0.00018548724,-5.4231827e-05,-0.00050750363,-2.9314422e-06,-0.00043876245,-0.00012290094,-0.0003168159,-3.5177238e-06,-8.413217e-05,0.0020514538,-2.638299e-06,-9.380574e-06,-2.9314433e-06,-8.1421116e-05,0.0018149789,-1.4364016e-05,-2.7702166e-05,-1.12127755e-05,-6.5884036e-05,-7.0940965e-05,-4.836921e-06,-7.291926e-05,-1.09929215e-05,-0.000109342865,-2.5063742e-05
MYC,-0.00022180393,0.010304134,0.0020666614,0.019905772,-0.07213293,-0.012230934,-0.0023895437,0.057770126,-6.814511e-05,0.026080063,0.005607244,0.028186386,-0.00015185085,0.0029389393,-0.020574436,-0.00012832665,0.0005985421,-3.0994237e-05,0.006255624,-0.03660074,-0.0008159348,-0.0015425552,-0.0002559017,-0.004403184,0.004315591,-0.00022904748,-0.0049319523,-0.00038179973,-0.0048717964,-0.0020675382
ZFAT,0.00074123015,0.0015554703,0.0005346264,-0.00041429355,5.5134158e-05,0.0011884589,0.00018350287,-0.006998339,2.0367406e-05,-0.008483738,-0.0015931807,-0.004601677,-2.490791e-05,-0.0019139855,-0.0030885944,-9.587269e-05,-0.00014744756,-0.00010652464,-0.0018801572,-0.0032895338,-9.323444e-05,6.1232124e-05,0.00047635916,-0.0018908053,-0.0010652875,-2.383176e-05,0.00013797144,-0.0003994652,-0.00075556326,0.031911943
LYPD2,-1.2078047e-05,-0.0007869994,-0.0014110628,-0.0038514987,-0.020082414,0.072490446,-0.00088627386,-0.008093811,-5.8002304e-05,-0.0077650477,-0.0019850424,-0.005148897,-6.96031e-05,-0.0015286746,-0.0054962058,-5.2202322e-05,-0.00018560834,-5.8002333e-05,-0.0015353404,-0.00786856,-0.00022469039,-0.00046277815,-0.00017981301,-0.0007526316,-0.0013203503,1.1201512e-05,-0.0010077042,-2.2885155e-05,-0.0012677365,-0.0003880095
LY6E,-0.00017157524,-0.001517167,-0.0072118538,-0.01661868,0.009884747,0.044071537,0.0019919642,-0.046349145,0.00038079263,-0.01552092,-0.0015913779,-0.021933297,0.0007150605,-0.0024659878,0.00921929,-0.0003724754,-0.0010410353,0.00014755683,-0.00244578,0.06572728,0.0022859892,0.003371586,-0.0009002924,-0.010300137,-0.0055393977,-0.00036697768,-0.0004704612,-0.0010766783,0.0016712035,-0.0035736866
TOP1MT,0.0003674958,0.002898793,-0.00019151808,-0.0046172496,0.054504838,-0.0049217823,-0.0025098035,6.791659e-05,-0.00014688705,-0.008584569,-0.0028191293,0.005686273,-5.9002115e-05,-0.0011786828,-0.010890855,-9.6026626e-05,0.00036376988,-0.00014094712,-0.003489216,-0.027113264,-0.0008527929,-0.0016780214,-0.00050368166,-0.0032567524,-0.0011322954,0.0009786407,0.011494487,-0.00036471756,-0.003434911,0.0016200739
GRINA,0.00033451445,-0.0040426813,-0.0069258385,-0.015197881,0.2442576,0.025935855,-0.0048580873,-0.044100016,-0.0003100588,-0.042359125,-0.011913115,-0.02789843,-0.00033871146,-0.008027773,-0.030741626,-0.00013397528,-0.00046388106,-0.00024822445,-0.007922911,-0.039721753,-0.00137466,-0.0023940539,-0.0009972879,-0.006390448,-0.006983896,-8.0722e-05,0.0021242495,-0.0010142309,-0.009496645,0.0012839632
JAK2,0.00041993134,-0.0016513163,-0.00477361,-0.0107238265,0.17202276,0.020180162,-0.0029956724,-0.045484293,-6.364451e-05,-0.033069596,-0.007945467,-0.02774783,1.7675293e-05,-0.005947191,-0.019024057,-0.00026098426,-0.0005049544,-0.00016452701,-0.00635094,-0.024298472,-0.0007597236,-1.8489385e-05,-0.00018265223,-0.00052366714,-0.0064057005,0.00029163386,0.012951414,-0.00084450014,-0.006705638,0.0005635255
CD274,-5.0157785e-05,-0.00014176745,-0.00057819585,-0.0026693046,-0.015349159,-0.002167323,0.0009947624,-0.0012324429,6.1355015e-05,0.0124550555,0.0023548743,-0.002565936,1.8468016e-05,0.0010488274,0.006048071,-5.159099e-05,3.264119e-05,-5.7323083e-05,0.00012179857,0.0007137895,0.00021886366,-9.3710914e-05,-3.7894737e-05,0.0002766646,-0.0003597186,-9.4582916e-05,-0.00097454374,0.00016465744,0.0021284446,-0.0002146971
GLDC,-2.4063685e-05,0.0008679514,0.001169375,-0.0009286869,-0.01065127,-0.0012199061,-0.00050877675,-0.0041990103,-2.7501586e-05,-0.0012013237,-0.0011529966,-0.0009211954,-3.300159e-05,-0.00020611702,-0.0032355324,-2.4751376e-05,-8.800463e-05,-2.7501546e-05,-0.00076385203,-0.0012258326,0.0003532571,-0.00025988778,0.022180047,0.0018646216,-6.4058346e-05,-4.537736e-05,8.7724686e-05,-0.00010313002,0.0006238866,-0.00023513717
MPDZ,-7.654153e-06,-0.00020578652,-0.0002985116,-0.000683183,-0.0033073097,-0.0005535001,-0.0001618285,-0.0015144225,-8.747496e-06,0.0012937849,0.0005079397,-0.00094539596,-1.04971095e-05,-0.00025105535,0.00012229464,-7.872797e-06,0.005723629,-8.747498e-06,-0.00024296317,-0.00054705417,0.0005549853,-8.266399e-05,-3.3459506e-05,-0.00019660144,-0.00021169071,-1.4433488e-05,-0.00021759534,-3.28034e-05,0.0014159306,-7.479151e-05
FREM1,-4.559653e-06,-0.00012258999,-0.00017782631,-0.00040698436,-0.002204274,-0.00032972707,-9.640477e-05,-0.0009021653,-5.2110504e-06,-0.00077995955,-0.00021847301,-0.00056318,-6.2532254e-06,-0.00014955782,-0.00061307807,-4.689919e-06,0.0083807465,-5.2110495e-06,-0.00014473613,-0.0009112761,-2.5534151e-05,-4.9244663e-05,-1.9932164e-05,-0.00011711747,-0.00012610723,-8.5982565e-06,-0.00012962476,-1.9541269e-05,-0.00019437278,-4.4554603e-05
PLIN2,-0.00017288861,-0.0037665097,-0.0061480477,-0.018590119,0.0763944,0.024855644,0.0011656998,-0.01192739,0.00023874361,-0.005024116,-0.002367437,-0.00818316,0.0003466567,-0.0036285275,-0.0029651818,-0.0002144223,-0.00051285373,-0.000114753486,-0.0011481227,-0.022118554,-0.00033589065,-0.0021060817,-0.0004220305,-0.0053680367,-0.0040063006,-0.00030294812,-0.0011209663,0.00029095446,-0.00041107732,-0.0023368997
IFNB1,-1.1950238e-05,-9.2082606e-05,-0.00046605963,-0.0010666389,0.0074221063,0.0064294487,-0.00025266194,-0.0023644387,-1.365733e-05,-0.0020441625,-0.0005725846,-0.0014760195,-1.6388818e-05,0.00023173196,-0.0011431427,-1.2291527e-05,-4.370358e-05,-1.365733e-05,-0.00037933319,-0.0023883316,-6.6921246e-05,-0.00012906206,-5.22396e-05,-0.00030694858,-0.0003305087,-2.2534503e-05,-0.00014052833,-5.121532e-05,-0.00050941797,-0.000116770025
C9orf72,-7.470201e-05,-0.003924642,-0.006537644,-0.01440971,0.23429438,0.0384417,-0.0054498725,-0.04330372,-0.00032764894,-0.03855528,-0.0105906455,-0.027573599,-0.00031979088,-0.00722535,-0.03133319,-0.00017732503,-0.0007843324,-0.00030849836,-0.006905455,-0.050074447,-0.001313698,-0.002572591,-0.0011927491,-0.007125498,-0.0065730377,4.6768746e-05,0.005234743,-0.0010328863,-0.008772738,-0.0015582708
AQP3,-0.00018819715,-0.005166461,-0.0072438475,-0.0174318,-0.09835171,-0.014500677,-0.0011101948,0.031232383,0.0010494716,0.1138958,0.022588566,0.009219282,-0.00017399943,0.006862237,-0.01525764,-5.8129688e-05,-0.0007056555,0.00017477592,0.019782392,-0.03616614,-0.00109195,-0.0017496704,0.0044668256,-0.0049704597,0.0057690544,-0.00035304073,-0.0056986567,0.0008169511,-0.004527378,-0.0011118858
ENHO,0.0004004724,-0.0018708624,-0.002629692,-0.005487082,-0.016471831,0.014635021,-0.0011803589,-0.012680461,-7.952583e-05,-0.011018781,-0.0027831823,-0.008107722,-1.3641831e-05,-0.002199541,-0.008922787,-7.157373e-05,-0.0001238649,-7.952579e-05,-0.0018891523,-0.012054935,-0.00030058055,-0.0007515268,-0.00030418835,-0.001453214,-0.0018031127,9.8010096e-05,0.080921315,-0.00029822413,-0.0027995366,-0.00067995006
CCL19,-1.3640784e-05,-0.00036674304,-0.00053198886,-0.0012175413,0.010158459,0.00075238565,-0.00028840447,-0.0026989172,-1.5589438e-05,-0.0012385611,-0.0006535852,-0.0010341151,-1.870741e-05,-0.00044741834,-0.0009774411,-1.4030431e-05,-4.9886483e-05,-1.5589427e-05,-0.00043299698,-0.0017733524,-7.6388635e-05,-0.00014732094,-5.9629583e-05,-0.00035037516,-0.00037726387,-2.572267e-05,0.0026875783,-5.846045e-05,-0.0005814881,-0.00013328914
CD72,0.00037979736,0.023493962,0.0025972023,0.10216727,-0.04268163,-0.007053606,-0.0013695821,-0.021014513,-2.733119e-05,-0.01701311,-0.0043702954,-0.012545663,-1.5286738e-05,-0.003044602,-0.011312312,-0.00012092258,-0.000319656,-8.747504e-05,-0.0020003095,-0.002525112,0.00033918643,-3.1281783e-05,-0.0004619444,-0.0025613846,-0.002575492,0.00042880536,0.003963809,-0.00041277314,-0.0020530487,0.00022750371
TPM2,0.0018160612,-0.0017847848,-0.0023921286,-0.006067558,-0.031514503,-0.005338038,-0.00031187714,0.006948541,-5.8843758e-05,0.003777049,0.0016791581,-0.0026546703,-0.00010255724,-0.00024592737,-0.0022838032,-9.422518e-05,0.00018825597,1.6414478e-07,0.0022909911,-0.004726364,-0.00016779292,0.00041598896,-0.0002652598,0.0006212215,-0.0005773782,-0.000107945234,-0.0015669361,-1.39622425e-05,0.00045189026,0.042085316
RECK,3.9876777e-05,-0.0015579356,-0.0020451697,-0.0024540126,0.008202748,0.003330198,-0.00016640958,0.0060510063,3.1745396e-05,0.001322592,0.0006311125,-0.0028999944,7.399554e-05,3.4601726e-06,-0.00163345,-5.3026564e-05,0.00015178768,-2.4936571e-05,-0.0011640699,-0.0020901728,-3.3791814e-06,-9.834822e-05,-0.00043377874,-0.002812916,-0.00042856883,-0.00021241452,-0.0012582854,-9.0792506e-05,-4.26944e-05,-0.00036813028
MELK,-2.6057329e-05,0.0006362493,-0.0007279683,-0.0011862747,-0.006917738,-0.0014720998,-0.00018770227,-0.0037557054,0.0036825633,-0.0020895384,-0.0012485204,-0.0017274186,0.003011313,-0.0008546818,-0.0012468505,-2.6801836e-05,0.00020633676,-2.9780043e-05,-0.000827138,-0.0014355296,0.016449671,6.3559055e-05,0.0021038041,-0.0006693015,-0.00072067353,-4.9136986e-05,-0.000634478,0.00013343587,-0.00079533615,0.00034175298
PAX5,-0.00012306137,0.032149453,0.03438371,0.12904134,-0.056337386,-0.008542601,-0.0024858383,-0.02325999,-0.00014064176,-0.020063067,-0.005757333,-0.014341798,-0.00016876978,-0.00400115,-0.015632562,-0.00012657752,-0.00039117248,-0.00014064177,-0.0037215536,-0.022619328,-0.0006551483,-0.001230439,-0.00020531054,-0.0024906935,-0.0032984868,-0.00023205888,-0.0031666227,-0.0005274039,-0.0047440445,-0.0011706151
MAMDC2,-1.1988003e-05,-0.00032230432,-0.00046753456,-0.0010700218,-0.0036671543,-0.000433843,-0.0002534613,-0.0017061945,-1.3700497e-05,0.0009485213,7.222241e-05,-0.0014806895,-1.6440716e-05,-0.00039320506,0.001233702,-1.233046e-05,0.0111244535,-1.3700537e-05,-0.0003805334,-0.0018166963,-6.7132685e-05,0.00048289192,-5.240452e-05,-0.0003079201,-0.00033155206,-2.2606e-05,-0.00034080035,-5.137704e-05,-0.00051103113,-0.000117139454
ZFAND5,-3.80492e-05,-0.0044496804,-0.00711387,-0.020358274,0.22914344,0.0449513,-0.00507434,-0.052540727,-0.0001956058,-0.040806126,-0.011649027,-0.03283514,-0.00011738209,-0.008292497,-0.02780808,-0.00028591588,-0.00053055515,-0.00014665094,-0.005607126,-0.033858623,-0.0005166726,-0.0016155343,-0.00089254964,-0.005816762,-0.0073863426,-4.224425e-05,0.005585844,-0.0007597835,-0.009293014,-0.001650422
ALDH1A1,-0.00016683065,-0.0042189904,-0.005840085,-0.013591227,0.20743382,-0.008572074,-0.0032592935,-0.03147493,-0.0001585987,-0.027557647,-0.007694589,-0.019752784,-0.0002287976,-0.0052539622,-0.021375678,-0.00013771866,0.0023982394,-0.00019066369,-0.0051088873,-0.030597813,-0.00082242565,-0.0016407361,-0.0007062896,-0.0034346743,-0.0044404515,-0.00027836743,-0.0044653364,-0.0006835235,-0.006630468,-0.0015486366
ANXA1,8.7074724e-05,-0.017360322,-0.025368338,-0.056251623,0.16471268,-0.0026144958,0.0069725565,-0.075378545,0.00015730127,0.020247802,0.009403219,-0.06584196,0.0006319621,0.0036979087,0.024752187,-0.00047287132,0.0008037537,0.00050931674,0.003865451,0.028218731,0.00075777736,0.0010442713,-0.0030028315,-0.010982477,-0.016585242,-0.00044389354,0.011977361,-0.00088025484,0.0034551546,-0.0061118193
CEP78,-3.608635e-05,-0.0033665656,-0.004620278,-0.01155663,-0.09574765,-0.010292256,0.0037087295,-0.0316197,0.0004028584,-0.022687962,-0.006664862,-0.014377295,0.0006282879,-0.0037648836,0.048524946,-0.00024750433,-0.00029641093,-0.00014334722,-0.0039024097,0.14938842,0.0047321725,0.0043764124,-0.00068649027,-0.0045293174,-0.0027193956,-0.00030063867,-0.004689611,0.00036922426,0.0108858915,-0.00076737226
FRMD3,-7.649109e-05,-0.0016844238,-0.0020189174,-0.0055239457,0.033361077,0.0070354217,-0.0016172493,-0.014023955,-8.7418666e-05,-0.011174198,-0.0032000425,-0.008216557,-0.000104901876,-0.0023471985,-0.009196059,-7.867693e-05,-0.00027973895,-8.7418695e-05,-0.002258999,-0.0096215615,-0.00026824637,-0.0006792016,-0.00033437597,0.039443206,-0.0012620736,-3.616374e-05,-0.0018213646,-0.00032781827,-0.00280908,-0.0007035395
CTSL,-0.00014848159,-0.0037184963,-0.005590147,-0.012579157,0.03198793,0.10451504,-0.0027719075,-0.0028236823,-0.0001154735,-0.013513859,-0.004466696,-0.015899733,-0.00020363247,-0.0038389522,-0.018428562,-0.00015272385,-0.0005217032,-0.00016969151,-0.0045690006,-0.026970895,-0.0007792508,-0.0016036042,-0.00064907817,-0.003201858,-0.0033730757,-0.00022789024,-0.0024298786,-0.0005405066,-0.005784857,-0.0014298545
C9orf47,-7.823823e-05,-0.0019311804,-0.0029780269,-0.0067802607,0.1018426,-0.0050538955,-0.0016541868,-0.014769771,-9.170458e-06,-0.013260608,-0.0037487433,-0.009276597,-0.000107298765,-0.0025662198,-0.01001716,6.3341045e-05,-0.00028612898,-8.941531e-05,-0.0023492507,-0.014693833,-0.0004381342,-0.000722534,-0.00034201247,-0.0018889959,-0.0021638442,-0.00014753586,-0.002118248,-0.0003353066,-0.003335199,-0.0007644997
S1PR3,-0.00012702185,-0.0033184022,-0.0048884996,-0.010777338,0.16268343,-0.0075717648,-0.002622581,-0.024005217,-0.00014516868,-0.020984909,-0.0060175513,-0.014903402,-0.00015066797,-0.004166323,-0.015965942,-8.275551e-05,-0.00046453674,-0.0001451687,-0.0037636764,-0.02357499,-0.0006076126,-0.0013718364,-0.0005299808,-0.002542118,-0.0035130712,-0.00023952706,-0.0034989351,-0.00054437865,-0.005001773,-0.0011579182
CKS2,0.00013453122,0.0024572148,0.0020176624,-0.0018807313,-0.001698771,0.0023409834,-0.00013617742,-0.015538331,0.0028247503,-0.004281126,-0.0021268425,-0.007809579,0.0012518051,-0.0021348407,-0.00046558282,-5.918562e-05,0.0038497907,-2.8177437e-05,-0.0010144573,0.0047620446,0.0064485115,-0.0001683879,0.002346901,0.00030215975,-0.0015429679,0.0012934079,0.0026068287,-0.00010300727,0.0005442558,0.005807256
GADD45G,-4.057755e-05,-0.0009894563,-0.0011625345,-0.0027951219,0.027966354,-0.0016026663,-7.679614e-05,-0.0067811315,1.5706424e-05,-0.002193881,-0.00051930855,-0.0040499754,-5.5649074e-05,-0.0010049351,-0.0040028244,-4.1736555e-05,0.0009415259,0.00033089195,-0.0010850345,-0.004602292,7.3128984e-05,-0.00027293875,-0.00017738123,0.0040538446,-0.00043903687,-7.651744e-05,-5.3580185e-05,-0.00017390244,-0.0011006307,-8.3605584e-05
SYK,0.0005077247,0.01301708,0.005919495,0.014608212,0.21483788,0.01545813,-0.0063897455,-0.061983448,-0.0003496238,-0.054387063,-0.014692368,-0.039315756,-0.00035568542,-0.0102842,-0.039913464,-0.00022647256,0.00013626128,-0.00037903438,-0.010198514,-0.018579511,-0.00020155263,-0.00036794014,0.00062199915,-0.004124878,-0.008834633,0.00063810125,0.013153177,-0.0014213762,-0.012973754,0.0060807588
NFIL3,-0.00012934078,-0.0036998936,-0.005020268,-0.016645415,0.13771783,0.0022559327,-0.002061905,-0.03960691,-0.00019704626,-0.03173108,-0.0077610114,-0.025075901,-0.00010468107,-0.00596786,-0.007942991,-0.00020076966,-6.890714e-05,8.486718e-05,-0.0011835473,0.018901546,0.00065334234,-0.001718121,-0.00037946695,-0.0038724153,-0.0057220724,-7.285516e-05,0.0040693297,-0.0005394163,-0.002461057,-0.0015198811
NINJ1,-0.00022992906,-0.007923547,-0.011113159,-0.026387619,0.25262114,0.03970105,-0.005825708,-0.046232298,-0.00029320954,-0.038915228,-0.010344168,-0.028043674,-0.0003148557,-0.0075154807,-0.028073242,-0.00023347019,-0.0010938768,-0.00011154183,-0.005716339,-0.045045223,-0.0012826342,-0.0026367013,-0.0012030076,-0.0036292374,-0.0070157517,-0.0005115697,-0.0004973004,-0.0012425882,-0.008179406,-0.0027119238
FBP1,4.3158947e-05,-0.0056342836,-0.0076463073,-0.017403167,0.15181717,0.045519307,-0.004516322,-0.030131832,-0.0002747725,-0.03392323,-0.009012529,-0.020001447,-0.00032972606,-0.006509906,-0.025836073,-0.0001806405,-0.00073688943,-0.00020467814,-0.0046787676,-0.021219531,-0.0005954242,-0.0015058086,-0.00095147616,-0.00458555,-0.005752464,0.00050478906,0.012048458,-0.00080124923,-0.0076730675,0.00017194693
CTSV,0.0040847715,-0.00047691338,-0.0006918031,-0.0015832941,-0.0069552385,-0.00059246545,0.00013833892,-0.0035097091,0.00037104098,-0.0030343137,-0.00084992935,-0.0021909622,-2.4327164e-05,-0.0005818247,-0.0018577757,-1.824543e-05,-6.487262e-05,-2.0272575e-05,-0.0005630747,-0.003545195,-9.933608e-05,-0.00019157698,0.000706758,-0.00045562623,-0.00049059786,0.00039181777,0.011532409,-7.602252e-05,-0.00075617136,0.011404415
HEMGN,-6.3522675e-05,-0.001596797,-0.0022174818,-0.005379914,-0.027139364,-0.004267028,-0.0009760171,0.015482878,-3.5355126e-05,-0.00019153401,-0.0006451832,0.00335632,3.3669618e-05,0.00035732696,-0.0061018914,0.0011611463,0.005093819,-7.259789e-05,-0.001097625,-0.010932369,0.00014303937,-4.465245e-05,-0.00027768445,0.03894532,0.00020389815,-0.00011978596,-0.001719344,-0.00017605646,-0.0013026418,-0.00042050166
SEC61B,0.0009189887,-0.002620553,-0.0064170486,-0.024804823,0.07751882,0.006416924,0.00035724137,-0.05487782,0.000589984,0.0013372264,0.0027621652,-0.030941974,0.00029306818,0.0012300005,-0.0014592821,-0.00048344396,0.00039172568,0.00021960554,0.004649168,0.014635962,0.0005497192,0.0003289576,0.005013165,-0.0114920875,-0.0070838663,0.0006116993,0.00980115,-0.00037095588,-0.00049244886,0.013418841
NR4A3,-7.7549164e-05,0.00060650194,-0.002356302,-0.0055366834,0.047515333,-0.0010837953,-0.0014904232,-0.014562113,-8.862832e-05,-0.009684625,-0.0024865388,-0.0089029195,-0.00010635333,-0.0014707949,-0.0056368434,-7.976531e-05,-0.00028360885,0.00011628964,0.0013002645,-0.006681802,-0.0004342745,0.0014653446,-0.0003390003,-0.0010255156,-0.002012299,-5.0167582e-05,0.012947877,-0.00033235396,-0.0013933443,0.0021641334
TMEM246,-1.1573284e-05,-0.00031115543,0.00012176792,0.0003323777,-0.0027880876,0.00011070299,-0.00024469153,-0.0011518659,-1.3226569e-05,-0.0014744536,-0.00055452494,-0.0004903804,-1.5871807e-05,-0.00037960103,-0.0015560936,-1.1903896e-05,0.011404652,-1.3226552e-05,-0.00036736936,-0.00072087575,-6.480989e-05,-0.00012499077,-5.0591723e-05,-0.00029726568,-0.00032008308,-2.1823615e-05,-0.00032900964,-4.9599566e-05,-0.00049335003,-0.00011308632
SMC2,6.56872e-05,0.0011044852,0.00030916044,7.6956414e-05,-0.03428726,0.008873112,0.0008099123,-0.0054987376,0.0022122338,-0.007350592,-0.0014511584,-0.00063083484,0.0023272368,-0.00064819504,0.0029734774,-0.00010063799,0.0005459572,0.00017354604,-0.0013471573,0.02129997,0.010201313,0.0011389888,0.0004788793,-0.0029395295,-0.0008657953,-0.00016056748,0.0010718927,5.1846062e-05,0.0005673651,0.0009983126
ABCA1,-5.04993e-05,0.0006358117,-0.0011640838,0.008933407,0.11639692,0.011274472,-0.0028191395,-0.020204918,-0.00016294779,-0.020800011,-0.0057881377,-0.016253386,-0.00019553823,-0.0037949618,-0.017214572,-0.00014665352,-3.2369062e-05,0.00020693042,-0.0035426158,-0.026587576,-0.00079844694,-0.0013400225,-0.0005572278,-0.0031083578,-0.0037719798,-7.9094825e-05,-0.0019336572,-0.0006110506,-0.005460206,-0.001029862
ZNF462,-2.8166469e-05,-0.0007572757,-0.0007100995,-0.0022261865,-0.012920421,-0.0018018216,-0.0004010904,-0.0030737403,-3.2190335e-05,0.02633251,0.0049979547,-0.002870739,-3.862822e-05,0.0014049367,-0.0032781556,-2.897112e-05,0.00035806897,0.00023629257,0.0015038596,-0.0050552557,-0.00015773145,0.0004759169,-0.00012312805,-0.0007234734,-0.0004533393,0.0009604309,-0.00080073293,-0.00012071354,-0.00039279176,-0.00027522648
KLF4,0.0008471288,-0.005862902,-0.00836299,-0.01809832,0.22326729,0.033061855,-0.0042898166,-0.04276827,-0.00024343641,-0.038339216,-0.010342326,-0.02760933,-0.00029011545,-0.007160953,-0.029252399,-8.941443e-05,-0.00076375605,-0.00017022419,-0.006804452,-0.042825613,-0.0012561327,-0.0021825908,-0.0009883395,-0.005005589,-0.0061759627,-8.875607e-05,0.013559165,-0.0009573462,-0.009125705,-0.0016807894
CTNNAL1,-5.449236e-05,-0.0012270786,-0.0012840184,-0.0040852386,-0.015325814,-0.0026536374,3.778223e-05,-0.0050151697,0.0016091,-0.0020993557,-0.0004123856,-0.0024575435,0.0023007246,-0.00048505253,-0.0029838916,0.00041546856,0.0006231948,-6.227653e-05,0.001025098,-0.0031000464,0.009071619,-0.00037256232,0.0011072198,0.026467375,0.0001937787,0.00015420746,-0.00068176584,5.6469493e-05,-0.00056946476,-0.00019216527
C9orf152,-8.200382e-06,0.0016453263,-0.00031981582,0.0013085754,-0.0039642784,-0.00059300405,-0.00017337897,-0.0016225034,-9.371881e-06,-0.0014027407,-0.00039291361,-0.0010128557,-1.1246195e-05,-0.0002689721,-0.0011026006,-8.434653e-06,0.0023019752,-9.371899e-06,0.0017387066,0.003475318,-4.5922006e-05,-8.856339e-05,0.00078820484,-0.0002106323,-0.00022679998,-1.5463555e-05,0.0006937815,-3.5144512e-05,-0.00034956814,-8.0129714e-05
TXN,0.0013301724,-0.0058387145,-0.006417885,-0.030712543,0.109429784,-0.0005025252,0.0027987242,-0.047064345,0.00088613026,0.0051819696,0.001664427,-0.03715155,0.00071922765,-0.0019829127,0.0022614165,-0.00020892039,0.0030512428,0.00017155118,-0.0025882772,-0.011978387,0.0015797105,-0.00037712025,0.0017515776,-0.00553722,-0.0038886154,0.001053452,0.012758029,-0.00041566612,-0.0032480543,0.013275075
UGCG,0.0019429205,0.006979346,0.005705925,0.010372094,-0.03966868,-0.0047370098,-0.0014040708,0.0009958914,8.091424e-05,0.007380365,-6.5914675e-05,-0.0064382474,-9.0575944e-05,-0.00069810194,-0.0032074994,-0.00015081016,-0.00057973823,0.00021621368,-3.0130519e-05,-0.011201941,-0.00047431974,-0.000329141,4.047294e-05,-0.0040802234,0.0035102763,0.00013021583,0.0030387037,9.776479e-05,-0.0008562248,0.03352139
SLC31A2,-0.00013567893,-0.0054535773,-0.0076674502,-0.018163182,0.1895095,0.047874376,-0.003936355,-0.03923589,-0.00022203046,-0.03297575,-0.008768394,-0.024241045,-0.00030410185,-0.006412702,-0.025746748,-0.00017752833,-0.0006038923,-0.00020556938,-0.0056004836,-0.038847923,-0.0010715998,-0.0019754455,-0.00083299837,-0.004373,-0.005520102,-3.5196455e-05,0.0054922635,-0.0008347583,-0.0077734096,-0.0017618363
TLR4,-0.00016729806,-0.0055872044,-0.008204383,-0.018854627,0.2537202,0.02346167,-0.0045932573,-0.044095654,-0.00024127567,-0.03834837,-0.01074072,-0.027736543,-0.00032098344,-0.007511408,-0.029387,-0.0001746877,-0.00077766145,-0.00026748414,-0.007336278,-0.04411857,-0.0013106791,-0.002420513,-0.0009851143,-0.0046735615,-0.006257167,-0.00044135138,-0.00028296793,-0.00096555403,-0.009297857,-0.002083833
MEGF9,-9.8198005e-05,-0.0060003037,-0.009945589,-0.022378314,0.28500247,0.0037143107,-0.004209617,-0.050107233,-0.00019406235,-0.04136724,-0.0118298875,-0.032434978,-0.00019789336,-0.008121544,-0.025962008,-0.00019093142,-0.00091608433,-0.00025762196,-0.008412924,-0.03522924,-0.00064882764,-0.0023763059,-0.0012214744,-0.00636924,-0.0076854127,-0.0005127535,0.00051311275,-0.0010697654,-0.008921703,-0.002570024
GSN,0.00080330897,-0.0028286648,-0.00068465294,-0.0152642075,0.08543472,-0.0014815057,-0.0036012225,-0.03817065,-0.00018969856,-0.032225538,-0.008941056,-0.0237011,-0.00014001473,-0.006038216,-0.022458037,-0.00016501009,0.0008438509,0.00018162547,-0.005975172,0.024520574,0.0006174939,0.00432316,-0.0006990206,0.020282932,-0.0052676625,0.0010090139,0.028094076,-0.0006301451,-0.007630879,0.009981927
STRBP,0.00013139768,0.022026194,0.025327127,0.08864031,-0.07402234,-0.010872981,-0.0026357805,-0.0004135388,0.00013562563,-0.003669651,-0.0022340536,1.8830433e-05,-5.4238364e-05,0.00013421525,-0.013401974,-0.00017490017,0.001026478,0.00017330336,-0.0009484908,-0.026672525,-0.00021665152,-5.357658e-05,0.0015315784,-0.0032164776,-0.0016370375,0.00022166227,-0.0034500267,-0.00019799266,-0.0041731256,0.008678425
HSPA5,0.00016859142,-0.0052847727,-0.008006262,-0.02097828,0.032517623,-0.0039639194,0.00048597486,-0.04113732,8.680539e-05,-0.0096193245,0.0020075087,-0.0270267,0.00024773745,-0.00079421944,0.016431328,-0.00043913018,-0.00048147666,-9.570461e-05,0.0059415335,0.057816725,0.0015126376,0.000804496,0.0052609104,-0.010759515,-0.0049522943,0.00039726065,0.0017915766,-0.00077024224,0.0055062394,0.0033322917
ZBTB43,-0.00011483424,-0.0013663437,-0.0022227536,-0.006953919,0.07972922,0.004233205,0.0005884866,-0.026773425,2.6662361e-05,-0.014558739,-0.0020510103,-0.014529377,0.00024557754,-0.002445956,-0.0010708495,-0.00015241021,-0.00015967753,1.7899982e-05,-0.00012772276,-0.0023879907,0.00013961038,6.089327e-05,-0.0002573264,-0.0043712915,-0.0034736893,-0.00011980124,0.00011957279,-0.00040620714,-0.0007123796,-0.00090552954
ENG,-7.2758565e-05,-0.003518993,-0.005165759,-0.008427795,0.09118407,0.013490355,-0.002418417,-0.01766931,-8.911299e-05,-0.016950242,-0.004401671,-0.009859466,-0.00018966147,-0.002532241,-0.010695935,-0.00016850441,1.1371131e-05,-0.000117277996,-0.003038112,-0.009386626,0.00016041455,-0.000262974,-0.00063721446,-0.0032269282,-0.003184373,-8.3347e-05,0.0018216559,-0.0004954635,-0.003393309,-0.0006824148
LCN2,-4.0676616e-05,-0.0009668788,-0.0010795026,-0.0030890484,-0.01076809,-0.0021204897,-0.00076517556,-0.007444284,-4.6487537e-05,-0.0064313747,-0.001810501,-0.004507457,-5.5785367e-05,-0.001334191,-0.004771694,-4.183857e-05,-5.0505038e-05,-4.648758e-05,-0.0010423216,-0.007137998,-0.00022778877,-0.00023976424,-0.0001778149,0.058188036,-0.0011250018,-7.6704826e-05,-0.0011190091,-0.0001743285,-0.0015212501,2.4327903e-05
IER5L,-0.00017657374,-0.0043016444,-0.0062755668,-0.014212313,0.13611506,0.014229999,-0.0009466014,-0.03244306,-0.00015177632,-0.025783755,-0.0063396045,-0.01922965,-2.2596958e-05,-0.0037600992,-0.0053643784,-8.420604e-05,-0.0002285198,0.00020730695,-0.0016879778,-0.02335087,-0.00076558295,0.0011191176,-0.0006386556,-0.003366517,-0.0044090827,-0.0002068905,0.003608868,-0.00051147334,0.0004308122,-0.0014540468
AL391056.1,-1.650201e-05,-0.00044366682,-0.00031951582,-0.0014729158,-0.006002917,-0.0009137311,0.00023775948,-0.0023222235,-1.8859364e-05,0.002900568,0.0023364138,-0.0005137138,-2.2631382e-05,0.0051752785,-0.0018095471,-1.6973494e-05,-6.0349834e-05,0.00069235696,0.00015217527,-0.0021937222,-9.241117e-05,0.004913935,0.0018572126,-0.00042386397,-0.00045639547,-3.111805e-05,-0.00046912886,-7.072302e-05,-0.00070346094,0.00010868491
PTGES,-7.028825e-05,-0.0017930829,-0.0026314603,-0.005804918,0.06477037,0.018327124,-0.0013664304,-0.013089313,-8.03287e-05,-0.011086202,-0.003367804,-0.008232599,-9.6394426e-05,-0.0020870152,-0.008514357,-7.22959e-05,-0.00025705306,-8.032874e-05,-0.00223114,-0.013004753,-0.00030942366,-0.0007591075,-0.00030725918,-0.001485689,-0.0019439638,-0.0001325436,-0.00043899537,-0.00030123285,-0.0029962785,-0.00055748835
ASS1,-3.8651847e-06,-0.000103918224,-0.00015074231,-0.00034499567,0.0003998512,-0.00027950836,-8.172082e-05,0.0008349742,-4.4173503e-06,-0.00066116435,-0.00018519671,-0.00047740535,-5.3008494e-06,-0.00012677824,-0.0005197017,-3.9756146e-06,-1.4135517e-05,-4.417355e-06,-0.00012269276,-0.000772486,-2.164495e-05,-4.1743806e-05,0.0032334167,-9.927946e-05,-0.000106899664,-7.2885705e-06,-0.000109882254,-1.6565089e-05,-0.00016476707,-3.7768164e-05
FIBCD1,-1.4504797e-05,-0.0003899688,-0.0005656837,-0.0012946554,-0.0061523905,0.024083687,-0.00030667023,-0.002869847,-1.6576774e-05,-0.0024811402,-0.0006949844,-0.0013527395,-1.9892232e-05,-0.00047575365,-0.0019502537,-1.4919093e-05,0.00022897599,-1.6576736e-05,-0.00046042004,-0.002898863,-8.122659e-05,-0.00015665125,-6.340605e-05,-0.00037256436,-0.00040116018,-2.7351853e-05,-0.00041234755,-6.216339e-05,-0.00061831315,-0.00014173206
NUP214,-0.00019536869,-0.005434755,-0.009089811,-0.021454921,0.27660346,0.017070891,-0.0048528733,-0.05180636,-0.00018322395,-0.04328827,-0.011907674,-0.031491276,-0.00028409687,-0.008381669,-0.029472081,-0.0002458434,-0.0006102166,-0.000260056,-0.008098945,-0.040477682,-0.0005951392,-0.002223019,-0.0011389422,-0.0068099583,-0.0074530384,-0.00045964812,0.004397395,-0.0010416319,-0.009203544,-0.0016117496
GFI1B,-4.3881846e-05,-0.0010916906,-0.0015634368,-0.003502499,-0.014373279,0.0037329495,-0.0009277893,-0.00794533,-5.0150684e-05,-0.0071286536,-0.0017820674,-0.00453927,-6.0180577e-05,-0.0014393235,-0.005795823,7.3565893e-06,0.0009875175,-5.0150662e-05,-0.0012987425,-0.007173043,-0.0002457374,-0.0004739218,-0.00019182636,0.05926926,-0.0008524827,-8.2748345e-05,-0.0010718731,-0.00018806431,-0.0017487335,-0.00037643092
SLC2A6,-1.7586175e-05,-0.00047613384,-0.00020231114,-0.008648098,0.17995875,0.0574918,-0.004488819,-0.04390173,-0.00022002065,-0.03848575,-0.010554822,-0.025447963,-0.00031955895,-0.0068870937,-0.026518341,-0.00019113006,-0.0007096995,-0.00023773001,-0.0071165203,-0.040161625,-0.0011834423,-0.0025777803,-0.00056098367,-0.0050269514,-0.006373585,-0.00037269265,0.0020396663,-0.0008659064,-0.008633181,0.00068939367
RXRA,7.33684e-05,-0.0070905504,-0.0106888395,-0.023847552,0.27056277,0.046147767,-0.0050946097,-0.05414199,-0.00024707496,-0.045180447,-0.01280242,-0.03408153,-0.00026168366,-0.008960253,-0.032026816,-0.00012091626,-0.00071834493,-0.00018492846,-0.008007744,-0.044932723,-0.0013353723,-0.0023020818,-0.0011326009,-0.005921665,-0.007545408,-0.00039756697,0.0037056846,-0.0012447856,-0.009863357,-0.00235809
FCN1,-0.00037091624,-0.009370201,-0.013461131,-0.029906975,0.3829734,0.03912761,-0.0071213804,-0.06884252,-0.0003832664,-0.060297336,-0.016738191,-0.043839283,-0.00046695574,-0.011554922,-0.044474456,-0.0001578585,-0.0013517581,-0.00042899672,-0.011072491,-0.066317886,-0.001862028,-0.003599994,-0.0015910205,-0.0061789546,-0.0097373715,-0.0006897439,0.006799,-0.0014209069,-0.0142946355,-0.0033681488
OLFM1,-7.1632494e-05,-0.0019258931,-0.0026237455,-0.0059298775,0.069375165,0.0075488323,-0.0015145234,-0.01349734,-8.186519e-05,-0.011859766,-0.0034322217,-0.008612751,-9.823927e-05,-0.0023495513,-0.008898367,-7.367943e-05,-0.00026197056,-8.186511e-05,-0.0022738278,-0.012874691,-0.00031283262,-0.000773631,-0.0003131354,-0.0010250953,-0.0017124027,-0.0001350781,0.0077177663,-0.00030699608,-0.0029581587,-0.0006424001
AL590226.1,-6.68989e-06,-0.00017986311,-0.0002609059,-0.0005971198,-0.0016873989,-0.00048377164,-0.00014144361,-0.0013236454,-7.645518e-06,-0.0011443554,-0.0003205406,-0.00082629366,-9.174682e-06,-0.00021942705,-0.0008994961,-6.8810023e-06,0.009806279,-7.6455235e-06,-0.00021235738,-0.0013370232,-3.7463167e-05,-7.2250725e-05,-2.9244298e-05,-0.00017183332,-0.0001850231,-1.2615235e-05,0.0007529834,-2.8671024e-05,-0.0002851813,-6.536945e-05
EGFL7,-4.6523623e-05,-0.0010150078,-0.0016144717,-0.0037599304,-5.3113115e-05,0.0020917442,-0.0009836407,-0.008557473,-5.3169675e-05,-0.0074681197,-0.0016923342,-0.0025416778,4.6870366e-05,-0.0014060807,-0.0053982525,-4.7853104e-05,0.0133160185,-5.3169682e-05,-0.0014767876,-0.008196719,-9.083057e-06,-0.0005024562,-0.00010461815,0.033502083,-0.0012867076,-8.77309e-05,-0.0011259228,-0.0001993872,-0.0015031522,0.00022665641
LCN6,-6.3478806e-06,-0.00017066709,0.007975309,0.0017153719,-0.0018828459,-0.0004590437,-0.0001342125,-0.0012559657,-7.2547045e-06,-0.0010858496,-0.0003041537,-0.00078405516,-8.705686e-06,-0.00020820946,-0.00085351936,-6.529213e-06,-2.3214985e-05,-7.2547055e-06,-0.0002015001,-0.001268666,-3.554803e-05,-6.855695e-05,-2.774913e-05,-0.00016304891,-0.00017556373,-1.1970273e-05,-0.0001804603,-2.7205371e-05,-0.00027059953,-6.20276e-05
PTGDS,0.0019106606,-0.002106278,-0.0030432008,-0.006976124,-0.038521472,-0.005431033,0.0005197208,-0.016014386,-9.008208e-05,-0.009939892,-0.0024376079,-0.010262912,-3.4609675e-06,-0.0018768962,0.0052179694,-7.300684e-05,-0.00026350055,-6.6526394e-05,-0.002042195,0.080557965,0.0022293201,-0.0007616465,-0.0003437884,-0.0016525659,-0.0023165094,-0.0001702565,-0.0023491269,-0.0003869479,0.0027407946,0.013953023
LCNL1,0.0008975583,-0.0013571699,-0.0017750718,-0.004754035,-0.025386984,-0.0039809803,0.0008539588,-0.010310187,-6.39883e-05,-0.0064783352,-0.0005311116,0.009773252,-7.678547e-05,0.0037850603,0.013983847,0.00014005975,-0.00020476153,-6.39883e-05,0.0006820807,0.011526939,0.00020173623,-0.00060468505,-0.00020685102,-0.0013518342,-0.0015485076,-0.00010557984,-0.0014378682,-0.0002399548,0.0046984185,0.013935624
CLIC3,0.0004694577,-0.0048351367,-0.007471076,-0.017410198,-0.09643206,-0.014592793,-0.0006609146,-0.03982928,-7.3676885e-05,-0.029622748,-0.005297219,-0.020814609,1.0472533e-05,-0.0018823695,0.013299335,-0.00018836283,-0.0007447012,0.00016171283,-0.0019347405,0.22089949,0.0022773768,0.0033246742,-0.00080049894,-0.0038470307,-0.0055387015,-0.00011295831,-0.005455939,-0.0009068018,0.004378787,0.013630718
FUT7,0.00061357155,-0.0016177422,0.007037175,-0.007024279,0.023090005,-0.0072212685,-0.00152835,-0.02284803,0.0005068386,0.0134568,-0.0010033678,-0.012785131,1.2161768e-05,6.6242406e-05,-0.0039796797,-6.995676e-05,5.263422e-05,0.00045892177,0.0015061152,-0.0057504186,-1.2744504e-05,0.0050909426,-0.0002913597,-0.0020040204,-0.0023113778,0.0007374563,0.006806334,-0.0005640259,-0.0009843732,0.010560864
LRRC26,0.00230158,-0.0007932593,-0.0008548993,-0.002372256,-0.015083841,-0.0021050621,-0.000764317,-0.006636255,-4.1314357e-05,-0.005701623,-0.0015327593,-0.0038442574,-4.9577196e-05,-0.0011857213,-0.004269399,-3.7183094e-05,0.00011214158,-4.1314397e-05,-0.0008555201,-0.0069032307,-0.00020244122,-0.00039042172,-0.0001580273,-0.00067578786,-0.0009998082,-6.816863e-05,-0.0010276984,-0.00015492903,-0.0011798979,0.055515092
TUBB4B,0.00022529412,-0.0017841593,-0.0005998474,-0.011689559,0.03551438,0.008858365,0.0007624326,-0.033836123,0.0015391586,-0.010161812,-0.0024094335,-0.023068663,0.0010850305,-0.0033581043,0.002669812,-0.00015713742,0.00046469498,0.00031990267,0.00084487203,0.010791671,0.0048630927,-0.00028293682,0.0006323019,0.016693009,-0.0026346962,0.00015891097,0.0043066936,-4.702617e-05,0.00065482437,-0.00035501143
IFITM2,-7.901471e-05,-0.0084738955,-0.015932092,-0.03471835,-0.0048205527,0.052540496,0.0032123905,-0.045539718,-0.00030284157,-0.011024595,-0.0040589124,-0.026690664,0.00010447221,-0.0028398784,0.008322011,-0.0005800076,-0.0012638415,0.000685896,-0.0014557014,0.108918644,0.0024688616,0.007070085,-0.0032746384,-0.011203242,-0.009142208,-0.00087375025,0.00017604169,-0.0016868085,0.0048550814,-0.004393209
IFITM3,-0.00024338865,-0.008015529,-0.01203763,-0.026584908,0.18622561,0.08702872,-0.0063104983,-0.054595176,-0.00034810454,-0.05047154,-0.014071838,-0.02937011,-0.00036905374,-0.009116795,-0.03518103,-0.00020237263,-0.00026205665,-4.3150365e-05,-0.009297466,-0.008176287,-7.1051756e-05,0.0037089093,-0.0013305437,0.0037805329,-0.0082373265,-0.0005577636,0.00846249,-0.0013273291,-0.010036912,-0.002948248
IRF7,0.0015731968,-0.00055785105,-0.00054457696,-0.0041126637,0.06599985,0.026244339,-0.0026201156,-0.026748957,-0.00012304645,-0.021172533,-0.0067961714,-0.016149536,-0.00010438482,-0.0047926595,-0.01644003,-0.000253933,-0.00034138985,-0.00013795072,-0.0043425327,-0.0065000346,-0.00022495579,-0.00053592864,0.0010651764,-0.00426696,-0.003438731,0.00023560961,0.0031016131,-0.00014176752,-0.004401108,0.026528098
SCT,0.004730723,-0.0007870688,-0.0015843281,-0.0028492582,-0.01893351,-0.0025224064,-0.0009134364,-0.006908925,-4.937537e-05,-0.0065796105,-0.0016716991,-0.004256148,-5.9249975e-05,-0.0012019217,-0.004805333,-4.443769e-05,-7.582949e-05,-4.937538e-05,-0.00096687063,-0.005804159,-8.712315e-05,-0.000100092184,-0.00018885967,-0.00036981748,-0.00078509806,-8.146872e-05,-0.00083267293,-0.00018515554,-0.0012877908,0.059250496
DRD4,0.0001834987,-0.00038899982,-0.000725316,-0.0005465577,-0.0030997442,0.002691986,-0.0005161952,-0.0032643394,-2.7902548e-05,-0.0028085748,-0.0011698158,-0.0025686058,-3.348308e-05,-0.00080080435,-0.0026612992,0.0002858088,8.0118036e-05,-2.7902539e-05,-0.0002649508,-0.0022805042,0.00011865416,2.8055094e-05,-0.00010672734,0.00076608243,-0.00067523995,-4.6038946e-05,0.0001716732,-0.00010463434,-0.0007392725,0.018531073
TALDO1,9.6165815e-05,-0.0053138337,-0.008190372,-0.02724642,0.28764504,0.018364932,-0.005083858,-0.060532574,0.0003040552,-0.043861337,-0.013251851,-0.039142698,0.00029352942,-0.009443155,-0.034164075,-0.00011720903,0.0015104831,-0.00041615413,-0.009501913,-0.05063475,0.0003266982,-0.0025975872,-0.0004847416,0.011851026,-0.007556174,0.00021304334,0.009614665,-0.0012249402,-0.012221594,0.00076550635
CTSD,-0.00012579435,-0.010540746,-0.015872171,-0.037065674,0.27335697,0.016355526,-0.0042824736,-0.06387577,-0.0002513377,-0.059871428,-0.015322462,-0.03908973,-1.3274161e-05,-0.011312233,-0.023464058,-0.00025605096,-0.0007598699,-0.00032240446,-0.0100625595,0.034179147,0.0006776246,0.00046289866,-0.0009816581,-0.004179761,-0.009178744,-0.0007284516,-0.006206272,-0.0014776244,-0.008447121,-0.0013441166
TNNI2,0.0018432419,-0.0006676689,-0.0024173378,-0.002598343,0.084344886,0.038565904,-0.0022760583,-0.025253512,-0.0001579151,-0.022311345,-0.006243315,-0.01551274,-0.00018949708,-0.0042868545,-0.016837994,-0.00014212226,-0.00034507265,-8.096918e-05,-0.0040828483,-0.02364382,-0.0007737813,-0.001339268,-0.00019171316,-0.002654214,-0.0033730767,0.0008278023,0.005839394,-0.00049603765,-0.0052407575,0.00969539
CD81,-2.519005e-05,0.0073471847,0.011196045,0.026067885,-0.13060632,-0.011184255,0.008385605,-0.033055708,0.0002317143,-0.010842541,0.0063892202,-0.02563321,0.0004894655,-0.0008695328,0.05507502,-0.00041300923,0.00074586173,-0.00018224285,0.012652252,0.09029794,0.0021216113,0.0028644302,-7.341406e-05,-0.011315527,-0.005380559,0.00017113225,-0.0071600163,0.0010119911,0.012654708,-0.0009604554
KCNQ1OT1,-6.410249e-05,0.0039577913,0.004727715,0.0007613409,0.041213877,0.02600806,-0.0034758807,0.006676945,-0.0002631961,-0.0043954575,-0.005275074,0.0032147022,-0.00028687634,-0.0035498806,-0.019748244,-0.00014935329,0.0020800869,-0.00021784983,-0.005049058,-0.033155482,-0.00080610754,-0.0020402514,0.00034543683,-0.004616388,-0.0018887458,0.00011510854,0.0035173793,-0.00029899552,-0.006120929,-0.0012165577
CDKN1C,-0.00013391775,-0.0031179194,-0.004252991,-0.009730872,-0.023967672,0.15525952,-0.0023396716,-0.020639218,-0.00013086271,-0.01774359,-0.0050638122,-0.013811085,-0.00015522508,-0.0034003244,-0.013162912,-0.00012881406,0.0005519057,-0.00015304923,-0.0028958137,-0.019876612,-0.0004759557,-0.0011310229,-0.00047576608,-0.0017191257,-0.0026399358,-0.00023232879,-0.0027841127,-0.00055502914,-0.0041472693,-0.0009469872
PHLDA2,-4.2303305e-05,-0.0019717405,-0.002978094,-0.006430766,0.074365795,-0.0018430678,-0.0017273814,-0.014741737,-9.894529e-05,-0.007033367,0.00065680756,-0.01006424,1.0005085e-06,-0.0017445481,-0.010658997,-8.905144e-05,-0.00031662756,-9.894525e-05,-0.0022459107,-0.016028857,-0.0004848322,-0.000935037,-0.00034504867,-0.0017578665,-0.0013615058,0.00043856294,0.0113831945,-0.0003710467,-0.0029433954,-0.0005320127
ART5,-3.7095085e-06,-9.973365e-05,-0.00014467252,-0.0003311042,-0.00045827005,-0.00026825108,-7.843113e-05,0.0013577343,-4.2394927e-06,-0.0006345429,-0.0001777424,-0.00045818175,-5.087448e-06,-0.000121673365,0.0010898904,-3.8154963e-06,-1.356632e-05,-4.23949e-06,-0.00011775059,-0.0007413729,-2.0773288e-05,-4.006283e-05,-1.6216047e-05,-9.528134e-05,-0.00010259515,-6.9951666e-06,-0.00010545729,-1.589805e-05,-0.00015813178,0.0017802144
RRM1,-6.2758077e-06,-0.00032840107,-0.0007184148,-0.0044521578,-0.025999932,-0.00020663299,0.000764269,0.00097647135,0.0023695799,0.010558921,0.0031531,-0.0032532439,0.0016761844,0.0011497957,0.004792949,-0.00010298903,0.00030307026,9.660722e-05,0.0016424182,0.0013188522,0.006842504,-0.00020408022,0.00051153486,-0.0026249804,0.0014784146,4.118252e-06,0.00028654185,-7.870695e-05,7.305946e-05,-2.2643197e-05
HBB,-0.000104672356,-0.0010184842,-0.002586297,-0.0016180517,-0.024611443,-0.0041558826,0.00090330275,0.0062417914,-0.00012138807,0.008721722,0.0009045728,0.0029306654,-0.0002228801,0.0005605723,-0.00225384,0.008677255,0.00059437955,0.00016717253,0.0023697354,0.002499642,0.00013054707,-0.00047709997,-0.00033425618,0.001732924,0.003685469,-0.00022610769,-0.0026401882,0.0009808276,0.0001983251,-0.0009283459
HBD,-1.8967157e-05,-0.00036110167,-0.00073972216,-0.0015606112,-0.005408579,-0.0010188366,-0.0001983004,-0.0021878853,-2.1676815e-05,-0.002018392,-7.592053e-05,-0.0011937602,-2.60123e-05,-0.00041399806,-0.0018357744,0.011475103,0.0040975735,-2.1676798e-05,-0.0006020734,-0.0020710942,-0.00010621655,-6.926272e-05,-8.291392e-05,0.0066348244,-0.00052457943,-3.5766927e-05,-0.0005392124,-8.128859e-05,-0.00080854556,-0.00018533733
HBG1,-1.1001222e-05,-0.00029577725,-0.00042904867,-0.0009819408,-0.005318288,-0.0007955493,0.00029428452,-0.0021766815,-1.2572811e-05,-0.0018818366,-0.0005271132,-0.0013588022,-1.5087333e-05,-0.00036084006,-0.0014792032,-1.1315625e-05,-4.023306e-05,-1.2572752e-05,-0.00034920993,-0.0021986617,-6.160708e-05,-0.000118812764,-4.809134e-05,0.018459665,-0.0003042606,-2.0745176e-05,-0.0003127499,-4.714781e-05,0.00028668094,0.00012847177
HBG2,-2.464258e-05,-0.0005554622,-0.0009610644,-0.0014004782,-0.0069146845,-0.001416678,-0.00039139905,-0.004042362,-2.8163015e-05,-0.0037813615,-0.0010372387,-0.0026027306,-3.3795593e-05,-0.00080827693,-0.0031516787,0.00021751494,-9.0121976e-05,-2.8163044e-05,-0.00078223005,-0.0042773783,-0.00013799859,-0.0002661416,-0.000107724074,0.034973044,-0.0006815486,-3.6424594e-06,-0.00070055394,-5.0215654e-05,-0.001050484,0.00013575434
OR51M1,-1.1795591e-05,0.0005528029,0.00041212127,-0.0010528553,0.0046392265,-0.00085300126,-0.00024939532,0.00075974024,-1.3480885e-05,-0.0010823349,0.0005823489,0.00024866182,-1.6177086e-05,0.0004107777,-0.0005830028,-1.2132601e-05,-4.313847e-05,-1.3480888e-05,-0.00037443032,-0.0014000197,-6.605613e-05,-0.00012739396,-5.1564315e-05,-0.0003029813,-0.00032623424,-2.224325e-05,-0.00033533413,-5.055317e-05,-0.000502836,-0.000115260525
CNGA4,-2.2184952e-06,-5.9646136e-05,-8.65232e-05,-0.0001980181,-0.001072504,-0.00016043129,-4.6905694e-05,-0.00043895305,-2.5354457e-06,-0.00037949465,-0.00010629929,-0.00027402223,-3.042578e-06,-7.276833e-05,-0.00029829747,-2.2818936e-06,-8.113401e-06,-2.5354466e-06,-7.042306e-05,0.0036424226,-1.2423593e-05,-2.3960074e-05,-9.697993e-06,-5.6984638e-05,-6.135771e-05,-4.1835106e-06,-6.306947e-05,-9.508065e-06,-9.457324e-05,-2.1678055e-05
CCKBR,-3.4376192e-06,-9.242414e-05,-0.00013406869,-0.00030683348,0.0046692146,-0.00024859136,-7.2681585e-05,-0.00068016263,-3.9287756e-06,-0.0005880315,-0.00016471394,-0.00042459884,-4.7144913e-06,-0.000112754824,-0.0004622186,-3.535869e-06,-1.2571986e-05,-3.928773e-06,-0.000109120934,-0.00068703975,-1.9250854e-05,-3.712671e-05,-1.5027369e-05,-8.829759e-05,-9.50751e-05,-6.482408e-06,-9.772754e-05,-1.47327055e-05,-0.00014654156,-3.3590415e-05
SWAP70,-7.429705e-05,0.03036272,0.03717222,0.09065961,0.027864456,0.0240505,-0.0043273075,-0.041577842,-0.00022558779,-0.03629342,-0.0102505125,-0.026478095,-0.0002563356,-0.0065654363,-0.025042947,-0.00020073293,0.00036115327,-0.0002410602,-0.007240873,-0.033579625,-0.00061822706,-0.00087874156,-0.00011502902,-0.005370132,-0.0037180227,-0.00015980458,0.0026022175,-0.0008678992,-0.007762763,-0.0012279076
ADM,-0.000110389374,-0.0028694985,-0.0038250517,-0.009265619,0.11895403,0.013478091,-0.0022583005,-0.02093126,-0.00012615914,-0.017899953,-0.005289237,-0.012979392,-0.00012663133,-0.0036207808,-0.013851612,-5.317519e-05,-0.0004037106,-0.00012615915,-0.00285401,-0.020566242,-0.0006181823,-0.0011922118,-0.00048256008,-0.002108231,-0.002871113,-0.00020816246,-0.0019064598,-0.00047309842,-0.0044538914,-0.0009616747
MTRNR2L8,-2.8764662e-05,0.0012541309,0.0014869964,0.0048801447,0.02006839,-0.00055978855,-0.0031628972,-0.020549607,-3.2126158e-05,-0.020149032,-0.0034121906,-0.005570868,8.3081315e-05,-0.0030198132,0.009336731,-0.00018836155,-0.00080837583,-7.0444376e-06,-0.0028371194,0.004676743,0.0005953607,-8.1666985e-05,-0.00073751266,0.016618265,-0.0053090593,-1.0710153e-05,0.0010558899,-0.0008061087,0.0068750405,0.00034015588
LINC00958,-1.4264824e-05,-0.0003835213,-0.00055633293,-0.0012732447,0.0056981817,0.00093952956,0.00095456676,-0.00010120043,-1.6302647e-05,-0.0011692075,5.8153193e-05,-0.0017619226,-1.9563222e-05,0.00047628066,-0.0013022991,-1.4672405e-05,-5.216858e-05,-1.6302649e-05,-0.0004528095,-0.0002181404,-7.988321e-05,-0.00015406142,-6.2357896e-05,-0.00036640404,-0.0003945271,-2.6899404e-05,0.00067706074,-6.113501e-05,-0.00016718048,-0.00013938914
AC022240.1,-6.10855e-06,-0.00016423284,-0.00023823389,-0.00054522906,-0.002953041,-0.00044173232,-0.00012915235,-0.0012086233,-6.9812013e-06,0.00079458486,0.00429042,-0.0007544874,-8.3774585e-06,-0.0002003607,0.004006089,-6.2830354e-06,-2.2339615e-05,-6.981206e-06,-0.00019390175,-0.0012208277,-3.4207605e-05,-6.597241e-05,-2.6703194e-05,-0.00015690138,-0.00016894519,-1.1519076e-05,-0.0001736569,-2.6179583e-05,-0.0002603973,-5.9689122e-05
NUCB2,-0.00016185353,-0.009055553,-0.013215336,-0.028812516,-0.114667535,-0.01944765,0.0012696658,0.059911393,0.00025670417,-0.01429374,-0.00012348179,0.066382706,0.00064709503,0.0011233834,0.028537318,-0.00022142002,0.002629819,-0.00011634832,0.0012687804,0.023424875,0.004874217,0.0035379191,0.0024275535,-0.00641853,-0.0032773146,-0.00071241776,-0.00697525,0.0046924814,0.008819141,0.007696315
E2F8,-1.7890441e-05,-0.00048099618,-0.0003684751,-0.001111536,-0.0061091995,-0.0007799888,4.68725e-05,-0.0023966,0.006006607,-0.001362644,-0.00085720536,-0.0017128559,0.0018673416,-0.0005868065,-0.0019233236,-1.8401617e-05,0.0003819229,-2.0446296e-05,-0.000567893,-0.0030674983,0.012564223,-0.00019321602,0.0015996,-0.00045952937,6.85359e-05,-3.3736047e-05,2.7026705e-05,-7.667342e-05,-0.00024231944,-0.00017481462
CCDC34,-5.051796e-05,4.2600703e-05,0.0009843118,0.00018653837,-0.03371187,-0.0013115825,0.00026955424,0.009339672,0.0013717415,0.006018647,0.0013588315,0.007319745,0.0012758771,0.0012750546,0.0007839972,-5.884887e-05,0.0014410097,-2.1609534e-05,0.0010574092,-0.0018014184,0.006290868,-2.5730384e-05,5.652464e-05,-0.001986268,0.00047386854,-0.00012167195,-0.0015361789,0.00023961041,0.0012362157,-0.00039645706
AC124657.1,-2.1614153e-06,-5.811163e-05,-8.4294545e-05,-0.00019292181,-0.0010449046,-0.00015630112,-4.569929e-05,-0.00042765812,-2.4702335e-06,0.0020479984,0.0014593535,-0.00026697002,-2.9642438e-06,-7.08947e-05,-0.0002906214,-2.2231927e-06,-7.904604e-06,-2.470247e-06,-6.861029e-05,-0.00043197535,-1.2104104e-05,-2.3343293e-05,-9.448425e-06,-5.5518143e-05,-5.9779184e-05,-4.075828e-06,-6.144665e-05,-9.263187e-06,-9.213768e-05,-2.1120406e-05
AL078612.2,-2.2169165e-06,-5.9603095e-05,-8.646009e-05,-0.00019787508,-0.0010717168,-0.0001603138,-4.687183e-05,-0.00043863177,-2.5335935e-06,-0.00037921607,-0.00010622118,-0.00027381897,-3.0403332e-06,-7.27142e-05,0.0020707347,-2.2802192e-06,-8.107587e-06,-2.5335949e-06,-7.037089e-05,-0.00044306685,0.0017016402,-2.3942515e-05,-9.691047e-06,-5.6942758e-05,-6.131365e-05,-4.1804437e-06,-6.302339e-05,-9.501115e-06,-9.450411e-05,-2.1662376e-05
LMO2,0.00023754,-0.0069525675,-0.004414502,-0.016952604,0.2364046,0.06694931,-0.0057207565,-0.055137467,-0.00029445582,-0.047859024,-0.013489261,-0.0348171,-0.00040754385,-0.009004201,-0.03678296,-0.00019964394,0.0026134783,-0.00026295547,-0.009023558,-0.05477541,-0.0015509092,-0.0030241937,-0.001248376,0.00032008375,-0.007602758,0.00024391389,0.016790116,-0.0011292155,-0.011421614,-0.0014869975
ELF5,-7.748513e-06,-0.00020832219,-0.00030219098,0.00036864605,-0.002077247,0.009080688,-0.00016382453,-0.0015330922,-8.855348e-06,-0.0013254349,-0.00037126103,-0.00024768224,-1.0626491e-05,-0.00025414873,0.00014924185,-7.969911e-06,-2.8337161e-05,-8.855341e-06,-0.00024595755,-0.0015485816,-4.3391585e-05,-8.368344e-05,-3.387169e-05,-0.00019902462,-0.00021430178,-1.4611508e-05,-0.00022027896,-3.3207623e-05,-0.00033030618,-7.571382e-05
EHF,-2.080681e-05,0.00010079658,-0.0008114683,-0.0018571625,0.00044429727,-0.001289597,0.00022563137,-0.004116819,-2.3779254e-05,-0.0035591817,-0.0009969538,-0.0020322923,-2.8535218e-05,-0.0006824651,-0.0027976374,-2.1401334e-05,-7.609429e-05,-2.3779237e-05,-0.0006604707,-0.0041584126,-0.00011651882,-0.00022471468,-9.095561e-05,-0.00053443975,-0.0005754599,0.0059253247,0.018574115,-8.917297e-05,-0.00027868123,-0.00020331265
CD44,-4.245058e-05,-0.006804491,-0.010115813,-0.029511882,0.22599111,0.010260226,-0.0024493882,-0.026022201,-0.00013614583,-0.0068657813,-0.003026429,-0.019903531,-0.00017242237,-0.0039131436,-0.021550005,-0.00041056806,-0.0004457256,-4.005848e-05,-0.0040856316,-0.07513501,-0.0020254538,0.0035439297,-0.0014548101,-0.012870768,-0.0028330772,-0.00074768154,-0.0004339961,-2.5631709e-05,-0.005782458,-0.0029906344
SLC1A2,-4.6277422e-05,-0.0007708911,-0.00050851295,-0.003804586,0.044845212,0.00051343953,-0.00039607275,-0.008427357,1.3429145e-05,-0.0067189517,-0.0014560161,-0.0053604855,0.00012732827,-0.0013046993,-0.0048316717,-4.759986e-05,0.00020298075,-5.2888543e-05,-0.0012831147,-0.006713315,-1.3191027e-05,-0.00023619947,0.0002837046,-0.0011886699,-0.0010270223,-8.649157e-06,-0.0001527244,-0.00019833361,-0.0009868599,-0.0004521987
C11orf96,-2.637299e-05,0.0012993026,-0.00072557444,-0.0021349408,0.020681757,-0.00074116286,-0.00055760134,-0.0038265388,-3.0140518e-05,-0.0035501411,-0.0012636473,-0.0032574218,-3.61688e-05,-0.00032324757,-0.0028709145,-2.7126373e-05,0.00012428936,-3.0140493e-05,-0.00028772946,-0.0023440407,0.0007513561,0.00015632324,-0.00011528799,-6.1327344e-05,-0.00047298,-4.9731865e-05,0.00041286906,-0.00011302698,-0.000322973,-0.0002577011
MDK,0.00011986251,-0.0005691852,-0.0008073753,-0.00072882447,-0.0057550436,-0.0015817865,6.216366e-05,0.0025247028,1.5938145e-05,-0.0029964012,-0.0010873732,0.00048352132,0.00015618694,-0.00035185865,-0.0010944501,-4.1393505e-05,0.008923079,-4.5993285e-05,-0.0009393336,0.0013507094,0.0004640227,-5.6210447e-06,0.0001347379,0.00369864,-0.00062112097,-7.5888966e-05,-0.00029101118,0.0004694822,-0.0015220648,0.00011169155
SPI1,0.0003197852,-0.0036643671,-0.0063054194,-0.016692627,0.3222392,0.064866334,-0.007065508,-0.06951481,-0.00040467517,-0.060001753,-0.016690824,-0.043562833,-0.00047432218,-0.011481591,-0.045962103,-0.00023405785,-0.0005536872,-0.00037321475,-0.011263319,-0.0677748,-0.0018947256,-0.0035790978,-0.0012664676,-0.006856726,-0.009923007,0.0009853852,0.015906097,-0.0015512292,-0.014307824,-0.0029170972
C1QTNF4,-2.241222e-05,-6.791029e-05,-0.000874078,0.00040053646,-0.0012433109,-0.0009765882,-7.2560724e-05,-0.0023946506,3.8635717e-05,-0.0029326954,-0.0004245327,-0.0012338553,-3.0736846e-05,0.00034498065,-0.0010148683,-2.3052566e-05,0.015792329,-2.561404e-05,-0.00045089214,-0.002621316,-0.00012550801,1.1786752e-05,0.00014452414,-0.0005756752,-8.500189e-05,-4.2263084e-05,-0.00022483317,-9.6052165e-05,-0.00095540134,-0.00021899922
FOLH1,-3.243361e-06,-8.720028e-05,-0.00012649193,-0.0002894946,0.0044053285,-0.00023454336,-6.857421e-05,-0.0006417244,-3.7066957e-06,-0.000554805,-0.00015540388,-0.00040060322,-4.4480394e-06,-0.00010638231,-0.00043609494,-3.3360282e-06,-1.1861434e-05,-3.7066977e-06,-0.00010295368,-0.0006482112,-1.816299e-05,-3.5028537e-05,-1.4178179e-05,-8.33084e-05,-8.970217e-05,-6.1160536e-06,-9.2204624e-05,-1.3900212e-05,-0.0001382603,-3.16924e-05
PRG2,-1.3329843e-05,-0.00035838367,-0.0005198642,-0.0011897895,0.009706857,0.00012525618,-0.00028183078,-0.0026374164,-1.5234052e-05,-0.0011035716,0.0010321314,-0.0016464271,-1.8280878e-05,-0.00043721887,-0.0017922885,-1.3710638e-05,0.00081125274,-1.52340535e-05,-0.00042312912,-0.002664075,-7.464719e-05,-0.00014396284,0.00044267232,-0.00034238803,-0.00036866538,-2.5136116e-05,-0.00037894704,-5.7128018e-05,0.0013028199,0.0010995901
SERPING1,9.965489e-05,-0.0024452405,-0.0031658388,-0.007975845,0.08509352,0.012269775,-0.0016276625,-0.017826043,-0.000106583975,-0.01522299,-0.004002911,-0.011029659,-0.00012789955,-0.0029706326,-0.0117365355,-9.5925425e-05,0.0035349252,-0.00010658394,-0.0028686645,-0.01756814,-0.00042173523,-0.0008975113,-0.00040768075,0.0012098588,-0.0024428947,-8.665924e-05,0.00037105114,-0.00039968747,-0.0038772118,0.004831624
FAM111B,-5.4016204e-05,0.011053279,0.0012046708,0.043481328,-0.023818392,-0.0036227629,-0.00079387036,-0.00938856,0.00315325,-0.0080041,-0.0024482745,-0.0057127653,0.002415748,-0.0013539832,-0.0058621294,-5.5559565e-05,-6.5414824e-06,-6.1733e-05,-0.0014587854,-0.0095581105,0.01660502,-0.00034080038,0.0008784657,-0.0013874385,-0.0008823456,-0.0001018591,-0.0011686602,-0.00023149817,-0.0020791276,-0.00040044344
MPEG1,0.00023960967,-0.0028862706,-0.010430631,-0.02052117,0.3556258,0.02680563,-0.007221357,-0.06671787,-0.00039529434,-0.05871852,-0.015971947,-0.042037554,-0.00044975922,-0.011109595,-0.045038648,-0.00016345235,-0.0012785082,-0.00041456544,-0.0107670445,-0.0659818,-0.001866074,-0.0036309718,-0.0015320856,-0.0073977727,-0.009434316,0.0009652764,0.0077186874,-0.001449867,-0.0139684975,0.008029347
TCN1,-8.519199e-06,-0.00022904474,-0.00033224773,-0.00076039403,-0.0006095906,-0.0006160579,-0.00018011976,-0.0016855771,-9.7362445e-06,0.0021546576,-0.00040818876,0.00056928134,-1.1683412e-05,-0.00027942946,-0.0011454606,-8.762592e-06,-3.1156007e-05,-9.736246e-06,-0.0002704231,-0.001702615,-4.770727e-05,-9.200756e-05,-3.724101e-05,-0.00021882073,-0.00023561476,-1.6064836e-05,0.00065536425,0.006013274,-0.00036315972,-8.3244915e-05
MS4A3,-8.883455e-06,-0.0002388383,-0.00034645162,-6.322449e-05,0.0002137119,-0.000110441964,-0.00018782058,-0.0017576517,-1.0152507e-05,-0.00037569378,-0.00042564233,0.00026819902,-1.218296e-05,-0.00029137643,2.4168296e-05,-9.137306e-06,0.003930299,-1.0152502e-05,-0.00028198655,-0.00077261584,-4.9747305e-05,-9.594149e-05,-3.8833197e-05,-0.00022817728,0.0013263613,-1.6751666e-05,7.253876e-05,-3.8071874e-05,-0.0003786871,-8.6804146e-05
MS4A2,-1.2485645e-05,-2.8520008e-06,-0.00025487537,0.0005310713,0.0006291281,-0.00051381066,0.00011319983,-0.002470382,-1.42692825e-05,-0.00054108637,-0.00020824216,-0.0015421605,-1.7123244e-05,-9.2037844e-05,-0.00055594445,-1.28423435e-05,0.0040332116,-1.4269272e-05,-0.0003963309,0.0008451156,3.6579015e-05,-0.00013484475,-5.4580076e-05,0.001305943,-0.0003453179,0.0001450471,-4.5145054e-05,-5.3510033e-05,-0.00053224503,0.00017504403
MS4A6A,-0.00014375157,-0.00847794,-0.012019437,-0.027306847,0.37054184,-0.0003718122,-0.0067027863,-0.062741235,-0.0002985551,-0.05237639,-0.015086756,-0.039279047,-0.00042827797,-0.010474985,-0.04148452,-0.00013301852,-0.0011604092,-0.00033520116,-0.009825514,-0.061748657,-0.0017405867,-0.0033879231,-0.0013645788,-0.0058741,-0.008618371,-0.0004973358,0.011465073,-0.0013565551,-0.013163105,0.004390047
MS4A4A,0.00013236425,-0.0032824622,-0.0049007055,-0.011386163,0.037830357,0.112052605,-0.0027101012,-0.025646992,-0.00015354392,-0.02122075,-0.00590486,-0.016150042,-0.00018425274,-0.0041855993,-0.016609639,-0.00010862358,-0.00047276978,-0.00015354397,-0.0040464243,-0.024992358,-0.0007523679,-0.0013326615,-0.00045083827,-0.0025029676,-0.0036563636,-0.00016820914,0.0043329233,-0.00057579135,-0.0050756834,0.0022757067
MS4A7,-7.496759e-05,-0.0041879215,-0.008765709,-0.017529173,0.2092588,0.108443,-0.005611627,-0.053035825,-0.0003006249,-0.045966335,-0.012621833,-0.03338058,-0.00035984657,-0.008918847,-0.03426825,-0.00020961721,-0.00096982636,-0.00033140642,-0.008549304,-0.051349234,-0.001448163,-0.0028295785,-0.0011575232,-0.0052487636,-0.0076162987,-0.0003934675,0.00191315,-0.0011566862,-0.01083146,-0.0025023562
MS4A1,-0.0001700313,0.049428344,0.064539805,0.14934163,-0.07903115,-0.011841974,-0.0032624898,-0.032321982,-0.00020196139,-0.026930025,-0.0069771805,-0.020195143,-0.00021337975,-0.0052802055,-0.016479682,-0.00016943902,-0.000525193,-0.00018543893,-0.0043975655,-0.030995956,-0.0008967794,-0.001518881,-0.00046825447,-0.0035992244,-0.004388862,-0.0003043449,-0.004708074,-0.0006540827,-0.0059648002,-0.0016284907
SLC15A3,6.35879e-05,-0.002645776,-0.0058848877,-0.015048153,0.22895955,0.029779065,-0.0047743786,-0.043989938,-0.00025259302,-0.038913503,-0.010897842,-0.026979499,-0.0003280237,-0.0074186837,-0.030451277,-0.00016257317,-0.00084732607,-0.0002733547,-0.007231009,-0.04471599,-0.0012746503,-0.0024468706,-0.00095782283,-0.0048501096,-0.006485459,-0.00035206895,0.0080139255,-0.0009766684,-0.009394204,0.00073582394
CYB561A3,0.0013964091,0.019947182,0.013861621,0.058466885,0.026264887,-0.00052939914,-0.0030013227,-0.02648714,0.00010170659,-0.023359584,-0.0060859337,-0.015830245,-4.419347e-05,-0.0046089897,-0.01587294,-0.00018595594,-0.00030559627,-0.00020961046,-0.0043242006,-0.02212633,-5.7972626e-05,-0.0012297849,-0.00046305775,-0.005213889,-0.0046207067,7.673239e-06,0.0008311162,-0.0005420435,-0.004161043,0.018382221
FEN1,9.294691e-07,-0.00095776806,6.629473e-05,0.0008067756,-0.01997002,0.00086809567,-0.00011260049,-0.0068402793,0.0024753187,-0.0029918833,-3.4869522e-06,-0.0042451355,0.001970079,-0.0006859424,0.0017216479,-2.81005e-05,0.00013358708,-5.2910138e-05,0.00035622861,0.014152987,0.01123233,0.00094444025,0.001740091,-0.0019096187,-0.00086823234,-7.314145e-05,-1.8701543e-05,-0.00010939185,0.0010157826,0.0013824713
FADS1,0.00016891008,-0.0034975354,-0.0051297173,-0.010213538,0.10818661,0.002032494,-0.0020402134,-0.02709145,-5.981122e-05,-0.022553088,-0.0058604144,-0.015798016,0.00012269588,-0.0041332995,-0.011940687,-0.000114533126,0.0020674572,-0.00013933245,-0.004238718,-0.0017619487,0.0007174199,-0.0012767591,-0.00041241894,-0.0020037526,-0.00376328,0.0003943354,0.008932597,-0.00051851553,-0.003520376,0.0034454
FTH1,0.00031528648,-0.0051556434,-0.009869917,-0.015190231,0.3087912,0.060213424,-0.0063164094,-0.078355074,-0.0002411357,-0.039912917,-0.01120916,-0.06046958,-0.00046076736,-0.010436262,-0.04873271,-0.000542756,-0.00065302924,-0.00012201863,-0.008726551,-0.07454284,-0.0017317578,-0.004673497,-0.0026362708,0.02273823,-0.010486931,0.0005796167,0.01196665,-0.002170365,-0.013602114,0.0016334805
AHNAK,0.00022807278,-0.0040116226,-0.0016757078,-0.03584655,0.19206831,0.0048424653,0.005122466,-0.11331029,-5.6138473e-05,-0.005370246,0.0030582177,-0.07215764,0.00012083279,-0.0026330566,0.023093622,-0.0004595029,-0.0009624619,4.6633642e-05,0.00040271075,0.019138603,-0.00056748587,0.0006123377,-0.00017389421,-0.011892329,-0.008812292,0.0005290121,0.008860577,-0.0012215049,0.0030799583,-0.0020530198
GNG3,0.00014082235,0.0076858234,0.011941465,0.024093285,-0.013187207,-0.0017771687,-0.00064311724,-0.0052302442,-3.4762947e-05,-0.0049036215,-0.0014574471,-0.003757019,7.052157e-05,-0.0007470115,-0.0037810125,-3.1286632e-05,-0.00011124219,-3.4762925e-05,-0.0009655455,-0.005387284,-0.00017033907,-0.00032851266,0.0027325342,-0.00078130193,-0.0008412644,-5.7358826e-05,-0.00071263616,-0.00013036156,-0.0012966612,-0.00029722438
HRASLS2,-7.176026e-05,-0.0016800292,-0.0020879284,-0.0060099997,-0.031631503,-0.005103451,0.0025660992,-0.0060809567,-4.79496e-05,-0.007994066,-0.0010679465,0.0041107703,0.0002796399,-9.356055e-05,0.018090617,-7.3809926e-05,-0.00026243535,3.2499855e-05,0.0003882973,0.03324208,0.0001181637,0.0006660128,0.006121338,-0.00103844,-0.0016150168,-0.0001353178,-0.0018919973,6.810084e-05,0.0015330003,-0.0003304182
PPP1R14B,0.0014485315,0.0025875443,0.0040379846,-0.0045852615,0.0063581895,0.009470073,-0.001175637,-0.01938615,0.0002036758,0.009771415,0.004841981,-0.0094356965,0.00032519715,0.0011378102,-0.016538609,-0.00023295604,0.0021467607,0.00027409944,0.0037819475,-0.024411187,0.00043460508,4.6289126e-05,0.0007872374,-0.005082869,-0.0019049847,0.0019882708,0.012367785,-0.00050895003,-0.0031724318,0.024425345
AP001453.2,0.0009481031,-0.00012212686,0.00024796545,-0.0013990959,-0.0074205394,-0.0016091951,-0.00047048545,-0.0034473357,-2.543169e-05,-0.003039836,-5.9376944e-05,-0.002748539,-3.05182e-05,-0.000729889,-0.002034273,-2.2888711e-05,0.0001096863,-2.5431702e-05,-0.00070636714,-0.0044473642,-0.00012461576,-0.00024032999,-9.727669e-05,0.0005605728,-0.00061544887,0.00036109064,0.00060162,-9.536925e-05,-0.00094860856,0.027631346
EHD1,-0.00022009891,-0.0025852823,0.00027704678,-0.015391756,0.033106197,0.0015664536,0.001426474,-0.026458515,0.00016119222,-0.010178085,0.00049579475,-0.014786291,0.00028278955,-0.0004941626,0.008772107,-0.0002458058,-0.0007070628,-8.19824e-05,0.002827283,0.022107683,0.00072168757,-0.00013115363,9.3149814e-05,0.00652768,-0.0017089292,-0.0003483426,-0.0060234065,-4.6517544e-05,0.0029170548,-0.0018751695
CDCA5,-3.0593364e-05,-0.00082251546,-0.00045141744,-0.0008755634,-0.009818967,-0.0013290663,-0.0006468263,-0.004131544,0.0049882997,-0.0045307246,-0.0012414581,-0.0024142433,0.00201416,-0.0010034546,-0.00086353277,-3.146742e-05,0.00071359833,-3.496356e-05,-0.00049879326,-7.459092e-06,0.020517746,-0.00033040764,0.001953416,-0.000785807,-0.00041162551,3.9080023e-05,-0.00032193208,-0.0001311142,0.0002209967,0.0002661467
AP003068.2,-7.242797e-05,0.0004403088,0.0002869797,0.0020961068,-0.0152042825,-0.0035969506,-0.00069962343,-0.011951251,-6.859398e-05,-0.0091004735,-0.0029392669,-0.0070272167,-9.932966e-05,-0.0018719378,-0.0068345326,-7.4497795e-05,0.00023858546,-1.7075094e-05,-0.001856951,-0.008091553,-0.00038749498,-0.00066587876,-0.00016802097,0.07375853,-0.0018697617,-9.107386e-05,-0.001597938,-0.00028634616,-0.0020026963,-0.00024536098
NEAT1,-0.00027466696,-0.0067175855,-0.010937446,-0.045156866,0.32546264,0.038389202,-0.0029334072,-0.08221495,-5.928463e-05,-0.03820558,-0.011879623,-0.055283196,-0.00028588678,-0.010123844,-0.026356056,-0.00046533646,-3.0448538e-05,-0.0002520927,-0.0120556345,-0.017249575,-0.001267625,-0.0006010263,-0.00039396173,-0.013862872,-0.010583945,-0.00028781607,-0.00026897414,-0.0016601385,-0.00996115,-0.0044829007
CTSW,-0.00016611766,-0.007526977,-0.011113445,-0.026534798,-0.14509082,-0.021841006,0.0015298999,-0.049906924,-0.0002288424,-0.036245983,-0.005134076,-0.0060577644,0.00081555656,0.0012580969,0.07634999,-0.0002701367,-0.0004193074,0.0005604557,0.014203348,0.19814,0.0054583345,0.012594792,-0.0013006724,-0.0023432372,-0.0076343603,-0.0005708575,-0.007502985,-0.0010357588,0.02255181,-0.0025385437
GSTP1,0.00054742186,-0.0050092954,-0.0135544175,-0.024259636,0.26116878,0.024990365,-0.0030427335,-0.083130226,-3.224645e-05,-0.0704583,-0.016328365,-0.049304366,0.00026769788,-0.011466704,-0.017113622,-0.00038487866,0.001332526,-0.0003657428,-0.012659998,0.022074511,0.0021878819,0.001498833,0.00011752708,-0.010538436,-0.011141729,0.0018591578,0.02081252,-0.0015244152,-0.008125336,0.0015829662
ACY3,-3.9625385e-05,-0.00093174406,0.0009444461,-0.0012235965,-0.013792768,0.028932562,-0.0008377941,-0.004811074,-4.5285953e-05,-0.0056544035,-0.0012408786,-0.0027459054,0.00015074998,-0.0012997118,-0.003728836,-4.0757313e-05,0.0056134495,-4.5285997e-05,-0.0012578192,-0.0044947406,-0.00022190208,-0.00015335418,0.0017885964,-0.0010178062,-0.0008265828,0.00011181838,0.0006174816,-0.00016982201,-0.001096111,0.007516566
ALDH3B2,-1.61743e-06,-4.3486067e-05,-6.307991e-05,0.0028344549,-0.0007819142,-0.00011696297,-3.419721e-05,-0.00032001932,-1.8485058e-06,-0.00027667257,-7.7498626e-05,-0.0001997751,-2.2181664e-06,-5.3051717e-05,-0.00021747607,-1.6636628e-06,-5.915171e-06,-1.848505e-06,-5.1342155e-05,-0.00032325723,-9.057576e-06,-1.7468388e-05,-7.0704596e-06,-4.1545034e-05,-4.47334e-05,-3.0500062e-06,-4.598124e-05,-6.931871e-06,-6.894936e-05,-1.5804744e-05
CCND1,-4.1199906e-05,0.003929947,0.004194289,0.012063258,-0.016659785,-0.0017552342,-0.0007301744,0.0003946789,-4.708572e-05,-0.0016579749,-0.0012006444,-0.0041005895,-5.6502675e-05,-0.0013513553,0.0008975133,-4.237697e-05,-0.00015067315,-4.708572e-05,-0.00041342486,-0.00083227456,-7.070167e-05,-0.00020411356,-0.0001801019,0.00041410333,-0.00020149034,0.008110829,-0.0002872711,-2.4896694e-05,0.00022787738,-0.00017752306
CTTN,-5.4518146e-05,-0.0014657646,-0.0018695209,-0.004762529,-0.017598057,-0.0032362256,-0.0010200725,-0.009834908,-6.230631e-05,-0.008577239,-0.0024423876,-0.0063857334,-7.476794e-05,-0.0016449039,-0.006299799,-5.607584e-05,-0.00013053301,-6.23063e-05,-0.001529474,-0.010164217,-0.00030530177,-0.00052787084,-0.00016956174,0.08381016,-0.001356623,-4.7477435e-05,-0.0014712857,-0.00017886219,-0.0022436886,-0.00023822584
AP003498.1,-3.125512e-06,-8.403224e-05,-0.00012189576,-0.00027897506,-0.00151097,-0.00022601946,-6.60822e-05,-0.00061840896,-3.5720084e-06,0.0036573391,0.001414526,-0.00038604593,-4.2864203e-06,-0.00010251716,-0.00042024913,-3.2148198e-06,-1.1430421e-05,-3.572016e-06,-9.921324e-05,-0.0006246585,-1.7502918e-05,-3.3755507e-05,-1.3662981e-05,-8.028101e-05,-8.6442495e-05,-5.8938267e-06,-8.885402e-05,-1.3395104e-05,-0.00013323662,-3.0540712e-05
KCNE3,-0.0001870866,-0.0057823816,-0.0083243875,-0.019063972,0.24058507,0.02428394,-0.0045078113,-0.042906623,-0.00023360243,-0.037261736,-0.010563519,-0.026762275,-0.00031304843,-0.007152273,-0.028673634,-0.00010480892,-0.0006762467,-0.00026087288,-0.006852755,-0.042028636,-0.0011692306,-0.002298275,-0.0008438981,-0.0018640733,-0.0061200457,-0.00043044248,0.0015820463,-0.0009438959,-0.009046921,-0.0020774452
AP001189.1,-4.5490648e-05,-0.0011066498,-0.0017741433,-0.0036947993,-0.009755731,-0.0020497383,-0.0005410293,-0.008051513,-5.1989897e-05,-0.0072120507,-0.0018093401,-0.00516784,-6.238728e-05,-0.0014920983,-0.0053313575,-4.679051e-05,-0.000166367,-5.1989868e-05,-0.0011574158,-0.0076033585,-0.00018536467,-0.00041784605,-0.00019885995,0.06262156,-0.0012581414,-6.034444e-05,-0.0012006335,-0.00019496058,-0.0019392036,6.027955e-06
LRRC32,-4.7434307e-05,-0.00011473461,-0.0016937108,-0.0032108228,0.038857073,0.009155973,-0.0010028975,-0.0085381735,-5.4210883e-05,-0.006454847,-0.002068848,-0.004958184,-6.505297e-05,-0.0013951784,-0.005546054,-4.879e-05,-0.00017347449,-5.4210886e-05,-0.0015057006,-0.009045039,-0.00026563273,-0.00051229156,-0.00020735592,-0.00044716356,0.001739492,-8.944754e-05,0.0004356192,-0.00020329017,-0.002022068,-0.0004635009
PAK1,0.00034966564,-0.005777796,-0.008616109,-0.020639163,0.22169079,0.042589653,-0.004605699,-0.04777228,-9.0863665e-05,-0.043961663,-0.012192088,-0.025519796,-9.619269e-05,-0.00841951,-0.029777352,-0.00022424653,-0.00063133816,-0.0002025783,-0.008142693,-0.04523553,-0.00023118552,-0.0023013968,-0.0006747699,-0.006009505,-0.007193956,0.0012979404,0.023955848,-0.00094417855,-0.009628055,-0.0009964582
AP003032.1,-1.748492e-06,-4.7009395e-05,-6.819134e-05,-0.00015606616,0.0023749047,-0.00012644126,-3.6968187e-05,-0.0003459523,-1.9982756e-06,-0.00029909398,-8.377823e-05,-0.00021596352,-2.3979387e-06,-5.7350597e-05,-0.00023509774,-1.7984377e-06,-6.3944694e-06,-1.9982745e-06,-5.550252e-05,-0.0003494482,-9.7915945e-06,-1.8883755e-05,-7.643432e-06,-4.4911423e-05,-4.8358488e-05,-3.2971668e-06,-4.9707192e-05,-7.493524e-06,-7.453618e-05,-1.7085371e-05
SYTL2,-0.0001369968,-0.004722851,-0.0069587217,-0.016280683,-0.0803701,-0.01178743,0.00793127,-0.021466209,1.6693772e-05,-0.0070632133,0.0050610704,-0.012260392,0.00027051114,-0.0016626945,0.0438363,-0.0001764346,-0.0006259714,2.723579e-06,0.02043287,0.08284479,0.0016245012,0.0019900573,-0.0007713874,-0.0037156292,-0.0048657414,-0.00033001235,-0.0050786515,-0.0006459869,0.01637458,-0.0014659925
PRSS23,-0.00016129999,-0.0040046596,-0.0058929785,-0.01392645,-0.075636804,-0.011197522,0.006196603,-0.031026043,-0.00015523053,-0.02687084,-0.007301566,-0.01947887,0.00013516843,-0.005134607,0.04589335,-0.00016590768,-0.0004952098,-0.00018434146,-0.005038954,0.15537325,0.0031099496,0.0004819265,-0.0006709006,-0.0031526962,-0.004461076,-0.00024321798,-0.004349692,-0.0006521924,0.0105869705,-0.0015761257
CTSC,0.00033941952,-0.0079967845,-0.013452705,-0.03609943,0.057578176,0.055877447,0.0049342513,-0.065942466,0.0003820209,-0.039125938,-0.0076529067,-0.039383467,0.00051433436,-0.008754756,0.02144922,-0.00036798115,-0.0006867278,-0.0001437384,0.0011219245,0.07749155,0.003235837,0.0017034408,-0.00080606237,-0.008862276,-0.009075851,-0.00025037123,0.003824162,-0.00071317237,0.0026216728,0.008241193
SMCO4,0.0005186878,-0.0055311345,-0.008181827,-0.019923674,0.20748957,0.040276084,-0.0041713384,-0.044372074,-2.7164857e-05,-0.03143516,-0.009481528,-0.027419144,-0.00018383891,-0.0070746914,-0.0291725,-0.00021561049,-0.0005851965,-0.0002728989,-0.0065011196,-0.04005447,-1.5080566e-05,-0.0020062046,-0.00058668345,-0.004143854,-0.0059575676,0.0010593295,0.0068831434,-0.00030881053,-0.009373626,0.000768746
AP000943.1,-2.5095446e-06,-6.747103e-05,-9.787189e-05,-0.00022399657,0.0024223041,-0.0001814751,-5.3059528e-05,-0.000496536,-2.868051e-06,-0.00042928112,-0.000120243436,-0.00030996613,-3.4417053e-06,-8.231344e-05,-0.00033742734,-2.5812574e-06,-9.177747e-06,-2.868056e-06,-7.9660196e-05,-0.0005015504,-1.4053459e-05,-2.7103282e-05,-1.0970322e-05,-6.445933e-05,-6.940738e-05,-4.73234e-06,0.0009149859,-1.0755203e-05,-0.00010697899,-2.452165e-05
AP002383.2,-3.6689337e-06,-9.864183e-05,-0.00014308808,-0.00032747703,-0.0017736616,0.00064659404,-7.757163e-05,0.00044925752,-4.1930452e-06,0.0018471488,-0.00017579421,-0.0004531631,-5.0316576e-06,-0.00012034076,-0.0004933143,-3.773722e-06,-1.3417801e-05,-4.193046e-06,-0.00011646252,0.00048495288,-2.054599e-05,-3.9624523e-05,-1.603849e-05,0.000882719,-0.00010147194,-6.9185694e-06,-0.00010430211,-1.5723956e-05,-0.00015640086,-3.58504e-05
CEP126,-7.088313e-05,0.0022183608,0.00032428736,0.00038940302,-0.047399912,-0.0070296796,0.0010904869,-0.0037799645,-8.3777384e-05,-0.0042200824,-0.00045151456,-0.0030639968,-3.3773495e-07,-0.00053205335,0.008583678,-0.00011661672,0.0018092691,-7.160482e-05,-0.0023386101,0.05503804,0.0018566331,0.0010075781,-0.00043307676,-0.0022739554,-0.0011802346,-0.00021379678,-0.002022816,9.163304e-05,0.0022795903,0.00059416535
BIRC3,-0.0003118881,0.013350838,0.016219368,0.06716113,-0.019136773,0.011508296,-0.0035595465,-0.0021170331,-0.00010774306,0.031337935,0.002073529,-0.022820782,-0.0002786144,0.0033646221,-0.023610955,-0.00029445806,-0.0010154747,0.00024549942,-0.0060398895,-0.0514747,-0.0017175631,-0.0017016422,-0.0010273854,-0.0070162774,0.0120577,-0.00013169598,-0.0039440338,-0.0006416498,-0.007963711,-0.0024071014
MMP1,-6.5618324e-06,-0.00017641985,-0.0002559104,-0.00058569066,-0.0018560531,-0.00047451397,-0.00013873662,-0.0012983022,-7.4992736e-06,-0.0011224493,-0.0003144052,-0.00081047794,-8.999095e-06,-0.00021522868,-0.0008822906,-6.7492906e-06,-2.3997589e-05,-7.4992704e-06,-0.00020829147,-0.0013114252,-3.6746016e-05,-7.086793e-05,-2.8684424e-05,0.010600111,-0.00018148188,-1.237371e-05,-0.00018654362,-2.8121924e-05,-0.00027972198,-6.411847e-05
CASP5,-7.746801e-05,-0.0020827833,-0.0028212676,-0.0066718585,0.00881281,0.082378075,-0.0015234714,-0.014420549,-8.853567e-05,-0.012549743,-0.0035049452,-0.0088985255,-0.00010624217,-0.0024042223,-0.009687828,7.182796e-05,-0.00023546693,-8.853564e-05,-0.002187564,-0.014011808,-0.00043382088,-0.0008366536,-0.00033864798,-0.0013120129,-0.0018606369,-0.00014608316,-0.0010638377,-0.0003320076,-0.0028213246,-0.0007569769
CASP1,-7.557054e-05,-0.0059469445,-0.011357654,-0.026424188,0.20904107,0.051756606,-0.0040105004,-0.06105548,-0.000166654,-0.03580673,-0.0071557756,-0.03753482,-0.00013558885,-0.0077323634,-0.017371032,-0.00026799666,-0.001333727,-0.00039597816,-0.0010600254,-0.026398009,-0.0009605468,-0.0027081799,-0.0015089893,-0.007963733,-0.0071283584,-0.000754163,0.014245983,-0.0010891866,-0.004873639,-0.0038279928
CARD16,1.7588003e-05,-0.007463737,-0.011048719,-0.026877105,0.20545197,0.046015013,-0.0040916675,-0.06228101,6.348508e-05,-0.040797345,-0.010914878,-0.040158752,-8.621371e-05,-0.009361984,-0.018555343,-0.00030994034,-0.0012013203,-0.00021745094,-0.0063821077,0.0054795486,-1.4764416e-05,-0.002230003,-0.0013342323,-0.006446258,-0.004076132,-0.000763723,0.00956064,-0.0009183757,-0.0071795466,-0.003877317
POU2AF1,-0.000107190965,0.030301927,0.055231575,0.06488889,-0.047610927,-0.007240439,-0.0020493094,-0.019352881,7.847296e-05,-0.01547841,-0.004515884,-0.011998424,-0.00014700525,-0.0034032203,-0.012515502,-0.000110253204,-0.00023509322,-0.00012250427,-0.003036996,-0.019334245,-0.00045844127,-0.0011576617,0.009855143,-0.0021674484,-0.0023492177,-0.00017726603,-0.0028210361,0.00096406875,-0.0040637134,-0.0008669509
IL18,0.00048680225,-0.0046441145,-0.0066426895,-0.014666518,0.15829894,0.0079237,-0.0039026102,-0.03639167,-0.0002235041,-0.031248294,-0.008602795,-0.023025984,-0.00026820495,-0.006184877,-0.023965634,-3.8244696e-05,0.0046502007,-5.429089e-05,-0.006049784,-0.019196736,-0.0002944498,0.002740034,-0.0008334727,-0.0036530243,-0.005313811,0.0007032772,0.027411385,-0.00078660937,-0.0075869677,0.0013601411
NCAM1,1.0525133e-05,-0.0030798092,-0.004597453,-0.01078229,-0.056161895,-0.008670749,-0.0018639574,-0.024194334,-0.00013033226,-0.02055448,-0.005452172,-0.015213094,1.5100415e-05,-0.003970359,0.0034632308,-0.00013009326,-0.0004292619,-8.110933e-05,-0.0017126773,0.14038773,0.0043773907,0.017419435,-0.00055289397,-0.0024089743,-0.0034483077,-0.0002049891,-0.0028523153,-0.0004445956,0.0024984144,-0.001235888
CADM1,-1.0706539e-06,-0.0012484279,-0.0011884659,-0.0051033963,-0.027672833,-0.0043339734,0.0044728667,-0.01122709,-4.490494e-05,-0.001265102,-0.0019206954,-0.007373741,-1.897782e-05,0.0011489168,0.017537259,-6.49265e-05,-0.00023084936,0.00058537914,0.0009899568,0.01597224,0.00073033496,-0.00068172766,0.0038942713,-0.0010109321,-0.00052459945,0.008396259,-0.0016740962,2.3391141e-05,0.012451647,-0.0006168015
JAML,0.00070223043,-0.010130916,-0.014874723,-0.033401854,0.29115394,0.018199408,-0.005642461,-0.048109632,-0.00024235058,-0.039590694,-0.009575449,-0.021822086,-0.00039692613,-0.005684205,-0.040163506,-0.00021455249,-0.0011590847,-0.0003217683,0.0014931937,-0.0737198,-0.0021420664,-0.0040296963,-0.0017014405,-0.008534534,-0.007230067,0.0001770601,0.023376372,-0.0011036365,-0.010711652,0.005400213
CD3G,-0.0004533248,-0.0109959105,-0.01645104,-0.037233975,-0.20769984,-0.031521443,0.014631142,0.09011855,0.0005797901,0.072279744,0.01973865,0.054020267,0.00082653755,0.013615535,0.09175415,-0.00020679804,-0.0015195129,-0.00046276426,0.010400101,-0.06744721,-0.0016497464,-0.0046372116,-0.0018379551,-0.00920865,0.011899443,-0.0008633606,-0.012355123,0.002450433,0.026386324,-0.0041572023
CXCR5,-9.1415204e-05,0.012272166,0.01516066,0.06102424,-0.039786913,-0.0059076953,-0.0013788101,-0.01021429,-5.9927886e-05,0.0055277627,-0.002716634,-0.0067902077,2.628923e-05,-0.0022440916,-0.006119791,-9.40274e-05,-0.00026992947,-0.00010447483,-0.0016726459,-0.010506763,-0.0003708271,-0.0006453898,-0.0003996162,-0.0018368855,0.00074977224,-0.00017238295,-0.0022766802,0.00034897236,-0.0006044829,-0.00084604876
H2AFX,4.669863e-06,-0.0011753131,-0.0012696189,-0.0043095797,-0.0104091,-0.002952307,-6.7814195e-05,-0.013828529,0.0024290013,-0.008418592,0.00022276484,-0.0085215205,0.00091375876,-0.0006642031,0.005720953,-0.00013943182,0.00057425944,3.7413083e-05,0.0016660079,0.02727346,0.009148249,0.001991905,0.0007581115,-0.002005002,-0.0018111807,-9.065441e-05,0.0023973538,-0.00013931867,0.0025634188,0.00010062794
MCAM,-2.8634257e-05,-0.0007698515,-0.0004448104,-0.0013911051,-0.009958089,-0.0015154298,-0.00060540787,-0.0027752034,-3.272498e-05,0.012103849,0.007256156,-0.00070169126,-3.9269773e-05,0.00019248923,-0.0025486548,0.00011711637,-0.00010471923,-3.2724995e-05,0.0086267395,-0.0050941496,6.476674e-05,-0.00030925006,0.00029579026,-0.0007354879,0.000500495,-5.3995806e-05,-0.0006071135,-0.00012271866,-0.0010064986,-0.00027979742
THY1,-5.9771987e-06,-0.00016070178,-0.00023311038,-0.0005335048,-0.0021812795,-0.00043223632,-0.0001263744,-0.0011826291,-6.831053e-06,0.0011329412,0.003600957,-0.00073826575,-8.1972685e-06,-0.00019605207,-0.00080367865,-6.14793e-06,0.0014829222,-6.8310483e-06,0.0014776632,-0.0011945841,-3.3472414e-05,-6.45533e-05,-2.6128846e-05,-0.00015352778,-0.00016531251,-1.127123e-05,-0.000169923,-2.5616639e-05,0.00083015754,-5.840583e-05
NRGN,-0.0002039726,-0.0048287655,-0.007036978,-0.015804945,0.14568865,0.004477356,-0.0038407815,-0.038905516,-0.00018689953,-0.033570956,-0.0090235835,-0.02442554,-0.0002731887,-0.0064350804,-0.024961974,-0.00011827995,-0.0006236543,-0.00024859197,-0.006059047,-0.0369163,-0.00082329416,-0.0021383292,-0.0009034514,0.08232611,-0.005579426,-0.00031547635,0.00085804466,-0.00086056005,-0.008209497,-0.001055828
ESAM,-4.40263e-05,-0.00044966894,-0.001430441,0.0009998902,-0.014999584,-0.0028393306,-0.0009308431,-0.0066962023,-5.0316186e-05,-0.0049269395,-0.0016908235,-0.0039051902,-6.037911e-05,-0.0013178361,-0.00539852,-4.528459e-05,-0.00016101038,-5.0316175e-05,-0.0013975211,-0.007693808,-0.00017406525,-0.00047548526,-0.00014764398,0.05819014,-0.0011194377,-1.1609978e-05,-0.0011232295,-0.00018868408,-0.0015048607,-0.00035698432
CHEK1,0.000110766276,0.00016017792,0.0002124602,-0.0023012778,-0.014977126,-0.003257199,0.00015635262,-0.0050056665,0.003099383,-0.0002577086,-0.0011644927,-0.003152607,0.0039991383,-0.00039949096,0.0007750912,-6.593253e-05,0.0004299091,-7.325824e-05,-0.0008387931,0.004855459,0.014874057,0.000114487375,0.001733711,-0.0012970286,0.0008931791,0.00015143756,0.00021486037,0.00021023126,-0.00023049842,0.0010303311
KIRREL3,-1.5730593e-05,-0.0004229263,-0.00027115105,-0.0014040644,-0.005979899,-0.0011375429,-0.00033258984,-0.0023280918,-1.7977758e-05,-0.0026908333,-0.0007537215,-0.0015025608,-2.157336e-05,-0.000515964,-0.0016496673,-1.618005e-05,-5.7529116e-05,-1.7977734e-05,-0.0004993331,-0.0031438754,-8.8091125e-05,-0.00016989044,-6.8765e-05,-0.0004040518,-0.00043506484,-2.9663228e-05,-0.00027699486,-6.741692e-05,-0.00067057356,0.024989793
APLP2,-0.00030226793,-0.008033711,-0.016317144,-0.0010181676,0.33958304,0.02358567,-0.0060343095,-0.07629436,-0.0003995979,-0.06254742,-0.017442718,-0.05100447,-0.00044259048,-0.01253307,-0.034834307,-0.00023345018,0.000308547,-0.0003940315,-0.011654598,-0.0301356,-0.00032052313,-0.003447903,-0.0015474221,-0.009567906,-0.009362828,-0.000322887,0.007098154,-0.0014436656,-0.011984833,-0.002955888
NTM,-7.237391e-06,-0.00019458172,-0.00028225782,-0.00028050516,-0.00051169016,-0.000523365,-0.00015301874,-0.00143197,-8.27137e-06,-0.0012380069,-0.00034677493,-0.0008939239,-9.925578e-06,-0.00023738525,-0.00097311736,-7.4441978e-06,-2.6468093e-05,-8.271369e-06,0.00057930057,-0.0006413558,-4.0529434e-05,-7.816385e-05,-3.163775e-05,-0.00018589712,-0.00020016562,-1.364757e-05,0.00058389286,-3.101739e-05,-0.00030851774,0.0075019426
B3GAT1,-7.787764e-05,-0.0020937964,-0.0027571598,-0.0065373033,-0.036207914,-0.0052458686,0.003561011,-0.0149995405,-1.9660877e-06,-0.012579768,-0.0035093394,-0.00934467,0.0003680382,-0.0024778007,0.02712251,-8.0102895e-05,-0.00028480712,-8.900259e-05,-0.0022944133,0.06608936,0.0015745881,-0.00075328845,-0.00029619897,-0.0017102676,-0.0020460002,-0.00014685458,-0.0021194466,0.00037866583,0.0072275302,-0.0006682971
KLF6,-0.00017734573,0.0045494605,0.007779126,0.0035349585,0.17369924,0.023113213,0.00041931332,-0.080685645,-0.00040046903,-0.011614288,-0.00018918366,-0.05073756,-0.0002474029,-0.0017346246,0.0064944024,-0.00047821406,-0.00044175095,0.00014178033,-0.008384704,-0.038218457,-0.0014298941,0.00022447418,-0.0020484799,-0.010743724,-0.005281996,-4.5260666e-05,-0.00336947,-0.00090541417,-0.0042113825,0.00138929
AKR1C3,-3.3723853e-05,-0.0035250862,-0.005231991,-0.012121193,-0.06462449,-0.009981104,0.0023931742,-0.019307742,-6.927041e-05,-0.01970275,-0.0045401603,-0.016113788,-2.6864347e-05,-0.0044920016,-0.0071647796,-0.0001496918,0.002528778,-2.7797794e-05,-0.0040575555,0.172603,0.0056572217,-0.0007544607,-0.00061306934,-0.003219537,-0.0030958988,-0.00026410163,-0.00386383,-0.0005983653,0.00037281442,2.4617151e-05
NET1,4.8273323e-05,-0.0016269714,-0.0017001241,-0.004918808,-0.021908352,-0.0025917466,-0.001240443,0.039169353,0.0007219948,-0.001848569,-0.0016230036,0.0025258237,0.00041212334,-0.001096547,-0.008600399,-9.631998e-05,0.0020952655,0.000104245126,-0.0026595306,-0.009858104,0.002449988,-0.00041157505,0.00095280714,0.0013048943,-0.00046786165,0.004039693,0.009065704,-0.00040133533,-0.0033660366,0.0015257241
IL2RA,-8.973619e-05,0.0049121324,0.0077785314,-0.0020342332,-0.038626924,-0.006080797,-0.0015771224,-0.008632078,-6.570085e-06,0.049156703,0.006235966,-0.009462821,-1.6569293e-05,0.0046560722,-0.008044576,-9.2299975e-05,-5.3500535e-05,0.0017021898,-0.002218586,-0.014360431,-0.0004215997,0.00011480104,-0.000392278,-0.0020252941,0.026283532,-0.00016921751,-0.0022594915,-0.00028918847,-0.0031098372,-0.0008768552
PFKFB3,-0.00010601361,-0.0045800353,-0.0066948463,-0.015013815,0.18138704,0.011527653,-0.0027572736,-0.03420915,-0.00015917359,-0.023723222,-0.0057994486,-0.02122385,-0.00020310287,-0.004695204,-0.020471832,-0.0001637489,-0.00059738284,-0.00011957447,-0.0030710313,-0.031784993,-0.00084537914,-0.0018009852,-0.0007613271,-0.0027579581,-0.004903195,0.0003875843,0.0011718626,-0.0007048488,-0.0059372024,-0.0013894059
GATA3,-0.00019542484,-0.0041770684,-0.0064048376,-0.015885795,-0.08869216,-0.013178972,0.0029014174,-0.0012182858,0.00034294417,0.04946213,0.01197307,-0.0046914564,0.00042547495,0.013293187,0.014602941,-0.00010374713,-0.000471443,0.0016318556,0.0055722413,0.027125556,0.0006574422,0.009424384,-0.00060143287,-0.0031884962,0.0025226495,-0.00037562594,-0.00541899,0.00045657676,0.0060101887,-0.0017986472
MCM10,8.831353e-05,-0.0001834121,-0.00040639698,-0.0014492639,-0.01142739,-0.0015603217,-0.0001743245,-0.005337823,0.0053883395,-0.0034336608,-0.00056636904,-0.0020350078,0.0040519373,-0.00070724334,-0.0019877723,-2.9103361e-05,0.00018048749,-3.2336997e-05,-0.000597346,-0.0018303033,0.022940237,0.0002973385,0.0017774862,-0.00072677404,-0.0004996393,-5.3355958e-05,-0.00035679873,-0.00012126396,-0.00093162956,-0.00027648188
OLAH,-5.2811665e-06,-0.00014198774,-0.00020596392,-0.0004713839,0.0021407187,9.127539e-05,-0.000111659196,-0.0010449137,-6.035561e-06,-0.0009033837,0.0010208519,-0.0006523,-7.242756e-06,-0.0001732215,0.0015789613,-5.432038e-06,-1.9313873e-05,-6.035571e-06,-0.0001676383,-0.0010554738,-2.9574541e-05,-5.7036268e-05,-2.30863e-05,-0.00013564983,-0.00014606127,-9.958709e-06,0.0008462359,-2.2633434e-05,-0.0002251291,-5.16041e-05
ITGA8,-7.58984e-06,-0.00020405672,-0.00029600144,0.0013124115,0.0017442569,6.467479e-05,-0.00016046868,-0.0015016875,-8.673989e-06,-0.001298279,-0.00036365824,-0.0009374437,-1.0408806e-05,-0.0002489433,-0.0010204959,-7.806614e-06,-2.775688e-05,-8.673994e-06,-0.0002409215,-0.0015168684,-4.2502783e-05,-8.1969185e-05,0.0059280638,-0.00019494856,-0.00020991122,-1.4312137e-05,-0.00021576606,-3.2527623e-05,-0.00032353925,-7.416322e-05
VIM,0.000806092,-0.008572914,-0.008843215,-0.051645115,0.23853701,0.016665332,-0.0015717286,-0.038264032,0.0004962513,0.019064587,-0.002630951,-0.0207722,0.00034114887,0.0017494943,-0.021501316,-0.0006976625,0.0002184491,-3.4322568e-06,-0.007086278,-0.10085682,-2.0005757e-05,-0.005732635,0.00028223993,-0.013145467,-0.007623545,0.0015307516,0.018099036,-0.0013235816,-0.009891295,0.0023918534
MRC1,-3.2989443e-05,-0.00088694686,-0.0011401654,-0.0029445412,-0.0007678216,-0.0008901507,-0.00069749384,-0.006196349,-3.7702142e-05,-0.0055213817,-0.0013635957,-0.003912608,-4.5242807e-05,-0.0009163374,-0.004435667,-3.3931967e-05,-0.000120647506,0.000103841514,-0.0008831364,-0.005899098,-0.0001847412,-0.00035628708,-0.00014421152,2.2244292e-05,0.00027785075,-6.2208615e-05,0.03759314,-0.00014138302,-0.0011997012,0.00081714493
ARL5B,-9.3347764e-05,-0.002724854,-0.003943237,-0.008927657,0.13390358,-0.00210243,-0.0024389313,-0.02843116,8.807489e-06,-0.018963756,-0.005275835,-0.016362129,4.688473e-06,-0.0036404175,-0.013412356,-0.00017268994,0.0002146232,-2.4358793e-05,-0.0033286328,-0.01659915,-0.00036799192,-0.00024042801,8.1936276e-05,-0.0031636667,-0.0031350956,4.920929e-06,0.003351462,-0.00046135715,-0.0040164706,0.0002562941
AL157895.1,-2.7317801e-05,-0.00073445437,-0.00091192866,-0.0021044745,-0.008901795,-0.0011553558,-0.0005775752,-0.005234448,-3.1219955e-05,-0.0040230723,-0.0007514216,-0.0033741347,-3.7464193e-05,-0.0008960164,-0.003297745,-2.8098097e-05,0.009756818,-3.1219955e-05,-0.00086714246,-0.0049130674,-0.00015297915,-0.00029502992,-0.00011941742,0.0314405,-0.00075552653,-5.1513376e-05,-0.00070334063,-0.00011707605,-0.0008375168,-0.00026693198
PLXDC2,-0.00014278885,-0.0075415457,-0.01110206,-0.024807038,0.30349222,0.014338308,-0.006180027,-0.056448888,-0.0003031218,-0.048781198,-0.013843016,-0.035194255,-0.00040604273,-0.00934205,-0.037238836,-0.00022578287,0.00032522346,3.570957e-05,-0.007962109,-0.044751815,-0.001319761,-0.0023784915,-0.0012836397,0.0028437793,-0.007916271,0.0001033803,0.0112984935,-0.0012252778,-0.011479816,-0.002563496
CASC10,-7.2332837e-06,-0.00019447037,-0.000282094,-0.0006456169,-0.0026492456,-0.0005230632,-0.00015292985,-0.0014311485,-8.266586e-06,0.00011002741,-0.00034657383,0.0038615344,-9.919865e-06,-0.00023724994,-0.000972556,-7.4398745e-06,0.006345077,-8.26656e-06,-0.00022960408,-0.0014456086,-4.0506166e-05,-7.811866e-05,-3.1619464e-05,-0.00018579046,-0.0002000499,-1.3639784e-05,-0.0002056309,-3.0999443e-05,-0.00030834306,-7.06792e-05
OTUD1,-0.00018753383,0.0018474358,-0.0011555363,0.008792854,0.14686283,0.011750701,-0.0032752415,-0.030411774,-1.7916062e-05,-0.020696254,-0.0060811457,-0.02142367,-0.0003395647,-0.0047057993,-0.019874262,-0.0001958077,-0.0005045811,-0.00014710554,-0.0044115074,-0.036936827,-0.0010891809,-0.0019423804,-0.00034197303,-0.0045715803,-0.0033716862,-0.000116560725,0.0007253745,-0.00032743224,-0.006048014,-0.00180636
ENKUR,-4.567899e-05,-0.0011774839,-0.0016965658,-0.0037312985,-0.013633376,-0.0021965385,-0.0005773122,-0.008669049,-5.2205192e-05,-0.007165286,-0.0019306178,-0.005227851,-6.264585e-05,-0.0014167592,-0.0055054137,-4.6984274e-05,-0.00014037082,-5.2205203e-05,-0.0012643248,-0.00806081,-0.00025580477,-0.00042940915,-0.0001996842,0.068234146,-0.00118902,-4.5752626e-05,-0.0012355852,-0.00019576814,-0.001947238,-8.342015e-05
BAMBI,-2.0629894e-05,0.0004929027,0.00039976934,-0.0007208473,-0.0051630693,-0.00088494073,-0.00043617364,-0.002437546,-2.3576906e-05,-0.0032350114,-0.00022008948,-0.0011439673,0.00029007075,-6.972538e-05,0.00039406974,6.8041816e-05,0.00039583564,-2.3576911e-05,0.0010226741,-0.001837215,-0.00011552749,-0.0002228023,-9.018183e-05,0.015326558,-0.000570562,-3.8902286e-05,-0.000116793395,-8.841404e-05,-0.0008794211,-5.0956372e-05
MAP3K8,0.00064301194,-0.0008595424,-0.0065606777,-0.010970163,0.11569037,0.018746588,-0.0012129457,-0.0631789,-0.00030839883,-0.051433746,-0.008652871,-0.04015156,-0.00019657514,-0.009586971,-0.0091578495,-0.00026559352,-0.0008612826,0.00017174457,0.0015506092,0.061818745,0.0011279992,0.0054763854,-0.000958439,-0.005113941,-0.008885715,0.0004148072,0.012216761,-0.0013560968,-0.00044631775,0.0023008774
ITGB1,-0.0003321094,-0.0049779746,0.008135169,-0.0382471,-0.023146199,0.009890114,0.013968229,-0.08577452,0.00040256328,0.06242449,-0.0021886805,-0.055340268,0.00072793313,0.0070631225,0.05632254,-0.00035407147,-0.0006642925,0.00061599404,-0.008101485,0.037424725,0.0016197484,0.0032157695,0.002251599,0.018194895,-0.00027900218,0.00010740629,-0.0029851592,-0.0011296595,0.0034951598,-0.0023389412
NRP1,0.00086690555,-0.0014221692,-0.0024294318,-0.0053734826,0.040183935,-0.0035216878,-0.0013170519,-0.0115576815,-7.1191906e-05,-0.009971752,-0.002812125,-0.0070031467,-8.5430365e-05,-0.0017727076,-0.007470392,-6.407268e-05,-0.00013058717,-7.119193e-05,-0.001722156,-0.011693765,-0.00034884203,-0.00041732553,-0.00027230987,-0.00080705126,-0.0017228456,-6.8712616e-05,0.0026390776,-5.2587898e-06,-0.0024431106,0.030885607
PARD3,6.684095e-05,-0.0008256035,-0.0011976035,-0.002578103,-0.011029205,-0.002220607,-0.0006492487,-0.0034954837,-3.5094647e-05,-0.004784694,-0.0014713355,-0.0028792224,-4.2113665e-05,-0.0010072124,-0.0037188693,-3.1585172e-05,0.00012320245,-3.5094665e-05,-0.0007255033,-0.005482072,-0.00010302586,-0.00021775103,-0.00013423638,0.044916965,-0.0008492847,-5.7905912e-05,-0.0008729781,6.637716e-05,-0.0005249992,-0.00020442525
CREM,-2.25096e-05,5.0362876e-05,-0.004137331,-0.008367685,-0.0579465,-0.0073506045,0.002900033,-0.022299059,0.00019883859,0.01612426,0.008039369,-0.012471334,0.0001293053,0.0018998899,0.009792926,-0.00019149057,-0.00035926967,-6.378502e-07,0.008704414,0.057672746,0.0015097663,0.00062415795,-0.00033504068,-0.002020451,-0.0023809592,-2.383463e-05,0.0024197716,8.3933344e-05,0.007006602,0.0007502032
CXCL12,-4.7140834e-06,-0.00012674181,-0.00018385093,-0.00042076656,-0.0022789293,0.004835573,-9.966966e-05,0.0001988786,-5.3875406e-06,-0.00080637704,-0.00022587134,-0.0005822609,-6.465094e-06,-0.00015462129,0.0010752416,-4.8487823e-06,-1.7240096e-05,-5.387528e-06,-0.00014963774,-0.00094214716,-2.6398982e-05,-5.091231e-05,-2.0607395e-05,-0.00012108497,-0.00013037899,-8.889446e-06,0.00053075736,-2.0203333e-05,-0.00020095693,-4.6063225e-05
RASSF4,-0.00027999104,-0.006958837,-0.009937619,-0.023257855,0.22866347,0.015110521,-0.0046195034,-0.052576803,-0.00027800177,-0.04472468,-0.012846476,-0.032753646,-0.00031396135,-0.008574711,-0.02778641,-0.00017036023,-0.0009957879,-0.00031999245,-0.008288285,0.006840233,-0.0005836953,-0.0022498479,-0.0011679913,-0.005734681,-0.0073013823,0.00030186935,0.012827755,-0.0011167034,-0.008520191,-0.002386084
DEPP1,-1.3379083e-05,-0.00014056629,-0.00052178,-0.0007481899,0.0031310983,-0.00010851558,-0.00028286967,-0.0014844311,-1.5290241e-05,-0.0018511559,-0.0006410444,-0.0009788956,-1.8348468e-05,-0.00043883116,-0.0017989042,-1.3761257e-05,0.0016705525,-1.5290238e-05,0.00016386689,-0.0026738888,-7.492239e-05,-0.0001444928,-5.8485253e-05,0.0081685865,-0.00037002462,-2.5228755e-05,4.2687036e-05,-5.7338766e-05,-0.00057032873,-0.00013073189
NCOA4,0.0002863009,-0.0063609486,-0.010214138,-0.022738012,0.21114057,0.016519634,-0.0043625054,-0.050487645,-4.1643816e-05,-0.042629402,-0.01145647,-0.02945544,-0.000102861835,-0.007678267,-0.027507935,0.00029647574,0.00068079436,-0.00020032763,-0.008046861,-0.03210499,-0.00063084706,-0.0018509325,-0.0010212233,0.038031887,-0.007309239,9.777583e-05,0.006441697,-0.0010344462,-0.009003314,0.0007418752
WDFY4,0.0011158374,0.019082129,0.02037035,0.047620136,0.045632042,0.00023212055,-0.0031249158,-0.03050627,-0.00016643302,-0.026493872,-0.007317816,-0.018617162,-0.00021942028,-0.004940856,-0.020053579,-0.00013343223,-0.00023294271,-9.9543475e-05,-0.0046907933,-0.02958142,-0.00079144235,-0.0017279265,-0.0004447984,-0.0029534963,-0.004093222,0.006436156,0.010051169,-0.000685683,-0.006157741,0.01249259
TMEM273,-0.00011884944,0.0028592558,0.012497679,-0.008670347,-0.028944042,-0.0065044346,-0.00022333059,-0.021901192,-4.8329475e-05,0.008981394,0.005730777,-0.013137798,-4.8488455e-05,-0.0013010681,0.0026980264,-0.00010963245,-0.00018234574,-5.975708e-05,0.008900781,0.02736444,4.1237803e-05,-0.0010639017,-0.00027513475,-0.0029306647,-0.002421428,0.001167431,0.018921403,-0.0003315061,0.00014533686,-0.0010353597
ZWINT,-5.060877e-05,-0.0007659394,-0.0011041025,-0.0027529404,-0.016050594,-0.00046908596,-0.0007862345,0.0049641184,0.0043876595,0.0011992477,-0.0007473849,0.0018596501,0.0030481697,-0.00087359495,-0.0028582732,-5.2054667e-05,0.0005418583,-5.78389e-05,-0.001448641,-0.0054672114,0.015634617,-4.9728296e-05,0.002184491,-0.00023344385,0.0006856437,-4.637859e-05,-0.00014045092,7.4896474e-05,-0.00050436537,-0.00012143663
UBE2D1,-0.00020959768,-0.004366753,-0.0075148665,-0.013216684,0.22545351,0.016964568,-0.0037046154,-0.04358169,-0.0002702333,-0.03382465,-0.0089230575,-0.026514342,-0.00018728097,-0.006542145,-0.023738137,-0.00020632114,-0.0007171821,-0.00018041537,-0.006409319,-0.038420927,-0.0010430184,-0.001904248,-0.0010104912,-0.0067756497,-0.006158684,-0.00015513836,0.0022776003,-0.0008801888,-0.0071066488,-0.0011328163
CDK1,-3.7936978e-05,0.00022625051,-8.959197e-06,-0.0015832288,-0.005156193,-0.0017554553,-0.00038625437,-0.004892134,0.006264078,-0.0034456782,-0.0008084052,-0.0025544649,0.0031535346,-0.0005952143,-0.0008761361,-3.902067e-05,8.9979265e-05,-4.3356245e-05,-0.00087378017,-0.0050883563,0.017297285,8.7080836e-05,0.0020768123,1.5912505e-05,-0.00049486046,-7.153787e-05,-0.00020249512,9.8841476e-05,-0.00057386287,0.00017762971
RHOBTB1,-3.800097e-05,-0.0007959641,-0.0012553743,-0.0012288739,-0.0026525625,-0.0015235817,-0.00080345396,-0.0071499827,-4.3430195e-05,-0.0059027155,-0.0018207949,-0.00430536,-5.2116e-05,-0.0012464412,-0.004078322,-3.9087066e-05,0.0009088334,-4.3430195e-05,-0.0012062626,-0.0074574742,-0.00021280709,-0.00020368233,-0.00016611935,0.042989183,-0.0010510066,1.0489051e-05,0.0010732525,-2.8533548e-05,-0.0014508868,-0.0002257729
ARID5B,-0.0002062158,0.008113973,0.023797266,0.033158455,-0.12415166,-0.010736186,0.00544772,0.006214849,0.0003839495,0.039392475,0.003450819,-0.025807803,0.00012216123,0.0019380192,0.030040493,-0.00022887507,-0.00044297433,-5.059507e-05,-0.0077877776,0.013138494,-0.0003819145,0.0005018182,0.00040329315,-0.005618862,0.009598474,-0.00053329696,-0.006717356,-0.0005724013,0.010181232,-0.0026474618
RTKN2,-9.475125e-05,-0.002010595,-0.0028812005,-0.0064575523,-0.0380564,-0.0057848096,-0.0012660696,-0.0014007633,6.1033395e-05,0.0211878,-0.00087585574,-0.008295277,-2.258805e-06,0.0026325013,0.0004941493,-6.347399e-05,-0.00028264947,0.0002088759,-0.0018303917,-0.015195149,0.00021067682,-0.00081505754,-0.00041419794,-0.0012007138,0.042246964,-0.00017867371,-0.002438912,0.0006422226,0.022651404,-0.0007909877
EGR2,-9.911685e-05,-0.0021585315,-0.0033560786,-0.0075231167,0.11047894,0.0023159212,-0.0016165891,-0.017542308,-4.0384486e-05,-0.015627733,-0.004367315,-0.011123581,-0.00013593132,-0.0030259758,-0.01144592,-0.00010194896,-0.0003624829,-0.000113275564,-0.0029704433,-0.017921276,-0.00039958538,-0.0010704551,-0.00043328124,-0.0024492913,-0.002593465,-0.00015868957,-0.0009506668,-0.00034986413,-0.0040477426,-0.0008100209
SRGN,0.00028036174,-0.0154819535,-0.024720304,-0.05825668,0.28369278,0.027206043,-0.0027463546,-0.10819629,-0.00014234685,-0.051388726,-0.010350147,-0.068416454,-0.00012788521,-0.0108320005,-0.004888605,-0.00043951525,-0.001018001,-0.00018786365,0.00022660117,0.036603358,0.00016044341,0.003143302,-4.0772127e-05,0.008376898,-0.012465013,0.00012798505,0.010057295,-0.00094899477,-0.00020230652,0.0009749684
PRF1,-0.0002793247,-0.0068615363,-0.010200458,-0.023221351,-0.12843338,-0.018906802,0.00871744,-0.050736416,-0.00011905211,-0.041682146,-0.008304137,-0.028985145,0.00070773397,-0.0065000006,0.06274519,-0.00024637507,-0.0009376542,-0.000107488864,0.009917887,0.23768763,0.005365266,0.0054013506,-0.0010929086,-0.005658053,-0.0063642394,-0.0004790103,-0.007491291,-0.0007557727,0.019422814,-0.002603023
VSIR,0.00020061042,-0.01103769,-0.015742,-0.037207488,0.2739683,0.046015937,-0.005417522,-0.056189097,-0.00026444838,-0.039342534,-0.010724259,-0.033171028,-0.0002816711,-0.008348399,-0.029581986,-0.00029826068,-0.00094743323,-0.00023454716,-0.0050489213,-0.043481037,-0.0014050127,-0.0023236286,-0.0012120137,-0.0049037095,-0.0075052157,3.1578031e-06,0.006666073,-0.0012492726,-0.00853989,-0.0023970131
PSAP,0.00015104176,-0.006266878,-0.012055766,-0.02966401,0.3322288,0.05839187,-0.006284567,-0.076770544,-0.00035363965,-0.06623518,-0.018175667,-0.049011875,-0.0003873079,-0.012888786,-0.038707927,-0.00025757743,-0.0011766133,-0.00036286312,-0.011676489,-0.039284773,-0.0011452887,-0.0033161012,-0.0006691622,-0.0018172733,-0.010815602,0.00042909232,0.0077262726,-0.0015024771,-0.013086827,0.0029866912
DDIT4,0.0006164629,-0.0059481286,-0.004810987,-0.025510084,-0.03631928,-0.008636641,0.0012339902,-0.009557303,-0.00028363685,0.012386485,0.0020518024,-0.008148586,-0.00034793813,-0.0019462709,-0.0066807675,-0.00036919702,-0.00068623933,0.00097328704,0.014229273,0.07044574,0.0001755478,0.0032847633,-0.0015181358,-0.008844503,-0.0061545484,0.0009158346,0.012489929,-0.0013294539,0.004330086,0.003958594
VCL,7.53948e-05,-0.005165662,-0.005373697,-0.018069055,0.052514367,0.014520734,0.0033669663,-0.049393773,4.027037e-05,-0.021131173,-0.0045751166,-0.032400295,4.6966357e-05,-0.0061589982,0.004775987,-0.00022384143,-9.3308205e-05,-0.00018840493,-0.0039817286,0.02143689,0.00024547635,-0.0015496371,-0.001147665,0.050922025,-0.0068597957,-8.360494e-05,0.0068873474,-0.00080033444,0.0010230042,0.0013406805
ZNF503,0.00010413128,-0.0029646815,-0.0041614138,-0.009222364,0.1055148,0.007058188,-0.0023314145,-0.021063397,-8.448496e-05,-0.017881587,-0.0050749634,-0.012930868,-0.00015122691,-0.0033868381,-0.014085112,-2.4195018e-05,6.2664374e-05,6.4812106e-05,-0.0035002793,-0.020622654,-0.0006175065,-0.0009970424,-0.0004276629,-0.002405061,-0.0030497299,0.00073916366,0.017145662,-0.00047258547,-0.004270384,-0.0009638563
KCNMA1,-5.4863045e-05,-0.0012067108,0.0013621643,-0.0037842828,0.0037730148,0.056552168,-0.0008495139,-0.009882493,-6.2700485e-05,-0.009106306,-0.0026287234,-0.0067763305,-1.351755e-05,-0.0017994996,-0.00698678,-5.6430417e-05,-0.00020064095,-6.270053e-05,-0.0017415077,-0.010440991,-0.00030723232,-0.00059252034,0.0018941337,-0.00090356753,-0.0015173574,-0.0001034557,-0.0014651194,-0.00023512723,-0.002338727,-0.0004641708
PPIF,0.0002231133,-0.0036840641,-0.0045814924,-0.013298361,0.17490157,-0.0047944062,-0.0033293148,-0.03226673,0.0002315093,-0.027786748,-0.0073751183,-0.020453766,0.00023606852,-0.005410607,-0.019729696,-0.00015828313,-0.0003914095,-0.00015008477,-0.0044492804,-0.029035283,0.00014738132,-0.001540901,-0.00024593557,0.002520887,-0.004591425,0.0009568865,0.012068025,-0.0006189652,-0.006457599,-0.00093608774
FAM213A,6.564619e-05,0.003098252,0.0011177339,0.0010777357,-0.014279441,-0.0071646147,-0.0020360628,0.017600982,-7.202887e-05,-0.008324209,-0.0036423635,0.012097121,0.00011831744,-0.0006419267,-0.0050954074,-0.00012077939,0.0009285003,-0.0001342001,-0.00062323373,-0.013321902,0.001188583,-0.0007855977,-0.0005133145,-0.0017426625,-0.00104717,-0.00016345846,-0.0012479613,0.00045921796,-0.00047171098,0.023676017
AL603756.1,-2.8023796e-05,-0.00022073719,1.6074973e-05,-0.0008165399,0.0009021026,-0.00020649024,0.00048080424,-0.002835228,-3.2027427e-05,0.0025412014,0.0013541388,-0.0030580359,-3.843273e-05,0.0012315791,0.0017574967,-2.8824488e-05,-1.6566195e-05,-3.2027434e-05,0.0018446126,-0.0010687832,-0.00015693464,-8.778145e-05,0.00045276037,-0.00023258764,-0.000117229865,-5.284508e-05,-0.00020666394,-0.00012010201,-0.00095105893,-0.000273834
ADIRF,-1.3609672e-05,-0.0003659049,-0.0005307764,-0.001214762,0.0003330921,-0.0009841796,-0.00028774815,0.003025502,-1.5554e-05,0.002760306,-0.00027094924,0.0027137361,-1.8664778e-05,-9.7070064e-05,-0.00080797414,-1.3998466e-05,-4.9772574e-05,-1.5554002e-05,-0.00043200995,-0.002719986,-7.621457e-05,-0.00014698443,-5.9494047e-05,-0.0003495745,-0.000376405,-2.5664076e-05,0.000100393365,-5.8326936e-05,-8.430052e-05,8.2427694e-05
ANKRD22,-4.989996e-05,-0.0011725189,-0.0018056253,-0.0042505967,0.043481376,0.006991956,-0.00084150524,-0.0048803366,-5.7028326e-05,-0.007730688,-0.0021952235,-0.0050520254,-6.843408e-05,-0.0011440197,-0.00590256,-5.1325347e-05,-0.00018249139,-5.7028297e-05,-0.0010344719,-0.008639492,-0.00022320703,-0.0005389169,-0.00021813305,-0.0008900369,-0.0009780745,-9.409691e-05,-0.0004005503,-0.00021385771,-0.0014449825,-0.00035614747
FAS,-3.339764e-05,-0.0028184834,-0.002403167,-0.013128292,0.038824383,0.009591992,0.0011855116,-0.027795976,0.00038617928,0.010814423,0.0038826833,-0.01880178,0.00041857982,0.00017340209,0.009652907,-5.9681493e-05,-0.0005306042,-0.00019977211,0.0002691494,-0.004660906,-0.00022686043,-0.00087707984,-0.00025901184,-0.0034596792,0.00011405128,-0.00018832409,0.00020336156,0.00057351077,0.0007016497,-0.0013487155
CH25H,-2.1149117e-05,-0.0005686133,-0.00082482304,-0.001430997,0.006218268,0.0014708006,-0.00044715704,-0.002574629,-2.4170533e-05,0.004607044,-0.0007059922,-0.0017394865,-2.9004717e-05,-0.00040380296,-0.0009404319,-2.1753498e-05,-7.734565e-05,-2.4170538e-05,-0.00020238069,-0.0019543085,-0.000118435826,-0.00022841274,-9.2452436e-05,-0.00054323324,0.00025711372,-3.9881386e-05,0.0011517411,-9.0640126e-05,-0.000395028,-0.00020665866
LIPA,3.2070973e-05,-0.0024269496,-0.0058134766,-0.009869839,0.1253402,0.024947504,-0.002166623,-0.029801646,-0.00026811278,-0.026928015,-0.007845364,-0.018788831,-0.000108335866,-0.0046422263,-0.012774116,-0.00024404433,1.9525265e-05,-0.00018890815,-0.0052225636,-0.015702348,-0.000592743,-0.0015129255,-0.0007868142,-0.00023217201,-0.0049129752,-3.994146e-05,0.006355604,-0.00054765027,-0.005173027,-0.000104958686
IFIT2,-0.00010956206,-0.00085562817,-0.0024602017,-0.00700738,0.047603372,0.04431925,-0.0015625226,-0.022343723,-0.00012074331,-0.019519273,-0.005552807,-0.014393002,-4.200378e-05,-0.0042119194,-0.008378011,-0.00015109,-9.568013e-05,-1.1913348e-05,-0.003939566,0.006093805,0.00024274127,-0.001227614,-0.00071060954,-0.0030604522,-0.002903879,-0.0003132238,-0.0006306391,-0.00045214462,-0.0018904437,0.0036850998
IFIT3,-0.00013542693,-0.0009640142,-0.00351267,-0.008943784,0.07204929,0.054966804,-0.0029132136,-0.025247637,-0.00017683551,-0.019512847,-0.0067549516,-0.018090496,-0.00018233541,-0.0041591674,-0.014598517,-0.00017054069,-3.7337802e-05,-0.00010517728,-0.0046460545,-0.0037367004,-0.0001494259,-0.0015301107,-0.0006877779,-0.002476855,-0.0030170516,-0.0002966139,0.00096065516,-0.00059262104,-0.004378176,-0.00096026657
IFIT1B,-9.191882e-06,-0.00024712997,-0.00035848282,-0.0008204349,-0.0034924226,-0.000664702,-0.0001943418,-0.0011065361,-1.0504985e-05,-0.001572329,-0.00044042102,-0.0011353215,-1.26059085e-05,-0.00030149243,0.0006481253,0.012064485,-3.361598e-05,-1.0504974e-05,-0.00029177518,-0.0009117389,-5.147429e-05,-9.927191e-05,-4.0181527e-05,-0.00023609934,-0.00025421983,-1.7333237e-05,-0.00026131063,-3.939365e-05,-0.00039183706,0.00029201448
IFIT1,-0.00012768594,-0.0019134497,-0.00347932,-0.008021881,0.062251046,0.03242383,-0.0017728206,-0.01476324,-0.00014592745,-0.011336515,-0.0039933412,-0.010117406,-0.0001751131,-0.002431579,-0.010389851,-8.9906775e-05,7.703639e-06,-4.9145194e-05,-0.0032370447,-0.011899856,-0.00035544444,-0.0011628399,-0.00028226737,-0.002236144,-0.00203643,-0.00024078015,0.0007537233,3.2398824e-05,-0.004173446,-0.0010372684
KIF20B,0.00027295723,0.006629568,0.006060647,0.014106978,-0.04388477,-0.00069846015,0.002440844,-0.0017997978,0.0012213662,0.0005568487,0.000508277,-0.002089126,0.00091571035,0.000434848,0.00529481,-0.00015545447,-1.0163175e-05,0.00020394046,-0.0002174939,0.0005368334,0.004994417,-0.00012569634,0.0007187602,-0.0037373316,0.0010313198,0.0005235025,-0.00022058959,0.0008701263,0.0011573868,0.0044597117
LINC00865,0.00012506467,9.1480244e-05,-0.0005164071,0.008966797,-0.009385105,-0.0016532406,-0.00082850974,0.00084740284,6.4573305e-06,-0.0012427013,-0.0014044157,-0.0026502253,-5.374103e-05,-0.0012853069,-0.0037463163,-4.0305822e-05,0.0010206342,-4.478432e-05,-0.000672467,-0.0070688636,-0.00021944301,-0.00020080991,-0.00017130026,-0.000773886,-0.00048029202,0.0003368176,0.00013557987,-0.00016794089,-0.001453923,0.022529887
KIF11,-5.640835e-05,-0.00030354405,0.0010966298,-0.0005075079,-0.009057886,-0.0017258966,5.6752484e-05,-0.004765205,0.004593632,-0.0029167335,-0.0010096007,-0.0026930533,0.002449525,-0.0011805166,0.0012356064,-5.8020218e-05,0.0004026643,-6.446699e-05,-0.0011974863,-0.0016939859,0.015394328,9.413336e-05,0.0019962152,-0.00094054587,-0.0007390378,-5.4887005e-05,0.00063890644,0.00016091831,0.0006138455,0.00023176288
MYOF,0.00047174422,-0.0043726023,-0.006186218,-0.014267321,0.11739218,0.07194836,-0.003211695,-0.03198868,-0.00014786994,-0.028427774,-0.008008339,-0.020324945,-0.00023517192,-0.0054706023,-0.0220745,-0.00017637837,-0.000627121,-0.00019597614,-0.0049901675,-0.031578846,-0.00092516106,-0.0017417126,-0.00073746016,-0.0037964135,-0.004500373,0.00040769624,0.01083305,-0.0006256417,-0.007068189,0.00062593276
CEP55,-3.19888e-05,-0.00018815564,0.0002239343,-0.0001423676,-0.0073631587,-0.00067410676,-0.00067633274,-0.0044337804,0.0066765966,-0.0030600294,-0.0009753646,-0.0033741703,0.004779367,-0.00032148135,-0.0022729486,-3.2902717e-05,-0.00011698651,-3.655862e-05,-0.0010154123,-0.0042496645,0.017466385,-1.7530214e-06,0.0019858344,-0.00082164904,-0.0005902178,-6.032132e-05,-8.691265e-05,-0.00013709471,-0.00069999334,0.00023111621
HELLS,0.000120846475,0.0038905817,0.0077395034,0.00382851,-0.050751764,-0.006896407,0.00042819473,-0.004823278,0.0025526385,0.010268105,-0.0010307649,0.0071861553,0.003174465,0.0030182218,0.0076377485,-3.125865e-05,0.0005752291,3.2189993e-05,-0.0013655586,-0.005448663,0.012984395,0.0009955777,0.0015738242,-0.0024363955,0.0030586724,-0.00011718038,-0.0012568303,0.00093648385,0.0018840252,0.002272618
PDLIM1,0.00017320785,0.020554407,0.0317104,0.06008665,-0.06213686,-0.009573167,-0.0024264269,-0.028952917,-7.411735e-05,-0.025212597,-0.007173151,-0.018988466,-4.9806476e-06,-0.0048310384,-0.005413361,-0.00016532182,0.0005793257,-0.0001836902,-0.004694634,0.0022990373,0.0009899919,-0.0012036982,0.0028023608,0.053601973,-0.0042876727,0.0006959944,0.006191504,-0.00065123563,-0.002628172,-0.0010834661
ENTPD1,-1.9078072e-05,0.00038237582,0.0004986962,-0.0016638188,0.24780063,0.0010342295,-0.0052077486,-0.049128003,-0.00011066144,-0.040105782,-0.011567095,-0.030295447,-0.0002943369,-0.0078003174,-0.031748414,-0.00019074505,-0.0008577039,-0.00025650245,-0.0077970484,-0.0471288,-0.0013043062,-0.0024063883,0.0011228727,-0.005369401,-0.004908069,0.00038378892,0.010220256,-0.0009887242,-0.010068043,-0.0022260265
BLNK,0.0011682532,0.026747685,0.027684538,0.08573376,-0.043731984,-0.0075769145,-0.0023411976,-0.021740576,-0.00013349234,-0.018527826,-0.0053703487,-0.013814442,-0.0001601913,-0.0037224153,-0.014696322,-0.00012014339,-8.393209e-06,-0.00013349236,-0.0032651247,-0.02128823,-0.0006541157,-0.0011366715,0.0035020905,-0.0026346955,-0.0029480322,-0.00020063856,0.0040700138,-0.0005005993,-0.004518561,0.020317947
DNTT,-1.1073859e-05,-0.00029772817,8.436505e-05,0.0004567765,-0.0043120454,-0.00019194008,-0.00023413377,0.0049706185,-1.26558325e-05,-0.0018942606,-0.00012982693,-0.00028486198,-1.5186968e-05,-0.00036322192,-0.0014889586,-1.1390246e-05,0.0064728456,-1.2655878e-05,-0.0003515158,-0.00078539236,-6.201357e-05,-0.00011959784,0.00014800862,-0.00028444012,-0.0003062712,-2.0882142e-05,-0.00031481477,-4.7459624e-05,-0.0004720644,-0.00010820745
PIK3AP1,0.00023287124,0.00035473687,0.0003157059,0.0013865242,0.17158687,0.049161557,-0.0060189804,-0.057531036,-0.00032558016,-0.049169563,-0.0133849755,-0.035484403,-0.00019960677,-0.008825757,-0.02457784,-0.0002154692,-0.0005707801,-0.0001263557,-0.005823108,-0.0021937175,0.00017135129,-0.0005320351,-0.001139492,-0.005804503,-0.0078606,-0.00017149643,0.000280827,-0.0011593379,-0.0056520933,0.0032766801
NFKB2,-2.7187436e-06,0.0015353238,0.0065568425,0.00705418,0.1460426,0.0073572304,-0.0041598435,-0.034298193,-0.00016064597,-0.02042546,-0.0064214226,-0.02107578,-0.00023970158,-0.004900536,-0.02138668,-0.00015663364,-0.00077245984,-3.7877504e-05,-0.0038600906,-0.033589598,-0.00053764315,-0.00010671002,-0.00028633102,-0.0063956194,-0.0051025227,-0.00015125316,0.002315244,-0.00044956635,-0.00552714,-0.0008171829
DUSP5,0.00086871034,0.0009031546,-0.003868477,0.00023769883,-0.0080064405,0.03240381,-0.000788767,-0.027573949,-8.0157995e-05,0.012244667,0.0076660067,-0.017738918,0.0002045832,-0.0025845282,-0.0003461436,-0.00016058511,-0.00044443298,-0.00013599405,0.0057234103,-0.010564697,-0.0006099307,-0.0010251219,0.001285239,-0.0029800106,-0.003513108,-0.00015640027,-1.8108662e-05,-0.0003655473,0.0019179578,0.017506223
TCF7L2,-0.00019493519,-0.0050716633,-0.0075489334,-0.017254753,0.08762301,0.11937077,-0.002729049,-0.035274796,-0.00022534822,-0.029902082,-0.007887543,-0.020431073,-0.00021440859,-0.0059671234,-0.016799357,-0.00017788727,0.00010345326,-0.00023847278,-0.0038430279,-0.028633663,-0.0008035537,-0.0020105084,-0.0007652534,-0.003953682,-0.005222275,-0.00036029555,-0.0039621564,-0.0007941724,-0.0052345633,-0.0015963669
TDRD1,0.0005823461,-0.0004587132,0.0012058329,-0.0001723945,-0.005589048,-0.0009936956,7.760931e-05,0.00068562746,-1.9499043e-05,-0.0011308733,-0.00043708048,0.0011204127,-2.3398812e-05,-0.00055962085,-0.0006919864,-1.7549104e-05,-6.2397005e-05,-1.949903e-05,-0.00054158596,0.0010851315,-9.55449e-05,-0.00018426539,0.00013244395,-0.00043823835,-0.00047187513,0.00022628064,-0.00048503675,-7.312135e-05,-0.00072731485,0.008077078
SHTN1,0.0006743143,-0.0061922106,-0.008866088,-0.020301448,0.24725404,0.005594016,-0.004861578,-0.04501207,-0.00014813659,-0.038839784,-0.0107628275,-0.02868133,-0.0003320034,-0.0075762756,-0.030794537,-0.00013706477,-0.0008036507,-0.0002485485,-0.007360329,-0.044716008,-0.001284484,-0.0023491785,-0.0010152298,-0.0045058248,-0.006100984,0.0039989357,0.01929313,-0.0010132102,-0.009570899,0.004659443
AL731557.1,-3.3434048e-05,-0.00082915724,-0.0013039354,-0.0026803901,-0.01160652,-0.0020620904,-0.0007068984,-0.0061966553,-3.8210583e-05,-0.005635387,-0.0015051074,-0.004129599,-4.585257e-05,-0.0010966486,-0.004389629,-3.4389475e-05,-0.00012227401,-3.8210615e-05,-0.0010612982,-0.00617637,-0.00018723246,-0.0003610882,-0.0001461551,0.05365931,-0.0009246964,-6.304751e-05,-0.0009023508,-0.0001432902,-0.0010963049,-0.0001432198
CHST15,-7.579423e-05,-0.0030130874,-0.004842281,-0.0103625255,0.18592305,0.04219666,-0.0039833006,-0.037408926,-0.0002162116,-0.03248904,-0.0091986675,-0.023299672,-0.00027555836,-0.0063306685,-0.025711823,-0.00013218893,-0.00065355375,-0.00022963113,-0.006108655,-0.037255846,-0.0010840752,-0.0020575973,0.0004943438,-0.004446212,-0.0052899853,-0.00027835637,-0.003767184,-0.0008611187,-0.008280571,-0.0009623024
PTPRE,0.0008886438,-0.008935495,-0.014558918,-0.031770635,0.2830686,0.00444911,-0.004335731,-0.06974531,-0.0003373352,-0.054397564,-0.013153942,-0.042474136,-0.000305504,-0.010500535,-0.020318218,-0.00029254807,-0.0011911071,-0.00013113218,-0.0074594617,-0.0036373136,-0.00063530053,-0.0018519952,-0.0016040443,-0.007836569,-0.00852908,0.0014722407,0.013268399,-0.0006741282,-0.0070868866,0.0086162975
MKI67,-2.801288e-05,-0.0007030821,-0.0010175855,-0.0032600448,-0.016238375,-0.003025852,-0.0006962466,-0.007861823,0.006928313,-0.0049203713,-0.0019614035,-0.0039778375,0.005855988,-0.00092480186,-0.003181635,-6.142987e-05,-0.00012632548,-6.825558e-05,-0.00089926255,0.0059492323,0.027458472,0.0005826536,0.0037269979,-0.0001567393,-0.0012166189,-5.2003716e-06,0.00061296514,0.00031429567,-0.00084788434,-0.00025020126
AC026369.3,0.0012474408,-0.0012757077,-0.0016014591,-0.0037966466,0.026117174,0.020254109,-0.0010032177,-0.009218328,-5.4228214e-05,-0.007902607,-0.0022735046,-0.0052351607,-6.5073655e-05,-0.0014069754,-0.005931692,8.36069e-05,0.003942309,-5.422821e-05,-0.001307215,-0.008716812,-0.0002657176,-0.000512455,0.001041189,-0.0012187762,-0.0013123174,0.00048101827,0.0020995112,-0.00020335488,-0.0017590699,-0.00015180562
LRTM2,-6.654546e-06,-0.00017891268,-0.0002595284,-0.00059396715,0.0054622306,-0.00048121877,-0.00014069575,0.0010374461,-7.605197e-06,8.398578e-05,-0.00031885187,-0.0008219345,-9.126303e-06,-0.0002182693,-0.0008947602,-6.8446293e-06,-2.4336621e-05,-7.6051933e-06,-0.00021123569,-0.0013299638,-3.726563e-05,-7.186962e-05,-2.9089866e-05,-0.00017092527,-0.00018404686,-1.2548592e-05,-0.00018918059,-2.8519726e-05,-0.00028367576,-6.502411e-05
FOXM1,-4.0929976e-05,-0.00036147796,-0.000203765,-0.00034026045,-0.006366107,-0.0018935511,-0.00038481815,-0.0010022155,0.0037165293,-0.002802666,-0.0015573927,0.0011866678,0.0019516044,-0.0005835376,-0.0026159151,-4.209938e-05,-2.3808705e-05,-4.677724e-05,-0.0010715753,-0.0033130858,0.017110584,-0.00044204487,0.0016713988,-0.0010513176,-0.00046453043,3.9632682e-06,-0.0002922536,-0.00017541472,-0.0006389131,7.376702e-05
TSPAN9,3.9777606e-05,-0.0005824722,-0.0012598922,-0.0025766804,-0.010833249,-0.0019972771,-0.00052376575,-0.005985175,-3.691993e-05,-0.004823624,-0.0015478662,-0.0036114044,-4.430416e-05,-0.00094669114,-0.0037268905,-3.3227992e-05,-0.00011814352,-3.6919915e-05,-0.0008433206,-0.00573904,2.2090942e-06,-0.0003488929,-7.53756e-05,0.048788603,-0.0006791265,-6.091792e-05,-0.0009183865,-0.00013844935,-0.0010269149,-0.00031566678
RAD51AP1,0.00044492987,0.0012137055,0.002409477,0.0135677485,-0.008568192,0.008640254,-0.00081585406,-0.009953298,0.00235979,-0.008408505,-0.0023777352,-0.006074867,0.002210402,-0.0008746702,-0.0043132943,-6.6146495e-05,1.0780001e-05,0.00020721076,-0.0012128433,-0.0026840034,0.014115421,0.0001332879,0.0008318701,-0.0011569107,-0.0011802721,1.3882245e-05,-0.00056652614,-8.84091e-05,-0.0018876002,0.0040704277
CD9,-5.9982878e-05,-0.0019673647,-0.0025587135,0.00404741,0.02716953,-0.0047943885,-0.0021410706,-0.016057385,-0.0001246939,-0.017189123,-0.0048944294,-0.0027311707,-4.900904e-05,-0.0020218722,-0.012633133,-5.0891023e-05,0.0006814469,-7.520762e-05,-0.003015653,-0.019988494,-0.0004905472,-0.00094147347,-0.00039485513,0.06982083,-0.002397094,-0.00020574388,-0.0018799865,-0.0003430353,-0.0038780095,-0.0008357371
CD27,-0.0003094492,0.0018608853,0.0062998105,-0.023395026,-0.14134221,-0.021285655,-0.005657178,0.08807625,0.0004188283,0.049487624,0.008269832,0.06329252,0.0001845917,0.011389476,0.003723525,-0.00012467327,-0.0010731991,-0.00023326243,0.0040604183,-0.052333143,-0.0013560216,-0.0014925707,0.0048530656,-0.0055560563,0.014418581,-0.000565974,-0.008294295,0.0045052445,0.0050822524,-0.0029037877
GAPDH,0.00012695242,-0.009290244,-0.0070498846,-0.052325446,0.24186715,0.0100381365,0.0012355412,-0.07562297,0.0010423427,-0.028128356,-0.00648955,-0.051491365,0.0010644929,-0.008014155,-0.0107209785,-0.00070912606,0.0014347344,-0.00025903631,-0.007722648,-0.00813038,0.0028287738,-0.0010886608,0.0005789835,0.008218951,-0.0067558247,0.0006881316,0.01614574,-0.0009811684,-0.006875496,-0.0036145742
ACRBP,-3.327836e-05,-0.0015918992,-0.0026695332,-0.005468215,-0.0033240274,0.0018524831,-0.0012086307,-0.013938822,-9.1254275e-05,-0.012220479,-0.0035612602,-0.008172094,-0.000109505614,-0.0023207832,-0.009175854,-8.21291e-05,-1.8424189e-05,-9.12543e-05,-0.0022797363,-0.013377618,-0.00032979695,-0.00068197236,-0.00030032964,0.08495808,-0.0021027268,2.061458e-05,-0.0001265003,-0.00029308407,-0.0029378606,-0.0003238828
PTMS,0.0009160637,-0.003835573,-0.005011775,-0.014352335,-0.0038883912,-0.0073844553,0.0025872474,-0.030029248,0.00016499341,-0.021902623,-0.003594769,-0.020842008,0.0009316047,-0.0023052832,0.04395903,-6.38315e-05,0.0032084105,8.645607e-05,0.0013837392,0.025237981,0.0013965273,-0.00095960026,-0.00028332727,1.7371369e-05,-0.0044776998,0.0019083017,0.009661971,-3.2202082e-05,0.0145932445,0.012910093
LAG3,-0.000120651755,-0.002792135,-0.004206354,-0.009497785,-0.05336564,-0.00817687,0.0039168857,-0.018653937,0.00020686061,-0.0069081597,0.0032480573,-0.009780259,0.0012161247,0.00820858,0.05865196,-4.373035e-05,-0.00024942393,-0.00013788749,0.013079985,0.013565676,-0.000223603,-0.0011770938,-0.00037662094,-0.0025349848,-0.0028172622,-0.00016391621,-0.00300804,9.504999e-05,0.022930006,-0.00088466844
CD4,0.0004444719,-0.009388637,-0.013675566,-0.03127028,0.19698903,0.030017445,0.0038180302,0.0019610194,0.0001842994,0.013914235,0.0044328095,-0.043651383,-0.0003204449,-0.011415134,-0.047302816,-0.00022403701,-0.0012386696,-0.00036811968,-0.009493319,-0.06978335,-0.0018857123,-0.0038352318,-0.0015598467,-0.007822182,-0.0011585057,-6.7573965e-05,0.009907165,-0.0012589534,-0.015140523,0.0091910055
CDCA3,-2.7106487e-05,-0.00043231412,-0.00020765753,-0.0011209343,-0.007624553,-0.0011875737,-0.00023246124,-0.0013038565,0.0038516028,-0.0018958248,-0.0012987824,-0.0004444677,0.00156686,-0.00037731894,-0.0017553398,-2.7880955e-05,-9.913183e-05,-3.0979023e-05,-0.0008604339,0.00026898543,0.012294339,-9.203958e-06,0.0014297474,-0.0006962445,-0.0007496891,-5.1114974e-05,6.2663355e-05,-0.00011617,0.00014138955,0.00093343336
CD163,-0.00016993454,-0.0056670625,-0.008143938,-0.018824961,0.27244088,-0.013890203,-0.004402032,-0.041907333,-0.00022617138,-0.036644682,-0.010268324,-0.026442764,-0.00030276712,-0.0069675236,-0.028563112,-0.00013349696,-0.0008073803,-0.0002523076,-0.0067002825,-0.04166813,-0.0011977775,-0.0023545963,-0.0009333357,-0.004475733,-0.0060127317,-0.0004163051,0.006923244,-0.00094614824,-0.00897941,-0.0020652395
CLEC4C,0.0032772839,-0.0006118922,-0.0014906611,0.0013901063,-0.017640183,-0.002639227,-0.0008018741,-0.008231625,-5.067043e-05,-0.006900045,-0.001785694,-0.0048916964,-6.0804283e-05,-0.0012247879,-0.0050885277,-4.560288e-05,-0.0001621447,-5.0670445e-05,-0.000980193,-0.0070833336,-0.0002482846,-0.00047883467,-0.00019381367,-0.00040822633,-0.0010929614,0.0005526281,-0.00015342725,-0.0001900133,-0.0017497161,0.059034783
SLC2A3,-0.0003157466,-0.0005192312,-0.006197651,-0.015697256,0.16243356,-0.02274577,-0.0025012859,-0.036247365,-0.00023384091,0.00604517,-0.0005229995,-0.028556049,-0.00031841896,-0.00042193063,-0.016750673,-0.00018431107,-0.0013843953,-0.00016405561,0.0037004724,-0.0195845,-0.00083326997,-0.0018388445,-0.0014867599,-0.0016959133,-0.00530947,-0.00070905156,-0.0018280294,-0.00072382827,-0.0019192246,-0.0034892608
C3AR1,-0.00016963933,-0.004878752,-0.007138711,-0.01596688,0.1336803,0.06412273,-0.0020705373,-0.03602626,-0.00016875991,-0.027851954,-0.0069033466,-0.02246291,-0.00023697027,-0.005505633,-0.018232474,-0.00019582626,-0.000682052,-0.00012169301,-0.004346825,-0.020461902,-0.0009406695,-0.0018028796,-0.00075900037,-0.0042917095,-0.005039788,-0.0003408198,-0.0034556373,-0.0006995089,-0.005398198,-0.0016537755
CLEC4A,0.00044386295,-0.0059883944,-0.009019366,-0.015923161,0.26695988,0.020034825,-0.005078653,-0.050771426,-0.00028389395,-0.043660108,-0.011967256,-0.031295896,-0.0003173676,-0.008653354,-0.034238905,-7.528426e-05,-0.00090476364,-0.00030985608,-0.008087844,-0.049521264,-0.0014917422,-0.0027437394,-0.0011342166,-0.0049244636,-0.007159703,-0.00034172638,0.019899495,-0.0010261394,-0.010978384,-0.0014402693
LINC00937,-0.00016788587,-0.004191862,-0.00562909,-0.013094797,0.20142972,-0.010839472,-0.0033861392,-0.03009675,-0.00019186996,-0.025884269,-0.007344083,-0.018340478,-0.00023024522,-0.005102951,-0.019956226,-6.2968056e-06,-0.00054655573,-0.00013029744,-0.0045721433,-0.030747134,-0.00084378803,-0.0016267861,-0.000720308,-0.003573936,-0.0042645154,-0.00019661312,-0.0013516771,-0.00061031326,-0.006297416,-0.0014862958
CLEC4D,-0.00014818882,-0.0039841644,-0.005693353,-0.011853597,0.1903319,-0.01004929,-0.0029607853,-0.027641045,-0.0001418093,-0.024401333,-0.00688334,-0.017732963,-0.00020322931,-0.00464671,-0.01881725,-6.456204e-05,-0.00054194644,-0.000108416694,-0.004485327,-0.028226027,-0.00082985807,-0.0016004336,-0.0006217192,-0.0033746092,-0.0038515844,-0.00024368419,-0.0032080014,-0.0006350952,-0.0059360056,-0.0014480097
CLEC4E,-0.00022012419,-0.0059518116,-0.008600523,-0.019589791,0.29238746,-0.014097739,-0.0046561826,-0.043951914,-0.00021897205,-0.038033087,-0.010640536,-0.027474033,-0.00029976497,-0.0073084896,-0.029288486,-4.0184063e-05,-0.0008518622,-0.00026921224,-0.0071187373,-0.04300819,-0.001274258,-0.002300059,-0.0009935789,-0.0045576724,-0.006162797,-0.000423992,-0.0027442423,-0.00094943336,-0.009203932,-0.00215836
AC092490.1,6.286484e-05,-0.00044637697,0.0005084458,0.0016704118,-0.0014974973,0.010759265,-0.0007365139,-0.0033358426,-3.981173e-05,-0.003652825,-0.0008583308,-0.0018477375,0.00036275038,-0.0004627453,0.0012873119,0.0010355749,9.201707e-06,0.00025644104,-0.0008866684,-0.0017432431,-0.00019507705,-0.00037622123,-5.6522207e-05,0.0014184772,-0.0004744526,3.018093e-05,-0.00080205,0.00021431241,-0.00029239757,8.913505e-05
KLRG1,-0.0001779899,-0.004703324,-0.006542842,-0.01535157,-0.08863306,-0.012995138,0.012671905,-0.031949755,-3.4571338e-05,-0.0002761955,0.014170534,-0.019724742,0.0006929508,-0.0010597738,0.076278895,-0.00017691475,-0.0004291329,0.00032146377,0.034175668,0.026710857,0.0015092182,-0.00019444634,-0.00070220756,-0.0036169665,-0.004262904,-0.00018596678,-0.004473584,-0.00032129363,0.03096319,-0.0016825126
KLRB1,-0.0002688336,-0.00620984,-0.009433025,-0.021320384,-0.12851703,-0.019272683,0.0035410633,-0.04640428,-9.975507e-05,0.039877225,0.031422038,-0.030992204,-0.00024881135,-0.0027782638,-0.005517124,-0.00026128412,-0.0009132521,0.0013868783,0.045635965,0.1476937,0.0029448632,0.0059665195,-0.0011540204,-0.0030132702,-0.0062685465,-0.00055024016,-0.0076940847,-0.00097081147,0.016037244,-0.002617334
CLECL1,2.4381374e-05,0.033060692,0.04502742,-0.00017169579,-0.020792676,0.0045453385,0.0005674522,-0.019272314,6.876403e-05,-0.007560574,-4.9372953e-05,-0.011797805,4.3057516e-05,-0.0015185289,-0.0028181877,-8.0774844e-05,-0.00040443783,-3.8461196e-05,-0.002942197,-0.016677408,-0.00039228637,-0.00111802,0.0028598064,-0.0024957063,-0.0029802816,4.441289e-05,0.005128023,-0.0004118972,-0.0019942843,0.0021474168
CD69,-0.0004266808,0.005356386,-0.004264093,0.02854892,-0.18604586,-0.028778832,0.0021210527,0.012055892,-0.000107470034,0.070621215,0.026092647,-0.008232918,-0.00011746921,0.00953079,0.024561794,-0.00026752523,-0.00012315385,0.0005048125,0.025962451,0.029785646,0.00018665016,0.0036089942,-0.0015873695,-0.0073526907,0.0009623494,-0.0007534599,-0.010291008,1.5149813e-05,0.011859551,-0.003425597
KLRF1,-0.00020536527,-0.004884467,-0.0076258252,-0.017634174,-0.09716217,-0.0144370375,-0.0023621023,-0.04014889,-0.00019056186,-0.034757532,-0.009873799,-0.025193317,-7.577817e-05,-0.006911838,0.0029059811,-0.00020291754,-0.0006698388,-0.00024783172,0.00031357392,0.2565045,0.006136834,0.013377953,-0.0008582184,-0.0038632369,-0.005846646,-0.00037700083,-0.005527161,-0.0009070166,0.0026180227,-0.0018940588
CLEC12A,0.00010589145,-0.008356847,-0.011962276,-0.027288696,0.32598212,0.04770447,-0.0066485004,-0.06185271,-0.000352887,-0.053709466,-0.014745903,-0.038914677,-0.00044734764,-0.010348376,-0.041275434,-0.00014684518,-0.00096040807,-0.00034152323,-0.009831424,-0.05601726,-0.0016509654,-0.0029171326,-0.0013935153,-0.006612561,-0.008711793,-0.00021721891,0.007417667,-0.0012735543,-0.012725403,-0.0025068983
CLEC1B,-5.0030707e-05,-0.0012678391,-0.001848879,-0.003995033,-0.011291192,-0.0021288497,-0.0010577954,-0.009159196,-5.7178335e-05,-0.00840959,-0.0023251243,-0.006011057,-6.8613335e-05,-0.0016410082,-0.006455172,-5.146022e-05,-0.0001829691,-5.7178306e-05,-0.001364553,-0.008771217,-0.00028017207,-0.00047020172,-0.00021870538,0.0724364,-0.0013837088,-6.48652e-05,-0.0010847639,-0.00021441682,-0.0020745425,-0.00045105754
CLEC9A,-2.625459e-05,-0.00070587033,-0.0008165476,-0.0021809647,-0.009311468,-0.00080968614,-0.0005550959,-0.00445291,-3.000521e-05,-0.0037010172,-0.0012579657,-0.0027519166,-3.6006262e-05,-0.0008611487,-0.003301669,-2.7004558e-05,0.0036454368,0.00024493012,-0.00083339296,-0.0049322876,-0.00014702554,-0.00028354925,-0.000114770264,-0.0003491426,-0.0007261276,0.032295823,0.003513928,-0.00011251922,-0.0011191933,-0.0002565452
CLEC7A,-0.00031920255,-0.008728108,-0.012494238,-0.02781312,0.3441674,0.04498318,-0.0067973286,-0.06336467,-0.00034441391,-0.05526859,-0.015107132,-0.039988935,-0.00044125362,-0.01058299,-0.041412182,-0.00020043139,-0.0011505351,-0.00035116408,-0.0102446135,-0.0623576,-0.0017936047,-0.0034679323,-0.0014813571,-0.006920396,-0.0090193115,0.0009800729,0.006746915,-0.0013483905,-0.012999495,-0.0028802748
OLR1,-7.3564566e-05,-0.001880048,-0.0024547728,-0.00641159,0.08879774,-0.0040703393,-0.0015553606,-0.013680441,-8.407438e-05,-0.012349649,-0.0034231467,-0.008774902,-0.0001008884,-0.0023193865,-0.009771721,-7.566637e-05,-0.00026903467,-8.40744e-05,-0.0023351393,-0.014144895,-0.0004119614,-0.00079449714,-0.00032158254,-0.0014123807,-0.0020345822,-0.00013872194,0.004345265,-0.00031527688,-0.0031359347,-0.00071883196
GABARAPL1,-0.0002193592,-0.0065002046,-0.010169352,-0.020875994,0.10621021,-0.0005838579,-0.0023473136,-0.040445343,-0.00026932443,-0.022287652,-0.007140043,-0.023676042,-0.0001030171,0.0011811056,0.017311648,-0.00016424253,-0.0005248689,0.00021786707,-0.0014989992,0.014841534,-0.00041172374,0.0012473995,-0.0011158254,-0.0031181693,-0.0049244985,-0.00039224766,0.0023343624,-0.00080355763,0.005897453,-0.0016698367
KLRD1,-0.0002797578,-0.0065448736,-0.009795279,-0.022331566,-0.12546223,-0.018528152,-0.0011748822,-0.0511766,-0.0002453965,-0.044036012,-0.012219383,-0.0314693,0.0004127525,-0.0018073982,0.08586786,-0.00022225783,-0.0009962119,-0.00016093755,-0.0015483272,0.22065504,0.005229141,0.013147665,-0.0010877042,-0.004885423,-0.00711219,-0.00049214467,-0.007384037,-0.0010580677,0.027164651,-0.0024586983
KLRK1,-8.2790524e-05,-0.0017630227,-0.003025984,-0.0063527753,-0.03917515,-0.0059349276,-0.0011022012,-0.015261811,-9.461777e-05,-0.0136264395,-0.0038806994,0.012876135,0.0001444096,0.0057730014,0.028456083,-8.5156804e-05,-0.00030277864,2.807975e-05,-0.0010656842,0.040946923,0.0010399781,0.0031189148,-0.00033517132,-0.0019701559,-0.0020931656,-0.00015612,-0.002237837,0.0004045648,0.0065208813,-0.0007623579
KLRC2,-0.00012699915,-0.0029990175,-0.00431749,-0.009860174,-0.057585727,-0.00865389,-0.0025306605,-0.023640303,-0.00012369061,-0.020709956,-0.005716324,-0.014444646,0.00017485826,-0.0023061086,0.03776471,-0.0001000511,-0.00046445586,-5.5337438e-05,-0.003586269,0.10245544,0.0007665007,0.004627608,-0.000507748,-0.0022743961,-0.0032599573,-0.00021512333,-0.0035259065,-0.00039418318,0.022784516,-0.0011755003
KLRC1,-0.0001432983,-0.0034848442,-0.005134261,-0.011543861,-0.06566989,-0.009723379,-0.00288334,-0.02679487,-0.00015623803,-0.02326217,-0.006267306,-0.015529555,8.656602e-05,0.003148528,-0.003319804,-8.403068e-05,-0.0005240612,0.00025707518,-0.0013073456,0.13094161,0.004093639,0.020640144,-0.0005729234,-0.00259851,-0.003732346,-0.0002507058,-0.003895785,-0.00061413355,0.029633759,-0.0013079984
LINC02446,-0.00010365863,-0.0031804102,-0.004509896,-0.0100665875,-0.056177896,-0.0086090285,-0.0024917636,-0.022891164,7.2236995e-05,-0.019747809,-0.0056610624,0.12393386,0.00056838617,0.011931644,0.023164837,-5.8481048e-05,-0.00046729812,-3.657709e-05,-0.0038449208,-0.013683026,-0.0006007725,-0.00045046813,-0.00052974845,-0.0021941056,-0.003362688,-0.00021101197,-0.003417916,-8.381099e-05,0.0038733871,-0.0011640489
YBX3,-0.00020479584,-0.004315012,-0.010510554,0.043668043,0.20581217,0.014218436,-0.0073294486,-0.059478406,-0.00030194118,-0.058794092,-0.017142564,-0.005841128,-0.00027371713,-0.0010285476,-0.016775249,0.0009332753,0.0024266788,-0.00029470073,-0.011239537,-0.06604371,-0.0016814821,-0.001864405,-0.0006683192,0.008044762,-0.009177436,0.00055893464,0.008073887,-0.00020837445,-0.007227992,-0.0033348235
EMP1,0.0006188577,-0.0012126315,-0.0016168276,-0.003616117,0.030792758,-0.001974904,-0.0002952387,-0.008555083,-5.154643e-05,-0.005762834,-0.0017229206,-0.0052176025,-6.185585e-05,-0.0014793898,-0.005602398,-4.639209e-05,0.003917999,-5.154644e-05,-0.0012111806,-0.008458157,3.248771e-05,-6.7495756e-05,-0.000197166,-0.001031145,-0.0010377906,7.9232464e-05,0.016056899,-0.00019329952,-0.0017269823,-0.00030777388
PLBD1,-0.00027689035,-0.006987167,-0.010761178,-0.024022348,0.32124358,0.008192984,-0.0057370714,-0.054704294,-0.0003109988,-0.04735715,-0.013290739,-0.034437016,-0.00035458998,-0.009272173,-0.03599787,-0.00014136155,-0.0010364774,-0.0003336806,-0.008723266,-0.054149993,-0.0015363096,-0.0028612842,-0.001222381,-0.005945661,-0.0077154436,0.00029468304,0.012507809,-0.0011882313,-0.011279633,-0.0025952666
SMCO3,-1.4746018e-06,-3.96461e-05,-5.7509475e-05,-0.00013161702,0.0020028905,-0.000106634165,-3.117729e-05,-0.00029175731,-1.6852566e-06,-0.00025224042,-7.065433e-05,-0.00018213475,-2.0223106e-06,-4.836681e-05,-0.00019827092,-1.5167527e-06,-5.3928334e-06,-1.6852558e-06,-4.6807778e-05,-0.00029470737,-8.257681e-06,-1.5925489e-05,-6.446087e-06,-3.78766e-05,-4.078326e-05,-2.7806987e-06,-4.1920386e-05,-6.3197635e-06,-6.286027e-05,-1.4408985e-05
MGST1,-0.0001687831,-0.005968128,-0.008592459,-0.019169584,0.2752005,-0.010240969,-0.0045576002,-0.044132043,-0.00024295112,-0.03795926,-0.010612541,-0.027485022,-0.0003185432,-0.0072763427,-0.029458191,-8.929058e-05,0.0011824132,-0.00026545243,-0.0070435605,-0.04316403,-0.0012400501,-0.002432983,-0.00090270775,-0.0051890975,-0.006142877,0.00040998528,0.0071320334,-0.0009331204,-0.009538788,-0.0007999582
SPX,-3.4811383e-05,-0.0008487784,-0.0009916492,-0.0031071852,-0.011371035,-0.0023881348,-0.00062658533,-0.0060048313,-3.9784565e-05,-0.005516596,-0.0014878102,-0.0039947797,-4.7741763e-05,-0.0011418159,-0.0045888387,-3.5806155e-05,-0.00012731117,-3.978451e-05,-0.0009826346,-0.0061695487,-0.00019494507,-0.0002680593,-0.00015217657,0.05365984,-0.0009627878,-6.5644934e-05,-0.000989642,-7.274289e-05,-0.0011281309,-0.0002801985
AC084816.1,-2.7615508e-06,-7.4246585e-05,-0.000107700755,0.0015835628,1.7087186e-05,-0.00019969992,-5.8387635e-05,-0.0005463937,-3.1560369e-06,-0.0004723832,-0.0001323176,-0.00034109072,-3.7872496e-06,-9.057873e-05,-0.00037131336,-2.8404675e-06,-1.0099479e-05,-3.156039e-06,-8.7658926e-05,0.0013518344,-1.54645e-05,-2.9824829e-05,-1.2072049e-05,-7.093279e-05,-7.637668e-05,-5.2074843e-06,-7.8506986e-05,-1.1835298e-05,-0.000117722455,-2.6984491e-05
SOX5,-3.3213528e-05,0.032326687,0.010883725,0.0069560967,-0.013683571,-0.0022551683,-0.0007022304,-0.0059473175,-3.795833e-05,-0.005469862,-0.001591412,-0.0041023577,-4.5550158e-05,-0.0010894063,-0.0038216917,-3.416243e-05,0.00024094289,-3.7958336e-05,-0.0010542937,-0.0057448237,-0.00018599523,-0.00035870692,-4.524012e-05,-0.0008531132,-0.00091859367,-6.263131e-05,-0.0008228513,-0.00014234408,-0.0014158469,4.8938662e-05
BHLHE41,-5.409447e-05,0.029407403,0.04038645,0.007880196,-0.024120232,-0.0038265903,-0.0011437201,-0.010239539,-6.182224e-05,-0.008211128,-0.0025919126,-0.0061783306,-7.4187075e-05,-0.001774307,-0.006942169,-5.5640576e-05,-4.7357953e-05,-6.1822255e-05,-0.0017171277,-0.0099166995,-0.0003029308,-0.0005842247,0.007136424,-0.0013894613,-0.0014961112,-0.00010200704,-0.0011564385,-0.0002318358,-0.0020023007,-0.0005285855
SSPN,-6.184785e-05,0.012154839,0.07870536,0.0014410018,-0.028250363,-0.004304684,-0.0009111447,-0.011651803,-7.068327e-05,-0.010485241,-0.0029633997,-0.007329959,-8.482031e-05,-0.0019375293,-0.00776076,-6.361513e-05,0.00014062712,-7.068323e-05,-0.0019632303,-0.011566912,-0.00034635002,-0.00041673283,0.005712599,-0.0015886129,-0.0017105371,-7.8144854e-05,-0.0016933461,-0.00015892411,-0.0020807828,-0.0006043434
DENND5B,0.000318493,0.022904707,0.024753688,0.0448746,-0.030043693,-0.004662393,-0.0014396803,-0.013683222,-8.4446794e-05,-0.011465885,-0.0033394762,-0.0084845545,-0.00010133706,-0.0022128932,-0.009317538,-7.6002485e-05,0.00047215488,-8.4446714e-05,-0.0020690798,-0.013288972,-0.00011515198,-0.0005917858,0.007736435,-0.0018251556,-0.0020436263,0.00077622785,0.0017556453,-0.0003166785,-0.0028134224,0.004467521
AC023157.3,-4.729842e-05,-0.0008302689,-2.1312107e-05,0.00028945628,0.043106966,0.0012561168,-0.0007590656,-0.00021602224,2.8183122e-05,-0.008955489,-0.0023046064,-0.0022841978,-0.00013751702,-0.0015485133,-0.009072159,-0.00010313718,9.9461584e-05,5.7767567e-05,-0.0025318316,-0.0115715675,-0.00020434,-0.0007885472,-0.00015566056,7.846259e-05,-0.00019287737,-5.9856e-05,-0.00014662837,-0.00023456568,-0.0028836017,0.00013269807
FGD4,-4.9285398e-05,-0.0037288358,-0.007406405,-0.017504886,0.21645568,0.03668979,-0.004582772,-0.042658158,-0.0002459262,-0.037127223,-0.010196484,-0.026793025,-0.00030927666,-0.0072249635,-0.027159438,-0.000115969226,-0.00079577015,-0.00022016339,-0.0065076747,-0.042245615,-0.0012222308,-0.0021531654,-0.00086657214,-0.00460461,-0.0059319627,-0.00017266154,0.008596335,-0.00087038503,-0.0090454575,-0.002003751
KIF21A,-0.00015145195,-0.003453671,-0.003911274,-0.012337324,-0.06892557,-0.010301551,0.006902877,-0.018356815,0.0001458036,0.003400994,0.0065300707,-0.008547308,0.0006275836,0.0010386127,0.048409317,-0.00012628174,-0.00033886233,1.1893547e-05,0.005660492,0.04824471,0.0032530194,0.00042860323,-0.00019583502,-0.0036319785,-0.0015952578,-0.00021368726,-0.004006985,-0.0004001218,0.013139355,-0.0012993378
LRRK2,-0.000224889,0.0003714257,-0.00615174,-0.013185493,0.29991245,0.023127755,-0.005765666,-0.05575596,-0.00028843846,-0.047585502,-0.013064196,-0.035204884,-0.00039887603,-0.0092793545,-0.03736142,-0.00020815083,-0.001031639,-0.00028322855,-0.008835509,-0.054872982,-0.001513468,-0.0028793546,-0.0012151874,-0.0062925983,-0.0077728843,0.0007074149,3.8503724e-05,-0.0012792201,-0.01171476,-0.0019917828
PDZRN4,-4.464451e-06,-0.000120029545,-0.0001741128,-0.0003984827,-0.0021582218,-0.00032284315,-9.439064e-05,-0.0008833191,-5.102238e-06,-0.00076367054,-0.00021390978,-0.0005514172,-6.122663e-06,-0.00014643407,-0.00060028106,-4.5919974e-06,0.008205706,-5.1022344e-06,-0.00014171343,-0.00089224806,-2.5000643e-05,-4.821595e-05,-1.951586e-05,-0.000114672235,-0.00012347373,-8.418715e-06,-0.00012691779,-1.9133375e-05,-0.00019031185,-4.3623968e-05
NELL2,-0.00018226815,-0.004506193,-0.0067116343,-0.01466411,-0.08194885,-0.0124135455,-0.0036322265,0.046844553,-0.00019514088,0.015905842,0.0020903898,0.096980266,-0.00017967504,0.015256452,-0.0014996028,1.0040393e-05,-0.0006017389,-0.00020830713,-0.001282532,-0.033258393,-0.0009888982,-0.0002857955,-0.00074676576,-0.0034639458,-0.0041208314,-0.00032940053,-0.004911389,0.0009119169,-0.00024057087,-0.0016276438
FKBP11,-0.00022829017,-0.0042371126,-0.0048857587,-0.016161637,-0.10700674,-0.017429575,0.003974937,-0.014066938,-0.00013202656,0.033328496,0.015986525,0.0029136655,0.00022079507,0.007892912,0.015366015,-0.00019804176,-0.00048534592,3.9963237e-05,0.017094553,0.066906035,0.0015261836,-0.00083807006,0.007472857,-0.005577884,-0.0018173131,-0.00031002666,-0.0060833776,-0.00013657671,0.008038649,-0.0011668159
TUBA1B,0.0007867399,-0.0010302616,-0.0026834458,-0.0075224023,0.011456117,0.04471558,0.0014249856,-0.021596776,0.0018674125,-0.017016295,-0.0061043715,-0.024156203,0.002017146,-0.004420611,-0.0052872705,-0.0002797507,0.0011937396,4.394849e-05,-0.0028439437,-0.0064209164,0.008857336,-0.0007996726,-0.00010976629,0.0074349963,-0.0020931505,0.0013075067,0.020814633,-0.0004037118,-0.003586237,0.0044346023
TUBA1A,0.00016208469,-0.0024722295,-0.0022072545,-0.0006449951,0.12752439,0.03645909,-0.0026315867,-0.03368603,7.468523e-05,-0.016191617,-0.004923204,-0.02223792,-0.00011203716,-0.0034733897,-0.01821771,-0.0002650266,0.0013682682,-5.4950746e-05,-0.00811362,-0.033452608,0.00010031777,-0.0011444214,-0.0018111771,-0.008916911,-0.004362508,0.0006208233,0.008183017,-0.0007551497,-0.0058076205,-0.0030111934
TUBA1C,6.568475e-05,-0.0016659525,-0.002388404,-0.00993123,0.025291512,0.0007167044,0.0013083427,-0.024247874,0.0010978067,-0.0022772122,0.0008048895,-0.015418307,0.00032162902,-0.0010848123,-0.0035549693,-8.48116e-05,0.0013187224,-0.00018019052,0.00095658563,-0.013097453,0.0018504394,-0.00072135933,0.00027437825,0.03659767,-0.002682001,0.0011777678,0.0066768522,-0.00027719268,-0.002060475,0.0012133195
PRPH,-8.67106e-06,-0.00023312763,-0.00033817216,-0.00077395467,-0.002907916,-0.000627044,-0.00018333217,-0.0017156343,-9.909757e-06,0.0066667064,-0.00041546693,0.0004592215,-1.1891793e-05,0.0016073849,-0.0011658897,-8.9188625e-06,-3.171164e-05,-9.909771e-06,-0.00027524572,0.0013805629,-4.8558104e-05,-9.3647825e-05,-3.790513e-05,-0.00022272293,-0.00023981636,-1.6351114e-05,-0.00024650662,-3.716176e-05,-0.00036963617,-8.4729465e-05
TROAP,-2.9779934e-05,-4.7393234e-05,0.00026779118,-0.0005609062,-0.010697625,-0.0015334054,0.00019569037,-0.0030711975,0.0044518313,-0.0012557303,-0.0010347537,-0.0027602522,0.003174186,-0.00062115514,-0.0018854078,-3.0630956e-05,0.000120646335,-3.4034216e-05,-0.00031089896,0.00047247417,0.012403107,0.00010759534,0.0022498576,0.00057335536,-0.0002840796,-5.6156605e-05,-0.00039272,0.00048629855,0.0001366642,-3.3396467e-05
SPATS2,0.00047155053,0.004524597,0.0049043014,-0.00029729292,-0.0147586595,-0.007427381,-0.000245561,-0.006997508,0.00014672539,-0.005311067,-0.0015330736,-0.0040984848,5.4766137e-05,-0.00045892317,0.0020335573,-0.00012988251,0.0017094162,2.3084223e-05,-0.001585316,0.012817207,0.0016044604,-0.00025837804,0.007696045,-0.0006176969,-0.00092546555,0.0010784894,0.0033600724,-0.00035617457,-0.0008169276,0.005393592
GRASP,0.0006520314,0.0042357747,0.0049904785,0.0041927793,0.05312906,0.015683997,-0.0031993545,-0.027349409,-0.00020416694,-0.0083947815,-0.0026909136,-0.014660524,-0.00024278188,-0.0020045736,-0.017841946,-0.00018446331,-0.0005812878,0.00040278342,-0.0023490144,-0.014347488,-0.00047989117,0.00021309557,-0.0008236684,-0.0032162415,-0.004602844,0.00020465882,0.022516876,-0.00069765997,-0.004511118,0.0021604896
NR4A1,-6.284598e-06,-0.0030675295,-0.007278485,-0.016910927,0.2272607,0.04270011,-0.0048639826,-0.046629224,-0.0002792282,-0.040225387,-0.011171012,-0.029371003,-0.0003218031,-0.007658829,-0.031674694,-0.00018091316,-0.0007868568,-0.00012117244,-0.007284169,-0.04462981,-0.0012432185,-0.0020836396,-0.0009647277,-0.005572577,-0.006624947,-0.00016516262,0.011272276,-0.000908843,-0.009697309,-0.0015108197
KRT5,0.0003681018,-0.000345883,-0.00043722635,-0.0020049165,-0.009627279,-0.0010949972,-0.00025092615,-0.0038392032,2.5479243e-05,-0.002510585,-0.0008974071,-0.0023959852,-3.080512e-05,-0.00048235964,-0.0016404325,-2.3103928e-05,-8.214715e-05,-2.5670992e-05,-0.00049867964,-0.0010661597,4.7943096e-05,-0.00024259045,-9.8191456e-05,-0.00057695596,-0.0006212371,-4.2357173e-05,-0.0006385648,-9.62658e-05,-0.00046487653,0.02959332
KRT1,-4.9864517e-05,-0.0012089673,-0.0015777112,-0.0026867606,-0.020375194,-0.0031774358,-0.0006553732,-0.0008966485,-5.6988076e-05,0.022017691,-0.00045050972,-0.0032223845,-6.8385794e-05,0.025779625,-0.004045094,0.0014447811,0.0008334465,0.00031547187,-0.0012837169,-0.005722544,-0.0001451509,-0.0005385412,-0.00021797983,-0.00030432004,-0.00019377934,-2.9170522e-05,-0.0011534763,-0.00021370691,-0.0016302005,-0.00048724952
IGFBP6,-4.669263e-05,-0.0012553757,-0.0014935237,-0.0036834313,-0.018469863,0.02651036,-0.0006101248,-0.0070028207,5.342471e-05,-0.0039444007,-0.0009377153,0.015443888,8.517368e-05,0.0028080891,0.0021213174,-4.802666e-05,0.0015386685,-5.3362983e-05,0.001550092,-0.007919722,-0.00026147897,-0.0002826286,-0.00013098863,-0.0011993403,-0.0012913912,-8.8049346e-05,-0.00081801775,-7.3358565e-06,-0.00023482466,-0.0003317799
NFE2,-0.00016791584,-0.0042016413,-0.0061007654,-0.013882253,0.16589867,0.0001530493,-0.0029928635,-0.03124102,-0.00019190126,-0.027307957,-0.007451582,-0.019545391,-0.00023028415,-0.005410117,-0.021112496,2.7137537e-05,0.003239358,-0.00019190123,-0.0049170125,-0.032196067,-0.0009075152,-0.0017657039,-0.0007340262,0.02411274,-0.0044099675,-0.00029890848,0.00086362235,-0.00071963744,-0.006702165,-0.0016145039
GPR84,-7.799862e-05,-0.0019631025,-0.0029360694,-0.0067793247,0.09255797,-0.0038446544,-0.0016491184,-0.015432629,-8.914256e-05,-0.012977527,-0.0035568117,-0.009114485,-0.00010697035,-0.0022921755,-0.009933669,-8.022759e-05,-0.00028525369,-8.91426e-05,-0.002340673,-0.015060924,-0.00043679622,-0.0007014542,-0.00034096627,-0.0013929856,-0.0021572248,-8.284439e-05,0.0053404914,-0.0002690857,-0.003144792,-0.0007621642
ZNF385A,0.0003414403,-0.0059536886,-0.009306021,-0.018650953,0.26183903,0.03039667,-0.005356242,-0.05025824,-0.00028146093,-0.043635283,-0.012194172,-0.031167606,-0.00036958806,-0.0083380295,-0.033179794,-0.00013840853,-0.0007347524,-0.00027256407,-0.007903029,-0.048641246,-0.0014308952,-0.0025976717,-0.0010926797,-0.005037216,-0.00710065,0.00029164672,0.014523413,-0.0011549607,-0.010569433,-0.0020264944
CD63,0.00030017586,-0.007321115,-0.012918062,-0.03538918,0.14748333,0.015049518,-0.0019499616,-0.08917289,-0.00028776116,-0.050912343,-0.01276186,-0.047755953,0.0002844425,-0.0067625465,0.007652427,-0.00030437438,0.0010065348,0.0002923859,-0.0006627456,0.090461604,0.002098149,0.0064485515,-0.00023027814,0.00031687142,-0.010572385,0.0003713507,0.008063799,-0.0019003843,-0.00031615034,-0.00061136746
IL23A,-0.00010654304,-0.0019130389,0.002288326,-0.0038973244,-0.0070040827,-0.006088626,-0.0016403968,0.008606626,-8.147677e-05,0.020712767,0.0041451105,0.008396939,-0.000103536026,0.0028670558,-0.006883116,-8.450827e-05,-0.00030991598,0.00023246922,0.0014303573,-0.018335663,-0.00050791865,-0.0004596079,5.2794287e-05,-0.0022194409,0.002590231,-0.00020090865,-0.0018978728,0.001823906,-0.0004197967,-0.000992689
LRP1,-0.00024087928,-0.007512394,-0.0110655045,-0.025145436,0.3311541,0.018921277,-0.006022254,-0.05577955,-0.00030526822,-0.0485067,-0.013546039,-0.035275064,-0.00041718138,-0.009114895,-0.037752993,-0.00012300939,-0.0010827773,-0.000320379,-0.008882174,-0.056797303,-0.001593179,-0.0028825658,-0.0012827509,-0.0063446234,-0.0078110723,-0.0005600898,0.0041754795,-0.0012114734,-0.011899488,-0.002775231
NDUFA4L2,-1.4150698e-05,0.0005356424,0.0032741663,-5.923853e-05,-0.0054545263,-0.0005497759,-0.0002991856,0.00086685945,0.00017304697,0.0007625172,-0.00067801843,-0.001442263,0.00036943014,9.7347845e-05,-0.0014171455,-1.4555038e-05,-5.1751176e-05,-1.6172218e-05,-0.000449182,-0.0028281114,0.00035251732,-0.00015282707,0.00061587244,-0.00036346941,0.007974064,-2.6684042e-05,-0.00040228106,-6.064531e-05,-0.0006032233,-0.00013827252
AC084033.3,0.0002562193,-0.0002774031,-0.001598939,0.0017401776,-0.019586,-0.004513806,6.756509e-05,-0.0017077286,0.00062887097,-0.003641493,-0.00097132346,0.0052491874,0.0005257257,0.00037734443,0.0007124602,-6.1352126e-05,0.011743716,1.7276356e-05,0.00044670797,0.0062361415,0.0031701848,0.0011743437,0.0002924421,-0.0023954492,-0.0011890767,8.399476e-05,0.0008527432,0.0008664065,0.000490987,0.001010205
AVPR1A,-1.4939973e-05,-0.00040167346,-0.0005826641,-0.0011278361,-0.0038316152,-0.0009437771,-0.00031587583,-0.0029560092,-1.7074202e-05,-0.0025556032,-0.0004114261,-0.00184531,-2.0489237e-05,-0.00049003476,-0.0020088023,-1.5366868e-05,-5.4637978e-05,-1.7074204e-05,-0.00047423912,-0.0024906227,-8.3664e-05,-0.00016135209,-6.530962e-05,0.02259835,-0.00041320059,-2.8172617e-05,-0.00042472396,-6.402869e-05,-0.0006368714,-0.00014598566
GNS,-0.00015833905,-0.006000529,-0.009665287,-0.022022624,0.2289792,0.03515694,-0.0036577326,-0.04780471,-0.00022628113,-0.039690644,-0.011202605,-0.029694986,-0.00018709224,-0.0075533832,-0.026774583,-0.00020834297,-0.0008377289,-0.00024112224,-0.007921966,-0.023500219,-0.0004749853,-0.0025107667,-0.00073752686,-0.005725493,-0.006750328,-0.00039781936,-5.012804e-05,-0.0008582523,-0.00865123,-0.00063077256
MSRB3,-4.469427e-05,-0.00094076165,-0.0015499153,-0.0033174064,0.00042504404,-0.0021520378,-0.0009449623,-0.008382528,-5.1079653e-05,-0.007267152,-0.0019012463,-0.005352262,-6.129503e-05,-0.0014659732,-0.0054473644,-4.5971246e-05,0.010072269,0.0010570463,-0.0014187188,-0.008159638,-0.0002502875,0.0026269755,-0.00019537723,0.029063227,-0.001085346,-2.3915485e-05,-0.0004597795,-0.00019154679,-0.0019052576,0.009369886
HMGA2,0.0002496607,-0.0004076516,-0.000591332,-0.00029291728,-0.006238422,-0.0010964593,-0.00032057747,-0.002999999,-1.7328528e-05,-0.0025936384,-0.0007264938,-0.00187277,-2.0794278e-05,-0.00049732893,-0.002038687,-1.5595751e-05,0.016809264,-1.7328526e-05,-0.0004812991,-0.00044208727,-8.491016e-05,0.003360069,-6.628183e-05,-0.00038945727,0.0009932178,0.00027026565,-0.00019087037,-6.4982065e-05,-6.70776e-05,-0.00014815906
IRAK3,-0.0002567966,-0.007603689,-0.011341257,-0.022708597,0.312682,0.03540524,-0.005949462,-0.05725397,-0.00031176655,-0.049285244,-0.013945492,-0.035790425,-0.0004210377,-0.009615268,-0.0378036,-0.0001519007,-0.000177989,-0.0002984877,-0.009257665,-0.054722317,-0.0015267875,-0.0021973934,-0.001265814,-0.0051651765,-0.007769698,-0.0005408357,0.0028995452,-0.0012560219,-0.011721404,-0.002648355
GRIP1,0.000283678,-0.0014178345,-0.0014238566,-0.0032033755,-0.014298503,-0.0035002702,-0.0009419042,0.006464629,5.9606755e-06,0.0013917085,0.00018936036,0.0015038671,-7.232318e-05,0.00023859559,-0.004119727,-5.4242548e-05,-0.00019286222,-6.0268925e-05,-0.00056668086,-0.006810292,-0.00024454456,-0.00014367694,-0.00018984206,-0.0009818531,-5.6503668e-05,0.00015348011,0.02993045,-0.00022600926,-0.0017038473,4.6589124e-05
IFNG,-6.5681794e-05,-0.0016606753,-0.0022952901,-0.005484938,-0.029884495,-0.00458238,0.0050161146,-0.011948553,0.000518799,-0.0026570675,0.0010879787,-0.0070213485,0.0005529217,-0.0008176554,0.032651838,-6.755892e-05,-0.00024020846,-7.506522e-05,-0.0020159697,0.02975904,0.0013237532,-0.00024958843,-0.00026812003,-0.00116416,-0.0017079092,-0.00012385778,-0.0018312952,-0.00028149562,0.004080778,-0.0005482104
IL22,-2.528256e-06,-6.79739e-05,-9.860063e-05,-0.00022566177,-0.001222226,-0.00018282898,-5.3453827e-05,-0.00050023315,-2.8894171e-06,0.0027314066,-0.00012113831,-0.0003122755,-3.4672805e-06,-8.2926636e-05,-0.00033993807,-2.6004718e-06,-9.24611e-06,-2.8894146e-06,0.0014120928,-0.00050528295,-1.4158014e-05,-2.7304559e-05,-1.1051924e-05,-6.493911e-05,-6.9923466e-05,-4.767549e-06,-7.187434e-05,-1.0835315e-05,-0.00010777622,-2.4704248e-05
CPM,-0.000106663676,-0.0025272935,-0.0042317924,-0.0047815293,0.13753627,0.0012341333,-0.0026365898,-0.023896331,-6.8861686e-05,-0.018403705,-0.0063118325,-0.015658095,-0.00018993996,-0.0042975796,-0.016851254,-9.194893e-05,-0.00050650706,-0.00015828302,-0.004153267,-0.025182066,-0.00068843004,-0.0014179476,-0.00055230316,-0.0031479206,-0.0016540234,-1.2493036e-05,0.005340506,-0.0004771054,-0.0051578353,-0.0009492286
LYZ,0.00025658208,-0.009160956,-0.013121074,-0.027927233,0.38392532,0.018260466,-0.00707298,-0.07215918,-0.00043997497,-0.064064056,-0.016846772,-0.04796196,-0.00053510425,-0.012701316,-0.04102332,-0.0002078743,-0.0014673905,-0.0003650509,-0.011563648,-0.059277613,-0.001990034,-0.003584614,-0.0018700076,-0.00049096666,-0.01084626,0.0010941795,0.019226506,-0.0016345556,-0.012832518,-0.003618584
AC020656.1,8.4679e-05,-0.0070719514,-0.010213821,-0.022707062,0.31771383,-0.0029389865,-0.0055453777,-0.053298127,-0.00027369146,-0.04669161,-0.013008348,-0.033696137,-0.0003782872,-0.008898958,-0.03513082,-0.00024206999,-0.0010401218,-0.00032631183,-0.008744591,-0.05040971,-0.0014346783,-0.0026819953,-0.0012228135,-0.0044272086,-0.007790186,0.0007839686,0.013830949,-0.0012009415,-0.010404992,-0.0026341472
PHLDA1,-9.09731e-05,-0.0021481134,-0.0030027137,-0.0068429853,0.05864824,-0.0001274505,-0.0011565723,-0.016059065,7.8058845e-05,-0.008005267,-0.0010368375,-0.010104504,-9.974999e-05,-0.0016404211,-0.0048712688,-9.35726e-05,-0.00033270137,0.0002670691,0.0010162984,-0.0009952523,0.0003321546,-0.000469642,-0.00039768202,-0.000360907,-0.0016303582,-3.4071505e-05,-0.00029694877,0.00074149726,-0.00045536945,-0.0008310401
E2F7,-2.6154177e-05,-0.0004542464,0.002396438,-0.0012158125,-0.001977164,-0.0007706208,-0.0005529725,-0.0051747896,0.0023611402,-0.0040057683,-0.0012531527,-0.0032303985,0.0021667844,-0.00085785124,-0.0019471868,-2.6901309e-05,-9.564921e-05,-2.9890252e-05,-0.00083020644,-0.0014142991,0.013489569,-0.0002824647,0.0011789995,-1.1631826e-05,-0.00072334637,-4.9319082e-05,0.00071862247,-0.00011208922,-9.4966446e-05,0.0028253994
SYT1,-3.1577834e-05,0.012840472,0.010939622,-0.0002997377,0.009934898,-0.0020657901,-0.0006676443,-0.005930495,-3.6088724e-05,-0.0048210593,-0.0012224026,-0.0039003051,-4.3306627e-05,-0.0010357533,-0.0042458577,-3.2479893e-05,0.0011626725,-3.608872e-05,-0.0010023725,-0.006012297,-0.00017683524,-0.0003410392,0.0012212067,-0.00081109855,-0.0008733521,-5.954688e-05,-0.00066369766,-0.00013533306,-0.0013461146,-0.00030856175
CEP290,-3.966024e-06,0.002335814,0.0023285844,0.006084152,-0.04574225,-0.0064449254,0.0017777575,0.0021129667,2.9921714e-05,0.0047712903,0.002586436,0.0018379906,0.00012673113,0.001127805,0.012432391,-0.00016801615,0.0005692141,0.00022124153,0.001657774,0.013316392,0.0008216318,0.0012130579,-0.00024369168,-0.005134488,4.07246e-05,-4.08522e-05,-0.0026015812,0.00021237382,0.004234851,0.0005408224
DUSP6,-0.0001957199,-0.006217019,-0.009115898,-0.018589834,0.24586171,0.034253556,-0.004640517,-0.04671494,-0.00022073323,-0.04015568,-0.010880165,-0.029463807,-0.00028854332,-0.0077586914,-0.030196704,-0.00013228328,-0.00057676283,-0.00016753409,-0.007186678,-0.03632763,-0.0009243224,-0.0018695391,-0.0009968111,-0.0044374634,-0.006457827,-0.00041665134,-0.004655032,-0.00080303266,-0.009040216,-0.0016843283
ATP2B1,-0.0003269588,0.0077686165,0.015221935,0.013164756,0.12943368,0.019117331,-0.0017566485,-0.05870641,0.00012469482,-0.011229498,-0.0032165586,-0.0331502,-9.27187e-05,-0.0025473854,-0.01843671,-0.00031494035,-5.2042684e-05,-2.0633445e-06,-0.0041615786,-0.034598794,-0.00034394785,-0.001224412,-0.00053289346,-0.009486902,-0.0042522578,0.00020360708,0.010324056,-0.0009854084,-0.0065769316,-0.0033631688
ATP2B1-AS1,-0.00029440204,-0.003111551,-0.0021681434,-0.00650742,0.3092307,0.011230089,-0.005799684,-0.06251294,-0.0003473444,-0.0480718,-0.01332576,-0.037074897,-0.0003542545,-0.008896883,-0.03668619,-0.00022783916,-0.00079270493,-0.00025498655,-0.0092902435,-0.04684531,-0.0014556546,-0.0023704886,-0.0012825769,-0.007160257,-0.00834852,-0.00043628068,-0.00051220215,-0.0013892618,-0.011745912,-0.0031965857
LINC02397,-2.265465e-05,0.025565745,0.02749225,0.11908654,-0.050736725,-0.007540765,-0.0021838762,-0.020913208,-0.00012433133,-0.017940467,-0.005102189,-0.012716889,-0.00014919676,-0.0032847028,-0.013453024,-8.4844236e-05,-0.00039785632,-0.00012433137,-0.0034532715,-0.020812517,-0.0005515481,-0.0010461663,-7.7059856e-05,-0.0017168443,-0.002800771,-0.0002051456,-0.0028717902,-0.0004662396,-0.004410739,0.0010426621
PLXNC1,0.00020172828,-0.0012011608,-0.0047144284,-0.018477073,0.20445322,0.042022176,-0.0037950787,-0.046388958,-0.00015217962,-0.032426883,-0.008948413,-0.028988833,-0.00015920032,-0.006790683,-0.028300272,-0.00021061301,3.590675e-05,-0.00031242042,-0.00481389,-0.042362493,-0.00089663756,-0.0021623857,-0.00055275025,-0.0051646247,-0.0063184383,7.795224e-05,0.0067466483,-0.00100308,-0.008088653,-0.0013075732
LTA4H,0.00011738296,-0.0020569307,-0.0037301823,0.0039212503,0.22257958,0.031389497,-0.0052747754,-0.043738946,-0.00015493952,-0.040884733,-0.011459974,-0.025635809,-0.00034499646,-0.007835162,-0.03369422,-0.00024069514,-0.0001423053,0.000115078554,-0.007125933,-0.04983218,-0.0011444727,-0.00068284076,-0.0007508503,-0.007473727,-0.0065182564,-0.00021155135,0.0028512077,-0.0013661367,-0.01076225,8.739093e-05
TMPO-AS1,-5.393918e-06,-0.0019423739,-0.0018605199,-0.0023282203,0.052642036,0.013711444,-0.0013677694,-0.008098538,0.00042890827,-0.011793769,-0.0034028909,-0.004798997,0.00019257708,-0.0013612083,-0.008382342,-7.3952004e-05,-0.00032067538,-1.6209771e-05,-0.0025876886,-0.01375111,0.0020424323,-0.0009867601,-1.3385194e-05,-0.00026725256,-0.0006623393,-0.00020209933,-0.0017387305,-0.00020884465,-0.00214827,-0.00069804967
SPIC,-1.7556538e-05,-0.00047201783,-0.00068470626,-0.0015670451,-0.0048313043,0.02455976,-0.000371192,-0.0012147081,-2.0064506e-05,-0.0030031626,-0.0008412042,-0.0015793184,-2.4077515e-05,-0.0005758549,-0.002360598,-1.8058176e-05,-6.420656e-05,-2.0064515e-05,-0.0005572929,-0.0035087846,-9.8316756e-05,-0.0001896108,-7.674707e-05,-0.00045095186,-0.000485562,-3.3106564e-05,-0.0004991029,-7.524206e-05,-0.00074840593,-0.0001715516
MYBPC1,-4.080552e-06,-0.000109707886,-0.00015914088,-0.0003642162,0.0031720751,-0.00029508217,-8.627416e-05,-0.0008073659,-4.663446e-06,-0.0006980007,-0.00019551512,-0.0005040001,-5.5961964e-06,-0.00013384075,-0.0005486548,-4.1970875e-06,-1.4922991e-05,-4.6634527e-06,-0.00012952721,-0.00081551925,-2.2850942e-05,-4.4069595e-05,-1.7837676e-05,-0.00010481146,-0.000112855145,0.00047563543,0.0017710136,-1.7487991e-05,-0.00017394725,-3.9872702e-05
DRAM1,-0.00012292711,-0.0025286656,-0.0043340367,-0.011682466,0.15466146,0.018996065,-0.0030461277,-0.03085626,-0.00016752028,-0.02513543,-0.0070257126,-0.0190278,-0.0001381242,-0.004984472,-0.017718844,-0.00011495425,-0.000102316575,-8.006734e-05,-0.0041320724,-0.025269648,-0.0008812728,-0.0012189215,-0.00020263964,-0.0010373463,-0.004379963,-0.00024489223,-0.0016618993,-0.0007246141,-0.005313572,-0.001524562
PMCH,-6.753452e-06,-0.00018157015,-0.00026338178,-0.00060279394,-0.0015936219,-0.00048836664,-0.00014278694,-0.0013362109,0.00017704612,0.0011325458,-0.0003235843,-0.00025597808,-9.261834e-06,-0.0002215113,0.00070038775,-6.9464013e-06,-2.4698142e-05,-7.7181985e-06,-0.0002143733,0.00029197714,0.000387487,-7.2936826e-05,-2.952212e-05,-0.00017346638,0.0022775815,-1.2735008e-05,-0.00019198927,0.0015470556,-0.00028788805,-6.599051e-05
IGF1,-2.1238453e-05,-0.0005710098,-0.0008282966,-0.0018956728,-0.006504622,-0.001129871,0.0012735298,-0.0029825682,-2.4272353e-05,-0.0036329718,-0.0006286663,-0.0019303198,-2.9126946e-05,-0.00016162482,-0.0016453874,-2.1845188e-05,0.00084061344,-2.4272336e-05,-0.0006741661,-0.004244645,-0.000118934666,-0.00022937365,0.021298924,0.0005813727,-1.7979426e-05,-4.004926e-05,0.0041369805,-9.102115e-05,-0.0004760595,-0.00020752857
ASCL1,-3.5388503e-06,-9.514592e-05,0.0014195493,-0.00031586972,-0.0017107932,-0.00025590934,-7.4822114e-05,-0.00070019346,-4.044392e-06,-0.0006053521,-0.00016956273,0.0016172095,-4.8533057e-06,-0.000116076226,-0.00047582458,-3.6400095e-06,0.0008502372,-4.044407e-06,-0.000112333444,-0.0007072647,-1.9817522e-05,-3.8219598e-05,-1.5469845e-05,-9.0897774e-05,0.0019445335,-6.6733596e-06,-0.00010060605,-1.5166521e-05,-0.00015085784,-3.4580084e-05
HSP90B1,0.0004781654,-0.002186065,-0.0057563866,-0.018972311,0.0037760308,-0.0033892128,0.0022746555,-0.04125102,0.00013588175,-0.011650071,0.0015524648,-0.023120284,0.00040921578,-0.00030618178,0.025735116,-0.00047060393,-0.00039810003,-0.000106826905,0.004856001,0.054830868,0.0019505199,0.00053050736,0.0078081423,-0.015945746,-0.006049396,0.0006965799,0.0069041597,-0.0008664659,0.008946398,0.009583904
C12orf75,0.0013588873,-0.004610476,-0.0037133077,-0.016128391,-0.1333404,-0.019821756,0.011595724,-0.041752856,0.0008901988,-0.010444958,0.0039207544,-0.019457052,0.0013801386,0.0019066621,0.06698162,-0.00024433612,-0.00067511504,0.0002656194,0.0047816476,0.10961405,0.005085067,0.0017777251,0.0013418434,0.012201171,-0.003244844,-0.00043640484,-0.0013913589,-0.0001197504,0.015945181,0.0163346
CKAP4,-0.00022258515,-0.0020565407,-0.0026913085,-0.018888427,0.23484838,-0.0019274685,-0.004526715,-0.036409065,-0.00025762274,-0.028507924,-0.008630526,-0.020525763,-0.00029048586,-0.005516799,-0.028106954,-6.307327e-05,-0.00071648695,-0.0001261505,-0.0056338008,-0.044040486,-0.0012646832,-0.0024561756,0.0025671532,-0.004725966,-0.0047301906,-0.0004555544,-0.0031156617,-0.0008379086,-0.008510251,-0.0021803493
CUX2,-2.720149e-05,-0.00049994746,-0.00106086,-0.0020233276,-0.009624064,-0.0014158874,-0.0005751194,-0.0030979733,-3.1087577e-05,-0.004336089,-0.0013033422,-0.0018052092,-3.7304926e-05,-0.00089221215,-0.0032115965,-2.7978833e-05,0.00037847637,-3.1087577e-05,-0.00086345477,-0.003884372,-0.00015232836,-0.00029377564,-0.000118909746,-0.00069869036,-0.0005067561,-5.1294508e-05,-0.0007732993,-0.00011657809,-0.00086190086,0.037943095
ALDH2,0.00093140925,-0.007059157,-0.009649926,-0.022334334,0.30982843,0.004038478,-0.0061525186,-0.05624516,-0.00032098184,-0.049457397,-0.013672117,-0.035211653,-0.00040109968,-0.009484138,-0.036853753,-0.00013586183,-0.00022292971,-0.0002563828,-0.009099977,-0.05574963,-0.0015016904,-0.003068707,-0.0012599863,-0.005549279,-0.008012317,0.0010325998,0.025727037,-0.0012222611,-0.011500815,0.0028642318
RPH3A,-0.000103131555,-0.002646727,-0.0036711036,-0.008787701,0.12194613,0.0038589733,-0.0019682518,-0.019569907,-0.000117864874,-0.017113376,-0.0044312025,-0.012482493,-0.000104887215,-0.0033827026,-0.013224696,-1.709603e-05,-0.00037716585,-0.000117864874,-0.003115935,-0.019745996,-0.00051857426,-0.0009534726,-0.00040158196,-0.0021909382,-0.0026575113,-0.00019447647,-0.002169984,-0.00044199268,-0.004290303,-0.0010077397
OAS1,5.424047e-05,0.00067954464,-0.003592127,-0.010563397,0.13443454,0.06712482,-0.0035982316,-0.042686574,4.989843e-05,-0.028650912,-0.008915712,-0.028048685,-0.00016310845,-0.006714714,-0.02212959,-0.00020593725,-0.00081787194,-0.00019468235,-0.006348204,-0.027221994,-0.0005327483,-0.0017442035,0.00087693357,-0.004409388,-0.004612199,-0.00029139983,0.0034554414,-0.00083009375,-0.007284295,0.0028804778
AC004551.1,-2.624407e-15,-1.6104316e-14,1.7177937e-14,4.192034e-14,1.2016135e-13,7.017131e-15,2.38907e-14,-3.029997e-14,5.0795257e-15,4.2916774e-14,-2.1114546e-14,9.6555725e-15,2.134962e-15,-1.604818e-14,1.7262142e-14,1.873574e-15,-3.3454172e-15,5.0584744e-15,-3.2519136e-14,-3.4629542e-15,6.1715668e-15,2.298812e-14,6.4884634e-15,1.2027363e-14,1.5746442e-14,-3.5261082e-15,-3.7085538e-15,-5.227763e-15,-2.9514053e-14,3.5296168e-15
OAS3,-0.000183563,-0.0029118988,-0.0045299004,-0.011917833,0.10293314,0.025099706,-0.0023401054,-0.021790579,9.520888e-05,-0.012126299,-0.0035481567,-0.014794351,1.2883813e-05,-0.0025215226,-0.014870386,-0.00015650019,-0.00047912542,4.613026e-05,-0.0034209425,-0.02321972,0.00039241827,-0.00042760823,-0.00040409307,-0.0041390993,-0.0034529297,-3.130884e-05,0.0048314114,-0.00040331512,-0.0041916124,-0.0015499376
OAS2,-6.730089e-06,-0.0024554245,-0.0033582954,-0.008891799,0.07535778,0.017865645,-0.002524967,-0.024079721,0.00018658012,-0.013516969,-0.0041795047,-0.015245739,0.0001737974,-0.0044093737,-0.006457565,-0.00022125606,-0.00067109015,-0.00023340719,-0.0028046423,0.00039622321,0.00011730227,-0.00031137132,0.00037847788,-0.004869381,-0.00344521,-1.0664675e-05,0.00373154,0.00029887696,-0.0017337492,0.0009205675
SDS,0.0009087946,-0.0007783914,-0.00084510254,-0.002584163,0.013782439,7.747742e-05,-0.00061212515,-0.005728299,-3.3087734e-05,-0.004669256,-0.00076204876,-0.0032185866,-3.9705374e-05,-0.0009496213,-0.0038927826,-2.9779005e-05,-0.00010588123,-3.3087737e-05,-0.0006025241,-0.005786216,-0.00016213057,-0.000312679,-0.00012656068,-3.003154e-05,-0.0008007243,0.0008992662,0.017948944,-0.00012407884,-0.0012341698,-0.00015580229
AC125603.4,-6.2843033e-06,-0.00016895926,-0.00024508746,-0.0005609234,0.00056391564,-0.00045444633,-0.00013286913,0.0028458827,-7.1820423e-06,-0.0010749708,-0.0003011077,0.003106295,-8.618495e-06,-0.00020612383,-0.0008449779,-6.4638657e-06,-2.2982464e-05,-7.182038e-06,-0.00019948174,-0.0012559643,-3.5191933e-05,-6.787113e-05,-2.7471684e-05,-0.00016141648,-0.00017380605,-1.1850347e-05,-0.00017865466,-2.6932894e-05,-0.00026789078,-6.14066e-05
HRK,-4.499659e-05,0.008640607,0.018315446,0.038379654,-0.016497493,-0.0018314063,-0.0006941815,-0.008295239,-5.1424915e-05,-0.0072868294,-0.0021559834,-0.0052272715,-6.1709725e-05,-0.0014759001,-0.0058786375,-4.6282596e-05,-0.00016455872,-5.1424875e-05,-0.0014283299,-0.008385967,-0.00025198204,-0.00048596333,0.001294918,-0.00115577,-0.0012444837,-8.4850595e-05,-0.0012791913,-0.00019284339,-0.00191815,-0.00043968222
TESC,-0.00024451033,-0.0031731275,-0.00017478838,-0.019851267,0.1317561,0.05370327,-0.00024816554,-0.045061473,-6.177722e-05,-0.03532661,-0.008576245,-0.027043069,0.00027111237,-0.0062866095,-0.010861233,0.00010419784,-0.00047112486,-0.00014750792,-0.0069881463,-0.0006834944,0.001039257,-0.0013796051,-0.00030143405,-0.003847563,-0.006370438,-0.00044272747,-0.0006790577,-0.000853674,-0.0055489247,-0.0022512781
CIT,-3.0056632e-05,9.245713e-05,0.0004242662,-0.00096324226,-0.011697045,-0.0006474378,0.00013494962,-0.00070090615,0.003494413,-0.0008249888,-0.00034272982,-0.0014368865,0.002517355,-7.9949496e-05,0.0005669074,-3.0915635e-05,-2.4733054e-05,-3.4350527e-05,-0.000283136,-0.0009160584,0.008863846,-0.00032461245,0.00072872563,-0.00042313972,0.0010806294,-5.6678833e-05,-0.0004908912,0.0005869276,0.00096009107,-0.00014288974
OASL,-0.00014034496,-0.0037802628,-0.0056686974,-0.012516647,0.07799105,0.01504836,0.002265689,-0.029600358,1.5808853e-05,-0.018111074,-0.004870263,-0.017450752,0.00028653798,-0.0036734394,0.013294583,-0.00016945804,-0.00058224035,-0.00018828694,-0.003505967,0.0019692397,0.0004307478,-0.0011663378,-0.000630832,-0.003301608,-0.0037702315,-0.00026638608,-6.991332e-05,-0.00048255172,0.00010176658,-0.0014577797
P2RX4,-0.00013679062,-0.0039969487,-0.004826944,-0.014602136,0.14160842,0.011244076,-0.0026831294,-0.025392452,-6.6813685e-05,-0.014344476,-0.003680241,-0.015997712,-0.00019868142,-0.0028318148,-0.019325035,-0.00019386952,-0.000106738284,2.0973697e-05,-0.003987354,-0.022918697,-0.00055232306,-0.00069133216,-2.0621448e-05,-0.005077615,-0.003917682,-0.00024886156,0.0004947439,-0.00083374465,-0.005057208,-0.001679275
BCL7A,0.0009684425,0.013579116,0.005758544,0.11538283,-0.055548698,-0.0069182646,-0.0018573005,-0.012390132,7.327313e-05,-0.014438403,-0.0050787167,-0.007401273,-2.3636347e-05,-0.0029463435,-0.013792309,-8.561609e-05,0.001785886,1.4742741e-05,-0.003820209,-0.026185494,-0.0003983313,-0.0013783734,0.0006422316,-0.0025409018,-0.0036088913,0.00040543717,0.011185153,-0.00035640824,-0.004110887,0.013085052
HCAR3,-9.055167e-05,-0.0024345678,-0.0034524167,-0.007606634,0.07763174,0.030356549,-0.0019145337,-0.016815329,-0.0001034891,-0.014440957,-0.0039858245,-0.011107109,-0.00012418593,-0.0028856036,-0.01156784,2.2415e-06,-0.00029121988,-0.00010348912,-0.0027373584,-0.015959628,-0.00050709327,-0.0009779669,-0.00039584312,-0.0019487065,-0.002247432,-0.00017075587,-0.0011749277,-0.00038808002,-0.0036743742,-0.0008848266
RILPL2,8.272618e-05,-0.0024313913,-0.0015944373,-0.022875655,0.22042428,0.027991109,-0.003765182,-0.053686365,-3.4475852e-05,-0.017689418,-0.0076884995,-0.03805674,-0.0003058844,-0.007365151,-0.02443907,-0.00027235426,2.1015505e-05,-0.00022484722,-0.009180273,-0.049326543,-0.0013406415,-0.002288276,-0.0013450902,0.00039871904,-0.005937396,4.981737e-05,0.011077734,-0.0010104862,-0.009979278,0.00079214
TMEM132B,-5.9381255e-06,-0.00015964992,-0.00023158675,-0.0005300203,-0.0010240477,-0.00042940944,-0.0001255488,-0.0011748981,-6.7864016e-06,-0.0010157559,-0.00028452044,-0.00073344633,-8.143716e-06,-0.00019477025,-0.0007984261,-6.1077717e-06,-2.1716545e-05,-6.7864194e-06,0.0012246431,-0.0011867726,-3.3253415e-05,-6.413178e-05,-2.595826e-05,-0.00015252536,-0.00016423066,-1.1197531e-05,-0.0001688116,-2.544897e-05,-0.00025313365,0.0076183598
SLC15A4,0.00041960107,-0.0019268022,0.0010674052,-0.0069550513,0.04506495,0.0017997903,0.00023450295,-0.037114672,-9.353602e-05,-0.0313838,-0.007389956,-0.023373377,4.238226e-06,-0.0062397146,0.002935535,-0.00012891437,-0.0004237156,-0.0001923809,-0.002658518,0.058349703,0.00085534155,0.000234637,-0.00060266745,-0.004753424,-0.0049793394,-0.000253178,-0.0008808717,-0.00026695136,0.0025942388,0.016056966
RIMBP2,-9.247737e-06,0.0023304883,0.00074351346,0.0108708525,-0.0038425091,-0.0006687377,-0.00019552211,-0.0018297178,-1.0568815e-05,-0.0015818832,-0.0004430956,-0.0011422221,-1.2682628e-05,-0.00030332367,-0.0012434156,-9.511961e-06,-3.3820295e-05,-1.0568806e-05,-0.0002935475,-0.0008245021,-5.178725e-05,-9.987514e-05,-4.0425402e-05,-0.00023753359,-0.00025576344,-1.7438479e-05,-0.00026289874,-3.963278e-05,-0.00039421656,-9.036353e-05
GJB2,-1.0741154e-05,-0.0002887849,-0.00041890724,-0.0009587265,0.013031235,-1.1921683e-05,-0.00022709911,-0.002125219,-1.2275596e-05,-0.00183736,-0.0005146536,-0.0013266816,-1.4730791e-05,-0.0003523087,-0.0014442261,-1.1048015e-05,-3.9282128e-05,-1.2275584e-05,-0.0003409562,-0.00214669,-6.0150247e-05,-0.00011600421,0.00013232973,-0.0002758944,-0.00029707092,-2.0254667e-05,0.00030849822,-4.603364e-05,-0.00045788192,-0.000104956496
FLT3,0.0015459677,-0.0020149315,-0.0025287247,-0.007110814,0.034834497,-0.00412403,-0.0018017566,-0.01594689,-6.8685076e-05,-0.014116526,-0.0039750673,-0.010213413,-0.00011687102,-0.0026475438,-0.010720478,-8.765308e-05,0.0035763467,-9.739238e-05,-0.0027050665,-0.015835665,-0.0004772232,-0.000920361,-0.00021260176,-0.002113967,-0.002059393,0.0070230113,0.041549765,-0.00036522176,-0.0033913264,0.015121967
ALOX5AP,0.0012162039,0.0033726592,-0.0035496547,0.0027700549,-0.032684933,-0.023032172,0.0010894606,-0.027116299,9.810923e-05,0.008242656,0.004942508,-0.018986002,-0.00016201308,-0.0016843763,-0.007865461,-0.0001722468,-0.0008122029,-0.00022716589,0.01283158,0.08015585,0.0017876562,-0.0026265008,-0.0011753753,-0.0069275913,-0.0043981,-0.00063092477,-0.0008208,-0.0009790936,0.0003951491,0.016949115
BRCA2,0.0003907333,0.0036623888,0.0056410152,0.0090455385,-0.006422853,0.0043096025,-0.0011780038,-0.009654236,0.0022166884,-0.006418082,-0.0019467443,-0.004791725,0.0016677438,-0.0012740693,-0.003974141,-0.00010511725,5.7766963e-05,5.3319698e-05,-0.0026861494,-0.005425166,0.011018927,-0.00032897198,0.0017916315,-0.0024710433,0.00046972735,0.0003372766,0.0009360389,-9.785529e-05,-0.00031026572,0.005485804
RGCC,0.00025665745,-0.0045620142,-0.007247382,-0.016676787,-0.061181173,-0.013629596,0.0001586893,0.046974868,0.0002105383,0.054391783,0.011288998,0.021497268,0.00014941077,0.008057044,-0.008598066,-4.016182e-06,-0.0005223905,0.00037862614,-0.0006879162,-0.034350954,-0.00071898144,-0.00044552193,-0.00029019848,0.004835102,0.006499139,0.0012732736,-0.0043894425,0.0009959079,-0.0017945677,-0.0018686434
EPSTI1,-1.7791715e-05,0.00062540686,-0.0011760765,-0.0028163434,0.0801364,0.028787341,-0.0021333285,-0.03513317,0.00030868992,-0.01471049,-0.00523848,-0.024420047,-9.591148e-05,-0.005316986,-0.01512157,-0.00020904557,-8.4994266e-05,1.3759018e-06,-0.0045633367,0.0038211236,-0.00018187592,0.00054610707,-0.0007605979,-0.0027058097,-0.004378314,0.0005769194,0.008987308,0.0005854239,-0.0042842873,-0.0010275941
TSC22D1,-0.00010257531,-0.001755915,-0.0031075128,-0.004291879,-0.02253861,-0.0051296847,-0.0007209285,-0.014130104,-7.5077325e-05,-0.010024111,-0.0024759143,-0.007187119,-4.3734453e-05,-0.0017544223,-0.002167879,-8.826402e-05,0.0039479597,-7.3812243e-06,-0.000777473,0.0034029686,0.00019934982,0.00010022884,-0.00053481496,0.072193705,-0.0023420479,-8.185036e-05,-0.0014160692,-0.00018380853,0.00020926994,0.0008838514
DIAPH3,-3.1261567e-05,-0.00027947643,-0.00029909873,-0.0022250502,-0.007596562,-0.0020703243,-0.0006609594,-0.0047947285,0.004991816,-0.003451067,-0.0011880811,-0.0035789518,0.002146178,-0.0010253835,-0.0010637481,-3.2154883e-05,0.00012850981,-3.57278e-05,-0.00036465548,-0.0017426882,0.022896163,0.0004965715,0.002104201,-0.0008029755,-0.0008646059,-5.8950514e-05,0.0008604692,-0.00013397775,-0.0013326345,9.116816e-06
PCDH9,-8.8294146e-05,0.012768567,-0.00061899156,0.11371437,-0.040325925,-0.0061524264,-0.0015812537,-0.015514307,-6.720294e-05,-0.014548929,-0.0038603812,-0.009510084,-0.00012108878,-0.0026978957,-0.011060448,-9.0817295e-05,0.004902628,0.0004002503,-0.002631318,-0.015488584,-0.00021385084,0.0002509945,-0.00036659918,-9.921211e-06,-0.0021691483,-0.00016649623,-0.002482932,-0.00037840416,-0.0033352422,0.0014437462
KCTD12,0.00022183238,-0.0075255195,-0.0109578,-0.02485946,0.3284345,0.005408578,-0.0060472614,-0.054913197,-0.0003031906,-0.047712218,-0.013441071,-0.034141265,-0.00041201152,-0.009257097,-0.038087074,-0.00018249945,-0.0009897401,-0.00029870443,-0.0094201965,-0.055373643,-0.0015918724,-0.0031209714,-0.0012506781,-0.0054503223,-0.007883646,0.0005205635,0.012254255,-0.0010479407,-0.0120072765,-0.0005657807
ACOD1,-1.7093547e-05,-0.00045957253,-0.00020725497,-0.0015257229,0.017499056,0.0011286828,-0.00036140834,-0.0033820907,-1.9535531e-05,-0.0029239864,-0.00081902614,-0.0021113083,-2.3442775e-05,-0.00056067127,-0.0016546111,-1.7582113e-05,-6.251352e-05,-1.9535526e-05,-0.0005426008,-0.0029008163,0.0007427165,-0.00018461027,-7.472327e-05,-0.00043905995,-0.00047276035,-3.2233565e-05,-9.530246e-05,-7.325808e-05,-0.00072867476,0.00033898413
GPR183,0.0010001007,0.014697543,0.013233432,-0.0072431923,0.00395293,-0.017379692,-0.0050058034,0.0052819587,0.00015110991,0.068966456,0.014561916,-0.03240066,-0.00032815267,0.0063238977,-0.019336319,-0.00019931849,-0.00080574915,0.0005591529,-0.002848654,-0.05703178,-0.001587933,0.004005747,-0.00075895863,-0.0057780696,-0.0014397232,0.00030154182,0.014984393,0.0026833855,-0.007968947,0.009409275
CCDC168,0.0003440448,0.00093015394,-0.00044840068,0.0005982799,-0.0031110712,-0.0007062361,-0.0005157372,-0.00023672525,-2.7877792e-05,0.00025789777,-0.00020425659,0.0004282612,-3.34532e-05,-0.0005568689,0.00012808545,-2.5089968e-05,-8.920882e-05,0.00031383327,-0.00077430473,0.0020476852,-0.00013660082,0.000996074,0.00026987263,-0.00062655215,0.00048361058,-4.5998375e-05,-2.6498168e-05,-0.00010454117,-0.00018233547,0.001054046
TNFSF13B,0.00046277378,-0.008097644,-0.012274301,-0.026731841,0.32105148,0.033109516,-0.0068713315,-0.06207046,-0.00039256518,-0.045784246,-0.010995105,-0.03970134,-0.00046448543,-0.010137798,-0.04201855,-0.00022076495,-0.000668839,-0.00017344623,-0.008985368,-0.061694678,-0.001749732,-0.0032746815,-0.001466152,-0.0043309783,-0.007837337,0.00029403126,0.014212797,-0.0014568385,-0.013376155,0.001643663
IRS2,-0.00021400342,-0.00499381,-0.008828265,-0.0114266705,0.19464871,-0.004320496,-0.004964067,-0.033078853,-0.0002474315,-0.015602076,-0.0048291557,-0.01960054,-0.0003135208,-0.0030534465,-0.029742159,-0.00019480342,-0.00053362263,4.2277035e-05,-0.0018948603,-0.028957995,-0.00091493025,-0.0007630435,-0.0011076718,-0.0031242403,-0.002523628,-0.00046060604,-0.0035027128,-0.0008039464,-0.0065265778,-0.0021681376
COL4A2-AS2,-8.046281e-06,-0.00021633162,-0.00031380903,-0.0007181969,0.008485938,0.000872143,-0.00017012162,-0.0015920355,-9.1957645e-06,-0.0013763846,-0.0003855326,-0.0009938293,-1.1035042e-05,-0.00026391976,-0.0010818794,-8.276193e-06,-2.9426417e-05,-9.195759e-06,-0.00025541437,-0.001608115,-4.5059478e-05,-8.69e-05,-3.51738e-05,-0.00020667458,-0.00022253975,-1.5173041e-05,0.0007603685,-3.4484532e-05,-0.00034300712,-7.8624435e-05
GAS6,0.0032800036,-0.0020113038,-0.0029233936,-0.006837221,0.02636105,-0.0009131678,-0.001583457,-0.014687481,-7.921611e-05,-0.00808961,-0.0028692211,-0.009986436,-1.759388e-05,-0.0014970405,-0.009267794,-9.297928e-05,-0.00033059195,-1.866897e-05,-0.002602986,-0.015414978,-0.0005062187,-0.00097628025,0.0015706874,-0.001708695,-0.0020911251,0.00015046974,0.022229034,-7.338625e-05,-0.0035995075,0.034587264
LINC01297,-1.0881945e-05,0.0012328565,0.017211944,-0.00049840333,-0.0052606408,-0.0005535308,-0.00023007297,-0.0021530641,-1.2436412e-05,-0.0018614286,-0.00052140106,-0.0013440738,-1.4923744e-05,-0.00035692615,-0.001463155,-1.1192768e-05,-3.9796465e-05,-1.2436401e-05,-0.00034542268,-0.002174821,-6.0938393e-05,-0.00011752448,0.00012549703,-0.00027950987,-0.00030096338,-2.0520089e-05,-0.00030935535,-4.6636484e-05,-0.00046387792,-0.000106332125
AL355075.4,2.6665399e-05,-0.0016055828,-0.0021264758,-0.004043462,0.07128735,-0.0018445881,-0.0016708834,-0.013567773,-5.8905334e-05,-0.011502962,-0.0031361235,-0.009232929,-0.00013727181,-0.0020739748,-0.008432575,-0.00010295327,-0.00026933555,4.696129e-06,-0.0016478017,-0.011542532,-0.0002932206,-0.0008071564,0.0002610375,-0.0019711184,-0.0019674955,-7.7331344e-05,0.0036185212,-0.0001562451,-0.0025902367,0.005660536
KLHL33,-2.5994292e-05,-0.00046065083,-0.0006791842,-0.00017662642,-0.00930107,-0.0017125509,-0.0005495962,-0.004439604,-2.9707775e-05,-0.004094584,-0.0007948444,0.0033689362,-3.5649453e-05,-0.00021271237,-0.0012061725,-2.6737174e-05,-9.506497e-05,-2.9707782e-05,-0.00082513853,-0.0013563457,-0.00014556826,6.995726e-05,-0.00011363301,-0.00066768436,-0.00071892986,-4.9017992e-05,-0.0007389855,-0.000111404624,-0.0007610409,0.025919275
RNASE6,0.0012582254,-0.00082399434,-0.005370233,0.009064941,0.25170025,-0.011904238,-0.005357865,-0.05266064,-0.00027588248,-0.043331042,-0.01227957,-0.03354804,-0.00033400566,-0.008626504,-0.034551445,-0.00013456857,-0.000887154,-0.00025453023,-0.008423855,-0.051062413,-0.0014904839,-0.002461293,0.0012279353,-0.005865771,-0.0077173705,0.0004730509,0.021890063,-0.0010561934,-0.011188515,0.013990743
RNASE1,-7.097104e-05,-0.0019081025,-0.002275119,-0.0060317093,0.0813513,-0.0042427974,-0.001394756,-0.012881614,-8.110998e-05,-0.01155003,-0.003326853,-0.008250672,-9.733135e-05,-0.0022210106,-0.009019924,-7.299856e-05,-0.00022922966,-8.1109974e-05,-0.0019891788,-0.013254232,-0.00039743536,-0.0007664868,-0.00031024354,0.00033580748,-0.0019628499,-0.00013383085,0.0047529056,-0.00030416023,-0.0028927291,-0.0006934849
RNASE2,-0.00018681797,-0.0045776963,-0.006876668,-0.015850322,0.22537196,-0.0077243093,-0.0037970792,-0.03593138,-0.00018975144,-0.030541075,-0.008408715,-0.022363933,-0.0002562066,-0.006048289,-0.023335002,-0.00012297436,-0.00062661304,-0.00021350433,-0.005861958,-0.035660844,-0.0010140684,-0.002017625,-0.00081665744,-0.0038194354,-0.005068514,-0.00035228534,0.006203014,-0.0008006486,-0.007663434,-0.0014494209
NDRG2,0.00016353108,-0.0008049338,-0.0028774578,-0.0055233394,-0.021432625,-0.006079749,-0.0011363988,0.0057606185,-4.718015e-05,0.0020128305,0.0002009494,0.003569646,8.645174e-05,9.9227356e-05,-0.002987105,-4.4395136e-05,2.6716507e-05,-7.5505013e-06,-0.0003122195,-0.008754297,0.00011322915,-0.00023717895,-0.00041046742,-0.0014887634,6.551071e-05,0.004471909,0.037588906,-8.392466e-05,-0.0012729261,-0.00065904524
ARHGEF40,8.004374e-05,-0.0046130833,-0.006535542,-0.014820399,0.2048777,-0.0015925218,-0.0033181238,-0.033504386,-0.00020351782,-0.028893577,-0.008125869,-0.020992544,-0.00016436083,-0.005322618,-0.022338843,-5.9523587e-05,0.00033571257,-0.00014349537,-0.005538526,-0.033766385,-0.00096299645,-0.0017828614,-0.0007191706,-0.0037673255,-0.004802558,-0.0003146614,0.0066266726,-0.00076319353,-0.0072811567,-0.001592542
TRAV1-1,-1.579887e-05,-0.0004247654,-0.00024941217,-0.0014101694,-0.006798523,-0.0011424855,-0.00033403563,0.0069198865,0.00012403361,0.0016484023,0.0018635562,-2.3307231e-05,-2.166719e-05,0.0016432106,0.00103291,-1.6250424e-05,-5.7779176e-05,-1.8055933e-05,0.0014037212,-0.003157553,-8.847466e-05,-0.00017063001,-6.906375e-05,-0.00040580815,5.804996e-05,-2.9792354e-05,-0.00044914195,0.0010169062,-0.0006734891,-0.00015437827
TRAV6,-4.3257874e-05,-0.0011630188,-0.0016870511,-0.0037434984,-0.020281434,-0.003066407,1.2001333e-05,0.009856828,-4.9437574e-05,0.010211554,0.0023605716,0.0074210786,4.5049972e-05,0.0024034288,0.008020925,7.4401534e-05,-7.757207e-05,-4.9437615e-05,-0.00052132417,-0.0081496835,-0.00024224262,-0.00046718592,-0.00018909901,-0.0007800919,0.0032820085,-8.157183e-05,-0.0011311858,0.00030239054,-0.0018440192,-0.00042269216
TRAV14DV4,-3.1073683e-05,-0.00063763536,-0.0010324062,-0.0025328605,-0.013077521,-0.002247055,-0.00046178486,0.003222578,5.3447005e-05,0.004734733,0.0020181255,0.0062252884,0.00015762009,0.0021230392,0.009443796,-3.1961474e-05,-0.000113640584,-3.551289e-05,-2.0612875e-05,-0.005521941,-8.546306e-07,-0.000107341046,-0.00013583616,-0.00039371953,0.00044776744,-5.8596197e-05,-0.0008833764,3.2755986e-05,-0.00083174615,-0.0003036329
TRAV17,-6.591846e-05,-0.001529922,-0.0024003626,-0.00555665,-0.031102424,-0.0043047797,0.009533979,0.0050270217,0.0002475975,0.013219972,0.0024462445,0.0058765537,0.00040082476,0.0014567632,0.027004492,9.045629e-05,-0.00024107257,-7.533495e-05,-0.0018553535,-0.012437791,-0.0003691424,-0.00071192114,-0.00026225392,-0.0014053807,0.0013238303,-0.00012430309,-0.0017865462,0.00033797816,-0.002092381,-0.000644117
TRAV20,-3.1544798e-05,-0.00084810867,-0.001095633,-0.0028155972,-0.0151065895,-0.0022811452,-0.0006669487,0.0054897205,0.00041210486,0.014431247,0.0019694285,0.002533256,-4.3261465e-05,0.001524518,0.0042917463,-3.244623e-05,-0.0001153642,-3.605129e-05,-0.0008037171,-0.0061361957,-0.00017665148,-0.00015895143,-0.00013789578,-0.0005071978,0.0020158659,-5.9484657e-05,-0.0008967776,0.00093451404,-0.0013447062,-0.00030823986
TRAV25,-3.7116126e-05,-0.00080776546,-0.0014475301,-0.0031299107,-0.017241215,-0.002684034,0.004152017,0.011552429,0.00014661708,0.0075294925,0.002827704,0.0058490187,0.00023046749,0.0012107418,0.0027916492,8.359974e-05,-0.00013573906,-4.2418604e-05,-0.00043648036,-0.0074179424,-0.00020785017,-0.0004008545,-0.00016225099,-0.00043693394,0.00078044354,-6.999034e-05,-0.0010551616,8.131103e-05,-0.0011597688,-0.00036267925
TRAV38-2DV8,-2.2165992e-05,-0.00059594767,-0.00086447434,-0.0019784775,-0.010384237,-0.0016029135,-0.00046865194,0.003462102,5.9086233e-05,0.0026267662,0.0026023658,0.0039727446,0.00029305206,0.0014628784,0.0062986948,-2.2799188e-05,-8.1064434e-05,-2.5332774e-05,-0.00070361333,-0.004114947,-0.00012412948,-0.00023939247,-9.689689e-05,-0.0005693484,0.00039488435,-4.1798685e-05,-0.0006301483,0.00025933137,-0.0006897716,0.0018241676
TRDV2,-3.183355e-05,-0.00085587153,-0.0010619571,-0.0026772,-0.0142454095,-0.0020806615,-0.0006730506,-0.006133325,-3.6381283e-05,-0.0051204213,-0.0012934358,-0.0036063397,-4.365761e-05,-0.0008297271,-0.0036739472,-3.274307e-05,-0.000116419404,-3.6381272e-05,-0.0010104858,-0.0047347043,-7.541681e-06,-0.00013911999,-0.00013915879,-0.00081767084,-0.0008804254,-6.0029175e-05,-0.000904981,-0.00013642927,0.051690504,-0.0003110592
TRDC,-0.00020292423,-0.0047022044,-0.0068924376,-0.01612151,-0.09066677,-0.013080496,-0.003895187,-0.03418378,-0.00021461387,-0.0295442,-0.008005262,-0.021880604,-0.000121424084,-0.0057968944,-0.018753648,-0.00012597162,-0.00055293075,0.0010174981,-0.00548197,0.18766104,0.005046505,0.011081342,-0.00080097193,-0.0032895766,-0.005130787,-0.00034959315,-0.005330062,-0.0004390114,0.072578534,-0.0018219957
TRAC,-0.00043472924,-0.010253332,-0.013457281,-0.034278248,-0.19983448,-0.029852975,0.010779151,0.08410451,0.0007466225,0.09472713,0.026476806,0.05042536,0.0006502685,0.017392315,0.07646431,-0.00014012007,-0.0014222738,-0.00030989046,0.011872365,-0.0677891,-0.0017538154,-0.0040979935,-0.001717995,-0.008779494,0.015607558,-0.0007818737,-0.011723504,0.0022605774,-0.0008417647,-0.0040383567
SLC7A7,-0.00023963663,-0.0052410015,-0.009109306,-0.019413996,0.28863028,0.056197982,-0.0059271264,-0.056609776,-0.00030538434,-0.048821256,-0.013763022,-0.035704345,-0.00041764096,-0.00932808,-0.037672404,-0.00017806154,-0.00097828,-0.00034803498,-0.009196534,-0.05561956,-0.001614584,-0.0029737214,-0.0009954638,-0.006174569,-0.008108655,-0.00053116435,-0.00018428637,-0.0011929038,-0.011517861,-0.0026599532
CMTM5,-6.0040933e-05,-0.0014960713,-0.0022129486,-0.0048989845,-0.019705674,-0.0037881508,-0.0012175883,-0.010919526,-4.891396e-05,-0.009567279,-0.0027357852,-0.0071588787,-5.7767866e-05,-0.0017858542,-0.007131775,-6.175664e-05,-0.0001803103,-6.8618254e-05,-0.0018234632,-0.010819306,-0.0003362288,-0.0005989182,-0.00024407814,0.09302949,-0.0015457879,-0.000113219685,-0.001625722,-0.00025731898,-0.0022294668,-0.00034048772
DHRS2,-4.972228e-06,-0.00013368043,-0.00019391598,-0.00044380623,-0.002403718,-0.00035956065,-0.000105126346,-0.0009837878,-5.682534e-06,-0.00085052947,-0.0002382394,-0.0006141402,0.00077318266,-0.00016308803,0.0006781747,-5.1142497e-06,-1.8184093e-05,-5.6825393e-06,-0.00015783083,0.005411084,0.0005978489,-5.3700092e-05,-2.1735596e-05,-0.00012771491,-0.00013751775,-9.376131e-06,-0.00014135201,-2.130956e-05,-0.00021195898,-4.858515e-05
NFATC4,0.0010005102,-0.00013283595,-0.00019268856,0.005430869,-0.0023884824,-0.00035728252,-0.000104460836,-0.0009775545,-5.6465415e-06,-0.0008451441,-0.00023673287,-0.00061024685,-6.775828e-06,-0.00016205486,-0.0006643119,-5.081927e-06,0.00083471683,-5.6465356e-06,-0.0001568314,0.00038172255,-2.7667998e-05,-5.3359752e-05,-2.1598102e-05,-0.00012690715,-0.0001366466,-9.316836e-06,-0.00014045693,-2.1174359e-05,-0.00021061706,-4.8277834e-05
CTSG,0.00028993576,-0.0007661943,-0.0011114283,-0.0025436694,0.026251573,-0.0018522571,-0.00032252618,-0.005638551,-3.256943e-05,-0.00487482,-0.0011335048,-0.0035199341,-3.9083134e-05,-0.00093473797,-0.0018671496,-2.9312518e-05,0.0021605142,-3.256941e-05,-0.0009046132,-0.0013333015,-0.00015958957,-0.00013588188,-0.0001245774,-0.00026864643,-0.0007881767,-5.3739546e-05,0.00035089074,-0.00012213498,-0.00018551259,-0.00027846807
GZMH,-0.0002245817,-0.00581141,-0.008607856,-0.020119855,-0.11255933,-0.017055184,0.023327814,-0.046084825,-0.00011464105,-0.03985187,-0.009688647,-0.027853362,0.0013448216,-0.0074377693,0.10977252,-0.00024580094,-0.0009130526,-0.0002523188,-0.007012463,0.16632971,0.004247674,-0.00036197001,-0.000995585,-0.0043068393,-0.0064411233,-0.000423124,-0.0067975842,-0.0010461158,0.021050587,-0.0018678189
GZMB,-3.424851e-05,-0.0058596767,-0.009138549,-0.021089656,-0.11814393,-0.017415972,0.0075331205,-0.04805782,-0.00018087958,-0.041659277,-0.011520431,-0.029256709,0.0009115959,-0.007823465,0.06003367,-0.00024643078,-0.0009500125,-0.00029735966,-0.007699968,0.23373249,0.005979536,0.0028298227,-0.0010411273,-0.0042265714,-0.006970521,-0.00047871599,-0.007111982,-0.0009928715,0.015307747,0.01386882
STXBP6,0.00024711684,-0.00029854008,0.0009622262,-0.0017927117,-0.004120417,-0.0014524093,0.00035853774,-0.0031752938,-2.2954046e-05,-0.002738028,-0.0009623464,-0.002480757,-2.7544796e-05,-0.0006587791,0.006474721,-2.0658585e-05,0.0040811244,-2.2954058e-05,-0.00014068432,0.0038027875,-0.000112474925,-0.00021691588,0.00013886279,-0.00051588967,-0.0005554878,-3.787402e-05,-0.00057098124,-8.607745e-05,0.00032711733,0.0036172178
LINC02327,-2.6755224e-06,-7.1933595e-05,-0.000104345665,0.0018890566,-0.0012934302,-0.00019347966,-5.656837e-05,0.0005371523,-3.057758e-06,0.0008688161,-0.00012819632,-0.00033046663,-3.6692966e-06,-8.7757406e-05,-0.0003597445,-2.751969e-06,-9.784804e-06,-3.0577555e-06,-8.492893e-05,-0.00053472543,-1.4982978e-05,-2.8895758e-05,0.0003949075,-6.8722984e-05,-7.3997486e-05,-5.045284e-06,-7.606146e-05,-1.14665645e-05,-0.00011405405,-2.6143865e-05
COCH,-6.344913e-05,-6.478252e-05,0.07331721,-1.0290461e-05,-0.019630153,-0.003336925,-0.0011059314,-0.008983633,1.1586329e-05,-0.008856423,-0.0024466114,-0.006316783,-8.7015935e-05,-0.0014605095,-0.0068223528,-6.526183e-05,0.00013432349,-7.251309e-05,-0.0014794886,-0.009231432,-0.0002035835,-0.00036279892,0.0034873115,-0.0010606492,-0.001244253,-8.245874e-05,-0.0014670165,-0.00021710324,-0.0018764507,-0.00040283529
EGLN3,0.00019688791,-0.0005595725,-0.0014450491,-0.0029428364,-0.021918505,-0.0034059947,-0.0009871047,-0.007280771,0.00025989112,0.0052100876,0.0018400681,-0.0040432448,6.562833e-05,0.0027977228,-0.0048768064,-5.4016167e-05,0.000593944,-6.001788e-05,-0.0014415977,-0.008950335,-0.00022827684,3.9785096e-05,-0.00022956832,0.03483104,-0.0011902103,0.0025569573,-0.0012352281,-0.00022506781,-0.0015654285,0.014247708
NFKBIA,-0.00017673649,-0.0068212226,-0.0067942226,-0.017307796,0.25991288,0.015148486,-0.0034879274,-0.05583732,-0.0003295396,-0.041489325,-0.009087481,-0.039187126,-0.00031743047,-0.009784532,-0.031541005,-0.00039896922,-0.0012540125,0.00020186963,-0.0018835663,-0.029212344,-0.0010916883,0.0008648359,-0.0013702197,-0.0042831195,-0.008765628,-0.000118944066,0.0044333604,-0.001150985,-0.0080572255,-0.00081281824
SLC25A21,-1.9118884e-06,-5.1402167e-05,-7.456369e-05,-0.00017064942,0.0012909254,-0.00013825724,-4.042276e-05,0.00092764315,-2.1850037e-06,-0.00032704134,-9.16069e-05,-0.00023614585,-2.6220093e-06,-6.271002e-05,-0.00025706756,-1.96652e-06,-6.9920293e-06,-2.1850035e-06,-6.0688883e-05,-0.00038210416,-1.0706666e-05,-2.0648453e-05,-8.3577015e-06,-4.9108476e-05,-5.287747e-05,-3.6052563e-06,-5.4352633e-05,-8.19374e-06,-8.150148e-05,-1.8681996e-05
PYGL,-0.0001665214,-0.005955683,-0.008511762,-0.019179575,0.25207314,0.0079388935,-0.004490279,-0.04416206,-0.00025598344,-0.038042758,-0.0103962235,-0.027658563,-0.00031975855,-0.007122214,-0.029242305,-0.00016483081,0.00017725125,-0.00022420187,-0.0071192686,-0.044045404,-0.0012725578,-0.0023343673,-0.0009480568,0.0086263735,-0.0060130325,-0.00033733068,0.0016443866,-0.0009992489,-0.009393916,-0.0021043986
PTGDR,-0.00016786138,-0.0043180347,-0.0062810495,-0.014488744,-0.079173736,-0.011560119,0.0050475406,-0.03245893,-0.00013824509,-0.024109477,-0.0015610595,-0.020087605,-0.000100825586,-0.003740424,0.036249183,-0.00017265673,-0.00058652705,0.00018395943,0.0051599657,0.14566039,0.002746883,0.0077426643,-0.0006957678,-0.0012039647,-0.004371571,-0.0003066135,-0.004707863,-0.00048299908,0.009564496,-0.0016402561
CDKN3,-5.3113607e-05,-0.0005217222,-0.00038330298,-0.0032927445,-0.008900826,0.00045547064,-0.0001584889,-0.0011247732,0.0048101484,0.0009238419,-0.00080583687,-0.0008883739,0.0038635826,-0.00030195984,0.000977291,-5.463172e-05,0.0003560888,-6.070117e-05,-0.0012204733,-0.0027679466,0.008600553,-0.00016305599,0.0025853426,-0.00023107619,-0.00047221393,-0.000100157675,-0.0007105006,0.00011611501,-0.00035452473,-0.00012195777
GCH1,-0.00019807035,-0.00463287,-0.0064495206,-0.013968522,0.11685262,0.04160938,-0.0022813457,-0.03395577,1.6648808e-05,-0.022678044,-0.006120366,-0.021399746,-9.853942e-06,-0.005223134,-0.013680598,-0.00023773863,-0.00074694597,-0.00013835944,-0.0033217939,-0.0044237236,0.0005932439,-0.0007229585,-0.0009213913,-0.0047795326,-0.0041756085,-0.00029718806,-0.0010944091,-0.0005847428,-0.0050761453,-0.0019531061
LGALS3,-0.00023633981,-0.009480779,-0.011726845,-0.031078774,0.30629402,0.042431645,-0.0067430343,-0.07140035,-0.00024222312,-0.039956853,-0.008063356,-0.045552377,-0.00031763577,-0.0077615813,-0.037034035,8.023635e-05,-0.0013463976,-0.00028117865,-0.003926627,-0.05159168,-0.0016102581,-0.003182965,-0.00026267584,-0.0064954003,-0.007541278,0.00030686668,0.013427462,-0.00023451717,-0.012877011,-0.0035954667
DLGAP5,-2.9044544e-05,-0.00039320916,-0.0008705299,-0.0019944732,-0.006729753,-0.0015191782,-4.643666e-05,-0.003958006,0.007410143,-0.003942524,-0.0007928629,-0.002474609,0.004829781,-0.00079881673,-0.0026344226,-2.9874473e-05,1.973527e-06,-3.3193824e-05,-0.0007342972,-0.0019997195,0.01639813,-0.00031367966,0.0028899296,0.0001981529,-0.00080328586,-5.4769323e-05,-0.00038866416,-0.00012447638,-0.0012381193,0.00017583389
DAAM1,0.0003080673,0.0028231475,0.020907331,-0.0022110105,-0.022466753,-0.005893459,-0.00037042386,-0.011157176,-3.440144e-05,0.006453817,-0.00014946071,-0.010019974,-6.339708e-05,-0.00015605194,-0.0032420745,-0.00016394025,0.00017878755,0.0005514378,-0.002427297,0.0058673522,0.00035967818,0.0017274077,0.0007599688,0.009565654,-0.00068189664,0.00028411992,0.00068805506,-0.00041299727,0.0003991731,0.008576362
RTN1,-3.5152498e-05,-0.0036787598,-0.0059251585,-0.01299533,0.14760767,0.0089035425,-0.0031722803,-0.02983638,-0.00014601139,-0.025244415,-0.0071049947,-0.018563537,-0.00021387257,-0.0049512703,-0.019849757,-6.703562e-05,-0.00057032815,-0.00017822588,-0.0047379946,-0.029062407,-0.00082740205,-0.0016327413,-0.0006817188,0.0016043788,-0.0039777984,-0.00027088056,0.023793282,-0.0006426801,-0.006123361,-0.0014184306
AL359220.1,-9.428239e-05,-0.0031506638,-0.0044603953,-0.010423233,-0.056728218,-0.00852445,0.0008386951,0.019085469,9.283801e-05,0.01655419,0.0046465555,0.018926091,0.00013409943,0.00416418,0.012727344,-6.643732e-05,-0.00021966909,-0.00014015907,0.0012837107,0.005644968,-0.00017637188,0.0008283644,-0.0005119694,-0.0024829495,0.0025805132,-0.00021390634,-0.0028911675,0.00066086854,0.00299855,-0.0010828063
HIF1A,-0.00014887149,-0.002418389,-0.0025753453,0.0006801125,0.2425941,0.0016932143,-0.00547572,-0.040318962,-6.811487e-05,-0.039135132,-0.010338463,-0.028200837,-0.0001724438,-0.008579799,-0.03183871,-0.00034179067,-0.00068915304,-0.00033791873,-0.0077747568,-0.04273748,-0.0008284601,-0.0013457282,-0.0012436445,-0.0061753234,-0.0074797664,-0.00014152516,0.0046666837,-0.0010468016,-0.008751894,-0.0014691373
SYNE2,-0.0004444436,-0.0056494777,-0.010746743,-0.022272212,-0.19825771,-0.029041974,0.0122141,-0.023180021,0.00037605307,0.03846699,0.021358818,-0.016728302,0.00063460687,0.0064666527,0.07603341,-0.00035602093,-0.0015526323,-0.00039993378,0.015669411,0.13275653,0.0038604052,-0.0024922665,-0.00083671376,-0.007782225,0.002979135,-0.0007579054,-0.012021265,0.0011294029,0.024255881,-0.0036817621
ZFP36L1,-0.00036474463,0.00046093142,0.0016815052,0.012285997,0.22332484,0.006223181,-0.0038018697,-0.044351682,-0.0002736671,-0.036715675,-0.009929807,-0.029801525,-0.000487455,-0.009940806,-0.028890254,-0.00044921704,-0.0012703757,-8.054339e-05,-0.001543404,-0.039688554,-0.0012515549,-0.0024578068,-0.0019471607,-0.010991147,-0.006487708,0.00034743708,0.00077748124,-0.001301141,-0.009498336,-0.0035770636
PLEKHD1,0.00012121978,-0.00050258235,-0.00040069423,-0.0017300524,0.00037236436,-0.00089462334,-0.00025759364,-0.0022808579,5.2360938e-05,-0.0024244958,-0.000589213,-0.002137721,-3.7392416e-05,-0.00060415093,-0.0011101326,-2.8044204e-05,-9.971279e-05,-3.1160034e-05,-0.00058877846,-0.0020365983,-0.00015268556,-4.259832e-05,3.649778e-05,-0.0007003256,0.00024200746,-5.1414223e-05,-0.00042032156,-0.000116850766,7.7326775e-05,0.016336098
AC004817.3,-5.0056868e-05,-0.00086827856,-0.0019522243,-0.004302137,0.0113789225,-0.003010344,-0.0008381202,-0.008579789,-5.7207577e-05,-0.0009703619,0.0023626583,-0.0033656468,-6.8649875e-05,0.0004751977,-0.0033761943,-5.148696e-05,-0.00018306571,-5.7207562e-05,0.0063647777,-0.008136773,-0.00028031992,0.0007022607,-0.00021882054,-0.0012208689,-0.0007564147,0.00023013694,0.017347354,-0.0002145313,-9.848607e-05,-0.00020436461
RGS6,-3.0099534e-05,-0.00080925,-0.0011738816,-0.0020275875,-0.009990357,-0.0019557383,-0.00063638866,-0.005486241,9.1966485e-06,-0.004661117,-0.001308283,-0.0035914222,-4.1279432e-05,-0.0009872679,-0.003879777,8.382662e-06,-0.000110078385,-3.4399527e-05,-0.0003434607,-0.0054403236,-0.00016855789,-0.0002222882,-0.0001315787,0.04592909,-0.0008324684,-5.675893e-05,-0.0008556841,0.00028892676,-0.0011669552,-0.0002941151
LINC02274,-2.8960415e-06,-7.786229e-05,-0.000112946305,-0.00025849178,-0.0005511073,0.0006663849,-6.123071e-05,0.0016030432,-3.3097492e-06,0.0009374143,-0.0001387617,-0.00035770272,-3.971695e-06,-9.499073e-05,-0.00038939485,-2.9787682e-06,-1.0591296e-05,-3.3097494e-06,-9.1928334e-05,-0.0005787951,-1.6217884e-05,-3.1277574e-05,-1.2659882e-05,-7.43872e-05,-8.009591e-05,-5.4611064e-06,-8.23306e-05,-1.2411555e-05,-0.00012345515,-2.8298678e-05
NPC2,0.00034688396,-0.004316604,-0.008099269,-0.012223364,0.25985202,0.05997628,-0.0064832307,-0.05739444,-0.00018585779,-0.046216402,-0.014214595,-0.038905147,-0.00043785098,-0.0099394955,-0.041973725,-0.00031194123,-0.00016046036,-0.0002589239,-0.011126841,-0.054778222,-0.001422407,-0.0032030437,-0.00041318333,-0.0039728186,-0.008340579,0.00042644312,0.008120975,-0.0014967014,-0.013549137,0.0107023595
PGF,-2.0393167e-05,0.00052118715,0.000101792495,-0.0014334205,0.00800534,-0.00063607004,-0.00043116798,-0.0020694737,-2.3306342e-05,-0.0016254358,-0.0003845031,-0.0011009834,-2.7967699e-05,-0.00066889176,2.6755568e-05,-2.097574e-05,-7.4580465e-05,-2.3306324e-05,-0.00030905395,-0.0004505326,-0.000114201444,0.0008008814,4.3245454e-05,-0.0005238103,-1.1468219e-05,0.00011143325,0.00083725055,-8.739893e-05,-0.00044039608,2.9497724e-05
FOS,4.312653e-05,-0.007978121,-0.012389942,-0.021157863,0.34590828,0.0066256616,-0.0070312843,-0.068705216,-0.00033084047,-0.045269858,-0.010052649,-0.04210486,-0.0004972031,-0.008309,-0.042459924,-0.00020243654,-0.00054016255,0.00015057293,-0.007096969,-0.058390126,-0.0017894099,0.00087894575,-0.0016597994,-0.0052532433,-0.0100262705,0.00046896827,0.013341151,-0.0015188017,-0.01201531,-0.0026372524
JDP2,-0.00017242829,-0.003519626,-0.0053961817,-0.016413182,0.2140308,0.027767947,-0.004336398,-0.04074831,-0.00023020468,-0.03569304,-0.0098284595,-0.02605954,-0.00025081306,-0.006892899,-0.027122233,-0.00013665845,-0.00057582423,-0.0002505731,-0.0066915746,-0.040807463,-0.0012030458,-0.0022743056,-0.00062903494,-0.0044928505,-0.0058576036,-0.00022341694,0.009034516,-0.0009002636,-0.008753682,-0.0013737675
STON2,-4.821916e-05,-0.0011587094,-0.0016214784,-0.004125091,0.005752244,-0.00073933904,-0.0010194931,-0.009456392,-5.5108125e-05,-0.0075745555,-0.00231039,-0.0058842716,-6.612898e-05,-0.0015079444,-0.006183423,-4.959675e-05,0.001916249,-5.5108125e-05,-0.0014031086,-0.008613921,-0.0002700283,-0.00043451734,-0.00018664541,0.047152895,-0.001229188,-5.715831e-05,0.001910503,-0.00020665467,-0.0020555214,-0.0004199282
KCNK10,0.0016700341,-0.00049432326,-0.00051236514,-0.0016410855,-0.008359289,-0.001329575,8.145736e-05,-0.0028120058,-2.1012607e-05,-0.0027401622,-0.00088095193,-0.0019644452,-2.5215233e-05,-0.00060306524,-0.0018076501,-1.8911294e-05,-6.724054e-05,-2.1012615e-05,-0.0005836262,-0.0036745854,-0.00010296204,-0.00019856895,-8.037344e-05,-0.00047225825,-0.0005085052,-3.4670844e-05,-0.0005226913,-7.8797384e-05,-0.0007837726,0.028587649
SLC24A4,-5.9420636e-05,-0.0055583213,-0.008256488,-0.01841813,0.22647102,0.035020664,-0.004417679,-0.041433148,-0.0002228956,-0.035992082,-0.010218322,-0.025974328,-0.00030112336,-0.006939,-0.028158203,-6.720286e-05,-0.0007586067,-0.000250936,-0.0067479946,-0.041208394,-0.0011829335,-0.002299325,-0.00094959146,-0.0045447634,-0.0058617615,0.0011624097,-0.0015150731,-0.0008979606,-0.008444513,-0.0019768572
LGMN,0.0033802462,0.00397236,0.005515735,-0.0017146472,-0.01758939,-0.0021547785,-0.0015804686,0.00012870104,8.1621165e-06,-0.005642485,-0.0029008938,0.0028738545,-0.000117175936,-0.0010424409,-0.009832711,-8.7882625e-05,-0.00012205462,-9.764729e-05,-0.0023832908,-0.014341563,-0.00042365742,-0.00072421617,0.0018307831,0.0012515855,-0.0012544956,0.0036924633,0.01571446,-0.00036617485,-0.0028053797,0.026813041
IFI27,-4.6574984e-05,-0.0023573497,-0.0035594997,-0.008932933,0.08026984,0.016924376,-0.0020267144,-0.020193925,-5.9968068e-05,-0.011231122,-0.0014611613,-0.012605126,-0.00012532741,-0.0030407018,-0.012501463,0.0010315771,-0.0003430867,-9.7058124e-05,-0.0031289032,-0.018082373,-0.0003316588,-0.00109282,-0.00026587117,0.005483059,-0.002913072,-0.00013080824,0.0055104345,-0.000453539,-0.003629518,-0.000608536
SERPINA1,-0.00032396245,-0.008981075,-0.013008741,-0.029370481,0.34353775,0.07124963,-0.007044224,-0.066491336,-0.0003573136,-0.05749839,-0.01607722,-0.04200448,-0.00048117025,-0.011196889,-0.044044614,-0.00016591701,-0.0012492696,-0.0003898229,-0.010349428,-0.06570757,-0.0019185133,-0.0035853027,-0.0014209116,-0.0067919036,-0.009394014,-0.00054706977,0.0020845488,-0.001473771,-0.013765532,-0.0032339937
LINC02318,-3.3888464e-06,-9.11122e-05,-0.00013216383,-0.00030247864,-0.0016382642,-0.00024506424,-7.1650364e-05,-0.0006705153,-3.87298e-06,-0.0005796816,-0.00016237584,0.002520941,-4.647497e-06,-0.00011115386,-0.00045565816,-3.4856805e-06,-1.2393576e-05,-3.8729822e-06,-0.000107571024,0.0026244523,-1.8977571e-05,-3.6599202e-05,-1.4814024e-05,-8.7045184e-05,-9.37266e-05,-6.390454e-06,-9.6340824e-05,-1.4523617e-05,-0.00014446025,-3.311429e-05
TCL1B,-3.3645505e-05,-0.0003990126,-0.0013121689,0.05028078,-0.014999479,-0.0023333202,-0.0007113575,-0.005846824,-3.8451806e-05,-0.004813563,-0.0016120939,-0.004155696,-4.6142188e-05,-0.001103569,-0.004251999,-3.4606655e-05,-0.00012304581,-3.84518e-05,-0.0010680023,-0.0055114934,-0.00018841456,-0.0003633706,-0.00014707811,-0.00056093436,-0.0009305352,-6.344574e-05,-0.0009564898,-0.0001441952,-0.0014342578,0.0029409176
TCL1A,-9.5412615e-05,0.0025121646,-0.004126136,0.18603411,-0.056941263,-0.008488042,-0.0022399817,-0.023474025,-0.0001451048,-0.02022479,-0.005708795,-0.0141020985,-0.00015009691,-0.003874872,-0.015382565,-0.000118182645,-0.00044768877,-0.00014510483,-0.0035843167,-0.022350466,-0.0006706437,-0.0012480156,-0.000508952,-0.0023319102,-0.0031904941,-0.00023942192,-0.0033306861,-0.0005191173,-0.004807297,0.009898879
AL139020.1,-5.941242e-05,-0.0006831157,-0.0020112554,0.0986698,-0.02818398,-0.004195083,-0.0006855875,-0.011477744,-6.7900015e-05,-0.009521695,-0.002846699,-0.006745764,-8.147955e-05,-0.0019487165,-0.007890525,-6.110986e-05,-0.00021727865,-6.7900066e-05,-0.0018859191,-0.011651067,-0.0003327074,-0.00064165035,-0.0002597165,-0.0015260489,-0.0014193287,-0.00011203424,-0.0016443828,-0.00025462368,-0.0025326514,0.00033570974
CYP46A1,-4.1833173e-05,-0.00045576974,-0.001133024,-0.002986739,-0.017075852,-0.0025500057,0.0010198415,-0.0033236658,9.2592905e-05,-0.00080005114,0.00074982864,-0.0012051504,0.00019271648,-0.0002692882,-0.0005844195,-4.302843e-05,-0.00015299021,-4.780947e-05,0.0006478488,-0.0056807846,0.0004773376,-0.00013182634,-0.00018287105,-0.001074516,-0.0006817613,-7.888519e-05,-0.0011186941,-0.00017928526,-0.00020770267,0.036825642
WARS,8.8954715e-05,-0.005142196,-0.008282129,-0.019527128,0.20611851,0.07666428,-0.0051978296,-0.051673166,-0.00013358831,-0.041694965,-0.012160434,-0.031800907,-0.00028837787,-0.00788579,-0.02984055,-0.00025217995,-0.00091050874,-0.00025076602,-0.008106209,-0.039672278,-0.0010474279,-0.0023152586,0.001348339,-0.0055108853,-0.006927926,0.0003448191,0.006107081,-0.001235527,-0.009862665,-0.00095298863
DLK1,-9.869481e-06,-0.00026534847,-0.00038491242,-1.3220374e-05,-0.0042402926,0.0015623209,-0.00020866889,-0.0019527539,-1.1279488e-05,-0.0016882457,-0.00047289196,-0.0012190274,-1.353527e-05,-0.00032372164,-0.0013270273,-1.0151428e-05,0.003772079,-1.1279499e-05,-0.00031328795,-0.0019724984,-5.5269178e-05,-0.000106590465,-4.314377e-05,0.010440167,-0.00027296308,-1.8611083e-05,-0.00028057693,-4.2297685e-05,-0.00042072436,-9.643942e-05
MEG3,-2.6755532e-05,-0.0004539888,-0.0008895412,-0.0004103758,-0.010684434,0.03291208,-0.00056569034,-0.0052937777,-3.057801e-05,-0.002998515,-0.0012819702,-0.002877015,-3.66933e-05,-0.0006620009,-0.0022643025,-2.7520025e-05,0.0026702487,-3.057802e-05,-0.00066772057,-0.003920469,2.904559e-05,-8.7724344e-05,-6.637231e-05,-0.00068723457,-0.0007399821,-5.0453542e-05,-7.937504e-05,0.00027946482,-0.00089964643,-0.00015799762
ANKRD9,-5.2624644e-05,-0.0019144038,-0.0022509554,-0.006333638,-0.005005519,-0.0018336265,8.794597e-05,-0.012941575,9.969693e-05,-0.00856846,-0.0019969011,-0.0087097045,0.00012761842,-0.0019238591,-0.0048503275,0.00022931422,-0.00015631696,-8.399499e-06,-0.0010522464,0.0064003463,0.002006469,-0.00062107673,-0.00016672885,0.053781744,-0.00082900515,-4.0952896e-06,-0.0009065107,-0.00034066619,-0.0015635636,-0.0007031248
TNFAIP2,2.9954128e-05,-0.008185681,-0.011694366,-0.027112434,0.34313267,0.030520925,-0.006436485,-0.06194467,-0.00033643722,-0.053701576,-0.014789768,-0.039659142,-0.000445096,-0.010619169,-0.039707206,-0.00020482422,-0.000980457,-0.0003731915,-0.009937732,-0.060052413,-0.0016460138,-0.0032741553,-0.0013661226,-0.005392956,-0.008806867,-5.3531194e-06,0.009529433,-0.0013718532,-0.012314249,-0.00285325
CKB,-2.2466505e-05,-0.001650395,-0.002995668,-0.0075040166,-0.026217725,0.109599784,-0.0012880422,-0.015551694,-2.3041252e-05,-0.011471458,-0.0038243236,-0.0101590725,-4.71421e-05,-0.0019476662,-0.0061206897,-9.460528e-05,0.001315366,8.361484e-05,-0.0020514652,-0.014057766,-0.0001091381,-0.000993354,-0.00019950846,0.00041425423,-0.0020606518,1.5473539e-05,2.7229215e-05,-0.00026782378,-0.0021916616,-0.00060619245
RD3L,-9.943152e-06,-0.00026733073,-0.00038778357,-0.000887497,-0.002391289,-0.0007190349,-0.00021022712,-0.001967321,-1.1363721e-05,-0.0017008528,-0.0004764186,-0.0012281256,-1.3636349e-05,-0.00032613616,-0.0013369372,-1.022733e-05,-3.6363766e-05,-1.136372e-05,-0.0003156259,-0.0019872286,-5.5681776e-05,-0.00010738636,-4.3465956e-05,0.015641365,-0.00027499977,-1.8749959e-05,-0.00028267212,-4.2613814e-05,-0.00042386353,-9.7159704e-05
PLD4,0.0029977332,0.011991574,0.0025624847,0.020444155,-0.008322849,0.04415734,-0.0026312638,-0.026517311,-0.00016212229,-0.023258613,-0.0061202957,-0.016391119,-0.00019454664,-0.0043839775,-0.018222837,-0.000113749295,0.00010067408,-0.00016212215,-0.0040737553,-0.026509382,-0.0007545478,-0.0015320482,-0.00059257494,-0.0028735755,-0.003923356,8.209316e-05,0.032219052,-0.000607956,-0.005704425,0.038497202
GPR132,-5.911844e-05,-0.001980808,-0.0016033971,-0.0070380843,0.07356182,0.009348995,-0.0021827666,-0.01490925,-0.0001487462,-0.008969061,-0.0016157682,-0.0064251465,-0.00023443792,0.00020997033,-0.006719612,-0.00014934978,-0.000625168,0.00022602038,-0.0016813527,-0.01833678,-0.0006600178,-0.00042450023,-0.00059512013,-0.0033543368,-0.0028339175,-0.00023821706,0.0007208826,-0.0006088271,-0.0017454913,-0.00092831004
CRIP1,0.00044965823,0.00025597424,0.00529615,-0.024043852,0.010766842,0.006790542,0.004002233,-0.029551784,0.0005265454,0.029310834,0.005206049,-0.027918173,0.00062789925,0.002403103,0.013221437,-0.00027307877,-0.000821715,0.00023255622,-0.0010249875,0.0014352141,0.0022362482,0.0018141031,0.0008365446,-0.006592701,-0.0029902176,0.00061057304,0.0066721803,-0.0006032885,0.00046260902,0.00066241476
IGHA2,1.7431628e-05,0.0051401625,0.05757307,0.0015707725,-0.022962922,-0.0035754615,-0.000896336,-0.009276274,-3.795072e-05,-0.008387995,-0.002611006,-0.0060654115,-9.933297e-05,-0.001302567,-0.005434269,-7.449911e-05,-0.00022128246,-8.277722e-05,-0.0016045624,-0.008772662,-0.00018413602,-0.00045669195,0.01441225,-0.00077670667,-0.0017219029,-0.00013658268,-0.0015279377,-0.00017922113,-0.0019634946,-0.00036188585
IGHE,-2.6120057e-05,0.0006699845,0.032178156,0.008061683,-0.012362156,-0.001414976,-0.00055225537,-0.005168042,-2.9851602e-05,-0.0042523323,-0.0012515293,-0.0032262134,-3.5821773e-05,-0.0008567374,-0.0033097735,-2.6866437e-05,-9.552502e-05,-2.9851577e-05,-0.00082912523,-0.0049410085,-0.00014627323,-5.1114665e-05,0.0013614033,-0.00067091564,-0.00072240754,-4.9255228e-05,-0.0007425567,-0.00011194377,-0.001113465,-0.0002552307
IGHG4,-4.6075176e-05,0.009497335,0.036762446,-0.00042775783,-0.015458653,-0.002419397,-0.0005285462,-0.005940891,-5.2657633e-05,-0.00569149,-0.0016944846,-0.003339524,-6.31891e-05,-0.0007997818,-0.0045538954,-4.73915e-05,-0.000117039395,-5.265762e-05,-0.0010652695,-0.005834586,-0.0001347483,-0.0004976144,0.006690013,-0.00082103425,-0.0007278003,-8.6884254e-05,-0.0009888856,-5.3988268e-05,-0.0010552914,-0.00045021938
IGHG2,5.2690866e-05,0.02326735,0.049283832,0.0032521056,-0.025322238,-0.0038775913,-0.0013189027,-0.009923211,-8.8123255e-05,-0.009741483,-0.002541015,-0.006097433,-0.00010574861,-0.0020463692,-0.005753513,-4.8477432e-05,-0.00022340823,-8.8123226e-05,-0.0012929003,-0.008502271,-0.000431807,-0.00070230605,0.008107274,0.00023572695,-0.0012230197,-0.000121610436,-0.0017925628,-0.0003304667,-0.0020189255,-0.0006073013
IGHA1,-9.4750365e-05,0.012252749,0.047408864,0.0022738238,-0.028226597,-0.0050065205,-0.0011500103,-0.009481628,-5.4423494e-05,-0.0093188705,-0.0019444298,-0.0068817716,-0.00015429534,-0.0014415215,-0.005194639,-0.0001269926,-0.0002567689,4.3609525e-05,-0.0015866504,-0.0050108014,-9.346765e-05,-0.00049360294,0.019779036,0.0003424474,-0.0012340836,-0.00016248057,-0.0024669108,-0.00024084603,-0.00079529424,-0.0006829993
IGHG1,-0.0001005453,0.024556482,0.06405232,0.002599693,-0.031722516,-0.005065618,-0.0013070096,-0.011208987,-4.6661567e-05,-0.01032973,-0.0033104543,-0.008011533,-0.0001157012,-0.002001351,-0.007773655,-3.5294448e-05,-0.00024047891,-0.000114909184,-0.0021983185,-0.010265217,-0.0004799199,-0.0007786274,0.011616888,-0.00026984786,-0.0012389399,-0.00012395087,-0.002122166,-0.00027878518,-0.0031824633,-0.0005024483
IGHG3,-9.3131595e-05,0.025299998,0.059152853,0.0152622415,-0.03205901,-0.005019419,-0.0012531378,-0.012179419,8.327504e-05,-0.011103069,-0.0025004372,-0.008422326,-8.231451e-05,-0.0025178313,-0.008418568,-9.5793126e-05,-0.00034059788,-3.4276673e-05,-0.0018628128,-0.010953339,-0.00046452376,-0.0007359971,0.007977751,-0.0017502813,-0.0017751588,-9.871545e-05,-0.0021449581,-0.00026708926,-0.002952852,-0.00065086136
IGHD,1.2499703e-05,0.028182674,-0.001308358,0.18930739,-0.06312686,-0.009421309,-0.0028033636,-0.02638541,-0.0001520822,-0.022372562,-0.0063224286,-0.01633373,-0.00019169721,-0.0042754305,-0.016631057,-0.0001437733,-0.00010031354,-0.00015974748,-0.0042299475,-0.025116907,-0.000724515,-0.0014366303,0.0012056158,-0.003147844,-0.0035466012,-0.00025029323,-0.0037330291,-0.00054731243,-0.005486464,-0.0007612084
IGHM,0.00014491657,0.043915816,0.0081014745,0.17272228,-0.0709366,-0.011032849,-0.0028398547,-0.028581055,-0.000105681385,-0.024033606,-0.0069961566,-0.017371837,-0.00022318713,-0.0047231885,-0.017017877,-0.00014286868,0.0004978181,-0.00016479532,-0.004179496,-0.026633307,-0.0007581754,-0.0012540433,0.0025701711,-0.002484238,-0.0037161459,-0.00029480466,-0.004351392,-0.0006147645,-0.0052598864,0.0057629864
FAM30A,-3.7817266e-05,0.025764499,0.035607148,0.08063401,-0.04896792,-0.0073407455,-0.002004789,-0.019784715,-0.00012545627,-0.017379863,-0.004718124,-0.011305721,-0.00015054681,-0.0030764714,-0.011260987,-0.000112909955,0.007974828,0.00047257598,-0.0032197766,-0.01900036,-0.00061473064,-0.00014344661,0.004295359,0.00069398293,-0.0029822804,-0.00017104959,-0.0028992796,-0.0004704583,-0.0028178368,0.0031429837
IGHV6-1,-1.0492665e-05,0.0071444125,0.0023514477,0.005161366,-0.004208901,-0.0007587675,-0.00022184382,-0.002076046,-1.1991495e-05,-0.0017948342,-0.0005027466,-0.0012959879,-1.4389854e-05,-0.00034415786,-0.0014108097,-1.0792463e-05,-3.837319e-05,-1.1991497e-05,-0.0003330657,-0.0020970316,-5.8758706e-05,0.0005585114,0.0014577836,-0.00026951035,-0.0002901951,-1.9786066e-05,-0.00029829127,-4.496855e-05,-0.00044728443,-0.00010252753
IGHV1-2,-1.5227901e-05,0.0014257621,0.00274796,0.016181676,-0.006816339,-0.00077220344,-0.00032196043,-0.0030129454,-1.7403227e-05,-0.0019383769,-0.0007296321,-0.0018808537,-2.088388e-05,-0.0004994763,-0.002047491,-1.566287e-05,-5.569042e-05,-1.7403243e-05,-0.0004833742,-0.002231458,-8.527562e-05,-0.000164461,0.0014891262,-0.0003911391,-0.00042115952,-2.8715354e-05,-0.00043290373,-6.526223e-05,-0.00028344564,0.0009041916
IGHV1-3,-1.540536e-05,0.0024061408,0.0006920255,0.014474296,-0.0069391476,-0.0007914541,0.00022348095,-0.0030480505,-1.7606091e-05,-0.0026351858,-0.0007381335,-0.0019027794,-2.1127362e-05,-0.0005052955,0.0013107395,-1.5845453e-05,-5.633943e-05,-1.7606095e-05,-0.0004890107,-0.0012872947,-8.6269654e-05,-0.00016637829,-6.734357e-05,-0.0003956957,-0.00042606707,-2.9050045e-05,-0.00043795304,-6.602285e-05,0.0011988331,-0.00015053203
IGHV4-4,-7.39194e-06,0.0018833856,-0.0002882836,0.006760757,-0.0025993441,-0.0005345417,-0.00015628633,-0.0014625426,-8.447894e-06,-0.001264439,-0.00035418017,0.0007638818,-1.0137412e-05,-0.00024245553,-0.0009938958,-7.6030874e-06,-2.7033177e-05,-8.447894e-06,-0.00023464144,-0.0014773313,-4.1394935e-05,-7.98331e-05,0.0014275827,-0.00018986709,-0.0002044396,-1.3939179e-05,-0.00021014253,-3.167946e-05,-0.00031510604,-7.222982e-05
IGHV7-4-1,-5.640753e-06,0.0023516754,-0.00021998878,0.0044785338,-0.0027268939,-0.00040790372,-0.000119260694,-0.0011160654,-6.4465585e-06,-0.0009648867,-0.0002702733,-0.0006967075,-7.735814e-06,0.000919581,-0.0007584371,-5.801949e-06,-2.0629175e-05,-6.4465576e-06,0.0016194773,-0.0011273451,-3.1588334e-05,-6.092022e-05,-2.4658211e-05,-0.0001448855,-0.00015600743,-1.0636843e-05,-0.00016035845,-2.4174517e-05,-0.0002404557,-5.511833e-05
IGHV2-5,-9.0579315e-06,0.002106844,0.0007128102,0.005193245,-0.0039869896,-0.00065501867,-0.00019150996,-0.0017921793,-1.0351891e-05,-0.0012088874,-7.269648e-05,-0.001118784,-1.2422331e-05,-0.0002971016,-0.00014548114,-9.3167255e-06,-3.3126074e-05,-1.0351902e-05,-0.0002875245,-0.0014000038,-5.07244e-05,-9.782588e-05,0.0046476205,-0.00023265979,-0.0002505169,-1.7080654e-05,-0.00025750528,-3.8819708e-05,-0.00038612785,-8.8508874e-05
IGHV3-7,-2.0820851e-05,0.010579022,0.0019731352,0.012803179,-0.010065337,-0.0015056418,-0.00044021077,-0.0041195485,-2.3795212e-05,-0.0033082825,-0.0007413252,-0.0025716613,-2.8554274e-05,-0.00068291987,-0.0022631376,-2.1415584e-05,-7.614445e-05,-2.3795203e-05,-0.0006609121,-0.0038343114,-0.00011659678,-0.00022486488,0.008296089,-0.0005347971,-0.0005758445,-3.9261915e-05,-0.00059190555,-8.9232126e-05,-0.00088755635,-0.00020344852
IGHV3-64D,-8.839573e-06,0.0030597337,1.5674024e-05,0.0066115484,-0.003998095,-0.0006392271,-0.00018689396,-0.0017489798,-1.0102417e-05,-0.0010272375,-0.00042354217,-0.0010918182,-1.21229095e-05,-0.00028993806,-0.0011885484,-9.092232e-06,0.00031599682,-1.0102411e-05,-0.00028059373,-0.0017666558,-4.9501927e-05,-9.546743e-05,0.0040743877,-0.00022705174,-0.00024447832,-1.666892e-05,-0.0002512966,-3.788403e-05,-0.0003768204,-8.637557e-05
IGHV5-10-1,-1.12072385e-05,9.093901e-06,-0.00043707615,0.016368235,-0.0054178466,-0.0008104332,-0.00023695134,-0.0022174045,-1.2808255e-05,-0.0019170605,-0.0005369818,-0.0013842428,-1.5369747e-05,-0.0003675909,-0.0015068776,-1.1527313e-05,-4.098572e-05,-1.2808258e-05,-0.00035574427,-0.0022398157,-6.275957e-05,-0.00012103687,0.0029120753,-0.0002878631,-0.00030995457,-2.1133314e-05,-0.0003186018,-4.803053e-05,-0.0004777425,-0.00010950881
IGHV3-11,-1.5461512e-05,0.00284297,0.002232052,0.010056008,-0.007180719,-0.0011180933,-0.00032690255,-0.0023237907,-1.7670365e-05,-0.0016681838,-0.00074083044,-0.0014857518,-2.1204467e-05,-0.00050714094,-0.0020789187,-1.5903292e-05,-5.654542e-05,-1.7670349e-05,-0.0004907961,-0.0030901048,-8.658476e-05,0.00029409232,0.007987132,-0.00039714182,-0.00042762497,-2.9156361e-05,-0.00043955178,-6.62642e-05,-0.00065910676,-0.00015108188
IGHV3-13,-5.715387e-06,0.0017699591,0.00045480335,0.005252712,-0.0024754673,-0.00041330067,-0.00012083944,-0.0005879729,-6.531818e-06,-0.0009776574,0.00017323368,-0.0007059282,-7.838225e-06,-0.00018746487,-0.0007684716,-5.878694e-06,-2.0901884e-05,-6.5318163e-06,-0.00018142337,-0.0011422571,-3.200628e-05,-6.17263e-05,0.00085926685,-0.00014680251,-0.00015807022,-1.0777532e-05,-0.00016247974,-2.4494468e-05,-0.00024363743,-5.5847107e-05
IGHV3-15,-2.4855357e-05,0.0040560365,0.003224989,0.02801648,-0.011569739,-0.0016457881,-0.00052551006,-0.00491776,-2.8405806e-05,-0.0042516524,-0.0011909171,-0.0030699638,-3.4087218e-05,-0.0005586994,-0.0025230835,-2.5565414e-05,-9.089906e-05,-2.8405822e-05,-0.00055785396,-0.004441955,-0.00013918891,-0.00026843598,0.004083512,-0.0006384236,-0.0006874228,-4.6869885e-05,-0.0007065971,-0.00010652219,-0.0010595444,-0.00024287001
IGHV1-18,-1.771154e-05,0.0025821635,0.0012030477,0.021838862,-0.008345223,-0.001280799,-0.00037447363,-0.0035043596,-2.0241858e-05,-0.0030297004,-0.0008486403,-0.0021876348,-2.4290357e-05,-0.00026013202,-0.0023814533,-1.8217763e-05,-6.4774205e-05,-2.0241876e-05,-0.00056221697,-0.003539795,-9.91844e-05,-0.00019128458,0.0036319746,-0.00045493516,-0.00048985425,-3.339898e-05,-0.00050351507,-7.590676e-05,-0.00075502245,-0.00017306756
IGHV3-20,-9.099611e-06,0.0023711524,0.0017628301,0.008885928,-0.0043990198,-0.0006580328,-0.00019239029,-0.0018004146,-1.0399545e-05,-0.0015565533,-0.00043599837,-0.001123932,-1.2479457e-05,-0.00029846557,-0.0012235059,-9.35958e-06,-3.327845e-05,-1.0399534e-05,-0.0002888476,-0.0018186198,-5.0957467e-05,-9.8275e-05,0.0006269074,0.0014265145,-0.00025166696,-1.715911e-05,-0.00025868838,-3.8998158e-05,-0.0003879014,-8.8916044e-05
IGHV3-21,-2.1424883e-05,0.0040022517,0.0006302167,0.024830384,-0.010357298,-0.0011839792,-0.00045297877,-0.0038829197,-2.4485593e-05,-0.0036648489,-0.0010265489,-0.0023011805,-2.9382563e-05,-0.0007027301,-0.0025159188,-2.2036746e-05,-7.835351e-05,-2.4485606e-05,-0.0006800803,-0.0038845045,-0.000119978875,-0.00023138817,0.0047484995,-0.00055031,-0.0005925474,-4.0400668e-05,-0.00060907326,-9.182022e-05,-0.00091330346,-0.00020935043
IGHV3-23,-3.4037887e-05,0.009772929,0.0045436304,0.034351617,-0.0161046,-0.0022922882,-0.00071965775,-0.006734662,-3.8900514e-05,-0.0056903665,-0.0016309005,-0.00390087,-4.6680485e-05,-0.0011164437,-0.004075824,-3.5010435e-05,-0.00012448126,-3.890048e-05,-0.001080464,-0.0063955137,-0.00019061205,-0.000367609,0.006242926,-0.0008742873,-0.0007199926,-6.4185675e-05,-0.0008943569,-0.000145877,-0.0012620807,-0.0003325979
IGHV1-24,-1.4990733e-05,0.0012544187,0.002225117,0.012962759,-0.0072470275,-0.0007772911,-0.0003169504,-0.0023387857,-1.7132208e-05,-0.0025642891,-0.0007182763,-0.0018515887,-2.0558884e-05,-0.0004917005,-0.0020156275,-1.5419138e-05,-5.482406e-05,-1.7132206e-05,-0.0004758529,-0.0010960123,-8.394931e-05,-0.00016190123,0.0059408764,-0.00038505028,-0.00041460234,-2.8268478e-05,-0.0004261681,-6.424632e-05,-0.0006390379,-0.00014648182
IGHV2-26,-8.541598e-06,0.0017450884,0.0011530024,0.0034751557,-0.0037052,-0.0006176806,-0.00018059398,-0.0016900108,-9.761838e-06,-0.0014611067,-0.00040926263,-0.001055015,-1.1714178e-05,-0.0002801647,-0.0011484853,-8.7856415e-06,-3.1237654e-05,-9.76184e-06,-0.00027113545,-0.001707093,-4.7832902e-05,-9.22494e-05,0.005785879,-0.00021939779,-0.00023623722,-1.6106958e-05,-0.00024282452,-3.6606878e-05,0.0014210449,-8.346344e-05
IGHV4-28,-9.124635e-06,0.0026088713,-0.00035586013,0.01020561,-0.004411118,-0.00065984536,-0.00019292124,-0.0018053814,-1.0428234e-05,-0.0015608438,-0.00043719928,-0.001127027,-1.2513765e-05,-0.00029928915,-0.0012268731,-9.385315e-06,-3.337014e-05,-1.042823e-05,-0.00028964202,-0.0018236166,-5.1097868e-05,-9.854659e-05,0.0028905775,-0.00023437222,-0.000252363,-1.7206363e-05,-0.0002594002,-3.9105773e-05,-0.0003889722,-8.9160516e-05
IGHV3-30,-1.7753784e-05,0.0056517487,0.0036338323,0.014740306,-0.0075058714,-0.0012838626,-0.00037536785,-0.003512739,8.036793e-05,-0.0027077412,-0.0008506637,-0.0021928563,-2.4348179e-05,-0.0005823284,-0.0021022286,-1.8261178e-05,-6.492855e-05,-2.0290236e-05,-0.00056356046,-0.0035482496,-9.94221e-05,-0.0001917425,0.0040475596,-0.00045602358,-0.0004910221,-3.347862e-05,-0.0005047167,-7.608783e-05,-0.00075682456,-0.00017348122
IGHV4-31,-6.3997686e-06,0.0005467826,0.0011520358,0.0036244304,-0.0030938303,9.403673e-05,-0.00013530886,-0.0012662435,-7.3139854e-06,-0.0010947323,-0.00030664232,-0.0007904614,-8.776816e-06,-0.00020991193,-0.0008604907,-6.58261e-06,-2.3404946e-05,-7.3139936e-06,-0.00020314634,-0.0012790416,-3.583902e-05,-6.9117414e-05,0.0048854253,-0.00016438293,-0.0001769991,-1.2068161e-05,-0.00018193634,-2.7427594e-05,-0.00027281346,-6.253478e-05
IGHV3-33,-1.664177e-05,0.0032798224,0.0008998315,0.018963255,-0.008045087,-0.0012034336,-0.00035185166,-0.0030168833,-1.9018993e-05,-0.0025219626,-0.0004286392,-0.0020554864,-2.2822913e-05,-0.00054584746,-0.0019061703,-1.711709e-05,-6.0860908e-05,-1.9019006e-05,-0.00052825524,-0.003016795,-9.3193616e-05,-0.00017973119,0.0023474353,0.00034869867,-0.0004602623,-3.138157e-05,-0.00035530073,-7.132188e-05,-0.0007094108,-0.00016261335
IGHV4-34,-1.5536825e-05,0.0019996518,0.003027859,0.017054606,-0.0072784023,-0.0011235281,-0.0003284924,-0.0027368497,-1.7756449e-05,-0.002000185,-0.00046399597,-0.0019190081,-2.1307646e-05,-0.00050960726,-0.0017199797,-1.598073e-05,-5.6820056e-05,-1.7756453e-05,-0.0004931819,-0.0031051512,-8.7006156e-05,-0.00016779649,0.0021766745,-0.0003990727,-0.000429702,-2.9297962e-05,-0.00044168954,-6.658622e-05,-0.00066230947,-0.0001518165
IGHV4-39,-1.3960962e-05,0.0049703023,0.0023332825,0.01097222,-0.0055876826,-0.0007835533,-0.00029517282,-0.0023849655,-1.5955198e-05,-0.0023881227,-0.0006689252,-0.0013897248,-1.9146359e-05,-0.00045791778,-0.0018771447,-1.4359812e-05,-5.1057094e-05,-1.5955196e-05,-0.00044315978,-0.0027901817,-7.8181205e-05,-0.00015077772,0.003109489,-0.0003585963,-0.0003861181,-2.6326188e-05,-0.00039688815,-5.9832644e-05,-0.0005951325,-0.0001364176
IGHV3-43,-6.5129275e-06,0.00042404735,0.00051446736,0.007226897,-0.0031485357,-0.00047097894,-0.00013770189,-0.0012886326,-7.443443e-06,-0.0011140844,-0.00031206332,-0.0008044422,-8.932025e-06,-0.00021362369,-0.0008757084,-6.6990046e-06,-2.3818759e-05,-7.44344e-06,-0.00020673862,-0.0013016565,-3.6472542e-05,-7.033965e-05,0.0027904932,-0.00016728937,-0.0001801292,-1.2281576e-05,-0.00018515256,-2.7912503e-05,-0.00027763643,-6.3640844e-05
LINC00221,-1.8820901e-05,-0.0002863949,-0.00073401665,-0.0005962732,-0.0055423146,-0.0006869934,-0.00039792925,0.003937542,-2.1509695e-05,0.0014491767,0.0007617795,0.00082664954,-2.5811729e-05,0.0002259104,-0.001549389,-1.9358646e-05,-6.88309e-05,-2.1509697e-05,-0.00014624913,0.0022475738,0.00023634164,-0.00020326552,-8.227488e-05,-0.00048342973,0.001875027,-3.549099e-05,-8.296447e-05,-8.066107e-05,-0.00029262915,-0.00018390779
IGHV1-46,-9.424413e-06,0.0008702174,0.00230383,0.010905664,-0.004555987,-0.0006815146,-0.00019925735,-0.0006374056,-1.0770715e-05,-0.0016121033,-0.00045156048,-0.0011640462,-1.2924805e-05,-0.00030911667,-0.0012671702,-9.69358e-06,-3.4466437e-05,-1.0770693e-05,-0.00029915338,-0.0012958559,-5.2775897e-05,-0.000101783255,-4.1197916e-05,-0.00024207005,-0.00026065094,-1.7771517e-05,-0.0002679196,-4.038999e-05,-0.00040174584,-9.208953e-05
IGHV3-48,-1.545841e-05,0.0037157424,0.0011010207,0.014197679,-0.005984552,-0.0011178642,-0.0003268343,-0.0020578166,-1.7666736e-05,-0.0021256937,-0.00074067817,-0.0014759586,-2.1200121e-05,-0.0005070343,-0.002078499,-1.5899977e-05,-5.653389e-05,-1.7666707e-05,-0.00049069466,-0.0030894584,-8.656703e-05,-0.00016695079,0.0029021737,0.00024896025,-0.0004275345,-2.915008e-05,-0.00043946187,-6.625017e-05,-0.00065896765,-0.00015105073
IGHV3-49,-1.180389e-05,0.0012983514,0.0019133778,0.01291921,-0.005163853,-0.0008535911,-0.00024956805,-0.0023354962,-1.3490266e-05,-0.002019149,-0.0005655737,-0.0010647165,-1.6188123e-05,-0.0003871711,-0.0011803091,-1.21411895e-05,-4.316876e-05,-1.3490227e-05,-0.00037469013,-0.0023590918,-6.6101806e-05,0.00041153014,0.0016203643,-0.0003031917,-0.00032646465,-2.2258875e-05,-0.000112138776,-5.0588525e-05,-0.0005031839,-0.0001153412
IGHV5-51,-1.6471065e-05,0.0044945073,0.002916925,0.013636069,-0.007718566,-0.0009084784,-0.0003482488,-0.0029369015,-1.8824241e-05,-0.002334382,-0.00040276174,-0.001602425,-2.2588996e-05,-0.00054025376,-0.0018449279,-1.6941718e-05,-6.023741e-05,-1.8824228e-05,-0.000522842,-0.0028564716,-9.2238406e-05,-0.0001778885,0.003704335,-0.000423073,-0.00045554506,-3.1060055e-05,-0.00046825185,-7.059044e-05,-0.00070213946,-0.00016094671
IGHV3-53,-1.0130771e-05,0.003631331,0.0016325956,0.0088608395,-0.0029571536,-0.00073259877,-0.00021419364,-0.0020044558,-1.1577967e-05,-0.0017329386,-0.00048540765,-0.0012512979,-1.389361e-05,-0.00033228722,-0.0013621526,-1.0420251e-05,-3.7049842e-05,-1.1577972e-05,-0.00032157984,-0.0020247034,-5.6732257e-05,-0.000109412875,0.000976632,-0.0002602173,-0.0002801884,-1.9103873e-05,-0.0002880029,-4.3417665e-05,-0.00043186118,-9.8992095e-05
IGHV4-59,-1.6416145e-05,9.106253e-05,0.0026247918,0.01207884,-0.0075729615,-0.0011871244,-0.00034708367,-0.0026933486,-1.8761206e-05,-0.001649597,-0.0007865676,-0.0015705342,-2.251351e-05,-0.00053844816,-0.0013904338,-1.6885215e-05,-6.00358e-05,-1.8761153e-05,-0.00052109413,-0.0019501669,-9.193024e-05,-0.00017729387,0.0072175288,-0.00042165892,-0.00045402173,-3.095595e-05,-0.00018254099,-7.035493e-05,-6.238653e-05,-0.0001604089
IGHV4-61,-7.93684e-06,-0.00021338687,0.0005805761,0.005695169,-0.0038369128,-0.0005739495,-0.00016780828,-0.0015703693,-9.070711e-06,-0.0013576604,-0.000380286,-0.0009803142,-1.0884767e-05,-0.00026032925,-0.001067164,-8.163596e-06,-2.9026449e-05,-9.070705e-06,-0.00025193836,-0.0015862411,-4.444662e-05,-8.571776e-05,0.0072888313,-0.00020386417,-0.00021951094,-1.4966656e-05,-0.00022563332,-3.4015236e-05,-0.00033833523,-7.755452e-05
IGHV3-64,-3.0165631e-06,-8.110209e-05,0.0015361349,0.0023424893,-0.0014582867,-0.00021814003,-6.377832e-05,-0.00059684797,-3.44749e-06,-0.0005160025,-0.0001445356,-0.0003725869,-4.137028e-06,-9.894278e-05,-0.0004055983,-3.1027523e-06,-1.1031931e-05,-3.4474876e-06,-9.5754156e-05,-0.0006028798,-1.6892649e-05,-3.2578762e-05,0.001276854,-7.7482095e-05,-8.34291e-05,-5.6883573e-06,-8.5756896e-05,-1.2928158e-05,-0.00012859251,-2.9476218e-05
IGHV3-66,-4.911179e-06,0.00035417828,0.0020140875,0.0018226462,-0.001912077,0.0001364722,-0.000103835984,-0.00024442,-5.6127383e-06,-0.00084009493,0.001324805,-9.111836e-05,-6.7353176e-06,-0.0001610872,-0.0006603445,-5.051464e-06,-1.7960858e-05,-5.612738e-06,-0.00015589442,-0.0009815302,-2.7502509e-05,-5.3040407e-05,-2.1468839e-05,-0.00012614719,-0.00013582935,-9.261066e-06,0.00019573173,-2.1047907e-05,-0.00020935586,-4.798904e-05
IGHV1-69,-1.2949553e-05,0.00058924593,0.00044381153,0.015916616,-0.0059309555,-0.0009364369,-0.00027379268,-0.0025621778,-1.4799613e-05,-0.0022151247,-0.000620469,-0.0015994564,-1.7759286e-05,-0.000424749,-0.0017411727,-1.3319614e-05,-4.735881e-05,-1.4799615e-05,-0.00041105892,-0.00069711654,-7.2518014e-05,-0.00013985574,0.00198107,-0.00033262116,-0.00035814967,-2.441931e-05,-0.00036814087,-5.5498225e-05,-0.0005520225,0.0005060295
IGHV2-70D,-4.4089984e-06,0.0006641332,0.0017673667,0.005004533,-0.0021314549,-0.00031883694,-9.321991e-05,-0.00087235396,-5.038893e-06,-0.0007541959,-0.00021125436,-0.0005445787,-6.0466377e-06,-0.00014461526,-0.00059282314,-4.535007e-06,-1.6124333e-05,-5.038889e-06,-0.00013995556,-0.0008811734,-2.4690364e-05,-4.7617697e-05,-1.9273764e-05,-0.00011324905,-0.000121941426,-8.314171e-06,-0.0001253421,-1.8895807e-05,-0.00018794936,-4.3082346e-05
IGHV1-69-2,-2.1925125e-06,-5.8946247e-05,-8.55072e-05,0.0030016552,-0.0010599183,-0.00015854766,-4.6355904e-05,-0.00043379972,-2.5057204e-06,-0.00037504052,-0.00010505279,-0.00027080651,-3.0068607e-06,-7.1913164e-05,-0.00029479718,-2.2551237e-06,-8.018385e-06,-2.5057204e-06,-6.959669e-05,-0.00043818858,-1.2277831e-05,-2.3678826e-05,0.00083097187,-5.631618e-05,-6.063791e-05,-4.1344433e-06,-6.232973e-05,-9.396479e-06,-9.34639e-05,-2.1423699e-05
IGHV1-69D,-1.37868365e-05,0.0015515416,0.00025393066,0.017261367,-0.006236408,-0.00082130346,-0.00029149328,-0.0023749443,-1.5756232e-05,-0.002358323,-0.00066058454,-0.0017028651,-1.8907727e-05,-0.0004522073,-0.0014654067,-1.4180708e-05,0.00031036139,-1.575624e-05,-0.00043763206,-0.0027553837,-7.720588e-05,-0.00014889766,0.0013609801,-0.0003541228,-0.00038130247,-2.5997879e-05,-0.00039193832,-5.908648e-05,-0.0005877127,0.00092311314
IGHV2-70,-6.114452e-06,-0.00016439345,0.0017865115,0.008690276,-0.0029559075,-0.00044216833,-0.00012927876,-0.0012097933,-6.9879684e-06,-0.0010459342,-0.00029297062,-0.0007552318,-8.385557e-06,-0.00020055474,-0.00082214165,-6.2891822e-06,-2.2361764e-05,-6.9879648e-06,-0.00019409147,-0.0012220321,-3.4241006e-05,-6.603669e-05,-2.6729089e-05,-0.00015705622,-0.00016911051,-1.15301755e-05,-0.00017382695,-2.6205002e-05,-0.00026065146,-5.9747443e-05
IGHV3-72,-4.548289e-06,-0.00012228415,0.0010527547,0.004022519,-0.0021987758,-0.0003289056,-9.616345e-05,-0.0008999136,-5.1980633e-06,-0.00077801954,-0.00021792739,-0.0005617792,-6.237665e-06,-0.00014918455,-0.0006115476,-4.6782257e-06,-1.6633861e-05,-5.1980624e-06,-0.00014437556,-0.0009090101,-2.5470275e-05,-4.9121736e-05,0.0026980396,-0.000116825664,-0.00012579221,-8.5767615e-06,-0.00012930146,-1.9492634e-05,-0.00019388723,-4.444313e-05
IGHV3-73,-1.2777538e-05,0.0036693807,0.0010556072,0.00800354,-0.0061770407,-0.00092399656,-0.00027015363,-0.0025281222,-1.4603009e-05,-0.0016646077,-0.0006122245,-0.0015782125,-1.7523602e-05,-0.0004191019,6.875151e-05,-1.3142631e-05,-4.6729307e-05,-1.4603009e-05,-0.00040559517,-0.0025536765,-7.15544e-05,-0.00013799635,0.0064577097,-0.00032820136,-0.00035339047,-2.4094761e-05,-0.00036324785,-5.4760927e-05,-0.00054468744,-0.0001248551
IGHV3-74,-9.477319e-06,0.003848368,0.0030481794,0.004087023,-0.0040177978,-0.0006853432,-0.0002003766,-0.0018751475,-1.0831296e-05,-0.0016211659,-0.00045409784,-0.0011705866,-1.2997434e-05,-0.00031085702,-0.0012742975,-9.748112e-06,-3.4659755e-05,-1.0831292e-05,-0.0003008383,-0.0018941145,-5.30731e-05,-0.00010235469,0.004395104,-0.00024343141,-0.00026211605,-1.7871556e-05,-0.00026942784,-4.0617157e-05,-0.00040400538,-9.260681e-05
AC022613.1,-9.71748e-06,-0.00026126014,-0.00037897984,-0.0008673521,-0.0038070334,-0.00070270937,-0.0002054551,-0.0019226529,-1.1105647e-05,-0.001662225,-0.0004656018,-0.001200232,-1.3326706e-05,-0.0003187314,-0.00027376213,-9.995111e-06,0.00066376425,-1.1105649e-05,-0.0003084602,0.008500003,-5.44176e-05,0.003583786,-4.2478772e-05,-0.00024959826,-0.00026875414,-1.8324126e-05,-0.00027625062,-4.1646075e-05,0.0007286283,-9.495332e-05
TJP1,-7.759628e-06,-0.00020862072,-0.00030262533,-0.000692601,-0.0030257204,-0.000561128,-0.00016405944,-0.0015352959,-8.868087e-06,-0.0013273265,-0.00037179454,-0.00095842517,-1.0641711e-05,-0.0002545154,0.0010763534,-7.981274e-06,-2.8378112e-05,-8.868079e-06,-0.0002463102,-0.0015508191,-4.3453732e-05,0.0012884047,0.0006781869,0.009161897,-0.00021460814,-1.4632448e-05,-0.00022059475,-3.3255223e-05,-0.00033078258,-7.582279e-05
AC022613.2,-4.9259784e-06,-0.00013243846,-0.00019211376,-0.00043967925,0.0032606479,-0.00035621927,-0.00010414911,-0.0009746415,-5.6297263e-06,-0.0008426295,0.0010124965,0.00034142367,-6.755635e-06,-0.00016157213,0.0005694158,-5.066725e-06,-1.8014976e-05,-5.6297254e-06,-0.0001563645,-0.0009844891,-2.7585538e-05,-5.3200387e-05,-2.1533522e-05,-0.00012652748,-0.00013623865,-9.288972e-06,-0.00014003878,-2.1111378e-05,-0.00020998738,-4.8133657e-05
AC012236.1,-5.1913557e-05,0.008821227,0.025720883,0.031657584,-0.020827508,-0.003141394,-0.00087662565,-0.008601568,-5.9330145e-05,-0.0085516125,-0.002487399,-0.0058283205,-7.119617e-05,-0.0013768957,-0.006106238,-5.3396754e-05,-0.00018985567,-5.9330076e-05,-0.001226767,-0.009282603,-0.00029071668,-0.0005606668,0.00788645,-0.00060597743,-0.001435788,0.00014880096,-0.00021716423,-0.00022248738,-0.0017209878,-0.0003892667
ARHGAP11A,2.931472e-06,-0.00016625179,0.00046402714,-0.0033748723,-0.0009363489,-0.00019778922,0.001115955,-0.0046844967,0.0026365286,-0.002625564,-0.0012460924,-0.004074733,0.0014453002,-0.000928455,0.0062145903,-7.5167285e-05,0.00031247854,-8.351885e-05,-0.00077938143,-0.002055765,0.006813652,0.00056553807,0.0015949542,-0.0011885556,-0.00026694286,1.4550362e-05,0.00080403715,4.405102e-05,-0.00034438822,0.0009997416
LINC02345,-3.1553274e-05,-0.0008483341,-0.0012305793,-0.0026047737,-0.009893883,0.04559216,-0.0006671274,-0.0059647905,-3.6061007e-05,-0.0048114634,-0.0015118571,-0.0038973,-4.3273027e-05,-0.0010349462,-0.003556403,-3.2454922e-05,-0.00011539535,-3.606087e-05,-0.001001595,-0.005212087,0.00020037315,-0.0003407757,-0.00013793312,-0.00021952995,-0.0005741774,-5.9500686e-05,-0.0006477872,-0.0001352293,-0.000929737,-0.00021799468
AC109630.1,-2.4804483e-05,-0.0006668917,-0.000967383,-0.0022139866,0.024790658,0.0018987781,7.312568e-05,-0.0049077813,-2.834823e-05,-0.0038178824,-0.0011884941,-0.0027129024,-3.4017812e-05,-0.0008135908,-0.0033351663,-2.5513289e-05,-9.071414e-05,-2.834823e-05,-0.0007873694,-0.004957357,-0.00013890523,-0.00026788865,-0.00010843128,-0.0006371254,-0.00068602385,-4.677447e-05,0.0031291165,-0.00010630575,-0.0010573827,-0.00024237692
THBS1,-0.0001762654,-0.0040069595,-0.00597734,-0.013700976,0.18595353,-0.009627997,-0.0031732987,-0.03226145,-0.00015052297,-0.027980812,-0.007435928,-0.01983204,-0.00019642786,-0.0054663024,-0.020316087,-0.000113776594,-0.00062445865,-0.00019056242,-0.005007376,-0.026678234,-0.0006298545,-0.0014939714,-0.0007408871,0.014278608,-0.0046024234,-0.00032727077,-0.00092746894,-0.0007342532,-0.0063876477,-0.0014717818
BUB1B,0.00023705735,6.879091e-06,0.0018338007,-0.0009610928,-0.009713905,-0.00174881,-0.00069301686,-0.0050902637,0.0040939567,-0.0026511396,-0.0002872124,-0.002558529,0.0031894615,-0.0010751135,-0.0011732887,-3.3714365e-05,0.0001474217,-3.746021e-05,-0.0010404574,-0.0025303883,0.016623732,0.00021105492,0.002295819,-0.0008419208,0.00039018155,7.621351e-06,-4.9332262e-05,-0.00014047595,-0.0005051258,0.0020943698
AC013356.3,-5.1560405e-06,0.0005210057,-0.00020108628,-0.00046021846,0.000543119,-0.00037285787,-0.000109014705,0.000805468,-5.8926666e-06,-0.00088197715,-0.0002470482,0.0011173584,-7.071182e-06,-0.00016911967,0.0015274459,-5.303353e-06,-1.8856574e-05,-5.8926666e-06,-0.00016366878,-0.0010304821,-2.8873881e-05,-5.568579e-05,-2.2539527e-05,-0.00013243704,-0.00014260314,-9.722814e-06,-0.00014658006,-2.2097613e-05,-0.00021979513,-5.0381874e-05
KNL1,-6.4126354e-05,0.0050424286,0.0031263698,0.00809696,-0.0061089653,0.0011284511,-0.0006938624,-0.011244869,0.004593953,-0.008647399,-0.0023091575,-0.00634162,0.0027933684,-0.0015834537,-0.0029183712,-6.595881e-05,7.584423e-05,-7.328722e-05,-0.0017789331,-0.003591796,0.017902235,-6.9250054e-05,0.0028376828,0.000425978,-0.0006635494,-7.399898e-05,-0.00039116698,0.0014745253,-0.0013817361,0.0005038084
NUSAP1,0.00027888885,-2.1504475e-05,0.0003503478,-0.00023551227,0.008553688,-0.00011474292,-0.00034186733,-0.010752307,0.005316767,-0.007797588,-0.0019642604,-0.007688374,0.0034614631,-0.0018452011,-0.0017498124,-4.2930133e-05,0.00035858844,0.00019719836,-0.002311591,-0.0065262136,0.019601913,-0.00035439493,0.002506957,-0.0010463672,-0.0014207601,0.0002510168,0.0019104497,0.00013546609,-0.0002058611,0.0014965868
EPB42,-9.924816e-06,0.0007197685,-0.00038706575,-0.0008858494,-0.0047979024,0.00055891543,-0.00020983742,-0.001963682,-1.1342565e-05,-0.0016976953,-0.0004755361,-0.0012258432,-1.3611047e-05,-0.0003255312,-0.0013344456,0.015334665,0.00063378713,-1.1342563e-05,-0.0003150396,-0.0019835292,-5.557832e-05,-0.00010718698,-4.3385277e-05,-0.00025492368,-0.0002744892,-1.8715233e-05,-0.00028214455,-4.2534422e-05,-0.00042307746,-9.697841e-05
MAP1A,0.0007055072,-0.0015724712,-0.0020722095,-0.004875208,-0.023095649,-0.0037593842,-0.0012138719,-0.00976707,-3.7409918e-05,-0.0009660365,-0.0013961378,-0.005528148,-4.1198087e-05,-0.000789323,-0.006349059,-6.329471e-05,0.0030333323,-2.7184878e-06,-0.0015787426,-0.009954579,-0.00020891317,-0.00044470574,-0.00026900234,0.038584486,-0.0017019288,-8.07211e-05,-0.001600347,-0.0002637272,-0.002534706,0.037843272
C15orf48,-0.00015378202,-0.0036010589,-0.0046649682,-0.011297041,0.161768,-0.00093723426,-0.002647366,-0.026833137,-0.00015198806,-0.023542454,-0.0065312656,-0.017287128,-0.0001995121,-0.004705478,-0.016935298,-0.00014357011,-0.0005455906,-0.0001512379,-0.0045075817,-0.02510823,-0.0006728585,-0.0014159209,-0.0005958112,-0.0020797115,-0.0040145786,-9.541419e-05,0.004013767,-0.00065906433,-0.005067057,-0.0012373866
DUT,0.00017462214,-0.0004962104,0.0038238203,-0.00519701,-0.026311247,0.0024600606,0.00042851444,0.0040830118,0.0019418629,0.015406203,0.0032083422,-0.0045495885,0.0019809068,0.0021195181,0.0023021959,-0.00024499404,0.0016399951,-0.00018240375,0.0007447879,-0.009367732,0.008162982,0.00056045956,0.00038756765,-0.00738136,-0.0022129454,0.00039833385,0.004384191,-0.00024560484,0.00024820265,0.0017335766
HDC,-9.438827e-06,-0.00025376878,-0.00036811232,-0.00084247947,-0.0002577243,-3.5585796e-05,0.0002805018,-0.00048798017,-1.0787215e-05,-0.0006369811,0.0005662908,-0.0011658269,-1.2944616e-05,0.00012169935,-0.0008441188,-9.7085285e-06,0.0049977824,-1.0787235e-05,-0.00029961424,-0.0007788958,-5.2857187e-05,-0.00010193863,-4.126094e-05,0.0013367527,-0.00026105036,-1.7798871e-05,-0.00026833185,-4.0452105e-05,-0.00040236197,-9.223046e-05
DMXL2,-0.0002680615,-0.007346386,-0.01074855,-0.024974855,0.3233593,0.02356923,-0.0060198638,-0.054950323,-0.0003157015,-0.047496606,-0.0131941065,-0.034234833,-0.00039650107,-0.009100727,-0.03671838,-0.00015467804,-0.00090196537,-0.00034850565,-0.008961502,-0.05397108,-0.0015593991,-0.0029680894,-0.0012442985,-0.005482915,-0.00776975,-0.0005458326,-0.0041541774,-0.0012110524,-0.011352081,-0.0005380044
UNC13C,-9.650238e-06,-0.00025945264,-0.0003763589,0.00056394783,-0.0014939227,0.00070831814,-0.00020403424,-0.0019093713,-1.1028767e-05,-0.0016507354,-0.00046238428,0.0031550177,-1.3234632e-05,-0.00031652843,-0.0012975476,-9.92586e-06,-3.5292218e-05,-1.1028791e-05,-0.00030632628,0.0024943722,-5.4040844e-05,-0.000104222534,0.0012095129,-0.00024787307,-0.00026689572,-1.819761e-05,0.0002317359,0.0012007897,-0.0004113765,-9.429607e-05
TEX9,1.16002475e-07,0.003634709,0.07302203,-0.0020161397,-0.025512498,-0.0038477757,-0.0009922897,-0.008561679,-6.1235833e-06,-0.008050532,-0.002210869,-0.0045843213,-8.219909e-05,-0.0009610697,-0.0068616015,-6.164947e-05,0.0004485503,0.00011475865,-0.0010669129,-0.010193319,-0.0003356462,-0.00043018954,0.002217496,0.0015525704,-0.0011222467,-2.50562e-05,-0.0014010295,-0.00025687265,-0.0018855123,-0.0005248402
LINC00926,-0.00015548835,0.033176985,0.049244057,0.14607818,-0.064504795,-0.010105365,-0.002817087,-0.027776267,-0.00016720203,-0.023822716,-0.0067923963,-0.017019397,-0.00018385731,-0.004513994,-0.0179665,-0.00015993071,-0.0003535749,-0.00015038221,-0.0043665078,-0.02603434,-0.0006966357,-0.0014621156,-0.0005768759,-0.0028863696,-0.003774656,-0.00027222774,-0.0038325265,-0.0006663758,-0.006105494,-0.0013355669
CGNL1,-5.1681027e-06,-0.00013894812,-0.00020155331,0.0055378047,-0.0005591164,-0.0003737235,-0.00010926852,-0.0010225347,-5.906346e-06,0.00069555594,-0.0002476242,-0.0006383298,-7.0876686e-06,-0.00016951117,-0.0006948895,-5.3157623e-06,-1.8900366e-05,-5.906337e-06,-0.00016404812,-0.0010328859,-2.8941273e-05,-5.5815326e-05,-2.2591756e-05,-0.00013274576,-0.00014293422,-9.7455195e-06,-0.00014692073,-2.2148773e-05,-0.00022030664,-5.050017e-05
GCOM1,-2.7739425e-05,-0.00031698952,-0.0008688519,0.0023979733,-0.009283524,-4.2752934e-05,-0.0005864881,-0.0012818346,-3.1701977e-05,-0.0037334422,-0.0013291129,-0.003284812,-3.804249e-05,-0.0009098525,-0.0033282882,-2.853206e-05,-0.00010144625,-3.1701973e-05,-0.0006578258,-0.005543926,-0.00015534062,-0.0002995856,-0.00012126088,0.032066327,-0.0005358251,0.0001457697,-0.00070066476,8.3111365e-05,-0.0011824898,-0.00027105384
MYZAP,-3.7334215e-05,0.0011090904,-0.00040826027,0.00643224,-0.012480585,0.0002669316,-0.00078935694,-1.4609991e-05,7.5767257e-06,-0.0044720294,-0.0017888478,-0.00418898,-5.1201492e-05,-0.0010688634,-0.004858733,-3.8400947e-05,2.3383147e-05,-4.266802e-05,-0.0011851076,-0.007021219,-0.00020907297,-0.0004032109,-0.0001632042,0.034323256,-0.00023834372,0.00020575924,-0.0009336218,-0.00016000477,-0.0014498784,-0.00036481195
AQP9,-0.00018651393,-0.00455699,-0.0068436195,-0.01521831,0.2197146,0.0035171027,-0.0037562647,-0.0351245,-0.00021315862,-0.030436989,-0.008474836,-0.021992056,-0.00025579028,-0.0058408547,-0.023343526,-0.00014305112,-0.00068210677,-0.00017016183,-0.0056177257,-0.03367444,-0.0009834239,-0.0018702555,-0.0007797758,-0.0031345352,-0.0049596364,-0.0003397689,-0.004914916,-0.0007993427,-0.0072260075,-0.0016927271
CCNB2,0.00029374752,-0.00080615253,-0.000667225,7.752659e-05,-0.0081021935,-0.0008066148,-0.00038840037,-0.003627676,0.007653269,-0.0017979066,-0.00077669654,-0.0021074102,0.0028028588,-0.00062195474,-0.0023877341,-3.0841224e-05,0.0005734071,-3.426816e-05,-0.0006534846,-0.00178759,0.008986918,0.00031362157,0.002891055,-0.00017220122,-0.0006009369,5.4323446e-05,0.0026215117,0.00018799494,-0.001036847,-5.014369e-05
ANXA2,0.00085806474,-0.005408194,-0.0017773729,-0.034825757,0.24442747,0.042754203,0.00028882778,-0.09424928,0.00045282196,-0.034998316,-0.0066739544,-0.059711345,0.00036973794,-0.008219392,-0.010772073,-0.0003542594,-0.0016402955,-0.000413086,-0.005965878,-0.016418919,0.0005088173,-0.003986377,0.0007159538,-0.008390154,-0.008772636,0.00085412007,0.020800838,-0.00029272446,-0.007068084,-0.0020931193
RORA,-0.00034727514,-0.0080049755,-0.010504802,-0.029626789,-0.17134878,-0.025695944,0.013231494,-0.010874857,0.0006732783,0.06340249,0.023642806,-0.0004997069,0.00052593916,0.0065388256,0.044161472,-0.0002546252,-0.0012378169,5.9535563e-05,0.024363987,0.08304949,0.002165062,-5.730219e-05,-0.0012220978,-0.0071587097,0.0030566347,-0.00065626646,-0.010126632,1.6118693e-05,0.015730567,-0.0030014531
C2CD4B,-1.2636292e-05,-0.00033973818,-0.00049281993,-0.0011278943,0.0022947488,0.0026945497,-0.00026716935,-0.0008027901,-1.4441586e-05,0.0026373905,0.00013106015,-0.0011138949,-1.7329863e-05,-0.00041447527,-0.0016990509,-1.2997561e-05,-4.621328e-05,-1.4441581e-05,0.002564853,-0.0025254802,-7.076388e-05,-0.00013647389,-5.5239125e-05,-0.00032457482,0.00026530164,-2.3828636e-05,-0.00035923385,-5.4156175e-05,-0.00053867267,-0.00012347537
TPM1,-5.1072595e-05,-0.0027423003,-0.0035801004,-0.010882661,-0.0030863348,0.008399378,-0.00057830295,-0.014164357,-0.000116706346,-0.008303789,-0.0030259003,-0.00992381,-8.646022e-05,-0.0015212537,-0.0049054665,-0.00013394696,0.0019316514,-0.0001386492,-0.0019853627,0.00075502926,-0.00013779833,-0.0010813661,-0.00048475552,0.056274507,-0.0010499255,0.0003025383,0.0039510434,-0.00019587096,-0.0025844825,-0.0008532678
LACTB,-3.528407e-05,-0.0037824782,-0.0050367177,-0.014445407,0.20733072,0.027573306,-0.003526235,-0.045010902,-0.0002771151,-0.035289805,-0.009959136,-0.026988156,-0.00028161803,-0.007099442,-0.026299119,-0.00018709991,-0.00045625636,-5.1674535e-05,-0.0063501922,-0.03506991,-0.0011261837,-0.001401636,-0.00041964112,-0.0062561035,-0.006292735,0.000108641674,0.011496151,-0.00085310463,-0.008391856,-0.0016215482
SNX22,-6.457868e-05,0.014827828,0.0329627,0.09935754,-0.043814164,-0.006065983,-0.0017981783,-0.018564574,-9.0174944e-05,-0.014938837,-0.0034336525,-0.011066696,-0.0001037913,-0.0029855927,-0.011781926,-0.00010491525,-0.00029860024,-3.9859784e-05,-0.0029054494,-0.016162615,-0.00049884786,-0.00096075056,3.555824e-05,-0.002342215,-0.0027352644,0.0009135204,-0.0024792051,-0.00043714966,-0.0036665015,-0.0007579671
PPIB,0.000625335,-0.0055499948,-0.0068127234,-0.024473626,-0.0039579836,-0.0042279116,0.0033036894,-0.039556105,0.00042565505,0.007692401,0.0036499996,-0.024644354,0.0006740931,0.0028470743,0.019637277,-0.00050450326,-7.7721044e-05,0.000152937,0.006450239,0.05236703,0.001950427,0.0010134105,0.0074404487,-0.0154828625,-0.0036952733,0.0009917278,0.0073005487,-0.00036373324,0.0045082485,0.00831624
PCLAF,0.00011937117,-0.0006147955,6.125971e-05,-0.0020569519,-0.019089842,-0.0019676182,-0.0002899513,-0.005890407,0.0066803633,-0.0017884912,-0.0013197417,-0.003505249,0.0054649273,-0.0008697376,-0.0012815088,-6.344159e-05,0.0018060447,-7.0490474e-05,-0.0010522028,-0.0039483113,0.025267659,0.000793762,0.0038410858,-0.00064034207,-0.00056026824,0.00017569562,0.0010143989,0.0012954762,-0.0011088101,-0.00040198592
OAZ2,0.00012348533,-0.0035934716,-0.0065654423,-0.010203696,0.17048463,0.038076606,-0.003349842,-0.036408454,-5.521885e-05,-0.03322181,-0.009280436,-0.022842087,-9.715645e-05,-0.0062217494,-0.023123348,-0.00016924964,0.00029851458,-0.00028506006,-0.006121535,-0.027510494,-0.00049849437,-0.0017708385,-0.00055488036,-0.0058439965,-0.0054918504,0.0004142173,0.0022563578,-0.0006477708,-0.0075944737,-0.0002026785
AC055855.2,-1.1002945e-06,-2.9582548e-05,-4.2912387e-05,0.0019282307,-0.00053192885,-7.956822e-05,-2.3264034e-05,-0.00021770337,-1.2575026e-06,-0.00018821916,-5.2721425e-05,-0.00013590645,-1.508989e-06,-3.609069e-05,-0.00014794567,-1.131753e-06,-4.0239947e-06,-1.2575026e-06,-3.4927645e-05,-0.00021990576,-6.1617698e-06,-1.18835915e-05,-4.8100405e-06,-2.8262697e-05,-3.043146e-05,-2.0748864e-06,-3.1280386e-05,-4.7156595e-06,-4.6904777e-05,-1.0751858e-05
LINC02206,0.001068086,-0.0004254735,-0.0006171816,-0.0014125177,-0.004788456,-0.0011443892,-0.0003345914,-0.0031311363,-1.8085935e-05,-0.0027070353,-0.000758256,-0.0019546475,-2.1703127e-05,-0.0005190693,-0.0021278176,-1.6277458e-05,-5.787521e-05,-1.8085979e-05,-0.00050234003,-0.0031627805,-8.8620945e-05,-0.00017091318,-6.917916e-05,0.0012865318,-0.00043768148,0.011729947,0.011296619,-6.782255e-05,-0.0006746093,-0.0001546357
KIF23,4.1607876e-05,-0.0011766865,-0.0019998455,-0.0039573885,0.044239994,-0.0001124184,-0.0011261503,-0.009692675,0.0034418453,-0.00776918,-0.002409134,-0.006142406,0.0013239622,-0.0017470465,-0.005805228,-5.4785418e-05,-5.2661806e-05,-6.0873095e-05,-0.001533202,-0.008791964,0.008649343,-0.00057524943,0.0012002027,-0.0013681139,-0.0011938893,0.00029949236,-0.00092446944,-0.00022827284,-0.0019544237,-0.00052046176
UACA,-9.236134e-05,-0.0012865504,0.00041827507,0.016546017,0.05321599,0.010190574,-0.0017714363,-0.014643096,-0.00010555475,-0.012904459,-0.0042692875,-0.008548871,-3.3769626e-05,-0.0028571645,-0.011631499,-9.4999115e-05,0.00024993918,-0.00010555475,-0.002931793,-0.012110242,-0.00019855329,-0.0006442272,-0.00037662088,-3.9453644e-06,-0.0025544458,-0.00017416623,0.0016353753,-0.00039583383,-0.0036191521,-0.00090249703
SCAMP5,0.0012025321,-0.00025242125,-4.258724e-06,-0.0031816391,-0.010700269,-0.00010112076,-0.00082563935,-0.0064253816,-4.46292e-05,-0.0063796043,-0.0016350745,-0.0032427514,7.3527204e-05,-0.0012808575,-0.0032903033,-4.0166164e-05,-0.0001428128,-4.4629214e-05,-0.0012395735,-0.006207629,-0.00021868311,-0.0004217438,0.00078462594,-0.0010030388,-0.0006585548,-7.363844e-05,-0.0010125542,-0.00016735929,-0.0008161044,0.047349732
CIB2,0.0009878012,0.00034191544,0.00023936504,-0.00072913565,-0.023885414,-0.00027640993,-0.00038252954,-7.215447e-05,2.5760402e-05,-0.001057326,-0.00044432416,0.0026066627,0.00014525086,0.00018822726,-0.00015269582,-6.4085e-05,0.0011244435,-7.1206334e-05,-0.0013078785,-0.0058215284,0.000622516,-0.000531608,-0.0001487971,-0.0006500314,0.00076131115,0.0013314303,0.00073235674,-9.691844e-06,-0.0008701885,0.02736808
CTSH,0.0008089322,0.0054688207,0.007335488,-0.003827281,0.28109825,0.026447158,-0.00582859,-0.06911618,-0.00018026886,-0.039830826,-0.012574366,-0.04379116,-0.00040665313,-0.010964455,-0.0433917,-0.00027624302,-0.0012605685,-0.00033336206,-0.0063143587,-0.06755053,-0.0017385725,-0.0037683712,0.001670402,-0.0073987073,-0.009566093,0.00029661055,0.022931986,-0.0014214653,-0.014212653,-0.002304978
BCL2A1,-0.00020977514,-0.0024768088,-0.0037885734,-0.019842748,0.23028548,0.04803097,-0.0048297555,-0.045915265,-0.00031997112,-0.037471432,-0.010040628,-0.029719355,-0.0003715861,-0.006650501,-0.02881851,-0.00025806852,-0.00091663894,-0.00028955293,-0.008072954,-0.048035655,-0.0013809236,-0.0023677915,-0.0011949148,-0.0053075324,-0.0063485345,-1.8856006e-05,-0.0016433871,-0.0009706785,-0.008615662,-0.0024401494
ISG20,-0.00029227507,0.010235138,0.012139949,0.044982497,-0.18836842,-0.01885706,0.0023218354,0.012021217,0.00019246608,0.036853462,0.010809969,0.023605576,-2.911876e-05,0.008107068,0.019117013,-0.00027476286,-0.0013745561,-8.196173e-05,0.007070267,0.01976778,-0.0003464931,0.001960168,0.0047259945,-0.007964706,0.007383644,-0.0005081645,-0.009869333,0.0028348593,0.005945594,-0.0021076002
FANCI,9.246693e-05,-0.00035353308,-0.00062300934,-0.0032215372,-0.014209598,0.0016858138,-0.0005596746,-0.0050589163,0.0026418855,-0.0020405052,-0.0011563839,-0.0039367955,0.0019808477,-0.0004377431,0.0013139762,-3.1430813e-05,0.00026272796,-9.145152e-05,-0.0010288798,0.011764726,0.01469298,0.0001249135,0.0007096241,-0.00078407023,-0.0010708947,3.5460678e-06,-0.0005979993,-0.00011822758,-0.000556197,0.00060331286
ANPEP,-0.00018073873,-0.005602009,-0.008160635,-0.01785624,0.2521018,0.0073672533,-0.004344521,-0.041945655,-0.00025204694,-0.035865232,-0.010217947,-0.026348764,-0.00028355588,-0.006777631,-0.028024431,-0.00013643519,-0.00017190477,-0.0001847294,-0.006456187,-0.041096754,-0.001176627,-0.002309183,-0.00090387533,-0.0044792355,-0.0057555865,0.00089102687,-5.4961605e-05,-0.0008891644,-0.008848087,-0.0020389964
NR2F2,-1.4766895e-05,-0.00039701984,-0.0005759088,-0.0013180514,-0.0063311015,-0.000539414,-0.000312215,-0.002921748,-1.687644e-05,-0.0014199937,-0.00070754666,-0.001498539,-2.0251704e-05,-0.00048435573,-0.0013886302,-1.5188806e-05,-5.4004537e-05,-1.6876438e-05,-0.00046874504,0.020351337,0.00044641455,-0.00015948304,-6.455265e-05,-0.00037930076,-0.00040841292,-2.7846125e-05,-0.00041980308,-6.328683e-05,-0.0006294897,-0.0001442943
SELENOS,0.00033722128,-0.0041690795,-0.0069305096,-0.018859366,0.036599744,0.014803237,0.0015695977,-0.039979786,6.341852e-05,-0.013309249,-0.000103607876,-0.02449959,0.00021893537,-0.00018366666,0.01828799,-0.00024193736,-0.00023201827,0.00012646898,0.001167655,0.023902291,0.00040739164,0.0017282397,0.0050912485,-0.007394545,-0.0059130196,-0.00011520643,9.265925e-05,-0.00064323656,0.0042442754,0.013934497
HBM,-1.573048e-05,-0.0004229277,0.00026982007,-0.0007290489,-0.0056302142,-0.00015219767,-0.00033258818,-0.0015826145,-1.79777e-05,0.0005432895,-0.0007537198,-0.0019429527,-2.1573436e-05,-0.0005159631,-0.0021150925,0.014598437,0.0013689027,-1.7977694e-05,-0.0004993347,-0.0006826433,-8.8090994e-05,-0.00016989085,-6.876519e-05,-9.897012e-05,-8.091549e-05,-2.9663322e-05,-0.00044719756,-6.741695e-05,-0.00037797328,8.096523e-05
HBA2,-3.754236e-05,-0.0010682334,-0.0023018587,-0.0023111338,-0.024838159,-0.0036528518,0.00013267506,-0.0030438998,-0.00011481693,-0.001512749,-0.0010517219,-0.0024103848,7.244658e-05,-0.0001129689,0.001432837,0.0095516695,0.0005675557,7.607144e-05,-0.00026926084,0.033819128,-5.715702e-05,-0.0004156496,-0.0004409447,9.7678094e-05,0.001120559,-0.00014185255,-0.002249639,0.00037580362,-0.000812232,-0.00040340945
HBA1,-7.8185025e-05,-0.0017846714,-0.002801757,-0.0054189092,-0.0340204,-0.0040467028,-0.0011382127,-0.007644905,-0.00015217831,-0.005770701,-0.001975051,-0.0047850325,-7.13705e-05,-0.0013718508,-0.00033148736,0.008956787,0.00047866616,-1.6885042e-05,-0.0002629639,0.056813385,0.0004638987,-0.0005504611,-0.0003715016,0.0096312165,0.00026121677,-0.00019365353,-0.0024693992,0.00026986204,-0.0009061783,-0.00071277143
MSLN,0.0004887603,-0.00032573365,-0.0004725068,-0.0010813983,-0.0038267632,0.004089201,-0.0002561568,-0.002397147,-1.3846324e-05,-0.0020724542,-0.00058050686,-0.0014964408,-1.6615682e-05,-0.00039738978,-0.001629019,-1.2461681e-05,-4.4308254e-05,-1.3846375e-05,-0.00038458186,-0.00242137,-6.784716e-05,-0.00013084788,-5.2962107e-05,-0.00031119597,-0.00033508087,-2.2846498e-05,0.0144722555,-5.192369e-05,-0.0005164667,-0.00011838605
AC120498.8,-1.0687992e-06,-2.8735485e-05,-4.168347e-05,-9.539783e-05,-0.0005166885,-7.7289245e-05,-2.2597553e-05,0.0017569276,-1.2214774e-06,-0.00018282651,-5.121058e-05,-0.00013201195,-1.4657918e-06,-3.5056437e-05,-0.00014370825,-1.099342e-06,-3.9087327e-06,-1.2214775e-06,-3.3926714e-05,-0.00021360717,-5.985253e-06,-1.1543079e-05,-4.6722134e-06,-2.7452934e-05,-2.955996e-05,-2.015452e-06,-3.038444e-05,-4.580585e-06,-4.556132e-05,-1.0443666e-05
TPSB2,-7.595428e-06,-0.00020420877,-0.00029622292,-0.00067794643,-0.0016920995,-0.0002543286,-0.00016058945,-0.0010428664,-8.680506e-06,-0.0012992546,-0.00036392923,-0.0009381507,-1.0416559e-05,-0.00024913007,-0.0010212642,-7.812501e-06,0.00907482,0.00076734263,-0.00024110133,-0.0015180076,-4.253469e-05,-8.203095e-05,-3.3203058e-05,0.0006585785,-0.00021006778,-1.4322899e-05,-1.2543295e-05,-3.255194e-05,-0.0003237834,0.00024395881
TPSAB1,-7.084723e-06,-0.00019047847,-0.00027630426,-0.00023592432,-0.0031110041,-0.0005123252,-0.00014979154,-0.00140177,-8.09682e-06,-0.0012118975,-0.00033946184,-0.00087506353,-9.716229e-06,-0.00023238074,-0.00095259363,-7.287147e-06,0.011460386,0.00045915754,0.00015902257,-0.0014159419,-3.967462e-05,-7.65153e-05,-3.097042e-05,-0.00018197772,-0.00019594346,-1.3359839e-05,-0.00020140942,-3.0363224e-05,-0.00030201272,-6.922808e-05
TPSD1,3.3384002e-15,6.4557606e-16,-2.714928e-14,5.8172014e-14,-1.2013329e-13,-3.47769e-14,-3.4422535e-14,-5.3933668e-14,-3.9190677e-15,1.0205716e-13,4.8460307e-14,6.18104e-14,2.4481016e-15,1.7262143e-15,-5.0032146e-14,1.1701066e-15,-1.702356e-14,-4.8733973e-15,1.8697146e-14,-4.1608078e-14,-4.375181e-15,-1.6097299e-14,-2.0960831e-14,1.2830825e-14,1.436056e-14,7.482892e-15,-3.2033204e-14,-1.965981e-14,1.3023796e-14,-5.23478e-15
NPW,-1.4909627e-05,0.0020070053,-0.0005814728,-0.0008375729,-0.0017611276,0.0006750919,0.000277399,-0.002949973,-1.7039527e-05,-0.0006595725,-0.00071438006,-0.0018415562,-2.0447587e-05,0.00032888903,-0.002004706,-1.5335636e-05,0.0076814103,-1.7039538e-05,-0.0004732739,-0.0023521942,-8.3494204e-05,-0.00016102374,-6.5176166e-05,0.0004563472,-0.00041235975,-2.8115237e-05,0.0044297753,-6.38986e-05,-0.0006355778,-0.0001456881
AC141586.2,-2.2114431e-05,0.00013255053,-0.00052961527,-0.0015746774,0.010296007,0.00318829,-0.0004675587,-0.0017105006,-2.5273534e-05,-0.0025757435,-0.00015176377,-0.0016064786,-3.0328249e-05,-0.00072535104,-0.0015266119,-2.2746128e-05,-8.087524e-05,-2.5273484e-05,-0.00041190808,-0.0022277539,-0.0001238404,0.00010328394,-9.667125e-05,-0.00031376907,-0.00061161746,0.00012836282,0.00073094835,-9.4775576e-05,-0.00013768148,0.000513478
PKMYT1,-2.400362e-05,-0.00064535614,-0.0006835953,-0.0021425022,-0.004653636,-0.0012902449,-0.00050750776,-0.004172028,0.004196398,-0.0036908463,-0.00073637295,-0.0025973036,0.0025834525,-0.00078731845,-0.0015895993,-2.4689536e-05,-8.77851e-05,-2.7432821e-05,-0.0007619429,-0.0032695888,0.021459743,-0.00025923926,0.0012697629,0.0007617991,-0.0006638718,-4.526393e-05,-0.0005285016,-0.00010287313,-0.0007451271,-0.00023454966
IL32,-0.00049327966,-0.011465195,-0.01731881,-0.036665305,-0.23117572,-0.03570846,0.015824463,0.02298008,0.000689501,0.07707565,0.03000094,0.027675986,0.0010405278,0.016573258,0.08835849,-0.00030756433,-0.0018554273,0.0005325773,0.018012369,0.02715091,0.00018090887,-0.0007331895,-0.0021749318,-0.004368799,0.010506389,-0.0010160976,-0.014426445,0.0015073327,0.024196353,-0.0045966324
AC108134.2,5.808671e-05,-0.0010366758,-0.0019050967,-0.005539083,0.020569347,-0.0025350295,-0.0008492677,-0.001172087,-0.00012097004,-0.004131824,-0.0011589932,0.0021273748,-0.00014516473,-0.0016560788,-0.0027025985,-0.000108872846,0.00062891166,9.796756e-06,-0.000490337,0.0011999268,-0.00015434201,0.0004228729,-0.0004627119,-0.0021557915,-0.0006664374,2.633583e-05,0.0024718198,-0.00032999212,-0.0017049069,0.0015117187
MEFV,-0.0001349481,-0.0054390864,-0.007825671,-0.017760577,0.22413315,0.024061264,-0.004329703,-0.04062603,-0.00023012559,-0.034916367,-0.009570327,-0.025363779,-0.00026837748,-0.006714003,-0.027187519,-0.00013475286,-0.0007357449,-0.00024281318,-0.00659089,-0.039690886,-0.0011897839,-0.0022130639,-0.0009287582,-0.0044579334,-0.005690436,-0.0003730056,0.005819113,-0.00091055,-0.008472583,-0.0020154554
CIITA,0.00077941245,0.013824774,0.017475948,0.05117557,0.12073567,0.0025080922,-0.004993903,-0.045895673,-0.00023903637,-0.039181586,-0.010809482,-0.029339598,-0.000271906,-0.007606147,-0.027937764,-0.00021248712,-0.0001149849,-0.0002445484,-0.0073908176,-0.04370862,-0.00079980725,-0.0020163944,-0.0010280489,-0.0048968606,-0.0059721884,0.001857999,0.030667193,-0.00091328745,-0.009046621,0.003594604
SNN,-1.653714e-06,0.0019057802,-0.0014891995,-0.008261137,0.12131041,0.033431478,-0.0050446773,-0.03026262,-0.00018952443,-0.028130185,-0.008118244,-0.016621059,-0.0003547207,-0.0050857984,-0.026569586,-0.00016614264,-0.00084070227,-0.00021231416,-0.005725069,-0.045325447,-0.0013530031,-0.00240374,-0.0010376232,0.040233556,-0.004288762,-0.000280376,0.0030443456,-0.00052612444,-0.0072941226,-0.00034367965
TNFRSF17,-5.0987397e-05,0.0037692985,0.009440341,0.01682749,-0.020934032,-0.0032197828,-0.0008569286,-0.008306696,-5.8271336e-05,-0.007686893,-0.0021768862,-0.0048528006,-6.992507e-05,-0.0015713837,-0.005571181,-5.244391e-05,-0.000116394054,5.4072792e-05,-0.0014822771,-0.0071445317,-0.00028552787,-0.00044608297,0.033787154,-0.00081151054,-0.0009748206,-9.61476e-05,-0.001409506,9.373137e-05,-0.0020513716,0.006254279
CPPED1,0.00020461167,-0.0068341824,-0.010030178,-0.025707776,0.28240508,0.055690065,-0.0055667413,-0.05942592,-0.0002501155,-0.049342986,-0.013701073,-0.03714403,-0.000240229,-0.00975066,-0.03548647,-0.00023139408,-0.00027981977,-0.000323609,-0.00920888,-0.053288724,-0.0014455845,-0.0030368494,-0.0011086324,-0.005768717,-0.008410332,0.00012237656,0.011712544,-0.0012591506,-0.011274348,-0.0010180252
NPIPA2,-9.055977e-06,-0.00024347761,-9.779604e-05,-9.203744e-05,-0.0035697306,-0.00065487996,-0.00019147029,-0.0009716322,-1.03498e-05,8.003353e-05,0.0016564793,-0.0011185549,-1.24197395e-05,0.00029406804,-0.0006372198,-9.3148155e-06,-3.3119126e-05,-1.0349796e-05,-0.0002874639,2.7995695e-05,-5.0713756e-05,-9.78049e-05,0.0070285066,-0.00023261084,-0.000250465,-1.7077138e-05,2.3780738e-05,-3.8811584e-05,-0.00038604566,-8.8490495e-05
AC130456.3,-7.925044e-06,-0.0002130695,-0.0003090771,-0.0007073645,-0.0020395112,0.0006519751,-0.00016755752,-0.0006511646,-9.057161e-06,-0.0013556324,-0.00037972257,-0.0009788548,-1.086861e-05,-0.00025994127,-0.0010655728,0.0065988433,-2.8982871e-05,-9.057173e-06,-0.0002515624,0.0015740629,-4.4380115e-05,-8.559033e-05,-3.4643715e-05,-0.00020356035,-0.00021918325,-1.49443e-05,0.00020527664,-3.3964356e-05,-0.00033783264,0.00038883122
CRYM,0.00033550084,0.00016094602,-0.0006135523,0.00565769,-0.008719087,-0.0016271387,-0.0001798759,-0.0039269794,-2.5715264e-05,-0.003579898,-0.0010781165,-0.0027791832,-3.0858304e-05,-0.0007380298,-0.0026729559,-2.314375e-05,0.001551282,-2.5715253e-05,-0.0007142433,-0.0040926295,-0.00012600514,6.638722e-05,-9.836128e-05,0.010009061,-0.000622312,-4.2430438e-05,-0.00063966995,-9.643281e-05,-0.0006014035,0.0152728995
IGSF6,0.00030309882,-0.007994197,-0.011830672,-0.027187217,0.30835924,0.050500076,-0.006315388,-0.06099991,-0.0003458281,-0.052847058,-0.014653131,-0.03876137,-0.00044467134,-0.010189045,-0.040144,-0.00021070965,-0.001123246,-0.00038152369,-0.009826006,-0.059544887,-0.0016383688,-0.0033053798,-0.001378517,-0.006273293,-0.008579687,-0.00058653974,0.020762037,-0.0013810603,-0.012891645,-0.001090777
PLK1,-3.3768843e-05,-0.0004271906,-0.0004337989,0.0025135237,-0.0045988085,-0.0007000962,-0.00012815364,-0.002444266,0.0038455469,-0.0013329947,-0.00056300964,-0.0021383613,0.0021282537,-0.0009491275,0.001376089,-3.473348e-05,-0.00012349765,-3.859276e-05,0.00023036297,-0.00095169374,0.0035841565,-0.00036470324,0.0019586,-0.00044562176,-2.563006e-05,0.00024492366,-0.00081549777,6.131503e-05,0.0003183474,0.00028841716
IL4R,-0.00015238897,-0.0023767056,-0.0017700244,0.09659855,0.0024052658,-0.010886044,-0.0021600672,0.006033054,-0.00018683994,-0.0050669787,-0.004583754,-0.013895773,-0.00024202131,0.00033132473,-0.014600881,-0.00024360589,-0.0006100637,0.00026003405,-0.00459925,-0.024898445,-0.0005471215,0.000559523,-0.0010408582,-0.005560548,-0.0034218172,-0.0003714766,-0.0027392753,-0.00041535092,-0.0049660443,-0.00085250376
SULT1A1,-0.00017970828,-0.0071385186,-0.0092660915,-0.023909371,0.2527423,0.026196966,-0.0049345805,-0.04027353,-0.00014217255,-0.038133077,-0.010872527,-0.024120996,-0.0002896492,-0.0072798883,-0.030547,-0.00013001561,-5.263458e-05,-0.00013531145,-0.0075177667,-0.047757566,-0.0012308315,-0.0022223445,-0.00090621324,-0.004792337,-0.0056593423,-0.0002589791,0.0013750603,-0.0008623615,-0.009368093,-0.002334129
CD19,-9.230143e-05,0.03091556,0.026085202,0.08452932,-0.041274823,-0.005406235,-0.0019515195,-0.016630024,-8.809166e-05,-0.015350692,-0.0041652047,-0.010963408,-0.00012658523,-0.0030274894,-0.011296795,-9.4938565e-05,-0.0003375592,-0.00010548833,-0.0027850762,-0.016427232,-0.00051688903,-0.00093147624,0.0017305476,-0.0021456927,-0.0022653784,-0.00012422804,-0.002273856,-0.00039557958,-0.0037171475,-0.00076715543
PYCARD,0.00064732245,-0.005299715,-0.007204039,-0.027811276,0.26270434,0.051813584,-0.0048635243,-0.068952754,-9.959246e-05,-0.05072416,-0.014372113,-0.043102868,9.2375085e-05,-0.009519611,-0.027969608,-0.00032018728,-0.00012452359,-0.00043522168,-0.010599789,-0.028759507,-0.0007530333,-0.0015969372,-0.00041972712,-0.00918571,-0.009360237,0.0010969471,0.0137073975,-0.0010122106,-0.010679726,0.0031039403
PYDC1,-3.4737461e-06,-9.3393355e-05,0.0007284467,-0.00031005326,-0.0006015793,-0.0002511995,-7.3444746e-05,-0.00068730203,-3.969991e-06,0.00037201805,-0.00016644079,-0.00042905842,-4.7639865e-06,-0.0001139371,0.00083513325,-3.572977e-06,-1.27038875e-05,-3.9699885e-06,-0.00011026537,0.00027977445,-1.9452824e-05,-3.751621e-05,-1.5185215e-05,-8.922481e-05,-9.607371e-05,-6.5504187e-06,-9.8752396e-05,-1.4887455e-05,0.0010653272,-3.394298e-05
ITGAM,-0.00029879843,-0.006390803,-0.006301877,-0.025495581,0.20152748,-0.010411184,-8.3783176e-05,-0.058650855,-0.00033725766,-0.049411554,-0.013256365,-0.03635106,-0.00018194222,-0.009218327,-0.010304282,-0.0001395769,-0.0009886449,-3.0933963e-05,-0.008174373,0.05320108,0.00093584287,0.0044800453,-0.0013374125,-0.003733707,-0.008001737,-0.00058158283,-0.004383903,-0.0012831313,-0.0018944076,-0.0029017343
ITGAX,3.0036945e-05,-0.004328144,-0.008794483,-0.025641842,0.19493103,0.045282967,-0.005837915,-0.05706757,-0.00034425894,-0.05013327,-0.0137629695,-0.035923433,-0.00039814808,-0.009441686,-0.03233159,-0.0002554857,-0.0010128472,-2.4929775e-05,-0.0090929065,0.017708287,-5.2674055e-05,0.0057154475,-0.0013011977,-0.006160091,-0.0079330765,0.00018048097,0.017290957,-0.0012725357,-0.0072362134,-0.0027929186
ITGAD,-1.4521487e-05,-0.00024438783,-0.00056633644,-0.0012961449,-0.0064606215,-0.0010501115,-0.00030702606,-0.002873167,-1.6595897e-05,-0.0021384598,-0.0006957869,-0.0017936083,0.00036633984,-0.0004763043,0.0025527447,-1.4936386e-05,-5.3106924e-05,-1.6595903e-05,-0.00046095267,0.013995825,-8.13202e-05,0.002612272,-6.3479245e-05,-0.0003729947,-0.00040162215,-2.7383412e-05,-0.0004128238,-6.223456e-05,0.00051526236,-0.00014189484
AHSP,-1.51943e-05,-0.00010636014,-0.00030459912,-0.0010776817,-0.005342257,-8.736873e-05,-0.0003212514,-0.0012132478,-1.7364999e-05,-0.0012306756,-0.0004673402,-0.0011623614,-2.083797e-05,-0.00011694062,-0.0011079954,0.014468488,0.0011909199,-1.7365011e-05,-0.0001960618,-0.0013030624,-8.508856e-05,-0.00016409892,-6.642063e-05,-0.0003902771,0.0002806044,-2.8652232e-05,-0.00043195306,-6.511808e-05,-0.000647711,4.7262933e-05
SHCBP1,-5.218337e-05,-4.8094344e-06,0.0029702706,-0.0032943299,0.0129467165,0.006068824,-0.00069992145,-0.009440272,0.0032285515,-0.0060795075,-0.0019204975,-0.0053414367,0.0018436232,-0.0015404725,-0.0059144013,-5.3673903e-05,0.00019037465,-5.9638067e-05,-0.0016564453,-0.007631641,0.009830067,-0.0002125311,0.0061323387,-0.0007060359,-0.0008473471,0.00019031299,0.003447645,-0.00022364144,-0.0020081815,0.0008381677
ORC6,0.00019556661,0.0031884238,0.00019880781,0.005360868,-0.009153613,0.0029261706,-0.00032620548,-0.0029533599,0.0033074722,-0.004000486,-0.0010562814,-0.0045935614,0.002699053,-0.00086769735,-0.0033196248,-6.96658e-05,0.00048359553,-7.7406025e-05,-0.001516567,-0.006120284,0.011468042,-0.00031848185,0.0013347121,-0.0014376078,0.00015867682,0.000109961846,0.0037882603,-0.00013220934,8.619672e-05,0.0006372784
IRX3,-1.7488454e-05,-0.00047019203,-0.0006820497,-0.0015609761,-0.006649081,-0.0012646732,-0.00036975765,-0.0032704244,-1.998704e-05,-0.0023828659,-0.00083795283,-0.002160079,-2.3984256e-05,-0.00057362043,-0.0019426945,-1.7988088e-05,-6.395792e-05,-1.9987041e-05,-0.0005551345,-0.0030173585,-9.793504e-05,-0.00018887488,-7.644984e-05,0.028156023,-0.00048368188,-3.2978358e-05,-0.0003845545,-7.4951044e-05,-0.00074550975,-0.00017088787
IRX6,-5.416466e-06,0.0067248824,-0.00021124091,0.0013903445,-0.0013873607,-0.00039168607,-0.0001145192,-0.0010716823,-6.190241e-06,-0.0009265205,-0.00025952666,-0.0006690102,-7.428275e-06,-0.00017766052,-0.0007282791,-5.5711785e-06,-1.9808702e-05,-6.190243e-06,-0.00017193364,-0.00108252,-3.0332127e-05,-5.849752e-05,-2.3677481e-05,-0.0001391262,-0.00014980398,-1.0213924e-05,-0.00015398167,-2.3213364e-05,-0.00023089495,-5.2926396e-05
LPCAT2,9.662226e-05,-0.0055205906,-0.008090068,-0.017116258,0.19278556,0.044803705,-0.0041335584,-0.039725576,-0.00024243054,-0.035076622,-0.009662313,-0.024959931,-0.00029091543,-0.0066933003,-0.02672565,-0.000105121064,0.0008940032,-0.00024243054,-0.0065576034,-0.040119488,-0.001187904,-0.0020893638,-0.0008409802,-0.0045595774,-0.0058157467,0.00067915994,0.011301674,-0.00083467236,-0.00837534,-0.0015956147
CES1,-4.48128e-05,-0.0037982264,-0.0049774926,-0.0122324545,0.11375315,-0.0094219195,0.0025077334,-0.027688831,-2.7284184e-05,-0.022969129,-0.005994841,-0.01736518,0.00036395877,-0.0032777877,0.013478115,-9.6562275e-05,-0.0005472342,-0.0001710111,-0.0041101715,-0.013418713,-0.000372534,-0.0014483016,-0.00058202416,-0.0028491905,-0.0038207674,-0.0002559185,0.004621981,-0.0004970014,0.0026723274,-0.0014299152
MT2A,-0.00035885017,-0.009183093,-0.014754797,-0.035790216,0.03479278,0.035881,0.0030512742,-0.04152206,0.0006947141,-0.021920318,-0.0018631618,-0.0052905455,0.00091281615,-0.0018598787,0.027886165,-0.0002958773,-0.0009740092,-0.00038018383,0.006218299,0.031119606,0.0030381207,-0.0017115996,-0.0014590306,-0.007774225,-0.0040074354,-0.00082727557,-0.00091543456,0.0019188644,0.00898302,-0.0036086803
MT1E,-0.000126883,-0.0030801573,-0.0036559063,-0.009700356,-0.02154825,0.002763242,0.008138253,-0.014248882,0.0018298174,0.0001338014,0.0007908358,-0.003960851,0.0019210856,0.0013007784,0.041498557,-0.00013050865,-0.00035019315,-8.0527796e-05,0.0012524457,-0.0048828097,0.00046146303,-0.0011733059,-0.000121279714,-0.0020962784,-0.0013807279,-0.00023926597,-0.00015976152,0.002099755,0.005889031,-0.0011432164
MT1M,-5.944335e-06,-0.00015981655,-0.00023182823,-0.0005305693,0.0036045073,0.0027518307,-0.00012567925,-0.0011761207,-6.7934325e-06,-0.0010168129,-0.00028481625,-0.00073420256,-8.152174e-06,-0.00019497331,-0.00079925277,-6.1141086e-06,-2.1739135e-05,-6.793439e-06,-0.00018868946,-0.00026119113,-3.3288055e-05,-6.4197964e-05,-2.5985117e-05,-0.00015268316,-0.00016440163,-1.1209171e-05,0.00019187958,-2.5475472e-05,-0.00025339756,-5.808425e-05
MT1G,0.00030090733,-0.0004967838,-0.0007326615,-0.0016912131,0.022499025,-0.00014351399,-0.0005562115,-0.0038938827,0.0005116987,-0.0035136463,-0.00031126998,-0.0022246202,0.00067337055,-0.0005987029,-0.003115539,-2.7058924e-05,-9.620968e-05,-3.0065625e-05,-0.0008350694,-0.0037881113,3.4878914e-05,-0.00028411837,-0.000115001225,-0.00067572505,-0.0007275858,-4.9608418e-05,0.00086447113,0.00020592641,-0.0011214431,-6.223204e-05
MT1X,-5.9334023e-05,-0.004760695,-0.00844889,-0.021609033,0.004499071,-0.009777406,0.0008210767,0.0021547265,0.0006380266,0.005055329,0.0012996657,0.013631314,0.0003170077,0.0015396727,0.012708889,-0.00010936971,-0.00079346466,-0.00014900917,0.0030891446,0.0035747457,-0.00038448113,-0.0010155024,-0.00037216255,-0.0046689655,0.0009791926,-0.0003323337,-0.000614852,0.0010583595,0.0032337455,-0.0015045796
SLC12A3,0.00051290455,-0.00012579313,0.0018760369,-0.0015076932,-0.009654326,-0.0013075703,-0.0004644459,-0.0043463246,-2.5105166e-05,-0.0037575914,-0.0010525279,-0.0023354525,-3.0126075e-05,-0.0007205171,-0.0025227382,-2.2594531e-05,-8.033649e-05,-2.5105155e-05,-0.0006972906,-0.0043902574,-0.00012301463,-0.00023724398,0.00023921682,-0.00027781635,-0.000607542,0.00026178593,8.513363e-05,-9.414391e-05,-0.0009364181,0.032366972
HERPUD1,0.0010686377,0.009634343,0.00969717,0.009061754,0.091495655,0.0097856205,0.0023292063,-0.06352825,-3.3360637e-05,-0.028457189,-0.0053014746,-0.032899924,4.349545e-05,-0.004183521,0.008821581,-0.00032230341,-0.001142736,0.00017039351,-0.0014804048,-0.017456753,-0.00042739595,-0.0008618123,0.0034785094,-0.008738785,-0.006222264,0.00035590102,0.01464562,-0.0011361032,-0.001955443,0.013559961
ADGRG1,-0.0001871812,-0.0050194967,-0.007578794,-0.01765827,-0.097397014,-0.014537276,0.007192961,-0.040060345,-0.00018948404,-0.034212247,-0.0095313005,-0.024626298,0.00010511831,-0.006318987,0.060663663,-0.0001833576,0.00010687183,-0.00019945466,-0.006149548,0.19573964,0.0039774436,0.0002388447,-0.0008582351,-0.004332641,-0.0056576245,-0.00036291714,-0.0055997223,-0.00087071286,0.015499889,-0.0019924655
AC092118.1,-8.136394e-06,-0.00021875401,-0.00031732256,0.0013338552,0.008991343,-0.00058838667,-0.00017202765,-0.0016098575,-9.298789e-06,-0.0013918058,-0.00038985227,-0.0010049714,-1.1158589e-05,-0.00026687558,-0.0010940147,-8.369011e-06,-2.9755993e-05,-9.298801e-06,-0.0002582755,-0.001626137,-4.5564335e-05,-8.787399e-05,-3.5567813e-05,-0.00020899223,-0.0002250309,-1.5343127e-05,-0.0002313081,-3.487057e-05,-0.00034684376,-7.950476e-05
CDH5,0.0010453217,-0.00048402627,-0.00070212415,-0.0016069037,0.022219516,-0.0013018792,-0.00038063838,-0.0035620467,-2.0575071e-05,-0.0019095052,-0.00086260174,-0.0022236514,-2.4690082e-05,-0.0005905051,-0.0024206375,-1.8517505e-05,-6.5839966e-05,-2.0575073e-05,-0.0005714703,-0.003598046,-0.00010081717,-0.00019443357,-7.8699224e-05,-0.00046242602,-0.0004979157,-3.3948785e-05,-0.00051180297,-7.715625e-05,-0.0007674492,-0.00017591675
CMTM2,-7.040206e-05,-0.0017764518,-0.002671982,-0.006283891,0.08430381,-0.0045227846,-0.0014885016,-0.013343298,-8.045893e-05,-0.011517545,-0.0032700908,-0.008039405,-6.926881e-05,-0.0020105178,-0.008583066,0.00015142551,-0.0001956317,-8.0458856e-05,-0.0018921053,-0.0123085,-0.00031108237,-0.00076034013,-0.00027032438,0.0025563112,-0.0019471191,-0.00013275797,-0.0013947196,-0.00030172188,-0.0030011293,-0.00068792974
RRAD,-2.6883241e-05,-0.0003782212,-0.0010484428,-0.0020628744,0.025091492,-0.0005167535,-0.0005683881,-0.0043926355,-3.072385e-05,-0.0034690707,-0.00067659304,-0.0030785168,-3.686838e-05,-0.00053393,-0.0017897483,-2.7651382e-05,-9.831615e-05,-3.0723808e-05,-0.00049093424,-0.0040939283,-0.00015054559,-0.00029033984,0.00024248502,-0.0006905116,-0.0007435135,5.441702e-05,0.00070174865,-0.000115214,-0.00048613414,-0.00026268672
TPPP3,-9.888874e-05,-0.003549119,-0.005001017,-0.011234167,0.09942265,0.053474065,-0.0026591164,-0.025018532,-0.00013167418,-0.022051457,-0.0059764776,-0.01590057,-0.00016089955,-0.004086549,-0.016430015,-0.00010016811,-0.00031350905,-0.00015336693,-0.0038463343,-0.024947299,-0.0007514977,-0.0013907619,-0.0005598619,-0.0024804703,-0.0037114827,-0.000100685735,0.0049117142,-0.0005751235,-0.0053475946,-0.001231559
SMPD3,0.00091066386,0.0015039062,4.504561e-05,-0.004269688,-0.024845164,-0.0019646818,-0.00063432555,-0.008250535,-8.165709e-05,-0.008739794,-0.0026330384,-0.0061278013,-9.798823e-05,-0.0012149482,0.0023435995,-7.3491436e-05,-0.00023271341,-3.2093265e-06,-0.0016927768,0.008173219,6.125693e-05,-0.00034812922,2.0836049e-05,-0.00070940383,0.0008955149,0.00089902064,0.0009056218,-0.00024779767,-0.00046908009,0.04687762
CDH1,0.0074255806,-0.0007011725,-0.00034300794,-0.0019563362,-0.010868201,-0.0011532046,-0.0005514002,-0.004513347,-2.980524e-05,-0.0026885946,-0.0007181711,-0.0021809028,-3.576669e-05,-8.015053e-05,-0.0003064736,0.00014954823,0.00027426032,-2.9805244e-05,-0.0003479032,-0.0045510544,-0.0001460464,-0.000281662,0.00019758233,-0.00066987716,-0.0007212903,0.00032085288,0.008488824,0.0005089031,-0.0007273783,0.016236024
LINC02136,-6.806617e-16,-3.052452e-15,9.3208556e-14,-1.5016661e-14,5.871935e-14,-1.2990114e-13,1.1823866e-15,1.6723226e-13,4.2155415e-15,9.930644e-14,-1.0374127e-13,-1.6377983e-14,4.7242835e-15,-4.0750233e-14,9.5376845e-14,2.4103845e-15,1.0188875e-14,3.748902e-15,-6.0740285e-14,-1.2486984e-13,-4.7435806e-15,2.5359912e-14,8.782819e-15,-1.9237465e-14,6.1399894e-15,-6.3662924e-15,-4.1197575e-14,-3.015086e-14,7.488682e-14,-3.2194597e-14
HP,-1.0376359e-05,-0.0015107952,-0.0024179472,-0.005501451,0.08214836,-0.0040176236,-0.001194096,-0.012219105,-7.335855e-05,-0.010680708,-0.0029716315,-0.007714558,-8.803067e-05,-0.0019981558,-0.0084518595,0.00011898581,-0.00023474726,-7.335856e-05,-0.0018372935,-0.012171423,-0.00035945716,-0.0006932374,-0.00019061395,-0.0014183199,-0.001775284,-8.010351e-05,-0.0011380522,-0.00027509482,-0.0026159666,-0.0005545622
ZFHX3,-4.162707e-05,-0.0031968774,-0.003060012,-0.014653365,0.199923,0.015208922,-0.0042968863,-0.03890478,-0.00018685614,-0.032563772,-0.00953646,-0.025346292,-0.00024070738,-0.0069425814,-0.027029954,-0.0001159041,-3.1405383e-05,8.0518985e-05,-0.006646981,-0.031489942,-0.00018117824,0.0017716833,-0.00090258796,-0.0048785075,-0.006053177,0.00070725946,0.009745633,-0.00091599056,-0.008812233,-0.0014089774
AC009139.1,-1.2065518e-06,-3.2438908e-05,-4.7055753e-05,-0.00010769351,-0.000583279,-8.725094e-05,-2.5510002e-05,-0.00023872631,-1.3789199e-06,-0.00020639056,-5.7810983e-05,0.0020730759,-1.6547135e-06,-3.957482e-05,-0.00016222961,-1.2410318e-06,-4.4125277e-06,-1.3789208e-06,-3.82997e-05,-0.00024113848,-6.7566853e-06,-1.3030742e-05,-5.274367e-06,-3.0991105e-05,-3.336961e-05,-2.2752167e-06,-3.4300858e-05,-5.170968e-06,-5.1433562e-05,-1.1789707e-05
MAF,-0.00022257886,-0.0049184626,-0.007206552,-0.017246952,-0.06925331,-0.0053199413,0.012851727,-0.028603567,0.00078978995,0.06529641,0.017124116,-0.023432024,-2.9814708e-05,-0.00347877,0.023382764,-0.000157328,-0.0003282383,0.0010606064,0.019502368,0.03381108,-0.00020770637,-0.00070107915,-0.00088866206,-0.0043035387,-0.0010494386,-0.00035425767,-0.004627463,-0.00031630183,0.0009114367,-0.0020843078
LINC01229,-8.7914195e-06,-0.00023636359,0.00035335822,0.00030718726,-0.0042500473,-0.000635746,-0.00018587688,-0.0010574475,-1.0047351e-05,0.0023731953,0.00021418724,-0.0010858666,-1.205693e-05,-0.00028835982,-0.0011820773,-9.042677e-06,0.0014300221,0.005338377,0.00091088377,-0.00054909737,-4.9232047e-05,-9.494794e-05,-3.8431197e-05,-0.0002258138,-0.00024314476,-1.6578231e-05,-0.00024992792,-3.7677615e-05,-0.00037476633,-8.590528e-05
LINC01228,-5.9231365e-06,-0.00015924805,-0.00023100316,0.00011991586,-0.0023182128,-0.00042832902,-0.00012523308,-0.0011719355,-6.769311e-06,-0.00017163767,-0.00028380455,-0.00073159725,-8.123236e-06,-0.00019428003,-4.4190747e-05,-6.0924535e-06,-2.1661854e-05,-6.769316e-06,-0.00018801683,-0.00036017253,-3.316959e-05,-6.3969965e-05,-2.5892585e-05,0.0057632546,0.0007911933,-1.116941e-05,-0.00016838672,-2.5384858e-05,-0.0002524958,0.00036908945
HSBP1,0.00016463496,-0.0041383645,-0.0060942257,-0.017255377,0.17618993,0.06043444,-0.003998529,-0.04764367,9.108048e-05,-0.037946586,-0.010716192,-0.031112289,1.165582e-05,-0.007802766,-0.026401443,-0.00028572706,0.00072981126,-0.00024329411,-0.007283631,-0.027767383,2.4358922e-05,-0.0018842439,-0.0004988767,0.00041870493,-0.007046894,4.857585e-05,0.008651107,-0.0007630955,-0.008349809,0.00046841594
DNAAF1,-0.00010969492,-0.0024303407,-0.0036402338,-0.0085055465,0.112400144,0.013031787,-0.0018217592,-0.02000557,-0.0001253663,-0.016878143,-0.004628489,-0.012699891,-0.00015043886,-0.0032145393,-0.01311875,-0.0001128298,-0.00040116915,-2.902655e-05,-0.003336282,-0.019120196,-0.0005621651,-0.0011238882,-0.0002306813,-0.0023511976,-0.0028188573,-0.00020685382,-0.00207314,-0.0004347138,-0.004268767,-0.0010334472
COTL1,0.00043292038,-0.00024063661,-0.0014347973,-0.027685998,0.2839106,0.06741842,-0.007771081,-0.070277125,0.00051944435,-0.028050816,-0.009753853,-0.035301715,0.00010290412,-0.0045180875,-0.03966339,-0.00030057825,-0.0016860695,-0.00055009336,-0.014537935,-0.09346535,-0.0019868906,-0.0007912005,-0.00080081006,-0.00022429599,-0.009350617,0.00091300724,0.018147653,-0.00010369985,-0.018259628,-0.004691025
CRISPLD2,-0.00016483151,-0.0042705066,-0.006088997,-0.013953398,0.20871486,-0.01061235,-0.0034448337,-0.030231971,-0.00018837988,-0.025501069,-0.007369802,-0.019602725,-0.00022605552,-0.0051795295,-0.021217287,-0.00011746379,-0.00057589565,-0.000107482236,-0.004908717,-0.030765027,-0.0008596637,-0.0016362185,-0.00068464247,-0.003411141,-0.0044883913,-0.00031082451,-0.0039414186,-0.00061914173,-0.006714967,-0.0015216204
GINS2,-4.4217708e-05,-0.00043602134,-0.00087210187,-0.0004958792,-0.014788633,0.0006840721,-0.0001388932,-0.00012908646,0.0038238862,-0.00093150133,-0.00097192504,-0.0032693273,0.003979358,-0.00072880025,-0.0024941221,-4.548137e-05,0.00037586322,-5.053482e-05,-0.00059525296,-0.0027178084,0.01637332,-5.5782395e-05,0.002102493,0.00047497655,0.0005636315,-8.338182e-05,0.0003016728,-0.00012925515,0.00037093493,-7.213326e-05
IRF8,0.0021289943,0.015228506,0.02109881,0.06450212,0.094616085,0.005921281,-0.0050753276,-0.049043216,-0.00025969828,-0.042608906,-0.012139306,-0.030550981,-0.0003312864,-0.0079346765,-0.03245973,-0.00020047437,-0.000803845,-0.00023826509,-0.0078050084,-0.027949912,-0.00063931465,7.251307e-05,-0.0010127287,-0.005223132,-0.0069854143,0.0043054586,0.008789408,-0.0010908409,-0.009768522,0.02545724
SLC7A5,0.0005633198,-0.00096329127,-0.0016680481,-0.00779857,0.033566672,-0.0050193416,-0.0002481797,-0.018302834,-1.7044875e-05,-0.008795316,-0.00027373238,-0.010812955,-7.89589e-05,-0.00081367674,0.003187697,9.251194e-06,-0.00017457992,4.6581477e-05,0.006284157,-0.0071632406,-0.00034475676,0.00021585415,0.0016662235,-0.00081137585,-0.0022221536,-6.498864e-05,0.0040277895,-0.0003705429,0.0023200242,0.0140561545
AC134312.5,0.00017163662,-0.00018761151,-0.00086517964,-0.0014972608,-0.0012767276,0.0023556105,-0.00046903235,-0.0038234063,-2.535301e-05,-0.0037947358,-0.0010629272,-0.0023973968,-3.042374e-05,-0.0007276373,-0.0029827994,-2.281773e-05,0.00013922229,-2.5353007e-05,-0.00070418185,-0.0027535136,-0.00012423082,-0.00023958685,-9.6975644e-05,-0.0003191812,-0.00061354757,0.00011820807,0.022512658,-9.507459e-05,-0.00094567,-0.00021676996
LINC02182,0.00042729522,-0.000476666,-0.0006914423,-0.0015824648,-0.005517625,0.00071459345,-0.0003748475,-0.0028782592,-2.0262023e-05,-0.003032719,-0.000849487,-0.0016491916,-2.4314579e-05,-0.0005815225,-0.0023838326,-1.8235876e-05,-6.4838256e-05,-2.0262052e-05,-0.00056277856,-0.0026091821,-9.9284065e-05,-0.0001914768,-7.7502315e-05,-4.1455765e-05,-0.00049034285,0.00044209883,0.023659108,-7.598286e-05,-0.0007557784,-0.00017324084
CDT1,-3.944734e-05,-0.000119408476,-0.00029583834,-0.003318139,-0.011195461,-0.0017894612,-0.000351014,-0.004664222,0.005497697,-0.0025663318,-0.0012857597,-0.0023587272,0.00487453,-0.0004752933,-0.0026082632,-4.057435e-05,0.0012388272,-4.5082907e-05,-0.00096495013,-0.0020404914,0.022594197,0.0003339392,0.001784249,-0.0005064703,-0.00086164195,7.335765e-05,0.00029159442,0.00019227751,-0.0009686567,-0.00038545585
CBFA2T3,0.0012536956,0.008618194,0.010644579,0.0048638983,0.08732962,0.023444861,-0.0033237876,-0.030732697,-0.00017290564,-0.026652005,-0.0075821267,-0.019419705,-0.00022712462,-0.0052461824,-0.021156682,-0.00017034226,0.0015534858,7.4036885e-05,-0.0049432036,-0.030390494,-0.000880138,-0.0014933293,0.0006421979,-0.001977869,-0.0042994707,0.001762991,0.011113071,-0.0007097656,-0.0065853987,0.014662949
SLC43A2,-0.00016144683,-0.0042706016,-0.0070029604,-0.017252335,0.28556374,0.026489476,-0.0055345492,-0.053539883,-0.00026255043,-0.046879467,-0.013039435,-0.03340342,-0.0003722227,-0.009129369,-0.03491775,-0.00021849279,-0.0006124238,-0.00028470866,-0.008776285,-0.049370646,-0.0014159657,-0.0028888923,-0.00073420565,-0.0059555084,-0.0074618794,-0.0002085157,0.003330373,-0.0011362557,-0.010084683,-0.0004694645
SERPINF1,0.0020983974,0.00016337974,-0.0011351279,-0.0036550274,-0.007139089,-0.0036821077,-0.0014493838,-0.0114351,-5.735589e-05,-0.010446431,-0.0031393433,-0.0023119822,-0.00010515545,-0.002036875,-0.007630998,-7.886664e-05,9.477319e-06,-8.763022e-05,-0.0021063178,-0.010630287,-0.00037068067,-0.0007393178,-0.00018934363,-0.00018783608,-0.002042935,0.003612729,0.010968976,-0.00023228135,-0.0024535435,0.056489978
P2RX5,3.594746e-05,0.031871177,0.042311575,0.09978841,-0.062255606,-0.009037054,-0.0017937504,-0.019732099,7.35057e-05,-0.014850791,-0.0013952176,-0.010197299,-0.000138447,-0.0026225613,-0.014197638,-0.00013537229,0.0006444786,-0.0001748642,-0.0014015996,-0.025007691,-0.00055878924,-0.0015675707,0.002416172,-0.0034459755,-0.002281433,-0.00027369725,-0.0024953731,0.00061432674,-0.0029247457,-0.0012681637
ITGAE,0.0002666507,0.005378123,0.0044281115,0.016057417,0.02860152,-0.008183573,-0.0011177568,-0.014298614,0.0005289325,-0.016300676,-0.0033919937,-0.004529421,0.00019025347,-0.0028599123,-0.008317197,-0.00011236385,0.0011517829,-0.00022279235,-0.0019471773,0.0005179263,0.0006910481,-0.0008001321,0.001274072,-0.003815985,-0.002220714,-6.609228e-05,0.0051842974,0.001010827,-0.002174836,0.0050783744
CYB5D2,-5.874381e-05,0.0005384211,0.0004921925,-0.0023170381,0.016668903,0.0014823127,-0.0002614431,-0.00546841,1.8875775e-05,-0.0033677928,-0.0010796478,-0.0016987479,8.626085e-05,-0.0014491254,-0.0048421295,-6.1946754e-05,-2.1592019e-05,1.1576075e-05,-0.0010590876,-0.0030828554,0.00014704949,8.485774e-05,0.00012780193,0.0049924105,-0.0010887529,4.7488487e-05,0.001106291,5.8685066e-05,-0.00064698333,0.00064136187
CXCL16,0.00024372272,-0.0042991666,-0.006518854,-0.015246353,0.15177469,0.06945169,-0.0040118764,-0.037955455,-0.00021073023,-0.03274805,-0.008997038,-0.02322028,-0.00028569243,-0.005579997,-0.025339227,-9.11873e-05,-0.00076184806,-0.00023807879,-0.0058340416,-0.038410146,-0.0010751317,-0.0020726724,-0.0008454197,-0.0005525274,-0.0055413465,0.0011806058,0.0074983886,-0.00089279027,-0.00824259,-0.0011779324
VMO1,1.3831434e-06,-0.0013717399,-0.0021024093,-0.0043348554,-0.01654112,0.075274296,-0.0010347249,-0.01009612,-6.160925e-05,-0.0080960505,-0.0024162328,-0.006104216,-7.3930896e-05,-0.001310519,-0.0059516965,-5.5448145e-05,-0.00015098206,-6.160925e-05,-0.0012144073,-0.00830628,-0.0003018835,-0.0005822036,-0.0002356547,-0.0010919843,-0.0014909421,0.0003345315,-3.2274278e-05,-0.00023103357,-0.0019635926,-0.00039670488
GP1BA,-4.139675e-05,-0.0010004998,-0.0013338604,-0.0033529662,-0.009629287,-0.0024070712,-0.0005184051,-0.006438759,-4.731067e-05,-0.006456157,-0.0013608251,-0.004070783,-5.6772806e-05,-0.0013578245,-0.0036401984,-4.257934e-05,-2.3758868e-05,7.930838e-05,-0.001216284,-0.0065973345,-0.00023182287,-0.0002530608,-0.00018096362,0.053062834,-0.00076188415,-7.806223e-05,-0.0005167257,-0.00017741488,-0.0010127902,-0.00033761037
SCIMP,-2.4810022e-05,0.007465331,0.022849467,0.0032521943,0.17863256,0.05846792,-0.005548365,-0.051901717,-0.0003078024,-0.045622446,-0.012363723,-0.03260727,-0.00038057606,-0.008781914,-0.035054207,-0.00019064499,-0.00095319113,-0.00031714776,-0.00856378,-0.046478827,-0.0014562703,-0.0026456248,-0.0011266593,-0.0055730306,-0.0073909145,0.00033902397,0.010956675,-0.0010222933,-0.011162474,-0.0024896201
PIMREG,-1.5605156e-05,0.00041117988,-0.0006086004,-0.0004056496,-0.0064621363,-0.0008720627,-0.0003299409,-0.0012609115,0.0010962819,-0.0026693968,-0.0007477131,-0.0019274595,0.0019709284,-0.0005118497,-0.0020982292,-1.605102e-05,-5.7070596e-05,-1.7834675e-05,-0.00049535383,-0.0005683333,0.016904846,-0.00016853596,-6.8217116e-05,0.0004637008,-0.0004315941,-2.9426663e-05,-0.00020035755,-6.687954e-05,-0.00066522724,-0.00015248569
XAF1,-0.00012765138,-0.00196451,-0.0036226965,-0.0033204604,0.076869845,0.014798517,-0.0036600023,-0.027035572,-0.000103647675,-0.01685762,-0.0046114204,-0.02342259,-0.00010583566,-0.00438571,-0.010107945,-0.00038718552,-0.0002964299,-6.082931e-06,-0.0030439089,0.024814436,0.00041006852,0.00020575464,-0.001772456,-0.008039511,-0.005016039,-0.00058996613,0.0044693905,-0.00019686304,-0.001407887,-0.0014859329
ALOX12,-3.6821577e-05,-0.0009899725,-0.0013632632,-0.0028934625,-0.0127474265,-0.00225734,-0.00077851355,-0.0067031016,-4.208165e-05,-0.0057974304,-0.0016395054,-0.0043402854,-5.049823e-05,-0.0012077489,-0.0044089914,-3.787353e-05,-8.73039e-05,-4.2081654e-05,-0.0009793225,-0.006599598,-0.00020620038,-0.00032511912,-0.0001609625,0.057819217,-0.001018382,-6.9434594e-05,-0.0010077469,-0.0001578064,-0.0015696456,-0.0003012
CLEC10A,0.001618195,-0.0029557052,-0.0042820224,-0.009599539,0.050787386,0.0037616964,-0.0022605085,-0.021643873,-0.00013451451,-0.018757232,-0.005139025,-0.013646027,-0.0001359361,-0.003705855,-0.01465532,-9.2433846e-05,-0.0004006486,-3.662039e-05,-0.0036254425,-0.021326266,-0.00059664866,-0.0011859682,-0.0004953915,-0.0028034202,-0.0031566957,-0.00022194895,0.080631025,-0.00043695583,-0.0045155287,-0.0009886354
ASGR2,-8.054975e-05,-0.0041939346,-0.0064167436,-0.014238388,0.2098559,-0.010476024,-0.0035612956,-0.032958247,-0.00016596206,-0.02794266,-0.007980589,-0.020284843,-0.00023739837,-0.0054251836,-0.02168804,-0.000108905886,-0.0006330662,-0.000197832,-0.005243775,-0.032907594,-0.0009693777,-0.0018695154,-0.0007107534,-0.004045904,-0.00451597,-0.0001442441,0.006370311,-0.0007198452,-0.006994789,-0.0015153184
ASGR1,-0.00017801426,-0.006812004,-0.009356426,-0.022190798,0.30211478,0.009820626,-0.005349218,-0.049923483,-0.00028058662,-0.043011107,-0.011975382,-0.031238487,-0.00034198255,-0.008224026,-0.033290073,-7.576863e-05,-0.00087961205,-0.00023938765,-0.007842547,-0.049767174,-0.0014428507,-0.0028323925,-0.0011603672,-0.0053631472,-0.007008496,-0.00046478922,0.0014050392,-0.0011376109,-0.010556717,-0.0023979298
CD68,0.00024130248,-0.0071439594,-0.01094371,-0.027398953,0.3190265,0.06462397,-0.006596729,-0.06586348,-0.0003753229,-0.057027806,-0.015767273,-0.040867474,-0.00039712086,-0.010792076,-0.04316066,-0.00018792949,-0.0011585134,-0.00040687463,-0.010545809,-0.062805295,-0.0017676643,-0.0033886016,-0.0012889514,0.0029713672,-0.009404911,-0.00034894445,0.0011604083,-0.0013444918,-0.01342282,0.0043821875
KDM6B,0.00018738177,-0.002397759,-0.0050780736,-0.013166106,0.19244447,0.0038903444,-0.0049506994,-0.030716373,-0.00032281745,-0.024505345,-0.005497388,-0.018642314,-0.0004265736,-0.0053234533,-0.024471097,-0.0002097669,0.00024385066,-1.1405503e-05,-0.0035329293,-0.043499887,-0.0014439003,-0.0015329178,-0.0011244221,-0.005810353,-0.0032798217,7.689949e-05,0.005794192,-0.0005343632,-0.006239656,8.110039e-05
AURKB,4.6993777e-05,-0.00077408255,-0.00044316406,-0.002185165,0.0010315452,-0.00089121936,-0.00060449133,-0.0048978045,0.0046266834,-0.0034591088,-0.0010216939,-0.0038139618,0.0020678735,-0.00055486907,-0.001990911,-3.9963892e-05,0.00011437073,-4.4404507e-05,0.0004083924,-0.0039080395,0.015947402,-1.9314443e-06,0.0016399776,-0.00025468212,-0.00080259686,-7.326731e-05,0.00036128532,0.00095700484,-0.0011689621,-0.00027118513
RNF222,-1.8882358e-05,0.0002894721,0.00028079125,0.00054702477,-0.005789701,-0.0006667044,0.00026064648,-0.0018974207,-2.157975e-05,0.0041558784,0.0015421718,0.0015889284,-2.5895906e-05,0.0008018226,-0.00078182935,-1.9421846e-05,-6.905516e-05,-2.1579737e-05,0.0012141969,-0.002189655,-0.000105740706,0.00032813975,-8.254259e-05,-0.00048500713,-0.0005222312,-3.5606605e-05,0.0002769916,-8.092423e-05,0.0017121343,-0.00018450772
GAS7,-0.00010236158,-0.0049676443,-0.010024861,-0.021069547,0.25573564,0.0026726513,-0.0046332935,-0.05253684,-0.0002795692,-0.044835575,-0.01227497,-0.033169232,-0.00024600283,-0.008671001,-0.022176582,-0.0001364396,-0.00080610416,-0.00020872171,-0.007822658,-0.013937281,-0.00079189095,0.00064373366,-0.0010498494,-0.0055896738,-0.007464964,0.00014318922,0.0030380285,-0.0010187121,-0.0059036696,-0.0025145803
AC098850.2,-1.2475523e-06,-3.3541484e-05,-4.8654256e-05,-0.0001113513,-0.0006030984,-9.021537e-05,-2.63768e-05,-0.0002468357,-1.4257652e-06,-0.00021340049,-5.9775113e-05,-0.00015409062,-1.7109072e-06,0.0022566782,-0.00016774,-1.2831933e-06,-4.562419e-06,-1.4257652e-06,-3.9600483e-05,-0.00024933356,-6.9861653e-06,-1.3473509e-05,-5.4535285e-06,-3.2044067e-05,-3.4503904e-05,-2.3524885e-06,-3.546532e-05,-5.3466533e-06,-5.318111e-05,-1.2190162e-05
TNFRSF13B,-8.8288056e-05,0.049501617,0.070181176,0.00783976,-0.039922986,-0.0060249376,-0.0017920099,-0.016198771,-0.00010090032,-0.014183061,-0.0041729007,-0.010413036,-0.000121081124,-0.002828563,-0.010546221,-9.081065e-05,-0.00020371014,-0.00010090032,-0.0026027772,-0.015988959,-0.00049441337,-0.0006896685,0.010254768,-0.0016889288,-0.0023024885,-0.00016648615,-0.0023456542,-0.0003783769,-0.0035588415,-0.00077277236
AC104024.1,-2.0058986e-05,0.016006589,0.006900156,0.0005320295,-0.008202754,-0.0014505557,-0.00042410495,-0.0032639068,-2.2924503e-05,-0.0027900513,-0.00096111576,-0.0024775814,-2.750951e-05,-0.0006579374,-0.002392635,-2.0632202e-05,-7.33585e-05,-2.2924507e-05,-0.00063673215,-0.0031647175,-0.00011233027,-0.00021663832,0.0027680427,-0.00024056096,-0.0005547785,-3.7825634e-05,-0.0004168146,-8.596723e-05,-0.0008550893,0.0029226087
NT5M,-5.5661545e-05,-0.0012440453,-0.0013650738,-0.004208119,-0.019196387,-0.0036920796,-0.00036228984,-0.0058492245,2.3963237e-05,-0.00652553,-0.0016902392,-0.0037592151,1.8021907e-05,-0.0010197702,-0.004280874,1.294846e-05,0.0026299849,-6.3613e-05,-0.0015100875,-0.0051285857,0.001039275,-0.00026365998,-0.00020446032,0.0604752,-0.0011535082,-6.6348264e-05,-0.0012134541,-0.00011570235,-0.0011195859,-0.000111580914
RASD1,0.00018417186,-0.0005293268,-0.0012038592,-0.0032116123,-0.00887437,0.0059402767,-0.0004986472,-0.007389322,-4.9294325e-05,-0.0048099514,-0.0011193475,-0.0043977485,-5.9153266e-05,-0.0009978301,-0.002521236,-4.4364704e-05,0.00134482,0.00013790846,-0.00013054186,-0.004107078,-0.00024154232,-0.00010090912,0.00047166474,-0.000805025,-0.00080845196,-8.133534e-05,-0.0007424013,-0.00018485317,-0.0009595237,0.03578879
LINC02076,-3.5231085e-05,1.536008e-06,0.0005858585,0.00069314014,-0.0044033015,-0.002429939,-0.00034631355,-0.00010322937,3.862738e-06,0.00120051,-0.0005921692,-0.0009838501,0.000108435146,-0.0006176313,-0.0005974549,-3.623765e-05,0.00078985916,-4.0264265e-05,-0.0006614842,0.007851044,0.00048785453,8.2230836e-05,-0.000116257266,-0.00044511186,-0.00013143761,-6.643623e-05,-0.00015515422,-0.00015099093,-0.000662511,0.0007706731
AC007952.4,0.0002538519,-0.003382578,-0.0024662511,-0.010579777,0.25028476,-0.0051858216,-0.004718753,-0.051254746,-9.4264724e-05,-0.0434139,-0.011417522,-0.028904637,-0.00011585877,-0.0077088973,-0.030443743,-0.00016139924,-0.00061431323,-0.00019619236,-0.0066549815,-0.02943436,-0.00028909955,-0.0021637029,0.00077096187,-0.0066560544,-0.0069869487,3.3313092e-05,0.0049130837,-0.0010247958,-0.009707699,0.007321079
SPECC1,0.0005343896,-0.005549393,-0.0070559606,-0.01733007,0.16310067,0.0070694643,-0.0043038283,-0.04267665,-0.00017498458,-0.032310776,-0.009592545,-0.027305348,-0.00021196474,-0.005021196,-0.01350235,-8.432374e-05,-0.0002578341,0.000354712,-0.0046974565,-0.010544762,0.00014002541,0.0032661813,-0.00072930474,-0.0014111901,-0.00612464,0.00085383694,0.020085694,-0.000960135,-0.004927302,-0.0006332928
LGALS9,0.00042260997,-0.0015416325,-0.0072171334,-0.0017276285,0.21637937,0.049282853,-0.0064243753,-0.053844403,-4.2010754e-05,-0.041075293,-0.013155631,-0.03710146,-0.00024581706,-0.009044972,-0.038375318,-0.00022897846,0.0006969802,-0.00020651452,-0.009930608,-0.033345457,-0.000918205,-0.0020311128,-0.0013014177,-0.006597311,-0.0068701217,0.0012539395,0.015669081,-0.0006294969,-0.011557563,-0.00029224914
NEK8,1.9367548e-05,0.0068889004,0.007238439,0.02146386,-0.0058025843,-0.0007046297,-0.0011470935,-0.007560118,0.0001309598,-0.0072717597,-0.0022537245,-0.0044288477,-0.0001516885,-0.0012539886,-0.004936118,-3.6648627e-05,-2.4654732e-05,-0.00012640598,-0.00176997,-0.0066999504,-0.00018197301,0.0007913085,0.00034753294,-0.0021755274,-0.0021079523,-0.00018278132,-0.002718274,0.00011728407,-0.0009490462,0.015486231
TRAF4,0.00059381564,0.00839353,0.009513272,0.011540805,-0.02179463,-0.00060804514,-0.0011565142,-0.011918854,0.00018344885,-0.0035073685,-0.0004217401,-0.008559879,0.00014535163,-0.0012400207,-0.0028428417,-4.613591e-05,0.00021878262,-0.00012134959,0.0019625695,-0.0067696883,9.8421726e-05,0.00020017479,0.0003765245,-0.0024402426,-0.0010100801,0.0004112762,0.0038935798,-9.443809e-06,-0.000116103496,0.025031446
ATAD5,9.450962e-05,0.0011706458,0.0006366608,0.0077459146,-0.028967755,-0.0031949119,-0.00031005804,0.0017818365,0.0016831855,-0.0026671446,-1.793095e-05,0.0021809563,0.0016780396,-0.00013745214,0.002464495,-7.515797e-05,0.00024498164,3.2354103e-06,-0.0013686478,0.0070234505,0.010153233,0.00066488027,0.00036874745,-0.0028810906,0.000114539,2.7572009e-05,-0.0011727656,0.0002728178,0.00086997624,0.0016132889
ADAP2,-9.1608825e-05,-0.0026874235,-0.0075592813,-0.014722367,0.21057312,0.040507793,-0.0045629917,-0.042730935,-0.00023375594,-0.036657155,-0.010022133,-0.026454564,-0.00030637617,-0.007044049,-0.02883895,-0.00013758775,-0.0006922503,-0.00025531478,-0.0067702197,-0.041740686,-0.0011374538,-0.0022425877,-0.00084775453,-0.0045715375,-0.0060926354,0.0008604399,0.0064772177,-0.0009188075,-0.0092192665,-0.0018800743
SPACA3,0.0005206167,-0.0003026056,-0.00043895366,-0.0010046138,-0.005441096,-0.00081391603,-0.00023796779,-0.0022269317,-1.2863139e-05,-0.0010831874,-0.00053928694,-0.0013901835,-1.5435637e-05,-0.00036917222,-0.0015133489,-1.1576954e-05,-4.1162235e-05,-1.2863127e-05,-0.00035727344,-0.0022494374,-6.3029715e-05,-0.000121557445,0.015225314,-0.0002890999,-0.00031128968,-2.1224107e-05,-0.00031997112,-4.8236943e-05,-0.00047979812,0.0039700884
CCL2,-3.5479978e-05,-0.0009539039,-0.001383709,-0.003166824,0.044379964,-0.002213787,-0.0004949834,-0.0070199436,-4.0548384e-05,-0.005485172,-0.0016999884,-0.004244723,-4.8658138e-05,-0.0011637415,-0.0039131497,-3.6493526e-05,-0.00012975486,-4.0548362e-05,-0.0011262329,-0.0065525733,-7.604794e-05,-0.00038318272,-4.035114e-05,-0.0006360133,-0.000981271,-6.690481e-05,-0.00043482363,-0.00015205634,-0.001512458,-0.0003466891
CCL7,-1.2361746e-05,-0.00033235183,-0.0004821056,-0.0011033675,0.016041383,-0.0008939312,-0.00026136247,-0.002445843,-1.4127592e-05,-0.0021145593,-0.00059230364,-0.0015268399,-1.6953301e-05,-0.00040546453,-0.000913098,-1.2714942e-05,-4.5208628e-05,-1.4127657e-05,-0.00039239414,-0.0024705725,-6.9225534e-05,-0.00013350652,-5.403836e-05,-0.00031751877,-0.00034188878,-2.3310733e-05,-0.00035142506,-5.2978765e-05,-0.00052696175,-0.00012079116
CCL8,-7.349768e-06,-0.00019760322,-0.00028664083,-0.0006560178,0.009982824,-0.0005314897,-0.00015539415,-0.0014541958,-8.399682e-06,-0.00125722,-0.0003521577,-0.00090779754,-1.00796615e-05,-0.00024107017,-0.000988223,-7.559696e-06,-2.6879143e-05,-8.3996865e-06,-0.00023330085,-0.0014688992,-4.1158324e-05,-7.937686e-05,-3.2128868e-05,-0.00018878291,-0.00020327233,-1.38593805e-05,-0.00020894273,-3.149876e-05,-0.0003133102,-7.181698e-05
SLFN14,-2.6679862e-05,-0.000717305,-0.001040508,-0.0023813471,-0.010978711,-0.001641963,-0.00056408194,-0.0052787694,-3.0490974e-05,-0.004563759,-0.0012783341,-0.0029828518,-3.6589252e-05,-0.00087509025,-0.0035872827,6.307049e-05,1.1683828e-05,-3.0490934e-05,-0.00084688916,-0.0048844437,-0.00014940585,-0.0002881397,-0.00011662817,0.04528398,-0.0007378842,-5.03101e-05,-0.00075846247,-0.00011434159,-0.0011373133,-0.00026069925
CCL5,-0.00035904982,-0.0071962783,-0.010296734,-0.024466723,-0.1477721,-0.023323255,0.016754799,-0.06134756,-0.00013537459,-0.04191028,0.015922312,-0.03745784,0.0010671301,0.010543775,0.12008043,-0.0002659331,-0.0013449991,-0.00032895556,0.019140674,0.13546777,0.0027572322,0.0017169034,-0.0015478876,0.027230449,-0.009230174,-0.0006126173,-0.009491217,-0.00093351945,0.030447392,-0.0031090984
CCL23,-2.953509e-05,-0.0007940682,-0.0011518695,-0.0018406956,0.017333271,0.002764027,-0.00062445446,-0.0058437227,-3.375411e-05,-0.005052187,-0.0014151478,-0.003388899,-4.0505205e-05,-0.0009687507,0.00015451333,-3.0378911e-05,6.7012516e-05,-3.3754113e-05,-0.0009375234,0.005649067,0.000406343,-0.00031897827,-0.0001291106,-0.0007586305,-0.0008168579,-5.5694643e-05,-0.00070744206,-0.00012657925,-0.0009871454,-0.00028859876
CCL3,-0.00023788816,-0.0051677157,-0.0068486533,-0.015325605,0.19600132,0.0073361783,-0.0038472635,-0.041044947,-0.00021725909,-0.036214672,-0.009730398,-0.02685563,-0.00029199207,-0.007038342,-0.018401,-0.00019866248,-0.00094229134,-0.00018994637,-0.006673181,-0.0010092485,-0.000211121,-0.0017610983,-0.00092756073,-0.0005047622,-0.0062687993,-0.00046635597,-0.004230583,-0.00096574903,-0.0058779893,-0.0018886599
CCL4,-0.0002910322,-0.0059829718,-0.009573151,-0.019177688,0.08417581,0.000102796934,0.0026524605,-0.051771678,-0.0003014022,-0.04603729,-0.0109777255,-0.033087056,6.9577996e-05,-0.008530491,0.026133342,-0.00025474915,-0.0011332036,-0.0002442396,-0.005348268,0.09410163,0.0021475188,-0.002187212,-0.0012462665,-0.0019538223,-0.008014624,-0.0005425314,-0.006386992,-0.0011467352,0.0071008615,-0.0022948345
CCL3L1,-0.00018867657,-0.004597218,-0.006827405,-0.015888736,0.20741546,0.0064085624,-0.0033469084,-0.037635997,-0.00022319848,-0.032840166,-0.00865676,-0.024228962,-0.0002270886,-0.005925322,-0.017459964,-0.00016316079,-0.0006665556,-0.00023084626,-0.0053619267,-0.028702294,-0.00079337,-0.0018045448,-0.0008574876,-0.00033405816,-0.005340194,-0.00039055094,-0.0020245286,-0.0006352067,-0.006713948,-0.0017592807
CCL4L2,-0.00017480437,-0.0035460761,-0.0056449915,-0.011967905,0.12771407,0.007974029,-0.002575579,-0.03085414,-0.0002093314,-0.026928093,-0.0070368065,-0.020042565,-0.00018389159,-0.0050847,-0.0025503335,-0.00015148365,-0.0006859137,-0.00013178293,-0.004223577,-0.00039284522,1.5318737e-05,-0.0013188437,-0.0007066763,-0.0010773521,-0.004701914,-0.0002972037,-0.0010410538,-0.00079947506,-0.0019131184,-0.0014631066
CSF3,-2.0985206e-05,-0.00056420267,-0.0008184193,-0.0015758645,0.023096727,0.00029322063,-0.00044368612,-0.0041520493,-2.3983099e-05,-0.0031965536,-0.0010054858,-0.0022692725,-2.8779712e-05,-0.0006883141,-0.0024140642,-2.1584696e-05,-7.674574e-05,-2.3983097e-05,-0.00066613103,-0.0033323574,-0.00011751737,-0.00022664055,-9.17349e-05,-0.00053901866,-0.00058039086,-3.957193e-05,0.0007169943,-8.9936846e-05,-0.0008945703,-0.00020505572
CDC6,0.00015736232,-0.0004836861,-0.0011253378,-0.0012734802,-0.009895201,-0.0011700977,-0.00061007706,-0.0049090907,0.0038622443,-0.0029259438,-2.6006677e-05,-0.001677024,0.0031003666,-0.00038997413,-0.001696279,-2.9679313e-05,0.00036926655,-3.2976935e-05,-0.00065513584,0.0003609682,0.016024183,-5.3596028e-05,0.003486507,-0.00014067316,-0.00015416715,3.8728846e-05,-0.0004596419,-0.00012366379,-0.0005471702,0.0009792678
TOP2A,6.901902e-05,-0.0005946711,0.00064950116,0.00035840107,-0.0117614,-0.002811968,7.772534e-05,-0.0070375437,0.0070993616,-0.0029103463,-0.0010365576,-0.0042502233,0.0034172693,-0.0010290279,-0.0011516095,-6.055788e-05,9.3480616e-05,-6.7286324e-05,-0.0011924126,-0.0032491512,0.023093853,0.00044929216,0.0016748375,0.00029063897,-0.0008461478,-0.00011102324,0.0007331129,0.00018668736,-0.0002719476,0.00018876193
AC004585.1,-7.5394724e-05,-0.00041438814,-0.0018494442,0.01834422,-0.032959085,-0.0050469013,0.003262243,-0.008654747,0.0005454553,0.0058240974,0.003119029,-0.0061699194,0.00015011527,-0.0019179011,0.009590418,-7.7549084e-05,-0.00027572922,-8.616442e-05,0.0006151469,0.011194842,0.00030776617,0.0020886615,-0.00032958252,-0.00092903577,-0.0017767018,-8.749056e-05,-0.0018780871,0.0064847874,0.0017381159,-0.0007367144
CCR7,-0.00024790445,-6.7482084e-05,-0.0030107703,0.012407748,-0.12746619,-0.01919989,-0.0055053486,0.14269361,-0.00016819831,0.024069397,-0.005409784,0.0823875,-0.0003064841,0.0028828715,-0.027968599,-0.00011650913,-0.00069348427,-0.00022140241,-0.0077373288,-0.052023396,-0.0013708491,-0.00068947807,-0.0011911752,-0.0055904086,0.008470898,-0.0005137747,-0.0069351043,0.0017405256,-0.0063036853,-0.0019153563
JUP,-7.3170435e-07,0.00041886594,0.0057907673,0.01164441,0.124820344,0.03227774,-0.003527128,-0.034068573,-0.0001881335,-0.028873615,-0.007932637,-0.020575877,-0.00024443652,-0.005557726,-0.022509633,-0.00012264293,0.0012589928,-0.00013858419,-0.005470115,-0.032544736,-0.0009059541,-0.0016614816,-0.0005836007,-0.0036670861,-0.004736458,-0.0002725908,0.0060245437,-0.00076386495,-0.00685542,-0.0010342448
CAVIN1,-2.2593427e-05,-0.00029942114,-0.0008811482,-0.001451936,-0.007994669,-0.0016338339,0.0002639832,-0.0017201405,9.84025e-05,0.007019916,0.00031372462,-0.0023845006,-3.0985586e-05,0.00013547952,-0.002253095,-2.3239083e-05,0.017217305,-2.582118e-05,-0.0007171838,-0.0025917087,-0.00012652397,-0.00024400966,2.2758795e-05,-0.0005803305,-0.00026020186,-4.260516e-05,-0.0005067155,-9.682963e-05,-0.00096313,-0.00022077099
CCR10,-5.3087617e-05,-1.5602867e-05,-0.000113533795,-0.0022724397,-0.0019575453,-0.001224882,-0.00046798243,-0.005535201,-6.0671795e-05,0.0076242285,0.00013707715,-0.0038194845,5.0988987e-05,0.0035560247,-0.0010692432,2.2239905e-05,0.00013983327,-6.0671762e-05,-0.00023663018,-0.0022913746,-0.0001802633,-0.00039848476,0.008868473,-0.0004701829,-0.00038031672,-0.0001001082,-7.625052e-05,-0.00022751692,-0.000341942,0.0009546491
BRCA1,-5.6300516e-05,-0.0004782923,0.00057232694,-0.00042741976,0.009956199,-0.0010368044,-0.0002472714,-0.010347249,0.0026376976,-0.009251974,-0.0010412188,-0.0044258167,0.0025346898,-0.0011980039,-0.0011115286,-9.4672236e-05,0.00012830741,3.1186642e-05,-0.0011494973,0.005352268,0.012029599,7.5184435e-05,0.0010141389,-0.0017627806,-0.0016910015,2.7742833e-05,0.0005443081,-0.00012798232,-0.000500247,4.4403972e-05
PPY,-9.0813655e-06,-0.0002441596,-0.0003541745,-0.0008105772,-0.0043902006,-0.00065671414,-0.00019200619,-0.0017968188,-1.0378662e-05,-0.0015534363,-0.00043512584,-0.0011216768,-1.2454397e-05,-0.00029786982,-0.0012210603,-9.340824e-06,-3.3211734e-05,-1.0378661e-05,-0.00028826922,-0.0018149792,-5.0855808e-05,-9.8078744e-05,-3.9698745e-05,-0.00023326279,-0.0002511656,0.016707895,-0.00025817053,-3.892001e-05,-0.00038712562,-8.873763e-05
SLC4A1,-1.8671815e-05,-0.00016246269,-0.0007282022,-0.00024246781,-0.0034777115,0.000719633,-0.00039477376,0.0013613271,-2.1339243e-05,-0.0018945169,-0.0005075364,0.00022287814,-2.5607056e-05,0.00021344512,-0.0025105616,0.009800401,0.00055350765,-2.1339256e-05,-0.0005926955,-0.00073703326,-0.00010456212,-0.00020165503,-8.162257e-05,-0.0004795974,-0.00019389924,-3.5209705e-05,-0.00037997362,-8.002232e-05,-0.00018263221,0.00020293442
GRN,0.0005213284,-0.003604155,-0.0100547755,-0.026314728,0.35864168,0.022311741,-0.0070384815,-0.070689455,-0.00036558518,-0.05828698,-0.016404547,-0.044617712,-0.00037519247,-0.0114370845,-0.043593433,-0.00017941454,-0.0010129021,-0.00040002816,-0.011283746,-0.062151648,-0.0015132463,-0.0035754964,-0.00089817826,-0.006448322,-0.010292207,0.0010471259,0.017298792,-0.0014691926,-0.0137652885,0.005952369
ITGA2B,-6.213285e-05,-0.0015093742,-0.0021141032,-0.0051017324,-0.017003896,-0.0036031895,-0.001157673,-0.011758161,-3.5851517e-05,-0.010146955,-0.0027954795,-0.007123874,-5.880151e-05,-0.0019241398,-0.007743585,-6.390778e-05,0.00051415316,-1.4950153e-05,-0.0018104811,-0.010929761,-0.00034794395,-0.0006052201,-0.00024616253,0.09192273,-0.0016591423,-0.000117164636,-0.0015795926,-0.0002662828,-0.0023640052,-0.00029324426
KIF18B,-1.4575526e-05,-0.00039187362,-0.0005684496,-0.0013009731,-0.003368131,-0.001054025,-0.000308169,-0.0021284863,0.003549104,-0.001308121,-0.0002776276,-0.0012386044,0.0018415556,-0.00047807794,0.00016703471,-1.499198e-05,-5.3304942e-05,-1.6657728e-05,-0.00046266985,-0.002393645,0.009630719,0.0004413006,0.0017942578,-0.00037438382,-0.0004031196,-2.7485323e-05,-0.00041436357,-6.2466825e-05,-0.0006213387,-0.00014242402
C1QL1,-8.094725e-06,-0.00021763208,-0.0003156955,-0.0007225103,-0.0012496859,-6.219228e-05,-0.00017114544,-0.0016015985,-9.251126e-06,-0.00065666286,-0.00038785292,-0.0009998133,0.00033017722,0.001961561,-0.0010883986,-8.325992e-06,-2.9603567e-05,-9.251135e-06,-0.00025694966,-0.00084187294,0.006708874,-8.7423134e-05,-3.5385594e-05,0.0006868566,-0.00022387748,-1.5264328e-05,-0.00023012252,-3.469172e-05,-0.0003450675,-7.909739e-05
MYL4,-1.5337106e-05,-0.00012605761,-0.0005981451,-0.0013689391,-0.0036657027,-0.00055628753,-0.00032426848,-0.0030345435,-1.7527975e-05,-0.002623507,-0.0007348627,-0.0014981847,-2.1033564e-05,-0.00050305616,-0.0020621729,0.0018868303,0.0006136535,-1.7527977e-05,-0.0004868408,-0.0025624228,0.00012212578,-0.0001656402,0.00018348604,0.018084098,-0.0004241785,6.585421e-05,-0.00034094488,-6.5730135e-05,-0.00065379526,0.0009107002
ITGB3,-4.170058e-05,-0.0011211508,-0.0014679799,-0.003337645,-0.0126451235,-0.002388208,-0.0008816694,-0.007757151,-4.7657544e-05,-0.006919349,-0.0018365695,-0.0050038104,-5.7189412e-05,-0.0013677832,-0.0049928785,-4.289177e-05,-0.00015250573,-4.765755e-05,-0.0013236942,-0.007904203,-0.00023352406,-0.00045036533,-0.00018229133,0.06470228,-0.0011533183,-7.8635254e-05,-0.0011554209,-0.0001787166,-0.0016966054,-0.00023658376
TBX21,-0.0001502292,-0.0034439017,-0.0058670365,-0.014571497,-0.08348312,-0.012435288,0.007565815,-0.033578664,-7.111367e-05,-0.025183676,-0.0032643618,-0.020762116,0.00029220225,-0.004539056,0.045414615,-0.00015422168,-0.0006233108,-0.00015558956,-4.362077e-06,0.15058887,0.0029109232,0.003347217,-0.0006893642,-0.003112579,-0.0047586705,-0.0003298638,-0.0049290606,-0.00071459066,0.014433898,-0.0017320446
ABI3,0.00019579013,-0.004393768,-0.008307501,-0.018072592,0.017780673,0.06498728,-0.0005984755,-0.044926535,-9.075125e-05,-0.03874411,-0.009039593,-0.024100956,9.875371e-05,-0.0060143396,0.006877558,-0.00019486199,-0.0009223444,-0.00026074913,-0.0025355038,0.07327272,0.0017131872,-0.0011373918,-0.0010266614,-0.005030003,-0.0065123267,9.267561e-05,0.008166629,-0.00086794724,0.0019572584,-0.0023658217
ABCC3,-9.959676e-05,-0.0025615746,-0.003672493,-0.008407836,0.046344955,0.033276502,-0.0020300897,-0.019039048,-0.000113824586,-0.016116604,-0.0045730607,-0.011811844,-0.0001365911,-0.0031493313,-0.012899159,-0.00010244231,-0.00036424008,-0.00011382458,-0.003026688,-0.018904183,-0.00044522047,-0.0010003197,-0.00041541923,0.038020596,-0.0026563874,-0.0001630665,-0.000889471,-0.00027576665,-0.004124154,-0.0005496221
TOB1,0.00011288941,-0.006697521,-0.010143149,-0.025602562,-0.039354105,0.0035450615,0.004301914,0.008377906,-0.00022859337,0.043135993,0.0037268284,0.030416587,6.0710674e-05,0.009569838,0.0045528407,-0.00013085303,-0.0007476291,0.00013131014,0.0126361195,-0.033783644,-0.0012391378,-0.001867633,-0.0012289037,-0.006284937,-0.002596762,-0.00036199106,0.009962921,0.00025113337,0.001497538,-0.0020120994
AC005920.3,-4.9425307e-06,-0.00013288396,-0.00019275867,-0.00044115755,-0.0023893581,-0.00035741454,0.0021005296,-0.0009779132,-5.648639e-06,0.003542717,-0.00023681809,-0.0006104717,-6.7783294e-06,-0.0001621147,0.0018448356,-5.083747e-06,-1.8075529e-05,-5.6486324e-06,-0.0001568898,-0.0009877968,-2.7678085e-05,-5.337915e-05,-2.1605934e-05,-0.00012695289,-0.00013669571,-9.320191e-06,-0.00014050846,-2.1182195e-05,-0.00021069287,-4.8295577e-05
MMD,-8.074232e-05,0.0018992932,-0.0010086021,0.0066301874,-0.02977648,-0.0036303909,-0.0017294991,-0.013073416,-6.783962e-05,-0.0070889154,-0.0014084382,-0.003480388,-8.6492386e-05,-0.0008984797,-0.010662591,-0.00012719778,-0.00019575075,1.0142129e-05,-0.00034304167,-0.004332975,7.131642e-05,0.00019632076,-0.00045123108,0.0729419,-0.0015327301,-0.0001044487,0.00062079146,-0.00038884918,-0.0018279008,-7.336627e-05
AC015912.3,-9.5032934e-05,-0.001602785,-0.0027510496,-0.006704366,0.09028581,-0.00065748027,-0.0016288792,-0.01591852,-8.643981e-05,-0.013798461,-0.004232355,-0.009129841,-5.907382e-05,-0.002580001,-0.00920815,-1.0550842e-05,-2.4836318e-05,-0.00010860905,-0.002476357,-0.010714713,-0.00028691694,-0.0006507161,-0.00011698106,-0.0020104654,-0.0016973722,-6.877344e-05,0.00037920816,-0.00020204678,-0.0033943632,-0.00045002004
SCPEP1,-0.00016601782,-0.00323352,0.0027769378,0.004929253,0.24804801,0.022787107,-0.0058484008,-0.050724663,-0.00028593608,-0.044767056,-0.013253501,-0.03128616,-0.00038647,-0.008401269,-0.03296124,-0.00016334889,-0.0010126482,-0.00024005176,-0.008721172,-0.04635639,-0.0015849211,-0.0017239373,-0.00024528697,-0.006994462,-0.0075017326,-0.00054862484,0.0010790739,-0.00121067,-0.010736799,-0.001266251
EPX,-2.0755128e-06,-5.580119e-05,-8.0944876e-05,-0.00018525377,-0.0010033605,-0.00015008872,-4.3882337e-05,-0.00041065368,-2.3720304e-06,-0.0003550323,-9.944705e-05,-0.00025635673,-2.8464171e-06,-6.807678e-05,-0.00027906813,-2.1348092e-06,-7.590453e-06,-2.3720297e-06,-6.588227e-05,-0.0004148072,-1.1622868e-05,-2.2415546e-05,-9.072965e-06,-5.331057e-05,-5.7402813e-05,-3.913848e-06,0.003763446,-8.895036e-06,-8.847628e-05,-2.0280704e-05
MPO,-5.4198175e-05,-0.0013152906,-0.0018667076,-0.0041943328,0.060942356,0.0006747264,-0.00095428963,-0.009989717,2.2333468e-05,-0.008808636,-0.0025968517,-0.0061507374,-7.4328505e-05,-0.0013979619,-0.007117798,3.4235993e-05,0.000875166,-6.194072e-05,-0.0017204038,-0.009967063,-0.00030350866,-0.00058533915,-0.0002369224,-0.0008050864,-0.0014989616,-0.00010220197,-2.0128304e-05,-2.7508915e-05,-0.0021694351,-0.0005295937
VMP1,-0.00019568203,-0.0064165913,-0.010710944,-0.027823228,0.2797143,0.027911065,-0.004906847,-0.055171393,-6.8849055e-05,-0.027748128,-0.0098663885,-0.037656162,-0.00016060068,-0.007533642,-0.02880174,-0.00016686674,-0.0004523734,-0.00040475375,-0.008260869,-0.049667586,-0.0010352001,-0.002758195,-0.0009226275,-0.008287756,-0.0050038006,-0.00016913856,-0.00016837196,-0.0008013962,-0.010309104,-0.0021573915
TBX2,-4.4731826e-07,-1.2026306e-05,-1.7445142e-05,-3.992597e-05,0.0006075659,-3.2347136e-05,-9.4575025e-06,-8.850474e-05,-5.1121805e-07,-7.651621e-05,-2.143287e-05,-5.5249584e-05,-6.1346196e-07,-1.4671957e-05,-6.0144328e-05,-4.6009234e-07,-1.6358824e-06,-5.1121805e-07,-1.4199081e-05,-8.939914e-05,-2.50495e-06,-4.8309557e-06,-1.955426e-06,-1.1489681e-05,-1.2371501e-05,-8.4351495e-07,-1.2716539e-05,-1.917047e-06,-1.906851e-05,-4.3708874e-06
CD79B,-0.00017785648,0.037419967,0.043212686,0.13123678,-0.090670064,0.031664193,-0.0033870696,-0.03239817,0.00012967676,-0.020744335,-0.0060389605,-0.022812001,-0.00024669533,-0.0055272123,-0.022699641,-0.0002000154,-0.00043681412,-0.00015233012,-0.0035926057,-0.012225894,-0.00035689425,-0.0012050949,0.0016675236,-0.0050071366,-0.0039336565,-0.00043042962,-0.0041358722,-0.00053488824,-0.006367724,-0.0020491693
PECAM1,-0.00023785696,-0.0063717556,-0.011945824,-0.022086749,0.2447639,0.072480984,-0.0072479374,-0.052590303,-0.00030303712,-0.0579651,-0.01599134,-0.019762522,-0.00028731415,-0.008506129,-0.029780451,-0.00026777116,-0.00020366491,-0.00015799125,-0.00948982,-0.0516218,-0.0013048934,-0.0027050618,-0.0010424188,0.001605738,-0.008921311,-9.269426e-06,-0.0008448139,-3.7209677e-05,-0.010603534,0.0014356298
AC037487.1,-8.444523e-06,0.00037310045,-0.0003293343,0.0008664809,-0.00206348,5.1902447e-05,-0.00017854004,6.0813756e-05,-9.650817e-06,-0.00024501648,-0.00040461041,0.0005797196,-1.1580978e-05,0.00040442342,0.0015806839,-8.685812e-06,-3.0882853e-05,-9.6508165e-06,-0.00026805332,0.0001579482,-4.7289053e-05,-9.120043e-05,-3.6914582e-05,-0.00021690152,-0.00023355026,-1.5923937e-05,0.0002836964,-3.6190853e-05,-0.00035997707,0.0002471362
KPNA2,0.00048244657,0.0027815155,-5.980549e-05,-0.0045205317,0.009434534,0.006606373,0.00038589572,-0.02083395,0.0016940836,-0.007398515,-0.0022198062,-0.010650443,0.0007536898,-0.001559553,0.0056797015,-0.00013701977,0.00038544054,-0.00012459538,0.00040105835,0.0079653775,0.0027218414,0.00014602342,0.0012207723,-0.0027933698,-0.0028787279,0.0007580891,0.008118907,5.8460013e-05,-0.00036688786,0.0039490443
SLC16A6,-0.000166135,-0.003737877,-0.0053696334,-0.01368009,0.13005698,0.00020289392,-0.0019849034,-0.027474396,-0.00013646376,-0.0213064,-0.0059936447,-0.016322898,-9.073522e-05,-0.0043307086,-0.009454699,-7.6245524e-05,-0.0006075776,-0.00018986699,-0.0032450962,-0.0036336505,2.0582887e-05,-0.0012464523,-0.0004298459,-0.004042296,-0.003132924,-0.000198806,0.0016778971,-0.00037314955,-0.0032741476,-0.001459325
ABCA9-AS1,-3.1543457e-06,-8.480611e-05,-0.00012301822,-0.00028154725,-0.00070174993,-0.00022810297,-6.669155e-05,-0.00062410726,-3.6049512e-06,-0.00053956965,-0.00015113738,-0.00038960294,-4.3259183e-06,-0.00010346206,-0.00042412282,-3.2444443e-06,0.001919264,-3.6049512e-06,-0.000100127254,-0.00063041615,-1.7664219e-05,-3.4066765e-05,-1.3788976e-05,-8.102126e-05,-8.7239496e-05,-5.948167e-06,-8.967323e-05,-1.3518632e-05,-0.00013446492,0.0030245248
KCNJ2-AS1,-0.00010102912,-0.0025207102,-0.003872257,-0.008560788,0.11509542,0.0045240596,-0.0020604879,-0.019066337,-0.00011546145,-0.01651429,-0.0043045324,-0.011958643,-0.00013855378,-0.0031021005,-0.012114852,-7.922701e-05,-0.00031661312,-0.00011546148,-0.003046976,-0.018359547,-0.0005657611,-0.0008529563,-0.00042229964,-0.0015260756,-0.0026136003,-0.00016076639,-0.0018944738,-0.00043298217,-0.0038633987,-0.00093924336
KCNJ2,-0.00012029505,-0.0031402311,-0.0044801673,-0.009653282,0.13005227,0.013987356,-0.0024169583,-0.022935601,-0.00013747922,-0.019532433,-0.0055018542,-0.014331443,-0.0001649752,-0.0038344774,-0.015405308,-5.063563e-05,-0.00043993274,-0.00013747922,-0.0036549582,-0.021930156,-0.00067364966,-0.0011483681,-0.00044853374,-0.0021376722,-0.0031465765,-0.00022684109,-0.0019915435,-0.00047414805,-0.0048296456,-0.0010948387
AC064805.1,-0.00010063641,-0.0023412625,-0.0036927958,-0.0079440735,0.03582323,0.07234722,-0.0019067475,-0.018922878,-0.000115012896,-0.016180532,-0.004528166,-0.011721638,-0.0001380156,-0.0029808928,-0.011844881,-5.0566396e-05,-0.0003680407,-0.000115012896,-0.0031089168,-0.017972406,-0.0004949338,-0.0010135871,-0.00043992465,-0.0021288765,-0.0026300899,-0.0001897713,0.0075783497,-0.0004312976,-0.0035585046,-0.00082944066
CD300E,-0.00028629825,-0.007001636,-0.010219867,-0.023290273,0.28446504,0.043125037,-0.0053766286,-0.052368023,-0.00028864044,-0.045823645,-0.01272295,-0.03275275,-0.0003678752,-0.008693022,-0.034458373,-0.00016376964,-0.00096894125,-0.0003010074,-0.008284154,-0.051643107,-0.0015151206,-0.0027747592,-0.0011442335,-0.0055303983,-0.007300796,-0.0005210952,0.0005077322,-0.0012269949,-0.010660572,-0.0024137015
CD300LF,-0.00014423118,-0.0054128487,-0.0076045603,-0.01671472,0.19046028,0.050463393,-0.0042375815,-0.03968073,-0.00024138784,-0.034272276,-0.009617548,-0.02443523,-0.0002896646,-0.006368454,-0.026158804,-0.000108028675,-0.00041147263,-0.00024138774,-0.006225136,-0.039077383,-0.0011378602,-0.0020050348,-0.00085845793,-0.0041589946,-0.0054446873,-0.0003982906,0.0045944494,-0.0008316269,-0.007935554,-0.0015067661
SMIM5,4.8716152e-05,-0.0012286163,-0.0019997533,-0.004133859,-0.014709113,-0.0025284474,-0.0008105738,-0.009008913,-6.095347e-05,-0.008033714,-0.002324419,-0.0046783416,-7.314408e-05,-0.0015872525,-0.0064097047,8.966874e-05,-3.3937937e-05,-6.095346e-05,-0.0013241685,-0.0092531415,-0.00016927705,-0.0004850999,-0.00023314681,0.057237424,-0.0011523725,-0.000100572885,-0.0013946197,-0.0002285753,-0.002206349,0.016853234
TK1,-4.7307916e-05,-0.00015209685,-0.00026899143,-0.0018839804,-0.009730639,-0.0006968771,-0.0003989921,-0.0068075904,0.0062049446,-0.0058352696,-0.0007082275,-0.003776303,0.0049787676,-0.00055763917,-0.002252699,-4.8659942e-05,0.00029923598,-5.4066106e-05,-0.0013502974,-0.0034671784,0.025328578,-0.00024965784,0.0034773552,-0.00037615435,-0.00096627465,-8.920952e-05,0.0007074727,-0.00015168876,-0.0009698294,-0.0001566406
BIRC5,-3.939824e-05,-0.0006362279,0.00013800107,-0.0015677807,-0.010517689,-0.0018495339,-0.00016768501,-0.0063539753,0.0060244245,-0.0031869637,-0.0014534335,-0.0032239829,0.0048266174,-0.0008386301,-0.00303557,-4.0523842e-05,5.4557036e-05,-4.502607e-05,-0.00033577296,-0.00047518796,0.021653088,-8.244618e-05,0.0032476294,-0.0003892544,-0.00083062786,-2.561913e-05,0.00039332098,2.9947287e-05,-0.0011313412,-0.00014093002
SOCS3,-0.00014650359,-0.005711756,-0.00991692,-0.024209876,0.18076657,-0.008489547,-0.005009972,-0.0022170704,-0.00029126822,0.012450231,-0.0015018596,-0.029086439,-0.00039318972,-0.003771291,-0.02753107,-0.00022107534,-0.00072311796,0.00013542022,0.0021083863,-0.05220068,-0.0014988433,-0.002173413,-0.0012607,-0.005488484,-0.0053641037,-0.00055906613,0.0004545249,-0.0010569163,-0.0056269695,-0.0014648761
TIMP2,0.00022188539,-0.00735761,-0.010866678,-0.023498729,0.3163169,0.033132415,-0.0062268926,-0.056499556,-0.00032304725,-0.050330732,-0.013961928,-0.0350826,-0.0004016015,-0.009876337,-0.03970012,-0.00018232851,-0.00047163072,-0.00021377137,-0.009416523,-0.058727413,-0.0016034029,-0.0023774325,-0.00023910991,-0.0058326325,-0.0076117176,0.00011379305,0.0063317977,-0.0012575806,-0.012334466,-0.0017237328
ACTG1,0.00083968486,-0.009887351,-0.0071360604,-0.04543561,0.0643817,0.013188005,0.0008309722,-0.044073943,0.0012475725,-0.01693731,-0.0066279783,-0.0054399,0.0010480261,-0.00326262,-0.003527178,-0.0010113025,0.000993604,-0.00023315733,-0.0041907816,0.041377522,0.0018592608,-0.00093878096,-0.00020830584,0.00784936,-0.0039235204,0.001843755,0.017956754,0.0012002032,-0.0026198393,0.0008372111
CD7,-0.00032455983,-0.010360845,-0.015002001,-0.03444804,-0.1798846,-0.02787503,-0.005049069,0.040549483,-6.0646827e-05,-0.0027738896,-0.0021269892,0.03837341,0.00033172593,0.00429884,0.028776174,-0.00019417344,-0.0010345363,0.0007348016,0.0053321146,0.15722437,0.003980109,0.009762958,-0.0016648809,-0.008570898,-5.0029554e-05,-0.0007313202,-0.010690631,-0.00057372026,0.015305291,-0.003253859
SECTM1,4.3877226e-05,-0.005898984,-0.008516251,-0.019435417,0.20565368,0.060564317,-0.0044027534,-0.04313703,-0.0002159659,-0.036451075,-0.009908429,-0.027690902,-0.00031890068,-0.00742671,-0.028851284,-0.00017490562,-0.0007608774,-0.00020913723,-0.00710176,-0.04302954,-0.0011443698,-0.0022933942,-0.0009840514,-0.004460971,-0.006137341,-0.000404164,0.004045898,-0.00094566646,-0.008997732,-0.0014104616
METRNL,0.00048684858,-0.0060879216,-0.011311439,-0.02811601,0.14124258,0.03256402,-0.002795211,-0.066239476,-0.00038933833,-0.053836957,-0.013094198,-0.041754622,-0.00024161032,-0.009633548,-0.0047547617,-0.00025153015,-0.0010818618,1.9243705e-06,-0.0054256762,0.07844367,0.00078350486,0.0011931552,-0.0013477593,-0.0066625257,-0.009104271,0.0006119138,0.010670327,-0.0013889001,8.688981e-05,-0.0025678137
AP005530.1,-1.7639447e-06,-4.742472e-05,0.0031798172,-0.00015744384,-0.000852735,-0.00012755756,-3.7294518e-05,-0.00034900664,-2.0159289e-06,-0.0003017334,-8.451799e-05,-0.00021787173,-2.419104e-06,-5.7857073e-05,-0.00023717375,-1.8143293e-06,-6.450964e-06,-2.0159305e-06,-5.5992467e-05,-0.00035253452,-9.878018e-06,-1.9050487e-05,-7.710909e-06,-4.530789e-05,-4.878531e-05,-3.3262822e-06,-5.0146034e-05,-7.559719e-06,-7.51942e-05,-1.7236105e-05
TYMS,7.7458035e-06,-0.00087936595,-0.001271966,-0.002639051,-0.018362535,-0.00284407,-0.0005919841,-0.0055646645,0.0066194963,-0.0034166346,-0.0013821505,-0.0038706977,0.0058305315,-0.0007329514,-0.0037984755,-5.0976898e-05,0.001183876,-5.6641034e-05,-0.0007046706,-0.0017707028,0.032958493,8.8989116e-05,0.0028990428,0.00045969972,-0.0010075745,1.6185846e-05,-0.00022199067,3.1248434e-05,-0.00070490106,-0.00022343517
NDC80,4.164309e-05,0.0013689455,0.00052679726,-0.0010144296,-0.036712352,-0.004068842,0.00030175044,-0.005439815,0.002463721,0.007982404,0.0017591194,-0.0016376635,0.0015565932,0.003045075,0.008801012,0.00013762011,5.6372042e-05,-9.8678036e-05,0.0017770809,0.008486921,0.008647304,-6.185149e-05,0.00071913615,-0.00091895985,0.0020185693,-0.00016281733,-0.0023238836,0.0013783508,0.0017903651,-0.00041945808
EMILIN2,-2.1858594e-05,-0.006676654,-0.010506737,-0.02412853,0.28273338,0.028321767,-0.0053086593,-0.051483832,-0.00029502518,-0.042870972,-0.01236528,-0.03300029,-0.0002749375,-0.008642798,-0.035011813,-0.00022029696,-0.00071115146,-0.00025766864,-0.008531706,-0.050591696,-0.0014377214,-0.0023304503,-0.0011698073,-0.006236483,-0.007406416,-8.232638e-05,0.011220013,-0.0011742618,-0.011063736,-0.00047399226
AP002478.1,-2.6521242e-05,-0.00071304746,-0.00091300264,-0.002051924,-0.008126788,-0.0016080784,-0.000560737,-0.005104509,-3.0310177e-05,-0.004242878,-0.0010958128,-0.0031571465,-3.637225e-05,-0.0007333457,-0.0035659946,-2.727918e-05,-9.699266e-05,-3.0310177e-05,-0.00084186415,-0.0051155426,-0.00014851974,-0.00028642995,-0.00011593645,0.041565962,-0.0007335033,-5.0011735e-05,-0.00075396255,-0.00011366266,-0.001130569,-0.0001548104
EPB41L3,-8.102938e-05,-0.0057492317,-0.0084570255,-0.019215815,0.19962916,0.045294706,-0.004638822,-0.032376885,-0.00023319115,-0.037055846,-0.010532548,-0.026684586,-0.0003143171,-0.0071571073,-0.029130997,-0.00019053606,-0.00045713657,-0.00016548498,-0.0071063167,-0.042569634,-0.0011416512,-0.0023498132,-0.00095990254,0.00051678024,-0.0061958367,-0.00032749795,0.009484271,-0.00089856563,-0.0089556975,-0.0019795112
RAB31,0.0003454813,-0.004704501,-0.0032847277,-0.021614082,0.281968,0.024627859,-0.006042774,-0.057461347,-0.00034433478,-0.049981616,-0.013770905,-0.03600053,-0.00037823446,-0.009659965,-0.03782029,-0.0002161155,-0.00092879747,-0.00027134072,-0.009118278,-0.055827692,-0.0015295438,-0.002652861,-0.0004908861,0.012055816,-0.008149592,0.0009250658,0.014930671,-0.0011139325,-0.011960585,-0.0015296655
PIEZO2,-4.6180094e-06,-0.0001241584,-0.00018010272,-0.0004121902,-0.0022324799,0.0022584437,-9.7638076e-05,-0.0009137079,-5.277745e-06,-0.0007899414,-0.0002212683,0.0010711493,-6.333281e-06,-0.0001514707,-0.0006209231,-4.749931e-06,0.0034860345,-5.2777427e-06,-0.00014658927,-0.00092294026,-2.5860805e-05,-4.9874616e-05,-2.018725e-05,-0.000118616896,-0.00012772108,0.00075934036,-0.00013128367,-1.9791505e-05,-0.00019685902,-4.512466e-05
RBBP8,0.00032176,-0.0004467046,0.00066048704,-0.0013761944,0.06509412,0.044223193,-0.002256209,-0.025662404,0.0010771449,-0.02088855,-0.00561797,-0.01598359,0.0007274688,-0.004217126,-0.014707876,-0.00015570958,0.0007816571,-6.758765e-05,-0.0041727195,-0.019254437,0.0038882634,7.343014e-05,0.0010078028,-0.0025844148,-0.0029027718,0.00041596912,0.00466233,-0.0001288074,-0.0046212585,0.0021107395
TTC39C-AS1,-6.951971e-05,-0.001450385,-0.0021730063,-0.004910996,-0.028695438,-0.00438308,0.00016002996,-0.010636891,-7.945087e-05,0.0663589,0.008352912,-0.0073207496,-6.592359e-05,0.0009643699,-0.0048840637,-7.1505856e-05,-0.00025424414,-7.945095e-05,0.0052826754,-0.009649423,-0.00038930998,-0.0005423597,-0.00022607144,-0.0013961545,-0.00057910255,-0.00013109461,-0.0017771795,-0.00011484656,-0.00075235614,-0.0004864624
ZNF521,-2.1230446e-05,-4.6611065e-05,-0.0008279889,-0.0015111815,-0.0035901025,-0.0013804518,-0.0001297411,-0.0042006085,-2.4263609e-05,-0.0036316232,-0.0010172477,-0.0019320259,-2.911614e-05,-0.0006963596,-0.0023913747,-2.1837162e-05,0.016158842,-2.426361e-05,-0.00067391904,-0.002820134,0.00012117601,0.0033370676,-9.280812e-05,-0.0005453228,-0.0005871758,-4.0034956e-05,3.7871287e-05,-9.0987836e-05,-0.00090503035,0.007576411
PCAT18,-5.3125364e-06,-0.00014283086,-0.0002071883,-0.0004741817,0.005353501,-0.00038417455,-0.00011232151,-0.0010511322,-6.0714497e-06,-0.0009087519,-0.00025454402,-0.0006561714,-7.2857742e-06,-0.00017425072,-0.00071431324,-5.464326e-06,0.0018428934,-6.071444e-06,-0.00016863344,-0.0010617373,-2.9750092e-05,-5.7375495e-05,-2.3223369e-05,-0.00013645658,-0.00014693085,-1.0017969e-05,-0.00015102775,-2.2767945e-05,-0.00022646674,-5.1910836e-05
DSC2,-0.00010587913,-0.00269943,-0.0039552767,-0.009026905,0.13414535,-0.0042613894,-0.0022385805,-0.020187918,-8.165089e-05,-0.017693963,-0.0050050775,-0.012657919,-0.00014520499,-0.0033867743,-0.013752121,1.8062783e-05,-0.0003872159,-0.000121004225,-0.0033608982,-0.02027844,-0.00059291953,-0.0010626813,-0.0004628418,-0.0021246688,-0.002928294,-0.0001996583,-0.0015991721,-0.0004537656,-0.004358835,-0.0010345886
KLHL14,-5.8081027e-05,0.013390509,0.007122738,0.064653784,-0.027150314,-0.003923132,-0.001062587,-0.011384242,-6.637872e-05,-0.009805677,-0.0022392871,-0.0064365934,-7.965413e-05,-0.0019050703,-0.0065162573,-5.9740432e-05,-0.000212411,-6.6378634e-05,-0.0017180572,-0.0101373615,-0.00032525457,-0.0006272798,0.006249089,-0.0011247155,-0.0016063573,-0.00010952466,-0.0016511694,-0.0002489194,-0.0023342406,-0.0005675385
AC011139.1,-1.0794017e-05,-0.00029020352,-0.0004209657,-0.0009634363,-0.0045064264,-0.00032231727,-0.00022821431,-0.0016551097,-1.2336024e-05,-0.0018463866,0.0003388478,-0.0013332121,-1.4803229e-05,-0.0003540417,-0.0014513305,-1.1102325e-05,0.016258894,-1.2335989e-05,-6.8446876e-05,-0.0021572476,-6.0446488e-05,-0.00011657487,-4.7184963e-05,0.0005227406,-0.00029852943,-2.0354342e-05,-0.000306857,-4.6259946e-05,-0.0004601312,-0.00010547275
PSTPIP2,-0.00015520929,-0.006195508,-0.009025875,-0.020863717,0.124412335,0.027212055,-0.001676472,-0.035232924,-0.00022468033,-0.029333396,-0.0069184024,-0.023357952,-0.00024120715,-0.0057483455,-0.014662314,-0.00022322974,0.0007316114,-0.00013229698,-0.0056967232,1.0077216e-05,-0.00028756447,-0.002025466,-0.0010191738,0.016708203,-0.00503169,-0.00045205804,0.008027916,-0.0007891851,-0.005644188,-0.002164764
SKA1,-3.3385062e-05,0.000115197225,0.000748624,0.0011117462,-0.005020105,-0.00071714976,-0.000102738944,-0.0035821141,0.0027521842,-0.0025713025,-0.0013747541,-0.0033195536,0.0013026312,-0.0008988173,0.00028321295,-3.4338762e-05,0.00017674491,-3.815451e-05,-0.000112278496,0.0010331082,0.009152457,-0.00012830016,0.0009393546,-0.0006899503,-0.00023542161,3.397081e-05,-0.000248359,-0.00014307928,0.0013048713,0.0002956995
RAB27B,-8.637434e-05,-0.0019664785,-0.0031188817,-0.0071540917,-0.033221044,-0.0054640174,-0.0003361172,-0.01134291,-9.871286e-05,-0.010028076,-0.0023774893,-0.009846466,5.1873423e-05,-0.0021879375,0.00107198,-8.884154e-05,0.0010148712,-3.4132667e-05,-0.0021580802,0.03532624,0.001230569,0.0014236612,-0.000344866,0.055399,-0.0021893305,-0.00013930816,-0.0023512656,-0.000295719,5.433252e-05,-0.0007419413
AC098848.1,-2.1852109e-05,-0.000587505,-0.0008522293,-0.0013588114,-0.008873351,-0.0014519133,-0.00018766568,-0.0038410455,-2.4973697e-05,-0.0032021184,-0.0010470259,-0.002316171,-2.996843e-05,-0.0007167443,-0.002062279,-2.247632e-05,-7.991579e-05,0.00014667065,-0.00069364783,0.00073130376,-0.00012237157,-0.00023600191,-9.552514e-05,0.028667029,-0.000604367,-4.1206804e-05,-0.00062122056,-9.365172e-05,-0.00026428615,-9.658983e-05
TCF4,0.0022277718,0.031721074,0.033303287,0.06436754,0.008627246,-0.0014764842,-0.003721813,-0.03595469,-0.00021551894,-0.032582887,-0.008799532,-0.022428315,-0.00026505993,-0.0059839804,-0.023568245,-0.00018321791,0.0020760403,8.935741e-05,-0.005892674,-0.026012205,-0.00064159755,0.00038598556,0.00311357,-0.0022063933,-0.005154675,0.00016723272,0.006466917,-0.0008629105,-0.0074454015,0.030849466
SEC11C,0.00022951464,0.0021167835,0.0051630777,-0.0077313604,-0.051458746,0.0017653973,0.0018847702,-0.021493051,0.00062362046,0.017006973,0.0053488137,-0.014564358,0.000507943,0.0037356548,0.013957046,-0.00030893745,-0.0004590464,3.1388434e-05,0.006590717,0.025562484,0.00043584913,2.2067748e-05,0.009719116,-0.0069958423,-0.000867402,8.184416e-06,-5.6986028e-05,-0.0005481463,0.004399309,0.0053751203
LMAN1,0.00019822193,0.00022457725,-0.0012442253,-0.0036089753,-0.06760892,-0.009384767,0.0014818445,-0.01018517,0.0004907347,0.010707775,0.0051540006,0.00055017247,0.00076993654,0.0034340105,0.018759979,-0.00018631111,0.000950244,8.584503e-05,0.006474045,0.025774615,0.0017918521,0.0014225822,0.007401957,-0.0048177307,7.8815836e-05,-0.00014430178,-0.002541526,0.00016510229,0.0075205015,0.006284958
PMAIP1,0.0003422609,0.0075293016,0.010299734,0.022961915,0.037487652,0.015049221,-0.0008433555,-0.044278875,0.00015404125,-0.021932188,-0.0024378954,-0.028179849,-6.504824e-05,-0.0037598168,-0.0036306325,-0.00020126032,-2.5976466e-05,-0.00012613661,0.0035411613,0.0058797416,0.000538963,-0.00064699847,-0.0002457356,-0.0048333243,-0.00024177888,0.0006103472,0.005895668,0.0008369289,0.00056249043,-0.00024078837
AC090409.1,-3.4997178e-05,-0.00086316786,-0.0013015136,-0.0030113116,-0.012255341,-0.0024186014,-0.00065696397,-0.006636943,-3.9996634e-05,-0.0058254027,-0.0013561093,-0.0042122267,-4.799605e-05,-0.0011479006,-0.004435156,-3.5996985e-05,-0.00012798962,-3.9996645e-05,-0.0011109045,-0.0064215106,-0.00019598285,-0.00037796816,-0.00015298721,0.056406286,-0.00096791517,-6.599443e-05,-0.0009949149,-0.00014998749,-0.001243234,-0.00027709504
SERPINB2,-6.728862e-05,-0.0018091043,-0.0025325832,-0.005413461,0.08479617,-0.0046114293,-0.0013205046,-0.012641575,-7.690186e-05,-0.01050897,-0.0031201257,-0.008128919,-9.228195e-05,-0.0020458207,-0.007808343,-6.9210924e-05,-0.00024608403,-7.69018e-05,-0.002037767,-0.0120998295,-0.00030863562,-0.0006375628,-0.0002342185,-0.0017283573,-0.0017625937,-0.0001268873,-0.0018287062,-0.00028838063,-0.0025165768,-0.00065750605
CD226,-0.000218123,-0.005875517,-0.0074220644,-0.020083243,-0.10772922,-0.012876471,0.0078947,-0.00039743332,0.00014178011,0.024015745,0.0056711505,-0.003196943,0.00022330561,0.004740602,0.022112282,-0.00014364376,-0.000815602,0.00024015692,-0.0015947574,0.06974535,0.00137614,0.003020903,-0.00078181765,0.022524647,-0.0031028956,0.000358161,-0.0034795993,-0.0008621765,0.008698694,-0.0021841296
FAM110A,-8.302662e-05,-0.0035332364,-0.00441341,-0.012076205,0.05643058,0.06154331,-0.0034176738,-0.024477443,-1.9206414e-05,-0.022816047,-0.0068197674,-0.014556904,-0.00010469037,-0.004664362,-0.012799415,-0.0001753528,-0.00026889693,-9.044441e-06,-0.0040523084,-0.01419774,-0.00045805052,-0.001188038,-0.00080993905,0.018139584,-0.0024702526,-4.96596e-05,0.002677898,-0.00030177235,-0.0038047228,-0.0012239307
SIRPB1,0.00011725916,-0.0055560903,-0.00829551,-0.01891271,0.22943287,0.031598423,-0.004646173,-0.041223697,-0.00023232514,-0.03652396,-0.010122179,-0.025516339,-0.00029873225,-0.0069417562,-0.028380794,-0.00013911317,-0.00082622253,-0.00021394344,-0.0067360285,-0.04258569,-0.0011132717,-0.0022878137,-0.0009643756,-0.0049460144,-0.005562922,-0.0003927013,-0.00014459176,-0.00076377013,-0.008994466,0.0011721589
SIRPA,-0.00019651686,-0.0058015846,-0.008610961,-0.01947955,0.27767023,-0.0038428977,-0.004796428,-0.044873886,-0.00025817848,-0.03904882,-0.010809843,-0.02804747,-0.00032575056,-0.0075060814,-0.029816307,-8.3321305e-05,-0.0007995261,-0.00027145728,-0.0070181014,-0.044100076,-0.0011869421,-0.0023260158,-0.00095879956,-0.0046144067,-0.0062699122,-0.00044790687,0.0063333465,-0.0008913356,-0.0096778385,-0.0019426624
CPXM1,-1.8306457e-05,-0.00013372992,-0.00031418662,-0.001633984,-0.007500614,-0.0010354206,-0.00038704957,-0.0031674942,-2.092174e-05,-0.0012212194,-0.00056027184,-0.0004716884,-2.5105928e-05,-0.0006004482,-0.002461426,-1.8829467e-05,0.014341475,-2.0921745e-05,-0.0005810998,0.00047953293,0.0008704698,0.0022411917,0.00056191836,-0.0004702152,-0.0005063014,0.0011816648,9.2142414e-05,-7.845593e-05,0.0016381626,-0.00017887972
AVP,-1.6411434e-05,-0.00026212493,-0.0006400469,-0.0014648371,-0.0069238185,-0.0010615727,-0.00034698343,-0.0016552353,7.1869545e-05,-0.002529649,-0.00055263814,-0.0014719305,-2.2507105e-05,-0.0005382929,-0.0018841234,-1.6880216e-05,0.024460364,-1.8755843e-05,-0.0005209438,-0.0032799325,-9.190363e-05,-0.00017724291,-7.174109e-05,-0.0004215402,-3.910622e-05,-3.0947456e-05,0.00012589374,-7.033466e-05,-0.00038819184,-0.00016036237
ADAM33,0.012764083,-0.00027870375,-0.00040428576,-0.0009252653,-0.004019285,-0.0007496279,-0.00021917195,-0.0020510461,-1.1847194e-05,-9.2241025e-05,-0.0004966913,-0.0012803779,-1.4216552e-05,-0.00034001566,-0.001393813,-1.0662469e-05,-3.7910857e-05,-1.1847192e-05,-0.00032905507,-0.002071775,-5.8050573e-05,0.0012448273,-4.531564e-05,-0.00026626448,0.00200037,-1.9547946e-05,-0.0002946999,-4.4427125e-05,-0.0004418996,-0.000101292935
SIGLEC1,0.00021692924,-0.0030229655,-0.0045005577,-0.01012251,0.14235263,-0.0026970452,-0.0023518107,-0.022673568,-0.00013973737,-0.019572388,-0.0052899327,-0.014279364,-0.00016768434,-0.003832483,-0.014997403,-5.9579215e-05,-0.000447159,-0.00013973739,-0.003543016,-0.022227189,-0.00055753434,-0.0013205119,-0.00048296864,-0.0028802021,-0.003300859,-0.00012339246,0.0025811833,-0.00052401307,-0.0048298095,-0.0010679044
SMOX,0.00010052636,-0.0013278167,-0.0019141401,-0.004310464,-0.0062034014,-0.0023008594,-0.0011428675,-0.010345639,-6.177708e-05,-0.0085811615,-0.0020672292,-0.00614275,-7.413182e-05,-0.0017730001,-0.0068672244,0.00014224033,0.0003495093,-6.177708e-05,-0.0016458144,-0.009849702,-0.0003027055,-0.00058378774,0.0006281267,0.06562731,-0.001333784,2.8435306e-05,0.0027628124,-0.00013176959,-0.0023042706,-0.00031268303
PCNA,2.8401324e-05,-0.0012941458,-0.0016913245,-0.0058147456,-0.021629496,0.005254231,0.0011945252,-0.0067847413,0.002761545,0.001732436,-0.00013645954,-0.0036804555,0.0026532512,-0.00056317,0.0029717975,-0.00015289389,0.00038601723,-7.889684e-06,-0.00034145225,0.011355059,0.013862995,0.0005816436,0.00074845983,-0.0026694776,-0.0017326578,0.00024140389,0.0019551013,-9.705704e-05,0.0007647081,0.00010435859
CHGB,-1.802085e-05,-0.00048450095,-0.00019616776,-0.0010299894,-0.006096748,-0.00083886785,-0.0003810107,-0.0029233901,-2.0595155e-05,0.007947762,-0.00018263042,-0.002225819,-2.4714422e-05,0.00737213,-0.0010342647,-1.8535646e-05,-6.5904685e-05,-2.059517e-05,-0.0005720312,-0.0020661168,-0.00010091703,-0.00019462398,-7.877712e-05,-0.0004628777,0.0034434735,-3.398198e-05,-0.00030928096,-7.7231954e-05,0.00040501045,0.00028927554
LAMP5,0.0005135029,-0.0009102136,-0.00041873648,-0.0036484888,-0.0065375054,-0.002655134,-0.0010114877,-0.00932766,-5.467488e-05,-0.007837995,-0.0022922498,-0.0056692413,-6.5610155e-05,-0.0014429764,-0.005732317,-4.920757e-05,-0.00017496063,-5.467487e-05,-0.0015186057,-0.007322863,-0.00026790824,-0.0005166782,0.00042758285,0.0069743493,-0.0013231426,-9.0214045e-05,0.004174993,-6.163734e-05,-0.0015904786,0.048484057
MACROD2,-7.018277e-05,0.010550078,0.0044016056,0.09684756,-0.03159726,-0.00466649,-0.001483857,-0.013165705,-8.020917e-05,-0.011718223,-0.0033627604,-0.00833978,-9.625022e-05,-0.0019082787,-0.009237442,-7.218785e-05,-4.7336125e-05,-8.0209036e-05,-0.0022277874,-0.013268427,-0.00039302246,-0.00065369235,-8.0640566e-05,-0.001729936,-0.001941051,0.00010927218,-0.001757851,-0.00030078297,-0.002991775,-0.0006373076
RRBP1,0.00029300398,-0.0054422636,-0.011035386,-0.015764015,0.07882954,0.020123735,-0.000320236,-0.049396813,8.3367755e-05,-0.03136679,-0.008032003,-0.031500064,0.0002998969,-0.0063863276,0.0015298714,-0.00021332102,0.00046490048,0.00091644237,-0.0034509925,0.046203226,0.0009164366,0.0035031035,0.004172832,-0.0071780197,-0.0065776017,0.0002821621,0.0065833894,-0.0009390744,0.0006237356,0.01277724
RIN2,-0.00013183623,-0.003843927,-0.005763541,-0.012793874,0.16858976,0.013603428,-0.0033275823,-0.02986499,-0.00017986876,-0.025299612,-0.0069667264,-0.018725498,-0.00021584418,-0.004859964,-0.019826915,-6.111142e-05,-0.00028856975,-0.00011356169,-0.004887041,-0.028896421,-0.0008813642,-0.001622756,-0.0006634597,-0.0026858978,-0.0041089617,-0.00023467273,0.0026434688,-0.0006745137,-0.0066028647,-0.0013156357
THBD,0.0006713049,-0.0023845038,-0.0031281135,-0.0077962694,0.09419057,-0.00033946647,-0.0018751575,-0.01667193,-0.000101360136,-0.014461509,-0.0040056063,-0.010534348,-0.00012163193,-0.002909039,-0.011078549,-9.122424e-05,-0.00028617328,-0.00010136016,-0.0027315866,-0.01664221,-0.00042763943,-0.00095785543,-0.00038770516,-0.0015614415,-0.002231917,0.0035852597,0.004622488,-0.00038009923,-0.0036063658,0.0017433825
CD93,-6.1235674e-05,-0.0070954543,-0.010352272,-0.023304582,0.33030805,-0.0033570514,-0.0056048604,-0.053311143,-0.00026894617,-0.045643568,-0.01250515,-0.0331195,-0.0003473423,-0.00890089,-0.03474342,-7.3807285e-05,-0.0009836722,-0.0003240836,-0.008465802,-0.050298776,-0.0014456817,-0.0027875123,-0.0012132355,-0.005398346,-0.007435208,0.0006112264,0.00038598428,-0.0010983117,-0.010904114,-0.0022616177
CST3,0.0009685962,-0.009799954,-0.014501472,-0.0318482,0.33586884,0.058365133,-0.007426382,-0.07496754,-0.00045070707,-0.06535239,-0.017724562,-0.047703177,-0.0005004682,-0.012660304,-0.044743165,-0.00022957599,-0.0007289942,-0.00029670476,-0.011974977,-0.06401371,-0.0018279294,-0.003103933,-0.0017264502,0.0067619965,-0.010553058,0.002462351,0.02886776,-0.0016567466,-0.014146975,0.004642691
CST7,-0.0002767037,-0.0070892926,-0.011245516,-0.024646863,-0.14309123,-0.021362163,0.01400296,-0.05841486,-0.00016265857,-0.043661356,-0.00046461655,-0.035373557,0.0008392453,-0.005576762,0.10073259,-0.0002568737,-0.0011193821,-0.00027647245,0.014665106,0.20939727,0.0042252205,0.0047143125,-0.0011991565,-0.004601458,-0.0070395935,-0.0005137726,-0.00596134,-0.0003365483,0.027006239,-0.00291223
ID1,-0.00013485449,-0.003282769,-0.0049481126,-0.01098396,0.15371893,-0.0039900984,-0.0027318473,-0.024286956,-0.00013323202,-0.021780778,-0.005896805,-0.015721442,-0.00018494297,-0.0040551205,-0.01634183,-8.8607856e-05,0.0007378036,-0.00015411993,-0.0038940143,-0.02425409,-0.0006005384,-0.0013843471,-0.000547104,-0.0030480495,-0.0035247481,-0.00015505131,0.0046292287,-0.0003666992,-0.005343854,-0.0012516427
TPX2,2.34008e-05,-0.0005042149,-0.0001683822,-0.0020796466,-0.016888648,-0.0022611353,-0.00020291607,-0.0059197657,0.006811819,-0.0032776971,-0.0015421032,-0.0040570865,0.0036542693,-0.0009918099,0.00035718398,-4.8789625e-05,0.0010302709,-5.4210454e-05,-0.0010825802,0.003566144,0.020061905,0.0005087886,0.002487496,-0.0004491791,-0.00042823248,-8.944681e-05,-0.00041942435,0.000286932,0.00091947825,0.0007576331
HCK,7.7865756e-05,-0.0029809263,-0.009073759,-0.021741355,0.288261,0.060047887,-0.006342319,-0.058327068,-0.00032966968,-0.051282,-0.014075379,-0.036775857,-0.00040158065,-0.009927366,-0.03864626,-0.00018829705,-0.0010619609,-0.00033660256,-0.009654193,-0.05798645,-0.0016033201,-0.0031437723,-0.0013473041,-0.006288103,-0.008413428,0.00050488074,0.0070829787,-0.0012705,-0.0123446155,-0.0024321903
PLAGL2,-0.0001285966,-0.0037316002,-0.005698545,-0.013046403,0.13497245,0.051735777,-0.0030086557,-0.031086031,-0.00010014659,-0.025684357,-0.006754653,-0.019967841,-0.00027282667,-0.0051389304,-0.01940243,-0.00012686208,-0.0004162329,-6.479376e-05,-0.0045928378,-0.027684867,-0.0006595052,-0.0016421344,-0.000364853,-0.0042765406,-0.004375533,-0.00014320224,-0.0015519216,-0.0006838961,-0.0050299927,-0.0010744564
E2F1,-5.0154762e-05,5.772928e-05,0.00010410761,-0.004183048,-0.01718697,0.01146118,-0.00091126753,-0.0071126022,0.0015232163,-0.004436585,-0.0017101604,-0.005142028,0.0029979863,-0.00095104804,-0.004429689,-2.9010367e-05,0.00011232033,-5.7319725e-05,-0.000947879,-0.0033754099,0.017650787,-0.00035599354,0.00061327114,0.020360515,-0.0012118767,-9.4578136e-05,-0.00042730567,-0.00012736721,-0.0017650084,-0.00037576703
ASIP,0.000706978,0.00023563392,-0.0009892897,-0.0012879309,-0.012821155,-0.0021111767,-0.0006732662,-0.0056894044,-3.6392787e-05,-0.0052293395,-0.0007823961,-0.0031281612,-4.3671233e-05,-0.00080938824,-0.004281594,-3.2753476e-05,-0.00011645663,-3.6392707e-05,-0.0010108046,-0.0056862007,-0.00017832426,9.0907044e-05,-0.00013920218,-0.00081792864,-0.0008807048,-6.0047707e-05,-0.0007985347,-0.00013647226,-0.0011130493,0.047856513
FAM83C-AS1,-3.8813864e-06,-0.00010435341,-0.0001513745,0.001053368,0.0011713424,-0.0002806787,-8.2063394e-05,-0.0007679633,-4.4358844e-06,-0.00066393445,-0.00018597385,0.0015462362,-5.323031e-06,-0.0001273083,-0.0005218795,-3.9922757e-06,-1.419461e-05,-4.4358717e-06,-0.00012320583,-0.000775716,-2.1735808e-05,-4.1918738e-05,0.000658143,-9.969526e-05,-0.00010734799,-7.319133e-06,-0.000110342764,-1.6634518e-05,-0.00016545647,-3.792659e-05
MYL9,-6.082284e-05,-0.00095490424,-0.0012783651,-0.004626027,-0.017189907,-0.003325701,-0.0012228811,-0.010946079,-1.6390195e-05,-0.009537382,-0.0024389885,-0.006902879,-8.341477e-05,-0.0018689058,-0.0068019466,-6.2561e-05,-0.00017158354,-6.9512294e-05,-0.0017529412,-0.009671047,-0.00031114,-0.00055592717,-0.00019161828,0.08605535,-0.0016414967,-4.568097e-05,-0.001466019,-0.00026066985,-0.002366013,-0.0002340664
SAMHD1,0.0010022718,-0.016014341,-0.022754317,-0.053387757,0.19744855,0.023746027,-0.0033542847,-0.02693664,-2.0635365e-05,-0.025196832,-0.009120257,-0.022262022,-0.000103844504,-0.0061029927,-0.015265651,-0.00049137825,-0.0022389572,-0.00010076797,-0.01103841,-0.010079395,-0.00028290588,-0.0017109639,-0.0024601403,-0.012078337,-0.0021959478,0.0011684316,0.02121254,-0.00082441454,-0.005731184,0.0051745167
GHRH,-4.4087406e-06,-0.000118531636,-0.00017194223,-0.00039350902,0.0023122125,0.0015390528,-9.321429e-05,-0.0008723046,-5.038546e-06,-0.00075415097,-0.0002112412,-0.00054454687,-6.04629e-06,-0.00014460634,-0.00059278775,-4.534704e-06,-1.6123335e-05,-5.0385493e-06,-0.0001399472,-0.0008811204,-2.4688961e-05,-4.7614863e-05,-1.9272708e-05,-0.00011324255,-0.0001219346,-8.313598e-06,0.0016928464,-1.8894694e-05,-0.00018793819,-4.3080086e-05
MAFB,-0.00022453515,-0.0062649045,-0.00933883,-0.021282835,0.2546197,0.050460782,-0.005008524,-0.04885697,-0.00024443865,-0.042569336,-0.011745646,-0.030874753,-0.00031803348,-0.008095038,-0.031351645,-0.00018846263,-0.000953615,-0.00030210544,-0.0076852585,-0.046600927,-0.00123936,-0.0025243112,-0.0010621892,-0.0048479284,-0.006708127,-0.0004915482,-0.0032222637,-0.0011070108,-0.0096510565,-0.0023201858
MYBL2,0.00010449428,0.005334212,0.0041128024,0.023957217,-0.026739154,-0.0040704096,-0.000797689,-0.011199619,0.0031276494,-0.008123198,-0.0026384273,-0.0066844956,0.001422647,-0.0016995114,-0.006447651,-6.274682e-05,-0.00019055477,-6.971856e-05,-0.0017395382,-0.010090336,0.007769711,-0.00065884076,0.0073568835,0.00042674528,-0.0013404485,-0.0001150362,-0.001366047,-8.670301e-05,-0.0021036766,0.03261121
TOX2,0.00023852265,0.0017065834,-0.00079348736,-0.003359418,-0.0059447926,-0.0026369123,-0.000753335,0.0054035774,0.0012643394,0.0007016072,-0.0017344354,-0.00037102308,0.00013876236,-0.0013101074,-0.0033802176,-4.7075886e-05,0.00088835164,0.0007120379,-0.0010398749,-0.0028421537,0.00044975337,0.0008745784,0.0016758082,-0.0010019331,0.00020331916,-8.63052e-05,-0.0013011164,0.0019885858,0.000912931,0.009443385
PKIG,-8.1308564e-05,0.024579395,0.02466625,0.08765624,-0.046650786,-0.0074827382,-0.0021993949,-0.016222667,-0.00013171733,-0.017083727,-0.00517272,-0.0022729624,-0.00014111552,-0.003108649,-0.01369496,-9.8078286e-05,0.0023105678,-0.00013171739,-0.0033227962,-0.01993442,-0.00043223074,-0.0007884963,-0.00023208388,0.008617133,-0.0026225378,0.00029462628,-0.0021180797,-0.00044006843,-0.0043681073,0.0006068173
ADA,0.0005924385,-0.004289668,-0.00537381,-0.014985096,-0.055933725,0.051982902,0.0011360159,-0.011476807,0.00066371454,-0.005095384,-0.000349331,-0.0068894695,0.0005994331,-0.0023918846,0.004933248,-0.00013704947,0.0010895487,9.1171256e-05,-0.00013415626,0.040514562,0.0020526669,0.0015336621,0.00074652996,-0.003964036,-0.0035858077,0.00039248666,-0.0006104267,-5.3345182e-05,0.0008614467,0.008080077
SDC4,-2.4761246e-05,-0.0020069904,-0.0027420453,-0.0065973047,0.07203694,-0.0034715603,-0.0011093076,-0.014632369,7.682491e-05,-0.0101122,-0.0023760635,-0.009415551,1.3578943e-05,-0.0021658055,-0.008909084,1.1607774e-05,-0.00023035785,4.1391206e-05,-0.001569029,-0.013065009,0.000372657,-0.00074234087,-0.00028789067,0.011325511,-0.0015935616,-6.418901e-05,0.0007190982,-0.0002862301,-0.0027143238,-0.0004814296
UBE2C,-3.2171185e-05,-9.4646464e-05,-2.9115345e-05,-0.0015571788,-0.011163232,-0.0015725833,-0.00068018714,-0.0047493447,0.005734248,-0.002978698,-0.0012475145,-0.003114311,0.002317336,-0.00039978858,-0.0022860288,-3.3090422e-05,0.0001395643,-3.6767247e-05,-0.00035214555,-0.0035115958,0.014407015,-0.00014745003,0.0021630418,0.010750219,-0.0006432634,-6.066584e-05,-0.00013674547,-1.110019e-05,-0.00045075794,-0.00022305248
TNNC2,-4.85702e-05,-0.00021844263,0.0011681614,-0.002470163,-0.0105403485,-0.0018158661,-0.0008940533,-0.008710296,-5.5508277e-05,-0.0051745013,-0.0020991275,-0.0040604216,0.000111156005,-0.0011297887,-0.0061430954,-4.995751e-05,-5.3264906e-05,-5.5508284e-05,-0.0010237071,-0.008366679,-0.00019740258,-0.00036843622,0.000104122,0.05710762,-0.0010513271,-1.834602e-05,-0.0012847553,-0.00020815727,-0.0020704737,-0.00038268854
CTSA,-8.5605345e-05,-0.005736416,-0.006749352,-0.024167897,0.17589624,0.005282071,-0.0050982754,-0.04948908,-2.8325703e-05,-0.021369532,-0.009135254,-0.023910271,-0.0001257929,-0.0027431808,-0.02280225,-0.0002046031,-0.00058102165,-0.000107590335,0.0032651615,-0.03443605,-0.00083176885,-0.00087965134,-0.00046950672,0.042088997,-0.0051533896,-0.00055362453,-0.0015060793,-0.00073284947,-0.007984317,-0.0016507925
CD40,-1.1157741e-05,0.017794758,0.038971312,0.08852285,-0.0049594496,0.0070842626,-0.0029120373,-0.026985034,-0.00017665328,-0.02606227,-0.0069889,-0.017743552,-0.00023107932,-0.0048393453,-0.018256078,-0.0001467207,-0.0004843888,-0.0001352554,-0.0047625806,-0.023918018,-0.00058242556,-0.0015693255,0.00065467256,-0.0018742358,-0.003653309,0.0003511979,3.7926915e-05,-0.0006190645,-0.005941588,-0.0005642346
B4GALT5,-0.00013779577,-0.0041878517,-0.00640838,-0.014304484,0.1038462,0.015827378,0.00055627315,-0.037836604,-9.206582e-05,-0.023609353,-0.0044656107,-0.021403547,-8.1692626e-05,-0.0042001945,0.00017017587,-0.0001142795,-0.0003317101,-1.29319615e-05,0.0002606089,0.0072437944,0.00018241222,-9.7146534e-05,-0.0008522318,-0.0041487697,-0.004509669,0.00025927718,0.00045274134,-0.00074899575,6.8915026e-05,-0.00132482
SNAI1,7.2974435e-05,-0.001910936,-0.0023636962,-0.005511014,0.06884444,-0.003958265,-0.0015027585,-0.012736301,-8.123093e-05,-0.010321561,-0.0034055787,-0.008464136,3.837236e-05,-0.0021868604,-0.008606943,-7.310754e-05,-0.00025993714,-8.123089e-05,-0.0017798317,-0.012182578,-0.00039802896,-0.00076762465,-0.0002801811,-0.0017535848,-0.001775325,0.0001503356,0.014049676,-7.8098485e-05,-0.0028158012,0.00013880417
CEBPB,-0.00043321433,-0.010236599,-0.0137560405,-0.033857316,0.28691667,0.05923248,-0.00488227,-0.0683547,-0.0004326036,-0.053636782,-0.011423083,-0.04348318,-0.00045491947,-0.008859996,-0.027765982,-0.00035336075,-0.0013537708,-0.00036713798,-0.009532311,-0.023940334,-0.0011398125,-0.0031060313,-0.0017266062,-0.008025395,-0.0096701505,-0.000720433,0.00531932,-0.001568636,-0.007753932,-0.0046346188
SMIM25,-0.00017244456,-0.0055708126,-0.00792634,-0.017774148,0.14843574,0.109966405,-0.004112264,-0.04059212,-0.00022002048,-0.03556046,-0.009848403,-0.025842827,-0.0003032912,-0.0067141163,-0.02660645,-0.00015843536,-0.0007511252,-0.00017204338,-0.0065035126,-0.039645363,-0.0011501596,-0.002244631,-0.0009340066,-0.0040242746,-0.0057487153,-0.00039496677,-0.003856764,-0.0009154173,-0.0087305335,-0.0019283141
KCNG1,-4.6632224e-05,0.0016752231,-0.0017097631,0.074015535,-0.021000342,-0.0032499325,-0.0009859303,-0.008415368,-7.2603634e-06,-0.007866077,-0.0021195596,-0.005450318,-6.395214e-05,-0.0015295243,-0.0059397016,-4.796439e-05,-9.401402e-05,-5.329387e-05,-0.0013438542,-0.0086411135,-0.00026113872,-0.00050362543,-0.00020384837,-0.0010922913,-0.0012897033,-8.793395e-05,-0.0012669051,-0.00019985082,-0.0017651196,-0.00045566034
TSHZ2,-0.0001496132,-0.0032424028,-0.0003145183,-0.010834892,-0.068514764,-0.010233289,-0.0028700558,0.11886812,9.7614386e-05,0.053760566,-0.005435619,-0.003243604,-0.00020518329,-0.0027177187,-0.018230692,-2.7715096e-05,-0.0004516339,-0.00013078665,-0.0046476577,-0.027626185,-0.00082611985,-0.0016158295,0.00036202278,-0.0032522723,0.0028256734,-0.00026948587,-0.0040894495,-0.00018640907,-0.005491996,-0.0013051877
AC005808.1,-2.094777e-06,-5.6319717e-05,0.0017482818,-0.00018697455,-0.0010126752,-0.00015148167,-4.428949e-05,0.001613486,-2.3940238e-06,-0.00035832645,-0.00010037021,-0.00025873465,-2.8728416e-06,-6.870857e-05,-0.00028165823,-2.1546216e-06,-7.660874e-06,-2.394024e-06,-6.649384e-05,-0.0004186549,-1.1730755e-05,-2.2623506e-05,-9.157181e-06,-5.3805885e-05,-5.7935464e-05,-3.9501565e-06,-5.9551687e-05,-8.977643e-06,-8.929725e-05,-2.0469046e-05
AURKA,0.0002700877,-0.00033570215,-0.0008424405,-0.0031050511,0.010443388,0.0068415757,6.763644e-05,-0.00820686,0.0029609655,-0.0031778305,-0.0012804276,-0.0042749927,0.001104727,-0.0010402751,-0.0010373637,-6.120187e-05,6.1211053e-06,-6.800236e-05,-0.0009503946,-0.00058585557,0.0042987117,-0.0002995192,0.0009655124,-0.0003512691,-0.0016456501,1.4849702e-05,0.001557508,-0.00011384073,-0.0009577757,-0.00019668585
PMEPA1,0.00042872713,0.010242506,0.00585103,0.046973117,-0.026633192,-0.0050335713,-0.0017329308,-0.0019195687,-9.966348e-05,-0.0053892685,-0.0017872757,0.0002843122,-0.00011959561,-0.0015102291,-0.010237686,-5.190165e-05,-0.00011654391,-2.1400652e-05,-0.002519334,-0.016245414,-0.0004883493,-0.0009418137,0.0013946347,-0.0014550182,-0.0016997304,-0.00013567715,-0.0017071152,-0.00027541048,-0.0033826889,0.018329155
CTSZ,0.0009411614,0.005104568,0.0042906036,0.0031092064,0.2733232,0.046366382,-0.0070429957,-0.073750034,-0.00037078353,-0.05916105,-0.016810289,-0.047050375,-0.00036695838,-0.011812131,-0.04287683,-0.00028613,-0.0010227625,-0.000266315,-0.011170028,-0.057232868,-0.001296466,-0.0026132013,-0.00020890235,-0.0073706657,-0.009707553,0.0018970337,0.02431791,-0.0015696457,-0.013943393,0.006579768
TUBB1,-6.5208136e-05,-0.0020292704,-0.002387884,-0.0057107015,-0.014140285,-0.0029303823,-0.0013539022,-0.013248417,-7.247849e-05,-0.011918791,-0.0031593505,-0.008965412,-0.0001120972,-0.0024754824,-0.008356549,-8.4073436e-05,-0.00029892492,-9.34138e-05,-0.0022655232,-0.012680328,-0.0003460225,-0.00056799944,-0.00033832158,0.100396685,-0.0019825555,-9.906053e-05,-0.0018648482,-0.00027708366,-0.0025781153,5.573923e-06
EDN3,-1.7079336e-05,-0.00045919034,-0.00042547414,-0.00011149367,-0.0067001185,-0.0012350834,-0.00036110517,-0.0029742878,-1.9519135e-05,0.008340568,0.0006493497,-0.0016977423,-2.3423052e-05,0.006705642,-0.0009771188,-1.7567409e-05,-6.246148e-05,-1.9519135e-05,-7.705738e-06,0.0007060606,-9.564477e-05,-0.00018445749,-7.46614e-05,-0.00043869542,-0.0004723658,-3.220663e-05,-0.00025209802,-7.3197356e-05,0.00019018883,0.00014041013
LAMA5-AS1,-2.8586703e-06,0.00084017706,0.0012170499,0.002265421,-0.0013819619,-0.00020672384,-6.044058e-05,-0.00056560774,-3.26706e-06,-0.00048899476,-0.00013697118,-0.00035308689,-3.9204574e-06,-9.3764975e-05,-0.0003843692,-2.9403577e-06,-1.0454569e-05,-3.2670648e-06,-9.074203e-05,-0.0005713234,-1.6008627e-05,-3.087371e-05,0.0004861375,-7.342683e-05,-7.906276e-05,-5.390629e-06,-8.126783e-05,-1.2251504e-05,-0.000121860576,-2.7933316e-05
GZMM,-0.0003708097,-0.00904164,-0.013649837,-0.031244326,-0.17501894,-0.025978155,0.011831309,-0.013141007,-7.897171e-05,-0.02126802,0.0023677782,0.01906632,0.00046367705,0.00089965225,0.08262908,-0.000286285,-0.00131025,-0.00033532208,0.009013337,0.16603857,0.0034093827,0.0019576603,-0.0015296557,-0.007565113,-0.0054869736,-0.0006931378,-0.010452119,0.0005647552,0.022705786,-0.00349702
AC004156.1,-2.3639644e-05,-0.00063557224,-0.00022240318,-0.0009632132,0.008438625,-0.0008492072,0.00044204094,0.0010504196,-2.7016855e-05,-0.0025393474,-0.00078526605,-0.0009614518,-3.2420212e-05,-0.0004510553,-0.0008662672,-2.4315263e-05,-8.645373e-05,-2.701687e-05,0.0006512594,-0.00298205,0.00014885509,-0.00025530916,-0.0001033399,0.00080858794,-0.00018448326,-4.4578013e-05,0.0002209431,-0.000101313206,0.00043036992,-2.5342013e-05
FSTL3,-8.8576315e-05,-0.001899741,-0.002837136,-0.006286965,0.07730825,0.003749552,-0.0012213881,-0.012116379,-0.000101229605,-0.011058202,-0.0035391469,-0.006330452,-9.351428e-05,-0.00236856,-0.009602701,-4.8878388e-05,4.1603387e-05,3.1229294e-05,-0.0023340962,-0.011850162,-0.00049602595,-0.0003462191,-0.00036052216,-0.0020370926,-0.0015949256,-9.066583e-05,-0.00069506106,-0.00024567096,-0.002883738,-0.0006037321
PRSS57,-6.231353e-05,-0.0014814626,-0.0021159593,-0.004936379,-0.021330418,-0.0039187516,-0.0013174906,-0.011770954,-7.121551e-05,-0.010029247,-0.0024502089,-0.0073174764,-5.93673e-05,-0.001959503,-0.006512392,-6.40941e-05,0.01537039,0.00012379931,-0.0018817416,0.065667644,0.002393013,-0.00020768166,-0.00027239986,-0.001381864,-0.001723417,-7.1125454e-05,-0.0015152578,-0.00026706004,-0.00032150195,-0.0005156482
PALM,-1.1716978e-05,-0.00031502196,-0.0004569671,-0.0002327041,-0.0021682945,0.009243411,-0.0002477337,-0.00070973573,-1.3390991e-05,-0.001661747,-0.0005614174,-0.001156416,-1.6069236e-05,-0.00038431992,-0.0015754554,-1.2051919e-05,0.0024595188,-1.3391007e-05,-0.00037193514,-0.001139843,-6.56158e-05,-0.00012654488,-5.1220493e-05,-0.00030096204,-0.00032406152,-2.209518e-05,0.0004283381,-5.0216142e-05,-0.0004994817,0.00035717755
PLPPR3,-9.794724e-06,-0.00026333728,-0.00038199557,-0.0008742517,0.007988167,-0.00070829655,-0.00020708819,-0.00015195458,-1.1193929e-05,-0.0010508206,0.00018177615,-0.0012097943,-1.3432725e-05,-0.0003212668,-0.00043365045,-1.00745465e-05,0.00062056864,-1.1193917e-05,-0.00031091284,-0.0019575474,-5.4850545e-05,-0.00010578349,-4.2817013e-05,-0.00025158498,-0.00027089415,-1.8469995e-05,-0.00027844883,-4.1977244e-05,0.00029659594,-9.570851e-05
AZU1,-6.171993e-05,-0.0015685159,-0.0022594356,-0.004571678,0.06800009,0.00045680872,-0.0013049293,-0.011210845,-2.5338886e-05,-0.0099484185,-0.0021394873,-0.007505807,-8.4644016e-05,-0.0017432101,-0.006761775,-6.348342e-05,0.00034104227,-7.053697e-05,-0.0016179295,-0.010703245,-0.00034563,-0.0001947496,-0.00021553307,-0.001528228,-0.0015281436,-0.00011638602,-0.00072697346,-0.00026451438,-0.0017083819,-0.0005283775
PRTN3,-1.1291539e-06,-3.0358093e-05,-4.4036788e-05,-0.000100784695,0.0015336745,-8.165391e-05,-2.387347e-05,-0.00022341058,-1.2904615e-06,-0.00019315044,-5.410211e-05,-0.00013946522,-1.5485488e-06,-3.7036367e-05,-0.0001518219,-1.161409e-06,-4.1294456e-06,-1.2904616e-06,-3.5842397e-05,-0.00022566745,-6.3232455e-06,-1.2194751e-05,-4.935988e-06,-2.9002875e-05,-3.1229145e-05,-2.1292549e-06,-3.210031e-05,-4.8391753e-06,-4.8133974e-05,-1.1033434e-05
ELANE,-3.308956e-05,-0.0008896352,-0.0012904954,-0.0029534807,0.041752953,-0.0017392547,-0.0006996109,-0.006293453,-3.7816633e-05,-0.005660214,-0.0015854636,-0.0036994533,-4.538005e-05,-0.0010853371,-0.0044491366,-3.4035074e-05,-4.490279e-05,-3.7816688e-05,-0.0005563186,-0.006613201,-0.0001853021,-0.00013594764,-0.00014464898,-0.0003681122,-0.00071024644,-6.2397565e-05,-0.0007418247,-0.00014181301,-0.0011913104,-0.00032333203
CFD,-1.2630052e-05,-0.0086312285,-0.011761299,-0.028949024,0.3168497,0.08001476,-0.0067306715,-0.06358466,-0.0003225096,-0.055548154,-0.01515082,-0.039003503,-0.00044935042,-0.010292735,-0.041293185,-0.00019185868,-0.0011346429,-0.00036765548,-0.010246296,-0.063144304,-0.0017136208,-0.003598021,-0.001391443,-0.006548778,-0.009047212,-0.0005110244,0.0003519115,-0.00140354,-0.0131660905,-0.0030206665
MIDN,3.886482e-05,-0.004228723,-0.0065413755,-0.028411424,0.18276925,0.041545294,-0.0028943087,-0.069157705,-0.00029561252,-0.051630538,-0.0122327935,-0.041858204,-0.00031332154,-0.009732636,-0.00750089,-0.00032876065,-0.0008124177,-0.00013897345,-0.0012812366,0.02741942,0.00019619438,0.0015400088,-0.0014232408,-0.0075473827,-0.009214946,-2.4741514e-05,0.006244899,-0.0010836734,-0.0018993517,-0.0012015016
PLK5,-2.3678576e-06,-6.36615e-05,-9.234758e-05,-0.00021134994,0.00088873133,0.0007748055,-5.0063518e-05,-0.0004684965,-2.7061421e-06,-0.0004050387,-0.00011345543,-0.0002924673,-3.247374e-06,-7.766572e-05,0.0010630449,-2.4355209e-06,-8.659632e-06,-2.7061403e-06,-7.5162316e-05,-0.0004732322,-1.3260139e-05,-2.55731e-05,-1.0350943e-05,-6.0820068e-05,-6.5488624e-05,-4.4651442e-06,-6.731571e-05,-1.0148042e-05,-0.00010093932,-2.3137554e-05
JSRP1,8.101983e-05,-0.0008242153,0.0039119995,-0.0016050662,-0.006870376,-0.0008426958,0.0006720446,-0.005069268,3.1834268e-05,-0.0018991318,0.0007981555,-0.0041086697,-1.0440325e-05,0.00033622162,0.0039323308,-4.8819333e-05,-4.4915505e-05,-5.4243734e-05,0.0030902023,-0.0027309826,-0.000100865815,-0.00051260175,0.0055174064,0.0066772494,-7.34311e-05,-3.1218646e-05,-0.00044382605,0.00013624909,0.00023136013,-0.00014524549
OAZ1,0.000280144,-0.0011648402,0.001469238,-0.003818272,0.22222488,0.046347633,-0.0028934611,-0.08514853,7.988088e-05,-0.05531122,-0.014916902,-0.05250185,0.000105407205,-0.01111177,-0.019266086,3.851006e-05,-0.00081958337,-0.00026338134,-0.009046096,-0.03781066,-0.0003061631,-0.0030338021,-0.000105214385,0.03542384,-0.009252323,-6.38641e-06,0.009615673,-0.00083182583,-0.0098081995,0.0018313108
GADD45B,-0.00019890448,-0.0057362104,-0.009938167,-0.01708574,0.14784144,0.007866362,-0.0013704195,-0.043392356,-0.00029738198,-0.025185117,-0.0042543337,-0.022558242,-0.00017029114,-0.0039998777,-0.010948846,-0.00023086695,-0.0011432698,-0.00014669228,-6.882174e-05,-0.003968434,-0.0006229973,-0.001286931,-0.0011781518,-0.0066019706,-0.00494644,-0.00021975464,0.011186954,-0.00060977216,-0.00018888546,-0.0005459912
GNG7,0.00090519787,0.022929072,0.046589043,0.07779797,-0.040023338,-0.009709822,-0.002661843,-0.019255377,-0.00015349405,-0.018214801,-0.00557791,-0.01099073,-0.00020378022,-0.0033432797,-0.016912643,-0.00015283373,0.00027317056,-0.00016981506,-0.0037932848,-0.026871115,-0.0007944468,-0.001437265,0.006200618,-0.0032808182,-0.0031554955,0.0014203103,0.004144358,-0.00042873403,-0.005412766,0.012283871
GNA15,0.00088753336,-0.004350189,-0.0063134944,-0.014710613,0.14842427,0.009246476,-0.003374017,-0.031919852,-8.305567e-05,-0.021758743,-0.0053209704,-0.02047435,-0.00023578256,-0.005142671,-0.021031857,-0.00014514662,0.0021416182,-0.00010835035,-0.0046481513,-0.030707141,-0.0008491129,-0.0014516088,-0.0007389388,0.005184341,-0.004429603,0.00094612787,0.010582877,-0.00073682447,-0.0064431247,0.0075606965
SMIM24,8.07251e-05,-0.0004888704,-0.00014293572,-0.0012344365,-0.01045077,-0.0011298172,-0.00053771335,-0.004379543,-2.90655e-05,-0.003025429,-0.00049106055,0.00047593258,-3.487869e-05,-0.000604782,-0.001984046,-2.6158908e-05,0.027378408,-2.9065499e-05,-0.00080729503,-0.0026281714,-2.4773875e-05,0.0016283656,-0.00011117635,-0.00040946348,-0.00070338586,-4.795844e-05,-0.00029281608,-0.00010899591,0.00013038887,2.8833101e-05
MATK,-9.812624e-05,-0.0057500005,-0.008197248,-0.018449886,-0.107079715,-0.016007848,0.0067429715,-0.039674696,-0.00015771552,-0.029548356,-0.0034585115,-0.015546673,0.0003336034,-0.0020944239,0.050202426,-0.00024667496,-3.932557e-05,1.7261871e-05,0.0120140435,0.16524442,0.0040593264,0.010254655,-0.0009910768,-0.004659814,-0.0057437536,-0.00027880303,-0.0057543707,-0.0008058702,0.017916549,-0.0022017448
CREB3L3,-3.2724595e-06,-8.7982226e-05,-0.00012762599,-0.00029208913,-0.0015819947,-0.00023664477,-6.9188405e-05,-0.00064748066,0.0005886172,-0.00055977644,-0.00015679617,-0.00040419496,0.00056608685,-0.00010733592,0.001555864,-3.365954e-06,-1.1967712e-05,-3.739933e-06,-0.000103876846,0.00221401,-1.8325727e-05,-3.534251e-05,-1.4305349e-05,-8.405603e-05,-9.050616e-05,-6.170953e-06,-9.3031325e-05,-1.4024778e-05,-0.00013950028,-3.1976615e-05
EBI3,-3.760381e-05,0.013314897,0.022910587,0.002947344,-0.009443519,0.006668877,-0.0007950506,-0.0074401265,7.00095e-05,-0.006200109,-0.0014865954,-0.004114281,-5.1570674e-05,-0.0012333987,-0.0050560636,-3.8678125e-05,-0.00013752202,-4.2975804e-05,-0.0011936437,-0.0075153513,-0.00021057989,-0.00040611974,1.5775498e-05,-0.000261582,-0.00104001,-7.090953e-05,0.0025876577,-0.00016115735,-0.0012108382,-0.0003674423
SHD,0.00093361887,-0.0005947637,-0.0007714341,-0.0022583967,-0.012607229,-0.0022006948,-0.0003343562,-0.003549108,-3.477967e-05,-0.0035067115,-0.0010728266,-0.003015793,-4.1735882e-05,-0.000998178,-0.0034650734,-3.1301854e-05,0.0003734279,-3.4779663e-05,-0.00096601027,-0.00495704,-0.00017042142,-0.0003286685,-0.00013303338,-0.000582552,-0.0008416695,-5.7386995e-05,-0.0007424721,-0.0001304247,-0.0009956794,0.04311536
LRG1,-6.281952e-05,-0.002315021,-0.0033654673,-0.007924798,0.11390898,-0.002575036,-0.0020338485,-0.018417392,-0.00010993831,-0.01536315,-0.0046091173,-0.011490626,-0.00013192519,-0.0028701578,-0.012858913,-9.8943485e-05,-0.0003517988,-0.000109938264,-0.0029534237,-0.017840058,-0.0005386944,-0.0010389088,-0.00042050885,-0.0022496253,-0.0023115624,-0.00014723028,0.0036140082,-0.0004122654,-0.0039818613,-0.0009399669
MYDGF,0.0005529583,-0.0041861446,-0.0068827686,-0.016856687,0.049361438,0.013968155,-0.0013219266,-0.030682147,0.0001591716,-0.011534141,-0.0009283152,-0.020840252,0.00021030693,-0.0019530057,-0.0034660373,-0.00032263194,-0.00012128807,6.0724284e-05,0.0013275874,0.023315363,0.00096324895,0.00024164369,0.006942548,-0.008228608,-0.0038452817,0.00025687832,0.010675442,-0.00078788114,-0.0012931399,0.0052147037
UHRF1,-4.0367762e-05,-0.0008579493,-0.0012231424,-0.0022411882,-0.0024049352,-0.0016693613,-1.8100183e-05,-0.00573994,0.004333855,-0.0055433577,-0.0015623951,-0.0023436137,0.004505118,-0.00073750346,-0.0028347666,-4.1521067e-05,0.00018669291,-4.6134675e-05,-0.0001171174,-0.0032807074,0.01969528,-0.0004359708,0.0010557905,-0.00043880777,-0.00063574925,2.3729814e-05,0.0015461952,-0.00017300395,-0.0013118397,0.0023507685
PTPRS,0.0007317945,0.0020732132,-0.00034015888,-7.590465e-05,-0.008088117,-0.0024399993,-0.00075933017,-0.00046322306,-4.104471e-05,-0.004412757,-0.0010907422,-0.0013589549,-4.9254122e-05,-0.0009395421,-0.003924574,-3.6940335e-05,-3.0090281e-05,-4.1044765e-05,-0.0007308964,-0.0043166364,-0.00020111946,-7.808783e-05,3.1016894e-05,0.00010356387,-0.00026071622,-6.7724046e-05,-0.0006661571,3.938813e-05,-0.0011028016,0.028536838
TNFSF9,0.0009736569,0.009938895,0.0016896147,-0.0060496693,0.024363436,0.0028362062,-0.00019468654,-0.015748166,-9.305077e-05,-0.012509027,-0.0027433482,-0.009319467,0.00013672863,-0.0019469812,0.005690664,-8.3745974e-05,-0.00029776126,-9.305079e-05,0.0009842173,-0.012607911,-0.00045594756,0.00395482,-9.288761e-05,-0.0017584736,-0.0022518295,-2.459364e-06,0.013374316,-0.00024868417,-0.0020908727,0.004645407
CD70,-6.0973813e-05,0.012013151,0.026284698,-0.0021486015,-0.025234202,-0.0036941378,0.00061418395,-0.009652996,0.00033041099,-0.002336394,0.0018028446,-0.004955465,0.0007508667,-1.43365305e-05,0.008674381,-6.2716055e-05,-0.000222991,-6.96845e-05,0.0035887817,-0.004781712,-5.6414425e-05,0.00021550778,0.0021254627,-0.0009591501,0.00019296551,-5.204205e-05,-0.0006659668,0.0002455435,-0.0012753424,-0.0005958028
STXBP2,0.00017588826,-0.0071519106,-0.01025886,-0.023940282,0.24051715,0.06187059,-0.0047697723,-0.058107473,-0.00019266103,-0.04588741,-0.012790214,-0.03591762,-0.0002321769,-0.008698754,-0.030618832,-0.00014627707,-0.00089127506,-0.00029242513,-0.0087508615,-0.03704235,-0.0010541776,-0.0025320633,-0.00086042343,0.008020261,-0.0076483637,-0.00047557688,0.00054488424,-0.0012991941,-0.010738385,-0.0008322954
RETN,-6.934744e-05,-0.004416318,-0.006375838,-0.014466051,0.18548945,0.009478287,-0.0034487094,-0.031429183,-0.00018285782,-0.02741179,-0.0077894013,-0.016839946,-0.00023194205,-0.004703805,-0.021422815,-0.00010184968,-0.00054417545,-0.00014629189,-0.005245646,-0.03228975,-0.00091299025,-0.0016427933,-0.0006816464,-0.0032091052,-0.0045201275,-0.0002879301,0.002478362,-0.00070487213,-0.0068643317,-0.0015068199
MCEMP1,-0.0001369189,-0.003604108,-0.0052096006,-0.011275157,0.16972065,-0.009179605,-0.0027652252,-0.02597358,-0.00015647805,-0.022485202,-0.0061751707,-0.016222361,-0.0001538186,-0.00431494,-0.017366134,-7.3752315e-05,-0.00050073274,-0.00015647817,-0.00418602,-0.025826832,-0.0007667455,-0.0013950373,-0.00057227665,0.0025868383,-0.003638702,-0.00025818957,-0.002594537,-0.0005867954,-0.0054720016,-0.0012611303
FCER2,-0.00011450631,0.0111025935,0.013077583,0.1454178,-0.04178554,-0.005259738,-0.0022745673,-0.021561177,-0.00013086524,-0.018777072,-0.0051913904,-0.013742928,-0.00015703774,-0.0035653817,-0.014494965,-0.00011777881,-0.00041876742,-0.0001308652,-0.0035928201,-0.021368781,-0.0006412364,-0.0012366719,0.0001183192,-0.0028889845,-0.00316692,-0.00019828341,-0.0027339228,-0.00049074244,-0.004667993,-0.0010068415
MARCH2,-6.884002e-05,-0.003321831,-0.004764673,-0.012413597,0.04470746,0.012670726,-0.0004835226,-0.026607925,0.00010973388,-0.014456008,-0.004428346,-0.016152663,-9.1374306e-05,-0.0041141873,-0.009547495,-4.850761e-05,-0.00032674533,1.0195883e-05,-0.003088046,-0.0071030036,-0.00058550434,-0.0011030005,-0.0006770113,0.054821607,-0.0038237572,-1.811281e-05,0.00010974847,-0.00038700143,-0.003113863,0.004295621
PRAM1,-0.00015396044,-0.00655911,-0.0098548345,-0.022257678,0.26863316,0.036668625,-0.005015457,-0.04953417,-0.0002620211,-0.042933177,-0.012149348,-0.029969022,-0.0003702604,-0.008144006,-0.033127934,-0.00019233888,-0.0003585941,9.080147e-05,-0.0077616633,-0.049237672,-0.0013267053,-0.0017437192,-0.0011549145,-0.00569792,-0.006868074,-0.00036675582,0.0037277807,-0.0010794824,-0.010850998,-0.0021502506
MUC16,-1.6616124e-05,-0.00044673597,0.019943357,-0.0006312678,-0.0076068235,-0.00054289395,-0.00035131295,-0.003287628,-1.8990062e-05,-0.0023415573,-0.00079615065,-0.0020523362,-2.2788037e-05,0.000115802606,0.0026499105,-1.7090993e-05,-6.076797e-05,-1.8990046e-05,-0.00052744657,-0.0022750348,-9.3050796e-05,-0.00017945524,0.00025603294,-0.00042679848,0.00019425558,-3.133338e-05,-0.00047237528,-7.121205e-05,-0.0007083244,-0.00016236304
ICAM1,0.000106037274,-0.005031519,-0.00675297,-0.016413217,0.21079181,0.008914515,-0.0038344688,-0.03774942,-0.00021177746,-0.03272148,-0.008907287,-0.023977365,-0.00019349065,-0.006075944,-0.022811621,-0.00017242884,-0.0007241215,-7.784201e-05,-0.005137975,-0.032243907,-0.0010685949,-0.0013605977,-0.00068230083,-0.004544977,-0.005377377,6.836755e-05,0.004349546,-0.0008603391,-0.0070126536,-0.0002865349
ICAM4,0.00023314403,-0.0023133897,-0.00302884,-0.0074502216,0.029194146,0.066509806,-0.0019430516,-0.016272154,-6.8868074e-05,-0.013311024,-0.0040019397,-0.010894388,-6.314772e-05,-0.002050402,-0.010855192,-5.4373475e-05,0.0014680824,-0.00010503026,-0.002823815,-0.017113687,-0.0005146458,-0.0008281099,0.00018010566,-0.0017832054,-0.0024586783,1.6132993e-06,0.0041946694,-0.00039385955,-0.003566961,0.000113597
S1PR5,-0.00019245798,-0.0048557464,-0.006930284,-0.016305408,-0.08961764,-0.013198012,0.005781978,-0.03658611,-0.00019426589,-0.031548183,-0.006793515,-0.022797532,0.00030436387,-0.005926589,0.043255407,-0.00019795544,-0.0007038432,-0.00021995003,0.0043835533,0.1808899,0.0044057467,-0.0002567417,-0.0008127562,-0.0039427876,-0.0051437137,-0.00034748123,-0.005272252,-0.00071703305,0.015314284,-0.001774991
C19orf38,-7.238176e-06,-0.005657529,-0.008005599,-0.021355784,0.26203603,0.056562897,-0.0054777265,-0.05244076,-0.00030026416,-0.047036715,-0.013260986,-0.033662986,-0.00039500825,-0.008829679,-0.03589074,-0.00015861288,-0.0004982953,-0.0002567782,-0.008528811,-0.05143484,-0.0013249678,-0.0024638514,-0.00048189866,-0.0058873934,-0.007398877,0.00048659302,0.006592454,-0.0010374128,-0.011451737,-0.0024324453
LDLR,-0.00015089655,-0.003412461,-0.0045377505,-0.012277117,0.09663476,-0.0036920619,-0.0022712597,-0.023176564,0.00025445904,-0.016234798,-0.00448513,-0.01623076,1.3937595e-05,-0.0037122113,-0.005890839,-0.00015520623,0.00048471813,-8.910025e-05,-0.0043138047,0.013008902,0.0005328685,-0.0007858021,0.0006701721,-0.0031560764,-0.0034509683,-0.0002637456,-0.0006826728,0.00014999599,-0.0016360752,-0.0011447731
SPC24,-3.3266522e-05,-0.00035162977,-0.0006591656,-0.002590981,-0.012575155,-0.0011175191,-0.0002514663,-0.0016120436,0.005879075,-0.0001671398,0.00021140648,-0.0016985222,0.0027149196,7.1275485e-05,-0.0014907467,-3.421696e-05,9.646743e-05,-3.801902e-05,-0.00032945996,-0.0040465384,0.01811587,0.00022558129,0.0017345472,-0.0005759396,0.00024019938,1.0190826e-05,-0.0005100467,-0.00014257124,-0.00075019954,-0.00032506255
JUNB,-0.0002745061,-0.0033748818,-0.012266831,-0.014836058,0.17706798,0.023266857,-0.0069721267,-0.054485407,-0.0007525834,0.023721425,0.008666451,-0.040141746,-0.0009116557,0.0021854565,-0.024772085,-0.0006079191,-0.0027305398,-1.4642299e-05,0.009491158,-0.049505595,-0.0029229647,-0.0028357224,-0.0032351792,-0.013905703,-0.007075211,-0.00036259685,0.0066106548,-0.0010623172,-0.0032215132,-0.004742146
KLF1,-2.5218942e-05,-0.00049394375,-0.0009835364,-0.0022509666,0.00859308,0.0070806746,-0.00053320057,-0.0049897577,-2.8821794e-05,-0.0038831122,-0.0012083433,-0.0027623354,-3.4585923e-05,-0.00082718313,-0.0033908717,0.0018711601,0.009970885,-2.8821787e-05,-0.0008005209,-0.0026583534,0.0010365819,-0.000272365,-0.00011024292,-0.00064776855,-0.00042847724,-4.7555914e-05,-0.00071693654,-0.000108081476,-0.0010750483,-0.00024642548
CALR,0.0003076866,-0.0016048999,-0.0030274328,-0.0075275917,-0.032267183,0.00484028,0.0036299797,-0.031830892,0.000678677,-0.010442218,-0.002562547,-0.018645095,0.000864747,-0.0021320991,0.027249983,-0.00041716773,0.000710219,9.597737e-05,-0.0005419796,0.06560089,0.0025619173,0.0008275431,0.0049378844,-0.01111453,-0.003225002,0.001016009,0.0022298105,-0.000532302,0.0069042407,0.0034151587
LYL1,-4.16515e-05,0.004330205,0.0099994065,0.020235758,0.1183717,0.043208715,-0.0050001163,-0.040971458,-0.00017853158,-0.032416783,-0.00931763,-0.027478011,-0.00034818947,-0.0069746687,-0.02909408,3.0251398e-05,0.0035362705,-0.000101530495,-0.006931171,-0.046022434,-0.0013789905,-0.0022232751,-0.00067685737,0.019903455,-0.005444666,0.0002590189,0.005456408,-0.00080081384,-0.008624978,-0.0013047698
IER2,-0.00018870976,-0.006620129,-0.0076208063,-0.032974154,0.26981091,0.009610167,-0.0029740783,-0.07418381,-0.00029847922,-0.046348043,-0.008714558,-0.051383927,-0.0002863298,-0.010025036,-0.017539319,-0.0003884827,-0.0014763536,0.00021048305,-0.00066344324,0.005485003,-0.00033620727,0.0014820988,-0.0014640476,-0.0100382455,-0.009329513,-0.0002378476,0.005810954,-0.001052232,-0.005645487,-0.0026206004
AC020916.1,-3.978841e-05,-0.0042263805,-0.0055976817,-0.016157724,0.20315751,-0.0004863433,-0.0030294682,-0.03766698,-0.00021571502,-0.029542297,-0.007902484,-0.024335962,-0.00024732255,-0.0053656287,-0.021325141,-0.00020191653,0.0009817927,0.00024999306,-0.0044690236,-0.030261315,-0.0009256745,0.0020811278,-0.00078093325,-0.0027826696,-0.0054071457,-0.00021659383,0.0026645209,-0.00068286044,-0.0065583973,-0.00070889643
ASF1B,-7.069014e-05,-0.00064593734,-0.001162704,-0.0040826593,0.014414513,0.010812377,-0.0010304481,-0.009080869,0.0031741522,-0.008236378,-0.0023468358,-0.005088901,0.00269216,-0.00073747983,-0.002716018,-7.271008e-05,-0.00015132033,-8.078925e-05,-0.002081106,-0.002701157,0.013320404,-0.00020477867,0.0008829617,-0.0002167377,-0.00058446184,-0.00013330206,-0.0014812668,-0.00030295976,-0.0013963212,-0.00069074647
ADGRE2,-8.487424e-05,-0.005637287,-0.0084009,-0.018622303,0.19734657,0.061162986,-0.004672234,-0.04263232,-0.00024428873,-0.03686197,-0.010209601,-0.027068771,-0.00031080825,-0.00700074,-0.028098399,-0.00018411376,-0.00017911832,-0.00022560103,-0.0067402367,-0.04128093,-0.0012121389,-0.0021508858,-0.0008850504,-0.004884449,-0.0059851576,-0.0003598651,0.00600516,-0.00095269637,-0.009071431,-0.00055867346
TPM4,0.0005150109,-0.0018858063,-0.004491144,-0.0148635525,0.10675895,-0.004383359,-0.0008889811,-0.05804473,0.00087655603,-0.017722175,-0.0051186434,-0.036904164,0.00059948035,-0.0051358757,-0.012967601,-0.0003148547,0.00028922403,-1.5803125e-05,-0.002080115,0.01191186,0.0014223077,-0.00013501856,0.00096236257,0.04004681,-0.0061888187,0.00085514394,0.010174561,-0.00066933775,-0.0047726566,0.0021701802
NWD1,-9.7154225e-06,-0.0002612062,0.00033239851,0.0005633718,0.0039006185,0.00048453693,-0.00020541249,-0.001922274,-1.11033005e-05,-0.0016618962,0.00039453385,0.0008590931,-1.3324037e-05,-0.00031866858,-0.0013063211,-9.99301e-06,-3.553101e-05,-1.1103338e-05,-0.0003083954,0.0003982169,-5.4406584e-05,-0.000104926236,0.0002435875,-0.00024954905,-0.00026870312,-1.8320665e-05,0.00014523749,-4.1637722e-05,-0.00041415432,-9.49337e-05
F2RL3,-2.501937e-05,-0.00067266345,-0.0006859798,-0.0018902795,-0.004902749,-0.0013836845,-0.00052898197,-0.004950252,-2.859347e-05,-0.0041530305,-0.0010426127,-0.0027769275,-3.4312427e-05,-0.0008206379,-0.002959,-2.5734293e-05,3.34879e-05,0.00016106457,-0.00079418765,-0.003830143,-0.00014010794,-0.00027021003,0.0007815766,0.033807725,-0.00069196627,-4.717951e-05,-0.0007112642,-0.00010722617,-0.00106654,-0.000244476
PLVAP,0.0002355758,-0.0005174349,-0.0011061499,-0.002531587,-0.009890609,0.004894969,-0.0005996713,-0.005306478,-3.2414497e-05,-0.004851675,-0.0010979729,-0.0035032015,-3.889774e-05,-0.000930297,-0.0035455397,0.000191827,0.00019906953,-3.241453e-05,-0.0009003172,-0.00509743,-0.00015883207,-1.23348145e-05,-0.00012398527,-0.00072852074,-0.0005284416,0.000121821104,-3.802699e-05,-0.000121554476,-0.001209063,0.037259497
FAM129C,0.00035677187,0.031378303,0.02181536,0.12000236,-0.05510216,-0.008563943,-0.002389444,-0.023006815,-0.00014805123,-0.020441849,-0.005553598,-0.013978576,-0.00013844237,-0.0037769168,-0.016281351,-0.00013324592,-0.0002334988,-0.0001480513,-0.0037998643,-0.02282598,-0.00067869964,-0.001399084,-0.00055442547,-0.0023829292,-0.0033966997,-0.00022789865,-0.003408445,-0.0005551917,-0.004867834,0.020439971
IFI30,0.00012761637,-0.0049987184,-0.0067160446,-0.020610478,0.23011859,0.06030202,-0.0050619743,-0.049208283,-0.00022857462,-0.042626712,-0.011815948,-0.030704007,-0.00035528862,-0.008214521,-0.03282963,-0.00015690322,-0.00089902105,-0.00027856513,-0.00795218,-0.04848953,-0.001373253,-0.0025606647,-0.0010594428,-0.005715741,-0.006924432,-0.00014223455,0.0123167895,-0.0010503081,-0.010550899,-0.0023408378
LRRC25,3.3551744e-06,-0.0063548773,-0.010037794,-0.02196006,0.2292147,0.09086326,-0.005808536,-0.052512486,-0.00028515345,-0.04573137,-0.013006728,-0.03330801,-0.00037275307,-0.008883258,-0.035915613,-0.00018219695,-0.0009749411,-0.00030024536,-0.0085461335,-0.052244674,-0.0014066078,-0.0027535642,-0.0011932482,-0.005255408,-0.007422209,-0.0002715564,0.008468997,-0.001163784,-0.011091686,-0.0015674027
AC005197.1,-1.6663341e-06,-4.4800632e-05,-6.4987114e-05,-0.0001487321,-0.0008055554,-0.00012049995,-3.5230896e-05,-0.00032969596,-1.9043913e-06,-0.00028503945,-7.984158e-05,-0.0002058163,-2.2852835e-06,-5.4656015e-05,-0.00022405123,-1.7139486e-06,-6.0940097e-06,-1.9043785e-06,-5.2894284e-05,-0.0003330279,-9.331498e-06,-1.799636e-05,-7.2842545e-06,-4.2801294e-05,-4.6086207e-05,-3.1422278e-06,-4.7371475e-05,-7.141459e-06,0.0029978435,-1.6282542e-05
HOMER3,-0.00018695934,-0.0041967733,0.0038998413,-0.014532341,0.21096396,-0.004674282,-0.0035502925,-0.03483157,-0.00018705276,-0.02736623,-0.00825765,-0.021697212,-0.00025640076,-0.0054684924,-0.022904782,-7.419197e-05,-0.000599238,-0.00021366823,-0.0057235067,-0.034523655,-0.00095218094,-0.0017703172,0.00057830213,-0.0035031077,-0.0048361695,-0.00031693795,-0.0045935325,-0.00077866146,-0.0076775295,-0.0017700993
LINC01224,-2.7880321e-06,-7.495791e-05,-0.00010873386,0.0025111474,-0.0013478079,-0.00020161332,-5.8947557e-05,-0.0005516269,0.0007670841,-0.00047691425,-0.00013358731,-0.00034435946,-3.823553e-06,-9.144799e-05,-0.00037487148,-2.8676627e-06,-1.01961305e-05,-3.1863146e-06,-8.85003e-05,-0.0005572113,-1.5613034e-05,-3.0110468e-05,-1.2187662e-05,-7.161206e-05,-7.710835e-05,0.00097061205,0.0005492447,-1.1948665e-05,-0.000118850985,-2.724302e-05
VSTM2B,-1.6543563e-05,-0.00044478817,0.00039989088,-0.0014766391,-0.007997659,-0.0009833887,-0.00034978078,-0.003015304,-1.8906929e-05,-0.0028298986,-0.0007926774,-0.0020433771,0.00021889091,-0.00054263184,0.009310433,-1.7016308e-05,-6.050257e-05,-1.890693e-05,-0.00052514375,0.013170563,-9.2644135e-05,-0.00017867137,-7.231952e-05,-0.0004249335,-0.0004575492,-3.1196607e-05,-0.0004703102,-7.090137e-05,-6.4067835e-06,-0.0001616551
CEBPA,0.0004871899,-0.0052692434,-0.007755227,-0.017737841,0.1730974,0.045203447,-0.00290121,-0.039365236,-0.00019691253,-0.033320058,-0.0093424935,-0.025017433,-0.00029009103,-0.0065087625,-0.019903755,-0.00014443192,-0.00025253816,-0.00019595593,-0.0055545424,-0.031015493,-0.0008088984,-0.0021161442,-0.0009098735,-0.0033958058,-0.005273384,-9.1669215e-05,0.0072904048,-0.0007777793,-0.006039215,-0.0018950894
SCN1B,-5.8325753e-05,-0.0006985215,-0.002016407,-0.0039732666,-0.0010039745,-0.003013724,-0.00080499466,-0.010064515,-4.189019e-05,-0.004633278,-0.00066547096,-0.006321551,-7.998968e-05,-0.0017102972,-0.0055291466,-5.999211e-05,0.00015747015,0.00093652325,0.0014598671,-0.010625908,-0.000326624,-0.00032652775,-0.00019417253,0.0477099,-0.0015231834,-0.00010998541,0.0054261847,-0.0002499665,-0.0012329731,-0.00042510568
FAM187B,0.0005966339,-0.00024611544,-0.0003570113,0.0027031647,-0.003945734,-0.00066197396,-0.00019354423,-0.0018112106,-1.0461917e-05,-0.000574518,-0.000438615,-0.0011306695,-1.2554243e-05,-0.0003002571,-0.00015417556,-9.4157185e-06,-3.347804e-05,-1.0461908e-05,-0.00029057823,-0.0018295238,-5.1263094e-05,-9.886498e-05,-4.0016686e-05,0.009950233,-0.00025317696,-1.7262022e-05,-0.00026023973,-3.9232196e-05,-0.00039022838,-8.944898e-05
HAMP,0.0026198097,-3.1607085e-06,-0.00030463413,0.0007157079,0.0076924334,-0.0005486534,-0.0003211429,-0.0030052934,-1.7359018e-05,-0.0015365825,-0.0007277766,-0.0018760862,-2.0830787e-05,-0.00049820537,-0.0014349128,-1.5623138e-05,-5.554879e-05,-1.7359018e-05,-0.0004821482,-0.00090248685,-8.505915e-05,0.00024384978,-6.639819e-05,-0.0003901437,-0.0004200879,-2.8642527e-05,0.0015495886,-6.509691e-05,-0.0002234794,0.00022532925
CD22,0.0005705606,0.03477816,0.036298078,0.14476505,-0.05828098,-0.008488431,-0.0028892756,-0.026677804,-0.00016297096,-0.02317036,-0.0065884124,-0.016522363,-0.00019556675,-0.0045282347,-0.018390367,-0.00014667475,-0.00037687886,-0.00016297097,-0.004301937,-0.026958462,-0.00076562737,-0.0013557604,-0.0005618113,-0.0026517317,-0.0037583243,-0.00024961663,-0.0018966025,-0.00058496144,-0.005460115,-0.0012846994
FFAR3,-2.8748107e-05,-0.0005406905,-0.0011211813,-0.0025659874,0.022558223,0.00742309,-0.000607821,-0.0056880433,-3.2854954e-05,-0.0042042853,-0.0013774498,-0.0032971322,-3.9426137e-05,-0.0009429418,-0.0038653903,-2.9569583e-05,-0.000105136125,-3.2854947e-05,-0.00091255433,-0.005432654,-0.00016099014,-0.00031048132,-0.00012567038,0.004609623,-0.00079509144,-5.4210923e-05,-0.00081726775,-0.00012320642,-0.0012254994,-0.00015380405
FFAR2,-0.00014865314,-0.0036378424,-0.0053199455,-0.012217936,0.15428124,0.022416748,-0.0030468283,-0.027969336,-0.00014242885,-0.024414677,-0.006755405,-0.01744998,-0.00020386845,-0.0047230287,-0.018450411,-0.00011828393,-0.0005436454,-8.856223e-05,-0.0042158472,-0.026488097,-0.00083246076,-0.0014684112,-0.0005715584,-0.0029660822,-0.004111316,-0.00025918303,-0.0027678667,-0.00059594493,-0.0057554077,-0.0014347301
ZBTB32,-4.257105e-05,0.024466457,0.02427636,-0.0020285985,-0.019500034,-0.002812104,-0.0006402006,-0.006718875,0.0007524747,-0.003434812,-0.0019013748,-0.0024355438,3.924937e-05,-0.00073962816,-0.0028682377,-4.3787462e-05,-0.00015568887,-4.8653135e-05,-0.00096815795,-0.0074720243,-6.0639984e-05,-0.00045976668,0.004495876,-0.00084981596,0.00078899605,-8.027718e-05,-0.0012102403,0.0015444679,-0.0014769061,-0.00041598084
NFKBID,0.0001479704,0.0011767409,-0.0016260345,-0.0005160985,0.23081957,0.007139683,-0.004799711,-0.04735223,-0.00022184223,-0.03945824,-0.010965661,-0.02965938,-0.00036720015,-0.007819746,-0.0286986,-0.00018190542,-0.0008065875,-0.00014469045,-0.0066957157,-0.040983766,-0.0009315944,-0.002132633,-0.0010809476,-0.0055337455,-0.0069221705,1.8238992e-06,0.0063299234,-0.0007710295,-0.0092053125,0.0012584679
TYROBP,0.00031542685,-0.01230906,-0.017885879,-0.04019531,0.31000224,0.049432937,-0.009699693,-0.09475019,-0.00054334657,-0.082739,-0.022473289,-0.059617497,-0.00055989093,-0.015752234,-0.042376496,-0.00032670776,-0.0015222575,-5.8026235e-05,-0.011027184,0.06908243,0.00070978113,0.0034601556,-0.0020587563,-0.0067347027,-0.0134524405,-0.0007466595,0.011395018,-0.0021358046,-0.010022185,0.0025879922
AC092295.1,-2.955352e-06,-7.9457364e-05,-0.0001152594,-0.00026378888,0.00069573976,-0.00021371337,-6.248494e-05,-0.0005847397,0.0009473556,-0.00050553645,-0.00014160473,-0.00036502778,-4.053056e-06,-9.693534e-05,0.0019702876,-3.0398282e-06,-1.0808047e-05,-3.377548e-06,-9.381093e-05,-0.00059065386,-1.6550202e-05,-3.1918138e-05,-1.2919146e-05,-7.591091e-05,-8.173609e-05,-5.5729897e-06,-8.401768e-05,-1.2665946e-05,-0.00012598373,-2.887828e-05
WDR87,-3.995671e-06,0.0011293745,0.00059125986,0.0015500182,-0.0009534759,-0.0002889433,-8.447946e-05,0.00014367256,-4.5664515e-06,-0.00068348646,-0.00019144954,0.00048637314,-5.47978e-06,-0.00013105589,-0.00053724606,-4.10982e-06,-1.46126595e-05,-4.5664533e-06,-0.00012683262,-0.00079855684,-2.2375509e-05,-4.3152966e-05,-1.7466786e-05,-0.00010263107,-0.000110507484,-7.5346798e-06,0.00046231004,-1.712407e-05,-0.00017032935,-3.904325e-05
DPF1,-9.463079e-06,0.00092329906,5.1354018e-05,0.0026024536,-0.001493496,-0.00023803464,-0.00020007542,0.00034633867,-1.0814985e-05,-0.001069064,-0.0004534145,-0.0002771347,-1.2977962e-05,-0.00031038723,0.00048741355,-9.733488e-06,0.0025635099,-1.0814961e-05,-0.0003003852,-0.0013734373,-5.2993117e-05,-0.00010220079,8.538072e-05,-0.0002430657,-0.00026172123,-1.7844708e-05,-7.627484e-05,-4.0555704e-05,-0.0004033988,-9.246773e-05
PPP1R14A,0.0039188312,0.019888502,0.023739196,0.035524823,-0.03776125,-0.0058860504,-0.0018820433,-0.016565487,-0.000101730904,-0.014545266,-0.0036967946,-0.0106951315,-9.175481e-05,-0.0026199124,-0.010507706,-9.155873e-05,-6.0518305e-05,-0.00010173088,-0.0027567684,-0.01640722,-0.0004702903,-0.0009011912,0.0018464344,0.027802844,-0.0023149278,0.0003042234,0.01303995,-0.00038149348,-0.0035520704,0.005326256
C19orf33,-4.5473265e-05,-0.0012225737,-0.0014069629,-0.0034493373,-0.008596772,-0.0026445866,-0.0008573817,-0.008077203,-5.196906e-05,-0.0058106696,-0.0015993895,-0.00474338,-6.2363135e-05,-0.0011951922,-0.005346192,-4.677188e-05,-0.00012548907,0.00018200735,-0.0012052234,-0.0075728344,-0.0002546477,1.5785192e-05,-0.00017978098,0.04819794,-0.0010190294,0.00062565785,0.008066632,-0.00019488468,-0.0013298175,-4.9976825e-05
KCNK6,0.00030153844,-0.004889591,-0.0066855242,-0.016798384,0.15110657,0.009437945,-0.0038566927,-0.02981266,-7.4363605e-05,-0.01991855,-0.0058242874,-0.018525809,-0.00024246503,-0.00462674,-0.021908248,-0.0001231849,-0.0005725787,-0.00021061991,-0.0047170604,-0.037554286,-0.00094864913,-0.0020009272,0.001143497,0.0018419739,-0.003439417,0.0028542564,0.02473179,-0.00034970566,-0.007152358,-0.0011854793
FBXO27,-1.7346596e-05,0.00035470765,-0.00022493646,-0.00051514443,-0.0056140497,-8.62039e-05,0.00013633714,-0.0022129235,-1.9824647e-05,-0.0017244554,-0.000349505,-0.00064020534,-2.3789644e-05,0.00050657726,0.0016498945,-1.784212e-05,-6.3439256e-05,-1.9824602e-05,0.0011216946,-0.0010766714,-9.7140844e-05,0.0011681706,0.000102800666,-0.00044556052,0.0014192756,0.006856581,-9.299364e-05,-7.4342715e-05,0.00016960745,-0.00016950113
NCCRP1,-7.912873e-06,-0.00021274129,-0.00030860092,-0.00070627517,-0.0038252976,-0.0005722157,-0.0001673005,0.0025504932,-9.043245e-06,0.004099061,-0.00037913458,-0.0009773505,-1.0851929e-05,-0.00025954263,-0.0010639288,-8.138949e-06,-2.8938515e-05,-9.043243e-06,-0.00025117514,-0.0015814345,-4.4311695e-05,-8.545877e-05,-3.4590437e-05,-0.00020324819,-0.00021884663,-1.4921361e-05,0.0047791796,-3.3911998e-05,-0.00033731505,-7.731976e-05
ZFP36,0.00028716045,-0.004095365,-0.010170664,-0.023443386,0.27163923,0.02041927,-0.0055507226,-0.076420315,-0.00051390304,-0.04537799,-0.009607642,-0.04948145,-0.00050746097,-0.009135475,-0.026990611,-0.0003595828,-0.0015659062,9.27259e-05,0.0010035968,-0.0102005545,-0.0010224003,0.0001208019,-0.0011445843,-0.009585662,-0.009111408,-0.00021716824,0.00750753,-0.0013786831,-0.0065829423,0.0013941594
PLEKHG2,2.8659755e-05,-0.0015091732,-0.003221327,-0.0066046463,0.10492148,-0.0049484917,-0.0014147919,-0.01569203,2.0324704e-05,-0.016528146,-0.0040891697,-0.010613762,-3.078125e-05,-0.0027798628,-0.012497035,-8.3862484e-05,-0.00015947722,-6.875707e-05,-0.003337953,-0.01371382,0.00044058188,-0.0010359171,-0.00026268186,-0.0024565395,-0.0022525068,0.000119992794,0.0007516977,-0.0003482605,-0.003124311,0.0004902407
CLC,-1.9272778e-05,-0.00010511053,-0.0007516452,-0.0017202478,-0.0014911835,-0.0011073175,-0.00040748436,-0.00062145584,-2.2026104e-05,0.0028347014,-0.00092344655,-0.00036033834,0.00022299237,0.006784959,-0.00060778623,-1.9823518e-05,0.0018490255,-2.2026108e-05,-0.00061177876,-0.0026061677,-0.00010792801,-0.00020814696,-8.424985e-05,0.0008155937,-0.00053303613,-3.634318e-05,-0.0005479005,-8.259849e-05,0.0006784132,-0.00018832397
BLVRB,2.166909e-05,-0.007425819,-0.010069346,-0.025367834,0.31594327,0.016893592,-0.0057811853,-0.05862806,-0.00024169275,-0.04945745,-0.013824159,-0.037137363,-0.0003117825,-0.009965029,-0.036546957,0.00057687593,-0.0003875544,-0.00031692666,-0.009172524,-0.04783174,-0.0006471684,-0.0029657034,-0.0012441964,-0.005553194,-0.008109994,0.0004649328,0.011854077,-0.0011958128,-0.012171921,-0.0014006298
AXL,0.009257757,-0.000722722,-0.0012246735,-0.0028945399,-0.0019543678,0.0012433518,-0.0007205605,-0.006078587,-3.8949325e-05,-0.0054160175,-0.0014526659,-0.0037445507,-4.673906e-05,-0.0011178452,-0.0041506654,-3.505418e-05,-0.00012463723,-3.8949343e-05,-0.0010818178,-0.0063246307,-0.00019085077,-0.00036807157,-7.934975e-05,-0.000875383,-0.0007277278,0.00082071737,0.028895075,-0.00014606005,-0.0010494178,0.00038789507
LINC01480,-6.363804e-05,0.005054998,0.020970117,0.050519653,-0.027160814,-0.0040560826,-0.0009618263,-0.008606594,-7.272934e-05,-0.008419101,-0.0022585304,-0.0058386796,1.0779977e-06,-0.001850689,-0.006986298,-6.545617e-05,0.00016580483,-7.2729265e-05,-0.001323605,-0.00925648,0.00016307614,-1.9737708e-05,0.0019641053,-0.00089872064,-0.00131882,-0.00012000303,-0.0014911373,-9.960416e-05,-0.0021588341,0.004261102
CD79A,-0.00016865635,0.046418983,0.057561252,0.15669315,-0.08204031,-0.011789565,-0.0036809335,-0.03186492,-0.00014160125,-0.027841676,-0.008173628,-0.010704079,-0.00021169936,-0.0048175897,-0.02234471,-0.00015185158,-0.0005040436,-0.00015900625,-0.0053642374,-0.03212485,-0.00091327744,-0.0017618259,0.0046507013,-0.0037645523,-0.00424405,-0.00024567085,-0.0048184716,-0.00065571134,-0.006286598,-0.00055162975
POU2F2,-0.0001514511,0.013702802,0.011733607,0.027917514,0.20914626,0.052865177,-0.0069947722,-0.06107862,-0.00023187532,-0.04208998,-0.011327262,-0.034438256,-0.00049392396,-0.007740451,-0.043062307,-0.0002968389,-0.0009395154,-0.0003442254,-0.009970217,-0.06384509,-0.0018606702,-0.0034411103,-0.00037661678,-0.010246142,-0.0056201406,-0.00016956046,0.006657027,-0.0005033988,-0.013863503,-0.0029368303
PLAUR,-0.00010467874,-0.0070840004,-0.010286304,-0.023770403,0.2982667,0.026175572,-0.005277723,-0.053752553,-0.00023833675,-0.044891138,-0.012396266,-0.033892248,-0.00038627468,-0.008829408,-0.034689922,-0.00020681035,-0.00092878053,-0.00022670196,-0.008234526,-0.052157134,-0.0013853557,-0.0028383897,-0.0012015135,-0.005324706,-0.0076787253,-0.000388285,0.0046107746,-0.0011365652,-0.010882559,-0.0008631108
AC115522.1,-3.838201e-06,-0.000103193284,-0.00014969024,-0.0003425885,0.0041748253,0.0007609084,-8.1151076e-05,-0.00075941783,-4.3865e-06,-0.00065655314,-0.00018390398,-0.00047407154,-5.263833e-06,-0.0001258927,-0.00051607424,-3.9478637e-06,-1.4036751e-05,-4.3865e-06,-0.000121835044,-0.0007670951,-2.1493966e-05,-4.1452735e-05,-1.6778444e-05,-9.858653e-05,-0.000106153355,-7.237786e-06,-0.00010911495,-1.644942e-05,-0.00016361733,-3.750466e-05
PVR,-7.628786e-05,-0.0015767182,-0.0027528417,-0.006504735,0.07158977,0.006714804,-0.0016129503,-0.01233019,-5.4652137e-06,-0.011832223,-0.0032405097,-0.00812512,-4.9683127e-05,-0.0020010453,-0.009317258,-1.398494e-05,-0.000115915966,-8.718714e-05,-0.0022447275,-0.009419721,-0.00020766618,-0.00016201501,-0.00023939324,-0.0012047297,-0.0019435935,-2.2466327e-06,0.0003782156,-0.00032694978,-0.002601142,-0.0006886367
BCL3,0.00022003737,-0.0034944704,-0.005149337,-0.015317608,0.18754397,0.0067896643,-0.0032402808,-0.03723307,-0.00017440927,-0.025038118,-0.0078907,-0.02469374,-0.0002186247,-0.0061694435,-0.0216873,-0.00016796002,-0.00046948344,-8.938307e-05,-0.003916683,-0.027645571,-0.00061421073,-0.0005079395,-0.00052784535,-0.004941922,-0.0054006986,-0.000106039304,0.0068564652,-0.00085060054,-0.006604042,0.0007390987
NECTIN2,-9.9070225e-05,-0.00266356,-0.0037851587,-0.0085465005,0.106392495,4.879952e-05,-0.0018858595,-0.018869884,-0.000113222726,-0.014679425,-0.004174557,-0.011615799,-0.0001358672,-0.0030182188,-0.012410845,-0.00010190075,0.00050765165,-0.00011322269,-0.0024517826,-0.017810695,-0.0005547911,-0.0009761758,-0.00035391678,0.00041807533,-0.002433931,-0.00012233801,0.0048860232,-0.0004245871,-0.0040041227,-0.00090800406
APOC1,0.0018194789,0.00019827388,0.00044069384,-0.002208557,-0.004185334,0.00039346286,-0.00052315224,-0.0043852227,-2.827834e-05,-0.004232587,-0.0011855824,-0.0030562074,-3.3934226e-05,-0.00081159506,-0.0033269725,-2.545091e-05,0.003596635,-2.8278331e-05,-0.0007854359,-0.0049452162,-0.00013856534,-0.00026723312,6.172898e-06,0.0005228546,-0.0006843427,0.001551234,0.023725837,-0.00010604477,-0.0010547923,-0.0002417829
KLC3,-1.271554e-05,0.00032304574,-0.0004959066,-0.0011349514,-0.00016826685,-0.00033345673,0.0005352431,0.00021852992,-1.45319145e-05,0.00015496081,-0.000107435175,0.000444461,-1.743855e-05,0.00085239013,0.00054160325,0.0008382255,-4.6502588e-05,-1.4531923e-05,-0.00040362836,-0.0009477287,0.0003660451,-0.00013732805,0.00026582452,-0.00032660825,-0.00035167436,-2.397792e-05,-4.290939e-05,-5.4495184e-05,0.00021797,-0.00012424946
FOSB,-2.602581e-05,-0.0039873025,-0.006964407,-0.016441371,0.25068742,-0.0067524603,-0.0043035666,-0.04459727,-0.00025372647,-0.034244575,-0.008863449,-0.02669241,-0.0003016267,-0.0060171015,-0.029039558,-6.792258e-06,8.520357e-05,0.00031848738,-0.0056826035,-0.04319256,-0.0011150555,-0.0010927063,-0.0010253139,-0.005228111,-0.0061010714,-0.00022166035,0.011940026,-0.0009918447,-0.008944897,-0.000943844
PPM1N,-0.00012623852,3.3187243e-05,-0.0005961717,-0.0049136947,-0.032046303,0.050560538,-0.0006367457,-0.0064095124,-0.00011197075,-0.005040916,-0.0018525975,0.006069379,-5.9883634e-05,0.0009949538,0.0013444311,-9.7036296e-05,-6.1810715e-05,-0.00014427256,-0.0018193807,-0.0020000893,-0.00040978868,-0.0005224628,-0.00053877244,9.233296e-06,0.0012226305,-0.00017240924,-0.0020882566,0.00014783001,0.00026984562,-0.0010034856
IGFL2,-8.864722e-06,-0.00023833511,-0.00034572274,-0.00079123955,-0.0025073383,-0.0006410417,-0.00018742433,-0.0017539526,-1.0131135e-05,0.009875968,-0.00042474834,-0.0010949185,-1.2157239e-05,-0.00029076263,-0.0011919204,-9.117979e-06,-3.2419575e-05,-1.0131137e-05,0.00048224253,-0.0017716676,-4.9642385e-05,-9.573867e-05,0.00021760327,-0.00022769684,0.00085327093,-1.6716323e-05,-0.00025201202,-3.7991544e-05,0.0006592655,-8.662126e-05
PTGIR,-0.00015284562,-0.0046250527,-0.0065054204,-0.014461917,0.15038806,0.024354126,-0.003550804,-0.02134722,-0.00021027325,-0.028613884,-0.0081001,-0.02069184,-0.00025232663,-0.0056862147,-0.023083445,-0.00014940085,-0.000583637,-0.00021027318,-0.0056354958,-0.034339692,-0.00095005316,-0.0018698227,-0.0007463606,0.009875869,-0.0032446566,-0.00031826802,0.009123464,-0.0007885236,-0.0074365353,-0.00018698128
C5AR1,-0.0002748918,-0.0072037647,-0.010563462,-0.023137629,0.29000375,0.050523795,-0.0055580707,-0.053572945,-0.00030286008,-0.046296373,-0.01248225,-0.03319623,-0.0003809232,-0.008771691,-0.03548207,-0.00020274772,-0.0010315297,-0.00023457005,-0.0086562345,-0.052816596,-0.001558381,-0.0028699727,-0.0011762945,-0.0054567116,-0.0074599558,-0.0005001876,-0.0064186933,-0.001139749,-0.0112349475,-0.002547904
PPP1R15A,0.00023820641,-0.000113198,-0.0015406321,-0.008316434,0.23438254,0.018274235,-0.00438663,-0.060334772,-0.00025777146,-0.036071222,-0.008728624,-0.036797367,-0.00032303992,-0.0070651504,-0.029046385,-0.00024012769,-0.0003607296,0.00012638913,-0.005683559,-0.040666513,-0.0010962662,-0.00015911444,-0.0008568236,0.00015436248,-0.007978587,0.00022214817,0.0036513193,-0.0012324416,-0.008772604,0.0029794073
FTL,-0.0001901396,-0.006019137,-0.007643568,-0.020022057,0.33528826,0.06458413,-0.0068830694,-0.07362552,-0.00073577743,-0.06726387,-0.016553892,-0.045421995,-0.00058935466,-0.011209418,-0.040155564,-0.000284775,-0.00092375936,-0.00033718065,-0.009922115,-0.069588944,-0.003078471,-0.0050267363,-0.0019369875,0.009821695,-0.0081783375,-0.00040786568,0.0039374107,-0.0017377032,-0.013933623,-0.0019616028
HRC,-3.142537e-06,-8.448898e-05,-0.0001225582,-0.00028049623,-8.108699e-05,0.0041221776,-6.6442786e-05,-0.0006217666,-3.5914472e-06,-0.00053754856,-0.00015057127,-0.00038815022,-4.309706e-06,-0.00010307465,-0.0004225315,-3.232312e-06,-1.1492576e-05,-3.591447e-06,-9.975257e-05,-0.0006280594,-1.7598113e-05,-3.3938988e-05,-1.3737405e-05,-8.071826e-05,-8.691303e-05,-5.9259023e-06,-8.933671e-05,-1.3468033e-05,-0.00013396141,-3.0707004e-05
TRPM4,0.00085880066,-0.0014433699,-0.002493751,-0.005403021,0.06495987,-0.00041659718,-0.001262006,-0.012565547,-7.6187265e-05,-0.01003631,-0.0031941326,-0.007512233,-9.142426e-05,-0.0019347813,-0.008358834,-6.856847e-05,-0.00017871686,-7.618727e-05,-0.0021160974,-0.012126359,-0.00037331504,-0.00058893714,0.00024962894,0.0012353231,-0.0017055181,2.871529e-05,0.007719976,-0.0002856998,-0.0028417718,9.708381e-05
PTH2,-5.2358027e-06,-0.00014076801,-0.000204196,-0.00046733225,-0.0025311306,-0.00037862262,-0.00011069911,-0.0010359407,-5.9837776e-06,0.0039280467,0.0021858215,-0.00064669526,-7.180558e-06,-0.0001717332,7.601327e-05,-5.385359e-06,-1.9148118e-05,0.0015963446,-0.00016619965,-0.0010464143,-2.9320416e-05,-5.654685e-05,-2.288788e-05,-0.00013448524,-0.00014480726,-9.87319e-06,-0.00014884661,-2.243929e-05,-0.00022319517,-5.1161598e-05
FCGRT,0.00086171564,-0.007225128,-0.012556876,-0.027320607,0.31753045,0.036492053,-0.006966663,-0.04537817,-0.0003317809,-0.052942008,-0.01569251,-0.03507658,-0.0003783379,-0.009944383,-0.04222394,-0.0002552881,-0.00076790166,-0.00037282743,-0.011040657,-0.07261569,-0.0019527113,-0.0037824132,-0.0014043376,-0.008728353,-0.00814774,0.0013855752,0.019280944,-0.0010080881,-0.013525638,0.004088631
RRAS,-0.0002420632,-0.0041303197,-0.0066808015,-0.01428128,0.08481918,0.082998045,-0.0031742165,-0.026163021,-0.00020648645,-0.019477509,-0.0064197285,-0.0176689,-0.0002525095,-0.0041436995,-0.01797676,-0.00019536061,-0.00057229225,-0.00014542883,-0.0054137073,-0.029590102,-0.000963439,-0.0021761563,-0.00048068658,0.0040130396,-0.0040360307,-0.00027004658,0.00061875855,-0.0006111381,-0.0056118495,-0.0015656528
ATF5,0.0010701707,-0.0029175149,-0.0009627969,-0.011703746,0.09436626,0.010265642,-0.0021053303,-0.021735726,3.7597234e-05,-0.014929702,-0.0033363209,-0.013966004,-4.104614e-05,-0.0032805603,-0.014635501,-0.00011579055,0.000105478706,4.9439204e-05,-0.0016884342,-0.017903319,-0.0004924314,-0.0009668649,0.0024168664,-0.0029149537,-0.0025852525,0.00012006151,0.008866096,-0.0006565802,-0.0038179285,0.0034580443
SPIB,0.0022693458,0.035188813,0.045046534,0.06990313,-0.053184625,-0.008005761,-0.0024523176,-0.02309649,-0.00013117814,-0.020339016,-0.0059031756,-0.014800316,-9.786376e-05,-0.0039759562,-0.015389171,-0.00013086533,-0.00024911395,-0.00014540658,-0.0034531688,-0.023715671,-0.00067406544,-0.0011127038,-0.00041374043,-0.0022346866,-0.0033203631,0.00018498724,0.007972221,-0.0005452696,-0.004802867,0.027608644
KLK1,-4.491245e-05,0.03017314,0.0156118,0.0035745092,-0.0021953573,-0.00071794755,-0.00094958406,-0.0086749,-5.132898e-05,-0.006926472,-0.0019924091,-0.005403892,-6.1594124e-05,-0.0013421627,-0.0054935734,-4.619567e-05,-0.0001642525,-5.132901e-05,-0.0014256543,-0.008382697,-0.0002515111,-0.00048505704,-0.00019633223,-0.0011536132,-0.0010536361,-8.469292e-05,-0.00045460102,-0.00019248226,-0.0015342437,-2.9156428e-05
CD33,0.00014599618,-0.005927299,-0.008878466,-0.020298285,0.24845403,0.015406236,-0.004904916,-0.045740034,-0.00026111552,-0.039729573,-0.01098802,-0.028861284,-0.0003368927,-0.0076535414,-0.030818902,-0.0001224755,-0.00047298256,-0.00018530838,-0.0073919576,-0.045659885,-0.0013008816,-0.0018879322,-0.00097422936,-0.004766028,-0.0065202927,0.00027645568,0.022007832,-0.00095956837,-0.009611406,-0.0020393154
NKG7,-0.00025034082,-0.0068325894,-0.0116030695,-0.025555978,-0.13849865,-0.01652078,0.017064305,-0.06158659,-0.00015790563,-0.05202817,-0.00754616,-0.0369616,0.001020697,-0.004897763,0.103284545,-0.0002968255,-0.0011748612,-0.00027023637,0.016566588,0.21046998,0.005082959,0.008497029,-0.0014036286,-0.0031280736,-0.008968358,-0.00064836757,-0.008268532,-0.001030745,0.028201561,-0.0025580537
SIGLEC10,-0.00010591706,0.0025554849,4.9626844e-05,-0.0036242139,0.09722011,0.09695321,-0.0038955912,-0.035880916,-0.00021986187,-0.031547185,-0.0087144235,-0.022802431,-0.00026383507,-0.0057965084,-0.024032326,-0.00019787594,-0.0003297762,-0.00021986192,-0.005504567,-0.032412887,-0.0009674051,-0.0019184987,-0.0008141798,-0.004107424,-0.004978807,0.0005172758,0.0005431216,-0.0008244791,-0.0071484954,-0.0015311795
HAS1,-1.06962525e-05,-0.00028757885,-0.00041716092,-0.0009547267,0.012342402,-0.00077349547,-0.00022615131,-0.0021163619,-1.2224537e-05,-0.001829683,-0.00051251083,-0.0013211551,-1.4669268e-05,-0.00035083984,-0.00057066215,-1.1002078e-05,-3.9118073e-05,-1.2224534e-05,-0.00033953282,-0.0015338717,-5.9899983e-05,-0.00011552098,-4.6758083e-05,-0.000274745,-0.00029583034,-2.0170202e-05,0.00041055973,-4.584143e-05,-0.0004559692,-0.0001045184
FPR1,-0.00027885707,-0.007388668,-0.010246328,-0.024034495,0.33474278,0.00990806,-0.005876547,-0.05490979,-0.00033323362,-0.047796763,-0.013239131,-0.03435338,-0.0003674733,-0.009331861,-0.036207255,-0.00019960305,-0.0010663469,-0.00029702802,-0.008833493,-0.05356077,-0.001530599,-0.0028537153,-0.0012238121,-0.005907473,-0.0077374307,-0.00052391994,-0.0010398921,-0.0011885448,-0.011710479,-0.0026146814
FPR2,-0.00010812811,-0.0038311537,-0.005417379,-0.012619119,0.16304418,0.0127720125,-0.002937031,-0.027812013,-0.00014682768,-0.02363602,-0.0064371866,-0.01714166,-0.00019797547,-0.0043618693,-0.01775942,-2.8280629e-05,-0.0005279359,-0.00016497858,-0.0044035446,-0.027110055,-0.0008084,-0.0015590574,-0.0006059646,-0.0030209608,-0.0038794538,-0.00027221744,-0.0033791082,-0.00061867334,-0.0057216785,-0.0013101562
FPR3,-6.2534345e-05,-0.0012219402,-0.0024388384,-0.0052987877,0.05190242,0.0063379765,-0.0013221537,-0.011422503,-7.1467985e-05,-0.0105547905,-0.002753729,-0.0075980434,-8.576135e-05,-0.0020511416,-0.008018781,-6.43211e-05,-0.0002286973,-7.146782e-05,-0.0019850258,-0.011645626,-0.0001702818,-0.0006753714,-0.00027336602,-0.0013437617,-0.0017295327,-0.00011792189,0.015969792,-0.00026800553,-0.002125181,-0.0006110523
ZNF577,-5.890462e-05,0.0007574687,-0.00025455232,0.0014002735,0.0366431,-0.0018352411,-0.0014930957,-0.0060863663,-0.00011770388,-0.007024151,-0.0023184372,-0.003930434,-4.400084e-05,-0.0016075,-0.007799927,-0.00010593317,0.0003402184,-0.00011770382,-0.00086197583,-0.001628744,-0.000170111,-0.00017746894,-0.00036072085,-0.0010246108,-0.00094518083,-4.899805e-05,7.5680196e-06,-0.00020139746,-0.0009100994,-2.5224826e-05
VN1R2,-2.6243622e-06,-7.055822e-05,-0.000102349266,-0.000234242,0.00056557736,-0.00018977905,-5.5486278e-05,-0.00051924994,-2.9992461e-06,0.0017040396,-0.00012574454,-0.00032414525,-3.5991106e-06,-8.607879e-05,-0.00035286343,-2.6993534e-06,-9.597661e-06,-2.9992484e-06,-8.3305065e-05,-0.0005244961,-1.4696333e-05,-2.8343093e-05,-1.1472165e-05,-6.740898e-05,-7.258227e-05,-4.948778e-06,0.0007714028,-1.1247364e-05,-0.00011187219,-2.5643936e-05
ZNF331,-0.00017562514,0.007091845,-0.0011308903,0.0037858563,-0.049651925,-0.00988536,-0.0024333284,-0.0063809347,-7.904611e-05,0.013267598,0.0045478493,-0.0007995775,-9.918813e-05,0.0051803435,0.0084950505,-0.00014514281,-0.0004751547,-9.119582e-05,0.012074855,0.011481757,0.0002798283,0.0016433732,-0.0005263518,-0.0038430537,-0.0014942231,-0.00017836143,-0.00063725765,2.6077625e-05,0.009679738,0.00047233747
MYADM,2.4919209e-05,-0.0068882653,-0.007996051,-0.022939831,0.22164023,0.014436235,-0.003332574,-0.04242919,-0.000115319235,-0.031811275,-0.0072114705,-0.030324832,-0.00024952786,-0.0061799744,-0.020518832,-0.00017047291,0.0012777097,0.000139586,-0.0047540306,-0.042319007,-0.0011122259,0.0012650451,-0.00014562761,-0.0072259046,-0.0073498827,0.00019277318,0.011020368,-0.00056958554,-0.005894561,-0.00045917722
VSTM1,-0.00013633717,-0.0034949128,-0.005111986,-0.011729525,0.15106043,0.015808161,-0.0028825502,-0.025556829,-0.0001255523,-0.022496035,-0.006348495,-0.016311288,-0.00018697623,-0.0041613304,-0.017910391,-9.1951166e-05,0.00016802028,-0.0001558146,-0.0041613127,-0.026123518,-0.0006971683,-0.0014724375,-0.000580384,-0.0028858213,-0.003530797,-0.00022742887,-0.0034561136,-0.00058429845,-0.005424112,-0.0011934921
OSCAR,2.7707083e-05,-0.006393216,-0.009127593,-0.02063372,0.26837945,0.01764345,-0.0049329577,-0.046054788,-0.00027425517,-0.040224053,-0.011178471,-0.029525304,-0.0002914666,-0.0077572106,-0.03045848,-0.00013412208,-0.00083271257,-0.0002844939,-0.007329006,-0.046150357,-0.0012648387,-0.0026563953,-0.0010518231,-0.0054095066,-0.006471897,6.5710316e-05,0.0053282296,-0.0010531859,-0.009661129,-0.0022937353
LILRB3,-0.0002808591,-0.007477583,-0.010909752,-0.025103707,0.31094575,0.034455165,-0.005930151,-0.056587327,-0.00030668158,-0.047215298,-0.01332362,-0.03530771,-0.00038919333,-0.009269198,-0.037538722,-0.00021652455,-0.0010426443,-0.0002899282,-0.00908615,-0.055153366,-0.001628233,-0.0029678233,-0.0012619043,-0.0061944504,-0.008146762,-0.0005446485,0.0066836136,-0.0012998076,-0.011891538,-0.0027206065
LILRB5,-2.1595622e-05,-0.00022229506,-0.00084222655,-0.001927558,0.019181808,0.0060263285,-0.0004565915,-0.0038853642,-2.4680527e-05,-0.0036940703,-0.0010347327,-0.0026673574,-2.9616758e-05,-0.0007083306,-0.0029036861,-2.2212424e-05,-7.897819e-05,-2.4680538e-05,-0.0006855022,-0.0039180215,-0.000120935365,-0.00023323088,-9.440328e-05,-0.00055469875,-0.0005972717,-4.072313e-05,0.00032734894,-9.255205e-05,-0.00044316959,-0.0002110194
LILRB2,-0.00019543894,-0.007792675,-0.011654818,-0.026254531,0.2952318,0.07417094,-0.006347326,-0.059760276,-0.00033699567,-0.052183095,-0.014465666,-0.03789932,-0.00042482943,-0.01006483,-0.038998473,-0.00016931756,-0.0010496445,-0.00034604064,-0.009535967,-0.059100986,-0.0016906522,-0.0030624608,-0.0012503879,-0.006319868,-0.008387571,-0.0006020269,0.003314419,-0.0013054116,-0.012536619,-0.0009828389
LILRA5,6.916028e-05,-0.006825236,-0.009848828,-0.02194188,0.24975143,0.064322665,-0.00522755,-0.05024325,-0.00030808445,-0.044466708,-0.012251254,-0.03202801,-0.00035410767,-0.008472472,-0.03340041,-0.00014023778,-0.0009693603,-0.0002719689,-0.008212569,-0.049856864,-0.0014355005,-0.0028040372,-0.0011484333,-0.0057051023,-0.0071572647,-0.00045597297,0.0020572261,-0.0011065204,-0.010790205,-0.00077897473
LILRA4,0.0048823464,0.005175269,-0.00055236067,-0.0022878353,-0.011450533,0.002857766,-0.001097992,-0.010744114,-6.893839e-05,-0.009199548,-0.0026665435,-0.006770483,-8.272553e-05,-0.0018185019,-0.0074935216,-3.3966793e-05,-0.00022060091,3.8929993e-06,-0.0018138273,-0.009866625,-0.00033779527,-0.0005577284,-0.00020099306,-0.0007990272,-0.001566251,0.00017983664,0.00038392222,-0.00021972958,-0.0020365373,0.058403198
LAIR2,-8.394868e-05,-0.002563013,-0.0038384704,-0.008771932,-0.04970613,-0.00634395,0.004089538,-0.018596383,-1.9172545e-05,-0.009404621,-0.0028619426,-0.012557784,0.00023887023,-0.0029813393,0.0110047255,-0.00011324364,-0.00037930388,-0.00012582769,-0.003236041,0.10376719,0.0034808638,-0.0008225131,-0.0004812897,-0.0021111334,0.008064688,-0.00020761351,-0.002848915,3.1270772e-06,-0.0015190863,-0.0010758201
LILRA2,0.00019072417,-0.0065451404,-0.009374244,-0.020652698,0.2513337,0.045014575,-0.0052288803,-0.04841806,-0.00029304763,-0.041961025,-0.0117795495,-0.030669814,-0.00027086228,-0.008016214,-0.03229109,-0.00011852522,-0.00071467424,-0.00029304757,-0.0075985366,-0.047477625,-0.001256511,-0.0025518474,-0.000993768,-0.005410619,-0.0067444383,-0.00026017803,0.0058336332,-0.0010989286,-0.010174695,-0.002178292
LILRA1,0.00028437152,-0.0051620225,-0.007911792,-0.017574614,0.18708512,0.06383044,-0.004145887,-0.040504813,-0.00023306331,-0.035111338,-0.009538882,-0.025716603,-0.00027612256,-0.0065434757,-0.026905324,-9.983171e-05,-0.0007448445,-0.0002458157,-0.006480177,-0.040306307,-0.0011676993,-0.0022739645,-0.00087771006,-0.004241577,-0.0057975217,-0.0003910051,0.0022063192,-0.00086841546,-0.008516287,-0.0017706562
LILRB1,0.0005068883,0.0009895987,-0.0029242442,-0.007721016,0.1851275,0.0635164,-0.0038949254,-0.055818424,-0.00027369024,-0.0487704,-0.013186195,-0.034683723,-6.440252e-05,-0.00918471,-0.0068887873,-0.0002311444,-0.001018003,-0.00033796794,-0.008931907,-0.03089279,-0.0012486341,-0.0030090231,-0.00030747702,-0.006142969,-0.007861636,-0.0005576502,-0.0010289141,-0.001267387,-0.0064235716,0.0025295066
LILRB4,0.0013345757,-0.004433232,-0.006817787,-0.01571193,0.1657047,0.028119128,-0.0038579204,-0.035667196,-0.00021924899,-0.0312236,-0.008708181,-0.022913316,-0.00026309604,-0.0059073833,-0.023919426,-0.00016578287,-0.000624387,-0.00021924898,-0.005840261,-0.035989493,-0.0010285825,-0.0017827085,0.00058391906,-0.0036775768,-0.0052554314,-0.00034574486,0.013094676,-0.0007869622,-0.0076311557,0.014152798
KIR2DL3,-7.344309e-05,-0.001854555,-0.0026683835,-0.0063967924,-0.034358315,-0.005059194,-0.0013816252,-0.0143014155,-8.3934945e-05,-0.012086581,-0.0035189688,-0.008798993,7.435947e-05,-0.0023529155,0.0075894906,-7.554119e-05,-0.00026859096,-8.39349e-05,-0.0023312941,0.09136582,0.0024188808,0.0001390216,-0.00029823883,-0.0018019424,-0.0020312145,-9.586123e-05,-0.0020878785,-0.00023031622,0.0013696162,-0.0007176416
KIR2DL1,-6.268467e-05,-0.0015349791,-0.00234136,-0.005367673,-0.029654106,-0.0044042007,-0.00039127484,-0.01205091,-7.163963e-05,-0.010314121,-0.0030034957,-0.007555218,0.0001808919,-0.00205607,0.0060089235,-6.447595e-05,-0.00022924782,-7.163956e-05,-0.0019897951,0.07905893,0.0018835467,0.00013947074,-0.00019375008,-0.0012879117,-0.0017336849,-0.000118205455,-0.0017820437,-0.00026864826,-0.000111985646,-0.0006125188
KIR2DL4,-3.78944e-05,-0.000894501,-0.0014778726,-0.0033823333,-0.015937319,-0.001681618,-0.0008011906,-0.0073534176,-4.3307573e-05,-0.006014073,-0.0018156781,-0.0045288787,-5.1969346e-05,-0.0012429308,-0.0027691328,-3.8977203e-05,-0.00013858527,-4.330756e-05,-0.0012028753,0.03224108,0.0008730255,0.01900081,-0.00016565267,-0.00064046093,-0.0010480459,-7.145817e-05,-0.0010145139,-0.00016240483,0.00081377174,-0.00037028294
FCAR,-0.00014322673,-0.0037917949,-0.0055182367,-0.012210378,0.18226726,-0.0042527313,-0.0028921554,-0.027529657,-0.00016368862,-0.023846127,-0.006613704,-0.01722074,-0.00019642734,-0.0046978565,-0.018715926,-0.00012710333,-0.000523806,-0.0001636886,-0.004320831,-0.027234329,-0.0008020735,-0.0015468503,-0.0005999378,-0.0032703765,-0.0039612674,-0.0002700867,-0.0036782965,-0.0006138289,-0.006017052,-0.0013452218
AC245128.3,-0.00013937012,-0.0045453594,-0.006784646,-0.015685264,0.22690198,-0.0024248275,-0.0038270042,-0.03468622,-0.00021366868,-0.030892663,-0.008587184,-0.022099106,-0.0002564013,-0.0058195465,-0.02310494,-7.813611e-05,-0.00068373815,-0.00021366865,-0.00554517,-0.034515455,-0.0010079396,-0.001934575,-0.00072661793,-0.0033070745,-0.0048831534,-0.0003525538,-0.0045854063,-0.0008012584,-0.0074517652,-0.0017497629
NCR1,-9.4030635e-05,-0.0029499636,-0.0044416604,-0.009941429,-0.05177169,-0.007693665,-0.0023354085,-0.021849044,-0.00010611161,-0.019251043,-0.0054191533,-0.013893749,0.00015077388,-0.0037470798,0.0033593155,-0.00011951933,-0.00034778714,1.4810874e-05,-0.0034637635,0.14053741,0.0033417605,0.007895171,-0.00043998208,-0.0019935833,-0.002703946,-0.00021911855,-0.0031826072,-0.0004979981,0.0022505184,-0.0010869297
NLRP7,-2.8768174e-05,-0.00060568756,-0.0011219516,-0.0022688652,-0.011157883,-0.0016719922,-0.0006082389,-0.0050067916,-3.2877742e-05,-0.004920995,-0.001378405,-0.0035532683,-3.9453404e-05,-0.00054575526,-0.00085750956,-2.95902e-05,-0.00010520958,-3.2877793e-05,-0.00091318577,0.002277914,-0.00016110073,-0.00031069585,0.0044062412,0.00017621095,-0.00079564046,-5.4248358e-05,-0.0005205657,-0.00012329222,7.5612676e-05,0.029908752
GP6,-3.3548695e-05,-0.00066671567,-0.0010547838,-0.0025263543,-0.007928725,-0.0014173972,-0.00040370735,-0.005991032,-3.834147e-05,-0.0044754436,-0.0014899151,-0.003301349,-4.600952e-05,-0.0003977434,-0.0034493778,-3.450725e-05,-6.1136765e-05,-3.8341474e-05,-0.0006491369,-0.004510132,-0.0001093081,-0.0002118444,-0.00011296345,0.04145909,-0.00063725235,-6.3263076e-05,-0.00086957274,-0.0001437802,-0.0006727427,-0.00012473307
TNNT1,-0.000115261406,-0.0029358505,-0.004130806,-0.009826395,0.12877506,0.004978681,-0.002225505,-0.02157602,-0.0001317268,-0.018914906,-0.005317851,-0.013322276,-0.00013960314,-0.003723193,-0.014576923,3.9562224e-06,-0.00018036453,-0.00013172677,-0.003481666,-0.021782393,-0.0006454647,-0.0011580567,-0.0004426211,-0.0015631621,-0.0031208317,-0.00021734978,0.0018627623,-0.00049398124,-0.004437544,-0.0010290523
UBE2S,0.00025877438,6.733857e-05,-0.00073187565,-0.0065336386,0.0109722195,0.006351751,9.6944204e-05,-0.025911577,0.0014874584,-0.005289894,-0.00020642685,-0.01412376,0.0010667708,-0.0012757364,0.0059312154,-0.00015592093,0.00052370655,0.00012064453,0.00510871,0.014804381,0.0054654838,0.0008099391,0.0015806807,-0.0045914054,-0.0024365387,0.00020307618,0.00174353,-0.0003755296,0.0025984568,0.0024412356
POTEH,-2.8049412e-06,-7.541139e-05,0.005056309,-0.00025035566,-0.0013559663,-0.00020283266,-5.9303587e-05,-0.00055496895,-3.2056396e-06,-0.00047979678,-0.00013439344,-0.0003464472,-3.846721e-06,-9.2000235e-05,-0.00037714254,-2.885073e-06,-1.0257902e-05,-3.2056344e-06,-8.903589e-05,-0.0005605778,-1.570737e-05,-3.0292807e-05,-1.2261342e-05,-7.204658e-05,-7.7575685e-05,-5.289173e-06,-7.9739904e-05,-1.2021109e-05,-0.00011956909,-2.7407965e-05
AP000365.1,-7.886819e-06,0.0020959845,-0.00030758508,-0.00070395455,0.0005903822,-0.0005703317,-0.00016675005,-0.0015604671,-9.013506e-06,-0.0013490964,0.0023291965,0.0010867993,-1.0816237e-05,-0.00025868643,-0.0010604367,-8.112179e-06,-2.8843035e-05,-9.013507e-06,-0.00025034827,0.0014696732,-4.4166096e-05,-8.517798e-05,-3.4476518e-05,-0.00020257887,-0.00021812621,-1.487241e-05,-0.00022421168,-3.3800734e-05,-0.00033620393,-7.7065044e-05
IL17RA,0.00015293655,-0.0075846687,-0.010718111,-0.025779067,0.25861186,0.0049209036,-0.0052073477,-0.029581292,-0.00026071892,-0.03456305,-0.009782795,-0.020703627,-0.00024646748,-0.0060377554,-0.030189142,-0.00019425148,-0.0010978951,-0.00023291884,-0.00837976,-0.045942664,-0.001535887,-0.0023459785,-0.0012603333,-0.0060249134,-0.0059713363,-0.00046320917,0.0022703363,-0.00081548776,-0.009437839,-0.0016003011
ADA2,-6.1069e-05,-0.0072854566,-0.010216712,-0.022676805,0.2715881,0.026566805,-0.0054285564,-0.050159466,-0.00029372406,-0.045452345,-0.012608251,-0.030641308,-0.00037141354,-0.008871667,-0.030366808,-0.00024633712,-0.0011430393,-0.00032943944,-0.0088634025,-0.04431384,-0.0012001904,-0.0026343178,0.00032843876,-0.0077138026,-0.0076567302,0.00073891773,0.008353696,-0.00062538893,-0.00967269,0.0012564616
BID,0.0007205951,-0.007261093,-0.010695687,-0.027847694,0.18562065,0.070851184,-0.0041120173,-0.053771783,-4.044405e-05,-0.040743038,-0.010196066,-0.03106679,-7.758081e-05,-0.0073459237,-0.024052424,-0.00025784457,-0.00066025427,-0.00021904777,-0.006606074,-0.02697789,-3.963955e-05,-0.00085955596,-0.00021708591,-0.0049573965,-0.007700381,0.0011761845,0.014788354,-0.0008989512,-0.008701359,0.0021494608
LINC00528,-5.317118e-05,-0.0025056042,-0.002701856,-0.008574685,0.08349596,0.005111325,-0.0019629267,-0.017918637,-8.4515596e-05,-0.017670719,-0.0044951565,-0.0090079,-5.9941263e-05,-0.0028305962,-0.008764666,-0.00016438775,-0.00045654885,-0.00018265353,-0.0024268604,-0.0076122577,-0.00014222274,-0.0003008191,4.2815103e-05,-0.0028790226,-0.002119139,6.280813e-05,0.00718467,-0.00013548344,-0.0028125138,-3.5096717e-05
CDC45,-2.852157e-05,-0.00014986508,-0.0005592064,-0.0025457502,-0.010265595,-0.0018696488,-0.0006030287,-0.0038485576,0.0039383494,-0.0034761848,-0.0007267362,-0.0022825825,0.0037481182,-0.00033587133,-0.0019451873,-2.933645e-05,0.00034779203,-3.259608e-05,-0.0009053566,-0.000502267,0.021984538,0.0007445696,0.0023503932,-0.0007325948,-0.00078882324,5.7860645e-05,7.280393e-05,-0.00012223491,-0.0012158332,-0.0002786959
CLDN5,-5.0950333e-05,-0.0012393965,-0.0016926278,-0.004337658,-0.018924491,-0.0030911642,-0.000921324,-0.005752532,-5.822836e-05,-0.008294692,-0.0022886205,-0.0059300624,-6.987463e-05,-0.0016239438,-0.006656353,-5.2405834e-05,-0.00015662795,-5.8228354e-05,-0.0016173096,-0.009691385,-0.00028532112,-0.0004825428,-0.00022272415,0.07879818,-0.001171883,-9.607759e-05,-0.0013387473,-0.00021835773,-0.0020813562,-0.00039318774
AC000093.1,-2.6545222e-05,-0.00071368966,-0.0010352655,-0.0023693522,-0.010025176,-0.0017151756,-0.00056124397,-0.0049654334,-3.0337485e-05,-0.004011163,-0.0012719036,-0.0031111059,-3.640502e-05,-0.0008706866,-0.0035692125,-2.7303839e-05,0.00031740576,-3.033747e-05,-0.00084262615,-0.004833032,-0.0001486537,-0.00028669048,-0.00011604072,0.043097656,-0.00073416915,-5.0056868e-05,-0.0007546483,-0.00011376585,-0.00090573455,-0.00025938614
SDF2L1,0.00012529152,-0.0044940915,-0.0059765587,-0.015806708,-0.014684968,0.0017648067,0.001715584,-0.02095476,0.0004917781,-0.0013282853,0.0006302139,-0.012821982,0.0005123473,0.00040555405,0.013475617,-0.00023988797,-0.00017056362,-1.6496691e-05,0.0027418798,0.047852393,0.0026749475,0.00066997716,0.0066566383,-0.0063812197,-0.0020046132,0.0004040789,0.0002577725,-0.00024267027,0.0032137448,0.0015299718
IGLV4-69,-1.35272885e-05,0.009168588,0.005286833,0.0036865843,-0.005918558,-0.0009782098,-0.00028600404,-0.0021337783,-1.5459547e-05,-0.0023139408,-0.00019726843,-0.00087512477,-1.8551733e-05,-0.00044369343,-0.0018188367,-1.3913714e-05,-4.947107e-05,-1.5459556e-05,-0.0004293925,-0.002703506,-7.575283e-05,-0.00014609388,0.0022030307,-0.00034745733,-0.00037412308,-2.5508458e-05,-0.0003845584,-5.7974004e-05,-0.0005766483,-0.00013218014
IGLV8-61,-1.7754812e-05,0.0052986844,0.0060689747,0.00015108252,-0.00667653,-0.0012839186,-0.00037538566,-0.0035129066,-2.0291101e-05,-0.0030370902,-0.00085070694,-0.002192972,-2.4349305e-05,-0.0005823573,-0.0023872503,-1.8262017e-05,-6.4931664e-05,-2.0291096e-05,-0.0005635858,0.00013856136,-9.942656e-05,-0.00019175105,0.012042669,-0.00045604206,-0.00049104675,-3.3480475e-05,0.00020687116,-7.609147e-05,-0.00075686135,-0.00017348933
IGLV4-60,-7.157514e-06,0.0034627316,-0.00027914348,0.00511515,-0.0034601297,-0.0005175893,-0.0001513298,-0.0014161633,-8.180012e-06,-0.0012243427,-0.00034294778,-0.0008840519,-9.816035e-06,-0.00023476542,-0.000962374,-7.36201e-06,-2.6176023e-05,-8.180011e-06,-0.0002271999,-0.0014304777,-4.0082254e-05,-7.730079e-05,0.003741361,-0.00018384658,-0.00019795675,-1.3497004e-05,-0.00020347771,-3.0674728e-05,-0.00030511405,-6.993898e-05
IGLV6-57,-1.656749e-05,0.0046498324,0.007100056,0.0037480036,-0.00577457,-0.001198072,-0.0003502847,-0.0017608871,-1.8934315e-05,-0.0024237998,-0.00038472604,-0.0016633929,-2.2721171e-05,-0.00054341776,-0.002227623,-1.7040897e-05,-6.0589922e-05,-1.8934314e-05,-0.00052590034,-0.0033111535,-9.277876e-05,-0.00017892929,0.007417582,-0.00042554963,-0.00045821362,-3.1241783e-05,-0.0004709911,-7.100446e-05,-0.00070624833,-0.00016188792
VPREB1,-1.3404975e-05,-0.0003604056,0.0041014636,0.013259513,-0.0060191336,-0.0007327891,-0.00028342113,-0.002652303,-1.5320065e-05,-0.002293019,-0.0001877686,-0.0008394492,-1.8384071e-05,-0.0004396893,-0.0018024023,-1.378817e-05,0.0023634755,0.0005861921,-0.00042551654,-0.002679088,-7.50683e-05,-0.00014477521,-5.8599206e-05,-0.00034431755,-0.0003707444,-2.5278194e-05,-0.00038108768,-5.745057e-05,5.360532e-05,-0.00013098611
AC245060.5,6.17455e-05,0.007906252,0.008313222,0.030971216,-0.02930335,-0.0039684516,-0.0011174098,-0.0010599114,-9.466273e-05,-0.0115804365,-0.0033146655,0.00030578006,-1.4734069e-06,-0.0013934923,-0.00044988238,-0.0001626148,0.0015204909,0.00017142418,-0.0031258469,0.0072553246,0.00026666027,0.0020184221,-0.0002195511,-0.0033359597,-0.0015988493,-0.00014895482,-0.0010421594,0.0001740217,-0.0005495996,0.0035027005
IGLV1-51,-1.46918e-05,0.0036780848,0.003101347,0.005969557,-0.005542313,-0.00020602044,-0.00031062693,-0.0013997742,-1.6790593e-05,-0.0018293725,-0.0007039512,-0.0014672226,-2.0148722e-05,-0.00026908694,-0.0016565167,-1.5111621e-05,-5.3730513e-05,-1.6790602e-05,-0.00012330561,-0.0025650715,-8.22738e-05,-0.00015867132,0.0044406857,0.0009462923,-0.00040633362,-2.7704591e-05,-0.00041766666,-6.296535e-05,-0.0006262892,-0.00014356012
IGLV9-49,-4.1437565e-06,0.0009913769,0.0012392427,0.0044225617,-0.0020032036,-0.00029965065,-8.761053e-05,-0.00081986794,-4.735757e-06,-0.0007088148,-0.00019854405,-0.0005118128,-5.682843e-06,-0.00013591518,-0.00055715494,-4.262164e-06,-1.5154199e-05,-4.7357553e-06,-0.0001315348,-0.0008281586,-2.3204933e-05,-4.4752353e-05,0.00031730087,-0.00010643512,-0.000114603994,-7.813926e-06,-0.00011780017,-1.7758895e-05,-0.00017664158,-4.0490308e-05
IGLV5-48,-2.881753e-06,-7.747768e-05,0.0018370359,-0.00025721526,-0.0013931195,-0.00020839008,-6.09284e-05,-0.0005701756,-3.2934101e-06,-0.00049294275,-0.00013807778,-0.00035593676,-3.9521087e-06,-9.4520845e-05,-0.00038746922,-2.9641053e-06,-1.0538936e-05,-3.2934076e-06,-9.147455e-05,-0.00057593995,-1.6137676e-05,-3.1122956e-05,0.0024214322,-7.401933e-05,-7.970118e-05,-5.434147e-06,0.0008419053,-1.2350324e-05,-0.00012284514,-2.815885e-05
IGLV1-47,-9.076113e-06,0.00045977294,0.0021997518,0.0062243566,-0.004026766,-0.0006563294,-0.00019189433,-0.0017957808,-1.0372747e-05,-0.001327463,-7.249273e-05,-0.0011210263,-1.2447239e-05,-0.00029769636,-0.0012203478,-9.335455e-06,-3.319253e-05,-1.0372733e-05,-0.00028810298,-0.0009189513,-5.082615e-05,-9.802155e-05,0.0042019915,-0.000233127,-0.00025101868,-1.7114906e-05,-0.00025802065,-3.8897597e-05,-4.850466e-05,-8.8686706e-05
IGLV7-46,-7.798999e-06,0.0017910083,0.0017777579,0.0054177255,-0.0037702515,-0.0005639792,-0.00016489338,-0.0015430938,-8.913128e-06,-0.0013340806,-0.00037368404,-0.0009632854,-1.0695726e-05,-0.00025580646,-0.0010486353,-8.021806e-06,-2.8521941e-05,-8.913131e-06,-0.00024756315,-0.00044061377,-4.3674532e-05,-8.422941e-05,0.0016708369,0.0011434702,-0.00021569812,-1.4706739e-05,-0.0002217155,-3.3424123e-05,-0.00033246214,-7.620781e-05
IGLV5-45,-1.0564095e-05,0.0032511074,0.0047896663,0.005992605,-0.004557323,-0.0007639436,-0.00022335762,-0.00062561897,-1.2073434e-05,-0.0018070706,-0.000506172,-0.0013048232,-1.4487986e-05,0.00041114725,-0.0014204278,-1.08661325e-05,-3.863462e-05,-1.2073435e-05,-0.00033533655,-0.002111334,-5.9159545e-05,-0.000114092494,0.00096544693,-0.00027134718,-0.0002921742,-1.9920948e-05,-0.0003003252,-4.52751e-05,-0.00045033437,-0.00010322732
IGLV1-44,-1.7144204e-05,0.0036619382,0.00413319,0.0067329137,-0.00790085,-0.0012397683,-0.0003624769,-0.002416476,-1.9593437e-05,-0.0029326424,-0.0008214492,-0.0021175595,-2.3512017e-05,-0.00056233077,-0.0023051694,-1.7633984e-05,-6.269931e-05,-1.9593399e-05,-0.0005442069,-0.0020158594,-9.600754e-05,-0.00018515786,0.010372356,0.0004611142,-0.00047415926,-3.2328928e-05,-0.0002230468,-7.347569e-05,-0.00073083123,-0.00016752322
IGLV7-43,-5.082841e-06,0.00088603597,0.0009086379,0.0035089182,-0.002457199,-0.0003675628,-0.00010746609,-0.00036651958,-5.808955e-06,-0.0008694567,-0.00024354107,-9.958144e-05,-6.9707453e-06,-0.0001667175,-0.00068342505,-5.2280852e-06,-1.8588744e-05,-5.8089595e-06,-0.00016134468,-0.0010158425,-2.8464083e-05,-5.489474e-05,0.0020792692,-0.00013055671,-0.00014057751,-9.584735e-06,-0.00014449844,-2.178367e-05,-0.0002166751,-4.966698e-05
IGLV1-40,-1.49333455e-05,0.0025429232,0.006438993,0.0065929345,-0.005897741,-0.00086781435,-0.0003157368,-0.0026349844,-1.7066877e-05,-0.0019307233,-0.0007155239,-0.0018444951,-2.0480278e-05,-0.00048981904,-0.0020079038,-1.5360103e-05,-5.4614055e-05,-1.7066872e-05,-0.00047403236,-0.0029845561,-8.3627136e-05,-0.00016128049,0.006715893,-0.00038357583,-0.0004130151,-2.8160313e-05,-0.00042453504,-6.400033e-05,-0.00028378487,-0.00014592144
IGLV1-36,5.855796e-15,-6.840299e-14,-7.341322e-14,-1.4775271e-13,1.1249864e-13,-8.524411e-14,4.610255e-14,-1.6161856e-13,-1.0009937e-14,2.1654866e-13,5.4326626e-14,2.028021e-13,-6.7715316e-15,4.1250206e-14,-7.415704e-14,-7.164491e-15,4.2208045e-14,-8.2135514e-15,4.6663923e-14,-1.6139402e-15,9.357344e-15,-4.373076e-14,-8.98483e-15,-2.3212669e-14,-4.53026e-14,-1.885854e-14,4.9737422e-14,1.6281606e-14,1.0983214e-13,4.3330784e-14
PRAME,-4.5705683e-06,-0.0001228836,-0.00017825223,-0.0004079576,0.00024001948,-0.00033051692,-9.663485e-05,0.0018115445,-5.2235023e-06,-0.0007818279,-0.00021899438,0.0018046217,-6.2681706e-06,-0.00014991537,-0.0006145442,-4.701186e-06,-1.6715236e-05,-5.223502e-06,-0.00014508271,-0.0009134565,-2.5595318e-05,-4.9362152e-05,-1.9979936e-05,-0.00011739869,-0.00012640943,-8.618752e-06,0.0007530203,-1.958813e-05,-0.00019483655,-4.466103e-05
IGLV3-27,-3.985816e-06,0.00051647396,-0.00015544712,0.0034385594,-0.0009830649,0.00047972752,-8.42716e-05,-0.00078862143,-4.555235e-06,-0.0006818033,-0.00019097714,-0.0004923068,-5.466245e-06,-0.00013073465,-0.00053592294,-4.0996983e-06,-1.4576615e-05,-4.5552356e-06,-0.00012652169,0.00041432638,-2.2320666e-05,-4.3047003e-05,-1.7423623e-05,-0.00010237857,-0.00011023622,-7.516116e-06,-0.000113311005,-1.7082006e-05,-0.00016990969,-3.894719e-05
IGLV3-25,-1.2089331e-05,0.000802846,0.0052706613,0.008239768,-0.004910228,-0.0008742267,-0.00025560113,-0.0018137424,-1.3816181e-05,-0.0020679468,-0.0005792474,-0.0014931862,-1.6579626e-05,-0.00039652796,-0.0016254876,-1.2434585e-05,-4.4212058e-05,-1.3816181e-05,-0.00038374626,-0.0024161236,-6.770007e-05,-0.00013056432,0.0038009165,-0.00031052303,-0.00033435243,-2.2796898e-05,-0.00034367928,-5.1811214e-05,0.00019430235,-0.00011812912
IGLV2-23,-1.4725193e-05,0.003101164,0.0053585754,0.006829485,-0.0052378713,-0.0010648381,0.000101144346,-0.002913473,-1.6828706e-05,-0.0022212418,-0.0001515507,-0.0011958004,-2.0194502e-05,1.6656828e-05,-0.00034311292,-1.5145982e-05,-5.3852295e-05,-1.6828733e-05,-0.00046741863,-0.0019088675,-8.2460945e-05,-0.00015903165,0.0012631943,0.00064704235,-0.00040725674,-2.776758e-05,-0.0001642256,-6.31077e-05,-0.00062771246,-0.00014388602
IGLV3-21,-1.7753893e-05,0.002961631,0.0063697835,0.008973054,-0.0070133647,-0.0012838506,-0.000375366,-0.0029948554,0.00010818163,-0.0023514975,-0.0008506578,-0.0021928384,-2.4347944e-05,-0.00058232434,-0.0018995027,-1.8261051e-05,-6.492806e-05,-2.0289981e-05,-0.00013659931,-0.0029488634,-9.9420824e-05,-0.00019174129,0.0071454006,-0.00045601735,-0.0004910186,-3.3478504e-05,-0.0005047152,-7.60875e-05,-0.00075681956,-0.00017348025
IGLV3-19,-1.1346891e-05,0.001896843,0.00573121,0.0096634785,-0.0052461443,-0.0008205453,-0.0002399066,-0.0022450616,-1.2967703e-05,-0.0013453084,-0.00054367725,-0.0014015032,-1.5561467e-05,-0.00037217664,-0.0015256625,-1.1671014e-05,-4.1497082e-05,-1.29677e-05,-0.00036018444,-0.0017098937,-6.35427e-05,-0.0001225469,0.0004030807,-0.0002914534,-0.00031382352,-2.1396889e-05,-0.00032257588,-4.8629678e-05,-0.00048370077,-0.000110875284
IGLV2-18,-7.918333e-06,0.0014075411,0.00064829295,0.0022013825,-0.0038279016,0.0001603146,-0.0001674127,-0.0015666754,-9.049306e-06,-0.00032171677,-0.00037939724,0.00021396368,-1.0859314e-05,-0.0002597168,0.00027125495,-8.144393e-06,-2.8958131e-05,-9.049312e-06,-0.00025134682,-0.0015825089,-4.4341665e-05,-8.551693e-05,0.00239109,-0.00020338551,-0.00021899439,-1.4931638e-05,-0.00022510358,-3.3935085e-05,0.0020403508,-7.737168e-05
IGLV3-16,-6.7042843e-06,0.0015228478,0.0038995815,0.0037830025,-0.0032410414,-0.00048481493,-0.00014174757,-0.0013264895,-7.661997e-06,-0.0011468151,-0.00032123158,-0.00082807435,-9.194475e-06,-0.0002198998,-0.0009014382,-6.8958584e-06,-2.4518455e-05,-7.661995e-06,-0.00021281274,-0.0013399001,-3.754412e-05,-7.2406045e-05,0.0020722921,-0.00017220419,-0.00018542037,-1.2642356e-05,-0.00019059244,-2.8732675e-05,-0.00028579397,-6.551049e-05
IGLV2-14,-2.5908765e-05,0.00401297,0.0045090658,0.009727964,-0.011631152,-0.0016531335,0.00052014535,-0.0046838233,-2.9610032e-05,-0.0042389533,-0.00038870488,-0.002895909,-3.5532103e-05,-0.0004946325,0.0018863969,-2.6648999e-05,-9.475248e-05,-2.9610052e-05,-0.00060794863,0.001084768,-0.00014508892,-4.7007885e-05,0.0063894633,-0.00048468082,-0.00042874878,-4.8856527e-05,-0.0007365494,-0.00011103807,0.0008332542,-0.00012570151
IGLV2-11,-1.399244e-05,0.0029190115,0.0039833924,0.0038424458,-0.0058203377,-0.0010118498,-0.00029584067,-0.0022652608,-1.5991236e-05,-0.0020454004,-0.00067043677,-0.0013522345,-1.9189609e-05,-0.0004589518,-0.0014600671,-1.43922325e-05,-5.1172166e-05,-1.5991222e-05,-0.00044415865,-0.0008603775,-7.835757e-05,-0.00015111835,0.007836218,-0.0003594051,-0.00038698944,-2.6385675e-05,-0.00039778347,-5.996752e-05,-0.00016872336,-0.00013672607
IGLV3-10,-1.2961825e-05,0.0026899932,0.0019006538,0.0061920905,-0.0056185084,-0.00036999644,-0.00027404958,-0.0010922881,-1.4813619e-05,-0.00081792084,-0.0006210556,-0.0005378543,-1.7776027e-05,-0.00042514535,-0.0017428045,-1.3332106e-05,-4.7403344e-05,-1.4813611e-05,-0.00041144298,-0.0018693728,-7.25859e-05,-0.00013998734,0.0034666432,-0.00033293408,-0.00035848664,-2.4442286e-05,0.0005647139,-5.5550325e-05,0.00019810777,-0.00012665523
IGLV3-9,-9.068273e-06,0.0012264431,0.0017723029,0.002009525,-0.003762335,-0.00046086698,0.0004489789,-0.0013399107,-1.0363743e-05,-0.00024367998,-0.00043450194,-0.00059771346,-1.2436565e-05,0.0006647381,0.0015901251,-9.327425e-06,-3.316429e-05,-1.03637385e-05,-0.00028785408,-0.0005765508,-5.078259e-05,-9.793818e-05,0.0004124373,-0.00023292513,-0.00025080433,-1.7100356e-05,-0.0002577999,-3.886426e-05,0.0006984294,-8.861013e-05
IGLV2-8,-1.5505351e-05,0.0035358914,0.006604824,0.003620827,-0.006453513,-0.0009244187,0.000225659,-0.0019542726,-1.7720396e-05,-0.0026523005,-0.00074292376,-0.0016458844,-2.1264492e-05,-0.0005085752,-0.0020847965,-1.5948404e-05,-5.6705012e-05,-1.772041e-05,-0.0004921843,-0.0023181245,-8.683013e-05,-0.00016745731,0.0073179076,-0.00039826424,-7.026526e-05,0.00012031992,-0.00044079593,-6.6451335e-05,-0.00035472013,8.128978e-05
IGLV2-5,-6.695064e-06,0.0015189839,0.0027186715,0.0053453236,-0.0032365944,-0.0004841514,-0.00014155329,-0.001324664,-7.6514425e-06,-0.0011452371,-0.0003207882,-0.0008269377,-9.181799e-06,-0.00021959915,-0.0009002037,-6.886331e-06,-2.4484892e-05,-7.651441e-06,-0.00021251995,-0.0013380565,-3.7492366e-05,-7.2307004e-05,0.0016792604,-0.00017196826,-0.00018516682,-1.2624958e-05,-0.00019033108,-2.8693312e-05,-0.00028540095,-6.542043e-05
IGLV3-1,-1.3348722e-05,0.0019278202,0.006730429,0.006805466,-0.0050243367,-0.0007354063,-0.0002822305,-0.0026411554,-1.525575e-05,-0.002283413,-0.00063959643,-0.0016487669,-1.8306835e-05,-0.00043784006,-0.0014442517,-1.3730173e-05,-4.881823e-05,-1.5255776e-05,-0.00042372866,-0.0023534494,-7.475288e-05,-0.00014416606,0.0038219448,0.00050258345,-0.00036918998,-2.5171892e-05,-0.00037948688,-5.7209156e-05,-0.00056903926,-0.00013043685
IGLL5,-3.613205e-05,0.005801489,0.011349539,0.029602977,-0.016142473,-0.0025239682,-0.00042059206,-0.0060132444,-4.129399e-05,-0.0059428243,-0.0015499397,-0.003996353,-4.9552677e-05,-0.0010305939,-0.0035866299,-3.716452e-05,-0.00013213977,-4.1294024e-05,-0.001031392,-0.006626293,-0.00020234071,-0.00039022558,0.0072394363,-0.00092808105,-0.00063458894,-6.813464e-05,-0.0008854945,-0.00015485214,-0.0013705634,-0.00015726252
IGLC2,-0.00015342691,0.027131677,0.0327423,0.08556007,-0.053354442,-0.008597161,-0.0017923011,-0.017723357,-9.687087e-05,-0.016366996,-0.004183532,-0.012317748,-0.00017120538,-0.0032647382,-0.008771446,-0.00016392837,-0.0002545231,-0.00017279404,-0.0022584316,-0.013130909,-0.0005163602,-0.00080685323,0.008013242,0.0005615654,-0.0023816682,-0.00029523237,-0.0037031067,-0.00048296739,-0.0031304394,8.1480866e-05
IGLC3,-9.6350544e-05,0.026313232,0.028181447,0.075985394,-0.043998133,-0.0069582453,-0.0018380661,-0.016546493,-0.000113074224,-0.015087303,-0.004644033,-0.011587716,-0.00013894912,-0.002803455,-0.008561169,-9.963896e-05,-0.00043731777,-0.00013538725,-0.0020407836,-0.012972145,-0.00049291976,-0.0007930309,0.0069406843,0.000949216,-0.0026747496,-0.00021559164,-0.0030666185,-0.0004661221,-0.0025290633,-7.324246e-05
IGLC6,-2.0803125e-05,0.0048192283,0.003180971,0.02073152,-0.008912271,-0.0015043642,-0.00043984043,-0.0028921696,-2.377505e-05,-0.003329142,-0.000996767,-0.0020625424,-2.8530068e-05,-0.00068234286,-0.0027971256,-2.139752e-05,-7.608037e-05,-2.3775054e-05,-0.000660353,-0.0036158322,0.00015324079,-0.0002246747,0.0018691488,-0.0005343452,-0.0005753567,-3.922887e-05,-0.0005914031,-8.915655e-05,-0.000409579,-0.00020327604
IGLC7,-2.1421874e-05,0.005667201,0.009316838,0.0151432445,-0.009204469,-0.0013690805,-0.00025543646,-0.003826918,-2.4482106e-05,-0.0029321427,-0.0010264121,-0.002645898,-2.9378394e-05,-0.00070263405,-0.0026929874,-2.2033984e-05,-7.834233e-05,-2.4482106e-05,-0.00045275298,-0.0040735584,-7.406355e-05,-0.00023135454,0.0020240482,-0.0005502352,-0.00042078257,-4.0395167e-05,-0.00060899265,-9.18073e-05,-0.000541943,-0.00020932133
GNAZ,-4.7102654e-05,0.0012967761,-0.001275278,-0.0015800725,-0.01618638,-0.0030073381,-0.0008972562,-0.008183451,-5.3831503e-05,-0.007283853,-0.0020545218,-0.005288134,-6.4597836e-05,-0.0013876006,-0.004871436,-4.8448826e-05,-9.358716e-05,-5.3831496e-05,-0.001267804,-0.004973303,1.4195444e-06,-0.0005087088,-0.00018589593,0.061994016,-0.0012196474,0.00026089032,-0.00097217876,-0.00020186805,-0.0014697762,-0.00037714798
IGLL1,-1.3349137e-05,-0.0003588989,-0.00052061264,-0.00016421638,-0.004184441,-0.00096533354,-5.2887226e-06,-0.0022469594,-1.5256114e-05,-0.00049323414,-0.0006396125,-0.0007875304,-1.8307226e-05,-0.00015800899,-0.00082140765,-1.3730519e-05,0.013569649,-1.5256125e-05,-0.0004237364,-0.00032841362,-7.475476e-05,-0.00014417003,0.0004196865,-0.00034288128,-0.00036919667,-2.5172492e-05,-0.00029634716,-5.7210553e-05,-0.0005690532,6.305137e-05
VPREB3,-0.00013254075,0.027947431,0.047506515,0.1369309,-0.06161019,-0.009158052,-0.0025542374,-0.025018033,-0.00015147436,-0.021566743,-0.006016211,-0.015746504,-0.00018176922,-0.004274851,-0.016673127,-0.00013632714,-0.00047157332,-0.00015147436,-0.0040535387,-0.024908932,-0.0007422261,-0.0013972813,-0.00029268925,-0.0026036054,-0.003590583,-0.00024993415,-0.0036110864,-0.0005680319,-0.00524911,-0.001274335
DERL3,0.00048831204,0.007687722,0.009397601,0.027804162,-0.032415498,-0.004996947,-0.0013623396,-0.0128309885,0.00014252354,-0.01084208,-0.0026635504,-0.008022625,-4.004734e-05,-0.0018435228,-0.007412677,-1.2968958e-05,-9.9240344e-05,-8.753953e-05,-0.0023048474,-0.012963545,0.00078876177,-0.00072395045,0.020099847,-0.00049854926,-0.0021184462,-0.0001444397,-0.002023839,-0.00032827133,-0.002388319,0.039715517
ADORA2A-AS1,-8.7194254e-05,-0.0018474066,-0.0024654951,-0.0067553716,0.09225189,0.004612081,-0.0015600749,-0.016035978,-9.965158e-05,-0.013229103,-0.003693212,-0.0097894985,-0.00011958116,-0.0025902335,-0.010241041,-5.5288427e-05,-0.00031888217,-9.96515e-05,-0.0024067299,-0.015363229,-0.00048828794,-0.00054833596,-0.00025182017,-0.0019870496,-0.0022661441,-0.00016442317,-0.0011806344,-0.00010415471,-0.0024928108,-0.00062245154
GRK3,-2.1938597e-05,0.006166958,0.0012243169,0.015936786,0.1980541,0.048215415,-0.00574906,-0.050897438,-0.0002585936,-0.045126677,-0.012745039,-0.031009732,-0.0003528789,-0.008694421,-0.035440423,-0.00019090499,-0.0005868087,-0.00025300778,-0.008103762,-0.053071577,-0.0014483707,-0.002866698,-0.0011006494,-0.0028461094,-0.006979618,0.00031890877,0.0092619015,-0.00093574,-0.010854843,0.00035531385
XBP1,-0.00016181727,-0.008858674,-0.012231267,-0.03125445,0.038118295,-0.01508399,0.0018657054,-0.024367351,-0.00026623043,-0.0022956685,0.0034156246,-0.023243854,-0.0001196339,-0.000109374894,0.0039536958,-0.00026531654,0.00016463104,0.00012413875,0.009267614,0.06398761,0.00058824645,0.0035105622,0.00556034,-0.009663876,-0.007068115,-0.00041472598,-0.002478374,-0.0008252241,0.0034349363,0.0047164676
EMID1,-1.6088361e-05,-0.00011281821,-0.0003528872,-0.0005623086,-0.0072932267,-0.0011634213,-0.0003401534,-0.0031831977,-1.8386721e-05,-0.0018850275,-0.0007708625,-0.0019871423,-2.2064043e-05,-0.0005276985,-0.00064069097,-1.654812e-05,0.018212851,-1.8386732e-05,-0.0005106918,0.0006584194,-9.00953e-05,0.0012528296,-7.0329326e-05,0.000691401,-0.0004449578,-3.0338218e-05,-0.00027588086,-6.895051e-05,-0.0002560443,-0.0001572059
GAS2L1,-0.000107931366,-0.0027109887,-0.0039694337,-0.0089350715,0.06907422,0.00021678413,-0.002049913,-0.020265607,-0.00012335046,-0.015853044,-0.004597789,-0.012644243,-8.96646e-05,-0.003389442,-0.013183007,-1.6424854e-05,-0.0002573198,-5.311415e-05,-0.0028798168,-0.020107906,-0.0006044121,-0.0011656578,-0.00042989053,0.051329132,-0.002985061,-0.00012153724,0.0015666925,-0.00046256479,-0.0042293626,-0.0009545129
OSM,-0.0001531862,-0.0034647956,-0.0046727043,-0.01218834,0.10109994,-0.008367059,-0.0016422281,-0.023900812,-0.00012702991,0.0057314862,0.0002571505,-0.013835706,-0.00015046408,-0.0006608831,-0.011570278,-8.116007e-05,-0.00042534087,-5.9488735e-05,0.0054973005,-0.02037523,-0.00061995344,-0.0006599887,-0.0006285446,-0.0031500203,-0.0034049011,-0.00023275099,0.0017937968,-0.00065651635,-0.0018876658,-0.0014649254
YWHAH,0.00023423701,0.0014683305,0.0023464342,-0.006958188,0.044408564,0.016409079,-7.808868e-05,-0.04882323,0.000646397,0.0017408716,0.0008504527,-0.027087376,0.00043439973,-0.0024874613,-0.007389317,-0.00017383842,0.00017864587,6.9778995e-05,0.003424462,-0.023270436,0.0021251992,-0.0003044994,-0.0002931444,0.041736096,-0.003727347,0.0001933262,0.008653392,0.00050221547,-0.004038373,-0.00079036306
TIMP3,-1.1300091e-05,-0.00030380982,-0.00044070068,0.007023673,-0.005132925,-0.00081715186,-0.00023891524,-0.0022358003,-1.2914413e-05,-0.0013019404,-0.0005414344,-0.0013957159,-1.5497148e-05,-0.0003706409,-0.0015193715,-1.1622807e-05,0.009837262,-1.29143555e-05,-0.00035869662,-0.002258386,0.0005854891,-0.00012204088,-4.9397266e-05,0.0010004118,-0.00031252677,-2.1308539e-05,-0.00032124412,-4.8428734e-05,-0.0004817046,-0.000110417655
Z82244.2,-8.919693e-06,-0.0002398133,0.0009851432,-0.0007961497,0.0025104042,0.0025697874,-0.00018858732,-0.0017648262,-1.0193999e-05,0.0007281147,-0.00042738116,0.00012107135,-1.2232792e-05,-0.00029256637,0.00038104196,-9.174523e-06,-3.262051e-05,-1.01939795e-05,-0.00028313484,-0.0017826699,-4.9950046e-05,-9.633271e-05,-3.8992144e-05,-0.00022910893,-0.00024669396,-1.682009e-05,-0.00025357495,-3.8227172e-05,-0.0003802365,-8.715815e-05
HMOX1,-0.00012819488,-0.0039924607,-0.006391621,-0.018988855,0.16741149,0.090971746,-0.0046126544,-0.043428678,-0.0002575037,-0.03822262,-0.010522199,-0.027161114,-0.00025169668,-0.0073895957,-0.028389646,-0.00016627897,-0.00080729584,-0.000244064,-0.0068115364,-0.037278373,-0.0011113386,-0.0023079696,-0.0008390032,-0.004334246,-0.0062008263,0.00060178887,0.0017614033,-2.1102993e-05,-0.0088278465,-0.002059528
PVALB,-2.672736e-05,-0.00071858685,-0.0010423722,-0.002100235,-0.008986136,-0.0016092286,-0.00056509406,-0.0049554156,-3.0545387e-05,-0.004243705,-0.0012806271,-0.0029811047,-3.665479e-05,-0.0008766588,-0.0029235454,-2.74911e-05,-9.7745746e-05,-3.054538e-05,-0.00084840757,-0.0053416556,-0.00014967387,-0.00028865453,-0.00011683682,0.04214536,-0.0007392026,-5.0400293e-05,-0.0007598228,-0.0001145461,-0.0011393516,-6.430719e-05
IL2RB,-0.00023280618,-0.0054995,-0.008041899,-0.019273052,-0.10711405,-0.015995752,-0.00071290345,-0.04005861,0.00010793996,-0.022092497,-0.003070148,-0.019778011,0.00026835914,-0.0016996699,0.023034485,-0.00023945874,-0.00081195176,-6.161282e-05,0.002211464,0.20580792,0.004280158,0.016761554,-0.00082507136,-0.0049832966,-0.0016164144,-0.0004326111,-0.006334996,-0.0007202967,0.009293952,-0.0021712172
LGALS2,-0.00012918492,-0.0066891834,-0.009682184,-0.021838559,0.2900752,-0.005564433,-0.0054137385,-0.049928192,-0.00026389884,-0.044116046,-0.012018708,-0.031784154,-0.00034046514,-0.008438026,-0.032642018,-0.000116647585,-0.0009817486,-0.000250446,-0.008187273,-0.04832962,-0.0014347285,-0.0026588577,-0.0010353428,-0.0042486223,-0.007232729,0.002046682,0.024613993,-0.0009627021,-0.010026273,-0.0024213903
LGALS1,0.00033262826,-0.008495385,-0.009402052,-0.04155976,0.26045176,0.04142125,0.00365357,-0.093495436,6.6958324e-05,-0.04597032,-0.0147280665,-0.058986336,0.0005490217,-0.008748501,-0.000612551,-0.00029072276,-0.0015081656,-0.00021764282,-0.013806555,0.0037534656,0.0009971272,-0.0035511942,0.0006512592,-0.0070228376,-0.01153797,0.001045699,0.01777302,-0.0015715327,-0.008114276,-0.0010762913
H1F0,9.063821e-05,-0.0040701237,-0.0060345153,-0.013185147,0.14027257,0.013770902,-0.0032819742,-0.022147885,-0.00015262776,-0.021760361,-0.006481859,-0.01775615,-0.00022274877,-0.0043836855,-0.020045424,-0.00011188549,0.002455732,-0.00018562289,-0.004893913,-0.02854235,-0.00090955116,-0.0016118237,-0.0007100096,0.0049623027,-0.004108376,0.00020252551,0.004185795,-0.0006573927,-0.0061760363,0.0014888215
MAFF,-6.599704e-05,-0.0026909686,-0.004671606,-0.010495523,0.030603912,-0.005303735,-0.0019544289,-0.02432197,-8.476458e-05,-0.010673453,-0.0026985551,-0.014730305,-4.539327e-05,-0.002402739,-0.0035232417,-0.00014102439,-0.0003752865,0.00011331123,0.0076384214,0.035097454,0.00013299682,0.010709434,-0.00040912582,-0.0030832882,-0.0031786433,0.00018798318,0.0054918174,-0.00047552117,0.002782977,-0.0014324948
APOBEC3A,-0.00023768187,-0.005761011,-0.0088602295,-0.019380998,0.2344481,0.04986553,-0.0048890784,-0.044972662,-0.00024763064,-0.039736398,-0.0106751025,-0.028467689,-0.00032456205,-0.00747872,-0.028864307,-0.000213709,-0.0009058488,-0.0002194264,-0.007509131,-0.04342421,-0.0012282392,-0.0023097992,-0.0010202406,-0.0036764175,-0.006307869,-0.00046319087,-0.004693447,-0.0010409397,-0.009265308,-0.0021391818
PDGFB,-4.7900805e-05,-0.0010741248,-0.0016640249,-0.0039605363,-0.009987811,-0.0013359278,0.0022954836,-0.004924405,1.627802e-05,0.0036959013,0.003573232,-0.004943586,9.686326e-05,0.001061976,0.008510544,-4.926978e-05,-0.0001751799,9.813033e-05,0.0013179978,-0.0065636523,-0.0002682447,-0.00051732984,-0.00020939564,0.009729677,0.0008665167,-4.413078e-05,0.00033607162,-0.00020528989,0.003641966,0.00073027646
AL031590.1,-4.3015483e-05,-0.0009696576,-0.0015171934,-0.0038394262,0.035092685,0.0031692777,5.851739e-05,-0.005896137,-4.9160746e-05,-0.004706316,-0.0012694334,-0.004910181,-5.89926e-05,-0.001410904,-0.005149363,-4.4244396e-05,-0.00015731358,-4.916073e-05,-0.0011539623,-0.008392541,1.9609352e-05,-0.0004645668,-0.00018803874,0.0038650893,-0.000543062,-8.111456e-05,0.0003868222,-0.00018435084,-0.001226767,-0.00028722078
GRAP2,-0.00020574732,-0.0039057177,-0.0063022124,-0.009003584,-0.08713575,-0.013627324,0.0018757008,0.013670544,0.00020158633,0.004680385,0.0017750543,0.026457034,0.00032440893,0.0042708335,0.017501594,-0.0001850147,-0.00059929723,-0.00017761727,0.0010940729,0.006598237,0.00013510286,-0.0015937745,-0.0008679837,0.049191177,-0.0012269515,-0.00024215196,-0.0054007256,0.00024270883,0.004313116,-0.0018576297
TNFRSF13C,0.00013937838,0.038568433,0.057657056,0.13120829,-0.07380245,-0.010724799,-0.003234934,-0.027165595,-9.1357346e-05,-0.020003712,-0.0059057316,-0.0147445835,-0.00017950592,-0.002056808,-0.017053528,-0.00016611951,-0.0005394575,-0.00018457636,-0.0039308844,-0.029541768,-0.00048293386,-0.0017151028,2.8343024e-06,-0.0031347119,-0.0016383289,-0.00030455238,-0.0042673303,-0.0001412846,-0.0052523385,-0.0013141112
CENPM,-8.1295715e-05,0.002484806,0.0063799764,0.014139357,-0.034065437,-0.005278846,7.313428e-05,-0.0064506456,0.0034661004,0.010601405,0.0016045814,-0.0052685686,0.0025116513,0.0009596747,0.0008634658,-8.361815e-05,-8.966398e-06,-9.290892e-05,0.0012377837,-0.008446835,0.014927051,-0.0005435635,0.0019233563,-0.0013449027,0.002991869,-0.00015330077,-0.0017489641,0.0005538841,-0.00035586636,-0.0007943794
TSPO,-0.00023350203,-0.012896049,-0.017462863,-0.03279807,0.31227916,0.02618363,-0.0024325068,-0.06224145,-0.00020003134,-0.034314614,-0.012012256,-0.04126357,-0.00029641396,-0.00884197,-0.029118873,-0.00038952922,-0.00036003528,-3.7045203e-05,-0.010519643,-0.044602934,-0.0014463464,-0.0017199098,-0.0011092215,-0.010757851,-0.0072403606,-0.0001851639,0.00993136,-0.0010306058,-0.011340504,-0.0035431439
UPK3A,0.0017942662,-0.0032371678,-0.0041636704,-0.009959875,0.08322096,0.024734996,-0.002251817,-0.0225587,-0.00013760655,-0.019932216,-0.005463702,-0.014184877,-0.00016512717,-0.0036392887,-0.0155711025,-0.00012384521,-0.00044033845,-0.00013760655,-0.0033686892,-0.022269819,-0.0006742719,-0.0012162934,-0.00052634464,-0.0023693254,-0.0030980653,0.0012706114,0.029209023,-0.0005160224,-0.0047048395,0.00048111108
SMC1B,-1.7473032e-05,0.0011143748,-6.446328e-05,-0.0015596019,-0.0045381775,-0.0012635539,-0.00036942953,0.0010070667,-1.9969204e-05,-0.0016106833,-0.0008372094,0.0010571241,0.0008049023,-5.313977e-05,-0.0018493024,-1.7972312e-05,-6.390122e-05,-1.9969233e-05,-0.0005546476,-0.0012730686,0.010721754,0.00011119342,0.00018256203,-0.00044880644,0.0001582921,-3.294919e-05,0.00014040734,-7.4884316e-05,-0.0007448514,0.00011646632
TTC38,-0.00012819112,-0.0034522659,-0.006052475,-0.013871635,-0.051814076,-0.009163367,0.00030712126,-0.030810544,-0.00014359278,-0.026250083,-0.0069357376,-0.019400066,0.00014102929,-0.004696794,0.028846165,-0.00016854888,-0.00041028965,-9.961441e-05,-0.004196506,0.15191384,0.003119128,0.00038882915,-0.00019660003,-0.0036617129,-0.0042179874,-0.00022722305,-0.0030496311,-0.000569788,0.006362861,-0.0015619075
GTSE1,-3.280931e-05,-0.00081281253,-0.0009514638,-0.0020423753,-0.0120635275,-0.0020604562,-7.486743e-05,-0.0049193483,0.005821141,-0.00364956,-0.0014100582,-0.002011104,0.002623235,-0.00090978603,0.0010638125,-3.374654e-05,0.00028727308,-3.749621e-05,-0.0007155916,0.0021085783,0.019381512,0.0006012939,0.0020800533,-0.0008427327,-0.00074397714,-6.186895e-05,-0.00064029754,0.00016825047,-0.0010277671,0.000906462
PIM3,0.000275893,-0.0035327023,-0.00448179,-0.015080801,0.20491575,0.015343325,-0.004287132,-0.043267723,-0.00012494126,-0.024317803,-0.006978903,-0.03298897,-9.24717e-05,-0.006025488,-0.024181586,-0.00022916192,-0.0006661239,0.00015182052,-0.0038900985,-0.040589996,-0.0009867686,-0.0008711746,-0.0006420665,-0.006192136,-0.005167824,9.773013e-06,0.0080679525,-0.0005938455,-0.0069754203,0.003400361
PLXNB2,0.00022936724,-0.0060667694,-0.0091901105,-0.020484395,0.23965572,0.04436548,-0.005030995,-0.047254298,-0.00024135373,-0.04150092,-0.011442072,-0.028215123,-0.0003221775,-0.007952191,-0.031745516,-0.00016144465,-0.00055688835,-0.00029153493,-0.0075750393,-0.04722524,-0.0012225962,-0.0026842842,-0.00093907054,-0.004645671,-0.006642928,-1.8728968e-05,0.005244329,-0.00104437,-0.00968942,0.0026488001
TYMP,0.00036350213,-0.006853362,-0.009739816,-0.028695168,0.3373863,0.052317187,-0.007304622,-0.07255703,-0.0002997559,-0.0548081,-0.015083318,-0.04531117,-0.00043850613,-0.010594538,-0.04306062,-0.0002185384,-0.0011881529,-0.00036181067,-0.010617624,-0.058269523,-0.0018730959,-0.0034112982,-0.00057833525,-0.006150742,-0.009503397,0.0006403694,0.01285774,-0.0015625609,-0.013893113,-0.0011903584
ODF3B,-4.2913915e-05,-0.004161345,-0.0058790245,-0.013559392,0.21722642,0.023995083,-0.004161296,-0.044144366,-0.00022573379,-0.033968855,-0.009294035,-0.02772877,-0.00028620116,-0.0066133942,-0.026147852,-0.00021077888,-0.0006462341,-0.00020214952,-0.0057264143,-0.03958802,-0.0010929863,-0.001788872,-9.4856645e-05,-0.0050367336,-0.0055739833,3.4241904e-05,0.0054195737,-0.0010647199,-0.008799786,-0.00063674117
SAMSN1,-0.00029859695,-0.003796471,-0.0054790755,-0.024596775,0.15610439,0.021915158,0.0005603751,-0.041025452,-8.896347e-05,-0.009853248,0.0012683697,-0.027865808,-0.000113001835,-0.0017147844,-0.0081741465,-0.00017810066,-0.0005962495,-0.000114724004,-0.0071721114,-0.028083935,-0.0010012614,-0.0020465115,-0.0007996263,-0.005361884,-0.0038114984,-0.00058548414,0.0022845962,-0.00074161554,-0.0058500045,-0.0027833758
NRIP1,0.00026352232,-0.0015902125,-0.005845579,0.0024696938,0.104990646,0.01347469,-0.0045828447,-0.015820563,-0.00022045929,-0.025238026,-0.005731908,-0.010348952,-0.0003300151,-0.0055119093,-0.025188878,-0.00024370391,0.0032356496,0.00027033483,0.009036784,-0.022333004,-0.0002094976,-0.00030439594,-0.0011089821,-0.0050416943,-0.0033106785,9.7707954e-05,0.005109529,-0.00016592434,-0.006119834,0.00029875248
BTG3,-3.895582e-05,0.0005366586,-0.0021552413,-0.0031903319,0.02009816,-0.0073711295,0.0019562666,-0.021105941,0.0006518196,0.0069458,0.0029146436,-0.013200221,0.00053441734,0.0010354184,0.01290425,-0.00014921991,-7.402737e-05,-5.5805435e-06,-0.000100311125,-0.002105649,0.0023912238,-0.0003389571,0.00036700568,-0.0024958088,0.00041660122,-9.471536e-05,-0.0013745932,0.00013342491,0.0016175181,0.0012973851
LINC02573,-2.052056e-05,-0.00055170525,-0.00046701066,-0.0014419351,-0.008905292,-0.001483919,-0.00043386177,-0.0024865863,-2.3451974e-05,-0.002846143,-0.0006537693,-0.0017787297,-2.8142369e-05,-0.00067306997,-0.0027591137,-2.1106805e-05,0.031588495,-2.3451963e-05,-0.00065137824,-0.0036393856,-0.00011491419,0.00017857375,-8.970367e-05,-0.0005270805,-0.0005675358,-3.8695664e-05,-0.00037714306,-8.794453e-05,-0.00087475753,-0.0002005136
MIR155HG,7.74176e-05,0.0042465045,0.0031009088,-8.787207e-05,0.041395403,0.0022002314,0.00025236612,-0.015106313,0.00016170021,-0.004077294,-0.00074344355,-0.009358938,-5.3959357e-05,-0.0024892618,-0.005122032,-0.00011276191,0.0008632595,-0.00012529129,-0.0017856973,-0.014504931,-0.0001980368,-0.0010548515,-0.00019562319,-0.0017264907,0.00027350208,-0.00014869317,0.0011462795,0.00015360254,-0.0012636659,0.004283979
APP,0.0017661224,-0.00088195864,-0.006005253,-0.0019338017,0.13861749,-0.0049410514,-0.0050259717,-0.016832165,-0.00014598464,-0.015986465,-0.007930795,-0.0201017,-0.00031088825,-0.0064770896,-0.032033674,-0.00015666157,0.00018429977,-0.0002269345,-0.006593272,-0.04810351,-0.0013824982,-0.002043319,-0.00088733353,0.02414954,-0.0036789426,-1.2904416e-05,0.0047671054,-0.0006783572,-0.008171531,0.021058092
MAP3K7CL,-7.7923505e-05,-0.00049035344,-0.00053446094,-0.0066954186,0.023609905,0.0005716214,-0.0019272747,-0.017506078,-0.00013451144,-0.014687217,-0.0038139713,-0.011023837,-0.0001161322,-0.003122121,-0.011804047,-0.00012105949,-0.0003439481,-6.0699498e-05,-0.003084621,-0.015966145,-0.0002991772,-0.000860786,-0.00039431092,0.07896561,-0.0024235244,-0.00014697682,-0.0026800064,-0.00043090084,-0.003826678,-0.00057451223
BACH1,-9.8992714e-05,0.00051432534,-0.0058637625,-0.0056718397,0.23560339,0.029835256,-0.00567272,-0.05091276,-0.00022237303,-0.042110447,-0.012064912,-0.0310018,-0.0002962558,-0.008253634,-0.032219037,-0.000291077,-0.0006465772,-0.00017311136,-0.00891004,-0.037033625,-0.0010093146,-0.0020765578,-0.0006456504,-0.005075664,-0.0049017547,0.00015430352,0.0018173323,-0.000793515,-0.009572164,-0.0024066956
OLIG1,-9.893625e-05,-0.0031941864,-0.0048025763,-0.011042069,0.1381886,0.022126017,-0.0025294914,-0.024650065,-0.00015017371,-0.021621644,-0.0061822524,-0.015347142,-0.00018020792,-0.0040382007,-0.017091688,5.238658e-06,-0.00044397305,-0.00015017373,-0.0039014635,-0.024887864,-0.00073584827,-0.0013062969,-0.0005608851,-0.0029781924,-0.0035685925,-0.00024778637,-0.0034838163,-0.0005631486,-0.0054350942,-0.0011278968
IFNGR2,-9.98516e-05,0.0024847805,-0.000784652,0.00014697193,0.26523522,0.036042497,-0.006495734,-0.0480436,-0.00032429543,-0.045853604,-0.014332293,-0.032661,-0.000406648,-0.008944762,-0.040931858,-0.00020290999,-0.00068221556,-0.00030046728,-0.010094987,-0.061201077,-0.0016757185,-0.0033711114,-0.00040822726,-0.0062358384,-0.0069099516,2.7293683e-05,0.0018944794,-0.0012969561,-0.012833902,-0.0017386238
ERG,-1.9178146e-05,-0.0005156216,-0.00074795017,-0.0012409675,0.00023479525,-0.0009719414,-0.00040548295,-0.0032686598,-2.1918e-05,-0.0032805605,-0.0009189062,-0.0019714008,-2.6301637e-05,-0.0006290472,-0.0020634653,-1.9726136e-05,0.019711513,0.0005052262,-0.00060877315,-0.0026442087,-0.000107398344,-0.00020712503,-8.38366e-05,0.00049652305,-0.0005304158,-3.6164707e-05,0.00045809778,-8.219236e-05,-0.00081753824,-0.00018739796
ETS2,-0.0001542102,-0.0062997765,-0.009108754,-0.020492367,0.23318373,0.024439678,-0.004559807,-0.042843077,-0.00018571693,-0.038062334,-0.010120255,-0.02763103,-0.00027738913,-0.007367007,-0.027684243,-0.00020177179,0.001809387,-0.0001455781,-0.0070882863,-0.045308024,-0.0013764509,-0.0023616455,-0.0011537628,-0.0042326804,-0.005941328,-0.00033330565,0.014713414,-0.0008676827,-0.0090343,-0.0013146531
MX2,-0.00016585445,-0.001862628,-0.004759677,-0.011690864,0.11250139,0.021740975,-0.0037822623,-0.012120307,-0.00025207092,-0.011106454,-0.0031864499,-0.011013307,-0.00028735268,-0.0033619218,-0.017645793,-0.00025286863,-0.0007034017,-0.00030848978,-0.0037687195,-0.031745095,-0.0011712355,-0.0015410408,-0.0014442346,-0.0067058676,-0.0030522298,-5.7703666e-05,0.003555445,-0.0002680789,-0.0053564683,-0.00018770834
MX1,0.00041303408,0.0022004165,0.0006866154,-0.0017513576,0.10216627,0.015523611,-0.0032966416,-0.026710948,2.4558722e-06,-0.016502738,-0.004733286,-0.018289877,-8.593859e-05,-0.00431275,-0.017280014,-0.00031000076,-0.00074752164,-0.00021743296,-0.005139849,-0.018895004,-0.0003245052,-0.0012754567,-0.0001951687,-0.0054842755,-0.0024731588,0.00036046852,0.0062573995,-0.00017166093,-0.004779323,0.005366622
LINC01678,-0.000101523525,-0.00055722427,-0.0032350454,0.0102078095,0.10449407,0.009536235,-0.0032808576,-0.016431712,-0.00018039245,-0.02032908,-0.005798698,-0.0129391765,-0.0002164683,-0.0038591106,-0.018058345,-0.00013363143,-0.00034905956,-0.00018039231,-0.0041871625,-0.028564038,-0.0008839171,-0.0014165492,-0.00054197223,-0.0034425557,-0.0022886319,-9.6484306e-05,0.007328398,-0.0005374652,-0.005194255,0.0012377347
AIRE,0.00026541794,0.0017239661,0.0005740386,0.0021214408,-0.010325998,-0.0015749775,4.6377547e-05,-0.0019298244,-3.6195353e-05,0.015050728,0.000121265664,0.0010615578,-4.343444e-05,0.0026754232,-0.0033062915,-3.2575834e-05,-0.0001158258,0.000247695,-0.0007441576,-0.0038883153,-0.00017735652,-0.000105412015,-5.1566978e-05,-0.0008134904,-0.00035135722,-5.9722355e-05,-0.00015252302,0.00017020741,-3.9523617e-05,-0.00030947
ITGB2,0.00011309379,-0.012537061,-0.019334104,-0.043561533,0.24196316,0.027496858,9.291141e-05,-0.08340478,-5.12329e-05,-0.061794385,-0.015065166,-0.055767935,0.00015116582,-0.013735126,0.0015772514,-0.00041008234,-0.0020017,-0.0002906074,-0.009273866,0.06974886,0.0017299318,0.0010114512,-0.0023583863,-0.013550465,-0.012898085,0.00018070129,0.008680543,-0.0009426784,-0.0017117334,-0.0040566307
COL6A2,-7.793471e-05,-0.0027068867,-0.004392972,-0.01005777,-0.055470083,-0.008364414,0.0009233034,-0.014024854,-0.00013840398,-0.014210558,-0.0015664259,-0.0019042309,4.005678e-05,-0.00094763027,0.034750283,-0.00010546026,-0.0002330505,-8.200769e-05,0.006830912,0.06708641,0.0011362514,0.0001911879,-0.000529395,-0.0023960087,-0.0021633129,-0.000228366,-0.0032897205,-0.0001241993,0.013238932,-0.001183357
S100B,-1.9859958e-06,-0.0025098566,-0.0033843818,-0.008478574,-0.045170605,-0.0007007683,-0.0019066519,-0.012700475,-3.767649e-05,-0.016294727,-0.0036284968,0.08155141,7.903647e-05,-0.0001660904,-0.006968638,4.0565443e-05,-0.00028798662,-4.5407767e-05,0.00084996846,0.018232882,0.00079574017,0.00077072193,-0.00043503608,-0.001647104,-0.0028460354,0.0020368637,-0.001213788,5.773862e-05,0.0047559734,-0.0007469484
MT-CO1,6.637776e-05,0.0050798627,0.0031390607,0.016273541,0.1711219,0.024322286,0.0018775016,-0.11419293,0.00020325622,-0.08418351,-0.012982383,-0.03290701,0.00038208746,-0.0113956025,0.011961615,-0.0015163133,-0.0010192577,-0.0003566994,-0.001972302,0.03882635,0.0007260481,0.00052154035,-0.00042445926,-0.011053994,-0.014378464,0.00027208193,0.009194065,-0.0004013777,0.006190967,-0.0033742434
AC141272.1,-2.6529726e-06,-7.13259e-05,0.0023559942,-0.0002367951,-0.001282519,-0.00019184515,-5.6091227e-05,-0.00052490586,-3.0319509e-06,-0.00045380896,-0.0001271146,-0.00032767997,-3.6383349e-06,-8.70169e-05,-0.00035670967,-2.7287654e-06,-9.702287e-06,-3.031952e-06,-8.421288e-05,-0.0005302068,-1.4856593e-05,-2.8651928e-05,0.002414891,-6.8143185e-05,-7.3373594e-05,-5.0026647e-06,-7.5419746e-05,-1.1369715e-05,-0.00011309145,-2.5923151e-05
AC233755.2,-1.276177e-05,0.0044474076,0.0021173405,0.014109347,-0.0061694128,-0.00092285307,-0.00026981905,-0.0025249938,-1.4584825e-05,-0.0013338902,-0.00061147154,-0.001576263,-1.7501874e-05,-0.00041858404,-0.0017159116,-1.3126435e-05,-4.667167e-05,-1.4584811e-05,-0.00040509328,-0.0025505323,-7.146562e-05,-0.0001378271,-5.5787248e-05,-0.00032779528,-0.00035295353,-2.4064955e-05,-0.00036279857,-5.4692944e-05,-0.00054401555,-0.00012470053
AC233755.1,-1.7365615e-05,0.0040341956,0.0013202636,0.013442044,-0.0077844127,-0.001255785,-0.00036715914,-0.0034359198,-1.984648e-05,-0.00243291,-0.0008320613,-0.0021449055,-2.3815652e-05,-0.0005695932,-0.002334949,-1.7861892e-05,-6.3508836e-05,-1.9846482e-05,-0.0005512382,-0.0034706458,-9.724741e-05,-0.00018754919,0.008602604,0.00021872166,-0.00048028608,-3.2746633e-05,-0.0004936823,-7.4424104e-05,-0.00074026996,-0.00016968702
