gene_name,ASDC,B intermediate,B memory,B naive,CD14 Mono,CD16 Mono,CD4 CTL,CD4 Naive,CD4 Proliferating,CD4 TCM,CD4 TEM,CD8 Naive,CD8 Proliferating,CD8 TCM,CD8 TEM,Eryth,HSPC,ILC,MAIT,NK,NK Proliferating,NK_CD56bright,Plasmablast,Platelet,Treg,cDC1,cDC2,dnT,gdT,pDC
HES4,-0.0011237466,-0.013037476,-0.033990394,-0.051378477,0.022115193,0.6248757,-0.02514423,-0.067638434,-0.0044479384,-0.06989594,-0.03806118,-0.06509937,-0.0073899264,-0.03232656,-0.06078757,-0.0038690253,-0.009480121,-0.004227023,-0.026369758,-0.027487554,0.00042054092,-0.02079105,-0.007287225,-0.028923413,-0.026714273,-0.0014563554,-0.001394145,-0.009303693,-0.029451013,-0.009198507
ISG15,0.0023337875,-0.018891007,-0.035792872,-0.08374684,0.1000522,0.16504337,-0.003483949,-0.10694052,0.021374946,-0.02761923,-0.019093635,-0.063787416,0.013488451,-0.030562716,-0.012398188,-0.010781357,-0.022302039,0.0028272327,0.002856622,0.07846248,0.016307933,-0.00019932954,0.013312265,-0.06484839,-0.03648687,0.007566112,0.028112167,0.009222324,-0.0012004273,-0.012682354
TNFRSF18,-0.0029552837,-0.01076928,-0.020919,-0.025739225,-0.13045324,-0.043715317,0.0027764824,-0.07952838,0.014641393,0.07998474,0.040778883,-0.059949256,0.010680815,-0.013041056,-0.010591843,-0.003076678,-0.00022243329,0.07984831,-0.004179645,0.26312724,0.03532052,0.15606199,0.0065062395,-0.023629222,-0.0050414265,-0.007809547,-0.026933463,-0.011781049,0.0044339765,-0.017815774
TNFRSF4,0.005338244,-0.026837075,-0.029294778,-0.045038696,-0.11831307,-0.035736002,-0.012091998,-0.05905741,0.012056783,0.29960576,0.089466944,-0.05628389,0.00055146636,0.0009978223,-0.03570242,-0.0057335277,-0.0003700807,0.06685465,-0.0117410105,0.06899209,0.00093553436,0.02580263,-0.0025904677,-0.023443317,0.025818853,-0.005762858,-0.025171377,-0.008789289,-0.0114507815,-0.014145741
HES5,-0.00022489144,-0.0011743656,-0.0014191414,-0.0021774822,0.001552883,0.014607874,-0.0010397558,-0.0033472783,-0.000240422,-0.0030873916,-0.001576896,-0.0025869026,-0.00026338207,-0.00129924,-0.002707729,-0.0002280812,-0.00043037557,-0.00024042198,-0.0012777611,0.0069744657,-0.00053285755,-0.000741047,-0.00047062046,-0.0011474494,-0.001191351,-0.00030889598,-0.0012081042,-0.00046597622,-0.0014852044,-0.0007046697
PRDM16,-0.00040023384,0.0054456387,-0.0025255985,0.00033323126,-0.010244223,-0.003471367,-0.0018504348,-0.0059571536,-0.0004278828,-0.005494511,-0.0028063718,-0.004603903,-0.00046875046,-0.0023122279,0.0021306726,-0.00040591572,0.12101628,-0.00042788507,-0.0022739896,-0.0001794528,-0.0009482978,0.034190364,-0.000837562,-0.002042163,-0.0021202015,-0.000549735,0.0051790983,-0.0008293094,0.015390888,-0.0012540742
RBP7,-0.010347948,-0.056064203,-0.06769154,-0.102178864,0.7092698,0.05293577,-0.05016793,-0.16252035,-0.010018721,-0.15126657,-0.07366611,-0.12587397,-0.013683928,-0.06509726,-0.12894323,-0.0017760905,-0.022359626,-0.012491002,-0.0628576,-0.16021019,-0.025739325,-0.037509695,-0.021269351,-0.048372313,-0.058546178,-0.016048037,-0.050868414,-0.023569878,-0.06877207,-0.03301664
PGD,0.0058016367,-0.04911417,-0.0508841,-0.10456591,0.63253695,0.055738322,-0.04989778,-0.15782835,0.003997324,-0.15057032,-0.07656953,-0.12317066,-0.0032315908,-0.062366817,-0.12745355,-0.0036733358,0.01379588,-0.013312047,-0.06750065,-0.15233551,-0.010230785,-0.035737313,-0.00208799,-0.018229464,-0.060089502,0.004719528,0.048340898,-0.022832958,-0.067932956,0.03717678
TNFRSF1B,0.0014591572,-0.05550966,-0.0877827,-0.1708302,0.61251056,0.29251227,-0.0038853479,-0.2742242,0.0001264919,-0.16106756,-0.06593631,-0.22169839,-0.0048261895,-0.08125736,-0.055547412,-0.012832224,-0.03862723,-0.021049205,-0.060221933,-0.03568605,-0.0079059,-0.047162965,-0.034956597,-0.08741776,-0.031837877,-0.021108674,0.034752782,-0.027375538,-0.04095317,-0.02466475
FAM131C,-0.00018361752,-0.0009588405,-0.0011586943,-0.0017778842,-0.0046997326,-0.0015925961,-0.0008489567,-0.002733039,-0.00019630292,-0.0025207582,-0.0012874918,-0.0021121977,-0.00021505148,-0.0010608063,0.0053601107,-0.00018622323,-0.00035139546,-0.00019630285,-0.0010432415,-0.0027484996,-0.0004350602,-0.0006050471,0.04008592,-0.0009368878,-0.00097270816,-0.0002522054,0.014988406,-0.00038046527,-0.0012126225,0.026535034
EPHA2,0.11907433,-0.0054080216,-0.006535207,-0.0067652077,-0.023328932,-0.008982265,-0.004788171,-0.015414616,-0.0011071694,-0.011803734,-0.007261679,-0.010512102,-0.0012129098,-0.005983071,-0.009775216,-0.0010503122,-0.001981911,-0.0011071701,-0.0058840443,-0.015501889,-0.0024537542,-0.0034124905,-0.002167234,-0.005284226,-0.005486182,-0.0014224624,0.000101567704,-0.0021458596,-0.006839413,0.5072254
PADI2,-0.0036030924,-0.029406125,-0.035647593,-0.05399322,0.38514706,-0.039805148,-0.025931263,-0.08699889,-0.0065637273,-0.081853025,-0.041407265,-0.068307966,-0.005010653,-0.034994103,-0.07015184,-0.0036226162,-0.01174947,-0.0065637077,-0.033399817,-0.087077074,-0.0123184975,-0.019374937,-0.010431003,-0.028593233,-0.03092487,0.019478763,0.06552531,-0.0127214,-0.03844873,-0.019237611
PADI4,-0.002632078,-0.032099795,-0.048834298,-0.062185373,0.38697013,-0.0518085,-0.035482492,-0.07524843,-0.008949014,-0.10472397,-0.055623278,0.0116697,-0.006638982,-0.038012557,-0.085863404,0.0028444554,0.0053504016,-0.008949005,-0.0464126,-0.09943284,-0.017267983,-0.01405569,-0.014866565,0.05643795,-0.03261973,0.0035561414,-0.021754917,-0.0060286666,-0.03345486,0.0020716465
PLA2G2F,-0.00012983549,0.022543501,-0.00081931095,-0.0012571218,-0.00332318,-0.0011261048,-0.0006002833,-0.0019325402,-0.0001388027,0.00781295,-0.0009103976,-0.0014934937,-0.0001520615,-0.0007500803,-0.0015632594,-0.00013167773,-0.0002484736,-0.00013880244,-0.0007376848,-0.0019434617,-0.0003076255,-0.00042781976,-0.00027170786,-0.00066246884,-0.00068780594,-0.00017833173,-0.0006974644,-0.00026902647,-0.0008574478,-0.00040681858
CDA,-0.012235542,-0.06020824,-0.070146,-0.11087163,0.6946613,0.1759398,-0.055125024,-0.17002417,-0.0084250765,-0.15772681,-0.08061298,-0.13116714,-0.014330288,-0.06711542,-0.1349587,-0.0033040338,-0.02254031,-0.011631854,-0.06362395,-0.17023715,-0.025876146,-0.036781244,-0.022557007,-0.051889632,-0.06198374,-0.014982251,-0.055916995,-0.024467362,-0.07483797,-0.034471862
C1QA,-0.0038472633,-0.019294763,-0.017644627,-0.03054055,0.00741104,0.4264656,-0.014178096,-0.05045139,-0.004113049,-0.043230347,-0.023364756,-0.036217127,-0.0045059426,-0.01932345,-0.038186494,-0.0039019105,-0.0031030735,-0.0041130404,-0.02037657,-0.044876393,-0.0073968326,-0.011422439,-0.0061201616,-0.010468726,-0.0156192975,-0.0023378448,0.049826365,-0.007971692,-0.020932421,-0.0041539674
C1QC,-0.0016998136,-0.008876234,-0.007755263,-0.013476348,-0.009028608,0.2342306,-0.007858984,-0.023230085,-0.0018172298,-0.02186152,-0.010578973,-0.016135335,-0.0019907958,-0.009820121,-0.02046605,-0.0017239206,-0.003252958,-0.0018172243,-0.009657722,-0.02269352,-0.004027517,-0.0028026707,-0.003557177,-0.0050186934,-0.0054827165,-0.0023347044,0.025485769,-0.0035220217,-0.011225568,-0.0053261444
C1QB,-0.0024545386,-0.0066381996,-0.010344314,-0.016151568,-0.014933269,0.26265898,-0.0071656248,-0.029353837,-0.0026240596,-0.026043195,-0.013490615,-0.022312108,-0.0028746994,-0.011940852,-0.019847643,-0.0024893684,-0.0046972744,-0.0026240684,-0.011667981,-0.020494293,-0.00581574,-0.008087892,-0.0021092712,-0.0048750164,-0.010557718,0.0012356284,0.054166026,-0.005085857,-0.011272267,-0.0035841246
ID3,-0.005970464,0.10611294,0.17060064,0.0690932,-0.055283688,-0.019888703,-0.024475545,0.043982964,0.008609764,-0.0018388652,-0.025071478,-0.0033459729,0.0020614883,-0.002737372,-0.054239627,-0.003405879,-0.001641316,-0.0036357557,-0.028958699,-0.07989881,-0.008411095,-0.018003104,0.0025552553,-0.025358565,0.08187697,0.0114657935,0.09272194,0.019098649,-0.02209239,-0.0144704655
CLIC4,-0.0016407392,0.030237345,0.044059854,0.070793234,0.31615007,0.035407677,-0.033254217,-0.11222323,-0.008497197,-0.102016784,-0.050053537,-0.08795878,-0.0074665807,-0.043888316,-0.087017745,-0.0060643353,0.0030821518,-3.5147543e-05,-0.041468374,-0.10827464,-0.015246724,-0.02276071,0.07619693,0.017040309,-0.04078603,-0.00092256995,0.03816369,-0.016468775,-0.0468318,-0.004234811
STMN1,0.030060148,-0.0024716663,-0.016916953,0.026644299,-0.19964777,-0.057755724,0.012053208,0.13341309,0.062033776,-0.023950674,-0.02605689,0.100002676,0.07021058,-0.0043741767,0.04275592,-0.0024378987,0.102120355,-0.0032220725,-0.005951745,-0.01258153,0.14022239,-0.009553053,0.025386868,-0.0306487,0.01677399,0.013263425,0.0069764997,0.027807308,0.029251812,0.15746863
CD52,-0.03578626,0.09961244,0.11666671,0.20069925,-0.27033195,0.1169746,0.13039115,-0.0348445,0.015228093,0.17775996,0.08033794,-0.06325234,0.030112378,0.052390493,0.15866102,-0.028911069,-0.05232151,0.011251458,0.021329576,-0.1603848,-0.039294835,-0.02208106,-0.03660128,-0.114150465,0.014333295,-0.04297988,-0.08028453,0.009997749,0.055677213,-0.08703936
ZNF683,-0.0049513853,-0.020312758,-0.023000633,-0.04027953,-0.10231344,-0.037286084,0.088623755,-0.06114483,-0.0021624146,-0.05362101,-0.023417171,-0.042657465,0.038330674,0.023280779,0.29451376,-0.0050217337,-0.007835219,-0.005293533,-0.02410891,0.069574706,0.0016829782,-0.0093896575,-0.010361907,-0.019351417,-0.024365442,-0.0045189145,-0.019440887,-0.008739075,0.118321076,-0.01146499
FGR,-0.0015124221,-0.03995037,-0.08955668,-0.10552802,0.6208338,0.23226613,-0.05104595,-0.2581002,-0.015642827,-0.23622832,-0.119898155,-0.19834715,-0.010333685,-0.09731623,-0.09852869,-0.0091893785,-0.029582905,-0.015826201,-0.09039877,0.06850657,0.0036738876,0.0019305226,-0.028561916,-0.07105173,-0.08962552,6.25101e-05,0.074476436,-0.035644896,-0.04807152,-0.05041925
IFI6,-0.013422837,-0.05537382,-0.071251586,-0.11250573,0.29862761,0.14476122,-0.023440612,-0.091937825,0.012271154,-0.081353374,-0.03129025,-0.07597041,0.008827499,-0.036788266,-0.051682115,-0.008586424,-0.0048513133,-0.002406595,-0.026387,-0.020727772,0.010704733,-0.016997835,0.0101775145,-0.026634067,-0.039765317,-0.020182557,0.037741337,-0.0047503277,-0.0246637,-0.046030298
THEMIS2,0.018881015,-0.025308434,-0.04479048,-0.12764676,0.5440098,0.203287,-0.029026264,-0.19904205,-0.00803167,-0.17803484,-0.091466345,-0.16139847,-0.008747876,-0.081708536,-0.122330464,-0.01108747,-0.017799918,-0.018417532,-0.06322989,-0.008207153,-0.016836515,-0.0335602,0.0038746733,-0.069954306,-0.07475159,0.012056761,0.10466042,-0.023601858,-0.06875819,0.042648636
PTAFR,-0.009506153,-0.049939018,-0.051288836,-0.097204745,0.6585752,-0.00020328032,-0.047477785,-0.15496854,-0.008570537,-0.14445636,-0.07170556,-0.121374816,-0.01169389,-0.06093893,-0.12279422,-0.0037931113,-0.00908698,-0.011761695,-0.059010725,-0.15496941,-0.022745874,-0.03524133,-0.020180598,-0.027660929,-0.055533964,-0.013058491,0.0607638,-0.022112325,-0.067562,-0.030636521
SPOCD1,-0.0012436755,-0.0064944355,-0.005826473,-0.012042095,-0.013318332,-0.0062939217,-0.0030170276,-0.01663173,-0.0013296016,-0.015068806,-0.008720673,-0.011977375,-0.001456606,-0.007185062,-0.013854883,-0.0012613378,-0.0023800838,-0.0013296021,-0.0070663043,-0.014871517,-0.0029468057,-0.0040980605,-0.0026026703,0.33203018,-0.0065884115,-0.0017082761,-0.004322429,-0.002576975,-0.008213519,0.004111097
MARCKSL1,0.02383875,-0.008641696,0.07952753,0.08482117,0.04215322,0.20295998,-0.034828927,0.06693092,0.013751387,-0.027953617,-0.048114963,-0.04476377,-0.0006397385,-0.035384227,-0.079859704,-0.011514368,0.030421877,-0.0115691,-0.06295015,-0.10420878,-0.017276924,-0.03779693,-0.014328723,-0.05596677,-0.022157371,0.04487359,0.047798228,0.0018249416,-0.04460684,0.0114140725
RNF19B,-0.0044575683,-0.029335402,-0.032221496,-0.07507823,0.4210169,0.074683584,-0.024498409,-0.12900588,-0.0011049834,-0.09583943,-0.04961408,-0.09870885,-0.0028964884,-0.041379437,-0.073053256,-0.0047647306,-0.011193754,0.0010650937,-0.038622193,-0.08533531,-0.014299836,-0.017719267,-0.0023493466,-0.041171934,-0.043504845,0.006916065,0.041464332,-0.017670175,-0.043440092,-0.01702442
GJA4,-0.00033103907,-0.001728697,-0.0020890431,-0.0032053248,-0.005990556,-0.002871293,-0.0015305923,-0.00492737,-0.0003539154,-0.004544624,-0.0023212235,-0.0038079969,-0.00038771247,-0.0019125096,-0.0039857794,-0.00033573838,0.072979465,-0.00035391486,-0.0018809135,-0.004955359,-0.00078437675,-0.0010908168,-0.0006927837,0.082161956,-0.0017536649,-0.00045469782,-0.001778359,-0.000685937,-0.0021862404,-0.001037276
CLSPN,-0.0028123457,-0.010352987,-0.0087354835,-0.015056737,-0.010104926,0.027639309,0.0017421748,-0.03258444,0.15447205,-0.02063453,-0.0074116183,-0.026603682,0.150542,-0.00933755,-0.00063492917,-0.0028522315,0.00910968,0.00220234,-0.012960592,0.005072832,0.37064683,0.002700325,0.06071815,-0.01209447,-0.013824985,0.0041827355,0.022645839,-0.0031577754,-0.008987331,-0.0016955984
AL354864.1,-0.00020529261,-0.001072028,0.010939459,-0.0019877302,-0.0012508833,-0.001780588,-0.00094916136,-0.003055709,-0.00021947245,0.0032507398,-0.0014395082,-0.002361477,-0.00024044,-0.0011860273,0.0042994735,-0.00020820505,-0.0003928713,-0.00021947248,-0.001166399,0.0025900987,-0.00048641907,-0.0006764641,-0.00042961718,-0.0010474792,-0.0010875404,-0.00028197956,-0.0011028223,-0.00042537253,-0.0013557625,-0.0006432539
CSF3R,-0.0030959263,-0.06751605,-0.0850192,-0.13011737,0.85960424,0.03734857,-0.06397759,-0.20585349,-0.014686169,-0.19054668,-0.095202796,-0.15808468,-0.015604799,-0.08194156,-0.16588771,-0.006897712,0.005386495,-0.015610107,-0.08037569,-0.20246476,-0.03283245,-0.046492055,-0.025653677,-0.056511506,-0.07209213,-0.008801136,0.09113227,-0.02837694,-0.08841992,-0.031810597
ZC3H12A,0.0016514746,-0.022901053,-0.027702581,-0.05144853,0.2801168,0.017013516,-0.014609967,-0.105552725,-0.00011315491,-0.05206016,-0.021226171,-0.07937545,-0.0014830625,-0.024067542,-0.04487206,-0.0041214,-0.012612809,-0.006117512,-0.007521152,-0.033526715,-0.011189789,-0.008892951,-0.0025053702,-0.040389247,-0.032063533,-0.0023741368,0.03506154,-0.0048055397,-0.019030776,-0.0027932012
CDCA8,0.0061903712,0.0057949913,-0.00022850782,-0.005274695,-0.021928921,0.005776075,-0.0017069184,-0.012555033,0.17336026,-0.009299569,-0.0002941443,-0.015212549,0.088052385,-0.0024492398,-0.0004077405,0.006062032,0.004812996,-0.0020492016,-0.0050303997,0.0013148879,0.23020938,-0.0013386371,0.03870255,-0.008166709,-0.0054535945,0.0032673124,0.0004285404,0.003959255,-4.378142e-06,-0.0008020932
MTF1,-0.0052358094,-0.019123306,-0.035563648,-0.053940084,0.3511046,0.106145315,-0.022425955,-0.10729275,-0.0011497902,-0.08794287,-0.04309639,-0.078425236,-0.0037854468,-0.034290638,-0.061288197,-0.0058958577,-0.011613304,-0.0073438426,-0.038519915,-0.08278552,-0.008941378,-0.011214161,-0.0005265457,-0.04010593,-0.039020758,-0.006553944,0.018828884,-0.010444997,-0.03888188,-0.014968232
MFSD2A,0.00921351,-0.021791687,-0.030693859,-0.045299526,0.2989528,0.010556037,-0.024329467,-0.07728742,-0.005783792,-0.07058638,-0.037040308,-0.060241472,-0.0014387076,-0.029621018,-0.05844004,-0.0025952915,-0.01035341,-0.005783791,-0.027970262,-0.07352311,-0.008927523,-0.015976815,0.009385191,-0.022645291,-0.028065499,0.02014275,0.05024582,-0.011209829,-0.032370724,0.045559708
PPT1,0.0077481945,-0.05542354,-0.064454995,-0.107402176,0.5381013,0.1539382,-0.0445327,-0.13572884,0.0010274954,-0.1241564,-0.066547275,-0.09198339,0.0021889512,-0.050781652,-0.1171114,-0.008234687,-0.00598812,-0.0051571303,-0.061999142,-0.16270244,-0.018753584,-0.039080642,-0.011424964,-0.067454346,-0.049321465,0.051854342,0.11866852,-0.030564858,-0.067705914,-0.016808493
CITED4,0.0069653154,-0.048485544,-0.055247523,-0.08232154,0.1736993,-0.02450679,-0.03665518,0.10326703,-0.011140781,-0.010038432,-0.011515308,0.05617413,-0.009474591,-0.0052725235,-0.08611083,-0.009107115,-0.010098725,-4.308441e-06,-0.028432691,-0.12662503,-0.022582658,-0.023979574,-0.017566232,-0.044462264,0.0078510055,0.0077299117,0.040015124,-0.013226671,-0.038018275,-0.013913995
CDC20,-0.0012091447,-0.0038174966,0.0007035639,-0.007522431,-0.021413902,-0.0012362468,-0.0027746314,-0.013152532,0.22742645,-0.011432061,-0.0065912786,-0.007914489,0.18553811,-0.004717366,-0.0064819464,-0.0012262899,0.011154574,-0.0012926856,-0.0045619416,-0.003624078,0.1823816,0.0038735408,0.12677936,-0.006169501,-0.0064054253,0.007694007,0.008077604,0.003713541,-0.0059899213,-0.00378873
KIF2C,-0.0012773101,-0.0042959657,-0.004123202,-0.009720673,-0.0185094,-0.0066989674,-0.0032370002,-0.008918719,0.29503518,-0.0057856934,-2.618622e-05,-0.007884173,0.12339519,-0.0030829113,-0.011008837,-0.0012954485,0.010283638,0.01006731,-0.0028941154,-0.013633311,0.28583097,-0.0042089275,0.07306271,-0.0016713908,-0.006766511,-0.0017544534,-0.0045593283,-0.0026466665,-0.008435595,-0.00010103024
PLK3,-0.00028889306,-0.04512098,-0.057263777,-0.09692771,0.41100752,0.09772936,-0.039030537,-0.067995675,-0.0061594215,-0.03394271,-0.027658807,-0.076824196,-0.008615598,-0.01505467,-0.107656956,-0.004602986,-0.019384814,-0.007082524,-0.028390812,-0.1613328,-0.023260178,-0.034076147,-0.015746053,-0.053951286,-0.018089103,0.015957534,0.01639394,-0.0139315855,-0.05706184,-0.018612804
LINC00853,-0.0013357345,-0.0069752354,-0.008429185,-0.009145865,-0.013872351,-0.011585482,-0.003630561,-0.019881794,-0.0014279935,-0.016470106,-0.0076637454,-0.013197293,-0.0015644022,-0.0056681265,-0.013998561,-0.0013546993,0.0035264734,0.00946336,-0.007589226,-0.018251201,-0.0031648949,-0.0044014207,-0.0027953256,0.36634025,-0.007076071,-0.0018347005,-0.0071756262,-0.0027677284,-0.0070181796,-0.004185371
PDZK1IP1,0.0044870162,-0.010651681,-0.013370877,-0.020727303,-0.0076334854,-0.0125629185,-0.007622533,-0.03054999,-0.0024516652,-0.028208142,-0.016080027,-0.024476124,-0.0026858335,-0.010852305,-0.02639218,0.091306455,0.0062618167,-0.0024516678,-0.010592726,-0.028716335,-0.0025611296,-0.0075563937,-0.004799097,0.52769804,-0.010842666,0.0067286324,-0.0072003934,-0.0014772626,-0.014090185,0.0015238944
TAL1,-0.002162253,-0.008492284,-0.013644736,-0.017021213,-0.016070202,-0.013569106,-0.00999706,-0.025675034,-0.0023116148,-0.025056008,-0.011991339,-0.022855964,-0.0025324211,-0.0112215765,-0.02150777,0.054475054,0.13146524,-0.0023116225,-0.010991001,-0.029122248,-0.00512318,-0.007124848,-0.0045249714,0.48238757,-0.011454594,-0.0029699574,-0.010258645,-0.0044802907,-0.009808495,-0.002166013
ELAVL4,-0.00072323426,-0.0037766728,-0.004563868,-0.004670799,-0.015098988,0.073605865,-0.0033438234,-0.009148092,-0.00077319605,-0.008203328,-0.0050712214,-0.006317879,-0.00084703986,-0.00417826,-0.0048578167,-0.00073349447,0.021109793,-0.0007731955,-0.004109116,-0.0059943395,-0.001713611,0.0041738437,-0.0015135072,-0.0036902435,-0.0038312613,-0.0009933708,0.061034746,-0.001498565,-0.004776284,-0.002266134
TTC39A,0.064269245,-0.006203349,-0.0074963444,-0.008655516,-0.022092126,-0.0071672862,-0.005492404,-0.015707696,-0.0012699926,-0.014203211,-0.0025706145,-0.009999381,-0.001391277,-0.0045548417,-0.008425458,-0.0012047961,-0.0022733912,-0.0012699929,-0.0067494465,-0.013848714,-0.0028146722,-0.0039143786,0.0037694261,-0.0008453028,-0.0062930277,-0.0016316536,-0.0039068162,-0.0024614236,-0.0078451885,0.5087293
AC119428.2,0.07197183,0.055194356,0.061566643,0.005011494,0.034345176,-7.214571e-05,-0.015458366,-0.039057594,0.0002752116,-0.030041542,-0.021654468,-0.028382171,-0.004168459,-0.01660367,-0.031116573,-0.0036096873,-0.006811281,-0.0038050257,-0.01780369,-0.050228976,-0.0047029844,-0.00895573,-0.0074482444,-0.016374275,-0.011046046,0.033320554,0.07151081,-0.005223705,-0.02001386,0.36400777
AC119674.2,-0.00018361835,-0.00095884776,0.012521144,-0.0017778687,0.0042521,-0.0015925885,-0.0008489518,-0.0027330953,-0.00019630235,0.004264304,-0.0012875231,-0.002112156,-0.00021505184,-0.0010608204,-0.0022108138,-0.0001862247,-0.00035139665,-0.00019630206,-0.0010432629,-0.0027484766,-0.00043505782,-0.00060503924,-0.00038426043,-0.0009368894,-0.0009727099,-0.00025220707,-0.0009863818,-0.00038046623,-0.001212652,-0.0005753522
TACSTD2,-0.0014218935,-0.007425194,-0.008972963,-0.013767664,0.07211301,-0.009707634,-0.0065742224,-0.021164406,-0.0015201755,-0.018639391,-0.009970418,-0.01635622,-0.0016653555,-0.008214715,-0.01712005,-0.0014421082,-0.0027212016,-0.0015201748,-0.008078872,-0.021284088,-0.0033690443,-0.0046853744,-0.0029756369,-0.00725514,-0.007532635,0.26118454,0.0130126765,0.023600841,-0.0076874043,-0.004455408
JUN,-0.01062529,0.07251417,0.06800559,0.18908833,0.26238883,-0.103233315,-0.023384117,-0.13179675,-0.011596889,0.019659253,0.0044520674,-0.11888616,-0.007165374,-0.009422648,-0.067104965,-0.009690129,0.0141784595,0.005552689,-0.03831294,-0.12939037,-5.279366e-05,-0.034091715,0.016005551,-0.08089603,-0.006301862,-0.014479703,-0.005523243,-0.021155108,-0.049870223,-0.027499251
L1TD1,-0.0026505778,1.4581503e-05,-0.0023457021,-0.015352611,-0.010255798,0.33870935,-0.010941927,-0.03407455,0.008121976,-0.027799224,-0.016840547,-0.028827952,-0.0031043687,-0.014269406,-0.024975862,-0.0026882698,-0.005072558,-0.0028337443,-0.0150601575,-0.034307286,-0.006280375,-0.00692734,0.002910968,-0.012333235,-0.012902276,-0.0036407416,-0.00979906,-0.0054922523,-0.011961406,0.006794094
AK4,-0.0027719762,-0.013360817,-0.014711225,-0.021876596,0.16069861,-0.0192922,-0.010303815,-0.037821684,0.002274933,-0.032997403,-0.016085314,-0.026036933,-0.003246484,-0.015001213,-0.025674736,-0.0028112847,0.01239208,-0.0029634277,-0.015749525,-0.031605292,-0.0065677837,-0.009133948,-0.0031188037,-0.0141438255,-0.010298541,-0.0038073515,0.0042223893,-0.005743643,-0.015646014,-0.006861403
PDE4B,-0.0030214407,0.06141145,0.032945946,0.13145076,0.26917657,-0.040700063,-0.029809281,-0.11912355,-0.0057399278,0.003056661,0.043899965,-0.09585022,-0.008210898,-0.013248478,-0.07881574,-0.0128362775,-0.023243178,-0.008861168,0.017890608,-0.18611303,-0.028880391,-0.009930738,0.019329244,-0.06599638,-0.03780052,0.015570186,0.031412274,-0.02038478,-0.040800635,0.02200171
GADD45A,0.007138679,-0.020604625,-0.008386277,-0.051488943,0.011407228,0.0051834728,-0.005704045,-0.04747198,0.016043704,0.016958144,0.0057421303,-0.027141644,0.008737645,-0.009203009,-0.006814225,0.0089906985,0.028994605,-0.0026944634,0.016103242,0.011064865,0.018787595,0.0013914971,0.036355622,0.09533517,-0.00660347,0.009148992,0.020638335,0.0063778297,0.014804857,0.02100498
DEPDC1,-0.0009141606,-0.0047737085,-0.0030162556,-0.005161906,-0.014393898,-0.005890992,-0.004226559,-0.011045528,0.22159512,-0.0057221586,-0.003918457,-0.008930036,0.11507008,-0.005281309,-0.0018606734,-0.0009271199,0.016031845,-0.0009773162,-0.002149233,-0.011135436,0.18497677,-0.0030122662,0.08756368,-0.0012827294,-0.0015810287,-0.0012556254,0.004721152,-0.0018941661,-0.0034007384,-0.0028644248
ST6GALNAC5,NaN,NaN,NaN,NaN,NaN,NaN,NaN,NaN,NaN,NaN,NaN,NaN,NaN,NaN,NaN,NaN,NaN,NaN,NaN,NaN,NaN,NaN,NaN,NaN,NaN,NaN,NaN,NaN,NaN,NaN
NEXN,-0.0021428107,-0.003967255,-0.0053910655,-0.01566955,0.1417541,0.035037305,-0.016435372,-0.05594836,-0.0027738542,-0.05271971,-0.025865417,-0.045223333,-0.0035470303,-0.021736141,-0.04208724,0.0008065991,-0.0019511651,-0.0055627055,-0.023306178,-0.048029,-0.0031595398,-0.010368072,-0.006601139,0.200502,-0.025121415,-0.004950157,0.017347613,-0.0077663152,-0.027470805,0.011305912
AC103591.3,0.012443462,0.018319732,-0.0015231356,0.0013025746,0.36788467,0.029490642,-0.029051388,-0.12266905,0.004797547,-0.09827992,-0.04921528,-0.07529679,0.0005936028,-0.037894953,-0.09569839,-0.0066352775,0.014265274,-0.0075066546,-0.037578434,-0.096528694,-0.007882073,-0.013314343,0.008189176,-0.04181011,-0.041429292,-0.00579751,0.04785488,-0.01596817,-0.052905843,0.062424462
IFI44L,0.0047381036,-0.0058218655,-0.029141897,-0.012492231,0.28599426,0.08919029,-0.03940991,-0.092205465,-0.0031169062,-0.018812886,-0.01624036,-0.08542549,-0.009143936,-0.033434875,-0.10003081,-0.007993645,-0.008473706,0.0010207851,-0.02558991,-0.08472293,-0.012369232,0.0053642476,-0.019617647,-0.04889374,-0.04999827,-0.01162051,0.036366384,-0.017492888,-0.047715444,0.060781293
IFI44,0.000669426,-0.02636444,-0.04941903,-0.06323122,0.30531424,0.06936655,-0.025139306,-0.10889958,0.004614869,-0.022000818,-0.009104867,-0.07548923,-0.0006319879,-0.031108985,-0.08256912,-0.0056291823,0.0029653048,-0.0010148585,-0.010794425,-0.07037845,-0.00455526,-0.012786248,-0.014540523,-0.044248547,-0.04427322,-0.0072678463,0.045540202,-0.013592585,-0.03517144,0.014308584
LINC01781,0.00041693723,0.09700761,0.5432654,0.1699108,-0.08420355,-0.025409099,-0.015417939,-0.051850665,-0.003996734,-0.047623836,-0.024973715,-0.03715341,-0.0043784487,-0.017178185,-0.04085877,-0.0037915227,-0.0049592266,-0.0039967257,-0.018974593,-0.05027111,-0.007083052,-0.012318695,0.09721188,-0.016533365,-0.019804556,-0.0051349513,-0.01851354,-0.007746285,-0.02272844,-0.010332941
LINC01362,-0.00012983622,-0.0006779966,-0.00081930816,-0.0012571175,-0.0033231755,-0.0011261008,-0.0006002805,-0.0019325418,-0.0001388018,0.007812778,-0.0009103994,0.009641263,-0.0001520613,-0.00075007725,-0.0015632665,-0.00013167839,-0.00024847587,-0.00013880154,-0.0007376845,-0.0019434625,-0.00030762397,-0.0004278197,-0.00027170873,-0.00066246756,-0.0006878084,-0.00017833167,-0.0006974607,-0.00026902786,-0.0008574474,-0.00040681683
COL24A1,0.042570863,-0.009197657,-0.011114798,-0.017054122,0.015840542,-0.0025314623,-0.008143465,-0.024878923,-0.0018830198,-0.009911247,-0.012350432,-0.020260911,-0.0020628674,-0.0086113205,-0.020410273,-0.0017863534,0.075391985,0.03141089,-0.010007417,-0.025698293,-0.004173323,0.029498225,0.025852442,0.017537054,-0.00933071,-0.0024192913,-0.002775689,-0.0036495568,-0.010258584,0.37256292
AC099062.1,-0.00036727398,-0.0019178576,-0.0023176167,-0.0035561086,0.0017908666,-0.0031854804,-0.0016980431,-0.0054666344,-0.00039263832,0.0017431156,0.009799508,-0.00028787387,-0.000430141,0.012768153,-0.0044220197,-0.0003724792,-0.00070286315,-0.000392641,-0.0020866897,0.007168031,-0.0008702059,-0.0012102039,-0.0007685737,-0.0018739448,-0.0019456188,-0.00050445914,-0.0019729803,-0.00076099875,-0.0024254725,-0.0011507786
LMO4,0.017069247,0.008067768,0.03556236,-0.039775714,0.2382849,0.098881274,-0.015029397,-0.17258498,0.0056817373,-0.10128214,-0.03878589,-0.10007999,0.006365394,-0.033647418,-0.063897066,-0.01038508,0.037288748,0.008551787,-0.0085903555,0.037869766,0.030024782,0.033472225,0.044420324,-0.062612705,-0.07367332,0.029369948,0.09159508,-0.026803784,-0.022673918,0.062356465
GBP1,-0.013547509,-0.045528833,-0.06500913,-0.10266732,0.12047547,0.16519499,-0.006688347,-0.06505549,0.030149583,-0.01978436,0.0029388585,-0.0076966994,0.020749494,0.0023424744,0.0022131465,-0.0104194,-0.017024945,-0.011356731,-0.017245041,-0.041398663,0.006985574,-0.015917027,-0.019139796,-0.054838046,-0.014809839,-0.017796578,0.057286765,0.0016721286,0.0032629739,-0.037395213
GBP2,-0.017119301,-0.0661147,-0.09441307,-0.14111578,0.18670772,0.12013746,-0.009460884,-0.09140585,0.026756579,-0.037163816,0.003561713,-0.050914105,0.013181579,-0.009353625,0.013736251,-0.012089317,-0.016942946,-0.0032283547,-0.0005221319,0.051202472,0.0030798651,-0.0072855204,-0.032241467,-0.07335424,-0.005418361,-0.023494033,-0.0385081,0.012369722,0.003938661,-0.049026303
GBP4,-0.010748884,-0.0333112,-0.05320754,-0.051423337,0.016361794,0.1623696,-0.011773809,-0.04736932,0.022255896,-0.02200002,0.010333667,-0.042338215,0.014861298,-0.006129251,-0.0034361584,-0.01063732,0.016855268,0.0025870164,-0.028790021,0.09632504,0.025372442,0.04237837,-0.025577322,-0.056249063,-0.03016152,-0.016142374,0.0034443177,-0.0009639352,-0.0033785407,-0.04186667
GBP5,-0.013511759,-0.04955372,-0.063108325,-0.088526435,-0.08516072,0.032514032,0.062994316,-0.09904528,0.014177583,-0.014238484,0.065810524,-0.07987215,0.018367734,0.0011367442,0.1136207,-0.00898972,-0.01759949,-0.0055667283,0.084209375,0.21320859,0.039825197,0.021115901,-0.017248308,-0.055423528,0.012664445,-0.011986258,-0.05087104,-0.019501245,0.058661208,-0.038973656
TGFBR3,-0.0039116275,-0.04147921,-0.051144246,-0.08175695,-0.20949307,-0.06792184,0.11975503,-0.11063316,0.019840695,-0.048998695,0.0019563215,-0.083628155,0.038143415,-0.026108645,0.22176081,-0.0041383686,-0.015495518,-0.0026823166,0.047289543,0.40339312,0.07454485,0.04144999,-0.012411439,-0.040294778,-0.038581952,-0.012441898,-0.043689594,-0.012291447,0.10480339,-0.02048408
EVI5,0.0032684095,-0.006062872,-0.013962093,-0.040754467,0.47534624,0.18923625,-0.04730172,-0.14398591,-0.008720479,-0.13686773,-0.070761144,-0.11645556,-0.012499534,-0.058099736,-0.115143,-0.006293809,-0.010755465,-0.011409662,-0.058703154,-0.14190808,-0.02385491,-0.034602907,0.017894194,-0.045679957,-0.051066052,-0.0069983443,0.09622248,-0.021160416,-0.06304286,-0.004666248
FNBP1L,0.019172035,0.03810583,0.02258319,0.046993386,-0.012478445,-0.015319701,-0.013102249,-0.021615304,-0.0030295663,0.008052588,-0.011717944,-0.014510045,-0.0033189731,-0.0104945935,-0.03062025,0.00252659,0.05229199,0.0073956456,-0.014096053,-0.037390765,-0.006714512,-0.0059329835,0.007216942,0.10171824,-0.010718065,0.048083976,0.038884327,-0.005871763,-0.01613477,0.10997093
F3,0.0032056547,-0.013900944,-0.015840432,-0.02254718,0.16953675,-0.0026220041,-0.0123079,-0.03828412,-0.0028459276,-0.0346331,-0.016925469,-0.028956478,-0.0031177595,-0.015378926,-0.030451018,-0.002699779,-0.005094424,-0.002845927,-0.011926927,-0.038509082,-0.0063074217,-0.008771653,-0.0027793054,-0.00886717,-0.014102029,-0.003656369,-0.0076619033,-0.005515792,-0.017580448,-0.004577097
DPYD,-0.014216824,-0.07124642,-0.0950462,-0.11425787,0.5682124,0.033076093,-0.039386734,-0.12008946,-0.005392782,-0.11048512,-0.045658085,-0.10662291,-0.0110527165,-0.04376065,-0.10453442,-0.00794694,-0.01912757,-0.010426041,-0.05032892,-0.12749869,-0.015701225,-0.011138644,-0.03234962,-0.041590486,-0.05596004,-0.018169507,0.055418458,-0.022122279,-0.05341932,-0.044045217
LINC01307,-0.00018361847,-0.0009588473,-0.0011586937,0.016563915,-0.0046998234,-0.0015925885,-0.00084895163,-0.0027330923,-0.00019630231,-0.0025207575,-0.0012875219,-0.0021121562,-0.00021505315,-0.0010608186,-0.0022108112,-0.00018622461,-0.00035139636,-0.00019630196,-0.0010432639,0.009915684,-0.00043505811,-0.00060503907,-0.00038426006,-0.0009368902,-0.00097272295,-0.00025220538,-0.0009863826,-0.0003804659,-0.0012126503,-0.00057535147
SORT1,-0.007120359,-0.04515018,-0.05280766,-0.079759434,0.4385786,0.21940379,-0.038527522,-0.12800486,-0.007943556,-0.118944064,-0.059674367,-0.096734375,-0.010470818,-0.04950436,-0.10133381,-0.0019731494,-0.013272948,-0.009557884,-0.048874002,-0.12551546,-0.017915498,-0.027547272,-0.0126356315,-0.023045538,-0.046951156,-0.011020959,0.061765097,-0.018524626,-0.05578589,0.0068792943
CHI3L2,-0.0058488343,0.03774644,0.0051464206,0.11060026,-0.10584998,-0.041390754,-0.012242565,0.118083656,0.006309708,-0.048250716,-0.025251923,0.009873329,0.007005923,-0.023507763,0.019938977,-0.005931923,-0.009634635,-0.0062530832,-0.023060163,0.048943307,0.007333856,-0.013290545,0.0005122096,-0.026418813,-0.025040297,-0.008033796,-0.019847132,0.020425389,0.011259083,-0.015755335
C1orf162,0.011867386,-0.048674703,-0.095219634,-0.051671434,0.48256466,0.21541776,-0.082904615,-0.09707283,-0.01798999,-0.15622993,-0.1277365,-0.13380744,-0.023645123,-0.066192,-0.18439268,-0.012189515,-0.026279949,-0.0011092123,-0.110259525,0.0106483735,-0.0040130066,0.014509708,-0.04235177,-0.081335716,-0.08415916,0.050188553,0.15472026,-0.03706754,-0.08660397,-0.00459636
LINC01750,-0.00083185575,-0.0043440107,-0.005249455,-0.008054583,-0.005475439,-0.007215134,-0.0038461227,-0.00816819,-0.0008893386,-0.009921488,-0.0058329348,-0.00956905,-0.0009742763,-0.004805858,-0.008343642,-0.00084367883,-0.0015919661,-0.0008893365,-0.004726392,-0.01245202,-0.0019710083,-0.0027410951,-0.00174084,0.19996165,-0.004406817,0.0804147,-0.0044687986,-0.0017236694,-0.005493727,-0.0026065684
RHOC,0.030630026,-0.03559836,-0.042351775,-0.07952724,-0.11302055,0.3465742,0.012711619,-0.15436617,-0.0025502108,-0.09312283,-0.02689506,-0.12318896,0.007124097,-0.042583924,0.029115885,-0.011341158,0.012494711,-0.002592487,0.0065740393,0.3095363,0.048477244,0.043096922,-0.022409849,0.011612331,-0.0506039,0.029654676,0.11099952,-0.02186892,0.018852895,0.024770563
PPM1J,0.070624344,0.004021121,0.0021797796,0.0005570868,-0.027825657,0.011235645,-0.008954595,-0.025783837,-0.0020705543,-0.023991019,-0.011213928,-0.017002657,-0.0022682885,-0.0069085527,-0.021868385,-0.0019642124,-0.0037064308,-0.0020705443,-0.009555916,-0.02413765,-0.0045889136,-0.006381772,-0.0040530297,-0.0082687605,-0.0087048765,0.26706234,0.05188805,-0.00401304,-0.01153493,0.48351055
LINC01356,-0.0001836183,-0.000958847,-0.0011586946,-0.0017778741,-0.0046998197,-0.0015925888,-0.0008489516,-0.0027330904,-0.00019630231,-0.0025207582,-0.0012875211,-0.0021121562,-0.00021505289,-0.0010608176,-0.0022108105,-0.00018622457,-0.00035139624,-0.00019630186,-0.0010432636,-0.0027484817,-0.0004350585,-0.00060503895,-0.0003842598,-0.0009368899,-0.00097271055,0.12290217,0.030965148,-0.00038046567,-0.0012126494,-0.00057535095
DENND2C,-0.0019123241,-0.00048075715,-0.006790941,-0.007002695,-0.030856663,-0.007804366,0.005491384,0.00533229,-0.0020444463,-0.0026542172,-0.0050453637,0.0008053505,0.0047113188,0.0033322822,0.0011348014,-0.0019394396,-0.003659721,-0.0020444498,-0.009399343,-0.0028793726,0.0023877213,-0.0013158206,0.08547597,0.1353388,-0.0038705934,-0.0026266787,-0.0041285497,-0.003962386,3.5136825e-05,-0.0059920996
SYCP1,-9.1806134e-05,-0.00047940703,-0.0005793371,-0.0008889206,0.0066021727,-0.0007962841,-0.00042447078,-0.0013665137,-9.8150114e-05,-0.0012603654,-0.00064373773,-0.0010560625,-0.000107523236,-0.0005303825,-0.0011053593,-9.3109586e-05,-0.00017569064,-9.815005e-05,-0.00052162725,-0.0013742422,-0.00021752385,-0.00030250833,-0.00019212296,-0.00046843206,-0.00048634503,-0.00012609937,-0.0004931831,-0.00019022761,-0.0006063011,-0.0002876625
CD2,-0.0036764392,-0.09599829,-0.11879191,-0.17800872,-0.4798522,-0.16783227,0.13980027,0.11549509,0.022974188,0.2563713,0.14802639,0.084390916,0.029169172,0.097850375,0.28779262,-0.008633039,-0.037582554,-0.018962989,0.0643186,0.1302616,0.0073004733,0.0821335,-0.040687013,-0.07885356,0.039726734,-0.026370302,-0.027478892,0.020454355,0.081625275,-0.05659795
TENT5C,0.011558903,0.08963409,0.0030874603,0.111847155,-0.1713231,-0.062118072,0.016214043,-0.09728531,0.0148600135,0.053634934,0.08553876,-0.07328815,0.010900765,0.008900381,0.06571447,0.041297663,-0.005086302,0.0014495135,0.105755195,0.07297017,0.006098406,0.0367073,0.1306626,0.025371974,-0.008045075,0.011246277,-0.02798342,-0.008127838,0.04423079,-0.018458338
AC245014.3,0.0076124542,-0.011055122,0.012912265,-0.030978493,0.4855222,-0.020572713,-0.0360222,-0.14525828,0.005527622,-0.12175887,-0.048583165,-0.09731492,-0.0080665145,-0.043802503,-0.115886785,-0.005968128,-0.0152935255,-0.0057562683,-0.032007612,-0.11322961,-0.0053117,-0.02637781,0.00893121,-0.05622896,-0.050777324,0.012227434,0.0599023,-0.02246549,-0.058035154,0.07707311
CD160,-0.0037974983,-0.027407022,-0.03198982,-0.05172266,-0.14085817,-0.04619976,-0.014280762,-0.079353936,-0.0018072934,-0.0770235,-0.038148135,-0.061705083,0.005546227,-0.021936117,0.07609799,-0.0063751433,-0.010735011,-0.0067202677,0.0075325468,0.44913143,0.093321,0.016621688,-0.011964148,-0.025762249,-0.029809875,-0.0049445317,-0.02440028,-0.013024608,0.059011057,-0.015733358
FCGR1A,-0.007116012,-0.044069286,-0.053192496,-0.08160884,0.56086445,-0.000769226,-0.04059135,-0.12649615,-0.0062451,-0.11664501,-0.0602094,-0.09878661,-0.007101205,-0.04951733,-0.10213453,0.003581023,-0.015177442,-0.009497254,-0.04824139,-0.127275,-0.021048307,-0.027449254,-0.01775664,-0.039020646,-0.045384325,-0.012201684,0.013213755,-0.017559256,-0.05631229,-0.026047876
MTMR11,-0.0056441426,-0.037468083,-0.047952764,-0.071707055,0.38007432,0.18786894,-0.034441456,-0.11143853,-0.008438417,-0.10200021,-0.051982388,-0.087258466,-0.009244401,-0.043190364,-0.08983037,-0.0080050975,-0.015105242,-0.0062273634,-0.043190856,-0.11291369,-0.017752184,-0.023183353,-0.015580161,-0.036144387,-0.040489487,-0.010841522,0.12462741,-0.0152045,-0.04996279,-0.023452131
PLEKHO1,0.0201915,0.0514892,0.013277749,-0.00027769007,0.4553563,0.17204967,-0.05342015,-0.17514305,-0.006090101,-0.11335116,-0.056126315,-0.14066498,-0.010605725,-0.053595386,-0.13751541,-0.0152454795,-0.008443017,-0.0009377277,-0.06627066,-0.18628858,-0.025760071,-0.0372639,-0.018499836,0.085820094,-0.06652212,0.037601225,0.12986326,-0.016680906,-0.0720144,0.04022059
C1orf54,-0.0014236462,-0.019121785,-0.019830424,-0.03966855,0.1666022,0.035752337,-0.019132318,-0.047915466,-0.0051225275,-0.029730227,-0.014889797,-0.03502916,-0.0056118406,-0.016187482,-0.045294795,-0.004859542,-0.0056010643,-0.0018503995,-0.021644345,-0.06079914,-0.007063733,-0.0115473075,-0.008476597,-0.022407759,-0.020087168,0.16159202,0.09965008,-0.006576928,-0.02364326,-0.0054201134
MCL1,-7.270591e-05,-0.0611544,-0.086448394,-0.14482073,0.5989537,0.04784712,-0.039200604,-0.13850108,-0.008148192,-0.11748857,-0.042115822,-0.13062344,-0.010347281,-0.061262913,-0.10059183,-0.016547816,-0.026158657,-0.0021129975,-0.044874642,-0.121443406,-0.026222115,-0.005626872,-0.007241896,-0.09117356,-0.052633822,0.015268746,0.06330195,-0.014443326,-0.060049437,-0.009207166
CTSS,0.0031910276,0.007359807,-0.019698508,-0.018117864,0.7290476,0.2377131,-0.055618476,-0.26986825,-0.018705651,-0.23036066,-0.10189657,-0.22087918,-0.020614835,-0.09912907,-0.13330267,-0.01431918,-0.036209762,-0.01550485,-0.09356324,-0.13113053,-0.038506202,-0.038513508,-0.02918691,-0.06892715,-0.09481927,-0.0014116344,0.07227056,-0.03706484,-0.076769434,0.01836066
SELENBP1,0.02190381,-0.0035891214,-0.0043372093,-0.0066548833,0.007536987,0.0021725444,-0.00317774,-0.006827896,-0.00073479326,-0.009435637,-0.0015087317,-0.007906192,-0.0008049719,-0.003970791,-0.0062508574,0.46734077,0.022348614,-0.00073479343,-0.0039051422,-0.008596038,-0.001628505,-0.0022647437,-0.0014383236,-0.0035069592,-0.0036410107,0.015533581,0.0048518456,-0.0014241312,-0.0045391065,-0.002153599
S100A10,0.03639753,-0.1269009,-0.0848887,-0.2521672,0.50146335,0.103469275,0.049778547,-0.26103342,0.012743113,-0.00019822305,0.011308462,-0.17055807,0.02359511,0.0055824714,0.029637786,-0.020330139,-0.04306706,0.00542099,-0.03527243,-0.13440076,0.0055892216,-0.03507231,-0.026121277,-0.09308404,-0.010129085,0.050211012,0.14727007,0.008314412,-0.024107503,-0.06936989
S100A11,0.002447765,-0.10811396,-0.13068707,-0.23023002,0.6723395,0.29315993,-0.0145522775,-0.28498185,-0.00096227636,-0.041081894,-0.0239013,-0.25790805,-0.0040685786,-0.0543441,-0.09582481,-0.0149439555,-0.036037553,-0.0020125213,-0.056235787,-0.1064236,-0.016455919,-0.047371715,-0.039617337,-0.078963384,-0.07941702,0.0064964127,0.09536097,-0.030911013,-0.07322144,-0.013361023
TCHH,-0.0005354476,-0.0027961282,-0.003378961,-0.0020375024,-0.0075641107,-0.00116674,0.003869143,-0.007970053,0.026545556,0.015928917,-0.003754587,-0.0007565245,-0.000627117,-0.0030934329,0.0039423597,-0.00054305926,-0.0010247154,-0.0005724457,0.0021499672,-0.008015107,0.03554441,-0.0017643827,-0.0011205528,0.008795585,-0.0028365816,-0.0007354717,0.019042658,-0.0011094837,-0.0035362188,-0.001677797
S100A9,-0.021682201,-0.06331378,-0.07557389,-0.09662348,0.7614448,0.09949395,-0.05389203,-0.2200743,-0.020201534,-0.21795708,-0.08993095,-0.19209622,-0.020708952,-0.093226485,-0.11266751,-0.011361567,-0.043697525,-0.015202744,-0.07791364,-0.12691465,-0.034937207,-0.031698775,-0.040253785,0.044699255,-0.08841429,-0.021966342,0.05031567,-0.035677727,-0.05966666,-0.04379297
S100A12,-0.012460936,-0.06430237,-0.07564691,-0.11625085,0.8485728,-0.077987656,-0.057423115,-0.19117123,-0.013620974,-0.17636439,-0.088732466,-0.14849782,-0.014802238,-0.07411163,-0.14329503,-0.0022981346,-0.028086482,-0.014543647,-0.0745934,-0.17991054,-0.027303336,-0.04012686,-0.02254435,-0.039981466,-0.07002698,-0.016978674,0.02688775,-0.029780947,-0.075137705,-0.0356975
S100A8,-0.016439993,-0.060602017,-0.07271279,-0.09974747,0.7720497,0.028537676,-0.054228988,-0.2060424,-0.014707008,-0.19579113,-0.091371685,-0.16461813,-0.017821247,-0.076147854,-0.12041816,-0.010600313,-0.033872444,-0.007356877,-0.07710705,-0.14304991,-0.031644743,-0.035908505,-0.033827264,0.019232675,-0.08269301,-0.019637378,0.025855698,-0.028175034,-0.060961995,-0.040516652
S100A6,0.018094344,-0.12191082,-0.1326601,-0.28123754,0.7009974,0.2198688,0.012835136,-0.28489447,0.0003475882,-0.09788035,-0.05769745,-0.22383006,0.0066694147,-0.03976472,-0.017653568,-0.02244727,-0.055272203,-0.004138888,0.009279429,-0.12265745,-0.024582898,-0.0934258,-0.047324043,-0.08198159,-0.079810165,-0.01661782,0.09505427,-0.019315735,-0.0420256,-0.015572332
S100A4,0.013195626,-0.14023924,-0.1499187,-0.28078565,0.61380494,0.24276559,0.082862705,-0.38894022,0.0021806255,-0.039380737,-0.0024181718,-0.27768117,0.018200224,-0.037812177,0.030548085,-0.02203422,-0.03800746,-0.0022541762,0.0372693,-0.022318553,-0.0044763247,-0.069387965,-0.059929647,-0.07829037,-0.0629651,-0.038956393,0.084100336,-0.039314866,-0.017650876,-0.05984838
S100A16,-0.00020528983,-0.0010720283,-0.0012954859,-0.0019877332,-0.0052544945,-0.0017806102,-0.0009491681,-0.003055654,-0.00021947423,-0.0028182655,-0.0014394721,-0.002361474,-0.00024043131,-0.0011860325,-0.0024717934,-0.00020820831,-0.00039287418,-0.00021947449,0.012368544,-0.003073002,-0.00048642152,-0.00067644665,-0.00042962088,-0.001047482,-0.0010875156,0.054792523,-0.0011028206,-0.00042537728,-0.001355784,0.07210063
AQP10,-0.0012538661,-0.004137973,-0.00590756,-0.012140666,-0.011761274,-0.007903644,-0.0057972446,-0.013064633,-0.0013404988,-0.012238357,-0.0069770194,-0.013268527,0.019697525,-0.0050601033,-0.012875097,-0.0012716663,0.0040829894,-0.0013404953,-0.0071241125,-0.017840985,0.0022808234,-0.0041316636,-0.0026239774,0.3095427,-0.0066424278,-0.0017222362,-0.0067357775,-0.0025980799,-0.008280684,0.0040169694
TDRD10,-0.00018361786,0.0154607305,-0.0011587084,-0.0017778678,-0.0046997233,-0.0015925964,-0.0008489577,-0.0027330334,-0.00019630344,-0.0025207845,-0.001287488,-0.002112203,-0.00021505178,-0.001060791,-0.0022107519,-0.00018622557,-0.00035139057,-0.00019630323,-0.0010432372,-0.0027484964,-0.00043505576,-0.0006050493,-0.00038425202,0.049446523,-0.0009727075,-0.00025220957,-0.0009863965,-0.00038046634,-0.0012126197,-0.0005753366
CKS1B,0.008960069,0.029383272,0.03003242,0.05371533,-0.08987402,0.19667019,-0.0153177865,-0.023648748,0.06667374,-0.013126389,-0.016203998,-0.011366082,0.051727504,-0.005170664,-0.028212136,-0.0058868974,0.027242022,-0.0019226939,-0.017572714,-0.0077679465,0.115490705,0.007853145,0.034299064,-0.028018543,-0.008698465,0.009904137,0.018740265,-0.0052758562,-0.013032027,0.05331118
LMNA,-0.005092725,-0.027442696,-0.02172879,-0.05946148,0.17543049,-0.024860593,-0.017986245,-0.09523993,0.0004202507,-0.00857172,-0.015722856,-0.074555084,0.001305576,-0.008526998,-0.0375656,-0.0073633483,0.03326777,0.014915547,-0.025220674,-0.07797904,-0.012361577,0.02558395,0.04108162,0.17115529,-0.022403296,0.07434044,0.17834923,-0.011737533,-0.030088393,-0.016303008
SEMA4A,0.02976793,-0.05123139,-0.060810406,-0.07570237,0.4939986,0.14703022,-0.044243913,-0.14727467,-0.009725435,-0.13500153,-0.06683708,-0.11075983,-0.012168784,-0.05516454,-0.110437326,-0.0057383734,-0.011676605,-0.011107799,-0.05109493,-0.14673507,-0.022246758,-0.0320216,0.078436784,-0.04533333,-0.051991623,0.052570287,0.1816012,-0.018341236,-0.06307906,0.00022410815
NES,-9.180609e-05,-0.00047940423,-0.0005793346,-0.0008889204,-0.0023498207,-0.0007962886,-0.00042447314,-0.001366523,-9.815086e-05,-0.0012603723,-0.00064373633,-0.0010560672,-0.00010752388,-0.0005303798,-0.0011053524,-9.3109215e-05,-0.00017568932,-9.8150784e-05,-0.00052163325,-0.0013742532,-0.00021752388,-0.00030250588,0.08074817,-0.00046843034,-0.00048634651,-0.00012609908,-0.0004931822,-0.00019022763,-0.0006063007,-0.00028766072
PEAR1,-0.0014308261,-0.007471812,-0.00902926,-0.012675366,-0.018802186,-0.009804763,-0.006615514,-0.020479897,-0.0015296913,-0.017027076,-0.010032956,-0.014435566,-0.0016758029,-0.006352894,-0.016254928,-0.0014511518,0.048393358,-0.0015296915,-0.008129623,-0.020604035,-0.003390204,-0.004714776,0.002208835,0.40183842,-0.0075799124,-0.0019653332,-0.007686563,-0.0029647907,-0.009449477,-0.0044834423
AL138900.3,-0.00015901438,-0.00083037023,-0.0010034626,-0.0015396923,-0.0040701106,-0.0013792154,-0.00073520653,-0.0023668772,-0.00017000343,-0.0021830245,-0.0011150148,-0.0018291565,-0.00018624037,-0.00091866654,-0.0019145976,0.09608952,0.050778266,-0.00017000201,-0.00090347684,-0.002380274,-0.0003767666,-0.00052397366,-0.00033277008,0.018581102,-0.0008423838,-0.0002184114,-0.0008542419,-0.0003294864,-0.0010501597,-0.00049825973
FCRL5,-0.0046895547,0.29623258,0.11453464,0.49310625,-0.10832644,-0.03708039,-0.02168199,-0.0654443,-0.005013471,-0.061388135,-0.031402357,-0.050158944,-0.005492279,-0.025325846,-0.050648358,-0.0047560716,-0.0072375606,-0.005013474,-0.025420152,-0.06172923,-0.009697219,-0.014398471,0.15436475,-0.019727908,-0.023516519,-0.006441191,-0.023299543,-0.008070793,-0.028867492,0.027153471
FCRL4,-0.0004498383,0.06469503,-0.00283868,0.0031334464,-0.007859438,0.0002381093,-0.0020797893,0.0010962938,-0.00048091525,-0.0034052534,-0.0031542238,0.0012551764,-0.0005268468,-0.002598827,0.00076663063,-0.0004562205,0.017204404,-0.00048091495,-0.0025558283,-0.006733525,-0.0010658461,-0.0014822859,-0.00094136904,-0.0022952699,-0.0023830177,-0.00061787287,-0.0024165104,-0.0009320807,-0.002970801,-0.0014095141
FCRL3,-0.007411029,0.17192149,0.04968326,0.2434521,-0.17370734,-0.05872671,-0.018361017,-0.103983365,-0.004013407,-0.08796716,-0.03601794,-0.079570904,0.0043067704,-0.032905128,0.13022347,-0.0075162034,-0.010889997,0.00011765797,-0.036191255,0.19684844,0.02896911,0.017805552,-0.011505837,-0.032009058,0.042869158,-0.007134272,-0.0366531,-0.0009053697,0.06822846,-0.019859063
FCRL2,-0.0042554713,0.3735591,0.14855213,0.3961394,-0.098342694,-0.034274936,-0.019675003,-0.05996605,-0.0045494703,-0.053880285,-0.027641773,-0.0437346,-0.0049839183,-0.022601003,-0.04819917,-0.0043158177,-0.002290414,-0.0045494675,-0.023521159,-0.05919593,-0.010082872,-0.014022159,0.038371142,-0.020212308,-0.019659538,-0.0058450373,-0.019412152,-0.008817499,-0.02461024,-0.010974449
FCRL1,-0.0053257477,0.2445064,0.18940057,0.6260231,-0.124450766,-0.036655877,-0.021274889,-0.07408302,-0.005693746,-0.068574056,-0.036028814,-0.059581116,-0.0062376093,-0.02969931,-0.05865071,-0.0054013496,-0.008663837,-0.0056937453,-0.02916644,-0.074702285,-0.011359601,-0.016597137,0.022538615,-0.022240767,-0.024161434,-0.007315282,-0.024736492,-0.011035282,-0.03142212,-0.016687848
CD1D,-0.0056049707,-0.017420284,-0.042830437,-0.06871768,0.5575282,0.01299986,-0.046506558,-0.14521052,-0.008081396,-0.13398732,-0.06831768,-0.11207961,-0.0120977275,-0.057676714,-0.11798058,-0.004226454,-0.018101528,-0.011043141,-0.05699086,-0.14543098,-0.021066943,-0.032967027,-0.019370785,-0.045550913,-0.052106794,-0.009362525,0.2051356,-0.021402782,-0.065375894,-0.029061833
CD1C,-0.0023372723,0.18237479,0.03312672,0.056924693,0.077712625,-0.009779571,-0.023302717,-0.074997336,-0.0057049347,-0.068802476,-0.03471621,-0.057646725,-0.0037672194,-0.029745344,-0.060343534,-0.0054120645,-0.010212206,-0.0028607077,-0.028670223,-0.07425981,-0.012643743,-0.016632905,-0.005558927,-0.02600687,-0.026474576,0.014304121,0.4603858,-0.0110569,-0.03380347,-0.016720543
CD1E,-0.0022344636,-0.011668218,-0.01410044,-0.020881388,0.018161595,-0.0101552745,-0.010330898,-0.031136692,-0.0023888065,-0.02897598,-0.015667727,-0.025702914,-0.0026169661,-0.012908947,-0.026903214,-0.0022661742,-0.004276118,-0.0023888159,-0.012695406,-0.032918073,-0.0052942876,-0.0073627396,-0.0046760766,-0.005813428,-0.011836903,-0.0030690648,0.46485057,-0.0046298397,-0.0147565305,-0.0070014186
MNDA,-0.0014227014,-0.027299978,-0.055035282,-0.121880375,0.8283919,0.17642269,-0.06505398,-0.22712821,-0.013441867,-0.20755658,-0.1053503,-0.17862354,-0.017822536,-0.08898908,-0.17314693,-0.00619525,-0.030953161,-0.013507716,-0.0851223,-0.21220301,-0.03234409,-0.04876825,-0.028933294,-0.05630129,-0.08269529,0.01992853,0.123067066,-0.031659734,-0.09150513,-0.038019594
PYHIN1,-0.0123799415,-0.016488265,-0.043962136,-0.10556213,-0.31919122,-0.1076177,0.080734484,-0.10510951,0.02261754,0.016614145,0.039367393,-0.117270306,0.035300087,0.009084208,0.26485935,-0.008853856,-0.023482552,-0.014431791,0.046523567,0.47646683,0.06469388,0.017790964,-0.013598371,-0.052954163,0.03867792,-0.016771644,-0.06747257,0.0038594247,0.12765203,-0.037832964
AIM2,-0.005876461,0.2283693,0.41946638,-0.00749226,0.0009768996,0.08751819,-0.013428597,-0.08193294,0.0086330185,-0.043924302,-0.01757841,-0.06243407,-0.004616393,-0.01803684,-0.028350698,-0.0059599383,-0.0112460535,-0.006282378,-0.02016306,-0.07427559,-0.011567918,-0.018508196,0.087871075,-0.02543697,-0.026219683,0.046674725,-0.013935259,-0.009412752,-0.024314404,-0.014044485
FCER1A,0.065428376,-0.016117694,-0.018971145,-0.033223163,-0.04014838,-0.023587832,-0.017777234,-0.0513785,-0.00411057,-0.044583395,-0.022767894,-0.035840534,0.0024034707,-0.01717077,-0.035617255,-0.003899536,0.09854271,-0.00411057,-0.019636458,-0.047097903,-0.002192835,-0.01142273,-0.004181689,-0.014624667,-0.018011015,-0.0052812006,0.7100059,-0.007966844,-0.020938331,0.29890686
FCRL6,-0.003111217,-0.031267773,-0.043155838,-0.065066,-0.17242303,-0.05621426,0.052869473,-0.1037363,-0.007846021,-0.09288464,-0.041235745,-0.07872007,0.019796703,-0.033736486,0.3035651,-0.005360952,-0.014045014,-0.007846023,-0.038469993,0.3873202,0.046604212,-0.0020586036,-0.011319745,-0.0317617,-0.037134513,0.010110094,-0.026121559,-0.013048714,0.08183036,-0.01744276
SLAMF8,0.0037633071,-0.01176325,-0.014673302,-0.023397157,0.046433147,-0.0012062422,-0.0017618724,-0.0355983,0.0031777618,-0.032110438,-0.014656354,-0.024491753,0.002432753,-0.008783248,0.0030684248,-0.0025229354,-0.004760711,-0.002659484,-0.014134199,-0.0057882853,-0.0032220264,-0.0043285927,-0.005205963,-0.010157796,-0.013178303,0.20320468,0.15996034,-0.005154537,-0.0026481005,-0.0077947094
ATP1A2,0.2273538,-0.0024915594,-0.0030109426,-0.004619928,-0.008765425,-0.00023612061,-0.0022060021,-0.0071018483,-0.00051009265,-0.0065502836,-0.0033456134,-0.005488577,-0.0005588279,-0.0027565623,-0.005744753,-0.00048390453,-0.0009131052,-0.0005100923,-0.002710982,-0.007142104,-0.0011305254,-0.0015722382,-0.0009985091,-0.0024345566,-0.0025276495,0.07044421,0.083537124,-0.0009886419,-0.0031510703,-0.0014950603
PEA15,0.033159517,0.015683742,-0.0009060963,-0.048614416,0.32795313,0.10095023,-0.032905858,-0.12788609,-0.0014235046,-0.09883968,-0.050820563,-0.098250695,-0.0026412243,-0.045727737,-0.08286462,-0.00575408,-0.0028358356,-0.0076207193,-0.047048848,-0.08048306,0.0016204104,-0.02068942,-0.010125436,-0.036950365,-0.043934144,0.0101342555,0.18882728,-0.01988191,-0.04500829,0.04927258
SLAMF7,0.04257484,-0.036308516,-0.048518255,-0.084666096,-0.12072477,0.12106276,0.023467243,-0.13785686,0.00014046508,-0.12614891,-0.043009203,-0.102975465,0.02466394,-0.03580763,0.17134087,-0.005066196,-0.018605012,-0.008407916,0.030985598,0.32463223,0.054334488,0.027789699,0.10488896,-0.038743816,-0.049405716,0.07118828,0.018275993,-0.0023593658,0.07636373,0.10486523
CD244,-0.004467691,-0.038336124,-0.05015325,-0.07312363,0.1162542,0.116656385,-0.017271651,-0.111433044,-0.0071257427,-0.10791298,-0.052936386,-0.06531029,0.00077079626,-0.039574794,0.022248486,-0.00470169,0.004559643,-0.0088932635,-0.023446193,0.1668541,0.025426347,0.023681108,-0.012056295,-0.035531443,-0.042413794,-0.008706893,0.039718702,-0.01612442,0.010805539,-0.022367427
FCER1G,0.02320399,-0.093269125,-0.11576252,-0.17555727,0.61676466,0.3412418,-0.08721599,-0.27828935,-0.015827402,-0.26173088,-0.1317877,-0.19717988,-0.020468479,-0.11041078,-0.21931267,-0.012092321,-0.027889706,-0.0047392324,-0.109031886,0.20114148,0.017828785,0.050521642,-0.037705176,0.023368279,-0.090087935,0.0042824205,0.11286788,-0.03504382,-0.11826509,0.077372
FCGR2A,-0.010603456,-0.046994768,-0.072297856,-0.12012793,0.7002447,0.20976837,-0.060536258,-0.19278148,-0.013625626,-0.180568,-0.09160767,-0.15096974,-0.015397731,-0.075817846,-0.1472051,-0.011687718,-0.024878945,-0.013397117,-0.07423532,-0.16296925,-0.026694931,-0.03910307,-0.02231418,-0.036570985,-0.07018035,-0.01598173,0.08287339,-0.026097765,-0.07912075,-0.0397013
FCGR3A,-0.008789035,-0.053681795,-0.06798783,-0.10968343,-0.13120355,0.42021304,-0.041738648,-0.17500237,-0.009054514,-0.15754819,-0.08283202,-0.13146633,0.0107534425,-0.06526043,0.09412506,-0.011330051,-0.020630095,-0.014324581,-0.06451287,0.56043696,0.0795479,0.0043009254,-0.01903443,-0.04910122,-0.062072523,-0.014142369,-0.054068416,-0.024525808,0.044687007,-0.036550697
FCGR3B,-0.0020209865,-0.010553578,-0.012753485,-0.017897757,-0.03372711,0.2980571,-0.007650342,-0.027168658,-0.0021605925,-0.026500508,-0.011905934,-0.02180762,-0.002366992,-0.010311323,-0.011857592,-0.0020496785,-0.0038676343,-0.0021605887,-0.011482605,0.0004929822,0.0017362972,-0.0043007582,-0.00055247196,-0.0057100966,-0.0092214,-0.0027759227,-0.010856787,-0.0041875686,-0.010950023,-0.0038408546
FCGR2B,-0.0039790506,0.21471351,0.11035511,0.18137422,0.044945814,0.05318164,-0.027405925,-0.090566516,-0.0068731215,-0.08423565,-0.041618343,-0.07078409,-0.005237636,-0.035760175,-0.06792201,-0.006520331,-0.011014601,-0.004401964,-0.03509214,-0.06715718,-0.0055471538,-0.019580886,0.08319428,-0.029090298,-0.034057863,-0.008830542,0.24990073,-0.012148741,-0.035865944,-0.016159482
FCRLA,0.0022087055,0.3338845,0.22595596,0.445737,-0.112359926,-0.036870435,-0.02117842,-0.06474401,-0.0017276604,-0.061211046,-0.030609028,-0.051719077,-0.0053647347,-0.02646337,-0.053557035,-0.0046456074,-0.006990372,-0.0048970557,-0.026025632,-0.06594236,-0.010853213,-0.015093528,0.029574405,-0.019061586,-0.020868827,-0.006291664,-0.023325615,-0.009491128,-0.02860529,0.015332162
SH2D1B,-0.0031959997,-0.026807742,-0.032975215,-0.050663445,-0.13901056,0.07479015,-0.025269546,-0.08332417,-0.0036759092,-0.07635298,-0.04020858,-0.06450117,-0.002119227,-0.033286545,-0.06044556,-0.0033172248,-0.009802466,0.0044293813,-0.03126655,0.5339417,0.10321441,0.11968845,-0.009698302,-0.024706788,-0.03043941,-0.008032633,-0.027400322,-0.012117727,-0.032199565,-0.017473936
NUF2,-0.002203514,-0.0060008266,-0.0036003964,0.0010678851,-0.03429536,-0.009780653,0.0022633749,-0.011383323,0.18352059,0.002824208,-0.005043318,-0.0021815419,0.094302386,0.0035552084,-0.0016604515,-0.0022347854,0.014289699,-0.0023557309,-0.009964362,0.014040573,0.1752893,0.010160684,0.03928747,-0.011243287,-0.0021257312,0.0021127893,0.0001590036,0.0023058222,0.0008927389,-0.00011328654
PBX1,-0.0021443411,-0.009784915,-0.0076420596,-0.018394616,-0.026041266,-0.008156495,-0.0083191665,-0.008333574,-0.0022924715,-0.008950032,-0.010779091,-0.011089689,-0.0025114182,-0.008542867,-0.016670708,0.019254936,0.2509812,0.004555804,-0.010876126,-0.021706823,0.0010634691,0.017397119,-0.0044874954,0.28625986,-0.008558259,0.023442034,-0.0046606553,-0.0044431225,-0.010772008,-0.0020659652
DUSP27,NaN,NaN,NaN,NaN,NaN,NaN,NaN,NaN,NaN,NaN,NaN,NaN,NaN,NaN,NaN,NaN,NaN,NaN,NaN,NaN,NaN,NaN,NaN,NaN,NaN,NaN,NaN,NaN,NaN,NaN
CD247,-0.016310979,-0.077993535,-0.08962441,-0.16113374,-0.43767354,-0.14651199,0.07394828,0.09469571,0.016506048,0.0617903,0.030941634,0.0074395346,0.014042763,0.011820797,0.14160028,-0.009523765,-0.030035438,-0.007610523,0.039002568,0.5446981,0.07813624,0.0479422,-0.033225898,-0.07312257,0.036848735,-0.022848062,-0.09172577,0.019371301,0.11331795,-0.052045085
CREG1,0.0005630379,-0.057009686,-0.0623831,-0.106673464,0.5908713,0.079346426,-0.049279038,-0.14257932,-0.008635648,-0.13554882,-0.07298522,-0.11141329,-0.0126003055,-0.055593036,-0.12869518,0.0069493153,0.036552846,-0.010310263,-0.053153727,-0.15675084,-0.023490764,-0.033119913,-0.009650309,-0.018933268,-0.053299777,0.031204084,0.097856425,-0.02200058,-0.06829723,-0.022726689
Z99943.1,-0.00024290374,-0.0012684744,-0.0015328682,-0.0023519497,0.010700598,-0.002106845,-0.0011230891,-0.003615533,-0.00025969028,-0.003334707,-0.0017032489,0.003157878,-0.00028449332,-0.00140334,-0.002924679,-0.00024635243,-0.00046486393,-0.00025969016,-0.0013801435,0.0011509652,-0.0005755454,-0.00080040406,-0.0005083361,-0.0012394289,-0.0012868006,-0.0003336416,-0.001304905,-0.0005033163,-0.0016042101,-0.0007611255
XCL2,-0.006630689,-0.030476272,-0.036344822,-0.05578741,-0.15205559,-0.0489998,-0.0060197553,-0.09163423,-0.0048197852,-0.084828176,-0.035719965,-0.07004116,0.004634601,-0.009961102,0.13673703,-0.0067247828,-0.011447386,0.009834576,-0.03022225,0.3929308,0.09252182,0.2516717,-0.011638312,-0.028120084,-0.032746498,-0.009107599,-0.029877586,-0.0113123655,0.07695078,-0.018517824
XCL1,-0.0039296295,-0.0182049,-0.022220304,-0.03458241,-0.08921994,-0.030266823,0.0074275834,-0.054275855,-0.0042010867,-0.04327878,0.0009956042,-0.0407626,0.0058772033,0.010075664,0.08815374,-0.003985395,-0.0075203576,0.041692376,-0.018731039,0.15870893,0.035083126,0.3509367,-0.0044398857,-0.015974369,-0.013887425,-0.005397518,-0.016631417,-0.0023772384,0.019239742,-0.009774778
ATP1B1,0.013919934,-0.017133433,-0.011300881,-0.03988114,0.016377296,0.0581114,-0.002174459,-0.04764304,0.005407613,-0.038393565,-0.0054105986,-0.035052154,0.013777739,-0.014724472,-0.0136170015,-0.004431257,0.10444632,0.005943793,-0.006658506,-0.025552282,0.00996869,0.025630368,0.007883531,-0.009624009,-0.012374232,0.05930656,0.31241688,-0.007263656,-0.009148049,-0.008997179
F5,-0.006754663,-0.032813296,-0.041065454,-0.06261753,0.38688502,-0.05023265,-0.030111438,-0.070454806,0.030488249,-0.03280111,-0.040626157,-0.07233635,-0.007910958,-0.028753558,-0.07720155,-0.00458267,-0.011660142,-0.0072212555,-0.03566506,-0.09630461,-0.014022076,-0.020720968,-0.011934247,-0.031877503,0.0029224686,-0.009277925,-0.033673704,-0.00905877,-0.043432873,-0.019665523
SELP,-0.0022325339,-0.0075898105,-0.011833904,-0.016296066,-0.0054263473,-0.01602276,-0.00726382,-0.024285015,0.004117662,-0.018864198,-0.014630955,-0.019176118,-0.0026147047,-0.0092054745,-0.021859238,-0.0022642184,0.021316353,0.0041641938,-0.01143387,-0.027125264,-0.005289706,-0.0030904121,-0.0013435904,0.40989923,0.03512539,-0.0030664355,-0.008050777,-0.00462586,-0.012579378,-0.0025279585
DNM3,-0.002377913,-0.00090950093,0.0126315225,-0.016606012,-0.016096769,-0.007272642,-0.0095567405,-0.015574211,0.003565051,-0.011529618,-0.00704904,-0.011433937,-0.00278499,-0.0056228596,-0.020951511,-0.00241164,0.029800707,-0.0025422077,-0.013510427,-0.018803233,-7.230229e-05,-0.0038240093,-0.0018511723,0.33314502,-0.0062900917,0.0014947833,-0.0028776969,-0.0017287339,-0.0075374967,-0.0032418114
TNFSF4,0.026617274,-0.0042942204,-0.010147675,-0.007611949,-0.021794995,-0.0075392714,-0.000501552,-0.023490913,-0.002311619,-0.020407185,-0.007767679,-0.0141192945,0.0035982165,-0.0023301449,-0.011133446,-0.0021929534,0.06372574,0.011232001,-0.0071167056,-0.018281233,-0.0051231743,-0.0026977723,-0.004524974,0.36159614,-0.0059251646,-0.0029699563,-0.0061732414,-0.004480282,-0.009805234,0.004771244
RALGPS2,0.010752545,0.29303038,0.33294028,0.50071245,-0.11247151,-0.033242337,-0.045339655,-0.048331197,-0.005653134,-0.07219898,-0.044603027,-0.03333275,-0.010887288,-0.034543872,-0.09814014,-0.006142662,0.011140292,-0.0013678859,-0.036534816,-0.098291434,-0.0071648923,-0.010305155,0.07559009,-0.043416034,-0.043736562,0.0062627043,-0.021111729,-0.0049466216,-0.034967694,0.036311723
IER5,-0.00065616635,0.026309762,0.031926055,-0.043213483,0.4283387,0.28437287,-0.04178447,-0.21772675,-0.0032063175,-0.13989614,-0.056598134,-0.16391169,-0.008385004,-0.06536948,-0.094710544,-0.011829826,-0.019729054,-0.011213357,-0.022649584,-0.07580481,-0.0049792277,-0.010566869,-0.017301029,-0.061766613,-0.06554474,0.013670956,0.080350704,-0.018414564,-0.058384646,-0.022642348
GLUL,0.013835935,-0.0645082,-0.07030061,-0.109671995,0.5761882,0.1643588,-0.02612208,-0.18354726,-0.009363655,-0.12629794,-0.08462917,-0.16950563,-0.00979132,-0.07184378,-0.091400445,0.004857295,0.02327169,-0.014989755,-0.07017583,-0.10884067,-0.0017697084,-0.03928853,-0.020085227,0.027332146,-0.07229677,-0.016084116,0.043069307,-0.031807747,-0.05817551,-0.01465193
NCF2,0.002861757,-0.060434554,-0.073581554,-0.12946638,0.7993817,0.24197891,-0.066426806,-0.2172901,-0.01235587,-0.19713695,-0.09724578,-0.16966766,-0.016811492,-0.08835505,-0.17331989,-0.007564065,-0.029402027,-0.016636292,-0.086356215,-0.21477638,-0.032351043,-0.04860591,-0.016708551,-0.059191708,-0.0795767,-0.012051474,0.116460204,-0.029293064,-0.094136626,-0.022454439
C1orf21,-0.0019972078,-0.03997033,-0.050946735,-0.07990321,-0.18868132,-0.06999666,0.10840213,-0.12736993,0.0004098657,-0.11672955,-0.04962329,-0.095269375,0.034421626,-0.046109613,0.23392226,-0.0055254595,0.05342661,-0.009558664,-0.026597206,0.49197465,0.095447905,0.047912292,-0.014573742,-0.020048536,-0.044289477,0.04965705,-0.03165172,-0.015985245,0.110862024,-0.025783133
IVNS1ABP,-0.0030544938,-0.03355947,-0.051441837,-0.0899448,0.3103816,-0.030636212,-0.028607162,-0.11404768,0.0022964713,-0.058147434,-0.027539786,-0.08888535,0.0048006456,-0.035966873,-0.060517736,-0.006547403,-0.0028236667,0.0035236913,-0.014246373,0.045945104,0.021450875,-0.00527179,-0.0138849225,-0.041481998,-0.030938234,0.0021506858,0.035303935,-0.017148722,-0.025092829,-0.016050398
PTGS2,-0.0049576904,-0.036175467,-0.04756332,-0.07096751,0.47131306,0.006469626,-0.034717362,-0.114658214,-0.00923005,-0.10508007,-0.053955793,-0.088984184,-0.0037542775,-0.044431396,-0.08946357,-0.0033811904,-0.009761802,-0.0092300465,-0.044114646,-0.11247865,-0.016474437,-0.027254343,-0.017211637,-0.033528075,-0.0411356,-0.007909745,0.097345755,-0.014962748,-0.049339347,-0.019683642
RGS18,0.012275511,-0.05848936,-0.06748056,-0.105053194,0.48013833,0.24256632,-0.049556483,-0.16290736,-0.010313599,-0.14948878,-0.07501818,-0.1265936,-0.012901743,-0.06365362,-0.12661542,-0.0033161864,0.0007344657,-0.0036914079,-0.05563442,-0.15947503,-0.026034547,-0.035689,-0.020609017,0.2369998,-0.060682863,0.03709158,0.12260928,-0.024075998,-0.062317207,0.01771234
AL136987.1,0.024683824,-0.0012526943,-0.0075858906,-0.011639425,0.0034805646,-0.008876947,0.000114029746,-0.011064131,0.010804882,-0.0071417713,-0.00653299,-0.011416922,-0.0014079137,-0.0023784274,0.0052599474,-0.0012191714,-0.002300545,-0.0012851597,-0.0045103915,-0.0043988377,-0.002848249,-7.606544e-06,-0.002515642,-0.006133644,0.0010873851,-0.0016511335,0.06437507,0.003752965,-0.0039225533,0.09592509
RGS1,0.016280062,0.020699317,-0.0068934686,-0.00669473,-0.063789,-0.034519494,0.00012210215,-0.03743895,0.030214965,0.02962537,0.035818335,-0.04112568,0.018778058,0.009501515,0.056293286,-0.0058807884,-0.008124329,-0.0010571092,-0.008416971,-0.0028138543,0.009818927,0.019253843,0.016558368,-0.02025595,0.0619103,0.037806008,0.074860536,0.016778218,-0.00032801862,0.11107428
RGS13,-0.0007405256,0.020598833,0.00551929,-0.007170326,-0.016733218,-0.006422926,0.0011650258,-0.0047068065,-0.000791702,-0.00848296,-0.002122502,-0.008518452,0.017043896,-0.00058338145,0.00047992254,-0.00075104856,-0.0014172022,-0.00079170155,-0.0042074956,0.014068671,-0.0017546262,-0.0024401154,0.108897544,-0.0037785014,-0.0039229454,0.0142518105,0.00790606,-0.0015344232,-0.0016393332,0.05147715
RGS2,0.0088031925,0.004630515,-0.057323255,-0.09569176,0.6078468,0.1249806,-0.051289868,-0.22114323,-0.013381653,-0.1599888,-0.058668308,-0.17031753,-0.01089481,-0.06330492,-0.11970104,-0.008125876,-0.02370275,-0.010680481,0.0048007253,-0.09829434,-0.022435172,-0.037879772,-0.018299071,-0.06012371,-0.07603225,0.006568442,0.080370195,-0.024593595,-0.055288326,0.013035287
ASPM,-0.002191793,-0.005913852,2.1645052e-05,-0.016551085,-0.008616059,-0.007917959,-0.0054340353,-0.023482554,0.20552097,-0.014605674,-0.010130541,-0.012569314,0.1318985,-0.006378605,-0.0065266737,-0.0022229084,0.010674895,-0.002343231,-0.0073260833,-0.007063498,0.28943494,-0.00066712144,0.13183603,-0.009756481,-0.004745803,-0.0030104988,0.016405068,0.005819137,-0.008926482,0.022790994
PTPRC,-0.030843388,-0.08990557,-0.16796736,-0.17462774,0.016030975,0.1796484,0.069026716,-0.11418809,0.003689743,-0.05970106,-0.0024676772,-0.15640734,0.010737948,-0.027211465,0.2540853,-0.033811636,-0.062757455,-0.010779098,0.01178318,0.26223433,0.02196082,0.011965292,-0.07731621,-0.16070876,-0.014431874,-0.042616308,-0.080491655,-0.0076732403,0.10234695,-0.10357533
KIF14,-0.0015450474,-0.00414146,-0.009750113,-0.012767454,0.023987755,0.0059411773,-0.0049343584,-0.014630867,0.19669557,-0.0155344,-0.010833769,-0.0140087325,0.11027495,-0.008926231,-0.015883489,-0.0015669815,0.012881027,-0.0016517859,-0.0069656987,-0.02009588,0.17597242,-0.0020122987,0.08346678,-0.00587631,-0.0062475307,0.012523587,0.0050101844,-0.0032014402,-0.008636141,0.0016371048
IGFN1,-9.180605e-05,-0.0004794008,-0.0005793317,-0.0008889201,-0.0023498167,-0.00079629436,-0.00042447585,-0.0013665331,-9.815169e-05,-0.0012603806,-0.000643735,-0.0010560721,-0.00010752456,-0.000530377,-0.0011053454,-9.310879e-05,-0.00017568772,-9.815162e-05,-0.00052164064,-0.0013742656,-0.00021752382,-0.0003025031,0.0807474,-0.00046842822,-0.0004863483,-0.00012609868,-0.0004931811,-0.00019022767,-0.0006063,-0.0002876588
BTG2,-0.00017614815,0.026213568,-0.020515412,0.0031683592,0.3461298,0.016129196,-0.053288806,-0.088989556,-0.016443372,-0.018704018,-0.020732213,-0.13756295,-0.02298469,-0.035955165,-0.09828968,-0.016739495,-0.024796115,-0.00040504112,0.012110864,-0.083089404,-0.027380487,-0.013341522,-0.00846253,-0.10460049,-0.030270288,0.0051547545,-0.019772233,-0.027840182,-0.026260052,0.050481673
PPP1R15B,-0.00095020194,-0.020469159,-0.02872371,-0.043111004,0.32416472,0.030721568,-0.025717953,-0.103528686,-0.0031767453,-0.07329484,-0.029135851,-0.081176296,-0.0015434437,-0.031304564,-0.05880045,-0.009060026,-0.009513577,-0.0060114763,-0.023064839,-0.05741408,0.0010601582,-0.0067604324,0.011124468,-0.05324048,-0.039605483,0.004907236,0.040659435,-0.010564348,-0.025642026,-0.004567327
TMCC2,-0.0015395497,0.0037331441,0.003361742,-0.0072180326,-0.022830287,-0.0085122725,0.017250804,-0.016060317,-0.0016458995,-0.013834575,-0.0048761945,-0.0016932295,-0.0018030938,-0.005333532,-0.0031256995,0.10813406,0.023510545,-0.0016459007,0.012991183,-0.012427367,-0.0036477344,-0.005073019,0.0064319647,0.19977587,-0.0062173135,-0.0021146191,-0.008270496,-0.0031899929,-0.00075731875,-0.0015879844
RAB7B,0.030597294,-0.005145683,-0.0062182834,-0.009541011,0.021570563,-0.004766593,-0.004555934,-0.014667183,-0.0010534623,-0.012259238,-0.006909512,-0.009864759,-0.0011540682,-0.005692827,-0.010449025,-0.000999374,0.014618114,-0.001053464,-0.0055986936,-0.013566045,-0.0023347721,-0.0032469626,-0.002062111,-0.005027885,-0.005220098,0.48145008,0.015554192,-0.0020417597,-0.0065075536,-0.0030875974
RHEX,0.0973872,0.14260401,0.075389005,0.03154869,-0.057934117,-0.020196488,-0.01097453,-0.034125663,-0.0028371653,-0.01785885,-0.012508811,-0.027211733,-0.0031081913,-0.014283373,-0.02768175,-0.0026914994,0.13736853,0.002700181,-0.011869528,-0.035704527,-0.0062880795,-0.003313564,0.092745915,-0.013541275,-0.010631346,0.09480434,-0.008722022,-0.0054989527,-0.01660634,0.4636006
AC244035.1,-9.180606e-05,-0.00047939966,-0.00057933066,-0.0008889201,-0.0023498142,-0.00079629646,-0.00042447666,-0.0013665364,-9.815199e-05,-0.0012603834,-0.0006437344,-0.0010560739,-0.000107524815,-0.000530376,-0.0011053428,-9.3108654e-05,-0.00017568716,-9.8151926e-05,-0.00052164285,0.011289445,-0.00021752382,-0.0003025021,-0.00019212319,-0.0004684275,-0.0004863488,-0.0001260986,-0.00049318076,-0.0001902276,-0.0006062998,-0.00028765813
IL10,-0.0018464488,-0.006361432,-0.006173638,-0.015116405,0.09468144,-0.005892,-0.006680939,-0.026208628,0.013872955,-0.02126999,-0.0067293462,-0.01886912,-0.0021625457,-0.01066748,-0.016145876,-0.0018726491,-0.0035336358,-0.0019740057,-0.007450975,-0.024460364,-0.0043749684,-0.006084267,0.00016043108,-0.0077319983,-0.00815304,-0.0025361811,0.013969038,0.04127429,-0.008255628,-0.005785666
CD55,0.00010703315,-0.011325036,-0.018549921,0.035239022,0.3747327,0.122029714,-0.070821,-0.06764851,-0.005737537,-0.112495005,-0.07217854,0.012269845,-0.014098604,-0.025946653,-0.15697803,-0.010010157,-0.022313545,-0.0056281644,-0.05417612,-0.1430856,-0.018524446,0.009658282,-0.005707488,-0.07039627,-0.069363095,-0.003808259,0.0257466,-0.02066855,-0.058870558,-0.010799971
CR2,-0.0026895378,0.09365351,0.06416674,0.20537959,-0.06484812,-0.02332735,-0.00987016,-0.007455406,-0.0028752892,-0.013994347,-0.013754865,0.02183479,-0.0031499132,-0.004195692,-0.029235406,-0.0027277025,-0.0051470315,0.0026169696,-0.0068719992,-0.03805714,-0.006372469,-0.0088621,0.010952916,-0.012564247,-0.014247602,-0.003694148,-0.011174762,-0.005572778,0.00037142268,-0.008427318
CR1,-0.008964159,0.020437319,0.08317751,0.009818899,0.3695767,0.03058797,-0.04006986,-0.11694525,-0.007973218,-0.048928525,-0.043664902,-0.09069216,-0.0088462895,-0.02784345,-0.09890606,0.0058867205,-0.014391507,-0.003756775,-0.03136078,-0.12528948,-0.018768223,-0.028919332,-0.0013862778,-0.039151225,-0.045407977,-0.011047839,-0.03360752,-0.017599981,-0.0421125,-0.026947413
CR1L,-0.0005354655,-0.0027961466,-0.0033789526,-0.0020381096,0.013934728,-0.001166479,-0.0024756698,-0.00797,-0.00057244685,-0.0073509146,-0.003754553,-0.0061593414,-0.00062712404,-0.0030934536,-0.0038493087,0.11382234,0.014147389,-0.00057244673,-0.0030423077,-0.008015059,-0.0012686912,-0.0017643813,-0.001120558,0.043375243,-0.002836602,-0.0007354639,-0.002876517,-0.0011094839,-0.0035362216,-0.0016777875
CD34,-0.0010835394,-0.0028697466,-0.0045150192,-0.010491442,-0.014068977,-0.004238937,-0.0018692629,-0.015047823,-0.0011583855,-0.014875366,-0.003395926,-0.009790133,-0.0012690495,-0.0062598633,-0.0053277556,-0.0010989177,0.6893027,-0.0011583869,-0.0035834985,-0.010840558,0.0034979947,-0.0035703848,-0.002267518,-0.0055287336,-0.005740043,-0.001488284,0.0023016941,-0.0022451526,-0.007155829,0.005799682
G0S2,-0.011718014,-0.035215143,-0.04953244,-0.06873412,0.5074178,0.08030509,-0.039624125,-0.13755898,-0.004373995,-0.1323539,-0.061336663,-0.112723395,-0.0064959098,-0.057022654,-0.0879618,-0.0077551487,-0.021489186,-0.009851938,-0.057862114,-0.10187339,-0.019964602,-0.020085054,-0.010476726,-0.015656793,-0.060763646,-0.004037724,0.02854083,-0.018135775,-0.04307904,-0.022428589
SYT14,-9.180609e-05,-0.00047940254,-0.00057933317,-0.0008889202,-0.0023498181,-0.0007962917,-0.0004244744,0.011353305,-9.8151264e-05,-0.0012603767,-0.0006437357,-0.0010560695,-0.000107524225,-0.0005303784,-0.0011053489,-9.310901e-05,-0.00017568852,-9.815119e-05,-0.0005216368,-0.0013742591,-0.00021752382,-0.00030250457,-0.00019212309,-0.0004684293,-0.00048634724,-0.00012609888,-0.0004931817,-0.00019022761,-0.00060630025,-0.00028765984
NEK2,-0.0009810734,-0.0020484552,0.0014972975,-0.009499416,-0.013363126,-0.0066075902,-0.0010677711,-0.011020381,0.28046566,-0.010923589,-0.006879302,-0.008332347,0.1070882,-0.0028770342,0.00665416,-0.0009950035,0.0064080935,-0.0010488551,-0.0027331386,-0.0016155741,0.1183886,-0.0032327645,0.07372475,-0.0018519459,-0.005197274,-0.0013475529,-0.0022790635,0.005633287,-0.0015648925,-0.0030741307
DTL,-0.0013764265,-0.0049897395,0.00046777696,-0.0022619518,-0.025652893,-0.009229735,-0.0063638417,-0.018784335,0.27353466,-0.015257332,-0.009651292,-0.013725161,0.1819947,-0.00595452,-0.010483712,-0.0013959435,0.038786314,-0.0014715076,-0.007820401,-0.011273824,0.40404475,-0.0045354534,0.0835993,-0.0047699283,-0.0051267766,0.0063271634,0.0075422227,-0.0028519735,-0.0055795615,-0.004312802
ATF3,-0.002485595,-0.028823825,-0.036372043,-0.061077308,0.3411907,0.14150368,-0.030701976,-0.100717194,-0.0076037645,-0.09057217,-0.045235626,-0.0779551,-0.008330022,-0.03936116,-0.0771438,-0.004997316,-0.00031039887,-0.00067535706,-0.036361303,-0.094502464,-0.009822547,-0.019608501,-0.0073857326,-0.025827665,-0.037677594,0.0031956248,0.06384494,-0.014737035,-0.041227,0.008604558
BATF3,0.0021588143,-0.033187583,-0.037332106,-0.061039753,0.18713877,0.372909,-0.03058738,-0.09687221,-0.007458541,-0.08725747,-0.041580893,-0.0745374,-0.00817078,-0.03725298,-0.07570569,-0.007075519,-0.009633832,-0.007458538,-0.036900356,-0.09683557,-0.015553739,-0.00592152,-0.00818247,-0.028178707,-0.035003718,0.11153725,0.21462849,-0.013310644,-0.04334745,-0.018884202
CENPF,-0.0034152206,-0.0035012162,-0.004346039,-0.0133791305,-0.048293993,-0.008150334,-0.009644401,0.040105406,0.13649042,0.0041544326,-0.014431534,0.012080998,0.091955096,-0.0058574094,-0.01945142,0.0010170768,0.02946255,-0.003651189,-0.013547661,-0.008097506,0.21274708,0.0073155565,0.061394278,-0.009949547,0.00332875,-0.004690968,0.018858287,0.004152839,-0.006035705,0.0069838413
ESRRG,-0.00034354063,-0.0017939389,0.03439653,0.011383204,0.0031691876,-0.002979666,-0.0015883605,-0.0017138955,-0.00036727902,-0.0047162897,-0.0024089038,-0.0039518904,-0.000402349,-0.0019847173,-0.0041363277,-0.0003484128,-0.0006574416,-0.00036727855,-0.0019519088,-0.0051424117,-0.0008139813,-0.0011319963,-0.00071892986,-0.001752887,-0.0018199349,-0.00047187306,-0.0018455471,-0.0007118247,-0.0022687928,-0.0010764617
MARC1,-0.005983152,-0.02747661,-0.034648772,-0.052773993,0.4063117,-0.039065752,-0.027663268,-0.08674322,-0.00394988,-0.078546196,-0.040694483,-0.06673561,-0.007007561,-0.034058444,-0.07026587,0.0016842576,-0.011450388,-0.0063966084,-0.03296391,-0.08700578,-0.014176499,-0.0197155,-0.0075593614,-0.02766013,-0.031147871,-0.00821823,-0.028206263,-0.012397582,-0.035088163,-0.01785998
TLR5,-0.005236845,-0.037921753,-0.043784287,-0.06867645,0.3941223,0.055102088,-0.032931086,-0.09587889,-0.0058939056,-0.08348533,-0.04841858,-0.07413552,-0.008613986,-0.038283743,-0.08115105,-0.0032301783,-0.014075219,-0.00786293,-0.039175067,-0.106223464,-0.014604562,-0.022730658,-0.0153915025,-0.027478583,-0.016316624,-0.010102174,0.073189005,-0.0118442625,-0.0470366,-0.02304573
RHOU,0.016314164,-0.037872195,-0.040419035,-0.06832138,0.36113182,0.038576014,-0.009066476,-0.1013886,0.0074373693,-0.08055472,-0.027710086,-0.07869247,0.0042177774,-0.038092658,-0.045476656,-0.0014543276,-0.012113781,-0.0058827233,-0.022654584,-0.09840359,-0.009457978,-0.018558972,-0.010001817,-0.023559969,-0.03615367,-0.0029530777,0.03880363,-0.014566006,-0.031186678,-0.010499064
TMEM78,-0.00020528954,-0.0010720283,-0.0012954857,-0.001987731,0.0067561264,-0.001780614,-0.0009491685,-0.00305565,-0.00021947443,0.00325046,-0.0014394698,-0.0023614725,-0.00024043088,-0.0011860344,-0.002471786,-0.00020820863,-0.00039287427,-0.00021947463,-0.0011663912,0.002590568,-0.00048642216,-0.00067644485,-0.0004296217,-0.0010474813,-0.0010875133,-0.00028197703,-0.0011028197,-0.0004253777,-0.0013557852,-0.00064327044
IRF2BP2,0.02697638,-0.036724072,-0.05776069,-0.10793498,0.45679122,-0.020233426,-0.03716741,-0.13000523,-0.0067965016,-0.049434315,-0.030484667,-0.10365741,-0.011635615,-0.028874967,-0.07979246,-0.011380441,0.029040238,0.0021287394,-0.03308219,-0.10869261,-0.025037942,-0.014166085,-0.019280342,-0.07826582,-0.04446423,0.0037830789,0.067466095,-0.013766726,-0.04435644,0.090082765
LYST,-0.0096134925,-0.03195129,-0.028996348,0.01447349,0.51969576,0.25031346,-0.06171994,-0.23990053,-0.0076425225,-0.21748585,-0.09954042,-0.17268735,-0.003736142,-0.08178856,-0.05020548,-0.014771115,-0.028724538,-0.015384447,-0.058345743,-0.042833365,-0.0029378636,0.016191965,-0.033813316,-0.062340174,-0.07720395,-0.02218086,0.037844136,0.009352382,-0.03822687,-0.04698759
AL591686.1,-0.00012983305,-0.00067800103,-0.0008193153,-0.0012571345,-0.0033231801,-0.0011261185,-0.00060028984,-0.0019325375,-0.00013880391,-0.001782425,-0.000910398,-0.0014935012,-0.0001520634,-0.0007500852,-0.001563234,-0.00013167647,-0.0002484708,-0.00013880432,-0.000737688,-0.0019434596,-0.000307628,-0.00042782002,-0.00027170422,0.046837714,-0.00068779587,-0.00017833446,-0.0006974716,-0.00026902315,-0.00085744745,-0.0004068217
CNST,-0.0024315498,0.01704774,0.010668568,0.018265808,-0.09213732,-0.008061826,-0.012258029,0.06141743,0.013357828,0.055877388,0.030616501,0.026746428,0.0043465663,0.008897941,-0.03695344,-0.0057891244,0.014315931,0.0016507416,-0.013769932,-0.0429292,-0.004703004,-0.0022958629,-0.0005204916,0.074417405,0.028145764,0.0021745893,-0.0046534045,0.006066365,0.000112718764,0.0035178708
NLRP3,-0.004654854,-0.053119123,-0.0661072,-0.09814449,0.641869,0.079620376,-0.053125463,-0.1634526,-0.008398055,-0.14397264,-0.07270405,-0.127398,-0.013318195,-0.06327512,-0.12345764,-0.007267235,-0.017968081,-0.010205183,-0.061828412,-0.15706624,-0.024004467,-0.03535372,-0.020166857,-0.044251796,-0.06155758,0.001062135,0.08616509,-0.022701658,-0.06733574,-0.025827443
GCSAML,-0.0008060681,-0.0042093094,-0.005086656,-0.007804882,-0.004305498,-0.0023689428,-0.0037268868,-0.010546666,-0.00086175906,-0.009517434,-0.005652132,-0.0056789806,-0.0009440756,-0.004656864,-0.007978177,-0.0008175154,0.36156842,-0.0008617601,-0.004579879,-0.010620962,-0.001909896,0.00322665,-0.001686868,0.053383484,-0.004270148,-0.0011071754,-0.00068812753,-0.001670228,-0.0053234077,-0.0025257526
TRIM58,0.011525355,-0.012790563,-0.012107741,-0.008220702,0.033244602,0.004173279,-0.010374174,-0.0388313,-0.003405534,-0.03458428,-0.019434853,-0.03340761,-0.0037308245,-0.018403213,-0.030340094,0.10889281,0.12805606,0.0058915988,-0.017207656,-0.03874014,-0.007547646,-0.0044404785,-0.004327121,0.3877329,-0.015921513,0.002761902,0.005062271,-0.0066003804,-0.01872822,0.0026230982
TPO,-0.0009187629,-0.00479775,-0.005797873,-0.0070602912,-0.016356401,-0.005942076,-0.00054752815,-0.0073079523,-0.0009822425,0.08789027,-0.003967669,-0.008992828,0.013352995,0.0006543553,-0.008029941,-0.0009318096,-0.0017582917,-0.0009822376,-0.0021958004,-0.012483846,-0.002176921,-0.003027446,-0.0019227146,-0.004687924,-0.004867155,-0.0012619755,-0.001742958,-0.001903747,-0.0060677193,-0.0028788955
CMPK2,0.004827051,-0.02287383,-0.029485445,-0.04509084,0.19363846,0.09868795,-0.021300156,-0.065773845,0.0011371366,-0.049616855,-0.026369784,-0.053178377,0.00014841465,-0.024492206,-0.056125145,-0.0005758978,0.017935535,-0.003783819,-0.026646055,-0.049846783,0.015137185,-0.008387671,-0.011225552,-0.010362257,-0.026045738,0.005178562,0.103935555,-0.008228121,-0.028192224,-0.010826518
RSAD2,-0.0031839365,-0.018568603,-0.020979472,-0.03582378,0.13937275,0.09374597,-0.017597,-0.04628618,-0.0012962898,-0.04044871,-0.024148438,-0.033934362,0.0050391667,-0.017788295,-0.040498845,0.009901505,0.021841869,-0.0035302863,-0.0202939,-0.021360127,0.0028048572,-0.0026077582,-0.009690812,-0.015994519,-0.026497874,-0.0022336154,0.038261242,-0.007827103,-0.020774717,-0.011217127
LINC01871,-0.010810943,-0.042705804,-0.05129611,-0.081157796,-0.22113132,-0.07511454,0.114120774,-0.09334487,0.005430181,-0.020329023,0.04751868,0.03440218,0.041280337,0.091553345,0.24301696,-0.0067569613,-0.01607981,-0.008731838,0.1721577,0.15235932,0.022193696,0.045273524,-0.017835695,-0.03252775,-0.050897196,-0.0117388405,-0.04892893,-0.016546702,0.12554476,-0.03056188
ID2,-0.015643325,-0.1151843,-0.14259247,-0.21568054,0.22659343,0.085251346,0.06313524,-0.21425378,-0.016689217,-0.19486575,-0.02380741,-0.09827084,0.0038083422,-0.013879393,0.06539114,-0.016865252,-0.03202804,0.0056768344,0.110144585,0.28005686,0.029073527,0.078133695,-0.046923164,-0.074444056,-0.11849752,0.04693825,0.093143605,-0.048293933,0.042591974,-0.061981056
ASAP2,0.032530736,-0.013977129,-0.0159387,-0.023995223,0.05033744,-0.005690515,-0.01237523,-0.036286224,-0.0028615028,-0.034383845,-0.018768338,-0.02859435,0.0018854847,-0.01234339,-0.029582296,-0.002714562,0.007111539,-0.0028615056,-0.014151483,-0.037854604,-0.0038496156,-0.008819761,-0.0056013414,0.23610541,-0.014179349,0.04290253,0.103547804,-0.0055460166,-0.01675929,0.091203585
CYS1,-0.00022489135,0.012233111,-0.0014191415,-0.0021774822,0.0015529235,-0.0019505481,-0.0010397561,-0.0033472802,-0.00024042188,-0.0030873902,-0.0015768957,-0.0025869021,-0.0002633823,-0.0012992398,-0.0027077287,-0.0002280812,-0.00043037548,-0.0002404221,-0.0012777608,-0.0033662247,-0.00053285743,-0.00074104656,-0.00047062064,0.039991606,-0.0011913507,-0.0003088959,-0.001208104,-0.00046597637,-0.0014852039,-0.00070466986
RRM2,-0.0022856984,-0.0066402955,-0.0022792208,-0.01469729,-0.032511085,-0.010847328,0.0014219446,-0.021658015,0.19733109,-0.016568385,-0.011029589,-0.013547181,0.14390297,-0.004774225,-0.008498635,-0.0023181702,0.0027523474,-0.0024436559,-0.008078896,0.04493699,0.30919543,-0.0012649248,0.077236295,-0.000673225,-0.009485227,-0.003139545,-0.00454643,0.005123458,-0.0023460332,-0.0049829385
AC007240.1,-0.0013325446,-0.0024252157,-0.00840902,-0.012902573,-0.031020984,-0.010159897,-0.0035981555,-0.01983448,0.15127799,-0.018293735,-0.007635443,-0.015328512,0.09807814,-0.005643207,-0.007676721,-0.0013514656,0.0035548888,-0.0014246216,-0.007571204,0.06326752,0.2985903,-0.004390974,0.036265343,-0.0067992914,-0.0070591667,-0.0018303365,-0.0005507416,-0.0027611512,-0.008800473,-0.0041754525
C2orf48,-0.0012470924,-0.0040867548,-0.00786966,-0.009367247,-0.025980653,-0.007828188,-0.003029249,-0.018562399,0.091978155,-0.014119796,-0.00691958,-0.012022362,0.05172794,-0.007204711,-0.007188263,-0.0012647924,-0.0023866198,-0.0013332514,-0.00708559,0.05338795,0.26107678,-0.00030451294,0.06295015,-0.003880794,-0.0066064973,-0.0017129447,-0.0066994303,-0.0025840146,-0.0043660514,8.722139e-05
ODC1,0.0052118273,0.11524069,0.13726477,0.09413203,-0.12756495,0.00702297,0.017571911,-0.05157751,0.028311823,0.003897987,-0.0065156003,-0.03263363,0.029862788,0.0042881807,0.034179837,0.0037502735,0.0024313498,-0.0068592713,-0.0060920375,-0.059053387,0.006009265,-0.02001781,0.052127887,0.18847804,0.0032855638,0.03269772,0.013526152,-0.0034800048,-0.009602357,0.08567647
RN7SL832P,-0.0020061284,-0.0044051697,0.0012192087,0.001772397,0.031446736,0.00028987884,-0.0007163308,-0.0051492844,0.012345246,-0.00747501,-0.0071894634,-0.0063532977,0.004264468,-0.0060851453,-0.010141403,-0.0020345848,0.012408811,-0.002144707,-0.011398113,-0.014793663,-0.004753285,-0.0018471543,0.0143329175,-0.0102360435,0.0013696181,0.0028815286,0.012646435,-0.0003786074,-0.0011295847,0.008669766
PDIA6,0.01505446,-0.0060918536,-0.0082454095,-0.043389417,0.066901594,0.062160052,0.010863383,-0.15467212,0.028783785,-0.018216422,0.0010131109,-0.12039374,0.023933003,-0.0139484005,0.029992573,-0.014120749,0.015376562,-0.0022194155,0.02010184,0.10794997,0.045950096,0.011984438,0.08116449,-0.088901,-0.03781756,0.028586518,0.058570348,-0.019633884,0.020828346,0.06676248
LINC00570,-0.00040022767,-0.0020900134,-0.0025256423,-0.0038752065,-0.004081894,-0.00347138,-0.0018504488,-0.005957237,-0.00042787724,-0.00549458,-0.0028064162,-0.0046038413,-0.00046875232,-0.0023122015,-0.004818902,0.4968702,-0.0007659276,-0.0004278747,-0.0022739698,-0.003085575,-0.00094830466,-0.0013188181,-0.0008375708,-0.0020421625,0.005311382,-0.000549732,-0.0021500494,0.017930618,-0.0026432087,-0.0012540927
MIR3681HG,-0.00089547824,0.116686545,0.058966152,0.013930157,-0.019246884,-0.0056862133,-0.004140181,-0.0120215,-0.00095734216,-0.010901943,-0.006278968,-0.0103005795,-0.001048773,-0.0051733386,-0.009225171,-0.00090818567,0.007360154,-0.0009573416,-0.005087846,-0.0042959224,0.0052136322,0.0023480037,0.0064243968,-0.0011155917,-0.004743741,-0.0012299676,0.0017470152,-0.0018554681,-0.00052857073,-0.0028058474
MYCN,-0.00072323607,-0.0037766504,-0.0045638587,-0.0046713767,-0.015100208,-0.006272888,-0.0033438143,-0.010765073,-0.0007731968,-0.0082042515,-0.0050712223,-0.008319303,-0.00084703625,-0.0041782563,-0.008707843,-0.00073349604,0.571944,-0.0007731965,-0.004109095,-0.009216735,-0.0017136158,-0.002383138,-0.0015135063,0.004852918,-0.0038312539,-0.000993368,-0.0038851586,-0.0014985685,-0.004776283,0.018397214
FAM49A,0.010713263,0.005726839,-0.008283021,-0.07653904,0.49009007,0.23794034,-0.05178604,-0.18678994,-0.011947506,-0.17476232,-0.08625819,-0.14388695,-0.012385548,-0.07208934,-0.10201231,-0.0064362,-0.020729037,-0.014209732,-0.0680983,-0.07042182,-0.0077124476,-0.012670485,0.00058315543,-0.055087183,-0.06678399,0.0003089876,0.10416935,-0.0261618,-0.060501214,0.013883429
SMC6,0.028073588,0.122851625,0.092286944,0.12963766,-0.011332732,0.017224913,-0.008137432,-0.081037626,0.034995984,-0.036379643,-0.01826479,-0.05187912,0.030049296,-0.014616769,-0.014218307,-0.00415151,-0.0009843826,0.0030969058,-0.023268875,-0.009417582,0.05076968,-0.009453345,0.032770418,-0.041979637,-0.019594017,0.0008158855,0.022890072,0.0036140908,-0.004623465,0.121207096
SDC1,-0.0004498329,-0.0023490293,-0.002838653,-0.0043555507,-0.011513948,-0.0039016323,-0.0020798119,-0.0040978664,-0.00048091364,-0.0061756023,-0.0031542592,-0.001959038,-0.00052685273,-0.002598845,-0.005416165,-0.00045621986,-0.0008608925,-0.000480913,-0.0025558388,-0.0067334524,-0.0010658565,-0.0014822609,0.34608003,-0.0022952696,-0.0023830265,-0.0006178674,0.0041069468,-0.00093209115,-0.0029707982,-0.0014095169
RHOB,-0.006383881,0.032853484,0.025825433,0.032726467,0.38335595,0.24133617,-0.032745045,-0.15450095,-0.012683847,-0.14048654,-0.06846693,-0.11185574,-0.0101646865,-0.047597192,-0.07203729,-0.006497203,-0.009582256,-0.005483959,-0.05937896,-0.13546024,-0.02495341,-0.022897096,0.016402202,-0.051016264,-0.054790996,-0.00844059,0.025672384,-0.022138115,-0.050172396,-0.030324867
OTOF,-0.0016385533,-0.008556692,-0.010340154,-0.014835776,0.038144786,0.0211102,-0.0033990485,-0.02080416,0.016032066,-0.00871976,0.0024663885,-0.016191276,-0.0019191228,0.007309521,0.005882922,-0.0016618397,-0.0031358483,-0.0017517963,-0.0075989617,-0.0038013393,-0.003882461,-0.0053993636,-0.0034290527,-0.008360755,-0.0013755795,-0.002250646,0.00017246015,-0.0033952473,-0.0019604526,-0.0020940104
CENPA,-0.0011735724,-0.0009815012,-0.0052560624,-0.011363296,-0.008284967,-0.0022355365,-0.0054260176,-0.013473629,0.27163735,-0.0086612245,-0.008229048,-0.012263228,0.10053879,-0.0021002463,-0.00580436,-0.0011902401,-0.002245902,-0.0012546645,-0.0019150964,-0.014582437,0.2160976,-0.003867058,0.0863404,-0.0059880433,-0.0036735123,-0.0016119492,0.018711006,0.0039877077,-0.0056936126,0.0005745006
LTBP1,-0.0019803697,-0.008815877,-0.0124970805,-0.014912501,-0.007437709,-0.012469021,-0.003983131,-0.028884007,-0.0021172187,-0.02592433,-0.012734393,-0.021315064,-0.0023193876,-0.007282322,-0.018909167,-0.002008478,0.0044201966,-0.0021172161,-0.009843192,-0.023159772,-0.0013631125,-0.0041262195,-0.0041443678,0.47401893,-0.010491088,-0.0027201488,-0.007675178,-0.0041034543,-0.011860739,-0.0036891343
RASGRP3,-0.00081425684,0.17875993,0.22282478,0.28721377,-0.08184174,-0.02642644,-0.014527871,-0.0505339,-0.0013552518,-0.038995836,-0.019954732,-0.038154975,0.00092542585,-0.02080299,-0.037881043,0.0025466562,-0.004615156,0.005634618,-0.021590887,-0.054732062,-0.005765196,-0.0077442066,0.1777489,-0.016417084,-0.018186223,0.019971704,0.00075307465,-0.009074745,-0.024374537,-0.008004109
QPCT,-0.00827077,-0.03628113,-0.0484646,-0.075871155,0.5291183,-0.045211416,-0.03676261,-0.11936612,-0.008842206,-0.10873543,-0.054150816,-0.09056956,-0.009686769,-0.04704611,-0.094479434,-0.00013171509,-0.015828462,-0.008842223,-0.04620014,-0.119139135,-0.018743368,-0.026590176,-0.0073362486,-0.037866425,-0.042985294,-4.0977735e-05,0.049666665,-0.015091879,-0.052599467,-0.022133457
CDC42EP3,-0.013732064,-0.046867486,-0.047986068,-0.1322125,0.40931964,0.10360848,0.013093301,-0.20081091,0.0010687851,-0.084062435,-0.019186098,-0.13320422,0.00022006298,-0.038842198,-0.0029045632,-0.007007707,-0.016759131,-0.008735994,0.004744518,-0.021653665,0.00089059636,-0.018390989,-0.009159972,-0.06548062,-0.050290223,0.0003271961,-0.02372555,-0.012796959,-0.011397955,-0.04773557
CYP1B1,-0.009731112,-0.046224944,-0.05745137,-0.08508525,0.61157304,0.0022598547,-0.04171886,-0.13629255,-0.010403173,-0.12458787,-0.06313682,-0.105350465,-0.011397003,-0.052776266,-0.1077231,-0.002999275,-0.018622769,-0.0069354363,-0.052072514,-0.13437623,-0.022314675,-0.030390035,-0.019607533,-0.040140297,-0.049811706,-0.013366091,-0.041398928,-0.018401561,-0.060324375,-0.0277826
SLC8A1,0.008321363,-0.05740195,-0.070481285,-0.10695519,0.5688727,0.2765609,-0.051756214,-0.16869791,-0.011280581,-0.15447827,-0.07861028,-0.13042517,-0.0136954095,-0.06474864,-0.13580607,-0.0075516477,-0.020039536,-0.012501256,-0.06501387,-0.16625674,-0.027010584,-0.03646876,-0.021216674,-0.051262625,-0.058965057,0.041413944,0.17148171,-0.024229454,-0.07350539,-0.029342156
AC019129.2,-0.0013003421,0.002507377,0.01114454,-0.0034932513,0.005382053,0.0045004333,-0.0033866148,-0.0013301966,0.009777107,0.00041255658,-0.002101844,-0.0060441047,0.008691865,-0.0032935748,-0.003846956,-0.0013188132,-0.0024885312,-0.0013901831,-0.0009497696,-0.0015124163,0.0019827415,0.006681046,0.0030020068,-0.0042490247,-0.0045910347,-0.0017860866,0.0065603405,-0.0026943516,-0.004871512,0.0035921005
RHOQ,0.0021062705,0.009870269,0.03074064,0.019169742,0.5095902,0.15615213,-0.052406486,-0.20294763,-0.00730581,-0.17661633,-0.0879673,-0.15131123,-0.011550511,-0.07106794,-0.12108796,-0.006590296,-0.015522978,-0.008709085,-0.06350691,-0.07598874,-0.011437806,-0.022357788,0.055662278,-0.06253758,-0.07251726,0.011005691,0.06918216,-0.027329832,-0.066218704,-0.0032886614
EPCAM,-0.00033104027,-0.0017287034,0.0054989913,-0.0032053308,-0.0010235761,-0.0028712938,-0.0015305876,-0.004927376,-0.00035391367,-0.0045446306,-0.0023212254,-0.003807999,-0.00038771407,-0.001912516,-0.0039858,-0.00033573856,0.04845249,0.043525163,-0.0018809047,-0.0049553546,-0.00078437757,-0.0010908217,0.04420542,-0.0016891133,-0.0017536703,0.102018364,0.00708366,-0.000685938,-0.0021862418,-0.0010372783
LHCGR,-0.00024290329,-0.0012684775,-0.0015328699,-0.0023519439,-0.0062173796,0.0515497,-0.0011230973,-0.0036155183,-0.0002596927,-0.0033346994,-0.001703247,-0.002794232,-0.0002844953,-0.0014033405,-0.0029246705,-0.00024635022,-0.00046486725,-0.0002596928,-0.0013801518,-0.0036360396,-0.000575549,-0.0008003995,-0.0005083353,-0.0012394373,-0.0012867985,-0.00033363968,-0.0013049111,-0.00050331926,-0.0016042122,-0.0007611224
EML6,-0.0020587314,0.098504685,0.1814268,0.020481525,-0.032230772,0.0021251743,-0.0011689749,-0.026060006,-0.0022009697,-0.020339271,-0.009987611,-0.015891222,0.004055145,-0.009212727,-0.010439619,-0.0020879698,-0.003939898,-0.0022009632,-0.011697299,-0.023968277,0.0015510301,-0.0067838533,0.16959149,-0.0029251857,-0.009441732,0.002670005,-0.0053353836,-0.0042657643,-0.0053235567,-0.006450909
CCDC88A,0.039100025,-0.030070405,-0.07582899,-0.11177712,0.6211365,0.14208964,-0.054975998,-0.1906736,-0.012233933,-0.16908683,-0.08380372,-0.14065045,-0.009664706,-0.0684996,-0.13325612,-0.008784692,0.028630888,-0.012885309,-0.07209268,-0.17132738,-0.0076319952,-0.034208946,3.91363e-05,-0.06672536,-0.070795216,0.056935143,0.20748618,-0.028919006,-0.071325816,0.13261431
CCDC85A,-0.00041063313,0.100671604,0.021885142,0.00012498655,-0.010510319,-0.0035615887,-0.0018985537,-0.0061120642,-0.00043900742,-0.0056373123,-0.002879263,-0.004723486,-0.0004809319,-0.0023723207,-0.0049441764,-0.00041646056,0.019003976,-0.00043900713,-0.0023330818,-0.006146737,-0.0009729393,-0.0013530746,-0.00085932267,-0.0020952374,-0.0021753276,-0.0005640233,-0.002205935,-0.0008508555,-0.0027118688,-0.0012866865
BCL11A,0.049182083,0.20251718,0.2055013,0.37659907,0.14633995,0.05545247,-0.04610339,-0.1448607,-0.010126567,-0.13719898,-0.06974715,-0.11372654,-0.012560382,-0.058355097,-0.120056935,-0.007961272,0.06467209,-0.008252518,-0.054651037,-0.14802934,-0.024717586,-0.029458258,-0.0048604915,-0.046710543,-0.053011354,0.04646354,0.1603069,-0.022221586,-0.064202055,0.18653508
REL,0.0070243254,0.056366216,0.06281881,0.16066556,0.33320102,0.14154796,-0.039076474,-0.27094802,-0.009697684,-0.18800247,-0.08682204,-0.1909175,-0.0037924747,-0.07232127,-0.03245951,-0.020918822,-0.02226897,-0.0069759283,-0.052739695,0.058103073,0.009513934,0.021678893,-0.044641767,-0.10028364,-0.07111286,0.002822355,0.08953385,-0.027029246,-0.01143636,0.010273575
PELI1,-0.009866598,0.020975344,0.036768816,0.006889836,0.40887776,0.082447596,-0.04046536,-0.104039274,0.0058957525,-0.083354026,-0.04793104,-0.10264127,-0.0014081817,-0.041368138,-0.10789672,-0.006499745,-0.012649039,-0.010737905,-0.055435076,-0.15052496,-0.019338686,-0.031875897,0.03206812,-0.05182863,-0.012883641,0.0006308898,-0.00932636,-0.00123489,-0.06316102,-0.030689338
LGALSL,-0.002201565,-0.0101214545,-0.0024363708,-0.015935134,-0.014037092,-0.008930108,-0.008626233,-0.027970288,-0.0023536792,-0.023967825,-0.012328657,-0.022688618,-0.0025784753,-0.010220858,-0.020155415,-0.002232796,-0.0005153003,-0.002353673,-0.007431337,-0.030297775,-0.005216401,-0.0050940323,0.012281915,0.4962198,-0.01166263,0.0021137553,-0.0051607545,-0.004561764,-0.012340831,0.004427713
MEIS1,0.006310514,-0.009904164,-0.009310908,-0.014791114,-0.016399318,-0.009559527,-0.006966401,-0.025755879,-0.0020276445,-0.025377268,-0.012096603,-0.02105141,-0.0022213375,-0.010957355,-0.01767323,-0.0019235299,0.21554178,0.0056819892,-0.010776185,-0.00063160225,0.0024463413,0.0063003595,-0.003969103,0.310499,-0.010047437,0.0033565888,0.00839398,-0.0039298963,-0.012525463,0.017730638
CNRIP1,-0.0008369242,-0.0007625962,-0.0052814414,-0.0040737097,0.011010878,-0.00057806924,-0.0038695189,-0.006866901,-0.0008947371,-0.011489602,-0.005868505,-0.009627164,-0.0009802073,-0.0048351274,-0.0084135225,-0.00084880786,0.32892713,-0.000894739,-0.0047552194,-0.009744213,-0.0019830188,-0.00275778,-0.001751437,-0.0005766214,-0.0044336035,-0.0011495464,0.0025142834,-0.001734149,-0.0055271545,-0.0026224367
PLEK,0.020336246,-0.0226844,-0.046108186,-0.12653352,0.4395316,0.15975904,0.01117811,-0.32226825,-0.011797456,-0.28863683,-0.11369337,-0.25184062,0.0034524547,-0.11523863,0.06650602,-0.01476321,-0.009392211,-0.02123833,-0.037938233,0.23842132,0.039579716,0.004513129,-0.021719739,0.042896807,-0.117816135,0.028968342,0.041377783,-0.039280485,0.021629395,0.07951921
MXD1,-0.0033135265,-0.057250544,-0.069683395,-0.10071893,0.59063274,0.10251902,-0.04190781,-0.17185347,-0.005174054,-0.14835589,-0.07582857,-0.13746873,-0.01234135,-0.060933318,-0.11553316,-0.006531157,-0.0056850747,-0.0032112317,-0.054850765,-0.098325595,-0.00453998,-0.023590988,-0.0043269056,-0.016019171,-0.0621496,0.0054874094,0.050216567,-0.023294445,-0.06505181,-0.013097657
CLEC4F,-0.002281938,-0.01191639,-0.011049382,-0.022095174,-0.020256514,0.34513465,-0.010550658,-0.031886406,-0.0024396088,-0.030776953,-0.016001018,-0.024317728,-0.002672626,-0.013183448,-0.026240053,-0.002314357,-0.0043670586,-0.0024396107,-0.012965662,-0.030531056,-0.0054069506,-0.0075193304,-0.0015192076,-0.011643639,-0.009437993,-0.0031343794,0.03949615,-0.0047283215,-0.015070416,-0.004965517
CD207,-0.00058080646,-0.003032994,-0.0036651858,-0.0056237676,-0.00778655,0.0045833495,-0.0026853378,-0.008645058,-0.0006209269,-0.007973553,-0.0040725516,-0.0066810804,-0.0006802499,-0.0033555275,-0.006993099,-0.000589056,-0.001111515,-0.00062092737,-0.0033000235,-0.0086939605,-0.001376189,-0.0019138337,-0.001215472,-0.0029635525,-0.003076881,-0.0007977575,0.15858525,-0.0012034684,-0.003835722,-0.0018199086
NAGK,0.013668367,-0.0056345966,-0.04285645,-0.07134674,0.5116756,0.1932924,-0.048397616,-0.16440493,-0.0028104375,-0.1435165,-0.0648677,-0.129688,-0.0021848741,-0.056395087,-0.116673835,-0.010914339,-0.0046824734,-0.0067205597,-0.057844497,-0.1390002,-0.005359075,-0.029578323,-0.0003199891,-0.064093135,-0.055230744,0.021626692,0.10945611,-0.023850039,-0.065278284,0.03556
AC005034.2,-0.00018361831,0.015461248,-0.001158691,-0.0017778714,0.0042523737,-0.0015925879,-0.00084895187,-0.0027330988,-0.00019630237,-0.0025207568,-0.0012875239,0.0057612844,-0.0002150533,-0.0010608222,-0.0022108152,-0.00018622482,-0.00035139688,-0.00019630209,-0.0010432648,-0.002748473,-0.00043505753,-0.0006050391,-0.00038426064,-0.00093688886,-0.00097271684,-0.00025220736,-0.0009863807,-0.0003804663,-0.0012126534,-0.0005753528
TRABD2A,-0.010067459,-0.048101462,-0.052138608,-0.0663316,-0.25301188,-0.08566121,-0.034982983,0.3870696,0.0059332736,0.15466821,0.0038876063,0.30806196,-0.0039798953,0.03375862,-0.06774828,-0.00052293617,-0.016703399,-0.0042937538,-0.040318754,-0.15036535,-0.023367597,-0.027310167,-0.017434472,-0.04570353,0.0134711135,-0.011742023,-0.029467462,0.0051397285,-0.022276873,-0.02669527
CAPG,0.0245572,0.029654406,0.07925892,-0.024621844,0.5963564,0.0128332,-0.0598026,-0.18880223,-0.0010796319,-0.12244977,-0.07542179,-0.15721266,-0.015098064,-0.048449628,-0.16085333,-0.0068257395,-0.0009375146,-0.0043386677,-0.073424175,-0.1978832,-0.027148016,0.007959141,-0.0043958,-0.059771843,-0.07248948,0.016173618,0.1639583,-0.01937785,-0.087595955,0.09614408
MAT2A,0.023181392,0.012389519,-0.0007083011,-0.0145822195,0.19336708,0.007261292,-0.020894405,-0.07606115,0.011701486,-0.06395066,-0.027881477,-0.05105623,0.0065649725,-0.024645567,-0.04776704,-0.004271317,0.046939828,-0.005678414,-0.021063456,-0.05874464,0.020595692,0.002398088,0.008613582,-0.058715895,-0.025172837,0.040237393,0.15931155,-0.010153485,-0.028081382,0.036421847
GNLY,-0.009485225,-0.04170897,-0.048251227,-0.06989337,-0.21195951,-0.08151918,0.13086258,-0.14086102,-0.008854521,-0.1269203,-0.047652178,-0.10931219,0.02679691,-0.0419907,0.20775902,-0.0046085934,-0.017363193,-0.0042288085,0.056604728,0.5420297,0.07524493,0.12965867,-0.016687473,-0.0133884605,-0.058705818,-0.015723474,-0.04947025,-0.02356272,0.12789072,-0.031223536
CD8A,-0.008000355,-0.047873523,-0.056891344,-0.088160075,-0.24031352,-0.08176633,-0.029107507,-0.1459279,-0.0045448765,-0.1321421,-0.06455062,0.39436975,0.04788406,0.1861962,0.5435486,-0.0039109522,-0.014543643,-0.0099818,0.09416919,0.0019112078,0.007516032,-0.014388455,-0.01725224,-0.04110052,-0.051410723,-0.013862947,-0.050684128,-0.019983651,-0.024753701,-0.029831061
CD8B,-0.010112588,-0.043833096,-0.05359238,-0.0840544,-0.22499396,-0.07476502,-0.040255122,-0.123762034,-0.0013076366,-0.12301129,-0.06156542,0.5733666,0.04487704,0.21950491,0.46154347,0.0011847884,-0.015069385,-0.010811086,-0.0020793665,-0.11202151,-0.0148413805,-0.027900992,-0.01381121,-0.030336643,-0.04260912,-0.010562555,-0.04508959,0.016235704,-0.035536658,-0.027234294
AC133644.2,-0.00012359116,-0.016344892,-0.0118632,-0.03232737,-0.08065336,-0.02775123,-0.012387336,-0.0036262628,0.0029657022,0.14497416,0.11450321,-0.03242958,-0.0013581469,0.09664835,-0.019831754,-0.00024143304,-0.0056350003,-0.004284042,-0.019169826,-0.0501175,-0.004560544,-0.0071930434,0.00088769326,-0.013987312,0.15898593,-0.005504047,-0.017864987,0.030204887,-0.01777166,-0.011300837
IGKC,0.03133223,0.13477552,0.17246833,0.29945827,-0.09134755,-0.03599395,-0.014703372,-0.045234665,-0.005326804,-0.05715586,-0.020771436,-0.04480054,-0.0035987932,-0.02263605,-0.018095665,-0.0035449334,-0.008083626,-0.002318835,-0.022823095,-0.017711721,-0.004444576,-0.0030264286,0.061491974,0.01246495,-0.020267684,-0.0077241287,-0.027422063,-0.009696629,-0.012639011,0.12694183
IGKV4-1,-0.0013388997,0.09691206,0.032916058,0.090553,-0.025045145,-0.008829654,-0.0061904485,-0.017301138,-0.001431416,-0.016513098,-0.009388354,-0.013235438,-0.0015681122,-0.007735248,-0.011952344,-0.001357911,-0.0025623245,-0.001431416,-0.0055258772,-0.013937912,-0.003172429,-0.004411847,0.11973676,-0.006831782,-0.007092858,-0.001839041,-0.00061687635,-0.0027742812,-0.007035756,-0.0041953675
IGKV5-2,-0.00029033626,0.008868171,0.015472048,0.020392459,-0.0046004895,-0.0025181875,-0.0013423284,-0.004321498,-0.0003103977,-0.00398583,-0.002035783,-0.0033397,-0.00034003585,-0.0016773046,0.0012929785,-0.00029445553,-0.00055562344,-0.00031039698,-0.00164961,-0.0043459376,-0.0006879325,-0.00095669547,0.024986656,-0.0014814005,-0.0015380696,-0.00039878543,-0.0015597102,-0.00060160086,-0.0019174612,-0.0009097403
IGKV1-5,-0.0009233569,0.02460463,0.04319126,0.075085595,-0.020072345,-0.008008688,-0.000586382,-0.012476965,-0.0009871501,-0.008622374,-0.006474582,-0.01062144,-0.0010814258,-0.0023694925,-0.00810187,-0.00093645655,-0.0017670825,-0.0009871485,0.0037959819,-0.007513651,-0.0021878083,-0.0030425736,0.054526746,-0.0013623692,-0.004891484,-0.0012682652,-0.004960258,-0.001913259,-0.0060979594,-0.0028932444
IGKV1-6,-0.000290337,-0.0015161134,0.015471216,-0.0028111916,-0.004600226,-0.0025181922,-0.0013423347,-0.00029923295,-0.0003103978,-0.0039858343,-0.0020357883,0.0016398742,-0.0003400369,-0.0016773103,-0.0034956883,-0.00029445597,-0.0005556227,-0.00031039663,-0.0016496106,-0.0043459423,-0.0006879312,-0.00095669506,0.07619419,0.009141238,-0.0015380688,-0.00039878592,0.008543068,-0.00060159963,-0.0019174566,-0.0009097406
IGKV1-8,-0.00027543024,0.009509692,-0.0017381321,0.040131874,-0.007049912,-0.0023890336,-0.0012734543,-0.004099788,-0.00029446345,0.0007426624,-0.001931338,-0.0031683564,-0.0003225868,-0.0015912832,-0.0033162946,-0.0002793427,-0.00052710954,-0.00029446176,-0.0015649757,-0.004122893,-0.0006526007,-0.00090759783,-0.00057640957,-0.0014054101,-0.0014590916,-0.00037832605,-0.0014796753,-0.0005707113,-0.0018190362,-0.00086305686
IGKV1-9,-0.00047713908,0.04176197,0.023319539,0.04127471,-0.010490054,-0.004138405,-0.0022060012,-0.007101846,-0.0005100943,-0.006550282,-0.0033456073,-0.005488594,-0.0005588254,-0.0027565714,-0.005744735,-0.00048390587,-0.0009131051,-0.0005100926,-0.002710982,-0.007142133,-0.0011305191,-0.0015722385,0.014588208,-0.0024345494,-0.0025276581,-0.0006553599,-0.002563191,-0.0009886416,-0.0031510622,-0.0014950626
IGKV3-11,-0.00094597094,0.039744496,0.03921753,0.08177336,-0.022472423,-0.0082049025,-0.0043736664,-0.011607485,-0.0010113252,-0.009029468,-0.0066330493,-0.007821622,-0.0011079237,-0.005465115,-0.009918222,-0.00095939887,-0.0018103598,-0.0010113295,-0.002434069,-0.012929423,-0.0022413984,-0.0031171162,0.09253218,-0.0048267324,-0.0050113294,-0.0012993267,-0.005081781,-0.0019601008,-0.006247348,-0.0029641069
IGKV1-12,-0.00024290338,-0.0012684775,-0.0015328705,0.011513407,-0.006217382,-0.002106856,-0.0011230977,-0.0036155174,-0.00025969293,0.0017940379,-0.0017032471,-0.0027942332,-0.00028449533,-0.001403341,-0.0029246712,-0.00024635022,-0.00046486722,-0.00025969272,-0.0013801524,-0.003636041,-0.00057554914,-0.0008004001,0.1218711,-0.0012394377,-0.0012867985,-0.00033363947,-0.0013049117,-0.00050331943,-0.0016042128,-0.0007611221
IGKV3-15,-0.00082163425,0.054479096,0.040718302,0.0720766,-0.019029358,-0.0071264924,-0.0037988701,-0.0108056525,-0.00087840325,-0.011279897,-0.0057612597,-0.009451378,-0.0009622966,-0.004746847,-0.009892831,-0.00083330553,-0.0015724179,-0.00087840325,-0.0012836837,-0.009466559,-0.0019468025,-0.0027074115,0.025467115,-0.004192372,-0.00072667596,-0.001128572,-0.0044138744,-0.0017024747,-0.0054262443,-0.0025745456
IGKV1-16,-0.00040022784,0.043120727,0.028856147,0.025585314,-0.010244073,-0.003471379,-0.0018504513,-0.0059572463,-0.00042787424,-0.0054945764,-0.0028064107,-0.004603862,-0.00046875403,-0.002312212,-0.0048189005,-0.00040590504,-0.0007659278,-0.00042787756,-0.0022739703,-0.0059909173,-0.0009482965,-0.0013188148,0.017739605,-0.0020421597,-0.0021202085,-0.0005497296,-0.0021500455,-0.00082928315,-0.0026432027,-0.0012540903
IGKV1-17,-0.0003672755,0.014504802,0.011364593,0.02395816,-0.009400544,-0.0031854813,-0.0016980347,-0.005466635,-0.00039264024,-0.0016493903,-0.0025753241,-0.0042247204,-0.0004301439,-0.0021218013,-0.0006359027,-0.00037247874,-0.0007028656,-0.0003926401,-0.0020866706,-0.0054976544,-0.0008702051,-0.0012102096,0.08017436,-0.001873938,-0.0019456252,-0.00050445955,-0.0019729738,-0.0007610013,-0.0024254662,-0.0011507754
IGKV3-20,-0.0011294545,0.0636346,0.08199672,0.068276465,-0.02380912,-0.008147285,-0.005222004,-0.0137021085,-0.0012074809,-0.015505574,-0.007919643,-0.012992185,-0.0013228087,-0.0065251198,-0.013598771,-0.0011454752,-0.0021614817,-0.0012074745,-0.0014797611,-0.013808547,-0.0026760928,-0.0037216973,0.103311874,-0.0057628937,-0.0059832362,-0.0015513455,-0.006067418,-0.0023402444,-0.0074590864,-0.0035389685
IGKV6-21,-0.00031805373,0.017302923,-0.0020070497,0.02869247,-0.008140696,-0.0027586198,0.009204977,-0.0047341413,-0.0003400266,-0.00044928995,-0.002230148,-0.0036586209,-0.00037250156,-0.0018374689,-0.003829456,-0.00032256526,-0.0006086676,-0.0003400266,-0.0018070657,-0.004760838,-0.00075358973,-0.0010480133,0.0460641,-0.0016228537,-0.001684899,-0.0004368578,-0.0017085582,-0.00065902364,-0.002100484,-0.0009965881
IGKV2-24,-0.0003435394,0.006982325,0.034395065,0.026088297,-0.00879318,-0.0029796713,-0.0015883491,-0.005113523,-0.00036726982,-0.004716322,-0.0024089294,-0.0039517838,-0.00040236124,-0.001984749,-0.004136391,-0.00034841622,-0.0006574501,-0.0003672706,-0.0019519485,-0.0017574169,-0.00081399013,-0.0011320178,0.020918945,-0.001752926,-0.0018198747,-0.00047186314,-0.0018455242,-0.00071182474,-0.0022688166,-0.0010764359
IGKV1-27,-0.0004306775,0.011755172,0.032281037,0.02712094,-0.0072065387,-0.0037354394,-0.0019912524,-0.006410608,-0.0004604394,-0.0059125223,-0.003019909,-0.0015960411,-0.00050440547,-0.002488155,-0.0051854844,-0.0004367907,-0.00082421256,-0.00046043875,-0.0024469902,-0.006446684,-0.00102045,-0.0014191456,0.05088956,-0.0021974999,-0.0022815117,-0.00059156114,-0.002313628,-0.00089239096,-0.0028442433,-0.0013494813
IGKV2-29,-0.0002903379,0.008870148,0.006819615,0.020392222,-0.0017697384,-0.0025181903,-0.0013423332,-0.0043215053,-0.00031039742,-0.0039858324,-0.0020357864,-0.0033397065,-0.00034003894,-0.0016773079,-0.0034956886,-0.000294454,-0.0005556231,-0.00031039686,-0.0016496102,-0.0043459404,-0.00068793155,-0.0009566946,0.024993856,-0.0014814036,-0.0015380678,-0.00039878552,0.008543055,-0.0006016001,-0.001917457,-0.00090974127
IGKV2-30,-0.0005112728,0.00322938,0.016430056,0.034594953,-0.0066558397,-0.000792102,-0.002363836,-0.0053242394,-0.0005465994,-0.0070189834,0.0008602925,-0.005881245,-0.00059880345,-0.0029537592,-0.00071609055,-0.0005185317,-0.0009784441,-0.00054659706,-0.0029049108,-0.0031020255,-0.0012114131,-0.0016847077,0.042548772,-0.002608708,-0.002708498,-0.00070225995,-0.0027466032,-0.0010593843,-0.003376512,-0.0016020222
IGKV1-39,-0.0006558771,0.010378605,0.0533337,0.032186564,-0.016787611,-0.002850138,-0.0030324466,-0.009762495,-0.00070119754,-0.009004216,-0.004599009,-0.003134857,-0.0007681719,-0.0037891788,-0.007897044,-0.0006651876,-0.0012551965,-0.0007011978,-0.003726508,-0.009817711,-0.0015540308,-0.0021612197,0.16876613,-0.0033465587,-0.00347457,-0.00090088695,-0.0035234042,-0.0013590204,-0.0043315007,-0.0020551293
IGKV1D-33,-0.0002903381,-0.0015161614,0.006821016,0.00878991,-0.004600554,-0.0025182718,-0.0013423685,-0.0043214983,-0.0003103972,-0.0039858352,-0.0020358586,-0.003339814,-0.00034004883,-0.0016773631,-0.0034957645,-0.00029445172,-0.00055563735,-0.00031039526,-0.0016496027,-0.0043459553,-0.0006879195,-0.00095668883,0.15298039,-0.0014814402,-0.00153804,-0.00039879847,-0.001559691,-0.0006015882,-0.0019174427,-0.00090972875
IGKV2D-30,-0.00029033737,0.0088698,0.0068187616,0.020390287,-0.0074313367,-0.002518256,-0.0013423548,-0.00432151,-0.00031039474,-0.003985873,-0.0020358497,-0.0033397996,-0.0003400473,-0.0016773586,0.0012928525,-0.0002944526,-0.0005556317,-0.00031039352,-0.0016496223,-0.004345995,-0.00068792776,0.015358751,0.05058965,-0.0014814199,-0.0015380465,-0.0003987956,-0.001559708,-0.0006015892,-0.0019174392,-0.00090973225
IGKV2D-29,-0.00035560728,0.023586262,0.0048199277,0.03918345,-0.006790751,-0.0030843238,-0.001644115,-0.00529296,-0.00038016544,-0.0048817806,-0.002493431,-0.004090519,-0.00041648248,-0.0020543663,-0.0042814915,-0.00036064978,-0.0006805417,-0.00038016567,-0.0020204682,-0.0053228703,-0.0008425641,-0.0011717362,-0.0007441655,-0.0018144235,-0.0018837854,-0.0004884377,-0.0019103044,-0.0007368311,0.004415907,-0.0011142539
IGKV2D-28,-0.00025968297,-0.0013560352,0.017707145,0.016942455,-0.006646604,-0.002252294,-0.0012006345,-0.0038652867,-0.00027762007,-0.003565035,-0.0018208834,-0.0029871706,-0.00030413832,-0.0015002623,-0.003126598,-0.0002633707,-0.00049696414,-0.0002776203,-0.001475435,-0.003887108,-0.0006152843,-0.0008556912,0.085307226,-0.0013249867,-0.0013756414,-0.00035668042,-0.0013950232,-0.00053807965,-0.0017149902,-0.00081368437
IGKV2D-26,-0.00015901447,-0.0008303683,0.014791473,0.019640144,-0.004070116,-0.0013792162,-0.0007352061,-0.0023668758,-0.0001700018,-0.002183023,-0.0011150164,-0.0018291523,-0.00018624053,-0.00091866514,-0.0019145994,-0.00016127087,-0.00030431562,-0.00017000196,-0.0009034749,-0.0023802777,-0.00037676623,-0.0005239727,-0.00033276956,-0.00081137515,-0.00084238395,-0.00021841099,-0.0008542435,-0.0003294859,-0.0010501588,-0.00049826014
IGKV3D-20,-0.00018361835,-0.00095884735,0.012520719,0.0073929955,-0.0046998244,-0.0015925887,-0.0008489517,-0.002733093,-0.00019630235,-0.0025207582,-0.0012875221,0.0057616625,-0.00021505318,-0.0010608189,-0.0022108122,-0.00018622466,-0.00035139642,-0.000196302,-0.0010432624,-0.0027484791,-0.00043505814,-0.00060503924,0.040087033,-0.00093688973,-0.0009727156,-0.0002522045,-0.0009863822,-0.00038046605,-0.0012126507,-0.00057535165
IGKV1D-16,-0.00020529002,-0.0010720285,-0.0012954859,0.014417334,-0.005254501,-0.0017806082,-0.00094916794,-0.0030556568,-0.00021947417,0.003250238,-0.0014394738,-0.0023614753,-0.00024043165,-0.0011860303,-0.002471788,-0.00020820816,-0.00039287406,-0.00021947443,-0.0011663947,-0.0030729973,-0.00048642087,-0.0006764481,0.07197342,-0.0010474826,-0.0010875171,-0.0002819776,-0.0011028213,-0.00042537667,-0.0013557833,-0.00064326864
IGKV1D-12,NaN,NaN,NaN,NaN,NaN,NaN,NaN,NaN,NaN,NaN,NaN,NaN,NaN,NaN,NaN,NaN,NaN,NaN,NaN,NaN,NaN,NaN,NaN,NaN,NaN,NaN,NaN,NaN,NaN,NaN
IGKV3D-11,-0.00022489089,0.025641661,-0.0014191414,-0.0021774827,-0.0021013995,-0.0019505251,-0.0010397573,-0.0033472932,-0.0002404257,0.0024530746,-0.0015768951,-0.002586902,-0.00026338594,-0.0012992391,-0.0027077245,-0.00022808118,-0.0004303694,-0.00024042567,-0.0012777469,-0.0033662731,-0.0005328504,-0.00074103515,0.06561691,-0.0011474644,-0.0011913375,-0.00030889548,-0.0012080913,-0.00046598274,-0.001485179,-0.00070466107
IGKV1D-43,-0.00015901466,-0.00083038124,0.014792684,0.019639699,-0.0040700384,-0.0013792273,-0.0007352188,-0.0023668814,-0.00017000244,-0.0021830392,-0.0011149823,-0.0018291593,-0.00018623752,-0.0009186743,-0.0019145482,-0.00016127374,-0.00030431707,-0.00017000244,-0.00090348267,-0.0023802202,-0.00037677382,-0.00052397,-0.0003327698,-0.00081135996,-0.0008424132,-0.00021841691,-0.0008542193,-0.0003294802,-0.0010501675,-0.00049827277
MAL,-0.010719997,-0.053556588,-0.055507787,-0.1029861,-0.28012696,-0.095054455,-0.048911277,0.38229525,-0.007678921,0.3167528,0.053247854,0.22069672,-0.012831116,0.07980033,-0.105443336,-0.004173126,-0.018839294,-0.008126414,-0.06205897,-0.16118577,-0.024394177,-0.031628247,-0.02145759,-0.05020972,0.10650764,-0.015553979,-0.05865399,0.006884287,-0.039108615,-0.03462159
DUSP2,-0.015896084,-0.05363944,-0.07922232,-0.14557049,0.1136811,-0.04854904,0.045879554,-0.20627294,-0.008532186,-0.087655365,0.086703815,-0.14768793,0.006745441,0.010867412,0.17993243,-0.013130047,-0.03127161,-0.010069654,0.20642424,0.09371072,0.0034266764,0.08413771,-0.027447568,-0.055462245,-0.060675632,0.012410132,0.04928671,-0.01276808,0.13098708,-0.038169824
NCAPH,-0.0019521187,-0.0008871873,0.0006087437,-0.012829847,-0.021223128,-0.010235447,0.0032711776,-0.02182235,0.17724365,-0.0023598366,-0.0066406643,-0.017240152,0.09323248,0.0056849197,0.02611442,0.005889155,0.0004499129,-0.0020869693,-0.006775996,-0.009360781,0.2226576,-0.006432475,0.06830598,-0.008359027,-0.0057289517,0.020521011,0.007573769,0.007554282,0.0045331647,-0.0035548036
AFF3,0.056807596,0.23978034,0.21926242,0.4978866,-0.121699,-0.03493481,-0.035409935,-0.036835037,0.0009245601,-0.08325088,-0.04629124,-0.076535374,-0.009203532,-0.042052813,-0.08670413,-0.007969829,0.0011394965,0.008624478,-0.036040038,-0.108901285,-0.0151949655,0.028102458,-0.012676141,-0.035244923,-0.019549558,0.047924098,0.18178967,0.013573544,-0.039741382,0.1603156
IL1R2,0.009963287,-0.013179186,-0.014922546,-0.023087418,0.06982853,-0.018167155,-0.011668599,-0.03568468,-0.0026981533,-0.030636335,-0.017696679,-0.0266999,-0.0029558481,-0.01458054,-0.029261924,-0.0025596027,-0.004829902,-0.0026981456,-0.013218919,-0.036369998,-0.0059798392,-0.0064075715,-0.0052814772,-0.012877271,-0.012167516,0.009994545,0.3401851,-0.005229382,-0.016667297,-0.0058967625
IL18R1,0.03802187,-0.022353105,-0.028314587,-0.051785205,-0.14212939,-0.048831336,0.029689027,-0.06733645,0.019737242,0.003120192,0.07012094,-0.055907488,0.021558529,-0.022434369,0.050374072,-0.003739181,-0.007735197,0.029506894,0.094975166,0.16026084,0.025789294,0.162369,-0.009206251,-0.025946202,-0.009752237,0.03218488,0.067161396,-0.012760016,0.055671293,0.11954297
FHL2,-0.0015312313,-0.0040466366,-0.008017504,-0.009298478,-0.023591395,-0.005973698,-0.0003934981,-0.012082465,0.07424598,-0.006333179,-0.009250197,-0.005298597,0.015527933,0.00010460541,0.009832893,-0.0015529691,0.07677873,-0.0016370277,-0.00870012,-0.010711183,-0.0036280781,-0.0050456296,0.011358758,0.1705959,-0.004204536,0.012672429,-0.006304582,0.0066401134,0.0025049571,0.0017099214
ST6GAL2,-0.00029033775,-0.0015161576,-0.0018321761,-0.0028111641,-0.0046005524,-0.0025182553,-0.0013423732,-0.0043215053,-0.00031039602,-0.0039858315,-0.0020358544,-0.0033398091,-0.00034004834,-0.001677361,-0.0034957668,-0.0002944522,0.25127643,-0.00031039427,-0.0016496006,-0.00434595,-0.0006879178,-0.0009566897,-0.0006075825,-0.0014814422,-0.0015380426,-0.0003987971,-0.0015596875,-0.00060159166,-0.001917441,-0.00090973056
LIMS1,0.0016629989,-0.044788666,-0.06386722,-0.11806099,0.25093874,0.14064556,-0.044390224,-0.10990563,0.03476355,0.123165086,0.024393316,-0.15113518,0.0075667943,-0.039089076,-0.103925325,-0.011980772,0.035765044,-0.007570351,-0.04063912,-0.12504058,-0.0036777132,-0.01671157,0.014655726,0.17729798,-0.029254513,0.012751536,0.053835273,0.0069867284,-0.05530251,-0.031006617
BUB1,0.0072561353,-0.009031925,-0.0036242532,-0.0020326886,-0.010398269,-0.005275422,-0.006020768,-0.0073798904,0.2257784,-0.009966582,-0.004188321,-0.0030735647,0.09806549,-0.0020390798,-0.012726026,-0.0017541493,0.01549319,-0.0018490945,-0.0049767573,-0.016406033,0.16401492,0.0025696256,0.117135055,0.0073775845,-0.0039704787,0.0041942736,-0.0025011015,0.0051325597,-0.010018333,0.01766099
MIR4435-2HG,0.0032233929,-0.038489953,-0.048746604,-0.091118686,0.18528168,0.003935488,0.03903541,-0.14267318,0.04905139,-0.093318716,-0.043794833,-0.10621256,0.04105553,-0.045058127,0.0474058,0.001612546,0.027356148,-0.009761305,-0.045351747,0.08658241,0.044527188,-0.02366553,0.05027728,0.08826128,-0.03259736,0.045084633,0.06512776,-0.0031937403,0.0018204575,-0.0045891637
MERTK,-0.0035579205,-0.017695803,-0.021722136,-0.032976445,0.1308853,0.20740075,-0.015459343,-0.049545474,-0.0038037368,-0.045951538,-0.022964804,-0.03882117,-0.0041669887,-0.01896963,-0.040399924,-0.0036083937,0.018852774,-0.003803745,-0.019400103,-0.050205015,-0.0046156202,-0.0089661945,-0.007445705,-0.012756558,-0.017120656,-0.0016926178,-0.0149516435,-0.0073722024,-0.021385772,-0.009730991
CKAP2L,0.009250476,-0.005515972,-0.0057171322,-0.009434329,0.010376235,-0.002355167,-0.006724404,-0.0184208,0.16877604,-0.018242668,-0.005484851,-0.014732704,0.08974666,-0.008402336,-0.012706479,-0.001475027,0.0028100458,-0.001554892,-0.0024987021,-0.014536373,0.3371209,-0.0015211725,0.058314774,-0.007420943,-0.007704666,-0.0019976827,0.002275561,-0.00301357,-0.007942253,-0.0045571756
IL1A,-0.003821777,-0.018359669,-0.02143683,-0.031557634,0.21566789,0.0076107085,-0.011252358,-0.05217924,-0.0040857755,-0.047469355,-0.023131726,-0.038930666,-0.004476036,-0.022079451,-0.03889224,0.00012840552,-0.0073139463,-0.004085778,-0.021714086,-0.049996193,-0.009055243,-0.008756333,-0.0021655106,-0.014455976,-0.018651625,-0.002290316,0.019232599,-0.007918945,-0.023296293,-0.010650354
IL1B,6.14917e-05,-0.02078576,-0.021995626,-0.049243443,0.39674184,0.024160411,-0.029310497,-0.12507008,-0.008118223,-0.12385019,-0.04895061,-0.10327135,-0.0036549915,-0.052800618,-0.04806448,-0.010171251,0.022485044,-0.0065589896,-0.054341316,-0.060178977,-0.009603194,-0.017071862,-0.01570104,0.0165093,-0.058360215,-0.0087320525,0.058506027,-0.023228964,-0.024062436,-0.014494553
IL1RN,-0.0066280994,-0.039183572,-0.046862196,-0.074089296,0.5023351,0.0064984816,-0.03776682,-0.120934844,-0.009349284,-0.11057527,-0.05662912,-0.09221305,-0.0070701307,-0.045901366,-0.09347629,-0.0017083479,-0.015808579,-0.0073862458,-0.04825426,-0.1166227,-0.018265765,-0.026361277,-0.014076565,-0.035381943,-0.044355262,-0.008149613,0.069927305,-0.01707986,-0.05114663,-0.019658929
DPP10,-0.00027543155,-0.0014383472,-0.0017381322,-0.0026668797,0.004887048,-0.002389035,-0.0012734536,-0.0040997886,-0.00029446336,-0.0037812449,-0.001931338,-0.0031683552,-0.0003225865,-0.0015912843,-0.0033162937,-0.00027934386,0.14693949,-0.00029446094,-0.0015649766,-0.004122892,-0.0006526003,-0.00090759766,-0.0005764097,-0.0014054105,-0.0014590909,-0.000378326,-0.0014796761,-0.00057071116,-0.0018190367,-0.0008630569
MARCO,-0.005138433,-0.037216134,-0.042871594,-0.068485364,0.40681338,0.120573886,-0.031019164,-0.10481574,-0.00790028,-0.09866775,-0.05041233,-0.08197363,-0.0068115946,-0.04143962,-0.08512287,-0.005404811,-0.014142337,-0.007900304,-0.03988937,-0.1046301,-0.016595941,-0.021517845,-0.014462233,-0.031892765,-0.038207717,-0.0070479563,0.031021364,-0.014288916,-0.04693803,-0.02099224
PROC,0.1923573,0.0017058704,0.0024325987,-0.013237335,-0.024138553,-0.011857714,-0.006320931,-0.017772518,-0.001461583,-0.016022624,-0.009586179,-0.01360016,-0.0016011986,-0.0058897715,-0.013392753,-0.0013865365,0.0033289583,-0.0014615834,-0.003679029,-0.018753683,-0.003239273,-0.0010214251,-0.002861007,-0.004713472,-0.00505462,0.08085765,0.011985812,-0.002832746,-0.009028764,0.49631038
NCKAP5,-0.0010232821,-0.0023890056,-0.0015321794,-0.003304698,-0.025388401,-0.008875463,-0.004731156,-0.015231243,-0.00109398,-0.012829586,-0.0071752826,-0.010353287,-0.001198474,-0.0059117395,-0.010957686,-0.0010378166,-0.0019583239,-0.0010939868,-0.0058140606,-0.015317278,-0.0024245637,-0.0033718545,-0.0021414622,-0.005221266,-0.0054208706,0.3417788,0.22997175,-0.00212027,-0.00675795,-0.003206343
AC011893.1,0.10585071,-0.0021862271,-0.004396115,-0.011359074,-0.02966751,-0.00705395,-0.0060422206,-0.014070405,0.02083141,-0.013155838,-0.009163523,-0.011702474,0.008612759,-0.0075499522,-0.014666059,-0.0013254118,-0.0025009748,-0.0013971219,-0.005290273,-0.016879154,0.0019291997,-0.004306229,-0.0027348564,-0.0066681174,-0.0069230483,-0.0017950154,-0.0070204097,0.0030352774,-0.008630597,0.5881507
MCM6,0.021435793,-0.0029766895,0.008518682,-0.031452686,-0.06483002,-0.005329926,-0.0031844822,-0.013336949,0.08353759,0.017079301,0.003357096,0.018874735,0.07814197,0.008525843,0.018260686,-0.0053667277,0.024297902,-0.0056571686,-0.00033115724,0.000685264,0.1379632,-0.006186271,0.037364118,0.019429203,-0.008177307,0.0035039512,0.022003578,0.008642752,0.00066650053,0.06276428
CXCR4,-0.0028049373,0.06387707,0.07794753,0.3124094,-0.3532288,-0.13540602,0.031337135,-0.0037556423,-0.015416099,0.14540033,0.12814915,0.026635004,-0.011836949,0.07718822,0.08419873,-0.014110039,-0.04404757,0.010298718,0.16000943,-0.081675604,-0.020034542,-0.0063016177,-0.049780965,-0.10534772,0.0412797,-0.0067319297,0.0016421882,0.014108157,0.06678479,0.0028733942
HNMT,-0.010238729,-0.057066273,-0.06734744,-0.10491687,0.6420499,0.13120359,-0.049515493,-0.16045004,-0.011028535,-0.15170303,-0.07679891,-0.12738347,-0.013598929,-0.06418922,-0.12994066,-0.0061244867,-0.01818724,-0.012413225,-0.06234304,-0.16242927,-0.026233196,-0.035580587,-0.021780767,-0.05196052,-0.06014524,-0.012081305,0.08456654,-0.023170233,-0.07109824,-0.03232073
LRP1B,0.06772665,-0.0035568874,-0.004298331,-0.0065951427,-0.013812634,-0.005907831,-0.0031492338,-0.01013845,-0.000728202,-0.009350903,-0.0047760494,-0.0057094702,-0.00079775363,-0.00393515,-0.008201028,-0.0006908109,-0.0013035281,-0.0007281959,-0.0038700034,-0.010195764,-0.001613901,-0.002244407,-0.0014254325,-0.0034754903,-0.0036082966,-0.0009355731,0.20322335,-0.0014113463,-0.004498342,-0.002134265
KYNU,0.016321365,0.03346252,0.07800188,-0.019755693,0.46624795,0.20768863,-0.047483783,-0.16297446,-0.010930445,-0.14986244,-0.076886535,-0.12654315,-0.011940988,-0.06493417,-0.1274303,-0.0066751465,-0.019376399,-0.010574407,-0.062930435,-0.15983728,-0.024804687,-0.035409313,-0.009489151,-0.0480325,-0.058233254,0.0004184557,0.109799474,-0.021056827,-0.069258675,0.03724543
ZEB2,0.006211697,-0.019549115,-0.08896988,-0.07989618,0.5921509,0.20163655,0.010911049,-0.31842878,-0.012214497,-0.29194337,-0.14161664,-0.24557902,0.0027013456,-0.11743121,0.0413545,-0.014892418,0.0016219291,-0.021071907,-0.11129599,0.12832624,0.015391954,-0.036621526,-0.043728072,-0.04995986,-0.11430793,-0.028670175,0.047023796,-0.037726317,-0.013746396,0.025355246
ZEB2-AS1,0.006334075,-0.0193962,-0.04136128,-0.05417824,0.3590387,0.10028398,-0.026581397,-0.103080414,-0.0076546595,-0.093779944,-0.04840252,-0.07919236,-0.008385812,-0.040083837,-0.07221086,-0.002705636,-0.011275142,-0.005270686,-0.03842239,-0.08984942,-0.011948354,-0.020655252,-0.013945675,-0.023053518,-0.036966674,-0.00983462,0.036767464,-0.0148360655,-0.039202623,0.03387161
TNFAIP6,-0.0049838414,-0.024770265,-0.029882248,-0.043978915,0.31456527,-0.0018596414,-0.021611774,-0.06979995,-0.005328194,-0.06452051,-0.03304206,-0.051925078,-0.0030931556,-0.027657708,-0.05590575,-0.0050545526,-0.007905569,-0.005328193,-0.025355048,-0.06991399,-0.007794718,-0.013430007,-0.008939441,-0.020916335,-0.025788765,-0.006845427,-0.02087748,-0.008752281,-0.030878402,-0.012553756
FMNL2,0.0007501069,-0.009619703,-0.015858643,-0.023320159,0.027329583,0.3530905,-0.01589446,-0.047944248,-0.0038980974,-0.044046964,-0.0216868,-0.034541167,-0.0042703766,-0.015602172,-0.03993495,-0.0036978861,-0.0069778906,0.0044224816,-0.019126453,-0.051582392,-0.00863932,-0.007965346,-0.0014569962,-0.013305689,-0.017613225,0.06410862,0.031524014,-0.007555086,-0.022026902,0.04577281
NR4A2,-0.004233804,-0.0011932614,-0.038152594,-0.07029459,0.2979343,-0.061493292,-0.03317993,-0.16387841,-0.0048243953,-0.050703242,-0.00066028885,-0.11340659,-0.006195804,-0.0072453283,-0.017105017,-0.007538172,-0.020270394,-0.001966337,0.059583027,-0.01766075,-0.004945458,0.027246952,-0.018008178,-0.053058982,-0.0499558,-0.006142663,0.1273304,-0.007852392,0.011048874,-0.023350235
CD302,0.019319754,-0.06950762,-0.07983479,-0.12303784,0.7471684,0.16200985,-0.06123188,-0.19814575,-0.0113748135,-0.18230914,-0.090840206,-0.1524403,-0.01579516,-0.0775129,-0.1549875,-0.005809261,-0.0073263412,-0.014190687,-0.07638929,-0.193792,-0.030512214,-0.043982387,-0.025014281,-0.062695876,-0.07279067,0.0068581207,0.13184416,-0.029204138,-0.08441282,0.019083925
AC009313.1,-0.00018361858,-0.0009588422,-0.0011587094,-0.0017778617,0.013204709,-0.0015925989,-0.0008489598,-0.0027330206,-0.00019630442,-0.0025207924,-0.0012874791,-0.002112219,-0.00021505255,-0.0010607886,-0.0022107356,-0.00018622699,-0.00035138743,-0.00019630414,-0.0010432267,-0.0027484887,-0.00043505582,-0.0006050541,-0.00038424894,-0.000936885,-0.00097270723,-0.0002522107,-0.000986414,-0.00038046905,-0.0012126138,-0.0005753338
SLC4A10,-0.0030595916,-0.011021991,-0.018477531,-0.02294451,-0.07101818,-0.021653978,-0.009644894,-0.040142715,0.0014774655,0.0061135534,0.056744747,-0.031866394,0.0007486793,-0.014060175,-0.030398702,-0.0031030418,-0.005855369,0.0063007153,0.55348265,-0.011427628,-0.0008049094,0.0008775572,-0.006402927,-0.012520187,-0.01620824,-0.004202547,-0.012574919,-0.006339683,0.019135557,-0.009586996
GCA,-0.0016141904,-0.025410673,-0.042880993,-0.047151294,0.690876,0.13831748,-0.06378971,-0.1762026,-0.00791719,-0.1721855,-0.09097521,-0.14058784,-0.010887345,-0.07280422,-0.16362981,-0.00342916,0.0014974718,-0.013469467,-0.08027156,-0.20684773,-0.030807432,-0.046074238,-0.017031746,-0.0619278,-0.06422731,0.023648754,0.1020286,-0.026933629,-0.08875496,-0.0030263383
GRB14,-0.00081129133,-0.004236563,-0.005119672,-0.0016256626,-0.009618067,-0.004741766,-0.003751002,-0.010635733,-0.0008673394,-0.009601166,-0.0028875798,-0.009332417,-0.0009501908,-0.004687029,-0.009768157,-0.00082281133,-0.001552611,-0.0008673418,-0.0046096086,-0.009275661,-0.0019222733,-0.002673298,-0.0016978093,0.20902087,-0.0042978,-0.0011143471,-0.00074288173,-0.0016810426,-0.005357941,0.0035945678
COBLL1,0.011134777,0.32901916,0.35836178,0.39757663,-0.12923978,-0.042156003,-0.024962137,-0.08003388,-0.0034946343,-0.07594972,-0.03681437,-0.062007923,-0.006633817,-0.030247487,-0.06461021,-0.0057445136,0.011406329,-0.00605536,-0.030111413,-0.07915712,-0.011097669,-0.011724019,0.17098713,-0.026656749,-0.027806534,-0.007779879,-0.027307583,-0.010366045,-0.035179548,0.24378714
SLC38A11,-0.0016617716,0.07704481,0.00014712343,0.23243436,-0.038569152,-0.014413553,-0.007683345,-0.023320895,-0.0017766071,-0.01980098,-0.011652328,-0.015626568,0.0060650147,-0.009600627,-0.019165153,-0.0016853731,-0.0031802251,-0.0017766071,-0.0077661895,-0.024169369,-0.0039374526,-0.0026194302,-0.0034776754,-0.00847917,-0.0070036235,-0.0022825303,-0.008927248,-0.003443279,-0.010974811,0.0067842277
SCN9A,0.19275732,-0.0134880915,-0.0153176375,-0.024346968,-0.00086499035,-0.017307775,-0.011942226,-0.032470763,-0.0027613402,-0.03448223,-0.018111495,-0.02573784,-0.0030251166,-0.01492236,-0.028914416,0.0033160546,0.06166089,0.014457484,-0.014675545,-0.03591402,-0.0035659443,0.00080464035,0.006163852,-0.009538882,-0.013683081,0.08442744,0.15986635,-0.005351949,-0.014223761,0.56590205
XIRP2,-0.00061606173,-0.003217106,-0.0038876722,-0.0032305503,-0.0077624414,-0.0023203206,-0.0028483747,-0.0072725625,-0.0006586217,-0.008457542,-0.0043197884,-0.007086624,-0.0007215343,-0.003559156,-0.0074175466,-0.00062480674,0.064758,-0.00065862056,-0.003500329,-0.005444799,-0.0014597005,-0.002029996,-0.001289244,0.1421333,-0.0032635853,-0.00084619137,-0.0033094813,-0.0012765033,-0.0040685707,-0.0019303644
SPC25,-0.0012773102,0.00043547203,-0.004113868,-0.0070795016,-0.021739101,-0.009618755,-0.0059056454,-0.014425248,0.31768882,-0.008724776,-0.008956539,-0.014693202,0.1337286,-0.0073793973,-0.0077292537,-0.0012954451,0.010283786,-0.001365561,-0.0028916823,-0.009065366,0.3272862,-0.0004966781,0.09633615,0.000759834,-0.0020951126,-0.0017544501,-0.0022578186,-0.002646672,-0.008435623,-0.004002314
MAP3K20,0.002478515,-0.026257541,-0.027163774,-0.0571161,0.44424424,0.06558266,-0.03289605,-0.13607301,0.0069302763,-0.117206834,-0.050875373,-0.10409133,0.0055791033,-0.051076777,-0.08514166,-0.0043154247,0.017193412,-0.008313899,-0.046747584,-0.12411613,-0.0010027336,-0.023867702,-0.008808806,-0.042248264,-0.04898627,0.029769138,0.16591126,-0.018888833,-0.05066968,-0.027261134
CDCA7,0.0065021305,0.007967366,0.049819734,-0.022513688,-0.02282673,-0.023742292,0.028713357,-0.02544795,0.14884214,0.003518538,-0.012357412,-0.017219143,0.10227309,0.0006135792,0.025063822,-0.0032542665,0.076099485,0.0012214928,-0.015582776,-0.026480412,0.1388913,0.0045193085,0.009509201,-0.015375025,0.000116407165,0.037917424,0.040737253,0.053054124,-0.0012374218,-0.0022284887
HAGLR,-0.00012983601,0.022543589,-0.00081930915,-0.0012571188,-0.003323177,-0.0011261017,-0.0006002812,0.0070617567,-0.00013880205,-0.0017824247,-0.0009103989,-0.0014934918,-0.00015206139,-0.000750078,-0.0015632645,-0.00013167823,-0.0002484755,-0.0001388018,-0.00073768455,-0.0019434625,-0.0003076244,-0.00042781964,-0.00027170853,-0.00066246797,-0.0006878079,-0.00017833168,-0.0006974617,-0.00026902749,-0.00085744745,-0.0004068173
AC012499.1,-0.00012983223,-0.00067800895,-0.00081931025,-0.0012571362,-0.003323166,-0.0011261242,-0.00060028955,-0.0019325383,-0.0001388036,-0.0017824282,-0.0009104036,-0.0014935028,-0.00015206465,-0.00075008173,-0.0015632203,-0.00013167545,-0.0002484697,-0.00013880408,-0.0007376924,-0.0019434581,-0.00030762763,-0.00042782095,-0.00027170093,0.04683832,-0.00068778853,-0.00017833553,-0.00069746753,-0.0002690211,-0.0008574485,-0.00040681878
TTN,-0.0044768266,0.14238748,0.12852721,0.09188275,-0.16453819,-0.055009972,-0.03161511,0.17434238,0.0015137246,-0.036462683,-0.03910536,0.15657564,-0.0064930352,-0.0021124335,-0.034560725,-0.00074277614,-0.002628531,0.0029075805,-0.042034406,-0.077719964,-0.012228442,0.0064556287,-0.009447614,-0.029341953,0.045089573,-0.004791416,-0.033431903,0.038028095,-0.025771104,-0.01478125
AC096667.1,-0.0065765986,-0.04588696,-0.0564341,-0.08854119,0.534052,0.12837006,-0.04361377,-0.13740036,-0.008895091,-0.1275639,-0.06468303,-0.10907338,-0.0114686955,-0.05311316,-0.10982161,0.0003900526,-0.0064532384,-0.010469002,-0.054578915,-0.13728343,-0.023201799,-0.03171264,-0.018986205,-0.041536316,-0.05036734,-0.0123043135,0.07504918,-0.018367765,-0.060919333,-0.028036535
TFPI,0.023654645,-0.009581547,-0.008829567,-0.017766312,-0.012374964,-0.01184967,-0.008483525,-0.026031746,-0.0019616203,-0.023142956,-0.011621653,-0.018731417,-0.0021489845,-0.009098539,-0.021330781,-0.0018609159,0.3521427,-0.0019616182,-0.010425276,-0.025552886,-0.004347486,-0.0008538365,-0.0038398535,0.3060668,-0.009720139,0.003644185,0.007745716,-0.0038019395,-0.010796899,0.0377972
SLC40A1,-0.00033872112,-0.038606953,-0.04764806,-0.07240458,0.18712974,-0.048772603,-0.034291837,0.021176744,-0.0070549166,0.042247854,-0.019645538,-0.05158528,-0.00965171,-0.027321316,-0.08627055,0.014338646,0.08404665,-0.0024863828,-0.043725453,-0.11183376,-0.018630713,-0.022515131,-0.011853387,0.18585026,-0.027452502,0.005559018,0.080794565,-0.013021187,-0.048342325,0.008582963
C2orf88,0.018247899,-0.008480007,0.037782345,-0.008922906,-0.015499651,0.003902512,-0.01368747,-0.03981907,0.0042601405,-0.034747504,-0.021935534,-0.031834625,-0.00046086687,-0.018390402,-0.032910757,0.0049344758,0.011364643,-0.0038353824,-0.019591063,-0.0407769,-0.006669163,-0.007796512,0.13415885,0.5449257,-0.015625026,-0.004927677,-0.013534985,-0.0052912743,-0.018910037,0.019569304
STAT1,0.005437647,-0.026013745,-0.054385405,-0.0805845,0.22667396,0.07332202,-0.013448157,-0.056299184,0.018307155,-0.045939416,-0.0021603778,-0.0260646,0.003640357,-0.023327583,-0.03850738,-0.011674931,-0.009007382,-0.0070525226,-0.039785217,-0.05527217,0.0013167337,-0.008903756,-0.008534665,-0.070963584,-0.036617965,-0.0035719727,0.027768709,-0.0026144555,-0.018328352,0.032465182
NABP1,-0.007867075,-0.025688026,-0.014501571,-0.0944186,0.45212182,0.042964697,-0.026837964,-0.13827363,-0.0056656236,-0.06335287,-0.037262022,-0.11545801,-0.008695362,-0.03393308,-0.08056772,-0.005031441,-0.011364331,8.511835e-05,-0.039169475,-0.11465463,-0.017067727,-0.023085307,0.01241779,-0.05270955,-0.009332424,0.0092772795,0.013212769,-0.01807097,-0.04217013,-0.011801585
CAVIN2,0.007657889,-0.017015485,-0.020736516,-0.030519912,0.044247996,0.025915373,-0.012824194,-0.054516822,-0.0023516358,-0.04858785,-0.02800555,-0.0427247,-0.0029928195,-0.022294568,-0.038189676,0.0013400018,0.087719925,-0.005286551,-0.01816369,-0.043614693,-0.010351636,-0.0063529834,-0.0013246157,0.5388241,-0.019299842,0.00465679,0.018410467,-0.010246144,-0.02150156,0.01557781
SPATS2L,0.06592442,-0.023869943,-0.03545127,-0.055597693,0.091111206,0.05450491,-0.0036154944,-0.07884741,0.028133713,-0.02689844,-0.011223033,-0.064055674,0.027976798,-0.022570841,-0.004076618,-0.004118012,0.01129653,0.0031770945,0.034400307,-0.055935062,0.036233578,-0.0059138425,-0.006567971,-0.026696187,-0.006445168,0.083519,0.2539562,-0.005942451,0.0044116867,0.020184288
SGO2,-0.0009709503,0.0055824965,-0.0031157641,-0.0013835623,-0.0018153341,0.01920166,-0.0013983675,-0.021176025,0.102676734,-0.022531483,-0.009357752,-0.018896863,0.043999407,-0.012955169,0.007205661,-0.001028307,0.028548341,0.008872104,-0.0057942634,0.020975614,0.12166734,0.0030655619,0.019173708,-0.01765816,-0.0032475893,0.0014940386,-0.0033431079,-0.0004400858,0.002699836,0.00074711133
CDK15,-9.180608e-05,-0.00047940257,-0.00057933317,-0.0008889202,-0.002349818,-0.00079629134,-0.00042447454,-0.0013665282,-9.815129e-05,-0.0012603768,-0.00064373564,-0.0010560697,-0.00010752425,-0.0005303784,-0.0011053487,-9.3109e-05,0.08829932,-9.815121e-05,-0.0005216369,-0.0013742594,-0.00021752385,-0.00030250446,-0.00019212309,-0.00046842927,-0.00048634733,-0.0001260989,-0.0004931817,-0.00019022757,-0.00060630025,-0.0002876598
CD28,-0.008167687,-0.034299407,-0.0436141,-0.06608507,-0.1832419,-0.060472015,-0.02319834,0.14932328,0.0604077,0.25111392,0.11829895,0.057904076,0.008375659,0.048586305,-0.038903806,-0.006413634,-0.014556004,-0.0049249316,0.058984596,-0.10471411,-0.015143712,-0.02552056,-0.015281106,-0.025932495,0.053370025,-0.009840113,-0.035967447,0.04277739,-0.006429752,-0.018185465
CTLA4,-0.0038171292,-0.013544702,-0.01876101,-0.031550072,-0.07985408,-0.025262836,0.021748235,0.018523308,0.09980271,0.15236971,0.047890946,-0.014174528,0.02346528,0.0029314775,-0.008090417,0.004169273,-0.005172946,-0.0040808315,-0.014176817,-0.04739184,-0.005500673,-0.011289456,-0.007988212,-0.018626302,0.13903251,0.000681035,-0.012782578,0.032624118,-0.014812717,-0.009333286
ICOS,-0.0051144594,-0.024301944,-0.02977468,-0.044351928,-0.11966149,-0.03849187,0.0037346191,0.11729628,0.06954851,0.17313851,0.04244337,0.026330782,0.015219384,0.029904045,-0.008229877,-0.0021800844,-0.006609647,0.0038125063,-0.012272755,-0.065697156,-0.008251272,-0.015871344,-0.006303744,-0.020889932,0.040651254,-0.007024815,-0.026899723,0.010997445,-0.01007421,-0.014075496
LINC01857,-0.003809022,0.44793874,0.12855229,0.24472846,-0.0663872,-0.023191003,-0.017610913,-0.052938666,-0.004072096,-0.048309457,-0.026708247,-0.04073625,-0.0044610505,-0.019795377,-0.041758094,-0.0038630143,-0.0051499777,-0.0040721046,-0.019424196,-0.052932598,-0.0072857426,-0.01255119,-0.0060207197,-0.016897513,-0.019383853,0.0007070993,-0.0049900752,-0.0058880066,-0.023869468,-0.0093133105
CRYGD,-0.00063628954,-0.003322648,-0.0040152697,-0.006160879,-0.013701769,-0.0055187573,-0.0029418399,-0.009470833,-0.0006802366,-0.008735115,-0.0008879481,-0.007319196,-0.0007452137,-0.0036759528,-0.0032866558,-0.0006453163,0.5481041,-0.00068023347,-0.0036152257,-0.009524365,-0.0015076033,-0.0020966358,-0.0013315666,-0.0032466326,-0.003370736,-0.00087396044,-0.0034181422,-0.0013184195,-0.004202083,-0.001993727
C2orf80,-0.00012983604,-0.00067799655,-0.00081930886,-0.0012571187,0.003006966,-0.0011261016,-0.00060028123,-0.0019325414,-0.00013880203,-0.0017824245,-0.0009103989,-0.0014934919,-0.00015206134,-0.00075007806,-0.0015632646,-0.00013167824,-0.00024847384,-0.00013880176,-0.00073768455,-0.0019434625,-0.00030762432,-0.00042781976,-0.00027170865,-0.0006624678,-0.0006878079,0.08690494,-0.00069746166,-0.0002690275,-0.00085744745,-0.0004068173
IKZF2,-0.0042279535,-0.020573854,-0.03139558,-0.011667397,-0.14430465,-0.047112398,-0.025534932,-0.062170453,0.0042509395,-0.05606709,-0.030424057,-0.02317941,0.009141311,-0.015608033,0.13200401,-0.006681187,0.020396112,7.3738614e-05,0.099039085,0.15496242,0.04571578,0.038874425,-0.0059002484,-0.02527935,0.13875815,-0.00904858,-0.029155016,0.032443415,0.13649383,-0.009136043
FN1,-0.0013702296,0.0038708493,0.007908858,-0.004622857,0.02206401,-0.010525226,-0.0038518708,-0.00070757355,-0.0014648881,-0.0051170303,-0.0046170875,0.0054156245,-0.0016048038,-0.0019130406,-0.012420169,-0.0013896731,0.009249319,-0.0014648905,-0.0016746097,-0.010280392,-0.0032466138,-0.004515073,-0.0028675185,-0.000203303,0.008000905,0.00637137,-0.005220165,-0.0028391664,-0.00024036401,0.0029887639
MARCH4,-9.180616e-05,-0.00047941145,-0.00057934097,-0.0008889213,-0.0023498312,-0.0007962771,-0.00042446723,-0.0013665003,-9.814902e-05,0.012309233,-0.00064373954,-0.0010560562,-0.00010752231,-0.0005303862,-0.0011053692,-9.3110146e-05,-0.00017569274,-9.814895e-05,-0.00052161806,-0.0013742261,-0.00021752388,-0.000302512,-0.0001921228,-0.00046843465,-0.00048634296,-0.00012609988,-0.0004931845,-0.0001902276,-0.0006063018,-0.00028766494
GPBAR1,-0.0058891973,-0.046014905,-0.057017267,-0.08454103,0.4253593,0.35227543,-0.042268995,-0.13540532,-0.0071512535,-0.12286128,-0.063623615,-0.104535416,-0.011150219,-0.052274328,-0.107809894,-0.0027043386,-0.017120628,-0.010178111,-0.05156656,-0.13180433,-0.020932777,-0.027290072,-0.016821338,-0.042207886,-0.05005909,-0.011896995,0.051325522,-0.019726628,-0.05857462,-0.02822691
SLC11A1,-0.013909827,-0.05829236,-0.08433756,-0.12626228,0.77488714,0.23041943,-0.062172037,-0.20066968,-0.011057764,-0.18254893,-0.092574984,-0.15271458,-0.011158967,-0.076213375,-0.1585624,-0.004128391,-0.022963954,-0.01470056,-0.07665272,-0.18971997,-0.028783651,-0.040725455,-0.027287614,-0.048951723,-0.069816306,-0.01752717,-0.030362252,-0.026270974,-0.08733298,-0.04262837
CYP27A1,-0.006357077,-0.03166463,-0.03799301,-0.058387175,0.4239391,-0.038244173,-0.028805466,-0.08901706,-0.004494834,-0.08428586,-0.041422505,-0.071162306,-0.007445354,-0.035811074,-0.06953028,-0.0013415427,-0.010851718,-0.0067962636,-0.034645144,-0.087621674,-0.015062263,-0.020138675,-0.013303391,-0.028166387,-0.033152398,-0.008731732,-0.026691813,-0.013172154,-0.040721778,-0.01911511
TUBA4A,-0.011906556,0.008436733,0.01820999,-0.027386002,-0.06341333,-0.008065866,0.030764462,0.009215699,0.014254011,0.029607955,0.018825496,-0.023773884,0.01124098,-0.0005573451,0.06450683,-0.005165287,-0.026307808,0.0008354385,-0.016374206,-0.02935226,0.021254623,0.0058203246,0.014288754,0.1878531,-0.010196305,-0.007771727,-0.04493202,-0.000815522,0.007942474,-0.042473957
SCG2,0.059518896,0.010255335,-0.0016387202,0.003970272,-0.0034813157,-0.0022523347,-0.0012006494,-0.0038652602,-0.00027762647,-0.0035650374,-0.001820881,-0.0029871028,-0.00030414318,-0.0015002266,-0.0031266122,-0.00026336542,-0.0004969657,-0.00027762662,-0.0014754463,0.009546071,-0.0006152941,-0.0008556712,0.028072516,-0.0013250015,-0.0013756553,-0.000356684,-0.0013950303,-0.0005380664,-0.001714992,-0.0008136861
COL4A4,-0.0027023128,0.16572444,0.35075736,0.013560524,-0.062721044,-0.01788473,-0.008645269,-0.036267217,0.0024869733,-0.031483002,-0.015515579,-0.027294904,-0.0031649596,-0.012533608,-0.028340058,-0.0027407047,-0.00215912,0.019069767,-0.011156011,-0.02684929,-0.0064029163,0.028644986,0.24027766,-0.012628486,-0.014315511,0.042459585,-0.013428374,-0.002816977,-0.017846687,-0.0029206462
SCYGR4,-0.0006428801,-0.0033571494,-0.0040569245,-0.0062247026,-0.0049474738,-0.0026790828,-0.002972378,-0.007752018,-0.0006872972,-0.006887527,-0.00097266416,-0.0073951688,-0.0007529407,-0.0037141577,-0.007740537,-0.0006520076,-0.0012303275,-0.0006872943,-0.0036526262,-0.00600475,-0.0015232417,-0.0021183775,-0.0013453651,0.15995206,-0.0034056867,-0.00088303344,-0.0034535618,-0.0013320913,-0.004245687,-0.0020144223
CCL20,-0.0016943893,-0.016045267,-0.018645676,-0.03297094,0.20258081,0.006100805,-0.016070267,-0.052450098,-0.0021778923,-0.026077738,-0.014650498,-0.043985907,-0.0057138046,-0.02416166,-0.036635105,-0.004947885,-0.0076440945,-0.002132857,-0.006509687,-0.049088225,-0.008852631,-0.012063554,-0.0056424043,-0.01555381,-0.021448463,-0.00206378,0.001960731,-0.008553707,-0.019992696,-0.01116923
PID1,-0.009252835,-0.044261016,-0.053449463,-0.083418354,0.49821,0.06624619,-0.03883935,-0.12904036,-0.008184313,-0.11845403,-0.05974802,-0.09998878,-0.0108368015,-0.050396867,-0.10273037,-0.00765861,-0.016785584,-0.009892047,-0.050013665,-0.12946112,-0.019763822,-0.027522983,-0.018563543,-0.04175925,-0.0459741,-0.012709168,0.16299605,-0.018218955,-0.055766594,-0.026728204
ITM2C,0.07558042,0.117842466,0.08121484,0.06051928,-0.13804941,-0.053841364,-0.0024718135,-0.0077050054,0.014581313,0.01878833,0.02184253,0.06264125,0.0047306363,0.05102686,-0.038967118,-0.0010596905,0.10501384,0.026246488,-0.013975327,-0.09387762,-0.010676853,-0.0039217994,0.16774602,-0.028920352,0.009745863,0.055324014,0.117774025,0.0014192659,-0.015362465,0.2499537
HJURP,-0.0010874325,-0.0056785443,7.282654e-05,-0.005872861,-0.023292724,-0.002575068,-0.005027806,-0.010803026,0.27967384,-0.0068928115,-0.005530075,-0.00984261,0.07195946,-0.003763113,-0.011811103,-0.0011028642,-0.002081072,-0.0011625637,-0.0010526945,-0.009842487,0.28196964,0.00078629813,0.066132054,0.022907827,-0.00027637457,-0.0014936492,-0.003143453,-0.0022532204,-0.0049615405,-0.0034073924
ARL4C,0.023903618,-0.0747885,-0.1338216,-0.19306345,-0.41496557,-0.15324321,0.08561959,-0.024240106,0.0035050954,0.12921916,0.12650092,-0.0996528,0.01648115,0.038003296,0.23636095,-0.019633103,-0.044463445,0.013425861,0.1707694,0.41864088,0.05519811,0.08347507,-0.020089757,-0.100525856,-0.018216765,0.031081112,0.08000992,0.015773222,0.13981335,0.037131656
ACKR3,-0.0028703595,-0.003216205,-0.015467924,-0.023647204,0.06810408,0.015757712,-0.004816448,-0.017017698,-0.0030686576,-0.019536844,-0.0056064883,-0.016142284,0.0058800895,-0.0069000074,-0.013818846,0.0024251733,-0.0026630403,-0.0030686588,0.0034574452,-0.011097334,0.0048035695,-0.0027271644,-0.006006801,-0.012451426,-0.0046279603,-0.0039424985,0.01748002,-0.005947478,-0.0018428172,-0.0072525535
GPR35,-0.0008281126,-0.033034835,-0.04340972,-0.064915575,0.325019,0.17269541,-0.030586934,-0.097523965,-0.0058237463,-0.09043292,-0.04375481,-0.07253034,-0.0066441167,-0.037915394,-0.076028846,-0.0032022658,-0.011691347,-0.007806955,-0.029097913,-0.09066707,-0.014330982,-0.021072296,-0.012035953,-0.02961927,-0.037727088,0.0040648486,0.07674696,-0.011529943,-0.042261627,-0.017857032
PASK,-0.00406621,-0.012331364,-0.016334238,-0.041915692,-0.16290608,-0.05264783,-0.024533136,0.06134184,0.00804937,0.18838221,-0.0035511884,0.26373512,0.002351625,0.07647671,-0.03254002,-0.0038129445,-0.006804652,-0.004535188,-0.032831702,-0.09510173,0.006432807,-0.016454626,0.0029991386,-0.027098116,0.000368924,-0.0024432407,-0.028046831,0.03161861,-0.013834383,-0.016685024
PDCD1,-0.0025509824,-0.0026195918,-0.011157542,-0.022690032,-0.054940995,-0.020662403,0.04217635,-0.03196506,0.037122484,0.060716115,0.061536025,-0.019648269,0.023010373,-0.0017348297,0.074358955,0.003426443,-0.0048819426,-0.0027272217,0.035201397,-0.031236455,0.00686369,-0.0084057525,-0.0024234473,-0.011806699,-0.0028844776,0.0009296733,-0.010253255,0.0006323744,0.042369466,-0.006038345
BHLHE40,0.016055608,-0.04614461,-0.056566503,-0.10459027,0.19804601,-0.0077498886,0.019612577,-0.1667161,-0.0034491473,-0.04811585,0.019235794,-0.12605394,0.0021812008,-0.042760633,0.0017880616,-0.009723892,-0.011374316,0.01047519,0.03818344,0.12029993,0.01726848,0.07612359,-0.02184387,-0.054552443,-0.06252113,0.004466245,0.108930424,-0.02236023,-0.008696319,0.034721904
OXTR,-0.0012402686,-0.0040423656,-0.0037666713,-0.0065675513,-0.011177615,-0.0032481784,-0.0057344004,-0.011860052,0.01038251,-0.0130034825,-0.008696659,-0.0025892085,-0.0014526108,-0.0027501227,-0.0059398897,-0.0012578745,0.0041824696,-0.0013259731,-0.0070468877,-0.011987314,-0.0029386855,-0.0002624904,0.015378863,0.21335663,-0.006570356,-0.0017035924,-0.001931633,-0.0025698906,-0.004302362,0.008164728
CAMK1,-0.006580277,-0.045381002,-0.05554956,-0.08978516,0.3834105,0.3635486,-0.041828,-0.13767499,-0.0014526956,-0.122376405,-0.06111527,-0.10567524,-0.005620009,-0.05320228,-0.10553107,-0.005052371,-0.015339133,0.002585036,-0.051120296,-0.11536964,-0.0047383886,-0.020880315,-0.019740114,-0.043564823,-0.04572919,-0.007609303,0.12252838,-0.01746541,-0.056775853,-0.023427976
IRAK2,-0.004536757,-0.01272853,-0.014810256,-0.018638207,0.16560045,-0.023914399,-0.014641453,-0.056720912,-0.0016500851,-0.04443456,-0.017661149,-0.038898468,-0.005313517,-0.016732972,-0.037800908,-0.004601164,-0.008682354,-0.00144198,-0.010237412,0.006999899,-0.0017072104,0.00047817617,0.00036750213,0.006547371,-0.019200092,0.008738235,-0.00081202266,-0.007631115,-0.0075813276,-0.014215551
TMEM40,-0.002750003,-0.011054015,-0.015515113,-0.022304948,-0.008490865,-0.004165958,-0.012714396,-0.035373896,0.0023409657,-0.032733444,-0.016786816,-0.028455239,-0.0032207414,-0.014887671,-0.024452474,-0.002789013,-0.0052627544,-0.002939935,-0.012574144,-0.03221304,-0.0041082245,-0.007327981,-0.0030368255,0.6064027,-0.0134785855,0.00033505593,-0.011571306,-0.0056980485,-0.016398989,0.0077530914
ANKRD28,-0.0014054398,-0.01661093,-0.016506104,-0.03999416,0.14138524,-0.06125894,0.009572225,-0.07528758,0.007847789,-0.01556591,-0.011263529,-0.052848324,0.012692516,0.0031885153,-0.007707267,-0.006174446,0.10474669,0.01218543,-0.015841367,-0.010163566,0.015198282,-0.00040713462,0.064627,0.035733845,-0.026475407,-0.0037321867,0.015843127,-0.0046745017,-0.017088348,0.0273659
SGO1,0.023434946,0.041729704,0.047939025,0.099088386,-0.04287717,-0.012393507,-0.0025688633,-0.023632543,0.15488535,-0.018470619,-0.010232781,-0.016802782,0.0800676,-0.012790685,-0.023779292,-0.0024463006,0.015677504,-0.002578695,-0.011373335,-0.022898186,0.17879714,-0.0019551532,0.04434512,-0.00841733,-0.010267335,0.0342938,0.013889962,-0.0018408704,-0.012879268,0.0796724
CMC1,-0.0020621754,-0.033623394,-0.042760022,-0.081223994,-0.10491989,-0.0042712903,0.015649654,-0.1142245,0.019283654,-0.0872794,0.0038448358,-0.081692435,0.011174903,-0.02873819,0.14770925,-0.012871813,-0.00032159153,-0.01322343,0.043893073,0.32508117,0.0644798,0.14136687,0.005215128,-0.048584428,-0.04827583,0.010255217,0.025644982,-0.0055974685,0.03739352,0.0010377566
OSBPL10,0.00032020037,0.25625104,0.30560106,0.24326584,-0.12326997,-0.041477755,-0.01975868,-0.0368624,-0.00043776835,-0.0054486385,-0.011333304,-0.029501699,-0.0063512856,-0.007673715,-0.047539204,-0.0054999273,-0.004362141,0.0028611885,-0.02103372,-0.06090615,-0.012849173,-0.0050314963,0.11383629,-0.023291856,-0.015847147,-0.0011610955,-0.010663308,-0.006777608,-0.01993875,-0.00019849172
CCR4,-0.0028974419,-0.009853229,-0.013062478,-0.018026616,-0.0541932,-0.019332413,-0.011001063,-0.026739903,0.006971443,0.17976658,0.016339399,-0.028295912,-0.0033935036,0.058065247,-0.010886642,-0.002938593,-0.0027418209,0.0019401229,-0.0115891695,-0.028654527,-0.0045934045,-0.006220281,-0.0034986935,0.021221526,0.0307285,-0.0039797686,-0.011514831,-0.0033535394,-0.008173697,-0.005585871
CRTAP,0.010575381,-0.046712253,-0.045087315,-0.09080814,0.5456629,-0.007803706,-0.04164223,-0.15616445,-0.0051619546,-0.08578514,-0.042405605,-0.1266653,-0.008846839,-0.048783857,-0.099713005,-0.007053785,0.0047991294,0.0025878986,-0.050898682,-0.14208962,-0.0045309486,-0.023264322,-0.004979529,-0.056369245,-0.044434343,0.012663364,0.11819095,-0.025865,-0.0621879,0.031399958
ARPP21,-0.0007054948,0.0005956481,-0.00088838895,0.0051186667,-0.01572695,-0.0061190845,-0.003261879,-0.0055291355,-0.0007542342,-0.009685337,-0.0049469206,-0.008115324,-0.00082627416,-0.0040757833,-0.0045480025,-0.0007155056,0.021705678,-0.0007542334,-0.004008447,-0.0072597014,-0.0016715839,-0.0023246903,-0.001476389,-0.0035997436,-0.003737384,-0.0009690168,-0.0037899497,-0.0014618187,-0.0046591526,0.28728518
CTDSPL,-0.0048861136,-0.024230968,-0.029773086,-0.04403698,0.20447144,-0.021034956,-0.021856153,-0.04935487,-0.0052237273,-0.056388047,-0.030344736,-0.049110953,-0.005722589,-0.027068885,-0.05251976,-0.0049553905,0.069615774,-0.0020789844,-0.025962252,-0.06985689,-0.01015664,-0.013043619,-0.0071852626,0.29430857,-0.023958724,-0.0067113405,-0.01590202,-0.010124309,-0.030187605,-0.011144177
CX3CR1,0.0017973244,-0.064773746,-0.08135409,-0.12372153,0.120632105,0.242419,0.044272702,-0.19709443,0.00020600327,-0.18038124,-0.085960895,-0.15132895,0.012202996,-0.07475558,0.09723644,-0.011629058,-0.025801986,-0.012211952,-0.074421324,0.3658373,0.05960061,-0.026575465,-0.027231297,-0.06047587,-0.0708997,-0.017952975,0.028211324,-0.027829686,0.033443894,-0.039458357
EIF1B,-0.0061377636,0.030818215,0.011362479,0.06895661,0.18952666,0.025309104,-0.01704704,-0.100750394,0.0020861235,-0.05580194,-0.038092956,-0.056539916,0.0014986998,-0.013310075,-0.042548772,0.0045354324,0.020262988,-0.0037326375,-0.024447745,-0.051796857,-0.004527407,-0.017119488,-0.01143487,-0.012872581,-0.030172762,0.010854274,0.013872874,-0.0032307433,-0.029661408,0.028617656
AC099329.1,-0.0005275163,-0.0027546873,-0.0033288933,-0.005107686,-0.005711494,-0.0010456548,-0.002438948,-0.007851864,-0.0005639558,-0.0072419224,-0.0036989076,-0.006068168,-0.0006178285,0.0021373408,-0.006351538,-0.00053499773,-0.0010095261,-0.00056395796,-0.0029971956,-0.005691503,-0.0012499003,-0.0017382082,-0.0011039462,0.14352997,-0.002794495,-0.000724567,-0.0028337908,-0.0010930345,-0.0034838251,-0.001652911
ABHD5,-0.003067927,-0.03692298,-0.00989062,-0.0804693,0.39765126,0.07775431,-0.026775619,-0.123303615,0.020098971,-0.09889808,-0.051614467,-0.089345224,0.0048850337,-0.04006737,-0.076133355,-0.006573515,-0.008393561,-0.0046027787,-0.03717884,-0.076570585,0.00611913,-0.019842686,0.0015776054,-0.0340434,-0.029355062,0.0001502395,0.02687616,-0.00827003,-0.041247588,-0.011528177
KIF15,-0.0017197378,0.008627605,0.008226039,-0.0008718385,-0.003725964,0.007892511,-0.0059579313,-0.021499613,0.21874659,-0.017046858,-0.010729932,-0.013870282,0.1063616,-0.008337816,-0.01173998,-0.0017441387,0.001432963,-0.0018385415,-0.006515077,-0.012794904,0.31535065,-0.0029029837,0.044023514,-0.0069622686,-0.009110325,-0.0023621356,0.0061411858,0.00080241874,-0.009949893,-0.0053885984
TMEM158,-0.0022706622,-0.011857307,-0.010988846,-0.021985838,0.049960654,-0.015578232,-0.010498425,-0.03016562,-0.0024275105,-0.030067014,-0.015921636,-0.024838379,-0.0026593606,-0.013118099,-0.026102018,-0.0023028706,-0.0007675127,-0.0024275107,-0.0116671575,-0.031918958,-0.0053800447,-0.0074821115,-0.0047518234,0.35353118,-0.012028628,-0.0031188102,0.0020348066,-0.0047048638,-0.013925291,0.0038928993
CCR9,-0.001367125,0.008319579,0.013473269,0.0028136708,-0.030775288,-0.010495373,-0.006320945,-0.00834364,-0.0014615841,0.004102436,0.0788347,-0.011475822,-0.0016011788,0.08844438,-0.014415819,-0.0013865364,0.01529666,-0.001461581,-0.007767678,-0.017901279,-0.0032392843,-0.0045048683,0.062481176,-0.006975614,-0.00068103784,0.031214667,-0.00519748,0.008165407,0.0033207731,-0.004283753
XCR1,-0.0010191333,-0.0053219385,-0.0064313062,-0.009867863,0.021562109,-0.008839574,-0.004711993,-0.015169455,-0.0010895667,-0.013991099,-0.00714617,-0.01172323,-0.0011936232,-0.005887806,-0.010902392,-0.0010336132,-0.0019503834,-0.0010895667,-0.0030549802,-0.01525521,-0.0024147548,-0.0033582088,0.034351498,-0.005200109,-0.0024722281,0.6213414,-0.005474847,-0.002111714,-0.006730647,-0.0031933931
CCR1,-0.0047475533,-0.04695138,-0.05699033,-0.08911451,0.5656759,0.044936415,-0.042376675,-0.14156939,-0.009112454,-0.12931706,-0.06607701,-0.10917573,-0.004303773,-0.053159088,-0.110165015,-0.003676885,-0.017926583,-0.010570212,-0.02648028,-0.12420821,-0.01669255,-0.012225788,-0.01760468,-0.044356324,-0.050908484,-0.013580324,0.01611663,-0.020486522,-0.051849004,-0.0030805198
CCR2,-0.005803472,-0.03587575,-0.04496056,-0.07209506,0.4277394,-0.059785288,-0.028676437,-0.11382818,0.007077436,-0.06730866,-0.018162826,-0.08635543,0.006732865,-0.039063253,-0.086163394,-0.008031754,-0.0141333565,-0.008466433,-0.0027529947,-0.11201095,-0.016062353,-0.02123424,0.000824375,-0.033860717,-0.040646773,-0.005166021,0.07029304,-0.01640908,-0.044211768,0.08125785
CCR5,0.011964631,-0.015229778,-0.0146539,-0.025632402,0.02410134,0.008736326,0.010364305,-0.043158703,0.04370296,-0.027885782,0.019448372,-0.026229654,0.05255482,-0.010745979,0.021957114,0.0068053487,-0.0032973336,-0.0033209303,0.06599172,-0.019217094,-0.00096239906,0.0053718532,-0.0041082473,-0.014850755,-0.014481808,0.003015626,0.09267654,0.0034243255,0.0064775106,0.027674682
INKA1,-0.0024084782,0.040443756,0.07643685,0.019074077,-0.018700173,0.026511759,-0.0068478645,-0.028972082,-0.0025748685,-0.024156772,-0.014028862,-0.008282726,-0.002820793,-0.0047380817,-0.019039707,-0.0024426419,0.12772216,-0.0025748683,-0.012520923,-0.028705051,-0.0057066404,-0.005943615,0.0011308092,0.15208836,-0.011505602,0.00608313,-0.005617072,-0.004990414,-0.011849199,0.02358016
MANF,0.013431658,-0.023572853,-0.0408201,-0.066130824,-0.055122852,-0.0058787186,0.008058455,-0.065253586,0.023125248,0.0135630015,0.020833887,-0.0453463,0.023751216,0.009460837,0.049873516,-0.007532866,0.012648926,-0.0037537992,0.04412703,0.12886299,0.042747907,0.010677777,0.095927894,-0.05321455,-0.022560436,0.024937844,0.0100150425,-0.012797055,0.02265511,0.085146345
NT5DC2,0.030961227,-0.015969595,-0.0117588965,-0.027105482,0.103896506,-0.013492272,-0.008462371,-0.044110496,0.06421259,-0.037712988,-0.020530278,-0.03129999,0.029335441,-0.015240392,-0.030566594,-0.0032845223,0.026890207,0.01044272,-0.010403807,-0.04105451,0.021428216,-0.010671404,0.23658992,-0.0096439,-0.013359616,0.013024657,0.12249245,-0.0043767956,-0.016026024,0.0070649246
TKT,-0.0024070388,-0.05102284,-0.043899126,-0.1308892,0.72567856,0.20467034,-0.060432807,-0.18545537,0.0041297856,-0.17111595,-0.094579436,-0.14319697,-0.0035188952,-0.08010505,-0.16417123,-0.008129627,0.02794337,-0.011465196,-0.08379096,-0.20127636,-0.021359226,-0.046499208,-0.011145415,-0.07762788,-0.07130224,0.0007712808,0.08798447,-0.02240165,-0.089514636,-0.017584987
CACNA2D3,0.036293462,-0.027592137,-0.035770956,-0.051887043,0.2914324,-0.028902415,-0.025578909,-0.0828245,-0.006216548,-0.076093435,-0.039061498,-0.06389797,-0.0068103056,-0.031524815,-0.06764693,-0.0058972794,-0.009679058,-0.006216545,-0.03197914,-0.08350895,-0.013777591,-0.016467739,-0.012168638,-0.026217539,-0.03023126,-0.007986879,0.3030155,-0.01204854,-0.03657905,0.0015627557
DNASE1L3,0.14077029,0.06224694,-0.0016288424,0.0846614,-0.059080034,-0.014945305,-0.011434595,-0.03524599,-0.00293324,-0.031702694,-0.014218991,-0.027830947,-0.0032133884,-0.015851017,-0.026874099,-0.0027825749,-0.0022692028,-0.0029332377,-0.01353663,-0.033337004,-0.0041035786,-0.005543186,-0.003033021,-0.012855553,-0.014534603,0.23174493,0.07678345,-0.0056849294,-0.012770949,0.5750159
FRMD4B,0.009602126,-0.04430544,-0.05374653,-0.08363829,0.3209784,-0.0119452495,-0.028196545,-0.11680123,0.0064934655,0.0031107098,0.015238922,-0.09876443,-0.00037585193,-0.03798876,-0.07134834,-0.00011042103,0.042687505,-0.006026964,-0.02072112,-0.09148599,-0.012390307,-0.021174802,-0.01814518,0.036928106,-0.028963475,-0.008551562,0.10304002,-0.016999569,-0.043285433,0.035008334
PROK2,-0.005559351,-0.02621667,-0.03225839,-0.051600643,0.22757378,-0.03198957,0.0947272,-0.07805374,0.0021226143,-0.06821733,-0.025465405,-0.059817225,0.015510055,-0.030562637,0.08444661,-0.00013004967,0.028195031,-0.0059435153,-0.027819853,-0.07262401,-0.011945243,-0.017389067,-0.011634209,-0.019341528,-0.028314112,-0.007636029,-0.020733591,-0.011519254,-0.016190397,-0.017419819
PDZRN3,-0.0002052895,-0.0010720284,-0.0012954858,-0.0019877309,-0.005254486,-0.0017806147,-0.00094916875,-0.0030556498,-0.00021947446,-0.0028182566,-0.0014394694,-0.0023614722,-0.0002404308,-0.0011860313,-0.002471791,-0.00020820872,-0.00039287435,-0.00021947476,-0.0011663908,-0.003073009,-0.0004864223,-0.0006764447,-0.00042962175,-0.0010474811,-0.001087513,-0.0002819781,-0.0011028196,-0.00042537783,-0.0013557853,0.12059442
HTR1F,-0.0010638279,-0.0055553233,-0.004347308,-0.0023618322,0.0044898367,-0.005722686,-0.004918626,-0.014733642,-0.0011373262,-0.013429759,-0.0053190375,-0.010876877,-0.0012459543,-0.006146073,-0.012808794,-0.0010789335,0.57191163,0.02623625,-0.0060443464,-0.015924292,-0.0025206457,0.0054290537,-0.002226294,-0.002518536,-0.0056357034,-0.0014612074,-0.002950412,-0.0022043074,-0.00702575,-0.00333341
MTRNR2L12,0.001031631,0.01717524,0.018986791,0.011354767,0.080794044,0.017825836,-0.027544823,-0.06579871,0.0034948513,-0.06768518,-0.016779656,-0.021039918,0.005890515,-0.018060159,0.017903456,-0.009674604,-0.018744182,0.0009073781,-0.02425847,-0.008032839,0.006841134,-0.0017186555,-0.0026232516,0.05186348,-0.043096196,0.005616658,0.021279054,-0.017909,0.035395857,0.008018312
NFKBIZ,0.0033622086,-0.035341755,-0.07587927,-0.10087303,0.52160555,0.22279657,-0.061102573,-0.07631485,-0.0059498837,-0.086337484,-0.05255118,-0.09088777,-0.012035533,-0.060811255,-0.15483016,-0.011520031,-0.011946351,-0.009709628,-0.065718725,-0.21145087,-0.03445583,-0.04487586,-0.02290641,-0.06537925,-0.03829306,-0.0065342346,0.038577363,-0.018747427,-0.082761854,0.027589522
AC106712.1,-0.00164634,-0.0067534377,-0.010389187,-0.013878838,-0.015577234,0.27216575,-0.007611845,-0.02379062,-0.0017600766,-0.021838302,-0.011544139,-0.018055387,-0.0019281997,-0.0078390585,-0.018118888,-0.0016697256,-0.0031506738,-0.0017600723,-0.009354117,-0.024643991,-0.0039008483,-0.005424915,-0.0034453731,-0.008400354,-0.008721508,-0.002261326,0.0018596307,-0.0034113436,-0.0108727515,-0.005158668
ALCAM,0.058573272,0.027716722,0.03099558,0.0045168656,0.19609234,0.0016568918,-0.029882357,-0.095114976,0.0006901965,-0.055026688,-0.022612493,-0.07331169,-0.0009143023,-0.02552375,-0.0681862,-0.005112524,0.028343681,-0.0006354051,-0.027359314,-0.09979288,-0.0120927,-0.0183666,0.051267307,-0.026713826,-0.029840382,0.04211285,0.2405957,-0.0012783976,-0.03970178,0.13465525
LINC00635,-0.00012983198,-0.0006780114,-0.00081930833,-0.0012571363,-0.0033231606,-0.0011261258,-0.0006002893,-0.0019325388,-0.00013880359,-0.001782429,-0.00091040536,-0.0014935031,-0.00015206504,-0.0007500805,-0.0015632161,-0.00013167503,-0.00024846933,-0.00013880394,-0.00073769374,-0.0019434575,-0.0003076275,-0.0004278212,-0.00027169977,0.023088312,-0.0006877859,0.08690297,-0.000697466,-0.00026902047,-0.0008574488,-0.00040681777
TRAT1,-0.008442247,-0.05078177,-0.061994784,-0.09338649,-0.2532805,-0.08832928,0.027341664,0.28679028,0.032526754,0.29536775,0.12623137,0.0027965915,0.0021107388,0.05839887,0.021254376,-0.0028089704,-0.017781787,0.008726131,0.054093957,-0.14185046,-0.019697465,-0.031905763,-0.019440126,-0.043280724,0.034261417,-0.014376052,-0.05415075,-0.012895117,0.0303821,-0.030608438
DPPA4,-0.0018348476,-0.009581547,-0.008823498,0.059003882,-0.039771006,-0.015914746,-0.008483531,-0.006777916,-0.0019616208,-0.021084923,-0.011621646,0.003487063,-0.002148987,-0.009101357,-0.01827041,-0.0018609166,0.30359134,0.006026085,-0.010425286,-0.019162314,-0.0007540474,0.030372102,-0.0038398595,0.002523515,-0.008081638,0.0036432352,-0.0018548211,-0.003801936,-0.008152563,0.28024974
CD200,-0.0031565344,0.035802413,0.031747233,0.42051846,-0.076340854,-0.026787246,-0.0134966755,-0.022148298,-0.003374591,-0.02889895,-0.021406285,-0.02983179,0.0047068666,-0.01380122,-0.0335014,-0.003201287,0.04042987,-0.003374591,-0.017031562,-0.043860853,-0.00747905,-0.008897073,-0.0018900133,-0.016106073,-0.008993094,0.0064104013,-0.009514881,-0.006540443,-0.019311812,0.0043607014
BTLA,0.024679262,0.076227814,0.09071336,0.30435485,-0.11456907,-0.038435325,-0.0014900232,0.0053283907,0.015878981,-0.0008418929,-0.005592906,0.0020040597,-0.0027352166,0.0007711665,-0.033472262,-0.0049020085,-0.009249822,-0.0051672547,-0.011182713,-0.068539426,-0.011452137,-0.013826072,0.09211528,-0.022030698,-0.011333557,0.092701346,-0.017411133,-0.006696008,-0.014616075,0.047644872
CCDC191,0.002949604,0.08991447,0.077129684,0.18158032,-0.04044454,-0.0053538503,-0.007711144,-0.028773503,0.002003462,-0.0097733345,-0.012454678,-0.023273855,0.0010088858,-0.0032856755,-0.020750728,-0.0055961767,-0.0015145759,-0.005899133,-0.017846521,-0.02776265,0.0016575708,-0.0026325295,0.0020304958,-0.024477012,-0.018805103,-0.0034748493,0.0057573295,0.00022964008,-0.012138873,0.023409938
TIGIT,-0.007482618,-0.02290046,-0.03186509,-0.059530094,-0.17016321,-0.05737624,-0.023251276,-0.09678434,0.018752137,0.01618268,-0.018426578,-0.065639034,0.018738464,0.0143856965,0.21116972,-0.0055432306,-0.014319779,-0.0079995915,-0.03204009,0.25338572,0.045362156,0.013275721,-0.008720578,-0.030139413,0.13811079,-0.008770108,-0.03392822,0.05266996,0.053994767,-0.00861368
CD80,-0.0027546517,0.03904458,0.08113304,-0.021069353,0.09717325,0.039686438,-0.012736394,-0.039267644,-0.002945011,-0.029510034,-0.016786102,-0.02954159,0.0015857068,-0.0148979025,-0.030582529,-0.0027937535,-0.0052718366,-0.0029450115,-0.01565136,-0.0382059,-0.0041380767,-0.00907698,0.010434628,-0.014055629,-0.013484562,-0.0037836835,0.008802867,-0.005707908,-0.017297475,-0.0031736994
AC073352.2,-0.0038875246,-0.019483225,-0.019838735,-0.035379786,0.22484581,0.041478164,-0.017057912,-0.05441363,-0.0041560405,-0.05237045,-0.026038492,-0.042402253,-0.004553034,-0.022459079,-0.043443564,-0.0039426903,-0.0074397326,-0.0041560354,-0.02134634,-0.055998046,-0.009210981,-0.012809873,-0.0024018057,-0.018998774,-0.019794427,-0.0024288914,0.0050042784,-0.008054996,-0.025673792,-0.0043384177
HGD,0.0059157037,-0.005681372,-0.012428875,-0.017353922,-0.019462392,-0.0028842837,-0.005646707,-0.021581866,-0.0021056058,-0.020693498,-0.011494687,-0.015290567,-0.002306731,-0.0072001657,-0.021588778,-0.0019974955,-0.0037692338,-0.0021056116,-0.008355392,-0.02533044,-0.0013204814,-0.0040766615,-0.00034298573,0.46718925,-0.0074049425,-0.0027052455,-0.009090691,-0.00408105,-0.011779613,-0.0036419092
POLQ,-0.0013886784,-0.0028871351,0.0039464054,-0.0012697013,-0.015374734,0.0027345214,-0.006420558,-0.013908837,0.22908072,-0.01185108,-0.0048039565,-0.0065654772,0.103621595,-0.000113702816,-0.010683269,-0.0014084104,0.003192856,-0.0014846302,-0.0058773533,-0.008999255,0.23898312,-0.0011575785,0.07208187,-0.0026282514,-0.007356568,-0.0019074293,0.0010089794,-0.0028774452,-0.0056939037,0.0064253467
EAF2,0.035258435,0.12128739,0.11745639,0.2751897,0.11444695,0.19296663,-0.03914897,-0.11492789,0.0030516288,-0.10756546,-0.05224159,-0.08408562,0.0017968221,-0.046224773,-0.10082059,-0.003940636,0.02465366,-0.0059168776,-0.044797953,-0.12509392,-0.007953902,-0.025701357,0.10731853,-0.039008748,-0.042791463,-0.0086978795,0.07540296,-0.017573468,-0.052537706,0.05376509
CD86,0.019727178,-0.011584875,0.04222442,-0.06983955,0.5071493,0.2405226,-0.05233348,-0.1677855,-0.011016136,-0.15473199,-0.07993568,-0.12843645,-0.010376801,-0.06512211,-0.13288149,-0.0061639464,-0.020278215,-0.012528661,-0.065387376,-0.16700988,-0.027108723,-0.036537204,0.005127164,-0.052073732,-0.060372654,0.046779536,0.18359375,-0.024281936,-0.07441503,-0.019871026
CSTA,-0.00643541,-0.07446571,-0.08955156,-0.13554823,0.8259786,0.17838095,-0.064677,-0.21568957,-0.012770953,-0.19903566,-0.09763903,-0.1667534,-0.016375452,-0.084585585,-0.16734788,-0.0061124344,-0.029402256,-0.015412976,-0.08128219,-0.20997521,-0.033702683,-0.047001526,-0.029780757,-0.05807316,-0.07758308,-0.012444486,0.14034107,-0.031841267,-0.093924046,-0.043665253
PARP14,-0.004603906,0.08113202,0.053132255,0.15302695,0.21374308,0.07050491,-0.024040569,-0.16604714,-0.000699215,-0.11024596,-0.047561523,-0.12691145,-0.0006460153,-0.05173259,-0.035248585,-0.017765839,-0.011315585,-0.003211332,-0.054398138,0.028204827,0.02312451,0.0040947446,-0.014375677,-0.081251964,-0.055804033,-0.012288489,0.028927935,-0.014392202,-0.013218623,-0.031429738
MYLK,0.012400793,-0.0139132,-0.013388826,-0.014910675,0.0023289379,-0.011646917,-0.012950755,-0.03484818,-0.0032572642,-0.035605248,-0.02060655,-0.027823888,-0.00356837,-0.013045915,-0.032976612,-0.0030900284,0.01302762,-0.003257258,-0.01638516,-0.037069384,-0.0028595242,-0.0068746232,-0.006376051,0.4819323,-0.014161364,0.1150378,0.059039086,-0.0063130874,-0.017721606,0.033341642
ITGB5,0.0044446667,-0.0067723747,-0.013443257,-0.021578189,0.003032427,-0.009460075,-0.010654504,-0.029191034,-0.0024636616,-0.030001909,-0.015165145,-0.023981582,-0.0026989675,-0.013313342,-0.022272373,-0.002337136,-0.00084953936,-0.0024636514,-0.011870887,-0.03195056,-0.005460157,0.0006997617,0.008104018,0.4239091,-0.012207748,0.016501643,0.06290738,-0.004774893,-0.013115522,-0.00070114067
MCM2,0.0019548065,0.019511752,0.01931419,0.01904693,-0.044635378,-0.014036194,-0.0052296594,-0.018173626,0.12471458,-0.016105106,-0.008131995,-0.0016522466,0.11439486,-0.0061386647,-0.0025497337,-0.0031304096,0.03924988,0.0015366924,-0.0055373,0.018265154,0.19926465,0.0007275209,0.04424601,-0.0074878223,-0.0074529108,0.014115375,0.01774691,-0.0038858904,0.0010954161,0.003312648
MGLL,0.04718851,-0.02066186,-0.009897135,-0.053337883,0.10309526,0.3182362,-0.027247146,-0.08787118,-0.0041684383,-0.07524166,-0.035527233,-0.06596944,-0.005041129,-0.032657873,-0.06490934,-0.0035393604,0.08053771,0.0036794292,-0.03248208,-0.083577454,-0.0134032415,-0.016904276,0.0714608,0.19385944,-0.031523306,0.04416977,0.05078741,-0.012752177,-0.036834985,0.10191243
GATA2,0.008829843,-0.0058378754,-0.00613773,-0.014555131,-0.018214384,-0.0105594145,-0.0069501675,-0.019260436,0.008058204,-0.01814473,-0.01054055,-0.01440175,-0.001760584,-0.0068594264,-0.014388786,-0.0015245546,0.46892983,-0.0016070727,-0.006685226,-0.020173343,0.00081732986,-0.004953312,0.0018000152,0.22136892,-0.007963295,-0.0020647654,-0.0061237947,-0.003114769,-0.0051130615,-0.004710189
GP9,-0.0032869107,-0.012537765,-0.016116235,-0.02665275,-0.009044054,-0.008033704,-0.01414867,-0.039243188,-0.0035140198,-0.03403379,-0.020255603,-0.03204646,-0.0038495804,-0.017306566,-0.028470393,-0.0033335742,-0.0062902714,0.0009310561,-0.01696615,-0.041334298,-0.007787911,-0.009375336,-0.006878505,0.71198493,-0.014673516,-0.0045146216,-0.014083653,-0.004495151,-0.01874974,-0.001160734
H1FX,0.011066605,-0.080230504,-0.107657835,-0.0042480975,0.15539488,-0.012975714,-0.018583585,0.037782382,0.008830286,0.03008635,0.00040863772,-0.048286177,-0.0012457537,-0.004415209,-0.03897522,-0.016572844,0.022643166,-0.011824402,0.009157246,-0.091104776,0.024943328,-0.02715098,-0.017587623,-0.075996146,0.009938864,0.011446097,0.008570206,-0.002767037,-0.028877864,0.043461546
TRH,0.04848844,-0.0016608667,-0.0020070493,-0.0030795217,-0.0003874946,-0.0027586299,-0.0014705049,-0.0047341255,-0.00034002663,-0.0043663895,-0.0022301467,-0.0036586204,-0.0003725023,-0.0018374788,-0.0038294382,-0.0003225639,0.12711336,-0.00034002663,-0.0018070746,-0.004760837,-0.0007535926,-0.0010480178,-0.0006655994,-0.001622854,-0.0016848997,-0.00043686028,0.02596203,-0.0006590238,-0.0021004747,-0.0009965933
EPHB1,0.19789949,-0.0001489013,-0.0034949833,-0.013669365,-0.031000236,-0.009463305,-0.007939674,-0.020088425,0.023537982,-0.020652305,-0.010706384,-0.019753434,-0.0020112356,-0.008322296,-0.018227903,-0.0017415951,-0.0032863866,-0.0018358851,-0.004874808,-0.022975465,-0.0040688287,-0.0056584775,-0.0035936893,-0.0069621704,-0.009097188,-0.002358692,0.004467811,-0.003558193,-0.0057032052,0.6973974
CLSTN2,-0.00031804855,-0.0016608764,-0.0020070658,-0.003079568,-0.0029716138,0.003096894,0.0092054615,-0.0047340505,-0.00034002707,-0.0043663275,-0.002230154,-0.0036585259,-0.000372505,-0.0018374956,-0.0038293796,-0.0003225633,-0.00060867204,-0.00034002605,-0.0018070843,-0.004760856,-0.00075359584,-0.0010480152,-0.00066559843,-0.0016228065,-0.0016848566,0.24843061,-0.0017085811,-0.0006590257,0.0054626362,-0.0009965969
CHST2,-0.0020907933,-0.002867463,-0.040148776,-0.047341663,-0.00626185,0.21841978,-0.041407652,-0.10676558,9.460827e-05,-0.11246232,-0.060090292,-0.08502305,-0.0011420933,-0.049436305,-0.077221416,-0.007580069,-0.014752063,-0.0078988895,-0.049151573,0.3553031,0.082001396,0.04465967,0.05161691,-0.026190141,-0.043425873,0.014111924,0.037460465,-0.013184702,-0.024563784,-0.022413252
PLOD2,-0.0010717587,-0.0055966997,-0.006763291,-0.010377358,-0.012850754,-0.009295852,-0.004955219,-0.014860908,-0.0011458058,-0.0135490345,-0.0075150426,-0.012328531,-0.0012552297,-0.0061918204,-0.010305781,-0.001086954,0.19515756,-0.001145804,-0.0060893926,-0.013869234,-0.0025393988,-0.0035315389,-0.0022428872,0.23688626,-0.005677583,-0.0014721205,-0.0030205918,-0.0022207373,-0.0070779985,-0.00335826
PLSCR1,0.014811282,-0.04305771,-0.05461308,-0.09689595,0.52011544,0.11107629,-0.05026761,-0.17368308,0.004106876,-0.13946448,-0.05915756,-0.12921579,0.0067310035,-0.0529647,-0.10693915,-0.005790179,-0.0024281703,-0.008816725,-0.04687319,-0.08532018,-0.0014999611,-0.007914828,-0.013672328,-0.05273663,-0.06427879,0.010357617,0.13646933,-0.02061931,-0.05960189,0.0031008748
CPB1,-0.00022488789,-0.0011743581,-0.0014191442,-0.0021774725,0.0015536033,-0.0019505351,-0.001039781,-0.0033473696,-0.00024042663,-0.0030873222,-0.0015768695,-0.0025868984,-0.0002633915,-0.0012992322,0.0034740756,-0.00022807383,0.107932374,-0.00024042679,-0.0012777534,-0.0033662915,-0.000532849,-0.00074102916,-0.00047062786,-0.0011474818,-0.0011913448,-0.00030889627,-0.0012080967,-0.00046596862,-0.0014851782,-0.00070466765
CPA3,-0.00068113586,-0.0035568855,-0.0042983005,-0.0065951725,-0.013813325,-0.0059077903,-0.0031492084,-0.01013837,-0.00072819716,-0.009350907,-0.0047760285,-0.007835177,-0.00079775334,-0.003935164,-0.008201071,-0.00069081056,0.5835525,-0.00072819664,-0.0038699852,-0.0050716824,-0.0016139052,-0.0022444155,-0.0014254305,-0.0034754993,-0.0036083015,-0.0009355734,-0.0036590665,-0.0014113387,-0.0044983733,-0.0021342793
TM4SF1,-0.00044036304,0.004549498,-0.002778905,-0.004263852,-0.0075379345,-0.0038194677,-0.0020360486,-0.0065546622,-0.00047078438,-0.0060454602,-0.0030878193,-0.005065568,-0.000515758,-0.0025440496,-0.0053020054,-0.00044661123,0.18364549,-0.00047078053,-0.0025020156,-0.0065916427,-0.0010433857,-0.001451047,-0.0009215559,0.067813665,-0.0023328278,-0.00060486293,-0.0023656252,-0.00091246044,-0.002908207,-0.0013798119
LINC01214,-0.00035560728,-0.0018569672,-0.0022439894,-0.003443123,-0.006790757,0.07023128,-0.0016441123,-0.005292952,-0.00038016506,-0.004881752,-0.0024934164,-0.0040905126,-0.000416483,-0.0020543532,-0.0042814706,-0.00036065152,-0.0006805427,-0.0003801634,-0.0020204778,-0.005322856,-0.00084256486,-0.0011717315,-0.00074416486,-0.0018144189,-0.0018837777,-0.0004884396,-0.001910306,-0.0007368302,-0.0023484519,-0.0011142533
MINDY4B,0.12757833,-0.0012684761,-0.0015328693,-0.0023519467,-0.0028337874,-0.0021068538,-0.001123095,-0.0036155258,-0.00025969202,-0.0033347036,-0.0017032479,-0.002794227,-0.00028449477,-0.0014033405,-0.002924672,-0.00024635094,-0.00046486637,-0.00025969182,-0.0013801497,-0.0036360372,-0.0005755481,-0.0008004009,-0.00050833565,-0.0012394347,-0.0012867997,-0.00033364014,0.010771067,-0.00050331885,-0.0016042115,0.060720753
MED12L,0.048928484,-0.0021695714,9.0923095e-05,-0.011639663,-0.008461232,-0.0012731411,-0.0071308925,-0.021432547,-0.0016488571,-0.013055949,-0.007847792,-0.016796855,-0.0018063213,-0.005345564,-0.013125401,-0.0015641862,0.2878936,0.007826298,0.009378671,-0.010186395,0.013438305,0.0041766586,-0.0032276006,0.044489123,-0.0042871335,0.005215344,0.050756916,-0.0031956844,-0.008614399,0.06644137
P2RY14,0.04077625,-0.003001479,0.0100778835,0.20497303,-0.07567433,-0.023336465,-0.014409492,-0.04803138,0.00030737816,-0.035021443,-0.013013053,-0.03871287,-0.00415244,-0.010999152,-0.037431028,-0.0035958067,0.0024514813,0.0088342605,0.058935,-0.046312045,-0.0065194666,0.011628587,-0.007419742,-0.015404751,-0.014450956,0.14700034,0.1923871,-0.007346444,-0.017160002,0.35512716
P2RY13,-0.0074811457,-0.05352705,-0.06350867,-0.09903782,0.5462398,0.2492962,-0.04743767,-0.15550044,-0.010189739,-0.14322023,-0.07307994,-0.11859304,-0.012620627,-0.06105246,-0.12364551,-0.004297697,-0.017486613,-0.009799235,-0.058705032,-0.15230325,-0.024846649,-0.033441648,-0.019823253,-0.045333885,-0.055345483,-0.0038222228,0.09537232,-0.020886254,-0.06756346,-0.030813068
SUCNR1,0.009295691,-0.007548946,-0.009122431,-0.012825093,0.00917544,0.07528958,-0.0043242676,-0.020704651,-0.0015454931,-0.018978883,-0.010136534,-0.015623168,-0.0016931097,-0.008351652,-0.01643884,-0.00146612,0.0028656614,-0.0015454955,-0.008213522,-0.021639004,-0.0034252224,-0.0047634635,-0.0030252489,0.13215575,-0.0076581524,-0.001985608,0.002409151,-0.0029953464,-0.0095469635,0.06454317
MME,-0.00138255,-0.0028459434,0.014970502,0.06974321,0.004569846,-0.010642304,-0.0063923155,-0.01973009,-0.0014780731,-0.011744717,-0.008042127,-0.014853689,0.008001362,-0.007987422,-0.014631277,-0.0014021907,0.038649824,0.009087603,-0.007855299,-0.019005943,-0.003275838,-0.0045556566,-0.0028933366,-0.0070544453,-0.007324175,-0.0018989993,-0.007427182,-0.002864747,0.024088087,0.1111359
SSR3,0.021388656,-0.033894997,-0.034505088,-0.084443554,0.2441806,0.12387508,-0.011495677,-0.14037909,0.02253147,-0.024692442,-0.008920511,-0.102573276,0.007916725,-0.010038559,-0.038652804,-0.012972577,0.0061617508,0.000107514636,0.022005167,-0.06748333,0.012515036,-0.013315275,0.0861866,-0.071886405,-0.05148242,0.018720215,0.0926858,-0.013901383,-0.026307328,0.08670089
TIPARP,0.00503639,-0.030061118,-0.037528753,-0.05804374,0.04675927,0.0043568476,0.010677179,-0.09182702,0.023035359,0.036777318,0.038027685,-0.05724788,0.008071229,0.008225505,0.02585295,-0.008138343,-0.0043086056,0.004225196,0.039254688,0.036167067,0.004911012,0.009290512,0.00795613,-0.03668434,-0.036083624,0.0076315273,0.05402437,0.0008304397,0.006309368,-0.0059281313
PTX3,-0.005286288,-0.023473231,-0.02935954,-0.045753237,0.31227607,0.015344898,-0.023758179,-0.072146475,-0.005651521,-0.067142114,-0.03435043,-0.056807548,-0.006191343,-0.027275566,-0.05580613,0.0006817705,-0.0054449756,-0.002683134,-0.028338663,-0.07258204,-0.009967492,-0.01551809,-0.011062843,-0.022623146,-0.02741024,-0.007261086,0.00258385,-0.01095342,-0.03008181,-0.0155946715
RARRES1,-0.00044036173,-0.002299562,-0.0027788694,-0.00043891018,-0.0056714923,0.00040900393,-0.0020360227,-0.0039016604,-0.00047078478,-0.00038570527,0.0020733185,-0.0017816606,-0.0005157509,-0.0025441202,-0.005302023,-0.00044661353,0.036049485,-0.00047078627,-0.0025020114,-0.0013101805,-0.0010433996,-0.0014510337,-0.00092154567,0.04679602,-0.0023328194,0.02507124,-0.0023656301,-0.00091244996,0.0025559203,-0.0013798337
C3orf80,-0.0006686281,-0.0034915756,-0.0042194338,-0.0064740316,-0.014654331,-0.0030144735,-0.0030914107,-0.009952267,-0.0007148186,-0.00917921,-0.0046883607,-0.007691215,-0.00078308897,-0.0038628753,-0.005969018,-0.0006781226,0.53367573,-0.0007148222,-0.0037989875,-0.0065273806,-0.0015842305,-0.002203211,-0.001399251,0.0058197584,-0.0035420917,-0.0009183921,-0.0035918718,-0.00138543,-0.0008152643,-0.002095086
SMC4,0.006350704,0.002898681,0.01993012,-0.016955843,0.015835827,0.028073827,0.00561477,-0.04990187,0.053536482,-0.019959843,-0.016591512,-0.05467452,0.045665648,-0.0025566805,0.014168842,-0.0071592135,0.04172302,-0.0011859079,-0.024717338,0.024760483,0.103457645,0.0032741455,0.06948412,-0.03850221,-0.017780488,0.015099836,0.043180726,0.012122244,0.0094272755,0.031574503
SPTSSB,-0.0019278959,-0.008499968,-0.009557606,-0.016026098,-0.04294028,-0.011885192,-0.008913628,-0.027477475,-0.0020610907,-0.021281471,-0.006407985,-0.020672413,-0.0022579238,-0.009709246,-0.018851494,-0.001955259,-0.003689507,-0.0020610793,0.05865901,0.03792124,0.012498659,0.4938554,-0.00017987177,-0.00499531,-0.0071122926,-0.0026480188,-0.0073138494,-0.003994705,0.004829336,-0.006040888
SKIL,0.0014027939,0.0028340118,-0.03002895,0.013883015,0.3284536,0.16619779,-0.04300989,-0.124947175,-0.0070348135,-0.12948938,-0.055007294,-0.10840183,-0.003610342,-0.05494122,-0.08756318,-0.00822896,-0.011086264,0.0012469784,-0.0325763,-0.048022833,-0.0009183085,0.007131676,0.012928016,-0.049561657,-0.056256946,0.007223599,0.07912025,-0.016702292,-0.043600623,-0.0005005181
TNFSF10,-0.010809752,-0.06619263,-0.0725351,-0.11456776,0.4807792,0.25006184,-0.053444643,-0.101912625,0.0059411726,-0.056715626,-0.027749427,-0.1553629,-0.006747121,-0.036165934,-0.14013022,-0.011670866,-0.009673205,0.0005161001,-0.06323395,-0.12697479,-0.011761083,-0.005559647,-0.0156848,-0.069999784,-0.064383864,-0.015156168,0.02009124,-0.022193711,-0.069538124,-0.038208418
NLGN1,-0.0001590145,-0.00083036773,-0.0010034619,-0.0015396968,0.001098239,-0.0013792166,-0.00073520583,0.004976904,-0.00017000179,-0.002183022,-0.0011150171,-0.0018291514,-0.00018624059,-0.00091866456,-0.0019146006,-0.00016127083,-0.0003043156,-0.00017000196,-0.0009034742,0.0049312836,-0.00037676745,-0.0005239723,-0.00033276938,-0.00081137597,-0.0008423839,-0.00021841087,-0.0008542441,-0.0003294857,-0.0010501585,-0.0004982603
B3GNT5,-0.0047310684,-0.023387909,-0.027618786,-0.04396794,0.28636616,-0.0035011861,-0.019569125,-0.067543566,-0.0019868626,-0.060517453,-0.031140327,-0.052816376,-0.0027401124,-0.025512995,-0.05287364,-0.0047982465,0.0102816485,-0.0050580045,-0.023738135,-0.06635741,-0.009712589,-0.014522491,-0.008272235,-0.022765003,-0.025062777,-0.006498416,0.033229135,-0.009803023,-0.030156387,-0.008298253
LIPH,-0.00084696343,-0.0044228067,-0.005344744,-0.008200818,-0.0129422825,-0.0073460387,-0.0039159306,-0.011227142,-0.000905489,-0.011627461,-0.0059388857,-0.0046192603,-0.0009919587,-0.004893117,-0.00855541,-0.0008589793,-0.0016208659,-0.0009054903,-0.0048122313,-0.00580821,0.005754352,-0.0027908438,0.024550071,0.21083489,-0.004486829,0.012188374,-0.001086289,-0.0017549514,-0.002752068,-0.0026539087
AHSG,NaN,NaN,NaN,NaN,NaN,NaN,NaN,NaN,NaN,NaN,NaN,NaN,NaN,NaN,NaN,NaN,NaN,NaN,NaN,NaN,NaN,NaN,NaN,NaN,NaN,NaN,NaN,NaN,NaN,NaN
BCL6,0.0021737895,-0.044548474,-0.06330529,-0.049564626,0.54946285,0.090524875,-0.042512536,-0.1620562,-0.0055678287,-0.13875772,-0.06211847,-0.12564059,-0.012880408,-0.054772597,-0.10241995,-0.0068078954,-0.017614434,-0.011050804,-0.040959507,-0.124413036,-0.016795898,-0.025284534,-0.020513084,-0.053330373,-0.054394454,0.043652225,0.06695003,-0.019044505,-0.056435876,-0.02589996
CCDC50,0.053860776,0.18833713,0.17376685,0.12876016,0.15510988,0.016480684,-0.019716062,-0.1488735,0.008187999,-0.09548742,-0.045637283,-0.120414756,0.005792523,-0.050370563,-0.07329125,-0.0056650564,-0.007702136,0.0025692766,-0.049413204,-0.070154235,0.0018096272,-0.0034310485,0.06623068,-0.047362324,-0.03791734,-0.0003653117,0.15812878,-0.02036854,-0.034840923,0.18193509
HES1,-0.0024404612,0.044830147,0.0012748337,0.0057934686,0.028350804,0.19082165,-0.011283333,-0.03292176,-0.0026090436,-0.030400747,-0.014282338,-0.02567412,-0.0028582353,-0.014098945,-0.026489053,-0.0024750505,-0.0013164624,-0.0026090387,-0.0138659915,-0.035561185,-0.0030662694,-0.008041467,0.010201308,-0.008609589,-0.012928066,-0.0033520397,0.0038741492,-0.0050566215,-0.015117258,-0.005605364
APOD,-0.00020528951,0.02830194,-0.0012954859,0.022620639,-0.005254489,-0.001780614,-0.0009491687,-0.00305565,-0.00021947442,-0.002818257,-0.0014394693,-0.0023614725,-0.00024043083,-0.0011860344,-0.002471795,-0.00020820869,-0.00039287424,-0.00021947472,-0.001166391,-0.0030730083,-0.00048642218,-0.00067644485,-0.00042962166,-0.0010474813,-0.0010875133,-0.00028197802,-0.0011028197,-0.00042537777,-0.0013557854,-0.0006432704
TFRC,0.020276811,0.009979019,0.054613855,-0.025581807,0.13437323,0.13142018,-0.015437585,-0.08677788,0.014931428,-0.03044594,-0.021747004,-0.059065796,0.0103291515,-0.016466493,-0.03357449,-0.00153147,0.03917014,0.0009026446,-0.022962907,-0.07266396,0.008224953,-0.013807595,0.06874304,-0.04465692,-0.024624044,0.022214452,0.031528767,-0.0071726074,-0.021097722,0.074748054
SPON2,-0.0025228155,-0.040687345,-0.05468108,-0.08353223,-0.22168654,-0.06822652,0.051765915,-0.1268082,0.0050922576,-0.10832081,-0.04630434,-0.077821,0.021987947,-0.042852614,0.12074464,-0.007323955,-0.015313287,-0.0062885573,-0.028269252,0.68915987,0.106032796,-0.0030041412,-0.007949649,-0.042926095,-0.042013828,-0.010634116,-0.04280864,-0.012174078,0.057092387,-0.00026981768
CYTL1,0.015634818,-0.007611463,-0.0098369345,-0.016311247,0.0052346843,-0.008136668,-0.008243721,-0.0239076,-0.0019061604,-0.02377487,-0.011216349,-0.019695008,-0.0020882273,-0.008758147,-0.010464962,-0.0018083015,0.43217465,-0.0019061624,-0.010130485,0.04493557,0.014284832,0.034279447,-0.0037312915,-0.0090975445,-0.0077687693,0.0038922285,-0.0046425336,-0.0036944752,-0.0090527665,-0.0055868346
S100P,-0.0031370767,-0.015400457,-0.019796604,-0.029279362,0.16834772,0.0069575557,-0.0122997835,-0.040240657,0.010792586,-0.025340276,-0.016078647,-0.033739187,0.017466387,-0.014578338,-0.031420656,-0.0031815823,-0.006003558,-0.0033538311,-0.014193882,-0.035198826,-0.0010813016,-0.01033712,-0.0018276541,-0.012988088,-0.013688627,-0.004308931,-0.015912313,-0.006500137,-0.016788954,-0.00823441
FAM90A26,-0.00024291189,-0.0012684364,-0.001532869,-0.0023519618,0.00054950244,-0.0021068945,-0.0011230679,0.010808036,-0.00025968874,0.0069237268,-0.0017032832,-0.002794164,-0.00028448895,-0.0014033474,-0.0029246826,-0.0002463566,-0.00046485732,-0.00025968908,-0.0013801159,-0.0036359616,-0.000575554,-0.0008004028,-0.00050834136,-0.0012394054,-0.0012868043,-0.0003336421,-0.0013049257,-0.00050330674,-0.0016042091,-0.0007611265
CLNK,0.014441109,0.023498625,0.09018795,0.03407686,-0.041786425,-0.012574508,-0.008800255,-0.024630835,-0.0020348758,-0.019539112,-0.0133463675,-0.01884901,-0.0022292172,-0.01099617,-0.018503834,-0.0019303794,0.039363015,0.021092523,-0.010814445,-0.00818646,0.0024430582,0.05639245,0.0077366047,-0.0064366763,0.056178153,0.3750879,0.029934809,2.026176e-05,-0.0112987,0.022922162
BST1,-0.007481624,-0.057213873,-0.06933657,-0.10355434,0.6959642,0.056138072,-0.051439796,-0.1636428,-0.009796937,-0.15315822,-0.07808307,-0.12821546,-0.013591703,-0.06502791,-0.1311245,-0.00209356,-0.008114206,-0.009281415,-0.063194655,-0.16302182,-0.025644258,-0.036743764,-0.021680634,-0.05057306,-0.05864128,-0.014010476,0.022541111,-0.023171375,-0.07353694,-0.023041595
CD38,0.017918203,-0.020277096,-0.017405048,0.03552243,-0.05031411,-0.02597538,-0.029716128,-0.04540572,0.051946133,-0.085430205,-0.046461653,-0.05344264,0.018898765,-0.03909742,-0.056713875,-0.007627348,0.025049094,-0.008040029,-0.03996108,0.31181753,0.08827234,0.04565966,0.1399829,-0.03260943,-0.036305316,0.05330554,0.04889473,0.01814127,-0.031774826,0.023553122
FGFBP2,-0.009218991,-0.04836438,-0.05950635,-0.095974736,-0.25052014,-0.08622798,0.18148318,-0.15072413,-0.005003935,-0.14216444,-0.06787419,-0.0994926,0.034465242,-0.05738589,0.29523036,-0.008016709,-0.019130649,-0.011258167,-0.058068354,0.6524471,0.09207019,0.006783672,-0.016949221,-0.040592924,-0.05712034,-0.012326594,-0.051570192,-0.0055783098,0.124722384,-0.03314745
PROM1,-0.000699485,-0.0036527326,-0.0044140304,-0.00677286,-0.016727582,-0.0034048075,-0.0032340453,-0.010411458,-0.0007478006,-0.006035114,-0.004904729,-0.008046247,-0.0008192251,-0.00012764547,-0.0024530713,-0.0007094103,0.5565208,-0.0007478007,-0.0039742696,-0.008806471,-0.0016573435,-0.0023048816,-0.001463831,-0.0035690656,-0.0037055132,-0.000960769,-0.0037576484,-0.0014493569,-0.00461946,0.004930451
LAP3,0.021317923,-0.035423394,-0.049131896,-0.08760702,0.4198598,0.13904233,-0.034833677,-0.15796842,0.016439704,-0.12106091,-0.058492877,-0.10765672,0.0130875325,-0.054254662,-0.09149072,-0.007804363,0.0005425103,-0.0059572873,-0.048968308,-0.07402771,0.007531966,-0.02119906,0.024641238,-0.05771014,-0.05474101,0.035549358,0.13848776,-0.015181071,-0.047688782,0.06808467
NCAPG,-0.0016044665,0.004828182,0.0024340472,-0.0070900596,-0.019496704,-0.010419862,-0.0031571966,-0.01802426,0.26185519,-0.011109059,-0.0041304906,-0.0148302745,0.106081806,-0.0075507225,0.0024824706,-0.0016272274,0.007057496,-0.0017153072,-0.009116074,-0.010162417,0.28441674,0.0036276013,0.10340198,-0.006246805,-0.008499666,-0.0022038037,0.007862756,-0.0033245564,-0.0015478893,0.0011910732
SEL1L3,0.040830266,0.13057923,0.23897733,0.24220271,-0.15693028,-0.059339155,-0.0062732156,-0.06300117,0.01049565,0.0006902687,0.013369497,-0.030675925,0.007359308,0.0109179,-0.003903521,-0.0053741513,-0.005362429,-0.00013622182,-0.0023792237,-0.040293965,0.0066766585,-0.002608229,0.11630051,-0.03311694,-0.017227072,0.030058173,0.03034502,0.00015111573,0.0001625555,0.14868753
LINC02357,-0.00018361778,-0.0009588479,-0.0011587085,-0.001777868,0.0042522047,-0.0015925964,-0.00084895757,0.00998723,-0.00019630336,-0.0025207845,-0.0012874884,-0.0021122023,-0.00021505177,-0.0010607911,-0.0022107523,-0.00018622556,-0.00035139057,-0.00019630324,-0.0010432374,-0.0027484966,-0.0004350575,-0.000605049,-0.00038425194,-0.000936887,-0.0009727076,-0.00025220963,-0.0009863975,-0.0003804663,-0.0012126198,-0.0005753367
DTHD1,-0.0047484953,-0.021591932,-0.0283376,-0.043457977,-0.11407097,-0.03765085,-0.014577475,-0.068423815,0.0042150104,-0.058991376,-0.013571441,-0.050299507,0.011242345,-0.020388996,0.10082159,-0.004815804,-0.009087256,-0.0050764913,-0.012321069,0.3271233,0.039798703,0.004085206,-0.0068065943,-0.017248366,-0.024496345,-0.004141839,-0.021799857,0.040828016,0.06295766,-0.013830039
TLR10,0.011901031,0.27271935,0.35194328,0.22399792,-0.08032377,0.0040822215,-0.021811726,-0.067135364,-0.0050435313,-0.061465617,-0.031069377,-0.050781067,-0.0055252337,-0.024843575,-0.05216679,-0.0047845645,-0.0072733695,-0.0050435364,-0.026803888,-0.068267815,-0.01117783,-0.013430527,0.0060684467,-0.023399232,-0.02299295,0.10351412,0.06589445,-0.00977509,-0.030099805,0.058622852
TMEM156,0.0145990625,0.1299478,0.20822181,0.22498438,-0.18368597,-0.05645216,-0.001289085,-0.036179043,0.012276992,0.052288987,0.007934326,-0.02432375,0.015621555,-0.008579247,-0.016896665,-0.006605405,0.008129368,-0.00483345,-0.0015923659,-0.005446297,6.9560374e-05,0.00025444687,0.107555375,-0.03713123,-0.011920114,0.03234903,0.017779434,0.011159976,-0.0033033215,0.033633277
RBM47,0.009558963,-0.03228119,-0.04499526,-0.092065826,0.5754567,0.089657575,-0.047512278,-0.15202211,-0.010148542,-0.14117914,-0.071933135,-0.119473994,-0.010989806,-0.059296753,-0.123052984,-0.0062323697,-0.019871414,-0.009747687,-0.059020143,-0.15310273,-0.022050476,-0.03338071,0.054095093,-0.0459804,-0.056081958,0.028157668,0.09177974,-0.021570673,-0.06555545,0.037858922
UCHL1,-0.00065587804,-0.0034250068,0.022698509,-0.006350688,-0.014278654,-0.0028484433,-0.003032442,-0.00798015,-0.0007011987,-0.0071024457,-0.0011322364,-0.0075447084,-0.000768172,-0.0037891953,-0.007897022,-0.0006651871,0.13510509,-0.0007011974,-0.0037264985,-0.006268115,-0.0015540338,-0.0021612218,0.24798746,0.0013613318,0.0010630871,-0.00090089,0.00095069676,-0.001359023,-0.0043314905,-0.0020551244
GSX2,-0.00012983313,-0.00067800033,0.037871204,-0.001257134,-0.0033231804,-0.0011261179,-0.00060028984,-0.0019325371,-0.00013880388,-0.0017824242,-0.0009103973,-0.0014935011,-0.00015206331,-0.0007500853,-0.0015632354,-0.00013167656,-0.00024847078,-0.00013880429,-0.00073768763,-0.0019434599,-0.00030762795,-0.00042781985,-0.0002717044,-0.0006624736,-0.0006877963,-0.00017833435,-0.00069747184,-0.00026902324,-0.00085744716,-0.00040682187
KIT,0.040528204,-0.0077307858,-0.0093422085,-0.013193109,-0.036224894,-0.010319631,-0.0045392015,-0.021244245,-0.0015827193,0.013486306,0.01117927,-0.016048549,-0.0017338821,-0.004835707,-0.015940033,-0.0015014611,0.2392255,0.10708424,0.038791567,-0.010308727,-0.0035077638,0.12697202,-0.0030981412,-0.0033621462,-0.007842648,0.097341985,0.06152471,-0.003067545,-0.006515959,-0.0046388297
KDR,0.07540468,-0.0010720284,-0.0012954857,-0.0019877371,-0.005254506,-0.001780605,-0.00094916736,-0.0030556603,-0.00021947379,-0.0028182794,-0.0014394764,-0.002361477,-0.00024043211,-0.0011860259,-0.002471785,-0.00020820786,-0.00039287412,-0.00021947405,-0.0011663968,0.013917822,-0.0004864202,-0.0006764499,-0.00042961954,0.013973117,-0.0010875196,-0.0002819782,-0.001102822,-0.00042537609,-0.0013557822,-0.0006432675
NMU,-0.0007901893,-0.00031007492,-0.0049865316,-0.0033840924,-0.018144194,-0.0044957995,0.0006507346,-0.010282299,0.035908427,0.034919377,0.023245387,-0.009089796,-0.0009254656,-0.0011003306,-0.0059920787,-0.000801399,-0.0015122358,-0.0008447959,0.04833875,-0.010354025,0.006439277,-0.0026037807,-0.0016536447,-0.0040318957,-0.004186068,-0.0010853708,0.0031802729,0.0078613255,0.0008729333,-0.0024760233
HOPX,-0.011977021,-0.041575577,-0.01330728,-0.07277264,-0.28413242,-0.09107803,0.13123612,-0.17102599,0.0035454843,-0.04958544,0.05306686,-0.12535894,0.03879618,0.023349872,0.17653042,-0.011011563,0.019673267,0.018714549,0.09561051,0.54736996,0.08729527,0.13424428,-0.019070651,-0.044905625,-0.06137151,-0.0138141,-0.058772575,-0.023189897,0.116771154,-0.031527717
SPINK2,-0.003964661,-0.016830154,-0.0043421965,0.007880022,-0.09269893,-0.029616829,-0.010357221,0.037432674,-0.0042385687,0.013368705,-0.0053730495,0.16713604,-0.0046434207,0.048455395,-0.028501144,0.0037094064,0.20762484,0.045431465,-0.018173872,-0.053904437,-0.0026293616,0.097220026,0.006775725,-0.0145976255,0.011775776,0.02023671,-0.01683897,0.0016301791,-0.020540038,-0.009905976
IGFBP7,0.006595876,-0.049306564,-0.061927117,-0.094658926,0.1767639,0.020033337,-0.04357468,-0.14682691,-0.007798954,-0.13688713,-0.06862477,-0.1133967,-0.0072901044,-0.056868512,-0.105080664,-0.0028919615,0.06464527,0.0014281155,-0.05509573,0.36779934,0.09497242,0.053239956,-0.017858595,-0.046849012,-0.053020634,0.050120335,0.17084923,-0.020351708,-0.054686952,-0.031622216
TMPRSS11E,-0.00066863024,-0.0034915858,0.007057096,-0.003955144,-0.013424925,-0.0057993405,-0.0030914112,-0.0082035195,-0.0007148224,0.005739492,-0.0012897672,0.0031265793,-0.00078309095,0.10254645,-0.0038911987,-0.0006781219,-0.0012795802,0.02103709,-0.0037989868,-0.008267648,-0.0015842317,0.004883895,-0.0013992487,-0.003411655,-0.003542091,-0.0009183931,-0.0035918818,-0.0013854302,-0.0044157216,-0.0020950832
UGT2B17,-0.0011480317,0.0018992206,0.032230224,0.11687508,-0.027233714,-0.0067100716,-0.0053079035,-0.016066503,-0.0012273436,-0.014672269,-0.008050015,-0.013206052,-0.0013445863,-0.0042464538,-0.012607028,-0.0011643247,-0.0021970589,-0.0012273439,-0.0065228255,-0.016167296,-0.0027201322,0.00035876725,0.22432664,-0.0058577755,-0.0060817385,-0.0015768865,-0.006167254,0.004179888,-0.005482213,-0.0035972574
ENAM,-0.0006428874,0.0013388316,0.0076725427,-0.0009789952,-0.016454956,-0.005575989,-0.0029723365,-0.0077504152,-0.00068728946,-0.0049454253,-0.00096990715,-0.0051433407,-0.000752949,-0.0037140779,-0.0055751363,-0.00065200514,-0.0012303066,-0.00068728847,-0.0036527105,-0.009623137,-0.0015232271,-0.002118389,0.2877409,-0.0032802888,-0.003405622,-0.0008830312,-0.0034535327,-0.0013320709,-0.004245682,0.09098984
JCHAIN,0.03305269,0.15598851,0.2648824,0.17679183,-0.08097149,-0.026045077,-0.014251927,-0.049341463,-0.002891338,-0.04678334,-0.021958347,-0.04185738,-0.004154934,-0.016360857,-0.03307903,-0.0020613489,0.0032340188,0.0017520282,-0.02193537,-0.038538553,-0.0061084847,-0.0043623853,0.15843354,-0.013320025,-0.02178309,-0.006499535,-0.012932022,-0.009870138,-0.017443113,0.23643918
RASSF6,-0.0018067403,0.014077728,0.23631969,0.0030609954,-0.04214413,-0.014635783,-0.0064597283,-0.015838286,-0.0019315787,0.0459684,-0.005086173,-0.019977806,-0.002116079,-0.008917216,-0.017097676,-0.0018323925,0.014562622,-0.0019315766,-0.010265396,-0.02444981,-0.0042808824,-0.005953427,0.053820234,-0.009218848,-0.0012760023,-0.0024816522,-0.009705924,-0.0037436911,-0.010593107,-0.005661234
CXCL8,-0.008134381,-0.034752227,-0.039360486,-0.07115796,0.50415504,-0.0011804787,-0.03798194,-0.12377227,-0.0065290406,-0.11526322,-0.054983877,-0.09840036,-0.009626812,-0.049446404,-0.085519314,-0.006394875,-0.018239794,-0.010226807,-0.04812781,-0.10609151,-0.018826663,-0.01915061,-0.0121389385,-0.02152355,-0.048716363,-0.0025122685,0.02272345,-0.020190746,-0.040075656,-0.021793658
PF4V1,-0.0017540609,-0.00743442,-0.00819662,-0.016023578,0.0048735,-0.0056444337,-0.006167149,-0.026108567,-0.0018752423,-0.024080442,-0.012299517,-0.020177219,-0.0020543593,-0.008570965,-0.016344303,-0.0017789602,-0.0033568488,-0.0018752405,-0.009966144,-0.02159745,-0.004156088,-0.005779909,0.0048023392,0.38433406,-0.00929225,-0.0024092807,-0.006077774,-0.0036345138,-0.008827616,-0.0026491303
CXCL1,-0.0019782125,-0.01033022,-0.012483447,-0.018291444,0.12928888,-0.014332234,-0.00914621,-0.0288511,-0.002114877,-0.024618795,-0.009240283,-0.022020685,-0.0023168873,-0.011428643,-0.020275673,0.0057513597,-0.0037858207,-0.0021148825,-0.011239627,-0.027829304,-0.004687158,-0.0065185255,-0.00413985,-0.0037769934,-0.010479713,0.003000995,-0.0076613575,-0.0040989076,-0.01184069,-0.0061985925
PF4,-0.00084276684,-0.01572325,-0.016486516,-0.029698592,0.070770144,0.04168408,-0.0120492475,-0.049977195,-0.0064390576,-0.049920145,-0.020314772,-0.044015385,0.0063978806,-0.02465862,-0.034960195,-0.006108468,-0.011526461,-0.0011826006,-0.019474814,-0.042702697,-0.008601332,-0.014004742,-0.0076644477,0.45681968,-0.022871839,-0.006337559,-0.0042719394,-0.011234091,-0.019725814,0.015489895
PPBP,-0.0043636686,-0.0117057,-0.018068269,-0.022119405,0.08563719,0.044427786,-0.012772231,-0.054251496,-0.005009567,-0.053272456,-0.027040042,-0.04364484,-0.0017592247,-0.025704447,-0.034521252,-0.0019303225,-0.010379181,-0.0048977593,-0.024090422,-0.045940552,-0.011775538,-0.011504669,-0.0018611893,0.4173047,-0.023416573,-0.0022385009,-0.008420381,-0.0053145913,-0.015108632,0.016045604
CXCL5,-0.0022363702,-0.011678278,-0.011856171,-0.017868828,0.0002751027,-0.010209195,-0.0103398645,-0.030139081,-0.0023908296,-0.029024085,-0.013640452,-0.022478264,-0.0026192241,-0.011692843,-0.025675772,-0.0022680843,-0.0006360985,-0.0023908322,-0.010209087,-0.029812276,-0.00529883,-0.005243417,-0.0046800445,0.51755124,-0.011847175,-0.0030717475,-0.009388023,-0.0046338774,-0.013685249,-0.0025422596
CXCL3,-0.004480522,-0.022031076,-0.019710645,-0.02871378,0.2135113,0.0028401338,-0.017601706,-0.054137006,-0.0047901096,-0.048739955,-0.023103734,-0.04463718,-0.0022080601,-0.022152841,-0.03987836,-0.00454411,0.0061278194,-0.0047900905,-0.021006629,-0.048055608,-0.00611332,-0.010422475,-0.006060211,0.018981075,-0.021009626,-0.006154209,0.01866473,-0.009283782,-0.020749645,-0.010674741
CXCL2,-0.0065148273,-0.021043805,-0.02750984,-0.045314375,0.3284049,0.0066641015,-0.02402459,-0.07925153,-0.004739979,-0.07405479,-0.037586056,-0.060629338,-0.005579721,-0.02977225,-0.05755541,-0.0066071954,-0.0072816233,-0.0046043615,-0.032542612,-0.07267635,-0.012330204,-0.01457633,-0.0066348757,-0.017601572,-0.029670363,-0.0070256377,0.007594432,-0.00992457,-0.032125756,-0.009307186
EREG,-0.0041546714,-0.038644582,-0.0424487,-0.06589567,0.4360417,-0.025233101,-0.031414255,-0.10386571,-0.008631379,-0.0951359,-0.04887501,-0.08136049,-0.006108964,-0.03737582,-0.08151446,-0.0041367514,0.06387317,-0.0026903911,-0.04071652,-0.101564966,-0.017409256,-0.022872033,-0.0122391395,-0.032034766,-0.040008746,-0.009694954,0.09134712,-0.01470952,-0.044937726,-0.020951021
AREG,0.016769435,0.014298637,-0.0095548155,0.018953925,-0.07145613,-0.05231178,-0.021499898,-0.065377094,-0.008069114,0.011268417,0.003770206,-0.060281444,-0.005286607,0.00070918846,-0.021959338,-0.005625523,0.001359709,0.0345872,0.030037027,0.15188321,0.022151977,0.16413616,-0.0078659,-0.031961337,-0.034787584,-0.0009828327,0.15214312,-0.011273437,-0.0024259551,0.01872987
NAAA,0.00035357347,-0.034230504,-0.034021307,-0.10902162,0.33265343,0.28520894,-0.027775839,-0.11036142,0.0004256106,-0.060967557,-0.03384886,-0.089624785,-0.008452543,-0.03534435,-0.07852033,-0.0073371287,-0.015817495,-0.010705606,-0.04885147,-0.115768604,-0.009304969,-0.03271078,-0.016662393,-0.07090843,-0.03451927,0.03694004,0.051926374,-0.018271975,-0.047755364,-0.014727109
CXCL9,-0.0006686342,0.0010183315,-0.00046144958,-0.00647409,0.021024162,0.008132915,-0.0030914075,-0.009952346,-0.0007148296,-0.009179248,-0.004688359,-0.0033645523,-0.0007830941,-0.0038627947,-0.0038894685,-0.0006781183,0.010876592,-0.00071482954,-0.0037989058,-0.010008591,-0.0015842431,-0.0022031942,-0.0013992465,-0.00341162,-0.0035420316,0.03292497,0.022750437,-0.0013854183,-0.0008155354,0.0053502754
CXCL10,-0.002330405,-0.012169289,-0.0049469075,-0.018920477,0.07464265,0.09841446,-0.009305104,-0.024567898,-0.0024914285,-0.02606079,-0.013391128,-0.02118301,-0.0027293693,-0.012277173,-0.020222634,-0.0023634706,0.002571327,-0.0024914276,-0.010833896,-0.026816279,-0.005521676,-0.005627602,-0.0048768697,-0.0065079816,-0.012345291,-0.0032008965,0.0014398514,-0.0015663228,-0.010183825,-0.007302069
CXCL11,-0.00057350646,-0.0029948147,-0.0036190143,-0.0055529615,0.031205866,0.00476582,-0.0026515457,-0.008536208,-0.0006131195,-0.007873236,-0.004021369,-0.006597086,-0.0006716918,0.0014573633,-0.0069050672,-0.0005816431,-0.0010975212,-0.0006131165,-0.003258472,-0.0065555046,-0.0013588513,-0.001889735,-0.0012001559,-0.0029262397,-0.0030380983,-0.0007877186,0.007157737,-0.001188317,-0.003787465,-0.0017970094
ANXA3,-0.0008811815,-0.0046016052,-0.005560764,-0.00088398677,-0.0048189117,0.0029283636,-0.00021757695,-0.011789593,-0.000942087,-0.010682884,-0.0061788857,-0.010136597,-0.0010320593,-0.0050909137,-0.010609796,-0.0008936949,0.016758343,-0.0009420833,-0.005006697,-0.010549202,-0.002087885,-0.002903661,0.048761405,0.17081673,-0.00466813,-0.0012103652,-0.0047338028,-0.0018259044,-0.0030885458,-0.0027611672
LINC02469,-9.180616e-05,-0.0004793996,-0.00057933055,-0.0008889202,-0.002349815,-0.000796296,-0.00042447684,-0.0013665376,-9.8152035e-05,-0.0012603838,-0.0006437345,-0.0010560737,-0.00010752483,-0.0005303758,-0.0011053423,-9.310865e-05,-0.00017568715,-9.815193e-05,-0.0005216428,-0.0013742702,-0.00021752378,-0.000302502,-0.0001921232,0.033118945,-0.0004863488,-0.00012609854,-0.00049318065,-0.00019022764,-0.0006062997,-0.00028765807
BMP3,-0.0006022174,0.0068747425,0.00037511322,0.09489749,-0.015414032,-0.0052232947,-0.0027843043,-0.0089636855,-0.0006438128,-0.008267349,-0.0042225993,-0.004524687,-0.0007052971,-0.00347913,-0.0072507677,-0.0006107538,-0.0011524813,-0.0006438121,-0.0034216386,-0.009014342,-0.0014268785,0.021617852,-0.001260256,-0.0030727035,-0.0031902227,-0.00082717306,-0.0032350535,-0.0012478163,-0.0039770775,-0.0018869513
RASGEF1B,0.0069155884,0.02297388,-0.010799544,-0.0027318397,0.33771437,0.1485397,-0.039132483,-0.11514496,-0.006582591,-0.104310706,-0.047506277,-0.08313762,-0.007597591,-0.043380063,-0.08683517,-0.0092652915,-0.00793249,-0.0024283228,-0.043289527,-0.10486876,-0.011465277,-0.007788512,-0.011606331,-0.03620457,-0.044485588,-0.012548124,0.012973311,-0.016032286,-0.04779467,0.08306354
PLAC8,0.03101081,0.074559614,0.041842703,0.06947371,-0.19032617,0.13659821,0.015052172,-0.034497105,-0.009844277,-0.10093857,-0.04042031,-0.038138684,-0.0075831055,-0.06720981,-0.0036725414,-0.022733092,-0.009222086,0.003001442,-0.019679533,0.32944983,0.04020829,0.08251643,-0.036611903,-0.09683637,-0.062161002,-0.032839056,-0.06539725,-0.010315889,0.033892874,0.12266464
GPAT3,0.002117658,-0.034439534,-0.04240225,-0.06587546,0.3147988,0.043642014,-0.030824976,-0.09244025,-0.0076284627,-0.06691384,-0.030554509,-0.073413596,-0.0045154113,-0.030748993,-0.078572035,-0.00502198,-0.0016018776,-0.0076284637,-0.028500278,-0.10306188,-0.01690694,-0.023512423,-0.012848913,-0.033962585,-0.03250661,0.051673215,0.25301838,-0.01360868,-0.043638084,-0.020191373
ARHGAP24,-0.005267684,0.2386002,0.17728831,0.26093206,0.24979481,-0.020542229,-0.041174408,-0.13030477,-0.009520723,-0.11980782,-0.061256398,-0.10039507,-0.010430178,-0.05108368,-0.104244426,-0.007323409,-0.014977189,-0.0074822134,-0.049492724,-0.12860632,-0.01946006,-0.028742777,-0.013651271,-0.03850434,-0.046791937,-0.008437051,-0.0027700935,-0.018452695,-0.05694729,0.06153743
PTPN13,-0.0027999459,-0.011366759,-0.016749151,-0.024654672,-0.038529303,0.11522582,-0.011720588,-0.03700878,0.012656856,0.15083687,0.038167205,-0.027497917,-0.0032792822,-0.014194505,-0.028658276,-0.0028397017,-0.0024517134,-0.0029934305,0.014497916,-0.038097065,-0.001929578,-0.007510552,-0.0058594546,-0.0120208105,-0.011579212,0.00019246797,-0.0045333235,-0.005801648,-0.014117179,-0.0069707907
SPARCL1,-0.00015901441,0.018129498,-0.001003464,-0.0015396904,-0.004070108,-0.0013792138,-0.0007352069,-0.0023668804,-0.00017000201,-0.0021830255,-0.001115014,-0.0018291586,-0.00018624032,-0.00091866724,-0.0019145967,-0.00016127103,-0.00030431623,-0.00017000218,-0.0009034776,0.012242714,-0.00037676696,-0.00052397465,-0.00033277032,-0.0008113717,-0.0008423824,-0.00021841157,-0.00085424015,-0.00032948697,-0.0010501602,-0.0004982589
SPP1,-9.1806156e-05,-0.00047940985,-0.0005793397,-0.00088892103,-0.0023498293,-0.00079627946,-0.00042446845,-0.001366505,-9.814941e-05,-0.0012603579,-0.0006437389,-0.0010560586,-0.00010752264,-0.0005303849,-0.0011053658,-9.310995e-05,0.08830088,-9.814934e-05,-0.0005216213,-0.0013742315,-0.00021752386,-0.00030251066,-0.00019212284,-0.00046843372,-0.00048634363,-0.0001260997,-0.0004931839,-0.00019022758,-0.00060630153,-0.00028766412
HERC5,0.0032396931,-0.006908464,0.00072604173,-0.033018243,0.06704766,0.08408452,-0.0060619228,-0.064127766,0.0030015681,0.007781232,0.010266965,-0.061132424,0.013395197,0.0028485537,-0.0017008524,-0.0040520662,-0.004284126,0.0033441077,-0.015641768,-0.003931831,0.025716787,-0.00018434753,0.007934244,-0.037540972,-0.014922413,-0.011398736,-0.0024744908,-0.010459567,-0.0020739925,0.038713753
FAM13A,-0.003199155,-0.033289824,-0.038036384,-0.062133547,0.24243659,-0.005758547,-0.02195845,-0.021573702,-0.00017663182,-0.0008537622,-0.036563616,-0.07666535,-0.006755465,-0.029628387,-0.055806566,-0.0075763697,0.008757375,-0.003413024,-0.02536084,-0.06511838,-0.011840956,-0.003897231,-0.010454057,-0.033971354,0.003300411,-0.0072057378,0.015323801,-0.011072979,-0.020901103,0.009792722
SNCA,0.03913325,-0.02742917,-0.03554339,-0.050336212,0.20522815,-0.00012192743,-0.025455952,-0.08148735,-0.0011628818,-0.0687072,-0.035876017,-0.06086753,-0.0067720492,-0.030885957,-0.064904034,0.087571934,0.07323883,-0.003419177,-0.031800058,-0.0751768,-0.0077678794,-0.0032050274,-0.009532913,0.27164927,-0.02839344,-0.0040159617,0.11270667,-0.009206328,-0.036384653,0.0715433
MMRN1,0.06463829,-0.012130673,-0.013575211,0.0008648072,-0.04027539,-0.0177404,-0.009269761,-0.015327373,0.0037709833,-0.019459903,-0.011354589,-0.025468703,-0.0027206964,-0.012236691,-0.02676265,-0.0023559807,0.1184984,0.010174646,-0.013198774,-0.012572357,0.003000604,0.093050085,-0.004861393,0.3345717,-0.008425024,-0.0031907544,-0.008688687,0.0016770172,-0.0132522965,0.123914294
CCSER1,0.013830316,0.14161488,0.06367113,0.20003346,-0.05555769,-0.020082315,-0.016575616,-0.050002713,-0.0038327922,-0.03385792,-0.023181628,-0.039590493,-0.0041989028,-0.015219693,-0.040771067,-0.0036359997,0.0022975728,0.00035832744,-0.02036939,-0.051318705,-0.006629995,0.0017720559,0.007077146,-0.01652696,-0.018991992,0.18439105,0.26805994,-0.0074285385,-0.022285372,-0.0013592322
HPGDS,-0.0009095217,-0.004749529,-0.0057395087,-0.0069511416,-0.013329687,-0.007888707,-0.0042051286,-0.008393989,0.015013309,-0.00013488828,-0.00387411,-0.0056859744,-0.0010652295,0.0037822218,-0.0094197355,-0.0009224225,0.44542322,0.07903671,-0.005167626,-0.008488687,-0.0021550155,-0.0029969425,-0.0019033528,-0.00464074,-0.0048181685,-0.0012492557,0.011244936,-0.0018845801,-0.0060066455,-0.0028499134
DAPP1,0.022061931,0.08731375,0.07721513,0.098656386,0.33229676,0.0890887,-0.052764777,-0.13371173,0.0066796956,-0.107464656,-0.060722023,-0.1123504,-0.009337578,-0.055488,-0.1305009,-0.007396598,-0.0019034782,-0.008145631,-0.066348225,-0.17580537,-0.026360225,-0.029551784,0.01630435,0.13828865,-0.048902307,0.051588498,0.13462807,-0.021460064,-0.07683039,0.018291518
H2AFZ,0.011130513,-0.03205861,-0.04531051,-0.10219102,0.07044737,0.15093113,0.0003666242,-0.060434017,0.03948298,0.007827484,-0.019047685,-0.061215255,0.038773745,-0.001977151,0.00063969474,-0.016050575,0.008666724,-0.008989632,-0.017455656,0.023105783,0.080608614,-0.012248372,0.01174315,-0.036337424,-0.006311635,0.0150276655,0.029134244,0.0013622338,-0.022457344,0.00056394126
BANK1,0.0034520277,0.35185036,0.4219317,0.59943527,-0.11727632,-0.059923142,-0.033897035,-0.111011244,-0.008760185,-0.10231513,-0.053405467,-0.08672905,-0.0045362893,-0.04105993,-0.08748775,-0.008310365,-0.0064638867,-0.006928614,-0.0396412,-0.10748876,-0.01858412,-0.01968523,0.039691012,0.0023101477,-0.039500855,0.044873536,0.06268084,-0.01601018,-0.04791222,0.014982688
SLC39A8,-0.0057936665,-0.020968547,-0.030240078,-0.015932703,3.2491564e-05,-0.03479893,0.0011396776,-0.018685797,0.019204365,0.05032794,0.037832074,-0.0018110761,0.009775803,0.027143575,-0.0049912822,-0.005875791,0.04258793,-0.00079032,0.013917511,-0.017435245,0.028920515,0.011596965,0.027783021,-0.020151813,-0.012723077,0.007758747,0.007704582,-0.002185383,0.0021389343,0.0022177838
NFKB1,0.010293907,-0.014591156,-0.021318162,-0.04803438,0.2324038,0.030891491,-0.043401495,-0.056894418,0.019831462,-0.020328598,-0.022915814,0.011538651,0.0044636736,0.0023853243,-0.08036919,-0.0049675643,-0.010988743,0.016669618,-0.041008163,-0.10556411,-0.003432927,0.0067669526,-0.002869045,-0.06724432,-0.03553974,0.006025808,0.08126186,0.0004223176,-0.032438714,0.0075746984
CENPE,0.005893855,-0.0048081614,0.002307667,-0.017740224,-0.013288358,0.0901336,0.0020302243,-0.032003533,0.12878686,-0.015645497,-0.011159245,-0.023856644,0.08078438,-0.012813995,0.009975295,0.0011320215,-0.0040173708,-0.003601318,-0.014858831,-0.0059667816,0.1564212,0.001957528,0.060058285,-0.011478711,-0.0014583237,0.002143955,0.0056296345,0.0042649223,-0.003139721,0.017898545
LEF1,-0.012375722,-0.059562217,-0.06746196,-0.1086944,-0.30305454,-0.10326763,-0.042836934,0.43615276,0.019656278,0.16234556,-0.02040237,0.34751076,0.0003072082,0.054774474,-0.056701634,-0.0023629512,-0.022054672,0.003423481,-0.064726025,-0.15432222,-0.020177383,-0.0057817018,-0.01866862,-0.048947137,0.11813655,-0.01854095,-0.06374826,0.05022498,-0.005363914,-0.032447115
PDE5A,0.0030042923,-0.0052461433,-0.0031674348,-0.018806817,-0.018744718,-0.010515196,-0.0024664989,-0.028287878,-0.0029043856,-0.014144454,-0.011463335,-0.020520266,0.0017023027,-0.0035080716,-0.011500407,-0.0027552778,0.00079273595,-0.002904385,-0.014402878,-0.020313246,-0.0015617122,-0.0071928483,-0.0056853425,0.44591054,-0.014391782,-0.0037314836,-0.009189105,-0.0028661424,-0.0063091903,-0.0011640793
MAD2L1,0.004741324,-0.008871668,-0.0009676034,-0.016274402,-0.10097479,-0.025231216,-0.004849057,0.028681016,0.10676808,0.045126103,0.014729861,0.063200176,0.09043255,0.03270475,0.0024623738,0.004588863,0.038088456,0.0010939969,-0.0072089755,-0.031131063,0.14058365,0.0074394583,0.054933403,-0.018187204,0.012995811,-0.004367655,-0.0037595471,0.019058852,0.00037688113,0.030235682
TNIP3,-0.0020958318,-0.009493163,-0.009622283,-0.017043235,-0.0032601955,-0.013728184,0.000116760304,-0.01658042,0.025496736,-0.019790623,-0.0048557394,-0.009508851,0.022891115,0.018146249,0.08201745,-0.0021255733,-0.0040108887,-0.0022406536,0.0028059392,0.0022608682,0.0045113745,-0.006906071,0.0027195055,-0.009198918,-0.0111028105,-0.0028787078,-0.0028315214,-0.00434268,0.015126934,-0.006567129
ANXA5,0.018790446,-0.062315036,-0.0370681,-0.121691115,0.6167333,0.25737804,-0.014597997,-0.25429353,0.024301846,-0.09957079,-0.056077242,-0.19734836,0.01939427,-0.04486659,-0.07666643,-0.013239725,-0.026787901,-0.009342228,-0.042166725,-0.22922066,-0.022518309,-0.049200363,0.009049933,-0.06480392,-0.0634475,0.023379385,0.15056278,-0.025562901,-0.059083614,-0.019294802
TMEM155,-0.00018361847,-0.0009588469,-0.001158695,-0.0017778745,-0.00022378548,-0.001592589,-0.0008489516,-0.0027330897,-0.00019630221,-0.0025207587,-0.0012875209,-0.0021121562,-0.0002150531,-0.001060817,-0.0022108096,-0.0001862245,-0.0003513962,-0.00019630196,-0.0010432636,0.0035835174,-0.0004350584,-0.00060503907,-0.00038425977,-0.00093688985,-0.00097270915,-0.00025220567,-0.0009863832,0.08136857,-0.001212649,-0.0005753508
CCNA2,-0.0028153898,0.008019689,0.010253213,-0.0011406217,-0.035627335,-0.013789087,0.0017024504,-0.009018089,0.15459731,0.004418816,0.004036323,-0.007925448,0.07780855,0.0034684953,0.011432444,-0.002855345,0.011998782,-0.0030098564,-0.0009063182,-0.000432501,0.13340431,0.0027151403,0.047064435,-0.014365297,-0.008430838,0.004175482,0.0057473783,0.010539279,0.0022963758,0.007190517
IL21,-0.00018361832,-0.0009588488,-0.0011587092,-0.0017778643,-0.004699711,-0.0015925979,-0.00084895885,-0.002733026,0.07888451,0.011048985,-0.0012874828,-0.002112213,-0.00021505225,-0.0010607896,-0.0022107419,-0.00018622643,-0.00035138865,-0.00019630375,-0.0010432308,0.003583575,-0.0004350548,-0.000605052,-0.0003842503,-0.0009368858,-0.0009727074,-0.00025221027,-0.0009864096,-0.00038046794,-0.0012126162,-0.0005753348
AC110609.1,NaN,NaN,NaN,NaN,NaN,NaN,NaN,NaN,NaN,NaN,NaN,NaN,NaN,NaN,NaN,NaN,NaN,NaN,NaN,NaN,NaN,NaN,NaN,NaN,NaN,NaN,NaN,NaN,NaN,NaN
SNHG27,NaN,NaN,NaN,NaN,NaN,NaN,NaN,NaN,NaN,NaN,NaN,NaN,NaN,NaN,NaN,NaN,NaN,NaN,NaN,NaN,NaN,NaN,NaN,NaN,NaN,NaN,NaN,NaN,NaN,NaN
SLC7A11,0.009809995,-0.007251684,-0.00694575,-0.0110059185,-0.011204414,-0.0066694627,0.0009580185,-0.019823974,-0.0014846285,-0.019064592,-0.006450263,-0.014928117,-0.0016264367,-0.008022744,-0.014706988,-0.0014084153,-0.0026575904,0.009043412,-0.007890065,-0.016575675,-0.0032903221,-0.004575919,0.08276951,-0.0048630727,-0.0052017593,0.00628465,0.024268668,-0.0028774478,-0.009171171,0.46345964
TBC1D9,0.025981696,0.11989151,0.094377965,0.013185158,0.3690147,0.054244783,-0.04136559,-0.13457912,-0.008551615,-0.124167435,-0.062057305,-0.103755146,-0.011043503,-0.05199396,-0.10642135,-0.0028480547,-0.015361708,-0.010080702,-0.052140042,-0.13253462,-0.021587564,-0.029239113,0.036970023,-0.04207215,-0.04875015,0.03355392,0.12238065,-0.018569889,-0.057244316,0.049094863
LINC02432,-0.001534781,-0.023149684,-0.02815963,-0.043585025,0.15591134,0.3481888,-0.02147387,-0.06716414,-0.0051389523,-0.062413447,-0.032214895,-0.052442234,-0.005629662,-0.02593674,-0.056025,-0.0016103688,-0.009198911,-0.0051389406,-0.026685348,-0.06911618,-0.01138904,-0.015838673,-0.008400966,-0.021812696,-0.024809437,-0.006602272,-0.020269591,-0.009959872,-0.031204555,-0.01399363
GYPB,-0.00046821526,0.010436752,-0.0029546479,0.009859855,-0.010228688,-8.3984334e-05,-0.002164776,-0.0069692256,-0.00050055806,-0.006427766,0.0015705058,-0.002297355,-0.0005483715,-0.0027049677,-0.0026671414,0.35925624,0.051168364,-0.0005005578,-0.0026602608,-0.004525415,-0.0011093868,-0.0015428156,-0.0009798326,-0.002389021,-0.0024803472,-0.00064310344,-0.0025152578,-0.00097014935,-0.0030921486,-0.0014670867
GYPA,-0.00036727506,-0.0019178662,-0.0023176193,-0.0035561044,-0.0071617877,0.0018853123,-0.0016980403,-0.0054666423,-0.00039264324,-0.0016489745,-0.0025753113,-0.00028714162,0.035673402,-0.0021218,-0.0006357324,0.29139176,0.02141391,-0.00039264065,-0.0020866848,-0.0023306997,-0.0008702046,-0.0012102077,-0.0007685726,-0.0018739399,-0.0019456234,-0.00050445885,-0.00197298,-0.000760997,0.004123591,-0.001150775
AC097375.1,0.024247121,-0.006368747,-0.0076962532,-0.010422153,-0.0291882,-0.010578162,-0.0056388075,-0.01719168,-0.0013038685,-0.015718376,-0.008551764,-0.0128412,-0.0014283882,-0.0070458977,-0.012393942,-0.0012369131,-0.0023340147,-0.0013038672,-0.0069294614,-0.016341345,-0.0028897345,0.0037827133,-0.0025522953,-0.0011396761,-0.0064608166,-0.0016751768,-0.006551651,-0.002527093,-0.0040920675,0.63860726
MND1,-0.0014008464,-0.00084868853,-0.0016346752,-0.006318146,-0.01821376,-0.009487206,-0.0016046085,-0.017500248,0.26884267,-0.0049459003,-0.0016737477,-0.009892153,0.13117494,-0.00809307,-0.012874216,0.0095478855,0.020591635,-0.001497656,-0.007959384,-0.010958997,0.26512796,-0.0012159264,0.05014135,-0.0049310033,-0.003150482,0.022319332,0.028148407,0.0024602825,-0.0075234054,-0.0043894467
TLR2,-0.011195385,-0.059775725,-0.07249189,-0.10993685,0.7053559,0.11190793,-0.054022692,-0.17263657,-0.011790652,-0.15974937,-0.08168317,-0.13689406,-0.014569197,-0.06848707,-0.13911156,-0.0022523766,-0.020486344,-0.01181238,-0.067752965,-0.17469431,-0.027707372,-0.03530008,-0.023097573,-0.052190024,-0.063267015,-0.011598053,0.059913788,-0.025775239,-0.07623586,-0.035462633
GUCY1A1,0.024938349,-0.017440453,-0.021075912,-0.016333923,-0.048087906,0.1982784,-0.013350655,-0.04755431,-0.003570544,-0.04394168,-0.022024978,-0.036214337,-0.0039116014,-0.015938278,-0.036784917,-0.0033872211,0.15971905,0.04119601,-0.017281417,0.013030033,0.016102139,0.04144352,-0.002539891,0.12463495,-0.0176927,0.039656006,0.04126246,-0.0069202078,-0.021310251,0.20609254
GUCY1B1,0.008998843,-0.012822615,-0.014019559,-0.02269207,-0.029687999,0.16495395,-0.009782688,-0.037576158,-0.0028580332,-0.033865497,-0.01788521,-0.029103741,-0.0031310662,-0.01337158,-0.027959317,-0.0027112623,0.12050802,-0.002858035,-0.015189311,-0.015252927,0.02101842,-0.0070202956,-0.005594582,0.29039776,-0.013029777,0.004789804,0.014267347,-0.0055393334,-0.01582643,0.0066638594
FAM198B,0.005302208,-0.05335969,-0.06265592,-0.0931036,0.6368662,0.03794804,-0.044684894,-0.14680856,-0.009860902,-0.13730966,-0.06902344,-0.11572398,-0.00966767,-0.05748917,-0.120286666,-0.0060862717,-0.018567787,-0.011266208,-0.057250846,-0.14779536,-0.023491735,-0.031535678,-0.017857341,-0.046824656,-0.05476652,-0.0134141045,0.012591056,-0.020846121,-0.063395284,-0.028504962
C4orf45,-0.00012983223,-0.0006780087,-0.00081931025,-0.0012571361,0.0030070539,-0.001126124,-0.00060028955,-0.0019325387,-0.0001388037,-0.0017824285,-0.00091040344,-0.0014935026,-0.00015206465,-0.00075008173,-0.0015632205,-0.00013167548,-0.0002484697,-0.00013880408,-0.00073769223,-0.0019434583,-0.00030762766,-0.00042782092,-0.00027170096,-0.0006624766,-0.00068778865,-0.00017833551,0.021894522,-0.00026902117,-0.0008574485,-0.0004068189
RAPGEF2,-0.0012341789,-0.02433391,-0.03528999,-0.04396558,0.28490242,0.03874324,-0.018511318,-0.097418435,-0.0004705985,-0.06399204,-0.02665729,-0.07984554,-0.003620136,-0.029961942,-0.03433489,-0.008715053,0.032713745,-0.0033769722,-0.02107227,-0.06724389,-0.0105562955,-0.008756252,0.04152996,-0.029113576,-0.033523574,0.009486973,0.037636563,-0.013712159,-0.02176489,0.010011577
MARCH1,0.0074554808,0.12859772,0.13850808,0.25190508,0.56897426,0.1690605,-0.07188323,-0.23076764,-0.016914265,-0.21272585,-0.10998833,-0.1771456,-0.017916836,-0.087991074,-0.18338768,-0.008632407,-0.027875414,-0.016536212,-0.089876585,-0.22865608,-0.037585635,-0.050630014,-0.031728882,-0.06765597,-0.08194419,0.030924903,0.10156689,-0.03150115,-0.09774677,0.039700963
MFAP3L,-0.0019608536,-0.008697091,-0.0072371033,-0.013812679,-0.010273173,-0.010351449,-0.009066086,-0.022010218,-0.0020962947,-0.017988073,-0.012587764,-0.017373873,-0.002296551,-0.0071300208,-0.018627096,-0.0019886966,-0.003752613,-0.0020962977,-0.0026000566,-0.021602625,-0.0046460913,-0.006461323,-0.004103496,0.41238025,-0.008863172,0.0030727761,-0.006045512,-0.0040629874,-0.008020124,-0.0010595483
HMGB2,-0.0097313775,-0.019715907,-0.022283228,-0.037739087,0.19465339,-0.048774287,0.018236004,-0.0895759,0.041483015,0.014736092,-0.00022558549,-0.10842315,0.04431825,-0.00239281,0.030903582,-0.015610846,0.010199224,-0.01019563,-0.037926152,-0.025851466,0.08403937,-0.01847189,-0.009079467,-0.07840107,0.0011473281,-0.016100835,-0.002037085,0.00041569653,-0.011602864,-0.022613745
HPGD,-0.00520054,-0.021814873,-0.02686704,-0.04154955,-0.08934532,-0.035341978,0.03706875,-0.018042812,-0.002768702,0.011798267,0.0073789055,0.05790484,0.018025002,0.0034404558,0.020607287,-0.0023018047,0.038378436,0.017989187,0.1331771,0.0107786525,0.027074011,-0.006673109,0.025667649,0.039009936,-0.006784889,-0.0049695102,-0.006430716,-0.00027177148,0.07348918,-0.011469793
GLRA3,-0.0005029559,0.039356127,0.086751394,-0.0015204521,-0.0112393,-0.004362346,-0.002325436,-0.007486242,-0.00053769915,-0.0044268137,-0.00352667,-0.005785553,-0.0005890701,-0.0029057257,-0.0060557155,-0.000510092,-0.00096253,-0.00053769915,-0.0028576457,-0.0029020105,-0.0011916986,-0.0016572952,-0.0010525429,-0.0025662866,-0.0026644033,-0.00069082767,-0.0027018976,-0.0010421586,-0.0033216276,-0.001575982
CENPU,-0.0035801325,-0.009257367,-0.012581607,-0.017755982,0.0077963597,0.081534244,0.00210592,-0.035153687,0.13791853,-0.025886364,-0.015286913,-0.027068505,0.12116788,-0.012060298,-0.012222864,-0.0036309792,0.09231862,0.00038267995,-0.013127814,-0.017943716,0.21788003,0.004491399,0.04488642,0.0014532849,-0.012062279,0.0109121585,0.01710058,-0.005287302,-0.009031063,0.029616272
ACSL1,-0.007852054,-0.04237426,-0.04833007,-0.08599243,0.5633192,0.056360874,-0.041842744,-0.13838537,-0.0035504156,-0.12749657,-0.063179195,-0.10780513,-0.010062162,-0.05251219,-0.10202537,-0.00790231,-0.009732051,-0.011597132,-0.054057594,-0.12878332,-0.019436913,-0.024785137,-0.010457719,-0.041324053,-0.050033834,-0.002451044,0.0018861546,-0.020330142,-0.05339788,-0.02289374
MIR3945HG,-0.0032815484,-0.017136201,-0.019137068,-0.031245207,0.200047,0.01872952,-0.015172324,-0.045914248,-0.0035082994,-0.043102965,-0.020160284,-0.035934012,-0.0038433655,-0.018958261,-0.03819956,0.0013912878,-0.003805117,-0.0035082968,-0.018644834,-0.04692108,-0.0077753197,-0.007852827,-0.0045773536,-0.012862716,-0.01738411,-0.0010623891,-0.004995034,-0.0067994813,-0.02167199,-0.0072204946
AC106897.1,-0.0007462059,0.00824427,0.0054031312,-0.0072252722,-0.014689708,-0.00397483,0.0011078415,-0.011107023,-0.0007977588,-0.008571725,-0.0052323807,-0.008583743,-0.00087396294,-0.0006406035,-0.00525241,-0.00075680466,-0.001428068,-0.00079775945,-0.00051039306,-0.009609057,0.0070437593,-0.0024588637,0.44690385,0.00033051358,-0.003953092,-0.0010249589,-0.0040086936,-0.0015461906,-0.0016991665,-0.0023382048
AC116351.2,-0.00050295633,-0.0026264524,-0.003173941,-0.004869902,0.029628426,-0.0043623913,-0.0023253725,-0.0051625622,-0.0005377046,-0.0069048265,-0.0035267083,-0.0029089919,-0.0005890563,-0.0029056822,-0.006055719,-0.0005100927,-0.00096253474,-0.0005377056,-0.0028576911,-0.0052149747,-0.0011917033,-0.0016573231,-0.0010525392,-0.0025663008,-0.0026644466,-0.0006908313,-0.002701908,-0.0010421339,-0.0033216202,0.008325139
BASP1,0.033785757,0.11202346,0.15729415,0.130753,0.39524987,0.06885297,-0.052752014,-0.16521893,-0.0126492595,-0.15389368,-0.07849825,-0.12840016,-0.013857505,-0.06593677,-0.13040373,-0.009130926,0.010587228,-0.0094692325,-0.06401848,-0.1652548,-0.026587931,-0.03662602,0.04893953,-0.04934827,-0.059124064,0.075773425,0.19096386,-0.023887591,-0.0732759,-0.028231593
CDH9,-0.00025968323,-0.0013560344,-0.0016387105,-0.0025144143,-0.0066466006,-0.0022522926,-0.0012006344,-0.0038652879,-0.00027761993,-0.003565036,-0.001820884,0.0025809896,-0.0003041383,-0.0015002632,-0.0031265968,-0.00026337104,0.21848103,-0.0002776201,-0.0014754353,-0.0038871085,-0.0006152842,-0.00085569156,-0.00054343004,-0.0013249859,-0.0013756411,-0.00035668022,-0.0013950235,-0.0005380791,-0.0017149909,-0.0008136843
SUB1,0.02415653,-0.017025702,0.015599776,-0.064319186,-0.08046313,0.010245296,0.050371584,-0.05331702,0.034167722,0.038614236,-0.0062006875,-0.06577555,0.02731029,-0.00066263025,0.07304513,-0.028813869,0.0079063885,0.0041690157,-0.019797485,0.10043047,0.034180336,-0.005269093,0.07724071,-0.06424758,-0.007525098,0.043088026,0.07617792,0.013679486,0.0084837265,0.074264854
NPR3,-0.0010024012,-0.0052345255,-0.0063256593,-0.008022118,-0.017451014,-0.0068362877,-0.0046345927,-0.014920354,-0.0010716507,-0.013761491,-0.0070288344,-0.0071987105,-0.0011740125,-0.005791092,-0.0051209047,-0.0010166235,0.7368703,0.013451425,-0.0056953635,-0.011518789,-0.0023751033,-0.003303026,-0.0020977291,0.0010591064,-0.0053102714,-0.0013768505,-0.005384927,-0.002077043,-0.004214163,0.0018320996
IL7R,-0.018712586,-0.08448103,-0.102205954,-0.15757287,-0.44516903,-0.1520011,0.0850659,0.3188866,-0.003365452,0.38824168,0.2291199,0.22033869,-0.002045116,0.16673733,0.029107416,-0.002011451,-0.038570102,0.029827368,0.19559479,-0.2319286,-0.037437394,0.021124024,-0.037407607,-0.058765538,0.038416512,-0.023821399,-0.096955344,0.005473816,0.07595624,-0.05286867
DAB2,0.07383048,-0.032213304,-0.03991154,-0.060511265,0.031348698,0.003923728,-0.028037073,-0.095776625,-0.0073559736,-0.08939468,-0.04392986,-0.07532109,-0.00805851,-0.03586483,-0.03469071,-0.004749548,0.020201975,-0.007355991,-0.0369316,0.19795841,0.036105793,-0.015962407,-0.014399103,0.22015475,-0.035024352,0.0037912875,0.12436212,-0.011788631,-0.027078465,0.20812659
PTGER4,-0.0039873156,-0.04180315,-0.06097952,-0.064179234,0.14733775,0.11617533,-0.013360181,-0.09682462,0.0008634256,0.009218908,0.022758935,-0.076238155,-0.00083772064,0.0013215484,-0.034178253,-0.008641065,-0.011265681,0.0040448126,0.0021946055,0.014055849,0.0038412865,-0.01184788,-0.019000597,-0.05474486,-0.05042745,0.00021414802,0.051740546,-0.0029668405,-0.0054797023,-0.029288642
SELENOP,-0.0011294545,-0.0032240443,-0.0026677558,0.008494875,-0.012145779,0.005081243,-0.005221989,-0.009554247,-0.0012074672,-0.006657361,-0.0018719613,0.0024010625,-0.0013227983,0.003185146,-0.0049611256,-0.0011454774,0.2355249,-0.0012074716,-0.003950875,-0.00037546412,-0.0026760816,0.0004888293,-0.0023636105,-0.0030203583,-0.0033395991,-0.0015513422,0.0017247207,-0.0023402395,0.003226055,0.000869767
HSPB3,-0.0004207755,-0.0021972863,-0.0026552954,-7.150018e-05,-0.004910063,0.00077531545,-0.0019454652,-0.0062630526,-0.00044983745,-0.0028153514,-0.0029504413,-0.0048402096,-0.0004928093,-0.0024309189,-0.005066241,-0.00042674848,-0.00080526434,-0.00044983748,-0.0023907032,-0.006298441,-0.0009969732,-0.0013864806,-0.0008805639,0.10782101,-0.0022290421,-0.00057795167,-0.0022603874,-0.00087187,-0.002778861,-0.0013184485
SNX18,0.01809111,-0.043945495,-0.0633659,-0.078744195,0.4799341,0.27264622,-0.045109693,-0.15296246,0.007034358,-0.14686827,-0.07647448,-0.1214983,-0.0048260647,-0.05908847,-0.100127205,-0.006001907,-0.01954856,-0.012691008,-0.06688895,-0.10580561,-0.015396952,-0.024570575,-0.0034654741,-0.047280908,-0.058440976,-0.011369984,0.04192424,-0.02366132,-0.06464288,0.034293953
GZMK,-0.0030927018,-0.031388897,-0.037281405,-0.06118221,-0.16348164,-0.05004258,0.0052387724,-0.09772553,0.022248916,-0.04800625,0.23835042,-0.06511189,0.025350496,0.010485335,0.2354274,0.004474555,-0.010451894,-0.005349057,0.35548708,-0.023889266,-0.006198751,0.18788163,-0.009910845,-0.026056783,-0.028380377,-0.0077712014,-0.033660322,0.10475274,0.11510732,-0.016756006
GZMA,-0.014481566,-0.05657714,-0.077939115,-0.12146304,-0.32284862,-0.107890554,0.15466604,-0.18605387,0.0056298017,-0.11472019,0.07902396,-0.13124679,0.03887584,-0.048937704,0.3551204,-0.0072312444,-0.02742862,-0.012993952,0.17477247,0.59029794,0.09460676,0.082887925,-0.020848224,-0.053767957,-0.06894323,-0.015521026,-0.065218724,0.021966595,0.16502818,-0.0384917
PLK2,0.0051744576,-0.0058204457,-0.015475271,-0.017355256,0.13108994,0.032202225,-0.011718047,-0.046746965,-0.0038406532,-0.03501221,-0.018672125,-0.03718674,-0.0042074844,-0.012134706,-0.032414436,-0.0036434801,-0.006875145,0.00036264962,-0.0043843174,-0.03596856,0.00083869096,0.030475406,0.0028449933,-0.01564889,-0.01645597,0.023603804,0.05355814,-0.005264492,-0.020243471,0.0057227216
GAPT,0.037674394,0.09150436,0.0932888,0.16369005,0.37636557,0.16437812,-0.05240602,-0.16726512,-0.011531294,-0.15617049,-0.07974917,-0.12965304,-0.013944496,-0.06612285,-0.13355574,-0.010433484,0.032111723,-0.007849172,-0.06440211,-0.16554353,-0.026170127,-0.035119597,-0.021727389,-0.051018972,-0.06044684,-0.015379177,0.10320214,-0.023988532,-0.07175106,0.1534401
PDE4D,-0.01048745,-0.036110546,0.025794294,-0.06038972,-0.13446909,-0.06869517,0.015405516,-0.062055863,0.0018876322,0.13164319,0.10240622,-0.025832005,0.009337348,0.01978304,0.030052677,-0.007444527,-0.0022458315,0.013007087,0.08711016,0.12241664,0.031038519,-0.0038068385,-0.0070449845,-0.0022656084,-0.04285773,-0.011193483,-0.024635578,-0.0058463616,0.035998624,-0.022994611
DEPDC1B,-0.0013165565,2.0016962e-05,-0.006398672,-0.008890401,-0.019304387,0.004172242,0.0042784144,-0.01514093,0.24176258,-0.012375977,-0.005763319,-0.010733031,0.12954152,0.0007337492,-0.0073601836,-0.0013352332,0.02222115,0.009688962,-0.0053583332,-0.0037285741,0.17210385,-0.00072862685,0.09902199,-0.00437079,-0.006974438,0.0067918464,0.01523505,-0.0027279293,0.0023188817,-0.0041252254
ELOVL7,-0.0016922791,-0.008836901,-0.00770002,-0.016385527,-0.0043912805,-0.010272598,-0.00782421,-0.024495747,-0.0018091769,-0.021754894,-0.011866091,-0.016895857,0.0058513246,-0.008155086,-0.01872481,-0.0017162567,0.035218943,0.006802504,-0.007966491,-0.023262285,-0.0040096375,-0.0055762264,-0.003541423,0.3877331,-0.0036757756,-0.0023243823,0.00304729,-0.0035064581,-0.0068984036,-0.0053025116
CENPK,-0.0049237725,-0.0053394856,-0.0015985416,-0.024459336,-0.13994138,-0.03389758,0.012397903,0.0859726,0.07071744,0.08456297,0.021954942,0.028722381,0.062245127,0.012045018,0.0097599905,-0.0028482568,0.010737989,0.010450774,-0.014379416,-0.0040926137,0.12262988,0.006438065,0.015803972,-0.030333355,0.024382286,-0.0049433648,-0.01514803,0.017595954,0.0011518706,-0.004229069
CCNB1,0.020736657,0.00093108846,0.0069143595,-0.007863536,-0.021186508,0.013353726,-0.0019734967,-0.016161561,0.12963013,-0.0039934604,-0.00057513756,-0.0054784687,0.057514343,-0.000882741,-0.0035190107,-0.0027079983,0.028482094,-0.0028545638,-0.0035288343,-3.0075791e-05,0.06115135,0.0038514265,0.056270868,-0.013624029,-0.0039270017,0.0005671652,0.03303997,0.00015269117,0.003417346,0.017852543
NAIP,0.009040809,-0.042658225,-0.058379266,-0.08745206,0.65258545,-0.03480277,-0.04985375,-0.15780663,-0.006162466,-0.14738502,-0.077748165,-0.11165119,-0.010847583,-0.056147445,-0.119896516,-0.008248779,-0.011120249,-0.01058492,-0.063693576,-0.14558552,-0.011678749,-0.027577309,-0.015410682,-0.06441195,-0.057996843,-0.009934194,0.10639526,-0.020083146,-0.06187845,-0.02542781
CRHBP,-0.0013357452,-0.006975257,-0.00088622357,-0.01293346,0.023188546,0.013567585,-0.0061757495,-0.016365416,-0.0014280077,-0.016464133,-0.007658952,-0.015365201,0.008400209,-0.0077168443,-0.013991181,-0.0013546811,0.41278207,-0.0014280091,-0.005496451,-0.01912049,-0.0031649037,-0.004401378,0.0027697145,-0.006815505,-0.007076084,0.0320567,0.017009085,-0.002767705,-0.008821504,-0.0041853907
DHFR,-0.0012497323,0.014157464,0.022012306,0.00036337064,0.01773852,0.024336811,-0.0128712235,-0.014966904,0.07860009,-0.0104645835,-0.011727293,0.002412513,0.073092796,-0.008782693,-0.033101182,-0.0039294492,0.012240169,-0.0018156944,-0.017077785,-0.02601085,0.13051556,-0.0035435646,0.03291287,-0.022799402,-0.006074703,0.007734898,0.024998212,-0.00018292633,-0.014990104,0.033253577
VCAN,-0.012960799,-0.06393829,-0.077819504,-0.12051765,0.85036796,0.0033800458,-0.059903104,-0.20553043,-0.014951416,-0.1887602,-0.09416714,-0.15994667,-0.012916988,-0.08044893,-0.14643641,-0.0071216226,-0.027740866,-0.014578796,-0.07953819,-0.18758643,-0.029046303,-0.044711564,-0.02568412,-0.04693955,-0.0771173,-0.019908017,0.06407543,-0.023092385,-0.081013635,-0.03904127
MEF2C,0.027158279,0.13328679,0.18293744,0.3487339,0.42965648,0.16848615,-0.070480876,-0.22946379,-0.014446685,-0.21157105,-0.10563898,-0.17812385,-0.019131243,-0.08837375,-0.18187687,-0.0070686117,0.01443132,-0.015102689,-0.08885588,-0.20240624,-0.032203157,-0.036286045,0.06321324,-0.020808266,-0.0798102,0.011529591,0.1459487,-0.029018518,-0.097708546,0.1015845
LUCAT1,-0.0017655715,-0.024005396,-0.029690322,-0.041160434,0.31109315,-0.02642192,-0.021460796,-0.06901966,-0.002349254,-0.062488884,-0.032322854,-0.05394602,-0.0031296127,-0.025136316,-0.053097095,-0.0050255046,-0.009482846,-0.0052973917,-0.026959673,-0.063936606,-0.0103325145,-0.012302285,-0.008823104,-0.021387696,-0.024339983,-0.0068060514,-0.0049731703,-0.008627686,-0.02806563,-0.014497126
MCTP1,0.0057915766,-0.05072593,-0.05974305,-0.091321714,0.500566,0.17277326,-0.045153946,-0.14471437,-0.008586801,-0.13383682,-0.06854401,-0.11383317,-0.008400672,-0.05673105,-0.112973146,-0.0074593555,-0.0033670734,-0.007790429,-0.057991717,-0.14116247,-0.020059628,-0.02902307,-0.01774283,0.017815366,-0.05312631,0.010505758,0.12126774,-0.020023372,-0.06116228,0.013182342
FAM81B,-0.00090486166,0.0019439525,-0.0029321723,-0.0013121428,-0.011347988,-0.007848221,-0.004183664,-0.009593015,-0.0009673871,-0.012422255,-0.0063448832,-0.00721095,0.013591288,-0.0022029348,-0.0062820264,-0.00091769843,0.016226253,-0.0009673871,-0.005141152,-0.013544582,-0.0021439723,-0.0029816218,-0.0018936109,0.20708747,-0.0047935043,-0.0012428662,0.001622381,-0.0018749135,-0.005975805,0.002667406
ELL2,-0.0060071256,0.0047594206,0.012970506,-0.0057293805,0.1325788,0.015003098,-0.011552388,-0.06517666,0.0033923124,-0.035859764,-0.010055518,-0.049677927,0.011055338,-0.014093277,-0.020435879,-0.0034956438,0.0110409735,0.004117719,-0.009661299,-0.024410956,-0.0037042715,0.0009076114,0.17153995,-0.025620688,-0.022551227,-0.004485813,-0.009010182,-0.0057064453,-0.014708283,-0.00078745064
CDO1,-0.0008568744,-0.00094974984,-0.005407371,-0.0082968045,-0.018095305,-0.007432098,-0.003961795,0.0077210166,0.016030103,0.046469823,-0.003351292,0.020551672,-0.001003571,0.0014399767,-0.010317035,-0.0008690508,0.007839583,-0.0009160879,-0.0048685847,-0.01010977,0.005651488,-0.002823518,-0.0017931954,-0.004372171,-0.004539344,-0.0011769558,-0.001179744,-0.0017754995,-0.0056589115,-0.0026849366
LMNB1,0.011725656,-0.027670005,-0.021387134,-0.060642924,0.27792448,-0.017740598,-0.028289974,-0.08175252,0.057748858,-0.07730762,-0.041557614,-0.061087947,0.049216125,-0.03639143,-0.06020416,-0.006620107,0.007504407,-0.0103171505,-0.03450487,-0.04373145,0.09149878,-0.010478723,0.027771711,-0.039136887,-0.028745547,0.027683966,0.111163236,-0.0025394754,-0.025775291,0.010259839
AC068658.1,-0.00012983286,0.022543252,-0.00081931404,-0.0012571352,-0.0033231762,-0.0011261198,-0.0006002898,-0.0019325375,-0.00013880388,-0.0017824259,-0.0009103994,0.009641297,-0.00015206375,-0.00075008423,-0.0015632304,-0.0001316762,-0.00024847052,-0.00013880423,-0.0007376891,-0.0019434593,-0.0003076279,-0.00042782025,-0.00027170338,-0.00066247466,-0.000687794,-0.00017833473,-0.00069747056,-0.00026902262,-0.00085744786,-0.000406821
CSF2,-0.00040022924,0.0054435767,-0.0025256418,0.00033411797,-0.0061369883,-0.0034713803,-0.0018504523,-0.0030382907,-0.00042787567,0.013186467,0.014225938,-0.0046038497,-0.00046875514,-0.002312209,-0.0048189037,-0.00040590388,-0.00076592603,0.07215494,-0.002273966,-0.0001793604,-0.00094829826,0.010517951,-0.00083756825,-0.002042167,-0.0021202057,-0.00054973015,-0.0021500469,-0.00082928146,-0.0026432008,-0.0012540865
IRF1,-0.013672101,-0.055353563,-0.062969916,-0.07555903,0.32189804,0.089220986,-0.0007999326,-0.21461993,0.00085626735,-0.14661744,-0.04610994,-0.19069345,0.005722321,-0.06399118,0.04680228,-0.020288236,-0.020410484,0.006292801,-0.028064013,0.18845071,0.019307107,0.052057616,-0.009577128,-0.10220083,-0.07538599,-0.023471642,-0.020755593,-0.027225202,0.022532616,-0.032677334
TCF7,-0.01640097,-0.07273981,-0.03745437,-0.14138432,-0.38770008,-0.13362542,-0.022027196,0.4036778,0.004621838,0.25360593,0.095691405,0.2811461,-0.0031640674,0.11280699,0.0074372767,-0.003645926,-0.024773233,0.01943645,0.027825095,-0.1694764,-0.025844138,0.060214095,-0.029134972,-0.07021776,0.06124589,-0.020618837,-0.08052888,0.061138295,0.017956499,-0.048823938
H2AFY,0.023117036,-0.060854264,-0.07225542,-0.11008727,0.5772606,0.15891539,-0.05041664,-0.18147527,0.022695271,-0.14041263,-0.0721577,-0.1449653,0.015165924,-0.06688718,-0.13182785,-0.014026938,0.05395383,-0.0027415203,-0.06776801,-0.13100219,0.032532714,-0.016526138,-0.012019678,-0.08693681,-0.056274757,0.045239143,0.15359664,-0.021958226,-0.066291474,0.04798971
CXCL14,-0.00031805332,-0.0016608456,-0.0020070446,-0.0030795082,0.007366442,-0.0027586152,-0.0014705138,-0.0047341697,-0.0003400266,-0.0043664277,-0.0022301397,-0.00365863,-0.00037250097,-0.0018374625,-0.003829474,-0.00032256712,-0.00060866564,-0.0003400266,-0.0018070517,-0.0047608297,-0.0007535861,-0.0010480064,-0.00066560245,-0.0016228558,-0.0016849041,-0.00043685554,0.053632617,-0.0006590255,-0.002100495,-0.0009965848
TGFBI,0.037665196,-0.06722398,-0.081635535,-0.1252451,0.7388655,0.13546145,-0.05928561,-0.19704816,-0.012222499,-0.17951152,-0.08991979,-0.15233071,-0.015447461,-0.07554589,-0.15226357,-0.006800868,-0.026074227,-0.012379431,-0.076087706,-0.19387434,-0.032155838,-0.04296122,-0.027692592,-0.058731105,-0.07042434,0.044054497,0.12142045,-0.028010301,-0.08695337,0.11489461
KIF20A,-0.0006428871,-0.0033571296,-0.0040569003,-0.0009795186,-0.010057048,-0.0055759787,-0.0029723432,-0.009568947,0.24792582,-0.0049458644,-0.0045078034,-0.0051442,0.10238688,-0.003714064,-0.005575903,-0.00065200473,-0.001230308,-0.0006872878,-0.0036527098,-0.0078122197,0.14162113,-0.0021183782,0.044892058,-0.003280288,-0.0034056143,-0.00088303146,0.010244328,-0.0013320748,-0.004245697,-0.0020144212
CDC25C,-0.0006994878,-0.0036527289,-0.0008208944,-0.004361841,-0.008496448,-0.0034033083,-0.0032340526,-0.010411471,0.22769828,-0.007820014,-0.004904743,-0.008046253,0.075049564,-0.004041135,-0.004442319,-0.00070941064,-0.0013386413,-0.00074780046,-0.003974268,-0.005476496,0.20513597,-0.0023048867,0.030413458,0.0008412688,-0.003705527,-0.0009607714,-0.0037576477,-0.0014493578,-0.004619477,-0.0021917834
EGR1,-0.00862025,-0.03760267,-0.047142264,-0.082362294,0.592465,0.05251351,-0.044007484,-0.14603099,-0.005853199,-0.13405904,-0.06757764,-0.11507683,-0.011166914,-0.05589667,-0.11618963,-0.004595767,-0.017640935,-0.010944127,-0.054898318,-0.13600796,-0.0192773,-0.029411493,-0.015991965,-0.04434569,-0.05356153,-0.012055633,0.032582358,-0.020232433,-0.06525182,-0.023239229
MZB1,0.04253619,0.17841707,0.16335917,0.28663805,-0.101677224,-0.03529525,-0.014599889,-0.06303211,0.010285449,-0.056149468,-0.020677533,-0.04757485,0.013705605,-0.017696667,-0.032121588,-0.0055068163,0.06098897,-0.0030009209,-0.01896762,-0.050791163,-0.0017921046,-0.0077911303,0.21984142,-0.023338825,-0.023585752,-0.0074580912,-0.019411176,-0.007011384,-0.012059415,0.3152205
CXXC5,0.02240425,0.15443209,0.17633839,0.1690535,0.08631326,-0.072269045,-0.05455867,-0.17791213,-0.005482635,-0.16229847,-0.082143635,-0.13469924,-0.0065289093,-0.06606994,-0.08929416,-0.010163099,0.045560587,-0.0011526544,0.028920298,0.2181771,0.055516537,0.07317102,0.074436896,-0.054584008,-0.05852838,0.01640779,0.03731199,-0.019305157,-0.018937733,0.12270166
HBEGF,-0.006054722,-0.037731018,-0.04530896,-0.07079365,0.4265917,0.02598013,-0.033637363,-0.11009731,-0.008544689,-0.09356455,-0.04587246,-0.08642902,-0.009360817,-0.044254977,-0.09086387,-0.0022294507,-0.012053022,-0.0064762714,-0.041522723,-0.1109808,-0.017968213,-0.025003958,-0.016725866,-0.034732882,-0.04107133,-0.009567437,0.17109354,-0.01656065,-0.05076968,-0.02113566
CD14,-0.01172549,-0.068896785,-0.08390478,-0.12969388,0.89364165,-0.011225038,-0.06139672,-0.20314905,-0.011251572,-0.18541625,-0.0930467,-0.1579585,-0.0140062235,-0.07864194,-0.15764828,-0.004101256,-0.02825359,-0.01664709,-0.07870091,-0.1978426,-0.030747492,-0.042799134,-0.025186477,-0.055393226,-0.07537666,-0.017209923,0.005061623,-0.029629914,-0.08749778,-0.040895037
PCDHB15,-0.00015901454,-0.00083038106,-0.0010034728,0.009050449,-0.0040700436,-0.0013792261,-0.0007352203,0.0049769497,-0.00017000247,-0.0021830385,-0.0011149847,-0.0018291608,-0.00018623717,-0.00091867417,-0.0019145521,-0.00016127391,0.05077609,-0.00017000247,-0.0009034828,-0.0023802244,-0.00037677342,-0.0005239703,-0.0003327704,-0.0008113604,-0.0008424106,-0.00021841684,-0.000854221,-0.00032948083,-0.0010501674,-0.0004982714
DPYSL3,-0.00046821326,-0.002445037,-0.0029546537,-0.0045335633,-0.0032042302,0.0038926282,-0.0021647732,-0.0044735353,-0.0005005566,-0.006427753,0.0015716113,-0.005385881,-0.00054836954,0.0031388933,-0.005637389,-0.0004748517,0.25941625,-0.00050055736,-0.0026602668,-0.0070086163,-0.0011093875,-0.0015428154,-0.000979831,-0.0023890205,-0.0024803432,-0.0006431024,-0.0025152604,-0.00097014406,0.0020472961,-0.0014670932
SPINK13,-0.00018361848,-0.00095884845,0.012520722,-0.0017778705,-0.00022394232,-0.0015925874,-0.0008489519,-0.0027331014,-0.00019630246,0.004264099,-0.0012875248,-0.002112155,-0.00021505334,-0.0010608236,-0.0022108168,-0.00018622496,-0.00035139706,-0.00019630214,-0.0010432651,-0.0027484703,-0.00043505704,-0.0006050392,-0.00038426093,-0.00093688857,0.015221114,-0.00025220582,-0.0009863799,-0.00038046655,-0.0012126548,-0.0005753534
CSF1R,0.010504188,-0.058069687,-0.069712415,-0.10870383,0.52720463,0.40434757,-0.05224427,-0.16795552,-0.008174801,-0.1570127,-0.079355165,-0.13075562,-0.014144902,-0.06604122,-0.13473469,-0.00411522,-0.019452468,-0.009806937,-0.06573166,-0.16653824,-0.024728313,-0.036906827,-0.022798404,-0.05145269,-0.060770407,-0.016588438,0.13193154,-0.023275211,-0.07158654,-0.015202914
CD74,0.036782704,0.17233394,0.20732062,0.3437342,0.49244052,0.17372184,-0.06830535,-0.31320384,-0.0074802544,-0.26033637,-0.113830805,-0.24130538,-0.008041094,-0.114747226,-0.13207425,-0.018352086,0.010267753,-0.0109408945,-0.083308086,-0.17646623,-0.02637473,-0.008258468,0.013424741,-0.08087841,-0.10498915,0.055721387,0.20510454,-0.018296037,-0.07781956,0.10775889
TNIP1,-0.0028707725,0.0059277983,0.004756634,-0.0327767,0.27399266,0.053125028,-0.029529085,-0.13101025,0.01368651,-0.048860423,-0.018221576,-0.097275466,0.00020901904,-0.021883432,-0.042771213,-0.007757343,-0.0034647528,3.284968e-05,-0.025643412,-0.041958258,0.0010400392,-0.011433375,0.013051431,-0.054026335,-0.030305175,0.0025712468,0.034551077,-0.0010791242,-0.030767806,0.012461767
SPARC,0.003445919,-0.016282918,-0.019805973,-0.034482084,0.069216445,-0.005192384,-0.016530275,-0.053547405,-0.004409831,-0.04734208,-0.02327513,-0.043145906,-0.0048310063,-0.023829812,-0.040648505,-0.00042703364,0.03604232,-0.004409832,-0.019965863,-0.04925926,-0.009773276,-0.010042755,-0.0014097677,0.58093446,-0.01887463,-0.0029247967,-0.014268579,-0.006674789,-0.019443702,0.004249659
FAXDC2,-0.0025100543,-0.011891531,-0.01381634,-0.020229667,0.024081592,0.00580227,-0.011605333,-0.034536686,-0.0026834502,-0.029443681,-0.015770998,-0.021900509,0.0076958966,-0.012300363,-0.022934102,0.02798928,0.008215084,-0.002683452,-0.012019167,-0.032885008,-0.0059473654,-0.004457287,-0.0022622547,0.37739816,-0.012098547,0.005563252,0.026332352,-0.0052010035,-0.015608194,0.00012650255
TIMD4,-0.0014890162,-0.0057494147,-0.0043243035,-0.014417687,-0.033139303,-0.010410932,0.0022805869,0.013287674,0.027672572,-0.0002994222,0.006407169,0.016972689,0.051811166,0.015381734,0.011156972,-0.0015101461,-0.0028496007,-0.0015919191,-0.004707059,-0.0073704747,0.0053144693,0.001476577,0.07685663,-0.005510061,0.020231353,-0.0020452326,-0.0040565603,0.07290669,-0.0065874476,-0.004665696
EBF1,-0.00434645,0.2695655,0.32562438,0.3686271,-0.10167643,-0.036400676,-0.019266335,-0.060838137,-0.00464675,-0.054679196,-0.0293868,-0.045951415,-0.0050905757,-0.023128655,-0.049690697,-0.004408189,-0.008318022,-0.0046467525,-0.024695497,-0.06227565,-0.010298614,-0.014322199,0.011452567,-0.019939983,-0.022317711,-0.0059700864,-0.021291854,-0.009006151,-0.025298884,-0.012470542
IL12B,-0.0008008091,0.0033547876,0.0075036767,-0.0077539417,0.022652091,0.027971823,-0.0037025874,-0.010459144,-0.0008561428,-0.010993875,6.327532e-05,-0.0074046394,-0.0009379105,-0.0046265125,-0.006164244,-0.0008121725,-0.001532556,-0.000856142,-0.0045500337,-0.011987192,-0.0018974317,-0.0026387847,-0.0016758776,-0.00022679202,-0.004242316,-0.0010999622,0.014036067,-0.0016593172,-0.002280765,-0.0025092496
PTTG1,0.017725399,0.0012894496,0.009234675,-0.016558541,-0.069009334,0.015776573,0.025117202,-0.046400864,0.10287658,0.023104342,-0.0019730567,-0.022752691,0.07361489,0.0024586478,0.058464166,-0.002734735,0.02105585,-0.005882621,-0.02148729,-0.00028240547,0.09195878,-0.008189899,0.08957848,-0.018315963,0.028600886,0.03798633,0.06828085,0.018625148,0.0029458138,0.01242895
HMMR,-0.0019056178,0.01236058,0.009201508,-0.0033037167,-0.016721275,0.010938806,-0.008810521,-0.01972176,0.22856478,-0.018260263,-0.009753416,-0.01580215,0.14488977,-0.009565151,-0.011901215,-0.0019326694,0.013448028,-0.0020372386,-0.0093558645,-0.009429988,0.27700895,0.0062443754,0.1329,-0.009723194,-0.006954271,0.009281602,0.0036388156,-0.0039485125,-0.010036883,0.001926522
FOXI1,-0.00015901508,-0.0008303545,-0.0010034578,-0.0015397224,-0.004070164,-0.0013792226,-0.00073520216,-0.0023668637,-0.00017000236,-0.0021830078,-0.0011150297,-0.0018291204,-0.00018624174,-0.0009186535,0.006826696,-0.00016126991,-0.00030431434,-0.0001700017,-0.0009034596,0.0049312823,-0.0003767607,-0.00052396505,-0.00033276537,-0.0008113941,0.01785569,-0.0002184079,-0.00085425645,-0.00032948138,-0.0010501512,-0.00049826375
DUSP1,-0.012328651,-0.004675534,-0.02955043,0.019298907,0.69695824,0.19040401,-0.07246193,-0.2911476,-0.016203368,-0.15325008,-0.05062738,-0.21871525,-0.02244545,-0.069921345,-0.15600973,-0.012604555,-0.0131342,0.011405895,0.02850854,-0.17619236,-0.037502743,0.004007753,-0.03987766,-0.07679758,-0.092065975,0.0014174664,0.033380143,-0.035212297,-0.061582036,-0.059340447
HRH2,0.012995079,-0.059857305,-0.07122597,-0.10834001,0.5053711,0.21577926,-0.05292974,-0.105980724,-0.010317705,-0.1167206,-0.07069848,-0.076663956,-0.009098773,-0.051771704,-0.13042428,-0.0049297903,-0.020041456,-0.01275598,-0.06352123,-0.17050064,-0.027008066,-0.03682495,-0.024355082,-0.053108204,-0.041300315,0.0047090566,0.07676891,-0.020338066,-0.07159504,0.022974854
SNCB,-9.1806105e-05,-0.0004794045,-0.0005793349,0.01745223,-0.0023498219,-0.0007962884,-0.00042447285,-0.0013665215,-9.815076e-05,-0.0012603716,-0.00064373657,-0.0010560667,-0.0001075238,-0.0005303801,-0.0011053536,-9.310926e-05,-0.00017568946,-9.81507e-05,-0.0005216328,-0.0013742517,-0.00021752383,-0.00030250615,-0.00019212301,-0.00046843043,-0.00048634637,-0.0001260991,-0.0004931823,-0.00019022763,-0.00060630054,-0.00028766092
PRELID1,0.01668246,-0.05134057,-0.05760606,-0.12903044,0.41923958,0.2504497,-0.030004323,-0.21353124,0.0053289733,-0.16168547,-0.07732972,-0.15673079,0.0077405535,-0.060232412,-0.046939805,-0.01827071,-0.025227416,0.0006050447,-0.056448568,0.049657963,0.008074603,0.001699275,0.00943985,-0.09089558,-0.068548135,0.008408305,0.12217703,-0.021897355,-0.03860574,-0.011033879
RUFY1,0.013377275,0.0034431047,-0.0018658924,-0.015550487,0.17213017,0.06868471,-0.028413488,-0.10435534,0.009414787,-0.07459823,-0.037775118,-0.06752861,0.005694579,-0.032285366,-0.044012584,-0.009133661,0.013083939,-0.009709606,-0.033442236,-0.049133506,0.008215928,-0.008346253,0.0107486,0.20744231,-0.04269264,0.024000052,0.08315169,-0.0058046873,-0.024761077,0.028355852
RNF130,0.027717024,-0.062187415,-0.08558077,-0.1277158,0.7247502,0.17843612,-0.062451344,-0.21425566,-0.012714931,-0.19552492,-0.09748617,-0.15981036,-0.017710792,-0.075707145,-0.14951329,-0.010017988,0.041603386,-0.0069209924,-0.07536419,-0.16623676,-0.02284501,-0.034669023,-0.025979845,-0.06494185,-0.08255143,-0.018895805,0.15399426,-0.02917288,-0.07822009,0.07790499
SCGB3A1,-0.004189531,-0.018909708,-0.02336917,-0.037630975,-0.08001623,0.17163636,-0.01937033,0.029532067,-0.004478942,0.013753053,-0.009594022,0.077943884,-0.004906734,0.013723989,-0.01822477,-0.0042489637,-0.008017608,-0.004478933,0.041179128,-0.05781009,-0.008280445,-0.013804938,-0.0069768787,-0.019127106,0.01111125,-0.0003415987,0.052110106,0.019400962,-0.0043467297,-0.013127393
BTNL9,-0.0019389587,0.0508651,0.3529859,0.061725855,-0.04665465,-0.014896149,-0.008964768,-0.024609892,-0.002072874,-0.025323082,-0.0135958325,-0.021557331,-0.0022708818,-0.0112018,-0.021174982,-0.0019664539,-0.0037106134,-0.0020728773,-0.0095747765,-0.027206054,-0.004594073,-0.006389001,-0.004057623,-0.008281318,-0.010271598,-0.0026632384,-0.005860395,-0.004017617,-0.011554878,-0.0035071785
IRF4,0.08832336,0.045220952,0.036543474,0.07126233,-0.029941564,-0.022682972,-0.017034533,-0.03779246,0.04290815,-0.05007274,-0.027930748,-0.050255362,0.024226673,-0.01602131,0.0045266836,-0.003075928,-0.009402349,-0.0033382138,-0.029983882,-0.008853788,0.012986223,-0.012768219,0.14048347,-0.02215639,-0.014600458,-0.007882262,0.18124174,0.005049512,-0.0134698,0.2551196
SERPINB1,0.001954913,-0.054478083,-0.07175445,-0.12353397,0.52426916,0.055290967,-0.03253804,-0.20022999,-0.003790198,-0.1645552,-0.081580766,-0.15503359,0.002181209,-0.07314365,-0.064475395,-0.014837654,0.06008023,-0.009482179,-0.083703324,0.041521847,0.007977059,-0.009890973,-0.040976707,0.012034706,-0.077725284,0.016714135,0.067810304,-0.03039387,-0.039644964,-0.024875076
SERPINB9,0.00216998,-0.02917884,-0.039823387,-0.042055596,0.24047156,0.05139598,-0.02307566,-0.10871686,0.004140414,-0.08198038,-0.038180195,-0.058076683,0.0027767445,-0.025403818,0.020859644,-0.009573667,-0.010689481,-0.014499255,-0.026273644,-0.0071964306,0.0064131613,-0.0042284327,-0.01768532,-0.04788939,-0.029207515,0.03039422,-0.015681928,-0.019835318,-6.431133e-05,-0.0089161275
AL133351.1,-0.0008618035,-0.004500342,-0.0025212592,-0.006387623,-0.00011327499,-0.0074747275,-0.00398454,-0.007400063,-0.00092133315,-0.0074906573,-0.00340429,-0.0015172501,-0.0010093359,-0.0018040845,-0.008760845,-0.0008740327,0.026642345,-0.00092133,-0.0048965346,-0.008847011,-0.0020419222,-0.002839706,0.0068193646,0.1390132,-0.004565441,-0.0011837097,-0.0012255899,-0.0017856928,-0.005691434,-0.0027003463
AL445309.1,-0.00022489262,-0.0011743663,-0.001419141,0.0053110733,0.0015529104,-0.0019505472,-0.0010397529,0.0018457756,-0.00024042101,-0.0030874063,-0.0015768962,-0.0025869044,-0.00026338105,-0.0012992423,0.009654789,-0.00022808141,-0.00043037537,-0.0002404211,-0.0012777639,-0.0033662117,-0.00053285947,-0.0007410432,-0.00047061977,-0.0011474446,-0.0011913528,-0.00030889706,-0.0012081044,-0.00046597602,-0.0014852057,-0.00070467254
PXDC1,-0.00188984,0.014264414,0.10197859,-0.00575602,0.00624417,-0.0015441169,-0.0069217477,-0.026259698,-0.0020204065,-0.023950424,-0.008400856,-0.020968292,-0.002213407,-0.010918149,-0.019781953,-0.0019166893,0.013662482,-0.0020204077,-0.009253451,-0.02642604,-0.004477836,-0.0062272465,0.00784357,0.06627082,-0.010011582,0.015373888,0.13177457,-0.0039158813,-0.012480912,-0.005921658
F13A1,-0.0079800235,-0.04698547,-0.05646145,-0.0833978,0.49844712,-0.05657465,-0.04226953,-0.13584997,-0.0059439735,-0.1255836,-0.0637703,-0.10647602,-0.008731151,-0.054550875,-0.103878774,-0.004870948,-0.016976789,-0.0068413345,-0.051007662,-0.13117786,-0.020159818,-0.027640892,-0.015909998,0.2718298,-0.049959477,-0.01227039,0.12291424,-0.020245332,-0.05858743,-0.004556073
LY86,0.015065579,0.075985186,0.12451728,0.09926144,0.6082414,0.09255569,-0.06563749,-0.20825487,-0.012580933,-0.19523707,-0.10022361,-0.15627758,-0.016972926,-0.082587145,-0.1686374,-0.008014126,-0.026568454,-0.015213597,-0.08261636,-0.20983921,-0.03283172,-0.04763573,-0.02058298,-0.06219515,-0.07640881,0.047112763,0.1757731,-0.029527593,-0.09108151,-0.038415533
DSP,-0.002182004,0.041485794,0.02214012,0.3363857,-0.049431905,-0.01636444,-0.0100884745,-0.031940386,-0.002332706,-0.029380416,-0.015299965,-0.024428409,-0.002555526,-0.012605856,-0.025623852,-0.0022129528,-0.004175733,-0.0023327079,-0.012397433,-0.031049151,-0.005169991,-0.0071899244,-0.0011596411,-0.009710159,-0.010173659,-0.0029970321,-0.010377355,-0.0045211767,-0.013291486,-0.006836999
TXNDC5,0.0035106638,0.0044041565,0.026320154,0.016308367,-0.00062181836,-0.009912841,-0.0065080393,-0.023927702,-0.0027470326,-0.018544802,-0.010815815,-0.019851828,0.0073228176,-0.007287998,-0.017740117,-0.0026059742,0.02052818,-0.002747035,-0.0024811865,-0.025095232,0.0016573633,-0.004743294,0.41485727,-0.009434023,-0.008899961,0.0052769757,0.017096283,-0.005324179,-0.010294033,0.12474845
TMEM170B,0.0011453434,-0.045919377,-0.061298598,-0.09317656,0.59805274,0.066850945,-0.047321573,-0.1461761,-0.0071474845,-0.13856468,-0.070027284,-0.113366425,-0.012783671,-0.05621739,-0.11997465,-0.006777956,-0.011989048,-0.011669196,-0.056402266,-0.14626509,-0.021108903,-0.02995721,-0.020033848,-0.04254011,-0.054984663,-0.012895531,0.05632492,-0.02101762,-0.065418325,0.022562249
ADTRP,-0.005034364,-0.022032352,-0.028711548,-0.045303907,-0.11515433,-0.03510787,-0.020473761,0.35418817,-0.002467472,0.07119396,-0.023127437,-0.016735125,-0.0058962866,-0.022914786,-0.054558028,-0.0020194163,-0.008020889,-0.0053821504,-0.018770788,-0.07150565,-0.01192837,-0.015607884,-0.007585051,-0.02440448,0.08210324,-0.00691487,-0.02412026,0.0021679713,-0.030251805,-0.010824213
PHACTR1,0.048926707,0.051727932,-0.001408819,0.12715562,0.34995824,0.036398284,-0.042543534,-0.13757053,-0.0053180936,-0.12859774,-0.06660277,-0.10508112,-0.010702618,-0.054490365,-0.11075957,-0.0074315923,0.01918133,-0.009232539,-0.05558325,-0.13941754,-0.022855693,-0.03092537,-0.0063765543,-0.046847,-0.05042673,0.019514391,0.21543321,-0.019533008,-0.060647584,0.14978682
CD83,-0.0053668153,0.05020574,0.009209992,0.12672813,0.47611228,0.118665226,-0.043933924,-0.17140962,-0.0063760835,-0.1511093,-0.07663863,-0.13262087,-0.010263858,-0.064197,-0.123360924,-0.010503554,-0.021975355,-0.0075721396,-0.058551718,-0.15653439,-0.018705133,-0.027556567,-0.022255572,-0.04941713,-0.058355156,0.030029409,0.058924686,-0.024246797,-0.069383,-0.010267766
GMPR,-0.003560421,-0.016005533,-0.021023009,-0.03155488,0.05422886,0.05385323,-0.011556108,-0.049621895,0.00027301486,-0.043133672,-0.02234142,-0.034710515,-0.00044295925,-0.017414164,-0.036847662,0.08353558,0.06280799,-0.0038063524,-0.017824361,-0.04320819,-0.008435896,-0.0076539423,-0.0011898808,0.380531,-0.015428195,0.020665176,0.0041006333,-0.007377252,-0.020043785,0.032772817
RBM24,-0.0010023989,-0.0052345106,-0.006325663,-0.008024061,-0.022375135,-0.008694346,0.0021533584,-0.01258909,-0.0010716501,-0.008785278,0.015675435,-0.011530801,-0.0011740135,-0.0030623062,-0.009287963,-0.001016622,-0.0019183448,-0.0010716502,0.2414657,-0.012678434,-0.0023751028,-0.0033030298,0.005316346,-0.005114659,-0.0053102802,-0.0013768508,-0.0053849244,-0.0020770365,-0.004220641,-0.003140927
RNF144B,-0.00405505,-0.0301365,-0.049551103,-0.0764729,0.51433855,0.2241043,-0.0471824,-0.14602895,-0.012117189,-0.13907355,-0.06934028,-0.11478168,-0.0132746445,-0.05919007,-0.11977635,-0.008429402,-0.007362032,-0.010664674,-0.05616986,-0.14926712,-0.023548685,-0.03262853,-0.019130263,-0.042805765,-0.055082466,0.0019509955,0.06652748,-0.018699571,-0.06513563,0.011704878
MIR548A1HG,-0.00020528946,-0.0010720284,-0.0012954858,-0.0019877306,0.0027527972,0.007288614,-0.0009491688,0.0026331437,-0.00021947455,-0.0028182557,-0.0014394692,-0.002361472,-0.00024043077,-0.0011860348,-0.0024717888,-0.00020820872,-0.00039287438,-0.00021947481,-0.0011663905,-0.0030730097,-0.00048642236,-0.00067644444,-0.0004296218,-0.0010474811,-0.0010875127,-0.00028197936,-0.0011028195,-0.00042537804,-0.0013557854,0.023604382
SOX4,0.046708066,-0.033039317,-0.044409413,-0.027163293,0.3921119,0.1034167,-0.048411105,-0.08991495,-0.0015381826,-0.14500889,-0.07231689,-0.08271537,-0.010820338,-0.058275376,-0.11171821,-0.0072100707,0.10709983,0.016113842,-0.055980895,-0.10729551,-0.005085628,0.021565977,-0.011060289,-0.034805518,-0.05292597,0.037262976,0.073295765,-0.01841486,-0.045069072,0.13317965
PRL,-0.0006022041,-0.0031447003,-0.0038002254,-0.005830883,0.009162502,-0.002131363,-0.0027843348,-0.0050832876,-0.00064381975,-0.008267371,-0.0042226226,0.04593006,-0.0007053035,-0.0034791527,-0.007250813,-0.0006107592,-0.001152485,-0.0006438187,-0.0034215844,-0.009014377,-0.0014268853,-0.0019843543,-0.0012602424,-0.003072725,-0.003190246,-0.0008271571,-0.003235081,-0.0012478015,-0.0039770897,-0.0018869641
GMNN,-0.0042054895,-0.00071950885,0.0036752825,-0.01831217,0.0005604181,0.0210926,-0.0008852205,-0.028968763,0.11679307,-0.021720236,-0.00861344,-0.018447861,0.08305027,-0.009410641,-0.0036118098,-0.00059487816,0.029221263,-0.0044960645,-0.01141037,0.008943308,0.1515468,-0.0056631607,0.06454032,-0.01530953,-0.013366862,0.013070289,0.05193217,0.004239939,-0.0026810402,0.0121945245
HIST1H1A,0.0056383545,-0.0061132023,-0.0065785698,-0.01460598,-0.04294447,-0.014826085,0.010917249,-0.0023139822,0.055225346,0.02846344,0.021910135,0.00036731415,0.03043295,0.010027402,0.005376283,-0.0020561076,0.00013750004,-0.0021673883,-0.0004570782,0.020092193,0.057034634,0.01927154,0.0067539206,-0.008800919,-0.0077762506,-0.0027846226,0.0021374766,0.0069510057,-0.0050203353,0.0059377803
HIST1H3B,-0.0014602103,-0.005556919,-0.0023062483,-0.010665177,-0.028356235,-0.008836408,-0.002076295,-0.011297069,0.23775938,-0.0072083315,0.0006878533,-0.0058753816,0.08028052,-0.006555792,-0.00037397997,-0.0014809443,0.013931159,-0.0015610934,-0.0025657131,-0.0002515739,0.23628128,-0.004811603,0.083671056,0.0031771455,-0.0036479076,0.005740685,0.00019821628,0.0021165437,0.0052329544,-0.0045754244
HIST1H1C,0.0071318513,0.0243303,-0.0046389825,0.07285402,-0.13216235,-0.025672674,0.0043127676,-0.051172458,0.026975013,0.008433929,0.018391298,-0.07119515,0.018731853,-0.0034085093,0.056553937,-0.015651487,0.012508459,0.0017380364,0.025152033,0.13072252,0.0516548,0.01898529,0.01998954,0.032030847,-0.036158532,0.010868494,0.0029220446,0.0043354305,0.026552562,0.051653188
HIST1H4C,0.0025611091,0.048521604,0.038574543,0.071107365,-0.23386815,-0.097871676,0.0010302226,0.054434128,0.03892,0.026283663,0.031193512,0.02229618,0.025638822,0.011690426,0.043604415,-0.015707608,0.026104506,0.0031112095,0.028119255,0.106511995,0.058455013,0.03424266,0.010465826,-0.0529584,-0.022752889,0.012818782,0.014480111,-0.005815726,0.034183387,0.047251653
HIST1H1T,-0.00012983556,-0.0006779962,-0.00081931014,-0.0012571206,-0.003323178,0.013213616,-0.0006002831,-0.0019325406,-0.00013880258,-0.0017824246,-0.0009103982,-0.0014934939,-0.00015206162,-0.0007500799,-0.0015632604,-0.00013167779,-0.0002484728,-0.00013880231,-0.0007376845,0.0070111877,-0.0003076253,-0.00042782002,-0.00027170818,-0.0006624685,-0.00068780617,-0.00017833187,-0.0006974638,-0.0002690266,-0.0008574477,-0.00040681838
HIST1H2AC,0.004792118,0.013749478,0.0087516485,0.038294178,-0.04447549,0.040650267,-0.00368472,-0.03580815,0.015834993,-0.02008797,-0.006069732,-0.0337322,0.009624762,-0.010542064,-0.02505493,-0.0061043836,0.026412044,-0.0022572735,-0.024572281,0.0060144756,0.026305564,0.010865432,0.013057842,0.27314144,-0.023820298,0.014391329,0.008754558,-0.005094192,-0.014012259,0.04841973
HIST1H1E,0.0030457415,0.019366108,0.017867679,0.041170374,-0.11932553,-0.02773594,0.019040002,-0.07343425,0.019673022,-0.019835636,0.028281558,-0.07515556,0.019804358,-0.0024589086,0.106112495,-0.021567611,-0.009113534,0.0058137598,0.016994085,0.1735436,0.03277634,0.03316874,-0.003897066,-0.068062685,-0.044128492,0.0030917015,0.0050667585,-0.014087234,0.059133187,0.019039225
HIST1H2BG,-0.002505306,0.007974211,0.01765095,0.022794103,-0.07388132,-0.011902197,0.005296781,-0.0038998048,0.015432092,0.007730889,0.0034997019,0.00064428395,0.010776898,0.0032478117,0.018142601,-0.002709514,0.05409838,-5.3464217e-05,-0.0012294985,0.002532733,0.0091190245,-0.0006453758,0.021949228,0.061774336,0.010694059,0.011220926,0.002157585,0.009304364,0.011115966,0.03519466
HIST1H2AE,-0.0039102957,0.009501481,0.0054444354,0.0012683367,-0.03544128,-0.0021293694,-0.003653257,-0.025332203,0.055591367,-0.012178901,0.0018467131,-0.0097443005,0.015868744,-0.0032426827,0.00038025496,-0.003965833,0.024047874,-0.00039978325,0.0049629514,0.016115688,0.042259254,0.0059084445,0.012809261,0.12005966,-0.012808847,0.00043970728,0.008376768,-0.002208743,0.006032292,0.026593113
HIST1H1D,0.011575162,0.02214582,0.0061460687,0.05378101,-0.18136783,-0.07139349,0.0105272755,0.007606011,0.02909919,0.014044172,0.022612767,-0.019526137,0.023582384,0.0054347077,0.07044693,-0.016363753,0.0037856596,-0.0024957003,0.00024811632,0.1571455,0.04275737,0.022594847,0.0014492222,-0.056477852,-0.038208283,0.013355837,0.004267293,-0.0055544917,0.03795014,0.051243406
HIST1H3F,-0.0015478242,-0.00025458925,0.0065259803,-0.0029600975,-0.016201278,-0.002586379,-0.0005355816,-0.020008506,0.16782595,-0.01478067,-0.010853204,-0.013116941,0.07540748,-0.0036240825,-0.0005727015,-0.0015697681,-0.0029620787,-0.0016547551,-0.0051870975,0.026701692,0.18412894,-0.0020315186,0.035238475,-0.007897532,-0.008199509,-0.002125982,0.0030686017,0.0016516246,-0.00085201766,-0.0016300898
HIST1H2BH,0.011477984,0.0062757116,0.004559853,-0.0029594684,-0.03027303,0.005866872,-0.003877363,-0.027731309,0.10234676,-0.016819272,-0.011500596,-0.021052856,0.046592753,-0.0018598232,0.0012298151,-0.0032390107,0.022171976,0.0012718629,-0.01105635,0.02911134,0.11863448,0.0076544886,0.07525135,0.05352334,-0.011178473,0.009791309,0.016980123,0.0077328505,0.0020625594,0.012148952
HIST1H3G,-0.0013671231,-0.00050877826,-0.0049437964,-0.0045820265,-0.017523646,-0.0036752194,-0.0013381169,-0.011781069,0.2328242,-0.009620255,-0.006244748,-0.010426354,0.06648281,-0.0038827767,-0.004202615,-0.001386538,0.0033266898,-0.0014615832,0.00038979456,0.0008959231,0.19941758,-0.0010229169,0.073410295,0.0043747695,-0.0050568376,-0.0018778152,0.0076879743,-0.0028327438,-0.0055020633,-0.004283731
HIST1H4H,0.0032457989,0.008461223,-0.0036637567,0.016596515,-0.010758726,-0.0026364392,-0.004160678,-0.009784928,0.05531067,-0.017923892,0.0020003612,0.002629516,0.011277356,-0.0066363723,-0.002724822,-0.0042533013,0.0017580912,0.0027481057,-0.0017632478,0.0002692905,0.056402665,0.0025663502,0.059018694,0.026132235,-0.01481839,0.0023527425,0.0006902452,0.006158604,-0.0020224552,0.016944991
BTN1A1,-0.00044983876,0.031173036,0.064190835,-0.00435563,-0.009685611,-0.003901571,-0.0020797988,-0.006695653,-0.0004809111,-0.0061755097,0.0018981424,-0.0051744683,-0.00052684365,-0.002598822,-0.005416171,-0.0004562204,-0.00086087454,-0.00048091193,-0.0025558155,-0.0067335437,-0.0010658429,-0.0014822776,0.081668586,-0.002295257,-0.0023830093,-0.0006178723,-0.0024165057,-0.0009320773,-0.0029708145,-0.0014095152
HIST1H2BJ,-0.0030710031,-0.00417461,-0.0036898837,-0.00085368,-0.03517066,-0.011389767,-0.007459641,-0.023378797,0.034627747,-0.010084942,-0.013276141,-0.017240895,0.013718734,-0.008731535,-0.020920547,-0.0031145648,0.0020867367,-0.0032832162,-0.010098917,-0.020973964,0.05322278,-0.00856851,0.022671556,0.4217664,-0.010368253,-0.0005355944,-0.013630356,-0.00143938,-0.011567809,0.021327114
HIST1H2AH,-0.003544258,0.021192402,0.0130271185,0.019339997,-0.059334844,-0.010106007,0.0043621827,-0.02913179,0.10049378,-0.014146131,0.006048215,-0.013292124,0.06044378,-0.0031831234,0.0134467995,-0.0035945522,0.03700407,-0.0037890985,-0.007237823,0.04539116,0.1328276,0.018518569,0.043409474,-0.016297413,-0.012691334,0.014313698,0.016635839,-0.0008710867,0.010851087,0.017203357
HIST1H3H,-0.0038863975,-0.0037318997,-0.006809216,-0.010975528,-0.036643498,-0.001292794,-0.009925291,-0.024612965,0.048382383,-0.01932474,-0.008690366,-0.012802063,0.026373154,-0.011669133,-0.015918398,3.7310925e-05,0.009464738,-0.0041548833,-0.011805271,-0.012916373,0.04432536,-0.007806079,0.014820357,0.40619355,-0.011895213,0.017986452,-0.0019338876,-0.00024425422,-0.014884988,0.017597726
HIST1H2AJ,-0.0019543024,0.009933238,0.0070483116,0.0019141962,-0.032287173,-0.00738775,-0.0020252957,-0.020057643,0.16979164,-0.0037121763,0.0038843798,-0.01875684,0.079557,0.0027997303,-0.0012732296,-0.001982041,0.01709299,-0.0020893042,-0.006795822,0.014012367,0.15814503,0.00088790205,0.06453926,-0.0035938832,-0.0057402644,0.055213783,0.013548227,0.01915758,-0.0054674447,-0.0035702311
HIST1H2AL,0.022612438,0.029788243,0.008475367,0.034607854,0.0043995366,0.031242862,-0.0021895845,-0.04024487,0.06942034,-0.029204065,-0.013096247,-0.030574797,0.03287122,-0.007724526,-0.017713018,0.00062667485,-0.0024151343,-0.0038707666,-0.012608045,0.0011387037,0.093054846,-0.0024932048,0.029921519,-0.013135941,-0.015776513,0.054696813,0.062197316,-0.001069638,-0.010150047,0.05314445
HIST1H1B,0.018367782,0.016486216,0.008618543,0.024445513,-0.026070457,-0.013731689,-0.00052467064,-0.03488054,0.08338999,-0.0309901,-0.024153529,-0.036752388,0.045618866,-0.01857573,0.0110102715,-0.0034697661,0.017939566,-0.0064068623,-0.02363228,0.06689296,0.101843625,0.0048813373,0.033729933,-0.018655533,-0.023139512,0.038277358,0.05753795,0.000993114,0.001335299,0.067873344
OR2B6,-0.0006873118,0.0007993091,-0.0043372344,-0.006654913,-0.0068268147,-0.003252451,-0.00317778,-0.010230203,-0.0007347989,-0.007623041,-0.004819343,-0.0058019203,-0.0008049634,-0.0039707115,-0.008275276,-0.0006970634,-0.0013153313,-0.0007347978,-0.003905066,-0.005210179,-0.0016285117,-0.0022647465,-0.0014383426,0.16716033,-0.0036410072,-0.0009440415,-0.0036922267,-0.0014241225,-0.001038256,0.0050892103
AL049543.1,-0.001247083,-0.0040932074,0.014324155,-0.0025946344,-0.029282978,-0.010816561,-0.0057659005,0.042504046,-0.0013332495,0.009928088,-0.003264349,0.03797496,-0.0014605874,-0.0028077888,-0.012780058,-0.0012647917,0.0041283104,-0.0013332465,-0.0070855566,-0.013990175,-0.0029548672,-0.0041092774,0.009307692,-0.0063631595,-0.004210239,0.007354615,-0.004346383,-0.0025840113,0.0014241474,8.495873e-05
UBD,-0.00018361847,-0.0009588471,-0.0011586942,-0.0017778741,-0.00022364834,0.008547097,-0.00084895163,-0.002733091,-0.00019630228,-0.0025207582,-0.0012875212,-0.0021121562,-0.00021505312,-0.0010608176,-0.0022108105,-0.00018622456,-0.00035139621,-0.00019630196,-0.0010432636,-0.0027484812,-0.0004350583,-0.0006050392,-0.00038425982,-0.00093688985,-0.0009727197,-0.00025220844,0.030964606,-0.0003804657,-0.0012126497,-0.0005753511
TRIM31,-0.0005432759,-0.0028369932,-0.003428312,-0.0052603097,-0.007853359,-0.0012845151,-0.002511804,0.013421969,-0.000580808,0.006309243,0.004556323,0.009724354,-0.00063628226,-0.0031386563,-0.0014204095,-0.00055099063,-0.0010396845,-0.0005808061,-0.0030866954,-0.008132091,-0.0012872346,-0.0017901515,-0.0011369236,0.0029097137,0.0025984435,-0.0007462057,0.007880318,-0.0011256991,-0.0035878895,-0.0017022997
TUBB,0.01725831,-0.018708797,0.01848367,-0.06203663,0.12678236,0.13156275,-0.014275023,-0.06869413,0.044268608,-0.058855325,-0.021648608,-0.051701758,0.040818557,-0.024246538,-0.022634583,-0.01219871,0.03615248,0.009270735,-0.03511689,-0.013259555,0.08122217,0.0015486683,-0.0020268047,-0.035048462,-0.026055183,0.013810372,0.028857028,-0.0025329439,-0.016983636,0.04003408
IER3,-0.013132196,-0.056584258,-0.07528243,-0.11108724,0.6980764,0.04051378,-0.049582448,-0.15641643,-0.010202229,-0.1541959,-0.07936625,-0.13387692,-0.012623383,-0.06491721,-0.12632923,-0.005979731,-0.02369029,-0.0139889205,-0.06579608,-0.15561381,-0.025346333,-0.027730001,-0.019325417,-0.045266543,-0.05575662,-0.014605358,0.021411948,-0.025358358,-0.07056909,-0.025738806
TNF,-0.004930711,-0.028858325,-0.042602364,-0.06649942,0.34397134,0.16081157,-0.023677006,-0.110961705,-0.002430742,-0.07200045,-0.03216484,-0.08881651,-0.006839861,-0.042843968,-0.07044613,-0.004754018,-0.016414018,-0.0035006525,0.002027778,-0.0940029,-0.015489113,-0.022743212,-0.0127719715,-0.028375732,-0.03763273,-0.0023816382,-0.009139287,-0.014854281,-0.039084263,-0.0056823
LTB,-0.0034858226,0.10802112,0.17666838,0.20636259,-0.52873534,-0.07564291,-0.050739124,0.3025289,-0.009248729,0.3695737,0.16127078,0.15689105,-0.015689278,0.12060279,-0.10399519,-0.0141778365,-0.03694364,0.025308382,0.11045698,-0.25689626,-0.04742446,-0.007172843,-0.049354132,-0.07178366,0.09011867,-0.019653851,-0.10323948,0.021155348,-0.025775878,0.028989514
LST1,0.016421566,-0.072427705,-0.08263711,-0.113028094,0.70306337,0.35622573,-0.06973656,-0.21816586,-0.013598035,-0.17133236,-0.08919076,-0.17312485,-0.016493777,-0.07448746,-0.17674987,-0.0110449875,-0.0029733484,0.0024894588,-0.033424765,-0.22090197,-0.033561364,-0.037112813,-0.030863816,-0.042747166,-0.087015025,0.008380106,0.12530267,-0.036925465,-0.088962436,-0.008314835
NCR3,-0.009759842,0.049272835,0.044745408,0.0020086216,-0.22763282,-0.07300522,-0.019147618,-0.11619212,-0.001368651,-0.07698904,-0.012425844,-0.044539776,0.008072762,-0.0008516495,0.06635001,-0.006771984,-0.01695097,0.00169114,0.23941667,0.3841954,0.07629473,0.061640874,-0.017372025,-0.04242168,-0.025116527,-0.0134053165,-0.044054784,-0.0115281455,0.11089082,-0.029523766
AIF1,0.0024836224,-0.08780792,-0.10500436,-0.1590815,0.7000964,0.34250548,-0.080899246,-0.11563469,-0.013514388,-0.23102786,-0.11840967,-0.03305326,-0.015584205,-0.070658796,-0.19060774,-0.008840104,0.02784308,-0.019804318,-0.1048059,-0.2466292,-0.038756702,-0.054811258,-0.039011408,-0.044674687,-0.08687402,0.020528993,0.110808745,-0.0281784,-0.09692436,-0.014588525
LY6G6F,-0.0011843664,-0.003636474,-0.00747381,-0.011467577,-0.016430516,-0.008700317,-0.005475844,-0.016642017,-0.001266186,-0.01520656,-0.008304662,-0.013623708,-0.0013871029,-0.0068423464,-0.014259993,-0.0012011606,-0.0022665735,-0.0012661827,-0.0067291167,-0.015763128,-0.002806231,-0.0039025587,-0.0024785206,0.35692436,-0.006274094,-0.0016267532,-0.0038856205,-0.0024540469,-0.00782173,-0.0037110823
MPIG6B,0.0014529729,-0.012655309,-0.017798692,-0.019118818,-0.015147808,-0.010581347,-0.010074846,-0.042052433,-0.0035338635,-0.042330205,-0.018314889,-0.021690072,-0.0038713901,-0.017430382,-0.03339422,-0.003352403,0.015956864,-0.003533872,-0.016229155,-0.0091468915,-0.0038225728,0.013765276,-0.0069174347,0.60074747,-0.017510992,-0.004540258,-0.0142006725,-0.006849096,-0.018139353,0.045771822
HSPA1A,-0.005031373,-0.04227668,-0.048926543,-0.09785172,0.3939595,0.13752627,-0.011998637,-0.12330412,0.008657,-0.07802539,-0.043747015,-0.109319426,-0.0030998783,-0.04519765,-0.06295862,-0.004640185,0.023290912,-0.006082286,-0.048310198,-0.083397076,-0.008818475,-0.023491926,-0.013250187,-0.047061026,-0.034675673,0.0017093783,0.027271835,-0.016822984,-0.03336895,-0.022549888
C2,-0.0032775758,-0.015230145,-0.01989032,-0.027492633,0.12504262,0.1809235,-0.015153762,-0.045848038,0.00092590466,-0.042652104,-0.020125419,-0.033173908,-0.003838681,-0.018075632,-0.036832795,0.0014099764,-0.006272368,-0.003503965,-0.018622216,-0.04722908,-0.0077658063,-0.010799807,-0.0045877616,-0.01379732,-0.0173629,-0.0045018797,-0.0077286167,-0.0067912596,-0.020144982,-0.008726497
CFB,-0.00079018786,-0.004126383,0.0013828481,-0.0033822064,0.033909127,0.0072966036,-0.0036534732,-0.007320105,-0.00084478967,-0.009271154,-0.0055408073,-0.005423378,-0.00092547736,-0.0010974562,-0.007751785,-0.0008014052,-0.0015122407,-0.0008447932,-0.0044897017,-0.0074050184,-0.0018722682,-0.0026037889,-0.0016536404,-0.0040319506,-0.004186089,-0.001085354,-0.004244939,-0.001637301,-0.005218608,0.0038284946
HLA-DRA,0.035092186,0.16647267,0.20213945,0.32315245,0.52472466,0.20345093,-0.07528662,-0.27699795,-0.010865113,-0.25373712,-0.124706015,-0.21846418,-0.008062055,-0.10381508,-0.17193212,-0.0125984,0.016858632,-0.0180165,-0.10508268,-0.23031087,-0.030011335,-0.026263786,-0.012213838,-0.04527852,-0.101777084,0.056991603,0.21663691,-0.032586228,-0.09473709,0.07918874
HLA-DRB5,0.028721262,0.1315867,0.1455387,0.24414809,0.47449788,0.22987756,-0.058300715,-0.24560067,-0.008375123,-0.22463812,-0.11300836,-0.19106819,-0.0057218084,-0.09209932,-0.12447478,-0.011445381,-0.019774852,-0.017228102,-0.093347296,-0.21150523,-0.028862752,-0.034392856,-0.00030531542,-0.07095308,-0.08696767,0.05527366,0.19865851,-0.02762877,-0.08483489,0.074231535
HLA-DRB1,0.031651974,0.14541519,0.17177531,0.2870871,0.5030651,0.22117576,-0.04522513,-0.3000078,-0.010251717,-0.26086232,-0.12610994,-0.22980401,-0.0012992492,-0.10818516,-0.092791565,-0.012749667,0.010051953,-0.015877329,-0.10424634,-0.1947897,-0.02622145,-0.029449819,-0.00070223777,-0.07993827,-0.0956119,0.056477748,0.20770338,-0.026773354,-0.072901204,0.06668963
HLA-DQA1,0.04522715,0.21089928,0.25865507,0.38008708,0.15375318,0.20008974,-0.04759057,-0.18839705,-0.008753448,-0.17218013,-0.08957693,-0.14576973,-0.007629447,-0.07366272,-0.10142175,-0.009701796,0.0070693665,-0.0098211365,-0.074823156,-0.17558886,-0.026557632,-0.032285787,0.01973692,-0.052362364,-0.065345936,0.070120305,0.2635748,-0.023274945,-0.07241612,0.10711739
HLA-DQB1,0.030888628,0.16978958,0.1944311,0.32191,0.4606176,0.13654996,-0.058499817,-0.25871542,-0.008240767,-0.21271172,-0.108279414,-0.19368522,-0.0113672195,-0.085258335,-0.14579405,-0.010089941,0.0003801884,-0.018514363,-0.08893914,-0.21865699,-0.031030027,-0.043317955,-0.004006396,-0.080488674,-0.075963065,0.060553234,0.22108376,-0.026715292,-0.083985165,0.06857141
HLA-DQA2,0.016726116,0.081190966,0.09885889,0.13492519,0.120642506,0.09270686,-0.030540671,-0.097032875,-0.0076681757,-0.09146062,-0.044833347,-0.07655913,-0.004438925,-0.039049774,-0.043517485,-0.0051454543,-0.010260772,-0.00545097,-0.04034138,-0.08032533,-0.009265955,-0.01866217,0.0005366545,-0.030205313,-0.035264485,0.04794238,0.15848786,-0.014862057,-0.03817658,0.06309899
HLA-DOB,-5.4581017e-07,0.23761497,0.27585378,0.48536032,-0.11168732,-0.038076438,-0.023282064,-0.07513993,-0.0033863771,-0.06767543,-0.035408974,-0.05625384,-0.0065515665,-0.027706161,-0.060503826,-0.005673307,-0.007791862,-0.0059802807,-0.029165894,-0.072939016,-0.0070341774,-0.013062391,0.018986523,-0.026822891,-0.027903365,0.11311019,0.044245757,-0.01024622,-0.03186679,-0.011230639
HLA-DMB,0.038028684,0.13689832,0.16732071,0.29018885,0.48405746,0.06930862,-0.066037364,-0.22388253,-0.012691442,-0.20757408,-0.10483736,-0.16787964,-0.010097885,-0.08690368,-0.16408034,-0.011170798,-0.013936899,-0.015064565,-0.07960222,-0.20696595,-0.031531483,-0.026570907,-0.025790257,-0.06875333,-0.08231146,0.055257585,0.2101586,-0.024013931,-0.09005047,0.0828942
HLA-DMA,0.038734443,0.12913752,0.14974959,0.25230253,0.4431347,0.11884582,-0.05956144,-0.21500586,-0.006806331,-0.21040438,-0.1027394,-0.16351704,-0.0086776335,-0.086133294,-0.14059347,-0.010551589,0.01608572,-0.016468188,-0.08737241,-0.19784445,-0.025735307,-0.032056578,0.0041327802,-0.073995754,-0.07401188,0.05875891,0.22457062,-0.017905906,-0.07952615,0.09480037
HLA-DOA,0.03776346,0.12371525,0.1256558,0.2401822,-0.028774498,0.011810138,-0.024706362,-0.07948809,-0.0062944875,-0.07492914,-0.03959333,-0.007139125,-0.0045322073,-0.022438549,-0.056713328,-0.0006950649,0.0032063955,-0.00629449,-0.03241879,-0.080321394,-0.012835953,-0.016765209,0.00032015218,-0.026657287,-0.029536437,0.07344795,0.27326277,0.00016827455,-0.027791597,0.08427207
HLA-DPA1,0.038225334,0.15753365,0.18170075,0.2884928,0.34945557,0.2821133,-0.018730476,-0.2976587,-0.011183673,-0.2621261,-0.11625229,-0.2256267,-0.00819797,-0.0927906,-0.027522517,-0.016767237,0.0076704547,-0.019766392,-0.09511778,-0.12918049,-0.018184824,-0.021740474,-0.006516666,-0.07528547,-0.1016454,0.05748825,0.21506764,-0.028771572,-0.04999912,0.08966224
HLA-DPB1,0.036732376,0.1695692,0.20287754,0.3122567,0.25806433,0.21015708,-0.00543766,-0.30046347,-0.018137176,-0.26452485,-0.12022373,-0.1936754,-0.0049649184,-0.08090604,0.042989187,-0.015735084,0.0060730865,-0.019192219,-0.10228126,-0.09389395,-0.017939689,-0.020242538,-0.015260549,-0.059081994,-0.100652136,0.0569894,0.21470593,-0.021451535,-0.011547164,0.08656996
KIFC1,-0.0016203168,-0.008461159,-0.0024396998,-0.009418576,-0.022653269,-0.0025370298,0.0030516267,-0.013242772,0.24124275,-0.013744504,-0.0057152347,-0.016844694,0.08855154,-0.002578777,-0.0065587233,-0.0016433084,0.006937381,-0.0017322407,-0.0057504806,-0.008362759,0.33064264,0.00053028023,0.07476249,-0.008267382,-0.0067409608,0.01174312,0.029368741,-0.0033573336,-0.0017382825,-0.0019983992
PACSIN1,0.043930147,-0.0094485795,-0.010279635,-0.02146564,-0.05807281,-0.017653525,-0.011110355,-0.03060262,0.024278766,-0.021245185,0.012995562,-0.022640528,0.041604295,-0.0030810183,0.0062268637,0.0029989511,0.013274587,-0.002863255,0.013223133,-0.0039556134,0.0060106814,0.15091784,0.008270169,-0.0054253163,-0.0096590035,-0.0036786292,-0.008893624,0.034157664,0.0023540454,0.5552472
CDKN1A,0.016628351,-0.03366522,-0.046376366,-0.098602094,0.545071,0.15929905,-0.04958722,-0.16775557,-0.011712321,-0.1430163,-0.07026197,-0.12671553,-0.008415367,-0.06313155,-0.12634572,-0.006618782,-0.020281777,-0.011341546,-0.047968354,-0.15725213,-0.011301871,-0.034467798,0.0020731767,0.06942756,-0.058928464,-0.0128349485,0.12608644,-0.023533143,-0.070815444,-0.007959673
CPNE5,-0.004897356,0.20657034,0.35702017,0.14842172,-0.02456987,-0.015922725,-0.02192116,-0.067164,-0.0022671458,-0.059812415,-0.029975291,-0.052951094,-0.0030304422,-0.025958022,-0.05389187,-0.004966825,-0.009372223,-0.0052356552,-0.026046474,-0.065269865,-0.008869122,-0.015117272,0.20194575,0.072583355,-0.022751171,-0.0044118874,-0.018469274,-0.00062035164,-0.029196287,-0.009139464
FGD2,0.035288226,0.08357109,0.08489332,0.085190944,0.3638319,0.264122,-0.049901992,-0.1660683,-0.010424296,-0.15327,-0.077808924,-0.1295373,-0.012982398,-0.062889606,-0.12827247,-0.010909014,-0.019975763,-0.01122824,-0.062628336,-0.16122067,-0.025846364,-0.033559576,0.028487027,-0.050907798,-0.06025023,0.042999055,0.14104766,-0.024036955,-0.06790146,0.052320175
DNAH8,-0.0010677913,0.05096775,0.17947991,-0.00875988,-0.02578688,-0.0057684984,-0.0049369535,-0.014798074,-0.0011415817,-0.009978627,-0.0010911559,-0.009568413,-0.0012506145,-0.006168962,-0.012856644,-0.0010829533,-0.002043506,-0.0011415806,-0.0060669295,-0.013798611,-0.0025300356,-0.003518554,0.039528657,-0.0054483577,0.025081921,-0.0014666801,-0.00024134926,-0.0022125342,-0.0070519405,-0.003345827
TSPO2,-0.00022488945,-0.0011743556,-0.0014191424,-0.0021774839,-0.0057561286,-0.0019505342,-0.0010397611,-0.0033473182,-0.00024042603,0.0024530767,-0.0015768947,-0.0025868895,-0.00026338513,-0.001299236,-0.0027077054,0.2720144,-0.00043037167,-0.00024042602,-0.0012777523,0.0018039964,-0.0005328502,-0.00074102805,-0.0004706256,-0.0011474615,-0.001191344,-0.00030889435,-0.0012080951,-0.00046598073,-0.0014851848,-0.0007046639
TREML1,-0.003205953,-0.01010585,-0.01549169,-0.024135992,-0.00072598044,-0.011482759,-0.013749818,-0.04256668,-0.0034274713,-0.03891989,-0.018904936,-0.03051799,-0.0037548167,-0.01765986,-0.028078185,-0.0032514462,-0.006135403,-0.003427471,-0.016460948,-0.039561972,-0.0055331057,-0.010564166,-0.006709151,0.68549764,-0.016044647,-0.0008698485,-0.010787046,-0.004291652,-0.019654412,0.0009114714
TREM1,-0.009593987,-0.046040196,-0.056836314,-0.08618231,0.6003328,-0.0074834987,-0.043517753,-0.13587502,-0.0072157634,-0.125587,-0.062882505,-0.10546708,-0.009865062,-0.051411368,-0.10933304,-0.0046725348,-0.017475408,-0.008556056,-0.053114228,-0.13519979,-0.02046724,-0.029265303,-0.019309139,-0.040346745,-0.050071605,-0.013177711,0.020588081,-0.01987904,-0.05923968,-0.02842759
PTCRA,0.015681943,-0.01533112,-0.016901078,-0.027184127,-0.03077052,-0.013180961,-0.014147009,-0.04141397,-0.0035153253,-0.04131834,-0.018177044,-0.03161758,-0.0038511672,-0.014798113,-0.031901523,-0.0033349048,-0.006292754,-0.003515331,-0.016114332,-0.040275287,-0.0077911164,-0.009377961,-0.0068813134,0.54713213,-0.014679616,-0.00451645,-0.0123100635,-0.0068133106,-0.018011574,0.4444886
VEGFA,-0.0058471267,-0.031609647,-0.04576035,-0.07002683,0.46483067,-0.046783503,-0.03311177,-0.11219428,-0.008457394,-0.10247586,-0.05185787,-0.08509,-0.009265138,-0.041408125,-0.09003368,-0.006033232,-0.012928639,-0.0062142657,-0.041712236,-0.1105317,-0.015958367,-0.02328699,0.00930435,-0.033939898,-0.0397111,-0.009281802,0.15248199,-0.015303647,-0.049048338,-0.02280123
NFKBIE,0.0046394,-0.008305234,-0.018601194,-0.042561647,0.36210182,0.08619565,-0.030932974,-0.11561272,-0.004553905,-0.09359694,-0.04614763,-0.0891849,-0.0038937815,-0.043337908,-0.07907671,-0.0052652406,-0.006985821,-0.009512317,-0.039938077,-0.094206,-0.015379281,-0.017219689,0.006667666,-0.04293431,-0.039824057,0.009988381,0.098547384,-0.0146427415,-0.04628997,0.01610142
RUNX2,0.050451018,-0.02883806,-0.033659566,-0.062083002,-0.015454569,-0.05018071,0.014362649,-0.0649465,0.022299837,0.037809707,0.015491435,0.14658022,0.01575891,0.01597397,-0.019205743,-0.00521988,0.011430195,0.016700719,0.052056253,-0.075084426,-0.0070648235,0.032464355,0.025210368,-0.030122858,-0.019465698,0.0035203984,0.0996087,0.0018481633,-0.0057016844,0.1943399
AL096865.1,0.0453909,-0.015013352,-0.009309876,-0.027449625,-0.04784694,-0.017979948,0.029208954,-0.0387953,0.008530565,0.03317864,0.007455769,-0.0026805664,0.010941639,0.018385608,0.017733607,-0.0035882173,0.021348892,-0.0037824837,0.004237456,-0.037430085,-0.0027740994,0.035080917,0.04126759,-0.013530084,-0.0056883567,-0.001660793,0.033510488,0.0056761946,0.0053633144,0.3665304
PLA2G7,-0.006282139,-0.03077188,-0.037037447,-0.057024553,0.40543225,-0.025152713,-0.028456042,-0.08979204,-0.006716075,-0.08450166,-0.04325641,-0.07025638,-0.007357677,-0.033895634,-0.07195305,-0.0036794108,-0.012022353,-0.0067160744,-0.034190282,-0.09134545,-0.014884667,-0.018178772,-0.0131465215,-0.024888609,-0.032226674,-0.008628827,0.022011437,-0.013016659,-0.039371006,-0.017134998
TNFRSF21,0.10255953,-0.009006287,-0.0107637085,-0.014127949,0.01263337,-0.0069516324,-0.008841887,-0.031818002,-0.0023990655,-0.029679943,-0.01470779,-0.022550685,-0.0026281886,-0.011732312,-0.024500271,-0.0022758641,0.013977948,-0.0023990618,-0.011493536,-0.03095834,-0.002360004,-0.0052521834,-0.0046961135,-0.007278353,-0.01054446,0.022149142,0.09818998,-0.004649733,-0.011558382,0.51172566
MCM3,-0.0016979167,0.006900552,0.01767102,-0.00023804391,-0.08052006,-0.0068143387,-0.0012279578,-0.0028913317,0.064745285,0.0025234967,-0.0033418043,0.018317325,0.05485345,-0.007923305,0.019404536,-0.0072278245,0.024323631,-0.003526363,-0.019163156,0.048251726,0.12114348,0.0070586866,0.026952831,-0.03954993,-0.0012729422,0.010265177,0.021487169,0.009645368,0.0040923283,0.020404404
FAM83B,-0.00012983575,-0.00067799614,-0.00081931025,-0.0012571204,-0.0033231778,-0.0011261033,-0.0006002822,-0.0019325409,-0.00013880235,-0.0017824243,-0.0009103983,-0.0014934927,-0.00015206145,-0.0007500792,0.009142567,-0.00013167797,-0.0002484749,-0.0001388021,-0.0007376846,-0.0019434618,-0.00030762496,0.036050078,-0.0002717082,-0.00066246843,-0.000687807,-0.00017833173,-0.000697463,-0.00026902702,-0.0008574476,-0.0004068179
COL21A1,-0.000242914,-0.0012684313,-0.0015328778,-0.0023519725,0.014084854,-0.0021069034,-0.0011230584,-0.003615619,-0.0002596864,-0.0033346852,-0.0017032654,-0.0027941456,-0.00028448604,-0.0014033557,-0.0029246854,-0.00024635677,-0.00046485197,-0.00025968708,-0.001380105,0.001150612,-0.0005755567,-0.0008004007,-0.0005083459,-0.0012393952,-0.0012868111,-0.00033364192,-0.0013049298,-0.00050330145,-0.0016042179,-0.00076112594
DST,0.019097764,-0.033116583,-0.041233532,-0.06842201,0.2608827,0.081356265,-0.033495218,-0.0893415,-0.0061736978,-0.039162844,-0.047085136,-0.083149195,-0.008879227,-0.040077295,-0.08236152,-0.0076889275,0.054623585,0.0076245535,-0.040130693,-0.07627419,-0.0064896685,0.010976128,-0.0089503005,-0.035905268,-0.037889436,0.09796548,0.21011136,-0.0145980045,-0.046130627,0.07534876
BEND6,0.084439255,-0.0055103526,-0.009177968,-0.012917656,-0.028721847,-0.011332235,-0.006724394,-0.02083919,-0.0015548917,-0.018242976,-0.010198094,-0.014730716,-0.0017033964,-0.008402333,-0.010778691,-0.0014750267,0.04204622,-0.0015548883,-0.008263534,-0.015334402,-0.0034460528,-0.0015220614,-0.0030436132,-0.0031518822,-0.007704659,0.09138689,0.15998235,-0.003013572,-0.0062760194,0.32557687
COL19A1,-0.0036291624,0.12915345,0.070346326,0.52021134,-0.09037953,-0.029931515,-0.016779618,-0.05270641,-0.0038798822,-0.049467556,-0.0241766,-0.041337654,-0.0005969695,-0.020208402,-0.041735824,-0.00368067,-0.0069453493,-0.0038798812,-0.020620022,-0.052029267,-0.006758628,-0.011958469,0.0046895263,-0.016795725,-0.01838302,-0.004984803,-0.019495934,0.005112744,-0.023967478,-0.011371671
AL365226.2,-0.00024290368,-0.0012684754,-0.0015328691,0.004580727,-0.0028339766,-0.0021068307,-0.0011230829,0.001191835,-0.0002596891,-0.0033347032,-0.0017032482,-0.0027942052,-0.0002844918,-0.0014033401,-0.0029246917,-0.00024635385,-0.00046486044,-0.0002596888,0.010058643,-0.0036360002,-0.0005755423,-0.00080040697,-0.00050833577,-0.0012394229,0.035439238,-0.00033364317,-0.0013048983,-0.00050331274,-0.0016042114,-0.0007611289
OGFRL1,-0.0036640896,-0.04969747,-0.071435906,-0.053698663,0.65066594,0.12541527,-0.042444456,-0.21762522,-0.011406314,-0.17421956,-0.073677346,-0.16201319,-0.009546766,-0.07354366,-0.11675342,-0.008601728,-0.021083653,-0.007792446,-0.05966119,-0.14250426,-0.0128414985,-0.0072250864,-0.014895818,-0.056068968,-0.07394437,0.016011396,0.11492785,-0.027482413,-0.06622201,0.0024251111
SH3BGRL2,0.0013467929,-0.014604794,-0.019446287,-0.024479197,-0.035489522,-0.013648911,-0.01329244,-0.033425592,-0.0035536482,-0.025875954,-0.0142567605,0.07557873,-0.0038931207,0.012493258,-0.025550736,-0.0033711933,0.02307428,-0.0035536403,0.010099574,-0.043342303,-0.00787595,-0.010952952,-0.0024852173,0.46360812,-0.015786214,-0.004565722,-0.013440289,0.002334726,-0.012403557,-0.004397199
TTK,-0.0013546547,0.008544103,-0.0011004532,-0.0006272145,-0.025554333,-0.0007319127,-0.0037458704,-0.012375214,0.2456149,-0.011216141,-0.0027596715,-0.0070132017,0.116151445,-0.0017433942,-0.003931571,-0.0013738667,0.027423086,-0.0014482451,0.00054659264,-0.0047541084,0.22067194,0.0025562171,0.057527453,-0.0046291216,-0.0049703848,-0.0018606953,-0.0007776654,0.0027695938,-0.0071640452,-0.004244672
TENT5A,0.0011749221,-0.02573581,-0.052280664,-0.05241075,0.28366295,0.19022386,-0.015228654,-0.12440834,-0.008850583,-0.12013816,-0.060338695,-0.08972012,-0.0044509433,-0.056015123,-0.06314079,-0.003509906,0.020159325,0.0037049325,-0.029772729,0.0058469633,0.012765857,0.0058843386,-0.020160811,-0.050813362,-0.04639478,0.0028640102,0.09170677,-0.019079084,-0.038149863,-0.011468447
PRSS35,-0.0013357345,-0.006975243,-0.008429192,-0.0129333455,-0.029878294,-0.01158549,-0.0036300893,-0.019881764,-0.0014279909,-0.008983192,0.038350817,-0.015365266,-0.0015644045,0.0004900885,-0.01399668,-0.0013547023,-0.0025562642,-0.001427994,0.2930585,-0.016504334,-0.0031648949,-0.0044014286,-0.0027953333,-0.006815477,-0.0070760613,-0.0018346995,-0.0071756355,-0.0027677307,0.011037737,-0.0041853655
NT5E,-0.004562765,0.020582229,0.16890422,0.18879104,-0.10564207,-0.037505664,-0.011820359,-0.05035694,-0.0048779924,-0.010745569,0.0010697632,0.13875309,0.00057118386,0.06525994,-0.023378747,0.002142583,-0.0050456156,-0.004877972,-0.0081192,-0.0621653,-0.009307527,-0.011765461,-0.0013499759,-0.019707598,-0.015967365,-0.0062670773,-0.022567712,-0.0042428635,-0.0021372342,-0.012101751
UBE2J1,0.025610218,0.033710845,0.10839731,0.0527529,0.28656793,0.15640092,-0.027120454,-0.15839775,0.005146782,-0.10781136,-0.05055006,-0.122107774,-0.0044019623,-0.04806705,-0.08795186,-0.010674082,0.0038414137,0.0058019385,-0.042585537,-0.09618193,-0.009874976,-0.011318106,0.08919065,-0.02001149,-0.049670584,0.018362073,0.021464806,-0.017452652,-0.04536141,0.11417467
SIM1,-9.18061e-05,-0.000479405,-0.0005793353,-0.0008889205,-0.0023498219,-0.0007962877,-0.00042447244,-0.0013665206,-9.815065e-05,-0.0012603704,-0.0006437367,-0.0010560656,-0.00010752371,-0.0005303806,-0.0011053546,-9.310932e-05,-0.00017568968,-9.815057e-05,-0.00052163174,-0.00137425,-0.00021752383,-0.00030250658,-0.00019212301,-0.0004684307,-0.00048634614,-0.00012609916,-0.0004931825,0.08155373,-0.0006063007,-0.0002876612
PRDM1,-0.010665717,-0.05462624,-0.05562856,-0.10662486,-0.05766526,-0.07681636,0.067873605,-0.16777375,0.012157527,0.09309892,0.097248405,-0.14124677,0.007960402,0.020514334,0.1366103,-0.0049792924,-0.023238715,-0.011303146,0.10102082,0.21866947,0.02316814,-0.026349692,0.07654669,-0.05585489,-0.015811324,-0.016135005,-0.0047508692,-0.01641578,0.04292195,-0.02793448
CD24,-0.0046387883,0.28129604,0.3584736,0.37313452,-0.10625273,-0.035803866,-0.019962212,-0.06363509,-0.004959187,-0.05955264,-0.031010192,-0.047663536,-0.005432919,-0.025590353,-0.050880883,-0.0047045965,-0.0088774515,-0.0049591917,-0.025099412,-0.062679544,-0.009561518,-0.015285242,-0.006505006,-0.019407608,-0.022600561,-0.0063716033,-0.021750258,-0.00961174,-0.027435573,-0.012347158
MARCKS,-0.01604458,0.07414022,0.104293555,-0.011374226,0.6426623,0.26789334,-0.06640918,-0.2167633,-0.014641708,-0.20511402,-0.10082817,-0.1700989,-0.01554193,-0.08493169,-0.16528618,-0.009022538,-0.021876615,-0.0142017575,-0.08533587,-0.20389904,-0.033904247,-0.04616026,-0.015144239,-0.049661107,-0.08312071,0.0049372287,0.062159687,-0.03255567,-0.08999248,-0.043031197
DSE,0.0078333635,-0.0013781224,-0.021254467,-0.03039501,0.39146647,0.0646335,-0.03710685,-0.120656684,-0.0032908388,-0.1111874,-0.054485317,-0.0870192,-0.010266502,-0.047088068,-0.10074763,-0.008414074,-0.0017348621,-0.008740913,-0.043078747,-0.12699908,-0.0155444145,-0.024468048,-0.010939256,0.02687925,-0.046002835,0.06060443,0.1500403,-0.017750334,-0.055699486,0.023438305
CALHM6,0.0011016214,0.032141104,0.022598667,0.13244292,0.22507447,0.34279096,-0.043972317,-0.12715769,-0.0102209775,-0.1182148,-0.05380866,-0.10830489,-0.009445182,-0.047141768,-0.11024651,-0.0080176955,0.015873065,-0.009841188,-0.05019266,-0.11540682,-0.014185944,-0.0273466,-0.015275504,-0.045662224,-0.05367048,0.019507388,0.12192272,-0.020596974,-0.06328468,0.010691131
TRAPPC3L,-0.0015116943,-0.007893994,-0.0062085288,-0.012404369,-0.009836955,-0.00325394,-0.00023127226,-0.01863061,-0.0016161003,-0.018275658,-0.010599911,-0.015471168,-0.001770475,-0.006922521,-0.016355665,-0.0015331283,0.0024847332,-0.0016161023,-0.0012173814,-0.020313527,-0.0035817674,-0.004981181,-0.0031635233,0.35939896,-0.0060355067,-0.0020763436,-0.008120734,-0.0031322732,-0.009983343,-0.0014409876
CALHM5,-0.00048588723,-0.0025373679,-0.0030662192,-0.0047047054,-0.009054036,-0.00038243376,-0.0022465612,-0.0072322437,-0.0005194535,-0.006670635,-0.0034070571,-0.0055892793,-0.0005690766,-0.002807177,-0.00585031,-0.000492786,-0.0009298751,-0.0005194542,-0.0027606832,-0.007273387,-0.0011512691,-0.0016010766,-0.0010168257,0.156248,-0.0025739835,-0.00066739693,-0.0026102085,-0.0010067855,-0.003208918,-0.0015224857
MAN1A1,0.008010147,-0.021216838,-0.040313315,-0.054229707,0.08375223,0.044453833,0.010035627,-0.1304578,0.004858098,-0.0852537,-0.020552393,-0.09288031,0.0020342164,-0.034831695,0.02220683,-0.0022842064,0.043733228,-0.0048870854,0.017388131,0.15116394,0.03553492,-0.016004128,0.10825976,0.0015969918,-0.044203136,0.026117934,0.03697548,-0.018177705,0.0035158212,0.09147055
PKIB,0.0037312713,-0.0058103465,-0.015850645,-0.017504618,-0.018374812,0.024568971,-0.011613136,-0.029819816,-0.0026852668,-0.028947348,-0.016689884,-0.017795002,0.0023746216,-0.012297931,-0.028553076,-0.002547446,0.005018715,0.02085548,-0.014271187,-0.034299985,-0.0032891342,-0.0082765855,0.0007027522,-0.01156039,-0.013306091,0.04628773,0.49697897,-0.0021691723,-0.012688385,-0.0018797341
CENPW,0.004425945,-0.015013346,-0.012886866,-0.033560168,0.15336382,0.08597362,-0.018972203,-0.058296256,0.09594631,-0.053559314,-0.027186504,-0.04192631,0.063408546,-0.019307844,-0.04360551,-0.0019816717,0.02531813,-0.005400662,-0.023939943,-0.060460974,0.08541728,-0.011632798,0.04108219,-0.023172103,-0.02229654,0.035876952,0.06511665,-0.00573645,-0.023100616,0.027003085
ARHGAP18,0.030438252,-0.014884342,-0.026246581,-0.06003031,0.16137856,0.02546397,-0.020442892,-0.12664348,0.009770249,-0.08167483,-0.036440376,-0.098499306,0.015350829,-0.027313216,-0.009394197,-0.009927239,0.0029884365,-0.0070000906,-0.03427903,0.045215443,0.011029844,-0.011901451,0.021070648,0.18830933,-0.03396755,0.020234823,0.07521748,-0.0023049174,-0.011634874,0.09180377
SAMD3,-0.011581649,-0.057605047,-0.07231261,-0.120076485,-0.31944382,-0.10694003,0.10399785,-0.06366275,0.014997582,-0.047794916,0.04740582,-0.033774864,0.03044165,0.017774325,0.27621982,-0.006380923,-0.023872022,0.015504677,0.058678877,0.44286975,0.06735696,0.0930942,-0.0036835098,-0.05212719,-0.05419349,-0.016564567,-0.06575059,0.012988889,0.14041781,-0.039900962
EPB41L2,0.005258826,0.026925227,0.01833427,0.15222684,0.08234677,0.086486645,-0.02683532,-0.06527113,0.015726546,-0.042808194,-0.023757678,-0.044748794,-0.0015654905,-0.024586985,-0.07359588,-0.005594047,0.0022447654,-0.0035992595,-0.021595022,-0.09262426,0.010061617,-0.014391811,0.0130321225,-0.03465841,-0.022091612,0.04774456,0.18933354,-0.0067678536,-0.032679714,-0.0057203155
ENPP1,-0.0010952026,-0.0057190573,-0.0023171182,0.010976084,-0.02126395,-0.0094991205,-0.0050636507,-0.015232116,-0.0011708528,0.0020650001,0.0006373257,-0.011273998,-0.0012827001,0.001178539,-0.009367413,-0.0011107419,0.0053360756,0.025440231,0.02431053,-0.013202378,0.015433976,0.057096805,-0.0022919066,-0.0027619374,-0.00580183,0.5361953,-0.0032046293,0.004611603,-0.0072328323,-0.0034316794
CTGF,-0.0004771321,0.0038302767,-0.0030109468,0.083642155,-0.012212499,-0.0041383575,-0.002206064,-0.00710205,-0.00051009527,-0.0065503563,-0.0033456371,-0.0054885685,-0.0005588232,-0.0027565476,-0.005744907,-0.00048391102,-0.0009131219,-0.000510097,-0.0027109578,-0.007142001,-0.0011305088,-0.001572221,-0.0009985046,0.00403321,-0.0025276288,-0.0006553625,-0.0025631825,-0.0009886351,-0.003151048,-0.0014950735
STX7,0.021554321,0.11958753,0.094407424,0.26923245,0.26097763,0.13733737,-0.045177523,-0.18105702,-0.006774347,-0.16182552,-0.0865811,-0.14642859,-0.009421485,-0.06586716,-0.08919141,-0.0114065735,0.0073925867,-0.012647871,-0.07225092,-0.08277341,-0.014743573,-0.028382394,0.012601978,-0.027622279,-0.064229324,0.026425244,0.105562076,-0.021863718,-0.05575237,0.09971616
VNN1,-0.0054169274,-0.027127633,-0.03027003,-0.04943182,0.31460664,0.056221064,-0.021652808,-0.07876777,-0.0031127662,-0.07068603,-0.037538137,-0.058608223,-0.006344329,-0.030756151,-0.061623085,-0.0026545054,-0.010366505,-0.0057911333,-0.029677827,-0.07600627,-0.012834787,-0.017849507,-0.00859355,-0.0146377245,-0.028696341,-0.0074403426,0.0009934938,-0.011224075,-0.03482903,-0.014185958
VNN3,-0.0044226595,-0.01818515,-0.024974324,-0.04126227,0.2928941,-0.02294473,-0.01884201,-0.06390229,-0.00144588,-0.058363542,-0.030481106,-0.046803705,-0.0051798075,-0.024278399,-0.049302842,-0.0009888328,-0.008463803,-0.004728206,-0.023805724,-0.06233478,-0.00890378,-0.01345375,-0.009255342,-0.020394525,-0.020606985,-0.0060746423,-0.021095043,-0.009163865,-0.026931487,-0.0138578825
VNN2,-0.010736186,-0.02229438,-0.035443258,-0.06084493,0.48433992,-0.008626511,-0.04224041,-0.11376948,-0.0073823365,-0.12509131,-0.06461529,-0.077366754,-0.009694955,-0.048377506,-0.061619874,0.0010431448,-0.012329701,-0.01147802,-0.054559574,-0.08332004,-0.013516811,-0.019503616,-0.016830975,-0.047418907,-0.0415159,-0.0052698455,-0.0397365,-0.0071249087,-0.044934846,-0.029245192
SGK1,-0.0061413078,-0.04407079,-0.057003688,-0.086313315,0.63072604,-0.0010015905,-0.050476443,-0.13889557,-0.008760228,-0.12623537,-0.06506577,-0.11261945,-0.013936914,-0.05854333,-0.12537727,-0.007768937,-0.020504273,-0.009785175,-0.053660125,-0.15463573,-0.024082819,-0.035502125,0.006313672,-0.046110924,-0.05715889,0.0093773175,0.029268375,-0.02097257,-0.058045253,-0.031526405
MYB,0.012357712,-0.012120698,-0.016979028,-0.02480526,0.031276867,-0.0139281,-0.01424478,0.008485475,0.05356048,-0.02537908,-0.014826959,0.028264606,0.0050945114,-0.009659008,-0.028778093,-0.0031246496,0.2613473,-0.0032938041,-0.01475096,-0.041858006,0.0034125233,-0.008565342,0.008030148,-0.014684572,-0.0024567172,-0.004231851,-0.005071895,0.10106884,0.0036685264,0.10481734
IFNGR1,0.012034579,-0.038097262,-0.07043254,-0.076381065,0.52268195,0.15247594,-0.03528849,-0.20548813,-0.008580561,-0.16677786,-0.056986455,-0.15915453,-0.011393784,-0.072762534,-0.09956645,-0.008554471,-0.021224475,-0.012398203,0.0036467907,-0.043921843,-0.009386047,-0.03374916,-0.026267866,-0.051413607,-0.07357775,0.02426492,0.09814387,-0.031985667,-0.035561386,-0.0002553505
TNFAIP3,-0.009263747,-0.08117268,-0.093628794,-0.14820056,0.27327174,-0.030868236,0.010412092,-0.121698745,-0.0014250949,0.05670512,0.08123038,-0.094556294,-0.0008882703,0.020993313,-0.017088791,-0.014009989,-0.03199333,0.01749051,0.050477948,-0.054671984,-0.011162231,0.03819004,-0.023992691,-0.065227,-0.053495232,-0.016679423,0.004392491,-0.025601732,0.008568362,-0.02345202
PERP,-0.0039421166,-0.015895883,-0.0002163253,-0.031131417,-0.085093446,-0.029442964,0.0532449,-0.04556203,0.025314013,0.07052988,0.09752311,-0.03675373,0.025898391,0.03197633,0.068643354,-0.0039980584,-0.0034045887,-0.004214434,0.06882452,-0.019908726,0.0060256612,-0.011736926,0.1369948,-0.018460933,0.0010094956,-0.0054146876,-0.015212189,-0.0062545952,0.042540498,-0.0060166377
CITED2,-0.0075530075,-0.038840994,-0.045791835,-0.070516765,0.12112729,0.0403871,-0.0051564146,-0.013716269,0.007765598,0.020589726,0.0060552005,-0.016538063,-0.0033233827,-0.01127665,-0.032560594,0.0012313834,0.013171084,0.0025026065,-0.02259338,-0.03224647,0.0016568559,0.0039350134,0.030237189,-0.052861247,-0.0092450585,0.0003951641,-0.017751839,-0.0007566083,-0.023829771,0.011458506
ADGRG6,0.010482865,-0.006874978,-0.0063891243,-0.012747647,-0.023045477,0.0013489452,-0.0060870736,-0.017812014,-0.0014075093,-0.01712259,-0.0074972585,-0.0074189124,-0.0015419291,-0.0076060374,-0.015851513,-0.0013352279,0.34449002,-0.0014075082,-0.0074802386,-0.019706976,-0.0031194396,-0.0043381765,-0.0027551537,-0.0043611405,-0.0069744373,0.23905453,0.17158957,0.0030022243,-0.008694732,-0.004125224
STX11,0.0012833953,-0.05486491,-0.064713955,-0.11297109,0.52373415,0.25765455,-0.04017261,-0.17291783,0.0015967588,-0.14891647,-0.072111346,-0.1359846,-0.009393812,-0.067179635,-0.10888907,-0.00900042,-0.019389184,-0.013594766,-0.055750202,-0.12182593,-0.0070606684,-0.026478816,-0.0039338563,0.010894101,-0.060427204,0.000104240375,0.09642015,-0.0145710055,-0.06572663,-0.033667404
RAB32,0.0035781884,-0.06612837,-0.08034407,-0.123657726,0.6648663,0.19827454,-0.058707636,-0.19359307,-0.012453933,-0.17914955,-0.08816713,-0.1509271,-0.013810033,-0.0750693,-0.15476616,-0.007856244,0.010168817,-0.008607156,-0.0735699,-0.19160222,-0.02798078,-0.03317812,-0.027378047,0.106838286,-0.06976479,0.0591965,0.16278557,-0.025851851,-0.082743704,-0.02754671
SASH1,-0.006767059,-0.033401046,-0.042324226,-0.061675075,0.34348148,0.17872573,-0.030152956,-0.09668952,-0.0050518727,-0.07308217,-0.042654574,-0.07453513,-0.005792095,-0.037322838,-0.07705747,-0.0068631186,-0.011683135,-0.0072345166,-0.0356979,-0.09476201,-0.01603359,-0.022297999,-0.014161358,-0.031002272,-0.034884226,-0.0076253824,-0.021016067,-0.014021646,-0.04195034,-0.018164678
AL355312.4,-0.0006686294,0.0010177465,0.07848889,0.001090786,-0.015883403,0.052709237,-0.0030914166,-0.0099522825,-0.0007148201,-0.0054475465,-0.004688367,-0.007691223,-0.0007830921,-0.0038628743,-0.005969484,-0.000678122,-0.001279579,-0.0007148225,-0.0037989882,-0.008267295,-0.0015842316,-0.002203209,-0.0013992499,0.0012074851,-0.003542091,-0.000918392,-0.003591872,-0.0013854303,-0.0044157226,-0.0020950914
AKAP12,-0.0008859847,-0.004626583,-0.005590986,0.00856304,-0.014325054,0.011235529,-0.00025911248,-0.009226602,0.015442105,0.037129983,-0.003641716,-0.008558319,-0.0010376557,0.010338719,-0.007524975,-0.00089855655,0.0074757724,-0.00094719324,0.0012482789,-0.000115047354,-0.002099225,0.007780387,-0.0018540936,-0.0045206514,-0.0046934714,-0.0012169364,-0.0014471066,-0.0018357794,-0.0031302532,-0.00277614
CCDC170,-0.00539276,-0.026981808,-0.032031458,-0.04985758,0.28032753,0.09711557,-0.0249332,-0.07723622,-0.0057653943,-0.070343465,-0.036018968,-0.059141167,-0.0063159578,-0.030052535,-0.06324201,-0.0054693194,-0.010320434,-0.0057653845,-0.029518269,-0.07767815,-0.010265636,-0.014000389,-0.011285402,-0.023840694,-0.02856816,-0.0074071665,0.071879596,-0.011173971,-0.03417649,-0.0140387695
SYNE1,-0.016246328,-0.03777394,-0.044387,-0.0693593,-0.23591304,-0.090254195,0.08725442,-0.067965955,0.008267096,-0.061059892,-0.0111624,-0.057087686,0.014588741,-0.033109494,0.24530376,-0.009497529,-0.019139264,-0.010562629,0.042106718,0.4080011,0.058950953,0.05131746,-3.4487064e-05,-0.07252339,-0.029658232,-0.016897677,-0.057581685,-0.0064957375,0.11835653,-0.040259846
MYCT1,-0.0011480325,-0.0059950273,-0.007244627,-0.0111159645,-0.019353608,-0.0067088185,-0.0023444362,-0.016068839,-0.0012273452,-0.014673368,-0.008050014,-0.013206042,-0.001344581,-0.00663248,-0.012607288,-0.0011643282,0.33072025,-0.001227344,-0.006522826,-0.015154761,-0.0027201325,-0.0037828963,-0.002402488,0.22591083,-0.0060817427,-0.0015768864,-0.0036116391,-0.0023787995,-0.007581816,-0.0035972577
FBXO5,0.0064688683,0.010187627,0.0071096164,0.0024534285,-0.029692272,0.0010556779,-0.003727635,-0.021240514,0.10647094,-0.012077285,6.1768496e-06,-0.011062589,0.041956585,-0.0047664363,-0.0007349236,-0.0008674269,0.023942284,-0.0011341854,-0.0039274213,0.019726919,0.12920268,0.0071975896,0.056802347,-0.017006924,-0.008622219,0.009666859,0.02848552,0.0036181998,0.008212823,0.013104826
SOD2,-0.009557861,-0.055871334,-0.06957123,-0.10113811,0.6004371,0.14117336,-0.055638395,-0.15646216,-4.860696e-05,-0.11661623,-0.05681472,-0.13334095,-0.009408486,-0.060444616,-0.12838696,-0.0087687345,-0.0003660317,-0.015446657,-0.063040875,-0.1771245,-0.019177724,-0.04028246,-0.017042577,0.076080345,-0.059910953,-0.007889757,0.005973857,-0.02631958,-0.06910728,-0.03116174
CCR6,0.0030622429,0.08809235,0.069105245,0.1404123,-0.12243204,-0.043669403,-0.014008249,-0.07424716,0.002113228,0.20681782,0.104834914,-0.05613369,-0.0064086276,-0.005200404,-0.052404236,-0.005549546,-0.008981039,0.013853581,0.12077876,-0.06857915,-0.010501386,-0.015334722,-0.010094401,-0.024274688,-0.011493525,0.017417725,0.02534922,-0.008506058,-0.01699734,-0.007925072
SMOC2,-0.00015901518,0.05605138,-0.0010034775,-0.0015396498,-0.004070025,-0.0013792315,-0.0007352286,-0.0023668814,-0.0001700025,-0.002183042,-0.0011149752,-0.0018291558,-0.0001862361,-0.00091867545,-0.0019145369,-0.00016127365,-0.00030431728,-0.00017000249,-0.00090348255,-0.0023802074,-0.00037677528,-0.00052396883,-0.00033276822,-0.000811359,-0.0008424214,-0.00021841729,-0.00085421535,-0.00032947861,-0.0010501688,-0.0004982773
PDGFA,-0.002257379,-0.0037551434,-0.009787035,-0.017363653,-0.02051498,-0.008838715,-0.0074123,-0.027881775,-0.0024133108,-0.0271171,-0.012794469,-0.024036512,-0.0026438143,-0.008174643,-0.015406222,-0.0022894044,-0.004320053,0.010507984,-0.011587049,-0.022912817,-0.002430725,0.017853709,0.0018622522,0.49893558,-0.011958343,-0.0031005978,-0.006925125,-0.0013367744,-0.010618526,-0.002658929
AC147651.1,-0.0026161692,-0.011346578,-0.011686828,-0.020154813,-0.012395494,-0.009136394,-0.010786088,-0.0339957,0.002753113,-0.032564905,-0.017471349,-0.026203305,-0.0030640087,-0.013012405,-0.023470888,-0.0026532768,-0.005006665,-0.002796844,-0.010588276,-0.031995416,-0.0061987126,-0.0049733236,-0.00547485,0.6027411,-0.012713182,-0.003593398,-0.01068901,-0.0054208213,-0.013569904,0.003248577
AC093734.1,-0.00012983274,-0.00067800406,-0.0008193134,-0.001257135,-0.0033231745,-0.0011261206,-0.0006002897,-0.001932538,-0.0001388038,-0.001782426,-0.0009104001,-0.001493502,-0.00015206389,-0.0007500838,-0.0015632287,-0.00013167608,-0.00024847034,-0.00013880421,-0.00073768967,-0.0019434593,-0.0003076279,-0.0004278204,-0.00027170297,-0.000662475,-0.000687793,-0.00017833481,-0.0006974701,-0.00026902236,-0.0008574479,0.07627074
ACTB,0.022943566,-0.10435524,-0.102300145,-0.1897961,0.53827554,0.23480435,-0.006526064,-0.31158313,0.03824511,-0.18224856,-0.10107816,-0.1817797,0.03105284,-0.085145764,-0.05722424,-0.03025882,-0.051694635,-0.01286039,-0.070349395,0.0605306,0.037343267,-0.052312206,-0.057199784,0.13325353,-0.07912759,0.05238189,0.1630109,-0.0024142854,-0.045932848,-0.018537821
FSCN1,0.0015774466,-0.013152375,-0.01017464,-0.028163895,0.15906693,-0.018261598,-0.014986162,-0.044530675,0.001083164,-0.0405453,-0.022007743,-0.033167306,-0.003796154,-0.0161123,-0.03415326,-0.0032872576,0.080565006,-0.003465245,-0.01841596,-0.04555351,-0.007679863,-0.010680429,-0.0044906777,-0.0155754,-0.017170686,0.037527315,0.11095707,-0.0019197161,-0.01987768,-0.0085715335
AC006042.1,-0.00027543528,-0.0014383242,-0.0017381182,-0.0026669516,-0.0070499214,-0.002388977,-0.001273494,0.00014015687,-0.00029446688,-0.0037813555,-0.0019313325,-0.0031683159,-0.0003225936,-0.0015912701,0.011825649,-0.00027934252,-0.0005271155,-0.0002944646,-0.0015649543,0.0085419435,-0.000652618,0.016287474,-0.0005763956,-0.0014053872,0.0093367025,-0.00037832197,-0.0014796567,-0.00057072385,-0.0018190277,-0.0008630504
TSPAN13,0.081924014,0.08689944,0.10113818,0.5104033,-0.10884848,-0.034297347,-0.020222994,-0.0666935,0.000813591,-0.062052473,-0.031106025,-0.050548587,-0.0029372699,-0.028005477,-0.05570052,-0.0049162908,0.032917753,-0.0051824558,-0.024614133,-0.06361569,-0.007377612,-0.013923275,0.034412783,0.011305841,-0.023140034,0.035428382,-0.020588141,-0.008412607,-0.027402932,0.32632682
AGR2,-0.00015901442,-0.00083038065,-0.0010034719,0.009050238,0.0010983112,-0.0013792252,-0.0007352214,-0.0023668823,-0.00017000249,-0.0021830378,-0.0011149866,-0.0018291619,-0.000186234,-0.0009186739,-0.0019145547,-0.00016127396,0.05077993,-0.00017000244,-0.00090348325,-0.0023802272,-0.00037677324,-0.0005239706,-0.0003327708,-0.0008113607,-0.00084240857,-0.00021841678,-0.0008542223,-0.00032948132,-0.0010501671,-0.0004982703
AHR,0.013137338,-0.046595603,-0.04784837,-0.0909847,0.5325388,-0.007804324,-0.04410955,-0.1418606,0.0005625836,-0.082227014,-0.045213204,-0.10823027,-0.007219199,-0.039969783,-0.107147254,-0.007177766,-0.00022786425,-0.00026952507,-0.05347927,-0.14725994,-0.019271996,-0.009406415,-0.017267812,-0.044746242,-0.04321824,0.026440553,0.12272318,-0.013601227,-0.060478482,-0.015540234
HDAC9,0.02188249,0.065625675,0.0382422,0.107259914,0.27869552,0.055958837,-0.034739073,-0.12928134,-0.0066198357,-0.12003656,-0.058529336,-0.10191959,-0.007875494,-0.049532097,-0.09047723,-0.0020463418,-0.0058658947,-0.009809193,-0.042913154,-0.10069768,-0.012729307,-0.025287323,0.010438771,-0.030654114,-0.04255001,0.07699343,0.17715788,-0.018114677,-0.046281528,0.073306695
TWIST1,-0.0003180537,-0.0016608428,-0.0020070425,-0.0030795021,-0.00038843197,-0.0027586212,-0.0014705088,-0.0010623795,-0.00034002654,-0.00044857935,-0.0022301362,-0.0036586327,-0.0003725003,-0.0018374652,0.0005415151,-0.00032256765,-0.0006086648,-0.0003400265,-0.0018070483,-0.0047608274,-0.00075358636,-0.0010480047,-0.00066560326,0.037168033,0.017014476,-0.00043685545,-0.0017085451,-0.000659026,-0.0021004968,-0.0009965842
TWISTNB,0.019925758,0.0060402327,-0.0030151613,-0.0055396133,0.055071745,0.02363282,-0.0116975885,-0.03562032,0.02459382,-0.014760071,-0.0056365165,-0.013255649,0.027026853,-0.005536581,-0.011643591,-0.001783623,0.03439543,0.009598921,-0.005732158,-0.03157591,0.022262538,0.008671104,0.021181958,-0.045468178,-0.016087793,0.0077585266,0.052921385,-0.00036890534,-0.0034297195,0.024367455
CDCA7L,0.029349161,0.117121264,0.11580366,0.37447238,-0.14222352,-0.038510118,-0.024159843,0.059222177,0.039398205,-0.054938994,-0.03867191,0.027533246,0.039622553,-0.027701171,-0.06692086,-0.007153899,0.052399643,-0.005195061,-0.037919942,-0.09000814,0.02708278,-0.017467,0.04285062,-0.030032227,-0.0011075658,0.012814839,0.017976679,0.008395001,-0.030221673,0.14484106
IL6,-0.0042236284,0.0072195097,-0.017552655,-0.011019966,0.19397317,0.028242337,-0.017045226,-0.049568683,-0.004515425,-0.048652884,-0.023571948,-0.040916845,-0.0018021388,-0.019759897,-0.040028628,-0.0042836135,-0.008083085,-0.0045154262,-0.023323435,-0.046779145,-0.0052618585,-0.012769958,-0.003507491,-0.0139482375,-0.019482128,-0.0031252499,-0.0037031074,-0.008751616,-0.020294676,-0.008441995
IGF2BP3,-0.0026894438,0.008706151,0.019898834,-0.015284839,0.07651028,-0.005199899,-0.009869832,-0.03163927,-0.0028752938,-0.033160366,-0.018001094,-0.02820716,-0.0031499218,-0.011405864,-0.029224748,-0.0027276415,0.004014284,-0.0028752906,-0.013178319,-0.037174966,-0.006372438,-0.0088621285,0.027597118,0.20326394,-0.009744116,-0.0036941473,-0.002418961,-0.005572779,-0.015022279,-0.004707463
SNX10,0.0014473633,0.025920328,0.006265916,0.025333455,0.5139428,0.19664891,-0.05243796,-0.20265228,0.005746478,-0.16504516,-0.08293775,-0.15343262,-0.00034827605,-0.0652114,-0.122293934,-0.008205324,-0.00758831,-0.008558781,-0.060549546,-0.122428566,0.0013393917,-0.014262614,-0.015448798,-0.07125197,-0.0714842,0.016390245,0.08969302,-0.024099909,-0.06853316,-0.0036723742
KIAA0087,-0.00050295587,-0.0026264603,-0.003173935,-0.00486992,-0.011239473,-0.004362389,-0.0023253742,-0.0051642074,-0.0005377051,-0.004427314,-0.003526681,-3.520804e-05,-0.0005890584,-0.0029056724,-0.0032912805,0.02992082,0.24142516,-0.0005377058,0.030302327,-0.005215681,-0.0011917079,-0.0016573203,-0.0010525392,-0.0025663117,-0.0026644443,-0.0006908314,-0.0027019063,-0.0010421361,-0.0033216309,0.008321756
SKAP2,0.02097054,0.035532534,0.0258174,0.015730163,0.49240237,0.17772321,-0.052579563,-0.25406024,-0.012072853,-0.21498808,-0.090985276,-0.18943048,-0.0074789566,-0.083411925,-0.0951937,-0.01132253,0.0025692584,0.003205974,-0.050875943,-0.036884714,-0.0015512347,0.009342666,-0.0022989933,0.009302018,-0.07793423,0.013062517,0.09188438,-0.03360124,-0.050158657,0.07277488
HOXA5,-0.0018556726,-0.008065192,-0.0076122577,-0.016133767,0.07817234,4.1539577e-05,-0.008579662,-0.027620943,-0.0019838628,-0.024797216,-0.013011815,-0.02134603,-0.0021733488,-0.010720722,-0.022342604,-0.0018820142,0.1021628,0.013847474,-0.010543498,-0.011954545,0.0027231325,0.024822,-0.003883383,-0.007785834,-0.009830437,0.003546827,0.042327188,-0.003845042,-0.01225512,-0.0031206645
HOXA9,-0.0017467601,-0.009121607,-0.009578462,-0.014972596,0.0068014036,-0.0044367034,-0.008076093,-0.022630444,-0.0018674427,-0.023263747,-0.009629499,-0.016765978,-0.002045804,-0.010091511,-0.013805191,-0.0017715533,0.29615113,0.006522001,-0.008322021,0.0047372384,0.0034255793,0.037978314,0.00060622283,-0.008912741,-0.0075348457,0.062408403,0.0815229,-0.0036193926,0.012074307,0.005996456
CREB5,0.00011356806,-0.051935848,-0.062152617,-0.09758631,0.65918195,-0.028283825,-0.046727687,-0.15442999,-0.01013686,-0.14172198,-0.07042187,-0.11918792,-0.011325647,-0.060475107,-0.12154909,-0.007923701,-0.014900441,-0.00982562,-0.058475934,-0.15093191,-0.025427764,-0.033714537,-0.020228967,-0.04787102,-0.055059273,-0.012657505,0.10534274,-0.019777363,-0.066809066,-0.026594557
CPVL,0.011897088,-0.07219494,-0.0869931,-0.13382916,0.77131844,0.2063978,-0.06598917,-0.21256511,-0.012376322,-0.19443808,-0.09941225,-0.16288339,-0.016165767,-0.08123132,-0.169028,-0.0073311725,-0.01667556,-0.015264522,-0.08223187,-0.20750818,-0.03037762,-0.046428293,-0.028106384,-0.0628907,-0.076840185,0.06668578,0.20977293,-0.028639017,-0.09106183,-0.021512449
MTURN,-0.0009481521,0.0028243214,-0.015727606,-0.03686493,0.09756402,-0.009581494,-0.018089566,-0.050493885,-0.004152662,-0.047372628,-0.03297804,-0.05521987,-0.0051243287,-0.022285078,-0.024942411,-0.0011724668,0.10581695,-0.003515639,-0.032062847,-0.04150648,-0.009181914,-0.0062983404,-0.006735345,0.3063842,-0.01066634,0.018826073,0.034881644,-0.002264809,-0.013579314,0.07256193
AC005154.5,-9.180606e-05,-0.00047940065,-0.0005793316,-0.0008889201,0.0066021825,-0.0007962947,-0.00042447593,-0.0013665331,-9.815172e-05,-0.0012603811,-0.00064373494,-0.0010560723,-0.00010752462,-0.0005303768,-0.0011053451,-9.310878e-05,-0.00017568772,-9.815166e-05,-0.0005216405,-0.0013742659,-0.0002175238,-0.000302503,-0.00019212316,-0.00046842813,-0.00048634823,-0.0001260987,-0.000493181,-0.00019022767,-0.00060629996,-0.0002876587
AQP1,-0.0004498331,-0.0023490333,-0.00283866,-0.0043555684,-0.0005497392,-0.0039016462,-0.0020798112,-0.004098699,-0.00048091318,0.0076760137,-0.0031542534,-0.005174473,-0.00052685244,-0.0025988403,0.01004039,-0.00045622175,-0.0008608885,-0.00048091292,-0.0025558437,-0.0015615361,-0.0010658525,-0.0014822626,0.032098737,0.004564163,-0.0023830212,-0.0006178653,-0.0024165113,-0.0009320889,0.0077271634,-0.0014095138
PPP1R17,-0.0017418802,-0.0073517757,-0.010992026,-0.01589318,-0.027526153,0.31593123,-0.008053514,-0.02389957,-0.001862215,-0.023190299,-0.012214002,-0.018369026,-0.0020401007,-0.010063304,-0.02016739,-0.0017666069,-0.0033335055,-0.0018622113,-0.0098968325,-0.024054138,-0.0041271755,-0.005739679,-0.0036452399,-0.005308152,-0.009227636,-0.0023925542,-0.009357347,-0.0036092286,-0.0115036,-0.0054580085
NT5C3A,0.0020360996,0.020346088,0.024778575,0.091532975,0.0021613932,0.05310014,-0.0020261977,-0.03402539,0.017308837,-0.012009415,-0.016345825,-0.049848523,0.008573398,-0.019258304,-0.030906675,-0.004891,0.019505914,0.00036117886,-0.025659539,-0.038425982,0.008077118,-0.0056186686,0.027109772,0.14204445,-0.0073241373,0.0032495302,0.012163697,0.0061072237,-0.016001131,0.0026408783
ANLN,-0.001260601,-0.004182085,-0.0039586015,-0.009522644,0.022645706,-0.0035336525,-0.0031212159,-0.01597445,0.16014342,-0.010362283,-0.008839286,-0.007592766,0.05127535,-0.0029309331,-0.01517804,-0.0012785026,0.004043026,-0.001347704,-0.0071624108,-0.014236212,0.1905034,-0.00415387,0.04455999,-0.006432192,-0.0066781025,-0.0017315147,0.00021164853,-0.002612038,-0.0064095804,6.8510612e-06
AOAH,-0.013769854,-0.08065093,-0.09730751,-0.14793193,0.5267804,0.09216614,-0.04590833,-0.21331958,-0.013106964,-0.21362302,-0.1082991,-0.15078455,-0.006552093,-0.0878031,-0.035674695,-0.01282152,-0.021469077,-0.012849174,-0.07580692,0.13773704,0.012790619,5.1206633e-05,-0.031108864,-0.069945805,-0.08492102,0.0019196771,0.091061145,-0.031333,-0.018878024,-0.049495216
TRGC2,-0.009210717,-0.03862764,-0.046643887,-0.07323056,-0.1969488,-0.066565566,0.12001302,-0.10906396,0.0028631743,-0.053550534,0.016417596,-0.06395094,0.036840282,0.049181215,0.36128512,-0.0076881535,-0.010353275,0.018715475,0.16754468,0.083497494,0.02583191,0.05657077,-0.0152242035,-0.034169775,-0.03991886,-0.0089773135,-0.036930382,-0.0049875975,0.25603282,-0.026672268
TRGC1,-0.008309701,-0.03354436,-0.041671786,-0.068175,-0.1858786,-0.06350531,0.016189352,-0.1001627,-0.0036496543,-0.07544724,-0.018532407,-0.07396793,0.005503275,-0.005102211,0.1326048,-0.0046997215,-0.006821411,0.033734806,0.06285332,0.33901104,0.073632516,0.10461594,-0.012026159,-0.032914285,-0.04055925,-0.011413752,-0.036854327,-0.01001127,0.3194871,-0.02237319
BLVRA,-0.00568474,-0.0588149,-0.057067644,-0.116219945,0.48212084,0.24471568,-0.03978215,-0.1500426,0.0065671294,-0.0875439,-0.057181012,-0.11652963,-0.002116691,-0.052180104,-0.10579973,-0.00650234,0.01012193,-0.006925244,-0.06113314,-0.12280664,-0.004083539,-0.0369237,-0.007364028,-0.057817522,-0.053355,0.003646876,0.037659045,-0.016311513,-0.06337403,-0.03244639
IGFBP3,0.0031235407,-0.013096358,-0.013478791,-0.025127245,-0.06458837,-0.022264434,0.027943809,-0.030999653,-0.0029129034,0.057974372,0.11015737,-0.014705028,-0.0031910983,0.039192166,0.05319812,-0.0027633058,-0.0052142837,-0.0029129018,0.013604119,-0.021266513,-0.0015670332,-0.008978116,-0.0029747675,-0.013902477,-0.009974635,-0.0037424446,-0.013560504,-0.002833515,0.011598934,0.107495636
SPATA48,-0.00034354086,0.02453683,0.005144407,0.011383017,-0.008793193,0.007860422,-0.0015883559,-0.0051135276,-0.00036727267,-0.0010900389,0.010820356,-0.0039517893,-0.00040235437,-0.001984731,-0.0041363696,-0.00034841572,0.022991685,-0.00036727326,-0.0019519334,-0.0051424443,-0.00081398874,-0.0011320204,-0.00071893184,-0.0017529156,-0.0018198957,-0.00047186762,0.006693848,-0.0007118296,-0.002268813,-0.0010764486
CALN1,-0.00064941426,-0.003391256,-0.00022544834,-0.0062879887,-0.0052259727,0.00010666137,-0.003002548,-0.0042653037,-0.00069427816,-0.0089154085,-0.004553734,-0.007470355,-0.0007605923,-0.0037518395,-0.0035336933,-0.0006586352,0.29912862,-0.00069427775,-0.0036897792,-0.004343564,-0.0015387249,-0.0021398836,-0.0013590449,0.0014416827,0.001141851,-0.0008920011,0.005546418,-0.0013456019,0.0031272068,-0.0020348788
ELN-AS1,-0.00029033687,-0.0015161156,-0.0018322006,-0.002811194,-0.00743132,-0.002518196,-0.0013423484,-0.004321529,-0.00031039436,-0.003985837,-0.002035792,-0.003339717,-0.00034003804,-0.0016773139,0.001292174,-0.0002944548,-0.0005556267,-0.00031039407,-0.0016496109,0.015677985,0.021933896,-0.0009566901,-0.0006075955,-0.0014814156,-0.0015380591,-0.00039878592,-0.0015597077,-0.00060159905,0.022935562,-0.00090974534
NCF1,0.0114552695,0.056574415,0.039454434,0.19119458,0.61740685,-0.018205687,-0.07513323,-0.14449729,-0.01415999,-0.16139258,-0.07688156,-0.11832811,-0.018789463,-0.070066094,-0.18172264,-0.013868428,-0.03169066,-0.0095665725,-0.069504,-0.2496024,-0.04088249,-0.048632152,0.026259692,-0.071253516,-0.064286076,-0.0028328719,-0.028538862,-0.024804236,-0.09503932,0.07634554
HIP1,0.05168929,-0.021903725,-0.02984158,-0.032181717,0.2011656,0.024091354,-0.022896001,-0.099819854,0.0006139483,-0.078277186,-0.03407404,-0.070453666,0.005033232,-0.02766312,-0.045252956,-0.0072680595,0.011684254,-0.002896056,-0.018945318,-0.027467063,0.00201329,0.013250274,0.04607268,-0.0297965,-0.03462898,0.033060577,0.2018069,-0.012465002,-0.018587664,0.08769593
FGL2,0.016129173,-0.064275965,-0.090874575,-0.14851467,0.77992606,0.25084776,-0.06169675,-0.24050969,-0.010123165,-0.217764,-0.10741293,-0.19033156,-0.015333552,-0.091629796,-0.14938882,-0.0092211235,-0.029378034,-0.016953891,-0.09058622,-0.13406901,-0.02291281,-0.045109317,-0.02797389,-0.06407135,-0.086599216,0.045389514,0.13616888,-0.03477111,-0.084119126,-0.045656387
CD36,0.0059109014,-0.06898582,-0.085168965,-0.12775318,0.814537,0.027992316,-0.06434577,-0.20288062,-0.012596731,-0.18687192,-0.09461778,-0.15663303,-0.017233012,-0.07908176,-0.15888827,-0.005184041,-0.022383112,-0.015730575,-0.0780089,-0.19764592,-0.03245279,-0.042797323,-0.027756657,0.007494532,-0.07553641,-0.004690151,0.09299564,-0.028242214,-0.08582139,0.07647461
PCLO,-0.00047713623,-0.002491573,0.02858921,0.005973815,-0.00876643,-0.00023568627,-0.0022060107,-0.004652544,-0.00051009556,-0.003938239,-0.0033456257,-0.0024567458,-0.00055882393,-0.0027565544,-0.0057447804,-0.0004839054,0.15234129,0.029944094,-0.0027109745,-0.0071420944,-0.0011305237,-0.0015722316,-0.000998508,-0.0024345568,-0.0025276437,-0.00065536227,0.009734349,-0.0009886419,-0.003151067,-0.0014950568
AC005009.1,-9.180606e-05,-0.0004794006,-0.0005793314,-0.00088892004,-0.0023498156,-0.0007962952,-0.00042447608,0.011353351,-9.8151766e-05,-0.0012603814,-0.0006437349,-0.0010560725,-0.000107524625,-0.00053037674,-0.0011053444,-9.3108756e-05,-0.0001756876,-9.815172e-05,-0.00052164093,-0.0013742666,-0.00021752385,-0.0003025029,-0.00019212315,-0.00046842807,-0.0004863484,-0.00012609868,-0.00049318105,-0.00019022763,-0.0006062999,-0.00028765865
STEAP4,-0.0068713347,-0.033984274,-0.03948639,-0.061766673,0.453179,-0.05039046,-0.030707028,-0.094761096,-0.0073460154,-0.08946823,-0.045319095,-0.07342121,-0.008047633,-0.036751755,-0.07586357,0.001995553,-0.008335102,-0.0050443383,-0.03643183,-0.09652785,-0.013175772,-0.021132413,-0.011124876,-0.030515147,-0.033567656,-0.009437903,-0.024280908,-0.013058731,-0.040357206,-0.020796284
CDK6,0.010627896,-0.037346985,-0.023324834,-0.025368353,-0.10620064,0.037952714,-0.0058074114,0.006867062,0.012516814,0.04675833,0.028872672,-0.0016945146,0.0075272196,0.013054046,0.008416806,-0.0067297267,0.115219094,0.004670499,0.025425544,0.04084485,0.018213416,0.0131855365,0.050261844,-0.027289907,-0.023294903,0.037947636,0.05069404,-0.012873601,0.0058923094,0.020061294
AC002454.1,-0.00078482705,-0.0040983846,-0.00495266,-0.007599167,-0.012754383,-0.004433069,-0.0036286602,-0.010192278,-0.00083904504,-0.010774474,-0.002603641,-0.009028055,0.015976353,-0.0010448084,-0.009449442,-0.00079596456,0.5373831,-0.00083904585,-0.004459201,-0.01174785,-0.0018595489,-0.0025861145,-0.001642422,-6.684383e-05,-0.0041576633,0.013328202,0.018216126,-0.0016262147,-0.0051831705,0.0038859872
TFPI2,-0.00037857585,0.0139531735,-0.0023890072,-0.0036655692,-0.0053478796,-0.0032835226,-0.0017503424,-0.0056349165,-0.00040472942,-0.0051971776,-0.0026545648,-0.004354743,-0.00044338388,-0.0021871242,-0.004558141,-0.000383947,-0.0007244953,-0.00040472808,-0.002150925,-0.005666768,-0.0008969944,-0.001247454,-0.0007922399,0.09584013,-0.002005487,-0.00051998335,0.005714836,-0.00078443333,-0.0025001417,-0.0011862118
GNG11,0.021667236,0.064827636,-0.01155541,0.0037076827,0.020265486,0.009557303,-0.018503336,-0.052512486,-0.0056834095,-0.05316411,-0.02348774,-0.046988606,-0.0036874146,-0.022667643,-0.036291502,-0.0025039352,0.048542053,-0.0027714365,-0.019215938,-0.048025962,-0.006289055,-0.010054747,-0.0083282925,0.5092082,-0.020504415,0.0012777427,0.025590954,-0.00501907,-0.020872945,0.048752394
PEG10,-0.0018625455,0.0862386,0.047861863,0.14218868,-0.044133954,-0.016154783,0.00790127,-0.025200605,-0.001991232,-0.01546385,-0.010606046,-0.019086666,-0.0021814208,-0.010760382,0.013660003,-0.001889001,-0.0035644958,-0.0019912345,-0.0090867,-0.012797749,0.0026915774,0.006665602,-0.0038978006,-0.009503572,-0.009866903,-0.0025583215,-0.010005697,-0.0038592683,-0.00059127196,-0.005836086
PPP1R9A,-0.0025895492,-0.0041338997,0.026674114,0.028881263,-0.062462673,-0.0073135924,-0.011973068,-0.03581825,0.0028410319,-0.03555141,-0.018158263,-0.025292508,-0.0030329374,-0.010722046,-0.026287276,-0.002626388,0.02645842,0.02004272,-0.012540469,0.13602908,0.032107,0.28453597,0.008969881,-0.008353411,-0.012555275,0.00081031636,-0.012778714,-0.0053657647,-0.015224874,-0.00039628838
PDK4,-0.0062920437,-0.03132858,-0.037113905,-0.048068345,0.2988313,0.19373564,-0.027323278,-0.08894478,-0.0043907138,-0.08292011,-0.040956885,-0.071371384,-0.0073692836,-0.03205407,-0.0737982,0.0035415813,-0.010657696,-0.0042102668,-0.033337574,-0.08988693,-0.014908326,-0.020732973,-0.013167535,-0.029490942,-0.032293387,-0.0068477066,0.031471655,-0.013037363,-0.03818908,-0.01329126
BRI3,0.0030042385,-0.069404796,-0.08656205,-0.1242857,0.7006827,0.2546268,-0.06487048,-0.16182078,-0.009546111,-0.1603724,-0.0947555,-0.1457608,-0.017103674,-0.075124376,-0.16756298,-0.011232983,-0.012448344,-0.016101528,-0.08543837,-0.20460668,-0.0361602,-0.0490007,-0.026247812,-0.07075345,-0.059534162,0.016117377,0.07377991,-0.023258533,-0.093229696,0.04211304
MCM7,-0.0018954751,0.014296056,0.0110766115,0.025609437,-0.027189517,0.01917641,-0.0029864274,0.004273448,0.06347197,-0.030783817,-0.013594204,0.0010356416,0.061518915,-0.013121162,-0.005374269,-0.0020270033,0.02030438,0.00026285768,-0.012395203,0.015173111,0.12912525,0.0051147505,0.024163276,-0.029983591,-0.004959584,0.0048992294,0.007694457,0.004820253,-0.010357446,0.012095072
STAG3,0.0077446196,0.033506002,0.08998511,0.22448206,-0.06345363,-0.017587183,-0.014036568,-0.018347729,0.017677087,-0.020444162,-0.010984686,-0.0011513653,0.0020322397,-0.005345006,-0.02161963,-0.004041387,-0.0014688512,-0.0042601433,-0.011104597,-0.029097777,0.0073189065,-0.0033541424,0.0028880434,-0.015509793,-0.010260071,-0.0054733725,0.0036891275,0.005200556,-0.0033006284,0.006401606
PILRA,-0.0121681355,-0.06766446,-0.07930707,-0.12725757,0.6974687,0.35345292,-0.061858255,-0.20105545,-0.01422788,-0.18577076,-0.09308623,-0.15418214,-0.014140345,-0.0782631,-0.15866405,-0.0057675885,-0.024514006,-0.015354516,-0.07748699,-0.19575083,-0.03304939,-0.044135027,-0.026555987,-0.058340948,-0.07122355,-0.016650395,0.09794413,-0.026936589,-0.08500743,-0.037920006
NAMPT,0.0018854373,-0.053641263,-0.06718242,-0.11427778,0.74410504,0.20197415,-0.059349462,-0.20535316,-0.00024943936,-0.18219751,-0.09102111,-0.15472038,-0.0058585866,-0.07516855,-0.15129545,-0.009979042,-0.02095613,-0.004233222,-0.07131721,-0.20100167,-0.020459076,-0.04213617,-0.01124994,-0.06068197,-0.077726424,0.006419256,0.066032425,-0.025600655,-0.08313161,-0.008884927
PRKAR2B,0.011087699,-0.02713318,-0.029118543,-0.045956757,0.102909766,0.060047425,-0.020691322,-0.07225981,-0.006117385,-0.06600131,-0.032061603,-0.05154321,-0.004252636,-0.024862994,-0.0521525,0.0022762418,0.036920372,-0.0033698948,-0.026744023,-0.06815337,-0.004005791,-0.009961685,-0.0067458055,0.44762495,-0.027001709,0.05860834,0.112180546,-0.010440644,-0.028329335,0.04403414
LAMB4,-0.00012983195,-0.0006780119,-0.00081930833,-0.0012571365,-0.0033231613,0.013213588,-0.00060028955,-0.001932539,-0.00013880363,-0.0017824295,0.016586978,-0.0014935032,-0.00015206513,-0.0007500805,-0.001563215,-0.00013167506,-0.00024846933,-0.00013880403,-0.0007376939,-0.0019434574,-0.0003076276,-0.0004278213,-0.00027169974,-0.00066247757,-0.0006877858,-0.00017833593,-0.00069746614,-0.00026902047,-0.00085744896,-0.00040681774
LRRN3,-0.006836549,-0.032574475,-0.039747782,-0.06036438,-0.1586705,-0.057100307,-0.029974137,0.3034823,0.008113141,-0.003145476,-0.027956601,0.34046397,0.0037259052,0.030262435,-0.07114928,-0.00017851779,-0.011848335,-0.0073089553,-0.035752933,-0.09515466,-0.013181405,-0.022527639,-0.013222481,-0.02837765,-0.017558591,-0.007739245,-0.03544156,0.022940746,-0.027895305,-0.020694388
TFEC,0.0014743889,0.019493839,-0.0135150775,-0.09323969,0.6022943,-0.012528729,-0.045630068,-0.15194759,-0.008547259,-0.13927938,-0.0700772,-0.117565334,-0.011362369,-0.057916082,-0.120636605,-0.0063168164,0.019442115,-0.011484394,-0.058663823,-0.15045491,-0.022588693,-0.034404498,-0.020396702,-0.04620047,-0.053355124,-0.013703538,0.07981863,-0.020617863,-0.063889675,0.020167764
CAV2,-0.0010990467,-0.0029918787,-0.004647576,-0.010641679,-0.004929183,-0.004443959,-0.005081494,-0.01529486,-0.0011749966,-0.01395367,-0.0077064843,-0.012642406,-0.0012872068,-0.006349485,-0.011966471,-0.0011146467,0.005288462,-0.0011749929,-0.0037131999,-0.013271792,-0.0026040787,-0.0036215207,-0.0023000117,0.25606263,-0.005822221,0.008780258,0.0021028286,-0.0022772949,-0.0028757867,-0.00344381
CAV1,-0.0011067158,-0.00032450145,0.006667735,0.0030165266,-0.02535093,-0.0062307743,-0.0051169847,-0.014356341,-0.0011831761,-0.011805088,-0.0077603743,-0.011418899,0.010711286,-0.0039132787,-0.009545143,-0.0011224332,0.012589874,-0.0011831797,-0.0062880483,-0.014456943,0.0033303327,0.00065059186,0.4952986,0.008333889,-0.0058628903,-0.0015201486,-0.003293021,0.16778994,-0.0073090666,-0.0034678192
TSPAN33,0.016341124,0.12212635,0.08412661,0.18161522,0.028483383,-0.01768145,-0.028933702,-0.06898365,-0.006828747,-0.07917881,-0.04207974,-0.04574834,-0.000923629,-0.029012442,-0.06731745,-0.0064780745,0.010322479,-0.006828745,-0.034376208,-0.085190825,-0.007488405,-0.014605988,-0.0039863815,0.23234965,-0.03076798,0.11731019,0.18202057,-0.010594199,-0.03603226,0.009112161
CPA5,-0.002991995,-0.010518015,-0.013788077,-0.026677884,-0.068306476,-0.024083422,-0.013833257,0.005391563,0.016350651,0.031216048,0.0051997434,0.19613037,0.009809621,0.037352044,-0.019915996,-0.0030344161,-0.0057258597,-0.0031986916,-0.010382489,-0.042009406,-0.002699319,-0.009858932,-0.006261337,-0.012094953,0.051302537,-0.004109579,-0.016072914,0.014184631,-0.018120756,-0.0060267206
PLXNA4,0.08266583,-0.010130854,-0.011616805,-0.019024612,-0.05115732,-0.017421499,-0.0070785703,-0.022110479,0.004233655,0.014244154,-0.013379301,0.0017023883,-0.0025807307,-0.0052118315,-0.023336783,-0.0022347863,-0.004216951,-0.0023557204,-0.0125197405,0.05033445,0.015788103,0.053543944,-0.0046113227,-0.0055597,-0.011672965,-0.0030265918,-0.00649682,-0.0011593819,-0.0057561304,0.38908377
CALD1,-0.0022459344,0.008474361,0.013917115,-0.01117813,-0.026997868,-0.0053479583,-0.004286662,-0.021907685,-0.0024010723,-0.014086537,-0.011682764,-0.010934315,-0.0026304165,-0.0068587027,-0.013948232,-0.0022778139,-0.0042981682,-0.0024010763,-0.007772168,-0.01639495,-0.005321522,-0.0052807424,-0.0047000768,0.3463387,-0.0065517314,-0.0030848964,-0.006837041,0.0021066593,-0.002948011,0.02406018
TMEM140,-0.0048588347,-0.0021869573,-0.0050740875,-0.006339732,-0.01700808,0.020154158,-0.01147421,-0.029683976,0.0067691724,-0.030389417,-0.011093016,-0.00682387,-0.00015043475,-0.0022517769,-0.0040608007,-0.0016911876,0.000944075,-0.0051944866,-0.014342575,0.005724896,0.0051879818,-0.0027264545,0.017418731,0.29036793,-0.015407224,-0.0043478715,-0.006690681,-0.008415723,-0.0067296396,-0.0079026185
PTN,-0.00024290367,-0.0012684757,-0.0015328691,-0.0023519474,-0.0062173787,-0.0021068552,-0.0011230954,0.0011921851,-0.00025969205,0.012052721,0.0076489314,0.0031571204,-0.00028449495,-0.0014033404,-0.0029246714,-0.0002463508,-0.00046486664,-0.00025969194,0.010059696,-0.0036360393,-0.0005755487,-0.00080040074,-0.0005083357,-0.0012394354,-0.0012867998,-0.0003336401,-0.0013049105,-0.0005033188,-0.0016042112,-0.00076112297
CLEC2L,0.010255672,-0.0047366037,-0.006570195,-0.011702705,-0.00846182,-0.004655958,-0.0061904513,-0.017308354,-0.0014314046,-0.015583302,-0.00938835,-0.015401569,-0.001568112,-0.0077352137,-0.012998406,-0.0013579117,-0.0025623266,-0.0014314046,-0.007607298,-0.019171614,-0.0031724179,-0.004411853,-0.0028019608,0.32621893,-0.0048689093,0.023496468,-0.005001342,-0.0027742968,-0.0088423295,0.003250146
TBXAS1,0.00453224,-0.06058951,-0.049106177,-0.11764237,0.5582829,0.27764952,-0.051332235,-0.18244933,-0.009396016,-0.15162489,-0.08083041,-0.14533629,-0.011803413,-0.07200869,-0.14629763,-0.008441007,0.008638514,-0.009625241,-0.06538811,-0.08941394,-0.0070971604,-0.032082163,-0.011032958,-0.025220782,-0.06675812,-0.0037234065,0.07063724,-0.026651233,-0.081168436,-0.013836165
CLEC5A,-0.003138451,-0.016389221,-0.019805344,-0.028730365,0.21053018,-0.020666169,-0.014510584,-0.045184795,0.0012713781,-0.04186775,-0.02053024,-0.03562873,0.0005475764,-0.015456815,-0.035052232,0.0016939612,-0.006006298,-0.003355313,-0.017831896,-0.04506834,-0.0074361986,-0.008792267,-0.0065679844,-0.016013952,-0.016626121,-0.004310856,-0.0046566813,-0.006503,-0.019937804,-0.008204074
AC245088.2,-0.00043068148,-0.0022490264,-0.0027178219,-0.004170036,-0.011023536,-0.0037355453,-0.0019912182,0.0017270751,-0.00046043243,-0.0059124436,-0.0030199836,0.05212667,-0.0005044216,0.0038609134,-0.0051855287,-0.0004367872,-0.0008242007,-0.0004604304,-0.0024470286,-0.0037466567,-0.0010204322,-0.0014191201,-0.00090127013,-0.0021974745,-0.002281493,-0.00059155707,-0.0023136174,-0.0008924053,-0.0028443139,-0.0013494962
TRBV3-1,-0.001236862,-0.006458816,-0.0078050974,-0.01197592,-0.030328477,-0.0077166017,0.002536469,0.03745878,-0.0013223058,0.019370118,0.017105086,0.006860195,-0.0014485796,0.0083683785,0.009908056,-0.0012544031,0.00420069,-0.0013222999,-0.0025217503,-0.015684422,-0.0029306044,-0.004075546,-0.002588358,-0.006310927,0.020007946,-0.0016988781,-0.0066443984,-0.0025628195,-0.0062192525,-0.0038755774
TRBV6-2,-0.0016489185,-0.0067814514,-0.0073528006,-0.013915693,-0.03771552,-0.0131714,-0.0034852934,0.029592736,-0.0017628723,0.01607132,0.014756945,0.024185559,0.0061123106,0.012112799,0.021678392,-0.0016723472,-0.0031556569,-0.0017628656,0.031296447,-0.02184852,0.004065977,-0.0025488045,-0.0034507278,-0.0065251742,0.00939352,-0.0022648587,-0.008858076,0.014855071,-0.010889759,-0.0051668123
TRBV6-8,NaN,NaN,NaN,NaN,NaN,NaN,NaN,NaN,NaN,NaN,NaN,NaN,NaN,NaN,NaN,NaN,NaN,NaN,NaN,NaN,NaN,NaN,NaN,NaN,NaN,NaN,NaN,NaN,NaN,NaN
TRBV14,-0.0015532705,-0.0042155054,-0.00980196,-0.009606048,-0.034988124,-0.012273786,-0.004988134,0.019195192,-0.0016606041,0.017329838,0.0038018774,0.036319155,-0.0018192143,0.015810166,0.027148373,0.0083401175,0.0022651958,-0.0016605996,0.00015440262,-0.018739423,-0.0036803677,-0.0051182597,-0.0032505745,-0.007925544,0.012954174,-0.002133511,-0.008344275,0.011353789,-0.0055901404,-0.0048670536
TRBV18,-0.0015964864,-0.00644543,-0.010074684,-0.015458039,-0.03725524,-0.01384716,0.097467996,0.032092057,-0.0017068079,0.034488533,0.015937686,-0.0029193836,0.0064521804,-0.0040678037,0.016673103,-0.0016191589,-0.0030552892,-0.001706807,-0.0090709375,-0.020972187,0.00033114862,-0.0052606557,-0.0033410015,-0.004262933,0.00090462406,-0.0021928737,-0.008576398,0.01085151,-0.010543586,-0.0050024246
TRBV23-1,-0.00048589916,-0.0025373385,-0.0030662126,-0.0047046603,-0.012436813,-0.0042143785,0.0047405306,0.014405922,-0.00051946146,0.006154791,0.0059495587,0.00929219,-0.0005690747,0.002822709,-0.0029888873,-0.00049279135,-0.00092988706,-0.00051946106,-0.002760747,-0.004879882,-0.0011512863,-0.0016010657,-0.0010168478,-0.0024792578,0.003548574,-0.0006673962,-0.0026102003,-0.0010068032,0.006692698,-0.0015225168
TRBV28,-0.0033121207,-0.01363135,-0.011756153,-0.0248667,-0.06733179,-0.024781078,-0.0038253001,0.053033683,-0.0035409501,0.035667658,0.017463055,0.033517636,0.024738422,0.007875635,0.06539562,-0.0033591238,-0.001370247,0.00089843484,0.005066657,-0.032182474,-0.005850381,-0.008030646,-0.006931292,-0.009238126,0.014654904,-0.0011315566,-0.013364191,0.014152583,-0.008653032,-0.008874143
PRSS2,-0.0003785715,-0.0019769107,-0.0023889765,-0.0036655588,-0.0075186305,0.0016344622,-0.0017503353,-0.005634865,-0.00040472587,-0.0019057591,-0.0026545324,-0.0043548075,-0.00044338452,-0.0021870937,-0.0045580734,-0.00038394335,0.21389534,-0.00040472616,-0.0021509551,-0.002594597,-0.0008969931,0.011266027,-0.00079224096,-0.0019316328,0.005851925,-0.00051998947,0.0057143862,-0.00078442105,-0.002500189,-0.0011862274
TRBC1,-0.015739188,-0.07544377,-0.09176544,-0.14428611,-0.38593036,-0.12870334,0.0934843,0.18280439,0.011106197,0.1639457,0.08242323,0.10395051,0.010934739,0.042118553,0.12818176,-0.006330695,-0.02837205,0.0073040365,-0.018341305,0.19259246,0.02247869,0.00022206777,-0.030655138,-0.055933595,0.059043463,-0.019022996,-0.08226928,0.024470381,0.079896875,-0.047729462
TRBC2,-0.02125085,-0.02470461,-0.05087997,-0.049332824,-0.52736896,-0.18028066,0.06637339,0.22673912,0.023242917,0.21975805,0.10156573,0.17299126,0.023146825,0.09415559,0.24015987,-0.0065335087,-0.022456942,-0.0004612065,0.10286188,0.04255478,0.009319726,-0.013838842,-0.020370523,-0.074963786,0.08551443,-0.027888898,-0.11032093,0.039824508,0.022602636,-0.06303442
CNTNAP2,-0.0029347495,0.04091412,0.18585691,0.3414288,-0.07032861,-0.022907091,-0.013568675,-0.0416793,-0.0031374139,-0.038567904,-0.019006932,-0.031268552,-0.003437132,-0.015071126,-0.03244965,-0.0029763589,0.055700306,-0.003137419,-0.016674286,-0.042720918,-0.0047071367,-0.0031273183,-0.0010423238,-0.012824217,-0.014524856,-0.0040309834,-0.01276621,-0.006080877,-0.019381447,-0.009195621
EZH2,0.0052992096,-0.009400415,-0.0068904697,-0.039033372,0.12249155,0.022287734,-0.009948864,-0.060228165,0.065736875,-0.041049834,-0.031843856,-0.049437694,0.06171921,-0.020929018,-0.027485149,-0.0047179093,0.024110734,0.0077196322,-0.031688217,-0.0076300898,0.112791106,0.0060095578,0.06152479,-0.027023748,-0.016179256,0.02756419,0.076116,0.0032333874,-0.018314429,0.013259806
PDIA4,0.009040127,-0.019998113,-0.031151863,-0.049110413,0.071307495,0.016550869,-0.0074451556,-0.06767563,0.027577205,-0.02364974,-0.010949737,-0.047278978,0.008058347,-0.01302705,-0.0104015265,-0.0026686653,-0.00019180476,-0.004570522,0.014889632,0.057387393,0.033552364,0.0018963474,0.108478114,-0.056734744,-0.028878523,0.027848572,0.030052286,-0.007930484,0.002764827,0.09635354
ZNF467,-0.003912473,-0.051545,-0.060115706,-0.09158868,0.5457697,0.040115595,-0.043044034,-0.1230939,-0.009674975,-0.1217774,-0.066945314,-0.10228897,-0.010682594,-0.05310451,-0.10806488,-0.0010191944,-0.012661525,-0.00936884,-0.053933162,-0.13775188,-0.023764256,-0.032544024,-0.020328308,-0.045104656,-0.04905758,0.023282083,0.10125589,-0.019610934,-0.060232427,0.0018199249
RARRES2,-0.00025968062,-0.0013560344,-0.0016387056,-0.0025144136,-0.006646605,-0.002252302,-0.0012006345,-0.003865288,-0.00027761987,-0.0035650374,-0.001820879,0.0025807465,-0.00030413686,-0.0015002586,-0.0031266059,-0.00026336973,-0.00049696025,-0.00027762007,-0.0014754395,0.00059077016,-0.0006152843,-0.0008556915,-0.00054343225,-0.0013249908,-0.0013756457,-0.00035668144,-0.0013950187,-0.0005380778,-0.0017149905,0.114205696
LINC00996,-0.0027500119,0.079650745,0.0683254,-0.013029525,-0.058672003,-0.01774889,-0.008965411,-0.0362102,0.012906895,-0.032250073,-0.009280087,-0.028978566,-0.0032207412,-0.011883353,-0.021852316,-0.0027890136,-0.005262769,-0.0029399372,-0.01050274,0.045909386,0.01991032,0.038085844,0.005054296,-0.012879509,-0.014567968,-0.0037772306,-0.0126392245,-0.0056980723,0.0004626676,0.5284386
TMEM176B,-0.0113560315,-0.053841855,-0.06497116,-0.09889058,0.60411173,0.21289364,-0.04704743,-0.15616821,-0.010865735,-0.1452675,-0.073378,-0.12366597,-0.010813265,-0.061934073,-0.12579164,-0.0027915207,-0.020289429,-0.012140598,-0.057738516,-0.15501139,-0.023919908,-0.035643097,-0.019224174,-0.045535486,-0.057687853,-0.014617145,-0.014638066,-0.022764184,-0.06838443,-0.030586436
TMEM176A,-0.0094049135,-0.043487772,-0.05506751,-0.085313395,0.5325487,0.1252559,-0.039221726,-0.13283354,-0.0085214,-0.12123675,-0.06207344,-0.10264166,-0.011014941,-0.050322533,-0.10506652,-0.0061469954,-0.017139869,-0.010054467,-0.05167883,-0.13057558,-0.022283943,-0.029173767,-0.014827198,-0.03916353,-0.048001993,-0.011713982,-0.015112321,-0.019487197,-0.055181846,-0.025053754
INSIG1,0.0053246683,-0.006371689,-0.026740253,-0.009179937,0.07659824,0.24316314,-0.015875481,-0.08982587,0.026490614,-0.06734616,-0.028350048,-0.06023968,0.00540245,-0.03477522,-0.032045662,-0.010634511,0.009132302,0.0011027827,-0.030610863,0.009180449,0.015086562,-0.004840057,0.0044429586,0.009464424,-0.036424004,0.030629443,0.098622285,-0.0070356405,-0.017849747,-0.0031641417
CSF2RA,0.03904346,-0.053060073,-0.063279316,-0.095933236,0.5430029,0.09484417,-0.046573587,-0.15128145,-0.0097672595,-0.13968153,-0.07076681,-0.11591017,-0.01220925,-0.058248375,-0.118962616,-0.0043997457,-0.016244689,-0.011144794,-0.05788922,-0.14984347,-0.023115855,-0.033180512,-0.020405171,-0.048246082,-0.05416353,0.05320167,0.19909959,-0.020782271,-0.06658658,0.09257058
IL3RA,0.11149719,-0.011788176,-0.016896416,0.009942705,0.004744617,0.28435013,-0.018455405,-0.055403024,-0.0015227563,-0.054643348,-0.02841562,-0.04045761,-0.002318165,-0.020302521,-0.04485363,-0.004568659,0.04296412,-0.004815968,-0.023011565,-0.05468001,-0.0077101463,-0.003882602,0.0055004857,-0.016478965,-0.021778211,-0.0011464335,0.044263456,-0.009334009,-0.02358253,0.38277546
CD99,-0.00147688,-0.06058854,-0.04728947,-0.1631698,0.014939581,-0.19475847,0.09401099,-0.1999911,0.027707102,0.0024961587,0.02113075,-0.17896996,0.037205413,0.009911542,0.21910492,-0.014644612,0.019399006,-0.008464103,0.014474273,0.2768475,0.052699126,-0.016318327,0.016078388,0.11612646,-0.049323514,-0.015025774,-0.011318816,0.008156789,0.0893707,0.036737446
VCX3B,-0.00015901455,-0.00083036826,-0.001003463,-0.0015396992,0.011435442,-0.0013792154,-0.0007352056,-0.0023668774,-0.00017000196,-0.0021830208,-0.0011150182,-0.0018291479,-0.00018624071,-0.00091866363,-0.0019146022,-0.00016127076,-0.00030431588,-0.00017000214,-0.0009034729,-0.0023802817,-0.000376765,-0.00052397244,-0.000332769,-0.0008113776,-0.0008423823,-0.00021841061,-0.0008542437,-0.0003294857,-0.0010501576,-0.00049825985
ARHGAP6,0.0027048122,0.00039394383,0.047086284,-0.020664155,0.010360889,0.034706872,-0.011821211,-0.039878566,-0.0030148583,-0.036026977,-0.018953545,-0.030368844,-0.0033027837,-0.015312086,-0.030950507,-0.0028600316,0.02356674,0.0022024158,-0.016022632,-0.038443506,-0.006681707,-0.007587114,0.004660837,0.42621347,-0.014939084,-0.003873417,0.0025968251,-0.0058432175,-0.018623803,-0.0052847452
TLR8,-0.0062572984,-0.04677537,-0.055876285,-0.086674176,0.5370856,0.13583876,-0.043467656,-0.13748373,-0.010253512,-0.12717958,-0.06269973,-0.10590131,-0.0095067695,-0.054079257,-0.11082865,-0.0014069327,-0.018354803,-0.010253521,-0.053779274,-0.1367572,-0.019754216,-0.029777002,-0.016884439,-0.041347865,-0.04891187,-0.0034244617,0.035557147,-0.01987304,-0.058682773,-0.028370108
TMSB4X,-0.006898772,-0.12564719,-0.15784268,-0.23072475,0.13253178,0.22710377,0.06850564,-0.16070436,0.03294919,-0.0021410505,-0.03749284,-0.2059528,0.02553997,-0.0339276,0.12507407,-0.03832141,-0.07063737,-0.016308503,-0.08516856,0.16848709,0.014015551,-0.03663054,-0.07906034,0.1760095,-0.025415005,0.049564473,0.101972446,0.023787478,-0.003079368,-0.100429155
EGFL6,-0.00029033545,-0.001516121,-0.0018321907,-0.0028111967,-0.0046006604,-0.0025182029,-0.0013423503,-0.004321527,-0.0003103955,0.004597507,0.021439563,-0.003339733,-0.00034003917,-0.0016773236,0.0012925091,-0.000294456,-0.0005556268,-0.00031039576,-0.0016496112,0.0036632016,-0.00068792835,-0.00095669285,-0.0006075949,-0.0014814144,0.008704831,-0.000398787,-0.0015597049,-0.0006015968,-0.0019174439,-0.0009097428
AP1S2,0.012355211,-0.055010412,-0.042465173,-0.098364614,0.7291182,0.15752201,-0.06546782,-0.22051258,-0.0006468164,-0.17222652,-0.0962937,-0.16705835,-0.006952536,-0.0796814,-0.16540222,-0.009515822,-0.0043511465,-0.014910814,-0.08046847,-0.20138264,-0.015290412,-0.043730043,-0.020830506,0.020163268,-0.074766785,0.022372859,0.1295023,-0.030641172,-0.087705545,0.028828086
BEND2,-0.0018830696,-0.008226829,-0.009209077,-0.011949181,-0.016283806,-0.0054403744,-0.0050887964,-0.025540423,-0.0020131746,-0.021206645,-0.011994571,-0.02088945,-0.0022054312,-0.0108789,-0.02193139,-0.0019098022,0.000710151,-0.0020131702,-0.010699147,-0.02632706,-0.0009669052,-0.006204895,-0.0039407015,0.47419629,-0.009975474,-0.0025864989,-0.005438427,-0.0039018216,-0.009873685,0.0073329275
PHEX,0.042858094,0.0065222266,-0.00957734,-0.008181957,-0.030077953,-0.015150376,-0.0061208433,-0.022635037,0.014758423,0.0054344633,-0.0057007526,-0.010935345,-0.0020458081,-0.006929544,-0.013814253,-0.0017715547,0.0013519616,-0.0018674355,-0.00671212,-0.020109922,-0.0003787597,-0.00575583,-0.0036554784,0.0017555774,-0.005821615,-0.0023992588,-0.0009759853,-0.003619395,-0.008758544,0.5704621
PRDX4,0.020649603,0.0018265352,-0.011549969,-0.044007786,0.028998325,0.12037736,-0.005655316,-0.050471947,0.01819062,-0.010275546,-0.012884845,-0.033295527,0.014978556,-0.0028715595,-0.021872798,-0.005809855,0.025789704,0.0002436898,-0.009814454,-0.008567846,0.038977943,0.003559448,0.120955594,-0.037838574,-0.019964496,0.033256464,0.08283363,-0.0129366,-0.0076369443,0.014590283
SAT1,-0.006890748,-0.0034887649,-0.0400326,-0.07945123,0.67091435,0.2822458,-0.048596255,-0.27414474,-0.010042875,-0.1876089,-0.08555101,-0.21101107,-0.015517436,-0.07917361,-0.13373394,-0.014217367,-0.024197152,-0.011006519,-0.08567018,-0.16165283,-0.031047132,-0.046483614,-0.023708686,0.11455759,-0.075581215,0.01941681,0.06969577,-0.020659674,-0.0732221,-0.02297697
GK,0.004817455,-0.027628098,-0.033312123,-0.04052518,0.3799618,0.02467335,-0.03029864,-0.10569317,0.009870453,-0.089980535,-0.04534724,-0.08349128,-0.0037598521,-0.038771905,-0.08012128,-0.0068287295,-0.0021386766,-0.009107183,-0.039853852,-0.09474454,-0.0012395164,-0.016750997,-0.002975095,-0.0074275145,-0.030503869,-0.00092176045,0.08141533,-0.0083821695,-0.044794697,-0.012689792
CYBB,0.0043910234,0.0076836166,0.0051484727,0.010641988,0.79317176,0.23402838,-0.07206664,-0.24391347,-0.015704874,-0.22668286,-0.114414275,-0.18989715,-0.019404154,-0.09581359,-0.19556215,-0.007242855,-0.027746327,-0.01771363,-0.09637194,-0.23724452,-0.034675874,-0.05407696,-0.007091393,-0.06530878,-0.08917086,-0.022385893,0.054721773,-0.033441372,-0.105410054,0.071552396
SYTL5,-0.0002429143,-0.0012684558,-0.0015328574,-0.0023520195,-0.0062173367,0.043883637,-0.0011230814,-0.0036156261,-0.00025968876,-0.0033347046,-0.0017032855,-0.0027942231,-0.0002844926,-0.001403338,-0.0029246577,-0.00024635697,-0.0004648587,-0.00025968853,-0.0013801433,0.0011509724,-0.0005755385,-0.0008003967,-0.0005083266,-0.0012394227,-0.0012867897,-0.00033364844,-0.0013048998,-0.0005033125,-0.0016042023,-0.00076112204
SRPX,-0.00049450144,-0.002582255,-0.00312048,-0.0047881133,-0.009332206,-0.0042889314,-0.0022863098,-0.0073605557,-0.00052866177,-0.0017468925,-0.0034673815,-0.0056883157,-0.000579148,-0.0028568653,-0.0059539545,-0.00050151034,-0.00094633666,-0.00052866014,0.0028134056,-0.007401917,-0.0011716789,-0.0016294512,-0.0010348463,-0.0025231328,-0.0026196488,-0.0006792137,-0.002656464,-0.0010246288,-0.0032657462,0.24013466
MID1IP1,-0.0027777238,-0.019554565,-0.054836486,-0.030642757,0.34339377,0.09801542,-0.02718795,-0.081689075,0.0018469974,-0.06653577,-0.036185615,-0.06642243,-0.007528692,-0.03038001,-0.08837437,-0.002007749,0.016429935,-0.0010325542,-0.034107767,-0.13330127,-0.015026487,-0.010361452,-0.010046485,-0.031711448,-0.033181414,-0.0015282544,0.039533783,-0.016294299,-0.04767721,0.028086513
MIR222HG,-0.0018263964,0.0009819763,-0.0114883855,-0.017875686,0.23375627,-0.016299691,-0.014341586,-0.06586184,0.0062908935,-0.04552078,-0.023860482,-0.05501675,-0.0031687182,-0.02015296,-0.04255261,-0.0020008697,0.03436274,0.0039854776,-0.022413285,-0.051326625,-0.004940681,-0.0023192705,-0.002992529,-0.022158636,-0.021964666,-0.004593417,-0.004750346,-0.00554427,-0.024768233,-0.00023801439
TIMP1,0.0028635268,-0.09428997,-0.111803964,-0.18011032,0.46088156,0.28603524,-0.02870262,-0.19067197,-0.01030463,-0.0047128573,-0.006586966,-0.1624599,-0.011521249,-0.027183833,-0.13861592,-0.010604986,-0.0052518765,0.012310235,-0.05649448,-0.121714264,-0.018034268,-0.040639862,-0.035950474,0.1395935,-0.0702778,-0.014284716,0.1173514,-0.037923183,-0.07673191,-0.057427905
CFP,0.0039217076,-0.07471954,-0.08993176,-0.13874173,0.73366547,0.2705518,-0.06696303,-0.18400854,-0.0115017295,-0.17098865,-0.09212119,-0.15910503,-0.015765032,-0.08057056,-0.173772,-0.0050004707,-0.02067127,-0.015641397,-0.08275386,-0.21438642,-0.033280164,-0.04797857,-0.030212855,-0.06520616,-0.06819593,0.005484561,0.16832718,-0.029076183,-0.093657635,-0.03593114
GATA1,-0.0011256954,-0.0058783665,-0.007103638,-0.0108995885,-0.013468707,-0.009763659,-0.0052046333,-0.015717085,-0.0012034538,-0.014345508,-0.007893213,-0.01294907,-0.0013184006,-0.0065034353,-0.013553593,0.05326757,0.16398053,-0.0012034536,-0.006395865,-0.014780935,-0.0026671947,0.0005044115,-0.0023557327,0.260774,-0.005963354,-0.0015461835,-0.006047178,-0.0023325053,-0.0074342536,-0.0035272671
SYP,-0.0023230172,0.0049137888,-0.0015800293,0.0046669366,0.01639333,0.020964187,-0.009258656,-0.00451519,0.0037674268,-0.009604259,-0.010338697,-0.0009118214,0.008717989,-0.002679509,-0.01157555,-0.0023559816,0.027273964,-0.0024835032,-0.008340591,-0.012396985,0.011665326,0.0047202404,0.007941531,-0.0064599756,-0.005799714,0.0066489805,0.006543973,-0.0015231174,-0.008013884,0.022894887
TSPYL2,-0.002562713,0.014065622,0.008292218,0.022462895,-0.18483329,-0.05518783,-0.0033940834,0.023881633,0.00028393202,0.053394806,0.04100456,0.053531263,-0.006458601,0.050069652,0.056134697,-0.007248709,0.0004928304,0.0021142073,0.052506767,0.023544699,0.0074585713,-0.0016637248,0.00013675379,-0.038974606,0.0021027566,0.0058717765,-0.018059405,0.011832242,0.049367525,0.06746872
ALAS2,-0.00081129273,-0.0042365757,0.0010752432,-0.0037022405,-0.007590145,-0.002441301,0.00043972785,-0.0063122385,-0.000867347,-0.004987272,-0.005688778,-0.00041238655,-0.0009501869,-0.004687028,0.0005233198,0.52828556,0.018511403,-0.0008673424,-0.0046095974,-0.0035377077,-0.0019222745,-0.0026732984,-0.001697811,-0.0041396073,-0.0042978018,-0.0011143497,-0.004358306,-0.0016810431,-0.0023888387,0.009732001
AL034397.3,0.0045565534,-0.02865961,-0.036022365,-0.019351775,0.45575297,0.038406428,-0.04015237,-0.13156661,-0.008393309,-0.12035346,-0.057878237,-0.10123138,-0.009528016,-0.050879434,-0.103266425,-0.0075314646,0.03767935,-0.00600182,-0.047020666,-0.1259242,-0.02137782,-0.014328779,-0.015562571,0.05049934,-0.047131572,0.0076001207,0.07400221,-0.01838538,-0.05444168,-0.0038636297
VSIG4,-0.0023006839,-0.009369851,-0.013410219,-0.020801345,0.106258884,-0.0028286632,-0.010637398,-0.033213794,-0.0024596932,-0.031035574,-0.016132534,-0.023915421,-0.0026945698,-0.01209073,-0.01911339,-0.0023333484,-0.004402985,-0.002459683,-0.011849139,-0.033410735,-0.0054513114,-0.007581191,-0.0048147673,-0.011739294,-0.012187924,-0.0031601086,0.12668425,-0.0014528394,-0.0120131355,-0.0050375103
KIF4A,-0.0011627101,-0.006071555,-0.0030086613,-0.0068967333,-0.002854489,-0.006879653,-0.0053757657,-0.015289607,0.2616748,-0.011663053,-0.0022746283,-0.0133747,0.090091296,-0.002003019,-0.009199926,-0.0011792049,0.0047622067,-0.0012430318,-0.0066060764,-0.011379605,0.2579181,-0.0038312213,0.08071997,-0.005932619,-0.0035913363,-0.0015970065,0.0038542603,-0.002409148,-0.007678722,-0.0036431893
CXCR3,0.02896508,0.0083076805,0.0027476882,-0.045429934,-0.12098862,-0.03952335,0.04147372,-0.06667595,0.0757596,0.068168856,0.079932146,-0.007196536,0.049725346,0.059860986,0.084049895,-0.0022360068,-0.008265253,-0.0055013783,-0.005839543,-0.0125153605,0.010123172,0.041194066,0.049197808,-0.02185831,-0.00761333,0.0548359,-0.015058624,0.013742587,0.045077596,0.22515464
XIST,0.005764376,0.037297357,0.06942682,0.028617289,0.117818594,0.021726968,-0.0038169343,-0.06167776,-0.001308656,-0.028405784,-0.021432405,-0.069700904,0.0044711824,-0.025879914,-0.05384765,-0.011352744,-0.019019155,0.0023619963,-0.026467344,0.0069236653,-0.0028412216,0.017820908,0.012070646,-0.05177593,-0.04032429,0.010823913,0.020917684,-0.010511881,-0.032624297,0.043372814
FAM133A,-0.00049449905,-0.0025822564,-0.0031204864,-0.004788101,-0.009332152,-0.004288964,-0.0022863215,0.016266415,-0.00052866107,0.0058113104,-0.0034673763,0.0060118423,-0.00057914807,0.013735895,-0.003141413,-0.00050151045,0.03190672,-0.00052866153,-0.0028095928,-0.0050490345,-0.0011716791,-0.0016294481,-0.0010348425,-0.0025231352,-0.0026196328,-0.00067921303,-0.0026564633,0.01415934,-0.003265739,-0.0015494628
SYTL4,-0.001615036,-0.004689816,-0.008631207,-0.01250253,-0.0122848125,-0.004775398,-0.0074670822,-0.024039106,-0.001726618,-0.020624444,-0.011324524,-0.017680718,0.0063353423,-0.009330463,-0.014262021,-0.0016379451,0.09262058,-0.0017266196,-0.0057242294,-0.0212841,-0.0038266543,-0.0023811623,-0.0033798364,0.37793565,-0.008555658,-0.0022183151,-0.008676045,-0.0033464474,-0.0106658805,-0.005060516
BEX1,-0.0014396935,-0.0054234215,0.0049363812,-0.006885513,0.034745045,-0.0021215535,-0.0066565736,-0.011642435,-0.0015391613,0.00023907097,-0.0100953,-0.004463954,0.0075211814,-0.0044947965,-0.013454217,-0.0014601542,0.17279352,-0.0015391672,-0.008180012,-0.019115258,0.0011506815,-0.0047440506,-0.0030129156,-0.0008818344,-0.007626916,-0.0019775273,-0.0016204863,0.00225074,-0.007830578,-0.004511216
NXF3,-0.0004207742,-0.002197287,-0.0026552689,-0.004074224,0.0146272695,0.0052017164,-0.0019454547,-0.0062629604,-0.00044984778,-0.0057765734,-0.0029504956,-0.0014034191,-0.0004928091,-0.0024309037,-0.0050661867,-0.00042674693,-0.0008052511,-0.00044984173,-0.00239074,-0.006298534,-0.0009969604,-0.0013865146,-0.00088055717,0.034515016,-0.0022290447,-0.00057795283,-0.002260376,-0.0008718581,-0.002778814,-0.0013184615
TCEAL5,0.050672095,-0.0015901218,-0.0019215982,-0.0029484578,-0.0050943564,-0.002641149,-0.0014079316,-0.00453255,-0.00032554465,-0.0041803895,-0.0021351727,-0.0035027366,-0.00035664372,-0.0017592183,-0.003666336,-0.0003088351,0.21285345,-0.0003255451,-0.0017301299,-0.0045581185,-0.00072149985,-0.0010033869,-0.00063724746,-0.0015537317,-0.0016131556,-0.00041825682,0.007996468,-0.00063095003,-0.002011052,-0.00095413876
TCEAL9,0.0041199457,-0.011261074,-0.010905639,-0.016849041,0.012389421,-0.013005886,-0.008217615,-0.0051245135,0.0034859658,-0.0013738504,-0.012988529,0.0041263625,0.0027221171,-0.004626753,-0.018900763,-0.0024335822,0.16927545,0.0035539225,-0.011276294,-0.03100408,0.008141145,0.0040815207,0.013594875,0.08986692,-0.0038992863,0.0014235703,0.0030420572,0.0013829177,-0.008752133,0.0780417
BEX3,-0.006058486,-0.034221813,-0.039703354,-0.06618921,-0.14715216,-0.052283183,-0.032363694,0.20054367,0.006079689,0.09736615,-0.012926974,0.12989855,0.0009123567,0.018208949,-0.06915177,-0.0042365533,0.100037694,-0.0066947006,-0.03585896,-0.102129005,-0.01152175,-0.0031474906,-0.01307778,0.26824275,0.05032776,0.00030093876,-0.032073885,0.017924735,-0.020459466,-0.007331916
CAPN6,0.29269445,-0.00083036337,-0.0010034606,-0.0015397056,-0.0040701334,-0.0013792188,-0.0007352045,-0.0023668716,-0.00017000388,-0.0021830169,-0.0011150214,-0.00182914,-0.00018624097,-0.00091866084,-0.0019146072,-0.00016127055,-0.00030431524,-0.00017000188,-0.0009034694,-0.002380289,-0.0003767636,-0.0005239699,-0.000332768,-0.0008113822,-0.00084238424,-0.00021840993,-0.0008542482,-0.0003294842,-0.0010501558,-0.0004982615
LRCH2,-9.180614e-05,-0.0004794071,-0.0005793372,-0.00088892085,-0.0023498249,-0.0007962841,-0.00042447078,-0.0013665135,-9.815013e-05,-0.0012603651,-0.0006437377,-0.001056063,-0.000107523214,-0.0005303825,-0.0011053592,-9.310958e-05,0.08830029,-9.815005e-05,-0.00052162714,-0.0013742424,-0.00021752386,-0.00030250833,-0.00019212294,-0.00046843194,-0.00048634512,-0.00012609939,-0.0004931831,-0.00019022757,-0.0006063012,-0.0002876625
PLS3,0.2657983,-0.0048693437,-0.0058843084,-0.00902872,-0.015040274,-0.004091101,-0.0006616945,-0.012624434,0.0457493,-0.0074438965,0.0032343185,-0.007619195,0.05584018,-0.00538709,-0.009733243,-0.00094570924,0.102899976,-0.0009968834,-0.0052980287,-0.0064569158,0.0048342114,-0.0030725934,-0.001951393,0.0018736406,-0.0017418588,-0.0012808003,0.01386862,-0.001932123,-0.0009885749,0.130724
IL13RA1,0.019849606,-0.043920442,-0.0085051255,-0.031146167,0.57915384,0.006126659,-0.05003408,-0.16038205,-0.010809752,-0.1493379,-0.07648533,-0.12480689,-0.01326734,-0.06168476,-0.12695122,-0.0028771767,-0.020070143,-0.0121104745,-0.059473924,-0.1565921,-0.024167905,-0.032032654,-0.022413118,-0.050536722,-0.057620566,-0.0052515846,0.22372396,-0.02187455,-0.071521,0.0022890007
PGRMC1,0.013251553,-0.026435014,-0.030601112,-0.060118496,0.11550224,0.061625767,-0.010303337,-0.06347516,0.040653467,-0.0349041,-0.019619023,-0.050185237,0.022577954,-0.016434092,-0.044114493,-0.0010727389,0.028190684,-0.0027945999,-0.013369946,-0.051314812,0.018721838,-0.0049584676,0.015667176,0.2679442,-0.023658277,0.009185661,0.039862152,-0.0067891465,-0.024457332,0.018578252
SH2D1A,-0.010324312,-0.04242731,-0.055265624,-0.08654142,-0.23670858,-0.07702278,0.03464975,0.024573969,0.046626616,0.04354219,0.048012726,0.0100792255,0.03341528,0.01710977,0.16994989,-0.007511989,-0.018978987,-0.007379537,0.092377774,0.16256598,0.052611865,0.057306472,-0.018043503,-0.041571155,-0.008135003,-0.012011825,-0.049817804,0.04092561,0.086202204,-0.02740163
RAP2C,-0.00018508449,0.008598414,-0.0043525766,-0.010973635,0.18214601,0.11749578,-0.012956177,-0.10161469,0.0071856035,-0.068315886,-0.029070491,-0.061981138,0.003946209,-0.018273298,-0.033228476,-0.011276464,-0.0038457785,-0.008600396,-0.02475598,-0.008896987,0.0088540595,-0.0032699588,0.006734692,-0.047531947,-0.03834127,0.0065948167,0.016862983,-0.009997966,-0.020532582,0.0023025163
HMGB3,0.021295715,-0.0181595,-0.010777335,-0.033789817,0.13401644,0.056705542,-0.018214066,-0.05485013,0.10376244,-0.038750302,-0.025167773,-0.03955963,0.05601794,-0.018152973,-0.039798092,-0.0043606274,0.0695729,-0.00459668,-0.020353146,-0.052079137,0.047596876,-0.008318837,0.0967922,-0.018112108,-0.021326175,0.036506545,0.07385927,6.032636e-05,-0.020139858,-0.00040767013
SSR4,0.014098341,-0.044609666,-0.048776932,-0.074988924,-0.05397395,-0.04351156,0.021813218,-0.05238369,-0.004787753,0.046169765,0.035165537,-0.033524495,0.0069532143,0.023658575,0.050000176,-0.02059043,-0.00076597766,0.0151243415,0.06097924,0.06888794,0.0038368138,0.0315533,0.08173382,0.01739937,-0.030440323,0.0030571886,0.028223144,-0.011293412,0.018144503,0.10334686
TKTL1,0.0019142028,-0.016184455,-0.01711439,-0.027263818,-0.06893404,-0.01904731,-0.00092759385,0.04380389,0.0060586426,0.023466531,-0.006896113,0.033781007,0.00064833154,-0.00089156814,-0.003948956,-0.0031432637,-0.003265521,-0.0033134045,-0.0020217982,0.07445155,0.007827996,-0.0039783055,0.00070901145,-0.013776609,-0.006634786,0.003039,-0.014754689,0.0034196025,-0.0039450177,-0.008099921
MPP1,0.008326011,-0.050638903,-0.058217302,-0.090691246,0.44340718,0.13315414,-0.041371614,-0.11184629,-0.0027877893,-0.13258159,-0.060848173,-0.103766374,-0.0069200885,-0.05873479,-0.11106059,0.01890327,0.04376044,-0.012038525,-0.059106804,-0.12676492,-0.003450593,-0.027079646,-0.017525472,0.17525497,-0.04915042,-0.0020881132,0.045307867,-0.0052703433,-0.0597505,0.0020228594
CLIC2,0.052724276,-0.016652735,-0.021803446,-0.028985376,0.03664489,0.09709641,-0.014117151,-0.04947555,-0.0039329096,-0.047686495,-0.023231884,-0.038232703,-0.004308604,-0.019707281,-0.03995254,0.013066495,0.045055695,-0.003932901,-0.020901702,-0.05144336,-0.008716446,-0.010781952,-0.007698597,-0.017901706,-0.019488491,0.14604233,0.43905088,-0.0076226396,-0.022930961,-0.0004974996
WASIR1,-0.00018361787,-0.0009588496,-0.0011587084,0.016564464,-0.004699723,-0.0015925964,-0.00084895786,-0.0027330338,-0.00019630342,0.0042644944,-0.0012874879,-0.002112203,-0.00021505178,0.013829426,-0.002210752,-0.00018622563,-0.0003513905,-0.00019630323,-0.0010432369,-0.0027484961,-0.00043505593,-0.0006050493,-0.00038425188,-0.00093688694,-0.0009727075,-0.0002522096,-0.0009863955,-0.00038046626,-0.0012126197,-0.0005753365
MYOM2,-0.000250601,-0.020219753,-0.0289444,-0.044684608,-0.10815557,-0.030734628,-0.02222168,-0.039579295,0.0015828349,-0.030642165,-0.02759154,-0.04073047,0.0048764823,-0.020872433,-0.052376274,-0.0031267009,0.0033193456,-0.0008462472,-0.024573404,0.42630184,0.082595706,0.008814349,-0.0029279504,-0.020074438,-0.023925703,-0.0039292523,-0.014374723,-0.0091964435,-0.014998197,-0.008317872
DEFA3,-0.00015901482,-0.0008303593,0.014791681,0.009049994,-0.0040701483,-0.0013792203,-0.00073520344,-0.0023668676,-0.00017000163,-0.0021830127,-0.0011150253,-0.0018291307,-0.00018624135,-0.00091865746,-0.001914612,-0.00016127026,-0.00030431477,-0.00017000221,-0.0009034648,0.0049312683,-0.00037676177,-0.00052396767,-0.00033276677,-0.0008113877,-0.0008423847,-0.00021840904,-0.0008542519,-0.00032948295,-0.0010501536,-0.0004982625
LINC00599,-0.0012505008,-0.0065300143,-0.007891093,-0.012107843,0.022040568,0.11907195,-0.0057816296,-0.016735567,-0.0013368756,-0.017167099,-0.0069420636,-0.014384492,-0.0014645561,-0.007224332,-0.015056236,-0.0012682261,-0.0023931128,-0.0013368737,-0.0071049393,-0.017784063,-0.0029628966,-0.004120496,-0.0026168704,-0.006380557,-0.006624496,-0.0017175777,0.0214572,-0.002591042,-0.008258425,-0.0039183106
BLK,-0.0060388376,0.30437842,0.44360763,0.39812395,-0.1383948,-0.046775706,-0.026136467,-0.07910748,0.0007527441,-0.06423629,-0.034066465,-0.061749034,-0.0048501496,-0.02970747,-0.06613101,-0.0061245267,-0.008800303,-0.0064560096,0.046835303,-0.07919672,-0.012030758,-0.015833654,0.07848909,-0.025765609,-0.029906332,-0.008294632,-0.029972654,-0.011233332,-0.03056644,0.073421225
CTSB,0.018264282,-0.05697009,-0.0814831,-0.13245165,0.6949356,0.16543801,-0.03391809,-0.17267558,0.001910011,-0.11898241,-0.06538859,-0.16652802,-0.0096977735,-0.08161555,-0.16145708,-0.0026890622,-0.006043577,-0.014973494,-0.073516004,-0.20419607,-0.026995836,-0.04718458,-0.016158732,-0.07007758,-0.070596986,-0.010098033,0.08376004,-0.025782403,-0.08900488,0.08912719
MSR1,-0.0043785213,-0.018568492,-0.026453644,-0.041177906,0.138402,0.27067146,-0.020244235,-0.062101003,-0.004681068,-0.058317997,-0.029607933,-0.04796022,-0.005128097,-0.024643322,-0.050022643,-0.0044406806,-0.008379501,-0.0046810815,-0.024206955,-0.06273503,-0.008814737,-0.0132925175,-0.009163,-0.018633906,-0.023195444,-0.0033776744,0.07294556,-0.009072593,-0.027756726,-0.013719813
PDGFRL,-0.00033104044,-0.0017286965,-0.002089043,-0.003205322,0.0014594723,0.008378826,-0.0015305947,-0.0049273716,-0.000353915,-0.0007808458,-0.0023212235,0.0049280105,-0.00038771273,-0.0019125096,0.00021450075,-0.00033573838,-0.0006335251,-0.0003539147,-0.0018809128,-0.0049553555,-0.00078437326,-0.0010908174,-0.0006927867,-0.0016891051,-0.0017536663,-0.00045469785,0.024804426,-0.000685938,-0.0021862406,-0.001037276
ASAH1,-0.004089559,-0.046775904,-0.05478216,-0.094412304,0.6489092,0.27910942,-0.063568674,-0.21875772,-0.008535393,-0.19882677,-0.10245316,-0.16275749,-0.017827522,-0.0826818,-0.14388706,-0.011009093,0.0062217,-0.009310038,-0.07533928,-0.125485,-0.02082355,-0.026617056,-0.006070055,0.0360476,-0.079935335,-0.0028907764,0.045059707,-0.03156965,-0.07630927,-0.027407024
AC100849.1,-0.0001298326,-0.0006780054,-0.0008193125,-0.0012571353,0.0030068415,0.013213998,-0.00060028967,-0.0019325379,-0.00013880369,-0.001782427,-0.00091040105,-0.0014935021,-0.00015206411,-0.0007500833,-0.0015632263,-0.0001316759,-0.00024847017,-0.00013880417,-0.00073769037,-0.001943459,-0.00030762784,-0.00042782052,-0.00027170242,-0.00066247536,-0.0006877918,-0.00017833505,-0.00069746934,-0.000269022,-0.0008574481,-0.0004068201
LPL,-0.0014689118,-0.0076706493,-0.009269645,-0.010761467,0.052812237,0.09418261,-0.0044676135,-0.02106417,-0.0015704002,-0.020165874,-0.010299956,-0.015908798,-0.0017203995,-0.008486346,-0.016734267,-0.0014897538,-0.0028111243,-0.001570401,-0.008345936,-0.021988055,-0.0034804551,-0.0048402976,-0.0030740455,-0.0053793713,-0.007781538,-0.0020176216,-0.0038903602,-0.0030436593,-0.009700996,-0.0046026935
ATP6V1B2,-0.0034250554,-0.04532319,-0.061344158,-0.09480905,0.5416904,0.13676122,-0.045503628,-0.15059033,0.0061117443,-0.13419656,-0.07258319,-0.11399525,-0.00084008445,-0.05975003,-0.108080365,-0.0037141484,-0.0027301665,-0.010335541,-0.05120243,-0.12841026,-0.014282179,-0.03183239,-0.008187351,-0.051486697,-0.05381499,-0.008516683,0.070608184,-0.019872125,-0.05599095,0.0056663095
GFRA2,-0.0019695614,-0.010285029,-0.009852036,-0.015613679,0.045863368,0.0695063,-0.009106285,-0.019114938,-0.0021056118,-0.02511887,-0.013810442,-0.02191221,-0.002306728,-0.008574179,-0.020855172,-0.0019974923,-0.0037692317,-0.002105615,-0.011190548,-0.024700258,-0.004666686,-0.004058595,-0.0041216817,-0.010049411,-0.01043372,0.05482891,0.11358933,-0.0040810527,-0.010536819,-0.0061714742
DMTN,-0.00381601,-0.016731989,-0.01607799,-0.0310665,-0.065312184,-0.028187245,0.0015063696,-0.00011733329,0.007338906,0.04196583,0.007270772,-0.01065799,-0.0009950872,0.023339659,0.019463822,0.09331549,-0.007302839,-0.00012563166,-0.0021773633,-0.019218346,0.003145165,-0.0074628377,-0.0060386527,0.2906641,0.0013957899,-0.005241444,-0.018192563,-0.0038980795,0.001252464,-0.007992842
EGR3,-0.0061041885,-0.027183004,-0.035885975,-0.054077372,0.348192,0.063298635,-0.02641018,-0.085121565,-0.004150125,-0.07919178,-0.039179113,-0.06566937,-0.007149383,-0.033868607,-0.071030945,-0.006190877,-0.00898037,-0.0065259878,-0.031729657,-0.08554676,-0.014463348,-0.019289883,-0.010341742,-0.027257714,-0.031813852,-0.004683587,0.01418666,-0.012648319,-0.037325002,-0.018266946
SLC25A37,-0.005411724,0.0044059595,-0.003975541,-0.015028183,0.43371356,0.007944919,-0.04318567,-0.09131138,-0.0025713444,-0.09635826,-0.05432444,-0.057326708,-0.008460063,-0.037932746,-0.10035924,0.049146596,-0.0014489838,-0.006869981,-0.05034992,-0.15363045,-0.017050285,-0.030498775,-0.015619794,-0.056739915,-0.040128086,0.005939847,0.05319644,-0.016250093,-0.05836958,-0.026658207
ADAM28,0.038432304,0.22397776,0.27912524,0.40448987,-0.009253009,-0.057812598,-0.036003146,-0.112809025,-0.008442558,-0.10466216,-0.051614538,-0.08546565,-0.009248977,-0.044847105,-0.08838864,-0.0021111714,0.04843979,-0.006265908,-0.04447643,-0.06374998,-0.0070772027,-0.003200869,0.038801096,-0.034548964,-0.03892445,0.08680237,0.20811851,-0.016363002,-0.04807943,-0.0081987735
NEFM,-0.0010274139,-0.0053651324,-0.0015927223,-0.0066597983,-0.023095842,-0.008911177,-0.004750265,0.014317498,0.013034465,0.040565643,0.014957648,-0.0047691353,-0.0012033021,0.012710276,-0.006944322,0.013857704,-0.0019662187,-0.0010983809,0.0050042025,-0.008570249,-0.0024343482,-0.0033854733,-0.0021500876,-0.0052422807,0.0061589484,-0.0014111989,0.00019164388,-0.0021288367,-0.002090268,-0.0032192844
NEFL,-0.0027214566,-0.009736115,-0.015322388,-0.020102387,-0.05598941,-0.01537923,-0.011325343,0.006052723,0.0024257381,0.21159925,0.0003778591,-0.025414933,-0.0031873912,0.036211997,-0.026572384,-0.002760086,-0.005208216,0.00798845,-0.010319675,-0.02945858,-0.0064482917,-0.0071832514,-0.00023302299,-0.0103952335,-0.0110915005,0.00041638853,-0.0124641005,-0.002862354,-0.014394452,-0.004864921
CDCA2,-0.0011480259,-0.003361213,0.0015330868,-0.0037554803,-0.015756512,-0.0067118118,-0.005307996,-0.014024791,0.29019833,-0.009233099,-0.006067051,-0.010680731,0.10282517,-0.004246268,-0.007748135,-0.0011643226,-0.0021970593,-0.0012273387,-0.0065227863,-0.011088195,0.26694763,0.00035119127,0.09476399,-0.005857739,-0.006081712,-0.0015768723,-0.0010544846,-0.0023787688,-0.0012712216,0.0007429527
DPYSL2,0.038446542,-0.039281648,-0.031805743,-0.10785265,0.5599089,0.12930991,-0.039520647,-0.18257345,-0.0019023828,-0.14365412,-0.083324924,-0.15311185,0.00079742837,-0.06485642,-0.11262862,-0.010836051,-0.0018009406,-0.009513146,-0.07212554,-0.12265732,-0.00069310743,-0.011717798,-0.021014955,-0.057404507,-0.05887071,0.046098385,0.16211395,-0.030001499,-0.06627697,0.08134348
CLU,-0.0054409606,-0.024942067,-0.029499285,-0.04617387,0.1353291,-0.0029151079,-0.014577823,-0.07262654,-0.0031477215,-0.05417308,-0.020882031,-0.05398241,-0.003853733,-0.020809107,-0.021206371,-0.002706615,0.04208128,-0.0029992193,-0.022814909,-0.063791126,-0.0028387213,-0.016991453,-0.010022078,0.47154236,-0.025359998,-0.0033000584,-0.018885551,-0.011274026,-0.019063253,-3.3500215e-05
ESCO2,-0.0019323261,0.004033292,-0.004341912,-0.009052927,0.0014129487,-0.001294029,-0.0036105905,-0.022059161,0.20967409,-0.017441906,-0.008808647,-0.012425749,0.08738683,-0.00688613,-0.010204178,-0.0019597404,0.008935627,-0.002065815,-0.00517361,-0.01190449,0.27697402,-0.0038985023,0.06921682,-0.006631797,-0.0040138955,0.009061892,0.018527139,-7.96787e-05,-0.008986101,0.004289744
PBK,-0.0009141603,-0.0014688496,-0.0030172165,-0.005159466,-0.018896652,-0.0038479923,-0.00422657,-0.012327037,0.2375711,-0.009818603,-0.003921053,-0.0057630343,0.12958238,0.0007150792,-0.006435281,-0.00092713785,-0.001749477,-0.000977298,-0.0051939557,-0.011132903,0.23529567,-0.0030122567,0.11198897,-0.0012811628,-0.0048427186,-0.0012556432,-0.0016944447,0.0063386094,-0.0060372003,-0.0028644137
SCARA5,0.1400465,-0.0034584769,-0.004179385,-0.0038675324,-0.0144673,-0.005744273,-0.003062109,-0.009857826,-0.00070803973,-0.0053251884,-0.004643935,-0.007618356,-0.0007756611,-0.0038261325,-0.007974029,-0.00067168317,-0.0012674568,-0.00070804055,-0.0037629185,-0.0046395706,0.008359059,-0.0021823146,-0.0013859788,-0.0033792758,-0.0035084796,-0.0009096728,0.005307201,-0.001372273,-0.0043738433,0.26116216
PNOC,-0.0046398025,0.18982169,0.24379745,0.31353822,-0.05207202,-0.0063828574,-0.0206819,-0.06511282,-0.0018271719,-0.060079876,-0.029010719,-0.05079179,-0.0054340395,-0.024338974,-0.052397832,-0.0047055706,-0.0053454554,-0.0049602976,-0.026361713,-0.06445447,-0.010993317,-0.014236328,0.14095314,-0.021572137,-0.02390328,-0.0014885712,-0.023024352,-0.009613747,-0.029028047,0.071143255
DUSP4,0.0038447555,0.01882669,0.010727925,-0.014556302,-0.03886225,-0.0111018205,-0.0032083488,-0.029010635,0.03247705,0.040250115,0.020493908,-0.014016572,0.01848445,0.02343211,0.011347069,-0.0025264702,-0.0014732189,0.0032573354,-0.005087549,-0.01693563,-0.005902431,0.022593372,0.027674077,-0.003851914,0.036537293,0.1106161,0.030338297,0.0039867456,0.0011629562,0.008278006
NRG1,-0.006825797,-0.033752367,-0.041458804,-0.061414525,0.44723347,-0.052067,-0.029930154,-0.0963281,-0.0051744324,-0.08929247,-0.0445541,-0.075083844,-0.007994401,-0.038134247,-0.075312816,-0.0046736663,-0.013062934,-0.0072972775,-0.037874267,-0.09542403,-0.015118798,-0.02172608,-0.01102559,-0.029217133,-0.035678826,-0.009375485,0.012756475,-0.013038624,-0.043130584,-0.01911591
ZNF703,-0.006110591,-0.018819103,-0.036780026,-0.045614064,0.20304827,0.36255428,-0.025762293,-0.086559616,-0.0065327925,-0.078553915,-0.04040724,-0.0671938,-0.0071566966,-0.03233895,-0.06630894,-0.0011866604,-0.011694026,-0.0013648435,-0.031706788,-0.08598472,-0.013338204,-0.01928217,-0.008979648,-0.02514469,-0.032370627,0.0010297328,0.028098145,-0.011328779,-0.03691685,-0.016632758
RAB11FIP1,0.036168937,-0.00074850494,-0.019673996,-0.07160588,0.4661439,0.06827795,-0.038534705,-0.2141117,-0.0026100927,-0.12539221,-0.05864367,-0.17596732,-0.0039256727,-0.0657141,-0.1366631,-0.01186572,-0.013441413,-0.0015179296,-0.035786692,0.043650452,0.01255762,0.007817646,-0.027824424,-0.073295645,-0.058963493,0.035682496,0.123021215,-0.027302776,-0.06437923,0.085158244
PLPP5,0.0015366457,0.07745689,0.076807775,0.44068405,-0.06461336,-0.017486041,-0.026518404,-0.072536305,0.010636981,-0.023826461,-0.0063938266,-0.063625865,-0.0003522299,-0.0078934105,-0.045788277,-0.004244389,0.03465819,0.005053771,-0.008235939,-0.06367564,-0.007022961,-0.0024910262,0.11031134,-0.021710547,-0.027159557,0.0058845724,0.02140207,-0.0070392955,-0.026607081,0.007187093
IDO1,-0.0013100811,-0.0068412824,-0.008267295,-0.01139494,0.015521625,0.005729802,-0.0060571814,-0.01681601,-0.0014005947,-0.017029893,-0.009186324,-0.015070176,-0.0015343601,-0.007568678,-0.013643062,-0.0013286734,-0.002507156,-0.0014005915,-0.007443545,-0.019610435,-0.003104112,-0.0043169223,0.0029312621,-0.0066846833,-0.006940152,0.5011272,0.09843819,-0.0027145538,-0.00865198,-0.0041050334
IDO2,0.02042493,-0.0038371151,-0.0046370197,-0.0071148556,-0.0020132952,-0.0012981632,-0.003397361,-0.0109374095,-0.0007855708,-0.010087677,-0.0051524364,-0.008452559,-0.0008606018,-0.004245194,-0.006952029,-0.0007452374,-0.0014062446,-0.0007855709,-0.004174957,-0.010999202,-0.0017410375,-0.0024212738,0.05919495,-0.0037493205,-0.003892625,0.30695036,0.07197903,-0.0015225464,-0.004852762,-0.0023024715
AP3M2,-0.005211379,-0.022265306,-0.0003599636,-0.041185763,-0.16973568,-0.05192536,0.005278826,0.12174894,0.031455826,0.27198923,0.08698158,-0.048973564,0.029916791,0.07174092,-0.020832311,-0.0049111196,-0.011018856,-0.005416585,-0.027344756,-0.053908,0.01566965,-0.0066334587,0.0010852288,-0.03795569,0.011552244,0.030021932,-0.010793307,-0.0116675,-0.024589282,0.004293346
CEBPD,-0.0052610454,-0.08064551,-0.0986923,-0.15019047,0.7701245,0.10785543,-0.058190174,-0.2421377,-0.009984797,-0.21994914,-0.08788068,-0.19044085,-0.015478291,-0.0924525,-0.18112439,-0.008952561,-0.032337807,-0.018099897,0.024525534,-0.054376658,-0.015314317,-0.017653797,-0.023932006,-0.05859871,-0.087651,0.006907171,0.12124008,-0.033563428,-0.06745203,-0.049094196
MCM4,0.002773844,-0.003175218,0.008689968,-0.014329885,-0.017951582,0.033159632,-0.008214644,-0.005440657,0.10556811,-0.010906423,-0.007182483,-0.012523386,0.11172457,-0.004161281,-0.013546736,-0.0044636223,0.01986413,-0.0012695795,-0.0118210595,-0.0036226052,0.21154669,3.5848756e-05,0.042515986,-0.017300881,-0.009867052,0.019785192,0.030907724,0.003271949,-0.006153749,-0.0034076478
LYN,0.026482014,0.050357323,0.0075863614,0.07442565,0.559045,0.32291213,-0.07280912,-0.26900584,-0.01824885,-0.25194326,-0.12587535,-0.2101961,-0.016126394,-0.10446986,-0.16804045,-0.014100085,0.0037750888,-0.008649138,-0.09466994,-0.026018275,-0.00035572023,-0.020382417,-0.0013299092,-0.02150436,-0.0974911,0.010001896,0.07934178,-0.0361948,-0.08935932,0.06468502
SDR16C5,-0.0007114449,0.009004799,0.15452108,-0.006888705,-0.0147426855,-0.0035538396,-0.0032893915,-0.01058962,-0.0007605972,-0.006262721,-0.004988676,-0.0061494047,-0.0008332524,-0.004110213,-0.008566151,-0.00072155375,-0.0013615463,-0.0007605988,-0.004042296,-0.00737737,-0.0016857061,-0.002344337,-0.0014888641,0.0007118906,0.00041714063,-0.0009772067,-0.0038219292,-0.0014741715,-0.0013139724,-0.0022292852
GGH,0.00226744,0.0051612156,0.013840834,-0.0055897045,0.013164219,0.0058507123,-0.006709661,-0.022551997,0.08540704,-0.026694681,-0.011489849,-0.01781109,0.07319096,-0.0059178364,-0.0180398,-0.0030151606,0.027356634,0.0018152468,-0.012099555,-0.021648472,0.13956593,-0.003308895,0.15786068,-0.011980435,-0.00959971,0.0035331072,0.007829941,-0.0009565293,-0.009705262,0.13342981
DNAJC5B,-0.001533992,0.06314384,0.15984905,0.017134966,0.0026462902,-0.004790928,-0.0048674564,-0.022833163,-0.0016399922,-0.018609347,-0.010756425,-0.017645836,-0.0017966303,-0.008862329,-0.018469967,-0.0015557775,-0.002935714,-0.0016399915,-0.00871574,-0.020676252,-0.003634671,-0.005054754,0.011359457,-0.007827222,-0.0061760508,0.012649659,0.01281066,-0.0031785562,-0.010130876,-0.0015469914
MYBL1,-0.011565667,-0.05520692,-0.06871547,-0.097209394,-0.2879171,-0.09622963,0.13211545,-0.15964392,-0.0033635534,0.032843374,0.09669755,-0.12096984,0.013983813,0.019558989,0.25428522,-0.011767612,-0.020309767,-0.009626228,0.15659982,0.42869124,0.074779734,0.040663734,-0.021435982,-0.053053442,-0.054772507,-0.014955624,-0.057634324,-0.022681572,0.13398527,-0.032703828
MSC,0.0021224015,-0.0017841205,0.02192359,-0.027196018,0.07583377,-0.017141262,0.038596056,-0.040178943,0.0063220356,-0.01670031,-0.011375373,-0.030639295,0.01397757,-0.012077098,0.048215646,0.0019827383,-0.0058225454,-0.0032526967,-0.006037069,-0.032623854,-0.0028398845,-0.010025276,0.027905134,-0.013458449,-0.014103406,-0.004178962,-0.0075840186,-0.0063041504,-0.0047381455,0.0020422123
LY96,0.010495883,-0.015479187,-0.029689973,-0.094345935,0.5373799,0.20927233,-0.056727547,-0.13956428,-0.0046164943,-0.0997848,-0.073857084,-0.11682426,-0.016184118,-0.059776697,-0.14489196,-0.0065966067,-0.018354004,-0.011931014,-0.07320177,-0.19045168,-0.02983086,-0.04049671,0.009891384,-0.058399763,-0.05247987,0.0037642159,0.09326641,-0.007282013,-0.080229126,0.0376264
STMN2,0.09347229,-0.001728702,0.013089734,-0.0032053387,-0.0010252726,-0.0028712885,-0.0015305899,-0.004927381,-0.00035391486,0.0029829242,-0.002321229,-0.003807997,-0.0003877154,-0.0019125149,-0.0039857915,-0.00033573856,-0.00063352514,-0.0003539147,-0.0018809076,-0.0049553486,0.019057186,-0.001090817,-0.00069278345,0.0076285894,-0.0017536661,-0.00045469927,0.015946863,-0.00068593334,-0.002186246,-0.0010372767
TPD52,-0.00030602922,0.16050252,0.15685503,0.30639368,-0.20714861,-0.0690714,0.0028468107,-0.05087869,0.011444154,0.039552473,0.03525913,-0.02641406,0.006643115,0.015933238,-0.024781462,-0.003985725,0.011356509,0.0015751069,0.04304921,0.005756531,0.017812919,0.006134296,0.10669821,-0.03885459,-0.03029206,0.030611837,-0.014799537,-0.008178967,-0.0007982095,0.0122559555
ZBTB10,0.025704945,0.032390926,0.008456947,0.07377581,0.08649852,-0.01422115,-0.025800813,-0.051630262,-0.0032115355,-0.009846663,-0.00979591,-0.034699164,-0.006920821,-0.00730112,-0.048663132,-0.003837069,0.01211475,-0.0039054952,-0.024883458,-0.027520332,0.0017156401,0.008755414,-0.013956273,-0.040226612,-0.019631183,0.018322209,0.037483674,-0.0031593507,-0.012062651,0.05663369
FABP5,0.04463394,0.01730485,0.011849216,-0.046776596,0.097482726,0.02892429,-0.015674803,-0.09014192,0.05232644,-0.06811782,-0.037714947,0.009051483,0.046015877,-0.014586856,-0.003802983,-0.0046492335,0.050670587,-0.0061106766,-0.021855246,-0.061903376,0.05769364,0.010692204,0.056465033,-0.039698362,-0.025104746,0.052204188,0.19192006,0.032907154,-0.016869761,0.09449384
CA1,-0.0005808076,-0.00303299,-0.0036651893,-0.0027224873,-0.0077892453,0.0045845183,-0.0026853487,-0.0066339015,-0.0006209278,-0.0058273263,-0.004072561,-0.004190818,-0.0006802497,-0.0033555285,-0.0069931005,0.5004076,0.040877704,-0.00062092836,0.0014873685,0.0013225002,-0.0013761875,-0.0019138366,-0.0012154642,-0.0029635497,-0.003076876,-0.00079776085,-0.0031201032,-0.0012034685,-0.0038357303,-0.0018199116
CA2,0.0070411945,-0.014519999,-0.022215264,-0.026601369,0.07173394,0.13581821,-0.016076988,-0.056560535,-0.0044983733,-0.053146176,-0.026708214,-0.041624483,-0.0049280655,-0.022281261,-0.04756342,0.017991597,-0.004191391,-0.0044983695,0.0016201417,-0.05807042,-0.005191443,-0.012684999,0.0017973378,0.2962826,-0.020809755,-0.005779435,0.07484442,-0.0049918382,-0.026002351,-0.010784586
RIPK2,0.0010205653,-0.022032402,-0.025150845,-0.062698685,0.3890541,0.106128335,-0.034204226,-0.1431092,-0.008637482,-0.07342478,-0.040414196,-0.09805677,-0.0070107384,-0.044013016,-0.08153781,-0.009641318,0.0025584851,-0.005447056,-0.041807443,-0.08519507,-0.009397735,-0.017944898,-0.008229869,-0.05149472,-0.05388706,0.011253278,0.08224735,-0.020736782,-0.040643804,-0.010115927
NECAB1,-0.0008617912,-0.0009986432,-0.005438349,0.015147385,-0.003925319,-0.0074748504,-3.5946192e-05,-0.001967706,0.015929595,-0.0031436682,0.0045199613,-0.004872727,-0.001009345,-0.0018026372,-0.0022991474,0.016888395,0.09265684,-0.00092132733,-0.0048964797,-0.0034372797,-0.0020419515,0.0026622734,-0.0018034999,-0.0008096204,-0.0045653568,0.011935985,-0.0012219268,-0.0017856882,0.0026948033,0.008858374
AC117834.1,-0.00035560402,-0.0018569322,-0.0022440488,-0.0034431308,0.025572814,-0.0030843155,-0.0016441091,-0.00529305,-0.00038016963,-0.004881898,-0.002493488,-0.004090609,-0.0004164878,-0.0020544184,-0.004281582,-0.0003606519,-0.00068053807,-0.00038016934,-0.0020204317,-0.0053229663,-0.0008425619,-0.0011717677,-0.0007441662,-0.0018144371,-0.0018838206,-0.00048843096,-0.0019102807,-0.00073682674,-0.002348425,-0.0011142369
CDH17,-0.00022489138,-0.0011743621,-0.0014191414,-0.0021774827,-0.00210121,-0.0019505426,-0.0010397567,-0.0033472856,-0.00024042308,-0.0030873886,-0.0015768954,-0.0025869021,-0.00026338332,-0.0012992391,-0.0027077259,-0.00022808123,-0.0004303742,-0.00024042286,-0.001277757,0.0018041573,-0.0005328558,-0.0007410388,-0.0004706222,-0.0011474539,-0.0011913473,-0.00030889554,0.050966147,-0.00046597782,-0.001485198,-0.0007046678
TP53INP1,-0.008333529,0.013068494,0.15657428,0.16669053,0.14829178,0.040245395,-0.024351763,-0.11052086,0.0025936146,-0.013677909,-0.020202365,-0.099820875,-0.0087796915,-0.036616106,-0.065372504,-0.0035385822,0.022596668,0.0022986096,-0.03854668,-0.084223025,-0.014627333,-0.010711693,0.1005326,-0.034405433,-0.014559491,-0.0021570663,-0.008593496,-0.012953158,-0.039690014,-0.017710647
PLEKHF2,0.004450829,0.057671048,0.09319765,0.16581358,0.1801748,0.04238125,-0.023596859,-0.10346474,0.0050664535,-0.08272754,-0.04490008,-0.058136623,-0.00564373,-0.032715723,-0.059167963,-0.010331304,0.00071502104,0.006398197,-0.03287291,-0.092627294,-0.008304719,-0.015406619,0.011373902,-0.041802395,-0.02908571,0.012406316,0.022690339,0.0068960837,-0.03186929,0.005194799
LAPTM4B,-0.0033015574,-0.004282561,-0.008389436,-0.018484078,-0.03526454,-0.0047147903,-0.013142049,0.020315439,0.009670534,0.031687897,0.009145086,0.01018841,0.008292331,-0.007250092,-0.028952742,-0.0033483915,0.24255873,0.0055334796,0.007100482,-0.03133866,-0.0017575573,-0.0034844885,0.0020993685,0.07309239,0.0213602,0.002323666,-0.00080351665,0.00014382578,-0.0054326104,0.0003094597
AP000424.2,-9.1806134e-05,0.032360513,-0.0005793388,-0.0008889209,-0.0023498277,-0.0007962808,-0.00042446927,-0.0013665082,-9.814965e-05,-0.0012603605,-0.0006437385,-0.0010560598,-0.000107522836,-0.00053038413,-0.0011053637,-9.310984e-05,-0.00017569157,-9.814957e-05,-0.0005216233,-0.0013742351,-0.00021752383,-0.0003025099,-0.00019212287,-0.0004684332,-0.00048634407,-0.0001260996,-0.0004931836,-0.00019022758,-0.0006063014,-0.00028766357
KLF10,0.012154017,-0.057487145,-0.02088199,-0.12656792,0.6679271,0.07621665,-0.040707484,-0.21313749,-0.011923265,-0.17448089,-0.07944747,-0.15315814,-0.008153165,-0.06577383,-0.099344745,-0.007921242,0.004396832,-0.0047179884,-0.07478077,-0.13685054,-0.014435176,-0.022690853,0.005318921,-0.059974216,-0.07499477,0.024485204,0.12326549,-0.031397056,-0.06912899,0.025833476
AZIN1,0.0035839584,-0.015085844,-0.01767905,-0.068991035,0.30668646,0.0570608,-0.019745188,-0.09079631,0.008598696,-0.065750815,-0.036163334,-0.0775917,0.001211436,-0.03425703,-0.061733052,-0.009986445,0.007479608,-0.0025573047,-0.040311277,-0.071585566,0.013925057,-0.0123709105,0.015102329,-0.039079294,-0.03213214,0.009942274,0.040752858,-0.005014778,-0.030148303,0.037495956
AP003354.2,-0.0018369216,-0.015882866,-0.025068091,-0.041018758,0.29930064,0.012562587,-0.022288319,-0.072598346,-0.0053212633,-0.06570405,-0.03344979,-0.05512248,-0.005829462,-0.02818046,-0.05665317,-0.0050480347,-0.007892469,-0.0053212596,-0.028279824,-0.07075679,-0.0104159685,-0.016401008,-0.010416195,-0.022794321,-0.026367642,-0.006836631,0.012276486,-0.010313348,-0.028740691,0.0008472242
BAALC,-0.0014804438,-0.005690943,-0.0076375604,-0.009769872,-0.035670802,-0.010323918,-0.0068448763,-0.02045183,-0.0015827201,-0.01779439,-0.008843929,-0.017029827,-0.0017339063,-0.0066985227,-0.01688233,-0.0015014666,0.32167092,-0.0015827188,-0.008411468,0.097002454,0.03652399,0.046533763,-0.0030981177,-0.0054565812,-0.0078426115,-0.0020334492,-0.003989387,-0.0030675684,-0.008147509,-0.004638801
ANGPT1,-0.0022819347,-0.01191639,-0.01440035,-0.01984477,0.102520004,-7.21197e-05,-0.010550658,-0.03188495,0.0039235298,-0.029664973,-0.0149944015,-0.024329336,-0.0026726264,-0.010752074,-0.026857553,-0.0023143599,0.23321475,-0.002439608,-0.012965668,-0.032604393,-0.005406947,-0.005411243,-0.004775481,0.04333677,-0.012088677,-0.0031343752,0.009699802,-0.0047283196,-0.015070401,-0.007150271
ATAD2,-0.002054131,0.020541186,0.012461595,0.00034580773,-0.023525983,-0.00094949646,0.0054870537,-0.030955669,0.062249858,0.008101489,0.0023741205,-0.031100815,0.05360451,-0.0043580714,0.028779373,-0.0081704995,0.013181957,0.003368248,-0.013491021,0.013453073,0.12202901,0.008075311,0.019804105,-0.035306852,-0.0021716505,0.014415055,0.009325262,-0.0006917184,0.017955804,-0.009614605
MTSS1,-0.012887092,0.07378483,0.090423346,0.15339874,0.050329555,0.34470198,-0.021777755,-0.16545424,-0.008094464,-0.12452457,-0.07017452,-0.13155894,-0.0020704006,-0.059410695,-0.012510208,-0.009495612,-0.015252948,-0.010746001,-0.065500155,0.104699515,0.016225358,-0.031951405,-0.013148967,-0.0050677774,-0.062929735,-0.015959552,-0.033415936,-0.009439986,-0.021119205,-0.0362125
TRIB1,0.005629637,-0.024471777,-0.032339633,-0.063031174,0.36387578,0.10660895,-0.032259043,-0.10371567,0.004054451,-0.092904836,-0.04649082,-0.0793737,-0.008706237,-0.04044627,-0.08350546,-0.0012053588,-0.013050173,-0.005697027,-0.037552338,-0.10280108,-0.015739163,-0.023737963,0.083038956,-0.03244536,-0.027694652,-0.0025428457,0.06892209,-0.012102574,-0.04503765,-0.0063538887
AC087667.1,-0.0001298315,-0.0006780167,-0.0008193051,-0.0012571373,-0.003323152,-0.0011261296,-0.00060028926,-0.0019325397,-0.0001388034,-0.0017824317,-0.0009104092,-0.0014935043,-0.00015206587,-0.00075007835,0.009142904,-0.0001316744,-0.0002484687,-0.00013880391,-0.0007376967,0.0070106485,-0.00030762728,-0.00042782188,-0.00027169773,-0.00066247914,-0.0006877813,-0.0001783366,-0.0006974636,-0.0002690192,-0.0008574496,-0.00040681593
MYC,-0.010318658,0.08615109,0.020608801,0.08867896,-0.14849402,-0.058724806,-0.024704432,0.17717822,0.0023194614,0.09075191,0.03690389,0.11904669,-0.0026804116,0.022744192,-0.08624379,-0.004155498,0.013772291,-0.0022258293,0.041353084,-0.12797761,-0.013469922,-0.021598926,0.004128321,-0.0441328,0.028655719,-0.0028585098,-0.03474896,-0.008440705,-0.03556876,-0.029889483
ZFAT,0.042360928,0.017065542,0.0072815684,-0.006226083,0.028354738,0.023790225,-0.002670814,-0.028566465,0.008463252,-0.03343917,-0.01429996,-0.021290647,0.0038442158,-0.015916122,-0.02084015,-0.004485455,-0.0010023061,-0.004728196,-0.017843753,-0.022993969,-0.0012601967,-0.0011103894,0.037951663,-0.019645618,-0.013471617,0.0042022816,0.019722974,-0.009163877,-0.009239916,0.3450321
LYPD2,0.003684541,-0.0046135955,-0.0077620423,-0.019539297,-0.042782817,0.3707269,-0.008861248,-0.026991827,-0.002681612,-0.028429246,-0.012112555,-0.020143937,-0.0029377944,-0.012297289,-0.021808157,-0.0025439458,-0.00480039,-0.0026816144,-0.013135107,-0.026766557,-0.00331229,-0.006358553,-0.0022827878,-0.009046558,-0.012091534,0.0056054057,-0.004094855,0.00084113306,-0.00688386,-0.005849812
LY6E,-0.007603803,-0.01220134,-0.05215313,-0.076007076,0.020251544,0.21663663,0.02082861,-0.14957736,0.016110463,-0.051684022,-0.0078111747,-0.089072265,0.027710702,-0.017475106,0.041687995,-0.016072098,-0.024451561,0.0070769936,-0.015837524,0.20852917,0.041485593,0.04590411,-0.017949462,-0.088441335,-0.04315047,-0.011531059,-0.0032674363,-0.021909092,0.014320037,-0.051063105
TOP1MT,0.021428835,0.021553947,-0.0042420053,-0.029261576,0.15847263,-0.017994897,-0.02751682,-0.015741633,-0.0029852167,-0.03861488,-0.022979368,0.013402967,0.0012015988,-0.012657863,-0.05465129,-0.0038247202,0.012451382,-0.0063262987,-0.031818915,-0.0975288,-0.016077671,-0.023391463,-0.005120013,-0.03369463,-0.017092371,0.050270185,0.13724542,-0.008850155,-0.030012412,0.03255039
GRINA,0.018204287,-0.03248376,-0.04709697,-0.07469756,0.57235855,0.15815715,-0.049113587,-0.15137652,-0.011430778,-0.15435825,-0.07943209,-0.11631874,-0.011237349,-0.06431029,-0.12800364,-0.0031371124,-0.007264271,-0.010995239,-0.06585147,-0.1397685,-0.026122162,-0.03311708,-0.014683572,-0.061935958,-0.062100645,0.0075498787,0.047823742,-0.022602053,-0.06813171,0.03031537
JAK2,0.020212267,-0.012685447,-0.033094343,-0.056025807,0.42264667,0.13018288,-0.033028223,-0.15947938,0.0023276063,-0.12198036,-0.05500947,-0.11877716,0.004300385,-0.04806668,-0.085751005,-0.01106069,-0.008494464,-0.008983821,-0.05478671,-0.09474676,-0.013066415,-0.0022564877,0.010906125,-0.026724946,-0.057836123,0.020927476,0.1360172,-0.019084528,-0.05171394,0.015404808
CD274,-0.002104015,-0.00088068936,-0.0024737925,-0.011500462,-0.024856806,-0.007598418,0.0049765036,-0.0055418843,0.004668071,0.04154721,0.01356214,-0.008985792,0.0038402458,0.006218391,0.016060662,-0.002133864,0.0037076555,-0.002249365,4.3820295e-05,-0.0035374505,0.0044452064,-0.0023709014,0.006193054,-0.0033159074,-0.0054149902,-0.002889908,-0.0043258183,0.0028367687,0.011486563,-0.001838274
GLDC,-0.0009636775,0.0043740105,0.00697618,-0.005827403,-0.022104248,-0.004490998,-0.004455639,-0.013129194,-0.0010302654,-0.0067483513,-0.0067572817,-0.005070547,-0.0011286688,-0.0027224377,-0.011603002,-0.0009773683,-0.0018442436,-0.0010302662,-0.0054753926,-0.0071661533,0.004547627,-0.0031754563,0.5153015,0.004707925,-0.0020109883,-0.0013236669,0.0039620693,-0.0019968,0.0011415362,-0.0030196197
MPDZ,-0.00038955698,-0.0020342534,-0.0024582183,-0.0037718934,-0.007861031,-0.0033787768,-0.0018011162,-0.0057982793,-0.00041646103,0.004248703,0.003101612,-0.004480968,-0.00045623165,-0.002250548,-0.001120355,-0.00039507638,0.18695368,-0.0004164612,-0.002213301,-0.002845358,0.015940098,-0.001283614,-0.00081520237,-0.0019876694,-0.0020636588,-0.00053506636,-0.0020926788,-0.00080717297,0.0036038447,-0.001220598
FREM1,-0.00027543903,-0.0014383149,-0.0017381423,-0.002666942,-0.0070499596,-0.002388984,-0.0012734702,-0.0040997895,-0.00029446493,-0.0037812798,-0.0019313453,-0.0031683818,-0.00032258933,-0.0015912435,-0.003316335,-0.00027934177,0.264917,-0.00029446397,-0.0015649295,-0.004122912,-0.0006526192,-0.0009076011,-0.0005764049,-0.0014053709,-0.0014591265,-0.0003783192,-0.0014796408,-0.00057072024,-0.0018190466,-0.0008630558
PLIN2,-0.006110977,-0.031039013,-0.043300003,-0.094286576,0.20646417,0.14896598,0.004698578,-0.047998577,0.01952092,-0.022769902,-0.020998891,-0.035469092,0.0170033,-0.03078126,-0.025910992,-0.007824144,-0.008818778,-0.005540722,-0.0162329,-0.089395955,-0.004122849,-0.030608185,0.004931459,-0.055967763,-0.038633574,-0.0056098327,0.01551737,0.0028296502,-0.011182379,-0.03231342
IFNB1,-0.00080080895,-0.00041317326,-0.0050534974,-0.0077539426,0.025740312,0.055891044,-0.0037025851,-0.01191991,-0.00085613714,-0.010993875,-0.0056152954,-0.0092119165,-0.0009379117,-0.0012047933,-0.007902635,-0.0008121725,-0.0015325551,-0.00085613655,-0.004550041,-0.011987219,-0.0018974325,-0.0026387842,-0.0016758781,-0.0040860814,-0.0042423294,-0.0010999641,-0.00063638715,-0.0016593164,-0.0052886866,-0.0025092529
C9orf72,0.00023327178,-0.031281598,-0.04505796,-0.07046661,0.55409455,0.21381693,-0.054901894,-0.14824525,-0.011802948,-0.13957606,-0.07100988,-0.11519912,-0.01107137,-0.057565253,-0.13024351,-0.0064045703,-0.015557616,-0.013082256,-0.057311576,-0.17398217,-0.02503208,-0.035783563,-0.022146389,-0.066539444,-0.058935545,0.010141862,0.07353037,-0.023490436,-0.06349463,-0.017687425
AQP3,-0.006909764,-0.044321977,-0.05109304,-0.08568759,-0.23317726,-0.07628139,-0.012216093,0.118691586,0.04044387,0.3869434,0.14534713,0.057605095,-0.0023357293,0.06145698,-0.061805226,0.0011536884,-0.015069546,0.0040193712,0.13433135,-0.12350422,-0.02023762,-0.024104498,0.0988579,-0.04672201,0.04666095,-0.009233868,-0.044891648,0.015854163,-0.030372716,-0.008355382
ENHO,0.015670858,-0.017515797,-0.02040385,-0.02887988,-0.028935896,0.115706615,-0.013420625,-0.04600831,-0.00358597,-0.042633876,-0.019371776,-0.03595289,9.3880706e-05,-0.018548535,-0.038685624,-0.0034018504,-0.0015190984,-0.003585959,-0.016511716,-0.04416567,-0.005949284,-0.011052608,-0.0070194253,-0.015212337,-0.016857132,0.005659229,0.6437807,-0.0069501996,-0.020691374,-0.010510156
CCL19,-0.0006091706,-0.0031811094,-0.0038441694,-0.0058984472,0.02355913,0.006946495,-0.0028165288,-0.009067316,-0.0006512689,-0.006315369,-0.0042714723,-0.0046318383,-0.0007134689,-0.0035193576,-0.0050503328,-0.00061781774,-0.0011658133,-0.00065126823,-0.0034611584,-0.007207889,-0.0014433832,-0.0020073005,-0.0012748226,-0.003108301,-0.0032271196,-0.0008367242,0.030447168,-0.0012622435,-0.004023101,-0.0019087845
CD72,0.024367364,0.19923303,0.02400429,0.42567655,-0.08440157,-0.03300638,-0.014187082,-0.071942836,0.0050857463,-0.061559055,-0.028895942,-0.051643286,0.00608729,-0.02417459,-0.046042882,-0.0054605035,-0.005717022,-0.0029929697,-0.017438766,-0.012492686,0.01123194,0.00068530394,-0.0071291113,-0.024988381,-0.022680195,0.031023739,0.086956434,-0.0069448454,-0.01523877,0.01604198
TPM2,0.05774346,-0.014522848,-0.016596626,-0.029389776,-0.05929751,-0.023836588,-0.0034211758,0.031255543,0.002442781,0.024828598,0.016304534,-0.0043973494,-0.0017495054,0.0012432139,-0.009580661,-0.004252183,0.0115386695,-0.0008363786,0.017503334,-0.019177014,-0.00039231376,0.00828499,9.1826536e-05,-0.005078535,-0.006683848,-0.00035934485,-0.0014830662,-0.0012144154,0.0026221296,0.38627535
RECK,0.005217057,-0.014210002,-0.013911489,-0.015363608,0.03709787,0.042973306,-0.005244883,0.011048936,0.010384036,0.00024782235,0.0007266528,-0.013179841,0.008385342,-0.00070066046,-0.016295435,0.00019008915,0.0074777436,-0.0024169658,-0.014635395,-0.021535967,0.0018187948,-0.004901766,0.00028613943,-0.030059254,-0.009800528,-0.004189569,0.0073093916,-0.003995777,-0.0056266612,-0.0016311205
MELK,-0.0011663298,0.004278236,-0.0052017285,-0.0069454447,-0.014321697,-0.0069191284,-0.002471753,-0.014344718,0.23560229,-0.008511633,-0.008178268,-0.008443251,0.12394328,-0.006738227,-0.006865934,-0.0011828907,0.0047500865,-0.00124692,-0.0066267783,-0.0084520355,0.2627201,0.00023039553,0.08682978,-0.005951189,-0.006178667,-0.0016020159,-0.003750151,0.004028491,-0.0056353835,0.009163955
PAX5,-0.0056441496,0.30386686,0.29169372,0.5805236,-0.13161013,-0.044655267,-0.024828779,-0.0793013,-0.0060340953,-0.072303616,-0.038334716,-0.05993505,-0.006610365,-0.032119803,-0.06359455,-0.005724241,-0.00928279,-0.0060340906,-0.03004701,-0.07692814,-0.011046964,-0.016863652,0.017139958,-0.024634216,-0.028803075,-0.007752495,-0.024049824,-0.01169483,-0.033262312,-0.016799843
MAMDC2,-0.0005808069,-0.0030329914,-0.0036651862,-0.0056237625,-0.009202998,-0.0018307529,-0.0026853436,-0.0066327895,-0.0006209272,0.0006141226,-0.00015821215,-0.006681087,-0.00068024854,-0.0033555252,0.0025891436,-0.0005890553,0.32070065,-0.0006209286,-0.0033000205,-0.00669091,-0.0013761882,0.006246335,-0.0012154707,-0.0029635502,-0.0030768753,-0.00079776015,-0.0031201136,-0.0012034683,-0.0038357265,-0.001819908
ZFAND5,0.0014652394,-0.034642074,-0.047174953,-0.09603628,0.5283975,0.22520806,-0.049136706,-0.17460205,-0.0025781188,-0.14214377,-0.07480265,-0.13383411,-0.0013663305,-0.06426761,-0.109204546,-0.009118712,-0.00865185,-0.0057785176,-0.043704093,-0.11039584,-0.007271762,-0.020877775,-0.007909239,-0.060498748,-0.06339755,0.00460638,0.0626962,-0.016223764,-0.06347312,-0.018330196
ALDH1A1,-0.0078832945,-0.03862387,-0.04355375,-0.06941947,0.5126589,-0.040396962,-0.033555634,-0.11129684,-0.004755052,-0.10419952,-0.05332387,-0.08645846,-0.009232795,-0.043297417,-0.09053952,-0.005924969,0.07194249,-0.008427887,-0.043200046,-0.10920198,-0.015971854,-0.023918478,-0.014619522,-0.034364738,-0.04008165,-0.007967636,-0.037819676,-0.015331294,-0.048608005,-0.022749262
ANXA1,0.0024609612,-0.13919513,-0.16955741,-0.25222686,0.380292,-0.022958618,0.06762146,-0.25260302,0.006989373,0.062323123,0.055542033,-0.25916764,0.025307905,0.022242246,0.09616888,-0.019247679,0.016252346,0.020090297,0.02508348,0.088237636,0.012352909,0.010974462,-0.057217628,-0.08561529,-0.13056393,-0.01628318,0.09894871,-0.018440047,0.021606915,-0.08111376
CEP78,0.005600888,-0.02349202,-0.023317892,-0.050574798,-0.20761183,-0.031946406,0.034273088,-0.10054477,0.028597847,-0.07117959,-0.039571643,-0.048065946,0.030148042,-0.02534516,0.17724945,-0.010222402,-0.0008622198,-0.0048927455,-0.03045408,0.42704055,0.08540283,0.058784407,-0.0035033936,-0.045179643,-0.02304627,-0.002747594,-0.020465348,0.008809052,0.06274617,4.2295134e-05
FRMD3,-0.0038909612,-0.01632554,-0.015255472,-0.03008486,0.1333392,0.08002424,-0.01798982,-0.053869117,-0.0041597756,-0.045465168,-0.023661228,-0.038609385,-0.0045570903,-0.021021875,-0.042390183,-0.0039461697,-0.0074463044,-0.004159767,-0.020624196,-0.03928591,-0.0040554237,-0.010308951,-0.0081426175,0.17327808,-0.012686728,0.003399295,-0.014075622,-0.008062222,-0.022489095,-0.010902557
CTSL,-0.0069528976,-0.033104323,-0.04229697,-0.06387035,0.12996086,0.49036664,-0.028852014,-0.018315047,-0.005118905,-0.05455096,-0.03178297,-0.06927109,-0.008143343,-0.031943016,-0.07832524,-0.0070515997,-0.012138755,-0.007433298,-0.038591847,-0.095988385,-0.015432713,-0.022911077,-0.014550672,-0.031479053,-0.031078316,-0.004682402,-0.010270685,-0.01208792,-0.043164928,-0.021071237
C9orf47,-0.0036967844,-0.01762923,-0.02263691,-0.034852006,0.25533053,-0.027975345,-0.017091911,-0.05274045,0.003918645,-0.050399918,-0.02592172,-0.04091079,-0.0043297037,-0.021357266,-0.042942792,0.0046879146,-0.007074694,-0.0039521763,-0.020219287,-0.0527213,-0.008759133,-0.01084692,-0.0077362354,-0.01799409,-0.019583635,-0.0050776727,-0.018265702,-0.0076599335,-0.024413925,-0.0115834875
S1PR3,-0.0059904368,-0.03021999,-0.03734552,-0.055543218,0.40682966,-0.039999727,-0.02708099,-0.08556132,-0.0064041237,-0.079763725,-0.04158943,-0.065530024,-0.0048050177,-0.03460766,-0.06807291,-0.0009658112,-0.011463993,-0.0064041326,-0.03201428,-0.084148735,-0.01186121,-0.019739054,-0.011296396,-0.026120894,-0.031733964,-0.00822806,-0.030212801,-0.012412376,-0.036930885,-0.017049871
CKS2,0.011634299,0.024920544,0.015655227,-0.014602981,0.025303232,0.03188304,-0.00617343,-0.059003655,0.0846398,-0.020558804,-0.017708069,-0.03414251,0.0495788,-0.019041238,-0.014587423,0.0010994226,0.09112619,-0.0016327286,-0.013426428,-0.005799082,0.093680486,-0.0033874172,0.07561954,-0.013078416,-0.017876076,0.06780294,0.05685364,-0.0026736306,-0.0059680506,0.08110343
GADD45G,-0.0020252273,-0.0090830065,-0.01026778,-0.01541389,0.08745122,-0.0064889067,-0.00258134,-0.026642334,0.0050049634,-0.012252022,-0.005134343,-0.01968625,-0.0023719033,-0.008974057,-0.02021007,-0.0020539486,0.028407471,0.012343385,-0.010117588,-0.021020627,-0.0015082851,-0.0043113,-0.0042381743,0.012829209,-0.0062662046,-0.0027816861,0.005098129,-0.004196354,-0.0085821105,0.0010490613
SYK,0.02682608,0.10148364,0.046351634,0.063412756,0.5223656,0.10853436,-0.06438999,-0.21443655,-0.014424001,-0.2006838,-0.09893367,-0.1683139,-0.013010494,-0.08319701,-0.16558199,-0.00889319,0.010052136,-0.016368147,-0.08422009,-0.07159951,-0.0023502216,-0.005417739,0.026895814,-0.047654476,-0.07805824,0.029035915,0.13153534,-0.031723727,-0.092951305,0.085824765
NFIL3,-0.0052797943,-0.0314601,-0.035126813,-0.08383371,0.35193405,0.03824777,-0.024013579,-0.13832346,-0.0054977313,-0.11741716,-0.052565068,-0.10760854,-0.0033157887,-0.04895061,-0.043969553,-0.008865929,-0.0019406931,0.0016014773,-0.016749306,0.029608734,0.012007445,-0.024274984,0.0050871116,-0.042977884,-0.0509467,0.005972236,0.06671558,-0.013424682,-0.022590335,-0.019070996
NINJ1,-0.007450948,-0.06980433,-0.080462806,-0.1322871,0.58617425,0.21677513,-0.058574073,-0.15361474,-0.007676266,-0.13535109,-0.06604529,-0.11210999,-0.009994796,-0.057339594,-0.11074554,-0.008090001,-0.025754096,-0.004343763,-0.04442442,-0.1518673,-0.023025732,-0.03608108,-0.019302819,-0.043078315,-0.061735384,-0.0127366,0.014073472,-0.028087169,-0.055006374,-0.036916725
FBP1,0.0066562505,-0.05098411,-0.05685158,-0.08833344,0.39414877,0.22424395,-0.046773456,-0.109775275,-0.011992737,-0.1278157,-0.061942182,-0.08665201,-0.013138164,-0.053786214,-0.11040736,-0.0070019,-0.01674152,-0.008820046,-0.04241604,-0.08685131,-0.011074124,-0.021599857,-0.018722413,-0.047355656,-0.0521327,0.029516354,0.13686696,-0.01877148,-0.05674489,0.008163367
CTSV,0.16062853,-0.0045258305,-0.0054692416,-0.00839182,-0.019332008,-0.0032153542,-8.169725e-05,-0.012900443,0.03258846,-0.011898307,-0.0060771573,-0.009969595,-0.0010150633,-0.005007086,-0.00882751,-0.0008789786,-0.0016586202,-0.0009265766,-0.004924241,-0.012973259,-0.00205352,-0.0028558492,0.032490708,-0.004422218,-0.004591307,0.024908809,0.124089405,-0.0017958267,-0.0057237805,0.1526184
HEMGN,-0.0031565353,-0.015502386,-0.01671538,-0.027878076,-0.067126274,-0.023241838,-0.010204796,0.075635,0.0012269287,0.008360703,-0.00097279105,0.030500228,0.00062110584,0.008984857,-0.026757427,0.08492583,0.18137333,-0.0033745898,-0.008963963,-0.04048681,0.0072376817,0.0002822248,-0.0066057113,0.21469629,0.0015790232,-0.0043355743,-0.015095696,-0.00410867,-0.008448802,-0.0051235654
SEC61B,0.035402276,-0.024014607,-0.05015075,-0.11443718,0.17630173,0.026956722,0.005894265,-0.17739871,0.025209585,0.006910162,0.018948581,-0.12880808,0.011186984,0.009494752,0.0015083435,-0.020056704,0.0067988536,0.00993725,0.038905896,0.05789781,0.009317086,0.0048601124,0.07425171,-0.0943348,-0.053340904,0.020160226,0.086007684,-0.0056138155,-0.0014885137,0.12550907
NR4A3,-0.0034625146,0.0016276302,-0.017379884,-0.028007742,0.12802294,-0.0021525617,-0.014991082,-0.049448,-0.0037017555,-0.037139248,-0.018186338,-0.037254784,-0.004055339,-0.012681744,-0.028785983,-0.0035117096,-0.0066264085,0.000672001,0.0019398036,-0.031970464,-0.008204148,0.0112464335,-0.007246147,-0.012117457,-0.017454388,0.0017790786,0.12853475,-0.007174524,-0.013513294,0.024504872
TMEM246,-0.0006091748,-0.0031811302,0.00028265725,-0.00036337582,-0.0061441353,0.00083327066,-0.0028165248,-0.0052299015,-0.00065125903,-0.0063163,-0.0042715287,-0.0022578998,-0.0007134692,-0.003519368,-0.007334636,-0.0006178238,0.3323767,-0.00065125903,-0.0034611693,-0.0052970317,-0.0014433714,-0.0020072951,-0.0012748368,-0.0031083017,-0.0032271359,-0.0008367303,-0.0032725395,-0.0012622548,-0.0040231007,-0.001908775
SMC2,0.007015991,0.013958967,0.005399429,-0.005225474,-0.04810085,0.08123891,0.0012397363,-0.02544051,0.06872644,-0.030239828,-0.014115644,-0.0036219135,0.06695018,-0.0059880135,-0.0023536263,-0.004530362,0.022348724,0.0033628573,-0.015370904,0.041055094,0.1356253,0.012033779,0.02216113,-0.034093454,-0.014519029,0.0016749501,0.037685234,-0.0011724008,-0.0035586,0.025963334
ABCA1,0.0006642188,0.003879742,-0.009871663,0.02602635,0.29052803,0.07847288,-0.029052803,-0.07392905,-0.0069894847,-0.07783893,-0.039724886,-0.069650576,-0.007657174,-0.032164216,-0.07231895,-0.0066306572,0.0018837933,0.003123088,-0.030941838,-0.09288062,-0.015490867,-0.019133814,-0.010269514,-0.030649308,-0.03314486,0.001603481,-0.008745714,-0.013546975,-0.03950834,-0.013362615
ZNF462,-0.0012872329,-0.006721974,-0.004215948,-0.011150213,-0.029754188,-0.009714488,-0.0033112606,-0.010062271,-0.001376184,0.0910763,0.02993354,-0.011432986,-0.0015075923,0.0138501,-0.013331941,-0.0013054903,0.016475778,0.009944935,0.010021625,-0.017454645,-0.0030499806,0.0068322807,-0.0026937993,-0.006568055,-0.0044982615,0.05098859,-0.006915083,-0.0026672042,-0.0028764775,-0.0040333983
KLF4,0.039640065,-0.053832226,-0.064096674,-0.09364468,0.55148554,0.19730507,-0.04502973,-0.15318134,-0.008181639,-0.14613755,-0.07181702,-0.12180413,-0.011712943,-0.05984561,-0.12542284,-0.0009802778,-0.01827413,-0.0084542185,-0.058398496,-0.15407252,-0.025198983,-0.031390313,-0.020888463,-0.049681716,-0.056464683,0.006452871,0.14880016,-0.02233842,-0.06724508,-0.024494238
CTNNAL1,-0.0026391838,-0.011466792,-0.009904174,-0.021663895,-0.025840826,-0.010126718,-0.00044009858,-0.01862044,0.11348405,-0.0056539625,-0.0010788306,-0.009281663,0.10868661,-0.003698337,-0.013591808,0.038129043,0.032071225,-0.0028215016,0.0074671917,-0.011783586,0.1929394,-0.005064615,0.06789684,0.13105455,0.00090569427,0.02210425,0.0014415924,0.003145552,-0.004485506,0.0012023674
C9orf152,-0.00027543024,0.009508992,-0.0017381322,0.0034477522,-0.0070499126,-0.002389033,-0.0012734543,-0.004099789,-0.00029446368,-0.0037812465,-0.001931338,-0.0031683566,-0.00032258622,-0.0015912831,-0.0033162949,-0.00027934305,0.058455493,-0.00029446316,0.008523836,0.0043209116,-0.00065260084,-0.0009075978,0.026403522,-0.00140541,-0.0014590918,-0.00037832584,0.009170372,-0.00057071133,-0.001819036,-0.0008630568
TXN,0.032888003,-0.049476285,-0.045525644,-0.14593576,0.26362252,0.0012764364,0.026072627,-0.15385015,0.03036569,0.018702505,0.010468637,-0.15176417,0.026658231,-0.015835434,0.00969001,-0.007046939,0.061800044,0.006912154,-0.019033728,-0.036390036,0.029226365,-0.0048181457,0.034541022,-0.056938242,-0.032533854,0.03465997,0.105941765,-0.0082111815,-0.021587977,0.12205622
UGCG,0.056013457,0.06922503,0.052153353,0.04685651,-0.057123408,-0.0061320933,-0.016711483,-0.00045008975,0.018131025,0.028506324,-0.0014688906,-0.025530726,-0.00055682415,-0.0057721245,-0.021410912,-0.0045074415,-0.012565236,0.008505957,-0.0044485675,-0.048535172,-0.006867038,-0.003978071,0.020876382,-0.042906016,0.02190745,0.023495434,0.072440155,0.0020701678,-0.00898021,0.2070217
SLC31A2,-0.0043115946,-0.049524453,-0.058233462,-0.093386956,0.47341147,0.25749403,-0.041639782,-0.14003925,-0.008411454,-0.12451861,-0.061196774,-0.10647864,-0.012243023,-0.053341106,-0.110521235,-0.007449557,-0.013258333,-0.009364197,-0.048052546,-0.13931005,-0.021066459,-0.028388584,-0.014806537,-0.04565217,-0.050639816,0.010570554,0.08219494,-0.019014629,-0.05818188,-0.025064737
TLR4,-0.0064757657,-0.04967558,-0.061154205,-0.095943615,0.61101,0.1591371,-0.04716856,-0.15540668,-0.010250762,-0.14371142,-0.07351703,-0.120543145,-0.012832428,-0.061813217,-0.1239559,-0.0065922956,-0.017892636,-0.0117135765,-0.061364047,-0.1555323,-0.025960717,-0.034941237,-0.020916397,-0.047280025,-0.056280825,-0.01504937,0.02062718,-0.021848409,-0.06747937,-0.030742694
MEGF9,-0.0005429316,-0.050587486,-0.07149716,-0.11180426,0.66731286,0.055548254,-0.0422696,-0.17324741,-0.0007364625,-0.15072827,-0.079162985,-0.13788393,-0.004687963,-0.06518898,-0.107414685,-0.0063395672,-0.019662695,-0.01169147,-0.070119925,-0.12321441,-0.009845595,-0.033227414,-0.02189493,-0.06350116,-0.06856695,-0.015380815,0.034797113,-0.023863802,-0.064044476,-0.036257807
GSN,0.04000921,-0.024889685,-0.0036127262,-0.07905052,0.27105892,0.013587319,-0.03860448,-0.13802965,-0.006095598,-0.12422319,-0.063071206,-0.10538224,-0.0052653025,-0.051119093,-0.098123685,-0.0067262384,0.027416006,0.0045912988,-0.0519548,0.04645594,0.012973664,0.050542444,-0.011389264,0.077020116,-0.048712112,0.047448196,0.2525483,-0.015540387,-0.056959532,0.14060462
STRBP,0.013826526,0.18279436,0.18664153,0.35383987,-0.15920581,-0.050283693,-0.026345106,0.0015172685,0.020677738,-0.0067943973,-0.013085981,0.009114563,0.0002543412,0.004389356,-0.05562449,-0.0075666304,0.040480338,0.006883666,-0.0113372775,-0.09394744,-0.0013205704,-0.0006171113,0.063806586,-0.034658853,-0.016815577,0.02259958,-0.012888931,-0.0047408426,-0.029635599,0.13449211
HSPA5,0.008399329,-0.04442087,-0.055851266,-0.09917016,0.0896782,-0.012930348,0.0051210257,-0.13385993,0.005135754,-0.02946075,0.013625475,-0.10897239,0.009332029,-0.0044887383,0.05734833,-0.018736009,-0.0096334675,-0.0037775042,0.044042427,0.16700397,0.025082974,0.009903191,0.07891646,-0.09785822,-0.040585972,0.014850049,0.024354478,-0.01664798,0.031736866,0.050086178
ZBTB43,-0.004059901,-0.010240386,-0.015156646,-0.038828958,0.21926935,0.049783025,-0.0018439934,-0.09765205,0.011196451,-0.058417156,-0.017886786,-0.06358723,0.01439394,-0.023098942,-0.021269051,-0.004749602,0.0007729875,-0.000783978,-0.009235362,-0.031265516,0.0045754095,-0.003114131,0.007871904,-0.04526885,-0.034843247,0.002155405,0.025732175,-0.011140108,-0.014591158,-0.007950004
ENG,-0.0011325665,-0.030781472,-0.0383392,-0.045561288,0.244647,0.09641397,-0.026252318,-0.06936722,0.0016918329,-0.06762357,-0.033071656,-0.046398684,-0.006928039,-0.02369777,-0.053470116,-0.007599146,0.0039551165,-0.005729288,-0.029148016,-0.051248185,0.00014687938,-0.007238581,-0.011695358,-0.03217906,-0.030859003,0.0020645643,0.038629364,-0.012047599,-0.03017534,-0.007815559
LCN2,-0.002035748,-0.0091398675,-0.0066456725,-0.014726959,-0.0031047724,-0.0020913798,-0.0077365395,-0.026268467,-0.0021764114,-0.024260005,-0.013151001,-0.018428965,-0.002384279,-0.011761106,-0.020389738,-0.0020646432,0.0040937923,-0.0021764073,-0.007455159,-0.025875097,-0.004823494,-0.0020308362,-0.00426021,0.427376,-0.010784439,-0.0027961808,-0.009495024,-0.004218147,-0.011068885,0.008335128
IER5L,-0.008170943,-0.038198303,-0.046779625,-0.07200543,0.34108645,0.09696252,-0.016122708,-0.11356962,-0.005091807,-0.09745885,-0.043686833,-0.08279517,-0.0004742825,-0.033190828,-0.036485497,-0.00053805864,-0.0019719966,0.002112454,-0.021931892,-0.08807875,-0.013402096,0.0072605065,-0.0098301,-0.03455693,-0.039482206,-0.0028400018,0.06204908,-0.011759695,-0.005390557,-0.019862464
AL391056.1,-0.0007901908,-0.0041263863,-0.0018063245,-0.0076511432,-0.013980458,-0.0044965423,0.0006513378,-0.008802156,-0.00084478647,0.009672806,0.017479546,-0.0035930448,-0.0009254776,0.03701044,-0.007753248,-0.0008014049,-0.0015122395,0.017572058,-0.00096588384,-0.008879989,-0.0018722708,0.057432618,0.10180939,-0.0040319418,-0.0041860687,-0.0010853525,-0.0042449217,-0.0016373014,-0.005218636,0.0038255786
PTGES,-0.0033997477,-0.016844574,-0.020693175,-0.030874548,0.16576624,0.107436694,-0.014687436,-0.048472226,-0.0036345883,-0.0432866,-0.023838999,-0.037359152,-0.0039817356,-0.017985154,-0.037974317,-0.0034479734,-0.006506236,-0.0036345804,-0.019316325,-0.048062835,-0.0060850093,-0.01120251,-0.0071147443,-0.015493849,-0.018010361,-0.004669709,0.0043373206,-0.007044441,-0.022452667,-0.0076960865
ASS1,-0.00022489183,-0.0011743661,-0.0014191413,-0.002177482,0.0015533747,-0.0019505485,-0.0010397547,0.0018457219,-0.00024042156,-0.0030873953,-0.0015768957,-0.002586903,-0.00026338175,-0.0012992406,-0.0027077317,-0.0002280813,-0.00043037563,-0.00024042134,-0.0012777622,-0.003366218,-0.00053285836,-0.0007410432,0.09866523,-0.0011474473,-0.0011913519,-0.00030889641,-0.0012081045,-0.00046597602,-0.0014852055,-0.0007046649
FIBCD1,-0.0007290326,-0.0038070371,-0.004600585,-0.007058923,-0.015277354,0.14194211,-0.0033707244,-0.010851485,-0.0007794048,-0.010008549,-0.005111939,-0.0064006317,-0.00085384486,-0.004211898,-0.00877783,-0.00073939393,0.009749813,-0.0007794044,-0.0041421945,-0.010912796,-0.0017273998,-0.0024022835,-0.001525686,-0.0037198968,-0.0038620892,-0.0010013611,-0.0039164056,-0.0015105866,-0.0048146765,-0.0022843718
NUP214,-0.0055263187,-0.043808866,-0.06269058,-0.102242224,0.6293614,0.11284745,-0.04734481,-0.17310189,-0.0034431112,-0.15264171,-0.076577455,-0.12806275,-0.0068778177,-0.064778425,-0.118213214,-0.009801593,-0.009738689,-0.010741646,-0.06490646,-0.13621712,-0.008392686,-0.029618027,-0.015265294,-0.06696399,-0.06477821,-0.009600915,0.05978734,-0.021781193,-0.063582756,-0.016539298
GFI1B,-0.0022363763,-0.010320569,-0.011856239,-0.018617932,-0.022168977,0.07002657,-0.010339846,-0.029079229,-0.0023908503,-0.028457599,-0.012609269,-0.019215805,-0.0026192144,-0.012919884,-0.02629963,0.0045915684,0.072205506,-0.0023908536,-0.011454517,-0.02509306,-0.005298808,-0.007369048,-0.004680056,0.41610953,-0.009154485,-0.0030717442,-0.006760644,-0.0046338625,-0.01368422,-0.00477671
SLC2A6,0.004254973,-0.00019480893,0.005850843,-0.04220197,0.44607595,0.2926224,-0.047108967,-0.15546311,-0.0059997663,-0.14491221,-0.07238518,-0.109907605,-0.0123415105,-0.05721232,-0.11303501,-0.007513295,-0.015318391,-0.010638392,-0.060214452,-0.14399713,-0.023214303,-0.037005726,0.0005144281,-0.049805485,-0.05770366,-0.009862686,0.054123558,-0.019809723,-0.063008316,0.0205911
RXRA,0.008354406,-0.06293076,-0.0791363,-0.11928871,0.65202856,0.25525704,-0.051769577,-0.18793449,-0.007411459,-0.16732034,-0.08648963,-0.1460367,-0.007884694,-0.0728763,-0.13293006,-0.0017958641,-0.013583011,-0.00787463,-0.06671179,-0.15720388,-0.025853666,-0.032332953,-0.020978339,-0.059163876,-0.06702537,-0.008476074,0.067111194,-0.02762748,-0.07150387,-0.033053275
FCN1,-0.014534735,-0.07187816,-0.086204655,-0.12896435,0.81676614,0.20009346,-0.064167075,-0.21214403,-0.01400198,-0.19948487,-0.10087612,-0.16821226,-0.013608248,-0.08344117,-0.15973668,-0.0062183556,-0.029151343,-0.01733671,-0.08269908,-0.20092225,-0.030183915,-0.043370735,-0.026731526,-0.056092113,-0.07907336,-0.01653233,0.06979234,-0.027378509,-0.09013679,-0.03972701
OLFM1,-0.0032748266,-0.017101116,-0.019108139,-0.029600034,0.16175972,0.045662995,-0.015141359,-0.04655181,-0.003501103,-0.043405633,-0.022963379,-0.03676555,-0.003835496,-0.018919794,-0.03681455,-0.0033213827,-0.0062672994,-0.0035010956,-0.018606931,-0.04500175,-0.00572012,-0.010791148,-0.006853421,-0.012818505,-0.015479237,-0.004498221,0.088502176,-0.00678571,-0.02087886,-0.008735992
AL590226.1,-0.0004207755,-0.002197286,-0.0026552882,-0.004074138,-0.0068615773,-0.0036495724,-0.0019454705,-0.0062630423,-0.00044983756,-0.005776472,-0.0029504304,-0.004840224,-0.0004928088,-0.0024309272,-0.0050662416,-0.00042674935,0.32747042,-0.0004498377,-0.0023907006,-0.0062984223,-0.0009969751,-0.0013864854,-0.0008805673,-0.0021469675,-0.0022290417,-0.00057795167,0.011684152,-0.00087186974,-0.0027788556,-0.0013184417
EGFL7,-0.0024120377,-0.010062486,-0.013115,-0.021934777,0.032952935,0.034990363,-0.0111521,-0.033447344,-0.0025787023,-0.031019628,-0.01214817,-0.010160505,0.0081898775,-0.0127859535,-0.024953645,-0.0024462976,0.32287353,-0.002578699,-0.013704614,-0.032192875,0.0025163998,-0.007948007,0.0041947784,0.18165089,-0.01277779,-0.0033130199,-0.009294198,-0.0049978923,-0.01188925,0.013171385
LCN6,-0.00022488789,-0.001174357,0.04325893,0.005311487,-0.0021016058,-0.0019505213,-0.0010397937,-0.0033473836,-0.00024042833,-0.0030873036,-0.0015768461,-0.0025868951,-0.00026339275,-0.0012992349,-0.0027077317,-0.00022807204,-0.0004303681,-0.00024042849,-0.0012777584,-0.0033663057,-0.0005328507,-0.00074102916,-0.0004706345,-0.00114749,-0.001191347,-0.00030889714,-0.0012080955,-0.00046596248,-0.0014851617,-0.0007046738
PTGDS,0.055473503,-0.017109994,-0.021168848,-0.034709945,-0.0846542,-0.021107588,0.02342637,-0.055526767,-0.0018637234,-0.018996846,-0.0067152707,-0.045359973,0.006101211,-0.0077708135,0.044026896,-0.001429807,-0.0036596323,-0.0017840993,-0.014168117,0.22142105,0.039196216,-0.00911526,-0.0033679397,-0.016878903,-0.022038734,-0.0063983793,-0.01620364,-0.009652355,0.024024071,0.14208205
LCNL1,0.046932727,-0.012014373,-0.011990177,-0.023176568,-0.05862399,-0.021228086,0.0073175095,-0.034895666,-0.0027072811,-0.02137573,-0.001463676,0.050913844,-0.0029658505,0.030173693,0.05019401,0.0036054018,-0.0048461896,-0.0027072793,0.0045150025,0.028315885,0.00448415,-0.008344239,-0.002365015,-0.0117005035,-0.013414962,-0.0034781916,-0.010128128,-0.0052470122,0.03324444,0.20265444
CLIC3,0.03389192,-0.040561765,-0.051579297,-0.08374425,-0.22012915,-0.075420745,0.0024978637,-0.13495667,0.004261621,-0.097589105,-0.021858774,-0.077898644,0.008929863,-0.00011826683,0.09035913,-0.004163639,-0.016768051,0.007898189,-0.004064322,0.6449046,0.054457545,0.055200387,-0.012825281,-0.03800371,-0.048377633,0.012108131,-0.037744105,-0.020095976,0.04981926,0.1658312
FUT7,0.035964765,-0.013194774,0.052217014,-0.0372049,0.08976893,-0.034456454,-0.017702786,-0.08191398,0.03016128,0.034379315,-0.013158172,-0.05623804,-0.0024041082,-0.0047523053,-0.02922237,-0.0035534124,0.004615373,0.011806668,0.004012794,-0.037678044,0.0011424558,0.053912744,-0.00077803247,-0.025379278,-0.023668842,0.045688037,0.10820491,-0.012810242,-0.016634697,0.14045921
LRRC26,0.12937789,-0.0068713487,-0.0059542363,-0.011035851,-0.033690926,-0.009951334,-0.007695144,-0.022659596,-0.0017793183,-0.021341234,-0.010297832,-0.016526362,-0.0019492876,-0.009615337,-0.017520098,-0.0016879729,0.006593664,-0.00177932,-0.007772632,-0.024208318,-0.0039435206,-0.00548424,-0.0034829967,-0.006625576,-0.008816855,-0.0022860668,-0.008940849,-0.003448627,-0.0080883745,0.78557765
TUBB4B,0.015231197,-0.014388883,-0.0029099714,-0.0624759,0.13615873,0.07350225,0.0009220097,-0.122477435,0.044402126,-0.04024154,-0.019153569,-0.10054193,0.036415756,-0.028237531,-0.0042756465,-0.003309236,0.018778766,0.011646487,-0.00057734246,0.01146296,0.062306006,-0.006115525,0.02326265,0.06384229,-0.028312195,0.017667565,0.07223318,-0.0045993016,-0.0036356896,0.0013532847
IFITM2,-0.004493858,-0.074374646,-0.11639555,-0.1617968,-0.020319384,0.25550535,0.035275683,-0.14849791,-0.014285997,-0.034858204,-0.023324775,-0.11178314,0.0040515657,-0.0206951,0.045010045,-0.025081348,-0.03338852,0.027286112,-0.00747288,0.35508642,0.04676711,0.09193174,-0.06338173,-0.07811333,-0.070699126,-0.030303081,-0.00137047,-0.03297969,0.038714528,-0.06584162
IFITM3,-0.0101901,-0.070559606,-0.09021421,-0.13355199,0.47999188,0.34601352,-0.06442704,-0.1845739,-0.012485019,-0.18519332,-0.0945402,-0.11350468,-0.013068905,-0.07200563,-0.14180276,-0.0042824284,0.0044208537,-0.0013049319,-0.07724533,-0.0051649,0.004885478,0.058175683,-0.0258747,0.010457166,-0.0740923,-0.017130757,0.092946306,-0.030212255,-0.06752461,-0.0427163
IRF7,0.041433863,-0.0016887476,-0.00091374625,-0.024601437,0.20670845,0.1611689,-0.028442118,-0.097351894,0.00077606377,-0.08003425,-0.047873337,-0.06923183,-0.00090575434,-0.038996935,-0.07401498,-0.011056232,-0.0038178598,-0.006404952,-0.03986726,-0.03950901,-0.0024165693,-0.00873786,0.042743478,-0.046181854,-0.035059035,0.017290782,0.05688471,-0.0053518442,-0.03504398,0.17334048
SCT,0.20127045,-0.0037624787,-0.010828962,-0.013337258,-0.039390173,-0.008932008,-0.008893061,-0.021915993,-0.0020563307,-0.021857003,-0.009928982,-0.015337976,-0.002252754,-0.008261612,-0.018074509,-0.0019507395,0.0005473739,-0.0020563232,-0.008014912,-0.01664311,0.0022801505,-0.0013772956,-0.004025224,-0.0049552335,-0.005530281,-0.0026419305,-0.001177479,-0.003985456,-0.007678631,0.74266833
DRD4,0.011193635,-0.00410944,-0.0058764466,-0.005345617,-0.005000396,0.024953365,-0.0057816305,-0.013923122,-0.0013368716,-0.013163122,-0.00876829,-0.012065666,-0.0014645545,-0.007224335,-0.012823432,0.023238188,0.0041143275,-0.0013368737,-0.0026449559,-0.011246876,0.002308663,-0.00031706772,-0.0026168753,-0.0014208946,-0.0066244937,-0.0017175784,0.00736739,-0.0025910474,-0.006326526,0.29553348
TALDO1,0.005753988,-0.04383843,-0.057142355,-0.1280431,0.6569778,0.10648808,-0.047340658,-0.1983751,0.013773193,-0.15232411,-0.08420509,-0.15965956,0.012388803,-0.07275469,-0.1316684,-0.0043578027,0.03618167,-0.016823538,-0.07359969,-0.16206762,0.007735212,-0.034100614,-0.006169532,0.07467535,-0.06187758,0.008314581,0.086965285,-0.025477696,-0.08177366,0.013839013
CTSD,-0.0034351833,-0.09045464,-0.113784775,-0.17905864,0.618162,0.09909439,-0.039993145,-0.21081014,-0.0058570453,-0.21149556,-0.09824565,-0.15873289,0.0014942635,-0.087696806,-0.08842049,-0.010166098,-0.014834139,-0.013381238,-0.07912345,0.1180181,0.015589729,0.009143824,-0.012683381,-0.040914334,-0.0776482,-0.019674977,-0.038653407,-0.031132996,-0.056130044,-0.014105983
TNNI2,0.06748567,-0.008348885,-0.019954992,-0.023063723,0.21980213,0.21195015,-0.024917204,-0.08949864,-0.006864346,-0.083873995,-0.043039676,-0.06811513,-0.0075199106,-0.035659943,-0.07197199,-0.0065118684,-0.008207705,-0.0043118605,-0.03453909,-0.08536069,-0.015213348,-0.019500088,0.0019410982,-0.028950311,-0.03137865,0.037263602,0.07875161,-0.011968435,-0.039020397,0.11642011
CD81,0.00013941522,0.06508211,0.08309503,0.12226703,-0.29358122,-0.053060167,0.07677108,-0.10314968,0.01114652,-0.03088831,0.043042623,-0.10182813,0.019191412,-0.004099676,0.20239311,-0.016977683,0.019719634,-0.0071514016,0.095171236,0.27514285,0.038268995,0.037017968,0.0029038982,-0.101857305,-0.0432639,0.008163983,-0.05290987,0.015670786,0.08015849,-0.010922072
KCNQ1OT1,0.00041105712,0.028803222,0.033498395,-0.008321618,0.14797002,0.1456422,-0.038180068,0.0047388813,-0.010832251,-0.028379465,-0.039645992,0.0060860435,-0.010780405,-0.031780716,-0.09192208,-0.005483103,0.040929347,-0.010292442,-0.045900933,-0.12827563,-0.015657004,-0.030416615,0.022168078,-0.04738072,-0.023395643,0.014100632,0.0631934,-0.009436927,-0.048542637,-0.015555198
CDKN1C,-0.0067895986,-0.026677191,-0.028573224,-0.047802556,0.020924155,0.6281587,-0.023399804,-0.0675778,-0.0029781265,-0.060217317,-0.03201757,-0.056812484,-0.0021056242,-0.024397893,-0.051702198,-0.0046361713,0.04379182,-0.0072587067,-0.022318553,-0.067871414,-0.0050026104,-0.016339995,-0.0054075243,-0.0210154,-0.023170842,-0.0060009044,-0.010658217,-0.012944126,-0.027826078,-0.009918406
PHLDA2,-0.00041556885,-0.018705165,-0.02312783,-0.034786154,0.19489878,-0.007669215,-0.018379126,-0.055724856,-0.004447917,-0.03448449,-0.004514894,-0.04567534,-0.0015071626,-0.017130662,-0.04692929,-0.004219554,-0.007962186,-0.004447919,-0.02014079,-0.059038658,-0.009857912,-0.01370937,-0.006921042,-0.017397968,-0.01675092,0.029878829,0.1288257,-0.008620715,-0.023827208,-0.0069268486
ART5,-0.00018361847,-0.0009588467,-0.0011586954,-0.0017778751,-0.00022392238,-0.001592589,-0.0008489515,0.0036271585,-0.00019630227,-0.0025207584,-0.0012875203,-0.0021121565,-0.00021505308,-0.0010608163,0.005359501,-0.00018622447,-0.00035139607,-0.00019630193,-0.0010432634,-0.0027484829,-0.00043505855,-0.00060503895,-0.00038425965,-0.0009368901,-0.0009727097,-0.00025220565,-0.0009863834,-0.0003804657,-0.0012126483,0.026534995
RRM1,0.0029398042,-0.0010690634,-0.003031762,-0.02383992,-0.033693578,0.01701452,0.00128338,-0.0048468276,0.08031691,0.03227691,0.015075253,-0.012670427,0.054044925,0.007819829,0.0048961686,-0.0043010074,0.014018561,0.00038335577,0.00558409,-0.013782411,0.10502999,-0.005209455,0.02747902,-0.028053021,0.0031213062,0.009747984,0.027846504,-0.0025727195,-0.0053522913,0.0071359314
HBB,-0.0038065729,-0.009386043,-0.018249081,-0.009757139,-0.023178702,-0.0014384555,0.006779795,0.017210834,0.0006593429,0.032899942,0.0031648176,0.014717261,-0.008270741,0.005409984,-0.021765359,0.05896218,0.016554683,0.0060131242,0.0160861,-0.011457782,0.006246824,-0.0077681732,0.008465384,-0.010252608,0.024596915,-0.00075979263,-0.0032355676,0.016826427,-0.0030952955,-0.012379676
HBD,-0.0010518245,-0.0026237406,-0.006637577,-0.008582509,-0.008151473,-0.0038104665,-0.001629948,-0.006759007,-0.0011244952,-0.007320097,-0.00087900774,-0.0038396514,-0.0012318948,-0.0034724697,-0.008690349,0.36377066,0.13723959,-0.0011244987,-0.0059762225,-0.006884513,-0.0024921903,0.0010402404,-0.002201175,0.059311025,-0.005572101,-0.0014447431,-0.0056504686,-0.0021794294,-0.00694648,-0.0032958044
HBG1,-0.0004002307,-0.0020900108,-0.002525623,-0.0038752772,-0.01024422,-0.0034713852,0.0066310917,-0.005957172,-0.000427882,-0.0054945396,-0.0028063755,-0.0046038986,-0.0004687497,-0.002312219,-0.004818872,-0.00040591494,-0.0007659453,-0.00042788315,-0.0022739915,-0.005990974,-0.00094829843,-0.0013187996,-0.00083756365,0.12126727,-0.0021202147,-0.00054973434,-0.0021500587,-0.0008293066,0.0033658848,0.011182717
HBG2,-0.0013035964,-0.0044907494,-0.008226264,-0.0048559206,-0.0011747805,-0.0070151393,-0.003417976,-0.0140176015,-0.0013936701,-0.0140683,-0.007394333,-0.011661225,-0.0015267695,-0.0075311568,-0.014626812,0.022195753,-0.0024947757,-0.0013936704,-0.007406748,-0.0159374,-0.003088732,-0.0042954963,-0.0027280375,0.26181027,-0.0069058654,0.006882825,-0.007002958,0.0030563227,-0.008609197,0.0073891142
OR51M1,-0.0004591172,0.0041719545,0.0025759395,-0.004445381,0.011525927,-0.003982101,-0.0021227414,0.00080063334,-0.00049082976,-0.00358827,0.0017318598,0.001018597,-0.00053771073,0.003304332,-0.0024986446,-0.00046563253,-0.00087864115,-0.00049082993,-0.00260857,-0.0043388666,-0.0010878295,-0.0015128482,-0.00096079684,-0.0023426174,-0.0024321657,-0.00063061935,-0.002466379,-0.0009513179,-0.0030320738,-0.0014385879
CNGA4,-9.180612e-05,-0.00047940665,-0.00057933683,-0.00088892085,-0.0023498242,-0.0007962848,-0.00042447107,-0.0013665152,-9.815022e-05,-0.001260366,-0.0006437375,-0.0010560633,-0.000107523345,-0.0005303821,-0.0011053585,-9.310953e-05,-0.00017569048,-9.815015e-05,-0.0005216282,0.0112893395,-0.00021752383,-0.000302508,-0.00019212297,-0.00046843177,-0.00048634526,-0.00012609933,-0.00049318303,-0.0001902276,-0.000606301,-0.0002876622
CCKBR,-0.00018361847,-0.0009588489,-0.0011586881,-0.0017778693,0.013204569,-0.0015925871,-0.00084895216,-0.002733105,-0.00019630238,-0.0025207538,-0.0012875263,-0.0021121546,-0.0002150534,-0.0010608254,-0.0022108192,-0.00018622499,-0.00035139735,-0.00019630222,-0.0010432658,-0.0027484673,-0.00043505666,-0.00060503924,-0.0003842614,-0.0009368881,-0.000972715,-0.000252206,-0.0009863791,-0.00038046678,-0.0012126565,-0.00057535426
SWAP70,0.0018038409,0.21127333,0.2260117,0.3365452,0.1470582,0.17162344,-0.046151865,-0.14876069,-0.006494855,-0.13796309,-0.07172765,-0.116276704,-0.009910275,-0.05495115,-0.10830171,-0.008928055,0.020353729,-0.010942849,-0.06210898,-0.123393856,-0.009158046,-0.013889103,0.014551627,-0.053833276,-0.036146656,0.00019438581,0.059851844,-0.019741654,-0.058432408,-0.011918666
ADM,-0.0052862926,-0.026425876,-0.02889874,-0.04846992,0.2959326,0.09076138,-0.023752382,-0.07540438,-0.0056515257,-0.06882654,-0.037067577,-0.057911985,-0.0036844017,-0.030540148,-0.060253244,0.00047650374,-0.010116748,-0.0056515285,-0.025534276,-0.0744209,-0.012525435,-0.017419208,-0.011062853,-0.022624489,-0.026783202,-0.007261092,-0.011400011,-0.010953427,-0.033439834,-0.014591016
MTRNR2L8,-0.002475396,0.01804064,0.022947,0.016173378,0.076511875,0.010841735,-0.029598402,-0.071804576,0.0013304435,-0.07608524,-0.021679122,-0.03264578,0.004570532,-0.026816545,0.027462814,-0.008078257,-0.020420598,-0.0021263564,-0.02592081,0.00721055,0.011895764,-0.0016276179,-0.010754458,0.086959206,-0.048733458,0.0047789696,0.023163704,-0.017841313,0.036539312,0.014373309
LINC00958,-0.00069948187,-0.0036526723,-0.0044140406,-0.006772796,0.017370991,0.009911383,0.0064854794,-0.0020537586,-0.0007478092,-0.006035456,-0.0016519283,-0.008046281,-0.0008192297,0.0037852947,-0.006431923,-0.000709411,-0.001338643,-0.0007478114,-0.0039742854,-0.0038127583,-0.0016573555,-0.002304892,-0.0014638256,-0.0035690903,-0.0037055453,-0.0009607695,0.013019612,-0.0014493784,-0.0011778733,-0.002191748
AC022240.1,-0.00015901463,-0.0008303811,-0.0010034732,-0.0015396574,-0.0040700403,-0.0013792267,-0.00073520996,-0.0023668818,-0.0001700025,0.005651307,0.013171291,-0.0018291606,-0.00018623595,-0.0009186743,0.006827304,-0.00016127381,-0.0003043171,-0.00017000246,-0.00090348313,-0.0023802235,-0.00037677365,-0.0005239701,-0.00033277017,-0.0008113602,-0.0008424117,-0.00021841687,-0.0008542203,-0.00032948065,-0.0010501674,-0.00049827184
NUCB2,-0.0050955494,-0.07928119,-0.09685947,-0.14189637,-0.24177872,-0.093933046,0.012377467,0.19460721,0.01512807,-0.045689333,0.0019244312,0.2585433,0.023715574,0.011827647,0.10257698,-0.0066216546,0.05676025,-0.0046577374,0.009785132,0.06918216,0.07146618,0.04449999,0.052143138,-0.06419911,-0.028819188,-0.023325415,-0.044417996,0.07261323,0.050738648,0.10062531
E2F8,-0.0009048582,-0.004725178,-0.0029302053,-0.0068958127,-0.014976699,-0.0057852017,-0.00042377473,-0.009589874,0.3524481,-0.008281289,-0.0063448893,-0.008806975,0.08696524,-0.005227647,-0.009354819,-0.0009176988,0.016234884,-0.00096738775,-0.0051411497,-0.012256399,0.23054112,-0.0029816187,0.063852444,-0.0046170093,-0.0014984289,-0.001242866,0.0048680115,-0.0018749125,-0.003311012,-0.002835289
CCDC34,-0.0005163495,0.0022272335,0.010130379,-0.004265105,-0.07195943,0.0034209099,-0.00018641111,0.024125192,0.08975614,0.017767599,0.0062027336,0.031193007,0.06250378,0.009834244,-0.0030093328,-0.00063498534,0.054386947,-0.0009353426,0.004263656,-0.013913579,0.12336163,-0.0010966157,0.021188786,-0.019182041,-0.0009067585,-0.0030819508,-0.004448209,0.0024399993,0.006487773,-0.0012730677
AC124657.1,-0.00012983174,-0.0006780131,-0.00081930734,-0.0012571368,-0.0033231576,-0.0011261272,-0.0006002893,-0.0019325394,-0.00013880353,0.007813098,0.016586436,-0.0014935035,-0.00015206532,-0.0007500797,-0.0015632133,-0.00013167484,-0.0002484691,-0.00013880397,-0.00073769444,-0.001943457,-0.00030762737,-0.0004278214,-0.00027169913,-0.00066247804,-0.0006877844,-0.00017833611,-0.0006974651,-0.0002690201,-0.0008574488,-0.0004068172
AL078612.2,-0.00012983284,-0.000678003,-0.00081931404,-0.0012571344,-0.003323176,-0.0011261196,-0.00060028967,-0.0019325378,-0.00013880382,-0.0017824254,-0.00091039925,-0.0014935015,-0.00015206372,-0.0007500842,0.009142914,-0.00013167618,-0.00024847043,-0.00013880421,-0.00073768897,-0.0019434593,0.05027679,-0.0004278202,-0.00027170332,-0.00066247454,-0.0006877938,-0.0001783347,-0.0006974705,-0.00026902254,-0.0008574477,-0.0004068209
LMO2,0.01697254,-0.061252546,-0.027551321,-0.08271191,0.5945755,0.3271011,-0.057983328,-0.19218396,-0.012261631,-0.1776159,-0.091549285,-0.14991207,-0.016221836,-0.07351872,-0.15333138,-0.00782949,0.05924279,-0.011735219,-0.07507436,-0.19079337,-0.029760532,-0.042689268,-0.026359642,-0.016746817,-0.06806024,0.020035746,0.16767667,-0.025206242,-0.082404286,-0.0152971465
ELF5,-0.0003895529,-0.002034245,-0.0024582425,0.0005527366,-0.005749752,0.058765795,-0.0018011087,-0.005798315,-0.00041646144,-0.005347893,-0.002731523,-0.00076909695,-0.00045623543,-0.0022505384,-0.0011203084,-0.00039507693,-0.00074550614,-0.0004164615,-0.002213313,-0.0058311434,-0.000923005,-0.0012836221,-0.0008152129,-0.0019876668,-0.0020636572,-0.0005350619,-0.0020926823,-0.00080717227,-0.002572648,-0.0012206098
EHF,-0.0010478088,-0.0025828513,-0.006612142,-0.010145376,-0.0008684768,-0.00730965,-0.0015920267,-0.015596202,-0.0011201869,-0.014384618,-0.0073471246,-0.01066793,-0.0012271755,-0.0060534487,-0.012615702,-0.0010626714,-0.0020052216,-0.0011201821,-0.0059532677,-0.015684387,-0.0024826643,-0.0034525995,-0.0021927461,-0.0053463452,-0.005550716,0.23633738,0.19067618,-0.0021711122,-0.0046159197,-0.0032831787
CD44,-0.0035980195,-0.061553117,-0.07648488,-0.14025272,0.51960635,0.05402456,-0.022179447,-0.08710986,-0.0068803728,-0.024277546,-0.019001078,-0.08763579,-0.007542841,-0.031849552,-0.08108856,-0.018028164,-0.011184412,-0.0007883252,-0.028861683,-0.23540893,-0.038584817,0.048879564,-0.03321687,-0.10228742,-0.020858992,-0.025238995,-0.010078516,0.00081681955,-0.037761983,-0.046160005
SLC1A2,-0.0022170895,-0.007455648,-0.008236818,-0.020694109,0.12085413,0.0052951514,-0.0071377507,-0.031394713,0.004179147,-0.027019052,-0.011388815,-0.024180999,0.0093990415,-0.0115563,-0.022871597,-0.0022485456,0.006827953,-0.002370238,-0.0113255875,-0.026797386,0.00071054546,-0.0051327148,-0.0012275978,-0.011312546,-0.010381237,0.0020561144,0.004011541,-0.0045939083,-0.010232875,-0.0069470806
C11orf96,-0.001260601,0.010208822,-0.005954138,-0.010866973,0.052076474,-0.0035300828,-0.0058284146,-0.013190143,-0.0013476984,-0.013341566,-0.008839269,-0.014500926,-0.0014764215,-0.0029300612,-0.012963256,-0.0012785029,0.0040468145,-0.0013477033,-0.004945977,-0.009612349,0.012692486,0.003379368,-0.0026381095,-0.001520743,-0.004311888,-0.0017315038,0.011862502,-0.0026120362,-0.0025825838,-0.003950024
MDK,0.006665988,-0.0046243956,-0.007434714,-0.0048200097,-0.0033577597,-0.0037153445,-0.0010143265,0.004124488,0.005952949,-0.0115144495,-0.007874748,0.0018879452,0.005137818,-0.0030954175,-0.006819565,-0.0018609175,0.2102429,-0.0019616147,-0.008893038,-0.00061782834,0.010047516,0.0017263446,0.012374458,0.011041294,-0.0064459927,-0.0025202648,0.0061382446,0.008565913,-0.010797424,0.005130473
SPI1,0.017964106,-0.016992094,-0.030501897,-0.06711336,0.74538255,0.31712183,-0.06833761,-0.23131888,-0.015131014,-0.21221478,-0.10760209,-0.17866509,-0.01692329,-0.0890113,-0.18217199,-0.008583626,-0.005430646,-0.015379723,-0.089740165,-0.2248098,-0.03411791,-0.04783902,-0.015228072,-0.06261644,-0.08492664,0.034654103,0.14048482,-0.03349116,-0.09754086,-0.03541471
C1QTNF4,-0.0011294599,-0.0005449029,-0.007127371,-0.00047112387,0.004616276,-0.0031977925,-0.0022045497,-0.009553476,0.01164867,-0.011085373,-0.003883114,-0.0052940077,-0.0013228037,0.0031798077,-0.0061908346,-0.0011454733,0.34403604,-0.0012074776,-0.00395073,-0.010710194,-0.0026760928,0.00048149255,0.004229728,-0.005762902,-0.0033390976,-0.0015513466,0.0017266183,-0.0023402462,-0.0074590854,-0.0035389713
FOLH1,-0.00018361765,-0.0009588493,-0.0011587082,-0.0017778693,0.013204683,-0.0015925961,-0.0008489571,-0.002733037,-0.00019630321,-0.0025207826,-0.0012874905,-0.0021121986,-0.00021505161,-0.0010607917,-0.0022107565,-0.0001862253,-0.00035139133,-0.00019630305,-0.0010432397,-0.0027484982,-0.00043505622,-0.0006050479,-0.00038425272,-0.00093688746,-0.0009727077,-0.00025220928,-0.0009864037,-0.00038046564,-0.0012126211,-0.0005753375
PRG2,-0.00040022767,-0.0020900185,-0.0025256423,-0.0038751813,0.014404704,0.0011812472,-0.0018504423,-0.005957222,-0.0004278755,-0.0023812838,0.002871809,-0.004603834,-0.00046875444,-0.0023121997,-0.004818911,-0.00040590274,0.019530008,-0.00042787252,-0.0022739607,-0.0059908936,-0.0009483015,-0.0013188266,0.017729217,-0.0020421692,-0.0021202036,-0.000549731,-0.0021500536,-0.0008292796,0.0033684405,0.011185864
SERPING1,0.0064789443,-0.022224724,-0.024132764,-0.040907096,0.20877288,0.084344424,-0.017840419,-0.063670345,-0.0046941964,-0.05789502,-0.028065074,-0.048447963,-0.0051426035,-0.024713174,-0.05019437,-0.0044532134,0.091061726,-0.0046941866,-0.02428217,-0.0631973,-0.008822975,-0.0133245485,-0.00918895,-0.006742419,-0.022538166,-0.0033248565,0.015056724,-0.009098169,-0.028419957,0.076454304
FAM111B,-0.0025475812,0.10396392,0.013752539,0.21562922,-0.05741747,-0.019166578,-0.0077401907,-0.032825213,0.16984533,-0.029540937,-0.016958399,-0.024717897,0.1022107,-0.010389921,-0.02514341,-0.0025837189,0.004709969,-0.0027235928,-0.012267517,-0.033518005,0.2636846,-0.0046365615,0.0299235,-0.012998981,-0.0075936336,-0.00349921,-0.005613623,-0.005278699,-0.014919364,-0.0040682857
MPEG1,0.016051875,-0.010564884,-0.0688775,-0.09091109,0.81455743,0.17559364,-0.07121365,-0.22548912,-0.016065618,-0.2118904,-0.10488943,-0.17580232,-0.016269935,-0.087644204,-0.18187368,-0.0057020024,-0.02896169,-0.01773403,-0.087061375,-0.22285734,-0.035334807,-0.0499892,-0.031331304,-0.0681568,-0.08180209,0.035375237,0.09718403,-0.031698722,-0.097021036,0.10899285
TCN1,-0.0002754387,-0.0014383097,-0.0017381393,-0.0026669255,0.0019021439,-0.002388969,-0.0012734791,-0.0040997798,-0.00029446642,0.005266112,-0.0019313438,0.0020806845,-0.00032259114,-0.001591248,-0.0033163175,-0.00027933985,-0.00052711635,-0.00029446586,-0.0015649348,-0.0041229026,-0.00065261516,-0.0009075993,-0.0005764021,-0.0014053764,-0.0014591189,-0.00037831863,0.009170332,0.053935807,-0.0018190406,-0.00086305785
MS4A3,-0.00047713995,-0.002491567,-0.0030109428,-0.0010887168,0.0067384937,-0.00023468044,-0.002206003,-0.0071018515,-0.0005100958,-0.0013261491,-0.003345628,0.00057432073,-0.00055882696,-0.002756555,8.462918e-05,-0.00048390462,0.08425919,-0.00051009405,-0.0027109794,-0.0047036526,-0.0011305254,-0.0015722369,-0.0009985089,-0.0024345627,0.0037086506,-0.0006553597,0.0035844177,-0.0009886416,-0.0031510724,-0.0014950591
MS4A2,-0.0007173577,0.00046093808,-0.0010235076,0.00245552,0.010299143,-0.0010295149,0.0014203722,-0.010677634,-0.00076693523,-0.0011573092,-0.0018598436,-0.008251923,-0.0008401641,-0.00032960824,-0.0047556367,-0.0007275447,0.04399732,-0.00076693494,-0.0040758518,0.000622778,0.007455386,-0.0023637908,-0.0015012253,0.0049515935,-0.0038002555,0.014778667,0.0043242695,-0.0014864258,-0.004737596,0.0046967557
MS4A6A,-0.0047730063,-0.07227183,-0.08461164,-0.13048345,0.85359865,0.03335232,-0.06541796,-0.21019953,-0.007628108,-0.18481076,-0.09822297,-0.16187279,-0.015049013,-0.08218667,-0.16491276,-0.0050143125,-0.025847796,-0.0136885075,-0.07848757,-0.20622706,-0.03225413,-0.046462197,-0.024516134,-0.05443569,-0.07394227,-0.01437624,0.09325178,-0.02967625,-0.0905664,0.06894279
MS4A4A,0.009167699,-0.029544754,-0.037399415,-0.05871911,0.14085728,0.50575787,-0.028110795,-0.09109209,-0.006773381,-0.08055532,-0.040906023,-0.07089869,-0.007420399,-0.03473115,-0.0709688,-0.0039832406,-0.010844719,-0.0067733657,-0.034535423,-0.08954277,-0.015011704,-0.019241588,-0.009580441,-0.026922079,-0.033049542,-0.003293117,0.076932386,-0.013127702,-0.038061697,0.046544876
MS4A7,0.0017557258,-0.03000636,-0.06243646,-0.08088822,0.59727156,0.40556702,-0.05850372,-0.18939812,-0.0110875005,-0.17487332,-0.086989135,-0.14744401,-0.013653454,-0.0745273,-0.14576647,-0.0072163763,-0.023323882,-0.015094489,-0.073349,-0.18291686,-0.027912114,-0.040855505,-0.02406318,-0.054377887,-0.07030287,-0.008101204,0.06484119,-0.026692545,-0.07893194,-0.03647677
MS4A1,-0.0065810625,0.35116777,0.41380063,0.6334446,-0.1603859,-0.052339524,-0.029624538,-0.101419546,-0.0072952644,-0.08495374,-0.037474416,-0.07711766,-0.0051277387,-0.0382472,-0.04684466,-0.0049211727,-0.009154495,-0.007212387,-0.029144026,-0.094624504,-0.015143606,-0.015524651,0.0055440227,-0.032575004,-0.035035606,-0.00620557,-0.030614724,-0.011923365,-0.033272758,-0.020429851
SLC15A3,0.007275002,-0.021687346,-0.04311644,-0.07677525,0.5477858,0.17747666,-0.048696294,-0.15355033,-0.010483254,-0.14443119,-0.07412125,-0.116125695,-0.012956873,-0.060499668,-0.1269721,-0.0065835323,-0.01972108,-0.011827414,-0.06022271,-0.15656658,-0.024816852,-0.03438744,-0.019718215,-0.048770174,-0.05755535,-0.009900642,0.101821914,-0.022005506,-0.067793444,0.018504841
CYB561A3,0.048096005,0.15000089,0.09758971,0.22314993,0.12083271,0.023867566,-0.032137737,-0.09516982,0.016928453,-0.08702552,-0.042399753,-0.06774387,0.001565507,-0.038143538,-0.071543135,-0.0075319735,-0.0015049663,-0.009344515,-0.03837462,-0.08793846,0.0021471719,-0.01821679,0.0007420602,-0.052247133,-0.043232385,0.011662483,0.0398456,-0.013468758,-0.033405844,0.16506732
FEN1,0.0021627587,-0.0067109573,0.0021875158,-0.00061041943,-0.027573206,0.0208294,-0.0051735416,-0.026944974,0.09648249,-0.012533717,-0.002232648,-0.018515708,0.07772776,-0.00527731,-0.0026259534,0.001954795,0.007235057,-0.0017344728,-0.00168485,0.02615612,0.16679919,0.011451821,0.06359361,-0.020093374,-0.010276581,0.0034068746,0.020390961,-0.0028508815,0.0026518677,0.0325339
FADS1,0.01234239,-0.031792395,-0.03823134,-0.054128632,0.28581628,0.021137375,-0.023468673,-0.097464934,0.0019248722,-0.08601588,-0.04127939,-0.06915049,0.009890299,-0.034828942,-0.058299642,-0.0034383417,0.048317753,-0.005851711,-0.037600446,-0.033753585,0.010790377,-0.018815512,-0.004402434,-0.02706019,-0.034896255,0.02858569,0.11585106,-0.012095574,-0.03032698,0.050303165
FTH1,0.016814502,-0.02454752,-0.054819196,-0.031098127,0.66784006,0.2787301,-0.05336468,-0.2659943,-0.007015519,-0.10080761,-0.051867615,-0.27069357,-0.017451953,-0.074302025,-0.18114054,-0.022369908,-0.007183136,-0.0003520288,-0.057809383,-0.23333764,-0.028910942,-0.0657314,-0.061157208,0.16533507,-0.083982415,0.02220202,0.104693316,-0.047008455,-0.08510491,0.039108425
AHNAK,0.008918216,-0.039992895,-0.018888561,-0.16970395,0.45127356,0.012305061,0.04964285,-0.35709798,-0.0043706656,-0.03009326,0.013851824,-0.281502,0.0029690345,-0.025648082,0.088055186,-0.01960815,-0.023332303,0.0008330827,-0.00039208666,0.06061039,-0.014436463,0.00690478,-0.006406121,-0.09240219,-0.07313063,0.0153408,0.071389794,-0.02442827,0.019127317,-0.033677854
GNG3,0.010617645,0.07203701,0.086459205,0.09113286,-0.028944088,-0.0070192018,-0.0060271835,-0.017603362,-0.0013936685,-0.016937165,-0.00914079,-0.014995468,0.00864441,-0.005428303,-0.014625219,-0.0013221062,-0.0024947757,-0.0013936693,-0.0074067474,-0.01772115,-0.003088723,-0.0042954953,0.099983096,-0.0066515515,-0.006905863,-0.0017905544,-0.0047512087,-0.002701134,-0.008609197,-0.0040847175
HRASLS2,-0.0032086691,-0.013910615,-0.013150385,-0.028937463,-0.07080639,-0.026669161,0.022956474,-0.019268863,0.0010970851,-0.02710297,-0.0052650888,0.022945862,0.021165142,0.00051305286,0.06280146,-0.0032542662,-0.006140625,0.0012028631,0.002095803,0.093360774,0.00684797,0.007536507,0.18494545,-0.012411948,-0.01414862,-0.004407295,-0.014490878,0.005141294,0.010814489,-0.00071862264
PPP1R14B,0.041618466,0.025939032,0.032553364,-0.024177592,0.056417894,0.07169753,-0.014117509,-0.0682565,0.0122113675,0.033283617,0.028943304,-0.037526086,0.014832374,0.008630004,-0.07217554,-0.009788167,0.049794514,0.008194731,0.023737168,-0.09185221,0.009812,-0.00094247574,0.025492584,-0.058234688,-0.019976042,0.055738173,0.121771924,-0.011880575,-0.024530375,0.14683722
AP001453.2,0.055892423,-0.00016456867,4.080809e-05,-0.009017356,-0.018124197,-0.009465574,-0.0050457795,-0.0140955,-0.0011667183,-0.011550572,-0.0013881928,-0.012553565,-0.0012781617,-0.0063048215,-0.010582879,-0.0011068099,0.005358449,-0.0011667223,-0.0062006377,-0.016335722,-0.0025857906,-0.0035960604,-0.0022838323,0.000100185935,-0.0057812817,0.02958388,0.012963172,-0.0022612743,-0.007207233,0.4308645
EHD1,-0.008802269,-0.017558835,0.007063812,-0.07371353,0.07541307,0.028967386,0.010155506,-0.08764964,0.014846628,-0.03183888,0.0042515574,-0.056212932,0.015688296,-0.0024981003,0.030564003,-0.0095043555,-0.012925729,-0.003658154,0.01888855,0.06215609,0.01641469,-0.0017763481,0.020654391,0.017874483,-0.017873105,-0.0039108796,-0.040148504,-0.0013047708,0.01871312,-0.023234868
CDCA5,-0.0014455913,-0.0075489404,-0.002152635,-0.004639162,-0.019906186,-0.0035114074,-0.0066837547,-0.015832664,0.2703565,-0.017249512,-0.008559023,-0.01060441,0.0994666,-0.008351668,-0.005805691,-0.001466121,0.019787587,-0.0015454944,-0.0043529747,-0.0046560206,0.32081294,-0.0047634514,0.08960543,-0.007376043,-0.005586065,0.005838965,0.0023872796,-0.0029953478,-0.001180542,0.005831119
AP003068.2,-0.003720661,0.018486824,0.017071342,0.025170805,0.0049387882,-0.010071083,-0.005959662,-0.043486655,-7.585869e-05,-0.031590194,-0.02109106,-0.029699922,-0.004357622,-0.014751087,-0.02831228,-0.003773431,0.021520209,3.07051e-05,-0.016530532,-0.027094988,-0.007050401,-0.009657813,0.0022598514,0.4188682,-0.01806854,0.0009703685,-0.0073340656,-0.005690733,-0.013316542,0.0032233915
NEAT1,-0.012455027,-0.055230796,-0.076703794,-0.21283977,0.7268361,0.19771118,-0.02299894,-0.27358446,-0.0009100772,-0.12861407,-0.07381409,-0.2330996,-0.010888398,-0.078870304,-0.09335032,-0.019493226,0.002753154,-0.010036745,-0.0934281,-0.03621922,-0.0233624,-0.0029104464,-0.0062602046,-0.10565904,-0.0863501,-0.0084989965,0.0011979552,-0.033828303,-0.06381044,-0.06710011
CTSW,-0.00047268168,-0.06542604,-0.07957617,-0.13123377,-0.34121472,-0.11719982,0.027570358,-0.15793203,-0.0057170987,-0.11086912,-0.015299224,0.016936477,0.035459828,0.033658598,0.30909476,-0.010782831,0.0013264506,0.023299817,0.12479722,0.56825554,0.09216823,0.14037715,-0.024660315,-0.024244482,-0.06568922,-0.01837805,-0.047786497,-0.021547407,0.15667199,-0.02922442
GSTP1,0.023516767,-0.044760715,-0.09692535,-0.116062686,0.6071475,0.13116653,-0.029782485,-0.2725603,-0.0011026049,-0.24719939,-0.10556344,-0.20197566,0.00991907,-0.08957457,-0.06876403,-0.01563073,0.030453643,-0.014961901,-0.097639136,0.072348684,0.040553685,0.019590447,0.0021790816,-0.087521665,-0.09176117,0.053149816,0.17126453,-0.032008134,-0.055757858,0.020993207
ACY3,-0.0016592061,-0.00684503,0.006271119,-0.0058574667,-0.029541094,0.14801724,-0.007671476,-0.01619354,-0.0017738794,-0.019002464,-0.0075059035,-0.012066031,0.0060868943,-0.009585792,-0.014915498,-0.001682778,0.060999397,-0.0017738771,-0.009427315,-0.017065955,-0.00393139,-0.0025907818,0.0682958,-0.008466077,-0.0069842604,0.011353252,0.01410708,-0.00343803,-0.008035105,0.1123055
ALDH3B2,-9.1806076e-05,-0.0004794022,-0.0005793329,0.017452108,-0.0023498172,-0.0007962917,-0.00042447462,-0.0013665291,-9.8151344e-05,-0.0012603772,-0.0006437356,-0.0010560697,-0.00010752429,-0.0005303783,-0.0011053483,-9.310897e-05,-0.00017568837,-9.8151264e-05,-0.00052163744,-0.0013742604,-0.00021752385,-0.0003025043,-0.00019212309,-0.00046842903,-0.00048634748,-0.00012609888,-0.00049318164,-0.00019022766,-0.00060630025,-0.0002876597
CCND1,-0.0018785316,0.038605243,0.033853382,0.05406448,-0.03536828,-0.004382309,-0.006872671,0.00082945894,-0.0020083226,-0.006425175,-0.008299907,-0.016966693,-0.0022001308,-0.010852743,-0.0017168268,-0.0019051961,-0.003595027,-0.0020083224,-0.0047052796,-0.007511625,-0.0009387191,-0.0036418005,-0.0039312406,-0.002936472,-0.003554278,0.2820347,0.005537756,0.00011810635,0.00049660937,-0.00057681807
CTTN,-0.0026991193,-0.014094857,-0.013283479,-0.024879929,-0.013422809,-0.009582529,-0.009945893,-0.033207737,-0.0028855808,-0.030555923,-0.0163849,-0.027814845,-0.0031612066,-0.012539879,-0.024714004,-0.0027374465,-0.002131898,-0.0028855836,-0.012223809,-0.03562876,-0.0063952655,-0.007126737,0.0053649726,0.6258675,-0.012076137,0.0046784068,-0.011237596,-0.002794776,-0.016926149,0.004499826
AP003498.1,-0.00018361848,-0.00095884805,-0.001158691,-0.0017778714,-0.0046998328,-0.0015925879,-0.0008489519,-0.0027330983,-0.00019630241,0.017834006,0.011084568,-0.0021121553,-0.00021505328,-0.0010608219,-0.0022108152,-0.00018622479,-0.00035139685,-0.00019630208,-0.001043265,-0.0027484738,-0.00043505742,-0.0006050391,-0.00038426064,-0.000936889,-0.00097271247,-0.00025220503,-0.0009863807,-0.00038046626,-0.0012126534,-0.0005753529
KCNE3,-0.0077847727,-0.052816484,-0.06294189,-0.09770971,0.58709073,0.15929754,-0.04686886,-0.1521722,-0.009997877,-0.14085665,-0.07282602,-0.117358044,-0.01259574,-0.059322737,-0.121759675,-0.0017800854,-0.014957431,-0.01149763,-0.058410272,-0.14974475,-0.023283584,-0.033203013,-0.017401021,-0.030614978,-0.055508725,-0.0147719495,0.042888127,-0.02144656,-0.066711545,-0.030313985
AP001189.1,-0.0023304005,-0.009568532,-0.014705882,-0.018926332,0.01403594,0.000621037,-0.004892368,-0.029131703,-0.0024914243,-0.028221883,-0.012408769,-0.023059273,-0.0027293565,-0.013463324,-0.02264537,-0.0023634713,-0.0044598295,-0.0024914222,-0.009630813,-0.026832556,-0.0026850319,-0.005632659,-0.0048768553,0.42044988,-0.012345395,0.0016510864,-0.008742574,-0.0048286803,-0.015390179,0.011986485
LRRC32,-0.0022554693,-0.0063408692,-0.013105749,-0.018047953,0.1033195,0.057818707,-0.010428171,-0.03146771,-0.0024112859,-0.02647759,-0.01479219,-0.022695867,-0.0026415845,-0.01180291,-0.024652088,-0.0022874675,-0.004316399,-0.0024112817,-0.012814876,-0.03271408,-0.0053440914,-0.0074320575,-0.0047200993,-0.008723223,0.004143963,-0.0030979954,0.011375091,-0.0046734195,-0.014895403,-0.007067266
PAK1,0.01813079,-0.04984266,-0.06216192,-0.10267593,0.54186547,0.23439452,-0.047508948,-0.16558874,0.0023587043,-0.1615843,-0.08188874,-0.10678408,-0.0010300033,-0.06774505,-0.12457927,-0.00836195,-0.011222934,-0.008940959,-0.06738211,-0.15845509,-0.0033391821,-0.032073494,-0.001828467,-0.05951698,-0.06381421,0.046115298,0.19374515,-0.0207815,-0.06949698,-0.0073360647
AP003032.1,-0.00012983309,-0.00067800074,-0.00081931555,-0.0012571345,0.009336988,-0.0011261182,-0.0006002899,-0.0019325371,-0.0001388039,-0.0017824247,-0.00091039774,-0.0014935015,-0.00015206337,-0.0007500853,-0.0015632343,-0.00013167648,-0.0002484708,-0.00013880429,-0.0007376879,-0.00194346,-0.000307628,-0.00042781996,-0.00027170428,-0.0006624739,-0.00068779604,-0.0001783344,-0.0006974717,-0.00026902315,-0.0008574475,-0.0004068218
SYTL2,-0.0051360787,-0.040022798,-0.049095538,-0.07951966,-0.17545682,-0.055892464,0.073583566,-0.067604184,0.0031886261,-0.014494853,0.039849192,-0.042700585,0.017105903,-0.008896807,0.15918727,-0.0071315654,-0.01391879,0.00013357324,0.14331067,0.24975745,0.037093382,0.027578983,-0.013281492,-0.036258653,-0.04188567,-0.009459902,-0.039033312,-0.013461458,0.10182369,-0.017551005
PRSS23,-0.0072859894,-0.03341044,-0.041467562,-0.06783874,-0.17634214,-0.058311194,0.06668989,-0.10432193,-0.0038142358,-0.09634043,-0.047495652,-0.08116549,0.008661551,-0.040858813,0.19064656,-0.0073892716,-0.009457876,-0.0077892947,-0.040592436,0.49994797,0.06944936,0.011270776,-0.013211639,-0.029568084,-0.038597215,-0.0038159282,-0.034687378,-0.014016191,0.078116365,-0.022829777
CTSC,0.015875747,-0.06763857,-0.09628071,-0.17463012,0.16428523,0.26182482,0.046928346,-0.2193547,0.017690312,-0.13568051,-0.047513217,-0.16189575,0.020160906,-0.06760114,0.080452114,-0.015737664,-0.013880797,-0.006098504,0.010997204,0.23670888,0.05686978,0.02296008,-0.0122004775,-0.08267684,-0.07697149,-0.00438121,0.043739952,-0.014996991,0.016069286,0.10000705
SMCO4,0.028841957,-0.049429413,-0.061181795,-0.10144112,0.5078687,0.22575645,-0.043944474,-0.15682119,0.0046004825,-0.119287476,-0.06533522,-0.119414136,-0.0062295673,-0.058708746,-0.12414803,-0.008609722,-0.011926309,-0.01194812,-0.0555695,-0.1445081,-0.0011174901,-0.02844788,-0.0020316334,-0.045534488,-0.054288633,0.046671342,0.097898565,-0.007403515,-0.06831722,0.018636648
AP000943.1,-0.00015901499,-0.0008303559,-0.0010034582,-0.0015397201,0.0062670354,-0.0013792219,-0.00073520263,-0.0023668648,-0.00017000237,-0.002183009,-0.0011150284,-0.0018291223,-0.00018624164,-0.00091865455,-0.0019146171,-0.00016127,-0.00030431448,-0.00017000173,-0.00090346107,-0.0023803057,-0.00037676122,-0.00052396575,-0.00033276572,-0.0008113924,-0.00084238494,-0.00021840823,0.017591571,-0.00032948182,-0.0010501519,-0.00049826346
AP002383.2,-0.00022488784,-0.0011743569,-0.0014191426,-0.0021774587,-0.0057561137,0.0063277837,-0.0010397929,0.0018457384,-0.00024042823,0.007993035,-0.0015768466,-0.0025868947,-0.00026339313,-0.0012992343,-0.0027077312,-0.00022807204,-0.00043036797,-0.00024042836,-0.0012777582,0.0018039561,-0.00053285045,-0.000741029,-0.00047063435,0.012564303,-0.0011913467,-0.00030889647,-0.0012080951,-0.00046596263,-0.0014851672,-0.00070467347
CEP126,-0.0021450515,0.02721954,0.0098383175,0.005029296,-0.106742285,-0.034967832,0.0105820745,-0.012148576,9.041392e-05,-0.013810826,-0.0010083765,-0.010218507,0.0018330892,-0.0039039718,0.027263977,-0.005243486,0.057807315,-0.00263031,-0.018696565,0.16106716,0.035722002,0.0136929555,-0.006508373,-0.023156092,-0.012659318,-0.0071013966,-0.008858343,0.00016873766,0.013380541,0.02185703
BIRC3,-0.014031873,0.104777865,0.10987235,0.26003677,-0.01223521,0.07191098,-0.035744138,-0.0021625978,0.0032419309,0.11160198,0.014474403,-0.09080687,-0.0076288814,0.029501716,-0.09709068,-0.012919477,-0.022480855,0.009016726,-0.04947473,-0.17798968,-0.03275333,-0.022508644,-0.0139358835,-0.06987071,0.085528806,0.0030042806,-0.019951794,-0.0137902135,-0.05552258,-0.031076
MMP1,-0.00030451114,-0.0015901212,-0.0019215981,-0.0029484571,-0.002395977,-0.002641159,-0.0014079312,-0.0045325486,-0.00032554445,-0.004180387,-0.0021351723,-0.0035027352,-0.00035664032,-0.0017592178,-0.0036663348,-0.0003088354,-0.0005827587,-0.0003255449,-0.0017301297,-0.004558118,-0.00072149927,-0.0010033865,-0.0006372469,0.089598276,-0.0016131552,-0.0004182572,-0.001635861,-0.00063095026,-0.0020110516,-0.00095413864
CASP5,-0.00353679,-0.018468957,-0.020858748,-0.033266585,0.030626971,0.43765104,-0.015359852,-0.049914908,-0.0037811308,-0.046729732,-0.023477472,-0.03815351,-0.0041422816,-0.019629652,-0.040540956,0.005195513,-0.004470309,-0.0037811405,-0.018467981,-0.04986447,-0.008379994,-0.011654165,-0.0074014296,-0.01531515,-0.016988555,-0.0048579355,-0.0055650766,-0.0073283045,-0.020543776,-0.011082069
CASP1,-0.0021429777,-0.048816837,-0.0799275,-0.12584485,0.49116075,0.25639316,-0.03826011,-0.20329286,-0.002658031,-0.12441919,-0.045411475,-0.15373409,-0.0022501834,-0.059502915,-0.068614334,-0.010242332,-0.029968826,-0.016475927,-0.0087298285,-0.087034844,-0.016546963,-0.03629984,-0.026466524,-0.07565044,-0.06066065,-0.02309417,0.124350615,-0.023187913,-0.03295694,-0.053678013
CARD16,0.0012543135,-0.06359689,-0.07884003,-0.1269532,0.47460827,0.23599546,-0.03840282,-0.20491976,0.004208738,-0.14343706,-0.0699037,-0.1646329,-0.0021443034,-0.07260579,-0.07141896,-0.012923286,-0.026744237,-0.008810259,-0.049155403,0.019623341,-1.3846902e-05,-0.029460317,-0.023086807,-0.05998681,-0.033325072,-0.021835394,0.08364677,-0.01879769,-0.047585066,-0.053709093
POU2AF1,-0.0049057924,0.27571902,0.3961201,0.308626,-0.110449046,-0.03757858,-0.020506648,-0.06632087,0.018446203,-0.055274356,-0.030058535,-0.05006511,-0.005745621,-0.027202168,-0.051359136,-0.0049754195,-0.0043079364,-0.005244723,-0.024911879,-0.06670476,-0.007552211,-0.01616517,0.21448675,-0.022297353,-0.020887151,-0.0044340338,-0.022749009,0.023207987,-0.028354526,-0.010283553
IL18,0.025421215,-0.041841645,-0.049851563,-0.07454069,0.3932799,0.06307631,-0.039908122,-0.12777819,-0.009740994,-0.11669055,-0.059394225,-0.09984728,-0.010671238,-0.050584,-0.10152736,0.0013885635,0.09357093,-0.0039100666,-0.050661642,-0.07831569,-0.0051558525,0.02897978,-0.018245662,-0.03841091,-0.047482755,0.034541175,0.2432919,-0.01716134,-0.05541782,0.030704197
NCAM1,0.0026381474,-0.026086908,-0.03249814,-0.052005816,-0.12747397,-0.045304377,-0.017160138,-0.08169617,-0.0035726267,-0.073932655,-0.035154384,-0.0634246,0.0006830547,-0.031083815,0.01616607,-0.005796704,-0.009513385,-0.003399596,-0.013439746,0.46101785,0.08911536,0.20495822,-0.01196084,-0.021795142,-0.029743051,-0.0038981005,-0.017760208,-0.009151957,0.020487355,-0.017909216
CADM1,0.0026790292,-0.009378053,-0.0053012394,-0.024922006,-0.06062164,-0.022516351,0.041880086,-0.037439022,0.0021211796,-0.0008768964,-0.012466741,-0.030427093,0.0013947667,0.01110088,0.062090658,-0.0028647,-0.0054056034,0.01803907,0.0050166645,0.04647351,0.016801387,-0.009307549,0.13691245,-0.009962437,-0.005312905,0.25248933,-0.013094025,-0.00045390445,0.075724915,-0.008850591
JAML,0.030741123,-0.08795905,-0.10779209,-0.16278459,0.66785675,0.114640586,-0.054734904,-0.15556733,-0.0049577835,-0.1346953,-0.05818914,-0.08132711,-0.013668977,-0.04098008,-0.15980813,-0.0074781245,-0.025354493,-0.013091812,0.014318563,-0.2487785,-0.0401475,-0.05550099,-0.035352167,-0.078579135,-0.060823303,0.012422375,0.1819858,-0.023057891,-0.07317681,0.07711715
CD3G,-0.019837588,-0.09296319,-0.11604095,-0.17740484,-0.47562805,-0.1631648,0.13357985,0.3003845,0.023362009,0.2593979,0.12871116,0.22499909,0.03051689,0.10740471,0.34041786,-0.006113694,-0.034212194,-0.019209946,0.083488986,-0.22551882,-0.031010076,-0.062373105,-0.03674641,-0.08172652,0.10007788,-0.027688466,-0.09862052,0.050300766,0.17118256,-0.05697771
CXCR5,-0.004120439,0.11730648,0.122612834,0.27340764,-0.08859354,-0.028934548,-0.013931276,-0.034146793,-0.00087239366,0.018969648,-0.018084789,-0.025878036,0.0017539304,-0.017024403,-0.027500764,-0.0041789506,-0.0058920793,-0.0044051255,-0.0136618465,-0.037364133,-0.0065161595,-0.00882855,-0.008623001,-0.01867831,0.0037001283,-0.0056596408,-0.01571833,0.0065114447,-0.004909097,-0.011698995
H2AFX,0.005013793,-0.008682792,-0.006097768,-0.023714505,0.012978512,0.0015538351,-0.0056384173,-0.05205431,0.07886667,-0.032195255,-0.0032104428,-0.037887868,0.034758363,-0.0064384975,0.008596759,-0.0045431214,0.024712335,7.002414e-05,0.004803059,0.05768382,0.11035116,0.022262102,0.03387635,-0.025908478,-0.019199543,0.0026874675,0.057434294,-0.0030310224,0.008656716,0.009702087
MCAM,-0.0013577858,-0.0070903026,-0.0030028995,-0.008161494,-0.020811612,-0.0076552625,-0.006277702,-0.010711062,-0.0014515966,0.046718523,0.0408749,-0.002798581,-0.001590229,0.002257241,-0.0112095615,0.009902647,-0.0025984545,-0.0014515971,0.062166505,-0.018604228,0.0016348963,-0.004474063,0.024525618,-0.006927971,0.0038013423,-0.001864995,-0.0029727223,-0.002813393,-0.0071910964,-0.0042544906
THY1,-0.00029033914,-0.0015161136,-0.0018322036,-0.002811192,-0.0046006646,-0.0025181926,-0.0013423349,-0.0043215062,-0.0003103977,0.004596917,0.021440824,-0.0033397116,-0.00034003766,-0.0016773113,-0.0034956897,-0.00029445527,0.055401493,-0.0003103965,0.007922053,-0.0043459428,-0.0006879308,-0.00095669524,-0.0006075969,-0.0014814043,-0.0015380689,-0.00039878595,-0.0015597086,-0.0006015994,0.0063668923,-0.00090974045
NRGN,-0.011435348,-0.051483307,-0.06190873,-0.095145494,0.5798795,0.08549948,-0.04852425,-0.16753058,-0.0064779692,-0.15297143,-0.07447101,-0.12952872,-0.01183208,-0.06447172,-0.12825696,-0.0034221,-0.015477658,-0.013624687,-0.062524855,-0.15832531,-0.016807033,-0.037274085,-0.02312199,0.25742182,-0.061686415,-0.010920669,0.052139092,-0.024055459,-0.07237585,-0.016716288
ESAM,-0.0023487872,0.00063959503,-0.010520608,0.022711663,-0.022547068,-0.01402071,-0.010859709,-0.022447286,-0.0025110533,-0.013043254,-0.010635333,-0.014018027,-0.002750867,-0.011231692,-0.024701364,-0.0023821052,-0.004494999,-0.0025110533,-0.01334515,-0.028676096,-0.0027526806,-0.0077394773,-0.0017461281,0.43298247,-0.011165305,0.0064059077,-0.008865442,-0.0048667807,-0.011383617,-0.0052278046
CHEK1,0.012554962,0.0016668014,0.0047816415,-0.012505184,-0.02541779,-0.014181916,-0.0011535032,-0.019319594,0.14411111,-0.0011380652,-0.007967836,-0.013956148,0.15370767,-0.0034458493,-0.0062464294,-0.0030447282,0.018783955,-0.0032095532,-0.008536379,0.0046325135,0.24530227,0.0013527913,0.08069882,-0.013221284,0.0013725952,0.014767129,0.018192753,0.003944561,-0.005868242,0.02404967
KIRREL3,-0.000816479,-0.004263689,-0.002071989,-0.007905754,-0.015860254,-0.0070816805,-0.0037750127,-0.009288215,-0.00087289885,-0.011209026,-0.0057251044,-0.007618335,-0.00095627503,-0.0047169994,-0.008125226,-0.00082807563,-0.0015625461,-0.0008728997,-0.004639042,-0.012221619,-0.0019345568,-0.0026904237,-0.0017086737,-0.004166062,-0.004325365,-0.0011214805,-0.0007937743,-0.0016918136,-0.005392183,0.4124948
APLP2,-0.010814752,-0.064184204,-0.116358496,0.008186025,0.7527575,0.13714586,-0.055596475,-0.2520323,-0.013717646,-0.21727598,-0.110672064,-0.20960824,-0.013890439,-0.09616685,-0.13035378,-0.009677711,0.012634637,-0.015909294,-0.09120133,-0.08728275,-0.0006870901,-0.04461071,-0.023070067,-0.086593084,-0.07793292,-0.0026600682,0.071298525,-0.03038939,-0.07868543,-0.035680063
NTM,-0.00041063302,-0.00214431,-0.0025912735,0.0001247487,-0.0025020093,-0.0035616136,-0.0018985615,-0.0061121318,-0.00043900023,-0.0056373808,-0.00287931,-0.0047235074,-0.00048093038,-0.0023723114,-0.004944087,-0.00041645224,-0.0007858529,-0.000439001,0.0044361684,-0.0033143056,-0.00097294926,-0.001353098,-0.0008593259,-0.0020952013,-0.0021753267,-0.00056401716,0.004939774,-0.0008508363,-0.0027118307,0.14421499
B3GAT1,-0.003362043,-0.017556677,-0.018946184,-0.030511213,-0.080897704,-0.025832733,0.036889274,-0.048299637,0.005045908,-0.042794507,-0.022189293,-0.0369519,0.015970873,-0.01860864,0.107828155,-0.003409792,-0.0064341715,-0.003594331,-0.018242456,0.20233412,0.035484668,-0.0096606575,-0.0048257043,-0.015280051,-0.016904216,-0.004617926,-0.016315967,0.0067537683,0.048522297,-0.007573167
KLF6,-0.008180314,0.039864287,0.053460825,0.021109635,0.3885978,0.121793024,0.0064482344,-0.2659457,-0.016120812,-0.038208038,-0.00017287579,-0.2087041,-0.00907068,-0.012184902,0.03128224,-0.020489605,-0.010115298,0.0059067463,-0.06399531,-0.12046103,-0.026742324,0.002650087,-0.04036752,-0.090018146,-0.041808028,-0.0007251965,-0.02827096,-0.017809289,-0.02626172,0.019707149
AKR1C3,0.0028466976,-0.03002371,-0.03692168,-0.05788136,-0.1456359,-0.052276105,0.030613136,-0.057875417,-0.0003736488,-0.06667259,-0.025958426,-0.06509118,0.0006157073,-0.035430126,-0.02358246,-0.006744222,0.097744234,-0.0022125945,-0.032089163,0.5297353,0.11098047,-0.009076784,-0.01168575,-0.02984741,-0.025770666,-0.007437005,-0.029543834,-0.012645226,0.0056675607,0.01992757
NET1,0.0066368715,-0.01309867,-0.012610088,-0.02536935,-0.03667566,-0.0059812404,-0.014063289,0.10340535,0.056827128,-0.010537268,-0.013048461,0.0077825454,0.023259291,-0.010267487,-0.038194463,-0.0043585054,0.0650709,0.0025342612,-0.022377433,-0.039895296,0.054244436,-0.0072297887,0.05530572,1.4761528e-05,-0.00823911,0.1404587,0.110452704,-0.008904712,-0.024307907,0.03033205
IL2RA,-0.004116159,0.049175706,0.066559575,-0.008346627,-0.08821144,-0.031618506,-0.016452305,-0.031568807,0.0026711498,0.18356964,0.044397183,-0.039781652,0.0016859848,0.042358343,-0.03414463,-0.004174539,0.000162052,0.05793788,-0.018483147,-0.050178476,-0.008107438,0.00073190656,-0.008613888,-0.019417733,0.18342319,-0.005653669,-0.017111294,-0.0066239727,-0.022331959,-0.012897338
PFKFB3,-0.00037821342,-0.04128338,-0.049216356,-0.07705111,0.42968747,0.089458704,-0.029532297,-0.12134814,-0.0032291915,-0.08545654,-0.037764814,-0.092235826,-0.0047440077,-0.038209107,-0.08766667,-0.0053845937,-0.012855136,-0.005293159,-0.02762553,-0.113862395,-0.015356226,-0.0258796,-0.012419233,-0.032510024,-0.04515253,0.029685704,0.041069794,-0.016799157,-0.043570735,-0.017046811
GATA3,-0.007925086,-0.03323268,-0.04457903,-0.07730555,-0.2033981,-0.06586285,0.026753837,0.0020078318,0.027823927,0.1771421,0.078745306,-0.009814445,0.023358813,0.090416506,0.056170575,-9.172715e-06,-0.009195203,0.045725506,0.041078515,0.07832037,0.018352086,0.11119174,-0.0063704816,-0.0346162,0.016694691,-0.010753575,-0.0425859,0.011337193,0.038365565,-0.023608342
MCM10,0.010544893,7.565858e-05,-0.0025004153,-0.0075254883,-0.026617132,-0.007094346,-0.0034511478,-0.018605856,0.28741103,-0.013213389,-0.0056995684,-0.009530483,0.18107751,-0.00547681,-0.010441874,-0.0013286753,0.009905116,-0.0014005929,-0.0053133643,-0.00891628,0.3844166,0.0029395404,0.08241353,-0.0066846665,-0.004661755,-0.0017994561,-0.0003136801,-0.0027145522,-0.0068095345,-0.0041050697
OLAH,-0.00031804832,-0.0016608764,-0.0020070649,-0.0030795666,0.009949317,0.0030950645,-0.0014705346,-0.0047340505,-0.00034002357,-0.004366327,0.0049144686,-0.0036585238,-0.00037250508,-0.0018374965,0.0049139857,-0.00032256384,-0.0006086716,-0.0003400262,-0.0018070842,-0.0047608567,-0.00075359404,-0.0010480151,-0.00066560303,-0.0016228053,-0.001684856,-0.00043686086,0.007515679,-0.000659025,-0.0021004425,-0.0009965969
ITGA8,-0.0003180546,-0.0016608497,-0.0020070435,0.0022165698,-0.00038659,0.003095253,-0.0014705108,-0.0047341655,-0.00034002663,-0.004366424,-0.0022301376,-0.0036586316,-0.00037250324,-0.0018374681,-0.003829465,-0.00032256573,-0.000608665,-0.00034002663,-0.0018070556,-0.004760829,-0.000753588,-0.0010480083,0.16290562,-0.0016228566,-0.001684905,-0.00043685685,-0.0017085456,-0.00065902557,-0.0021004914,-0.0009965874
VIM,0.03457531,-0.086516075,-0.081116654,-0.2389885,0.5988773,0.092450954,-0.020079816,-0.16027883,0.02107459,0.06268957,-0.02617989,-0.11422448,0.013175364,0.008397213,-0.09802916,-0.024196079,0.0028456694,-0.00072300294,-0.06483215,-0.3124159,0.0004130599,-0.07403515,0.004589997,-0.08436646,-0.06743321,0.04905523,0.1560599,-0.029679826,-0.0763318,0.035952773
MRC1,-0.001758917,-0.00918506,-0.0096630445,-0.017030971,0.0005451916,-0.0035557258,-0.008132389,-0.024843859,-0.0018804363,-0.023435669,-0.011031042,-0.019405564,-0.0020600539,-0.008596493,-0.021177791,-0.0017838739,-0.0033661395,0.0064230296,-0.008403218,-0.024328655,-0.0041675596,-0.0057957903,-0.0036808886,-0.0036676482,-0.0007908374,-0.0024159332,0.3712479,-0.0036445302,-0.010237649,0.02007458
ARL5B,-0.001110905,-0.022416785,-0.029099531,-0.048895735,0.33283433,0.007085449,-0.027186105,-0.10204523,0.010113231,-0.07261531,-0.038689524,-0.0713322,0.0063522654,-0.030587275,-0.06337155,-0.0063568233,0.01159147,-0.002513933,-0.030717136,-0.07032243,-0.006644845,-0.0059528635,0.018883528,-0.03615043,-0.031530924,0.0090697985,0.05712525,-0.010548389,-0.032770347,0.0125578735
AL157895.1,-0.0013389009,-0.0069917417,-0.006569394,-0.0104428,-0.010917016,-0.001866455,-0.006190442,-0.019054892,-0.0014314167,-0.014651248,-0.004284916,-0.0154014705,-0.0015681145,-0.007735247,-0.014038909,-0.0013579117,0.3076348,-0.0014314159,-0.0076073427,-0.017430123,-0.003172429,-0.0044118427,-0.0028019636,0.21763209,-0.007092864,-0.0018390409,-0.0050013596,-0.002774283,-0.0052419542,-0.004195358
PLXDC2,-0.0031303677,-0.06768816,-0.08355318,-0.12511705,0.72724026,0.1184113,-0.06306358,-0.19757918,-0.012479195,-0.1818807,-0.09440487,-0.15206139,-0.01620482,-0.076407984,-0.1554218,-0.009147882,0.012654461,0.0017931405,-0.06643981,-0.15707155,-0.024936087,-0.033966586,-0.028433084,0.0008367149,-0.07076484,0.015665023,0.13008073,-0.027824385,-0.08263217,-0.03636137
CASC10,-0.0002903364,-0.001516119,-0.0018321943,-0.0028111949,-0.0046005724,-0.0025181996,-0.0013423442,-0.004321517,-0.00031039678,0.0003057192,-0.0020357978,0.0066210865,-0.00034003818,-0.0016773198,-0.0034956997,-0.00029445477,0.16732618,-0.00031039596,-0.0016496112,-0.004345951,-0.0006879291,-0.0009566946,-0.0006075967,-0.0014814091,-0.0015380676,-0.00039878674,-0.001559706,-0.00060159765,-0.0019174495,-0.0009097408
OTUD1,-0.0070490637,0.018743338,-0.0062616076,0.03462372,0.35276115,0.085816644,-0.034575067,-0.106749475,0.006519691,-0.07646562,-0.042695165,-0.090398915,-0.012446163,-0.03754483,-0.08663268,-0.00713832,-0.008172807,-0.0069458084,-0.038720474,-0.13233018,-0.019797167,-0.027333224,0.0026349865,-0.049875017,-0.033195235,0.005290797,0.03215824,-0.007705837,-0.044762533,-0.02292919
ENKUR,-0.0022781687,-0.010570113,-0.013267412,-0.019084554,-0.0069170366,-0.003372183,-0.0045335293,-0.031334642,-0.0024355948,-0.026331292,-0.012965671,-0.023016252,-0.0026682,-0.0119546335,-0.02313247,-0.00231052,-0.0007941802,-0.0024355913,-0.010488743,-0.027940577,-0.005397951,-0.005419676,-0.0047675916,0.512096,-0.010757082,0.0018384968,-0.010945928,-0.0047205123,-0.015045538,0.008190152
BAMBI,-0.0009896744,0.007033187,0.003923683,-0.0027665084,-0.0070443656,-0.0029355811,-0.004575709,-0.008818687,-0.0010580377,-0.012325679,-4.4578792e-05,-0.004069288,0.025640566,-0.00018225262,0.0021541098,0.014461588,0.014538675,-0.0010580372,0.008444121,-0.0065749926,-0.0023449177,-0.0032610483,-0.0020710735,0.09493859,-0.005242783,-0.0013593675,0.0035780526,-0.0020506443,-0.0065358984,0.0019298305
MAP3K8,0.025452334,-0.0013110774,-0.041069593,-0.04584974,0.27799028,0.1285765,-0.011179627,-0.22244786,-0.009812038,-0.19134955,-0.05538937,-0.17487875,-0.0049251583,-0.0778019,-0.0326294,-0.010862066,-0.018507242,0.0058278674,0.014516667,0.1856906,0.024722379,0.068680994,-0.010590177,-0.053779077,-0.08040925,0.022621391,0.11690977,-0.030668296,-0.0025633639,0.046612393
ITGB1,-0.014071663,-0.041164514,0.049477752,-0.18594359,-0.017971754,0.071761705,0.11901354,-0.29050535,0.017703695,0.21327,-0.014657591,-0.23397239,0.02622229,0.04866924,0.19028953,-0.014580382,-0.013923434,0.024074523,-0.06154743,0.13616005,0.033641297,0.047535285,0.037149608,0.11440949,-0.0014274468,0.006419863,-0.017432839,-0.024810769,0.014017721,-0.031632718
NRP1,0.03538089,-0.012963783,-0.018227553,-0.027368432,0.11273951,-0.01789625,-0.013354753,-0.040922385,-0.0030880154,-0.03744852,-0.019446362,-0.03066891,-0.003382903,-0.014752321,-0.032306626,-0.0029294307,-0.0026793478,-0.0030880135,-0.014447373,-0.041582495,-0.006843921,-0.0061743828,-0.0060447105,-0.011456267,-0.01530153,-5.2613508e-05,0.04071316,-0.0033083614,-0.017389163,0.36537582
PARD3,0.0105754705,-0.0068243286,-0.008246781,-0.011363495,-0.015196553,-0.011334938,-0.0060422057,-0.006029208,-0.0013971233,-0.015077643,-0.00916361,-0.008387796,-0.0015305901,-0.0075499783,-0.013603424,-0.0013253979,0.009937853,-0.0013971233,-0.005293336,-0.01688747,0.0019290518,-0.00067988184,-0.0027348576,0.3060736,-0.006923011,-0.0017950246,-0.00702045,0.0030451075,-0.0030949966,-0.00028484903
CREM,0.0028126389,0.0028423877,-0.026160127,-0.041162,-0.101784006,-0.020827396,0.02139007,-0.07615487,0.02569245,0.052396536,0.046212357,-0.04820808,0.011999044,0.0128546925,0.022841321,-0.008597174,-0.0041272324,-0.0017777367,0.05314859,0.14680496,0.031599313,0.006587817,0.009640066,-0.0303675,-0.023446672,0.013006364,0.056385323,0.0018557393,0.038060274,0.021874946
CXCL12,-0.0002903376,-0.0015161554,-0.001832176,-0.002811167,-0.007431293,0.04237432,-0.0013423742,-0.00029849715,-0.0003103936,-0.0039858334,-0.0020358525,-0.0033398063,-0.0003400482,-0.0016773599,0.0012929243,-0.00029445247,-0.0005556341,-0.00031039372,-0.0016496013,-0.004345952,-0.000687918,-0.00095669023,-0.0006075857,-0.0014814411,-0.0015380442,-0.00039879643,0.008543695,-0.0006015904,-0.0019174402,-0.0009097311
RASSF4,-0.013030812,-0.061882325,-0.073850945,-0.11703549,0.56440663,0.1093344,-0.047558162,-0.18364137,-0.01055471,-0.1665655,-0.08749704,-0.1412533,-0.011814297,-0.07016942,-0.1172752,-0.004756085,-0.023702597,-0.013931058,-0.06916889,-0.0040726513,-0.011066041,-0.03162251,-0.024484824,-0.056571174,-0.06547851,0.022172362,0.13700677,-0.025366087,-0.063207805,-0.033514507
DEPP1,-0.0007630016,-3.137467e-05,-0.004814941,-0.005177283,0.018200066,0.0031466305,-0.0035277084,-0.006758797,-0.0008157083,-0.008839351,-0.0053501544,-0.0049826894,-0.0008936316,-0.004408045,-0.009186725,-0.0007738311,0.062471967,-0.00081571034,-0.0006867372,-0.0114212185,-0.0018078533,-0.0025141777,-0.0015967437,0.048742685,-0.0040420243,-0.0010480023,0.003592616,-0.0015809578,-0.005039001,-0.002390781
NCOA4,0.015796352,-0.054079805,-0.07373835,-0.11104358,0.53121173,0.10998369,-0.04303391,-0.17160821,0.0035603656,-0.15360352,-0.07536923,-0.122269616,-0.0012590677,-0.060439933,-0.11017126,0.013835953,0.018019937,-0.008080796,-0.065662734,-0.10551717,-0.009509854,-0.024451304,-0.012645551,0.15349062,-0.064068034,0.009859878,0.073346704,-0.022177799,-0.062218066,0.017722743
WDFY4,0.06002561,0.14147231,0.13452336,0.1773374,0.15168546,0.02042273,-0.032419465,-0.10740578,-0.0060417484,-0.09947661,-0.049972363,-0.08090802,-0.00874373,-0.04066158,-0.085154526,-0.0054551675,-0.0028196217,-0.005669263,-0.039465524,-0.10508386,-0.015709452,-0.024599906,-0.0016695714,-0.032777295,-0.037242018,0.10868995,0.13605234,-0.015469023,-0.045607783,0.1644203
TMEM273,-0.0054675997,0.02971793,0.09135823,-0.041996986,-0.04667848,-0.028743466,-0.0053058076,-0.07615314,0.0021795772,0.028514171,0.032761205,-0.0559544,0.0009801141,-0.011425595,-0.0022682673,-0.0027485671,-0.0056266133,-0.002982298,0.05232885,0.059837617,0.00097350526,-0.015235524,0.0021675585,-0.026713941,-0.023061283,0.06621111,0.22062679,-0.008334012,-0.0049327873,-0.014348707
ZWINT,-0.0025135148,-0.005871241,-0.007793662,-0.014841805,-0.032774273,0.0057461513,-0.008878332,0.014864569,0.20187218,0.002650733,-0.005728764,0.0083400365,0.14086547,-0.008988232,-0.01621249,-0.0025491626,0.021200692,-0.0026871006,-0.013155761,-0.022594823,0.25158876,-0.0006557011,0.072122134,-0.006576799,0.00351213,0.001047938,0.008729709,0.00085457024,-0.005917907,9.386671e-05
UBE2D1,-0.0066334414,-0.036109425,-0.053603478,-0.06575036,0.52906203,0.113894805,-0.03864392,-0.15063268,-0.0074686995,-0.122846045,-0.059933804,-0.110290945,-0.003992923,-0.051980134,-0.1001033,-0.007479323,-0.013488184,-0.007813962,-0.05369903,-0.13636531,-0.0184497,-0.026278436,-0.014588265,-0.066073984,-0.055630572,0.0034514223,0.049276937,-0.019284979,-0.051041987,-0.010745187
CDK1,-0.001916779,0.004220631,0.0023909432,-0.008825924,-0.0017006821,-0.0078537,-0.0052827923,-0.019316234,0.24238056,-0.014524939,-0.007457536,-0.012169236,0.10243998,-0.0053254794,-0.006975418,-0.0019439834,0.009060869,-0.002049203,-0.007968628,-0.020733574,0.2893464,0.0011524793,0.077696756,-0.0048911003,-0.005460046,-0.0026328112,0.00503915,0.007794265,-0.005067267,0.007022686
RHOBTB1,-0.0019695591,-0.0072025037,-0.009861065,-0.0052826484,0.022109311,-2.7163602e-05,-0.009106284,-0.02752392,-0.0021056135,-0.024488071,-0.013810447,-0.020436794,-0.0023067317,-0.011378565,-0.019440558,-0.001997501,0.050055847,-0.0021056167,-0.01119054,-0.02888667,-0.004666687,-0.0016508057,-0.004121679,0.2654345,-0.010433745,0.003060897,0.041633118,-0.00023977188,-0.011775199,-0.0011006731
ARID5B,-0.0053710043,0.07052664,0.15761074,0.14944294,-0.27682486,-0.038528584,0.048987232,0.021553976,0.023902455,0.13345398,0.021453675,-0.10411124,0.010182037,0.016996006,0.10802116,-0.008952998,-0.005014821,-0.0025165626,-0.06342128,0.03799614,-0.005250259,0.007940262,0.026237674,-0.057088863,0.06983592,-0.015319812,-0.04411664,-0.01161534,0.06381396,-0.036148146
RTKN2,-0.0044936338,-0.016615883,-0.020346694,-0.03119485,-0.081390455,-0.02729557,-0.012206971,-0.0028731148,0.011543495,0.08637222,-0.0048628775,-0.033533197,0.0037186216,0.025626233,0.00026109384,-0.0011409478,-0.004974778,0.011802245,-0.014058036,-0.05230775,0.013062949,-0.0105163315,-0.009403921,-0.013566852,0.29963267,-0.00617217,-0.017609246,0.011635681,0.14314823,-0.009635779
EGR2,-0.0046699955,-0.0184095,-0.025539882,-0.03809002,0.26791203,0.027439669,-0.017735869,-0.06218569,0.0013030984,-0.058825165,-0.030198649,-0.04886298,-0.0054694824,-0.02513792,-0.049627613,-0.0047362926,-0.008937241,-0.0049926615,-0.025275843,-0.06437587,-0.008111307,-0.015388316,-0.009773001,-0.02312693,-0.023405746,-0.00399284,0.0004859055,-0.00799154,-0.029752906,-0.012415007
SRGN,0.012352642,-0.12925012,-0.17045145,-0.26471764,0.6725681,0.14745052,-0.03143176,-0.35257137,-0.007592788,-0.19447757,-0.0741358,-0.27736953,-0.0067268508,-0.08905975,-0.031308066,-0.018450547,-0.026631426,-0.008393868,-0.0031630655,0.11528292,0.00036511736,0.043217786,-0.004227749,0.07768513,-0.103829294,0.0021341438,0.08477617,-0.0201814,-0.006717707,0.010273395
PRF1,-0.013125777,-0.05928706,-0.07236115,-0.112603456,-0.29811087,-0.0978761,0.115746774,-0.1676124,0.0033318184,-0.14044403,-0.037196565,-0.110812366,0.036632806,-0.039016657,0.28909567,-0.0075370795,-0.02069345,-0.00048253164,0.12039437,0.6737805,0.09671216,0.092804275,-0.020518025,-0.052384634,-0.050838124,-0.01211777,-0.05912912,-0.012067048,0.15107077,-0.0362003
VSIR,0.010052859,-0.09370315,-0.11173979,-0.17744476,0.6281667,0.23345046,-0.05133466,-0.1840527,-0.007509269,-0.13563961,-0.067296214,-0.13389605,-0.008514169,-0.06378413,-0.114660226,-0.011061208,-0.019879797,-0.009488702,-0.03834778,-0.1403965,-0.025626274,-0.030403057,-0.018084168,-0.04611412,-0.06228782,0.0026688667,0.06324825,-0.026217798,-0.057025075,-0.030481974
PSAP,0.009549283,-0.043521393,-0.076962575,-0.13097186,0.714183,0.2896246,-0.054875355,-0.24547502,-0.011117749,-0.22552016,-0.112603135,-0.19482598,-0.011529052,-0.097184904,-0.1364578,-0.00992058,-0.023316063,-0.013591866,-0.08817698,-0.101776645,-0.015922494,-0.0405918,-0.0060428437,-0.019721393,-0.08814947,0.017069748,0.07129314,-0.03065169,-0.082375675,0.04425661
DDIT4,0.025130041,-0.048994876,-0.031322118,-0.12144928,-0.07601277,-0.039199788,0.011737179,-0.026255663,-0.009283484,0.043208305,0.013560778,-0.027216597,-0.01200419,-0.013221722,-0.025408017,-0.014992999,-0.017546253,0.029423635,0.10225885,0.20960847,0.0044261664,0.04173542,-0.028238317,-0.08267839,-0.0524054,0.028628945,0.10358709,-0.028800104,0.029962523,0.054398328
VCL,0.007731803,-0.04472594,-0.036131922,-0.09175478,0.19306415,0.11360145,0.031504318,-0.17970836,0.007311892,-0.07425417,-0.02804645,-0.145321,0.006118852,-0.049868707,0.013012197,-0.008097462,0.0052183825,-0.008019933,-0.033638567,0.06364441,0.0079399925,-0.02177519,-0.020033494,0.1875054,-0.06423337,0.00518366,0.0894411,-0.018148284,0.004318107,0.03304151
ZNF503,0.0044855615,-0.026792144,-0.03134095,-0.046883076,0.2479372,0.04868169,-0.02372127,-0.07440269,-0.0026204507,-0.06683986,-0.03502232,-0.056322694,-0.0060089454,-0.027937002,-0.05971948,0.00086758006,0.0033414748,0.0006377078,-0.029150771,-0.07313158,-0.012156403,-0.014908634,-0.007841291,-0.023052454,-0.027179271,0.040160585,0.18516618,-0.010630733,-0.03184896,-0.014062477
KCNMA1,-0.0026309486,-0.011408646,0.0075924704,-0.020271223,0.012015685,0.32547185,-0.009532033,-0.036444884,-0.0028127427,-0.035155386,-0.018448286,-0.030264528,0.0019593958,-0.015199899,-0.030596899,-0.002668307,-0.0050349766,-0.0028127446,-0.014948622,-0.038028266,-0.0062337574,-0.00866948,0.048658036,-0.011037547,-0.0139376,-0.0036137707,-0.013009952,-0.0054514506,-0.017375292,-0.0063484195
PPIF,0.017563468,-0.031493347,-0.032641456,-0.06868518,0.43054283,-0.008126878,-0.035350807,-0.11605082,0.016389186,-0.10471097,-0.051537625,-0.08962433,0.01730813,-0.045037314,-0.08724037,-0.005738963,-0.005981856,-0.0060552927,-0.039816286,-0.108517304,0.006400412,-0.022469375,0.00816122,-0.007925117,-0.043164417,0.04544264,0.1385069,-0.013670359,-0.047831785,-0.008158647
FAM213A,0.0067930585,0.030711543,0.009029061,0.0014147492,0.0014527916,-0.03368079,-0.020162895,0.042030282,-4.1245265e-05,-0.03150964,-0.024466936,0.04520051,0.009363852,-0.0071207695,-0.027234372,-0.0053247297,0.029835882,-0.0056129,-0.008336737,-0.05033323,0.025411833,-0.011534824,-0.010987113,-0.01981515,-0.012013422,-0.00289797,0.002841026,0.0060287,-0.0073119993,0.26328593
AL603756.1,-0.0012872348,-0.0043661743,0.0016572432,-0.0019719156,0.0067329593,0.0033246025,0.004635587,-0.009150237,-0.001376185,0.003693605,0.005150817,-0.012556509,-0.0015075905,0.005366417,0.004018484,-0.0013054912,0.003847361,-0.0013761853,0.010025872,-0.0038603512,-0.0030499862,-0.0005540995,0.020427322,-0.0041590785,-0.0021779928,-0.0017680693,0.0022092913,-0.002667204,-0.0066268668,-0.004033397
ADIRF,-0.0007518559,-0.0039261193,-0.0047445646,-0.007279892,0.005914309,-0.006521125,-0.0034761913,0.009026656,-0.00080377964,0.00793061,-0.0022475715,0.012526483,-0.00088056526,-0.0007040564,-0.0053488147,-0.0007625297,-0.0014388651,-0.0008037805,-0.0042718314,-0.011254296,-0.0017814292,-0.0024774387,-0.0015734216,-0.0038362956,-0.0039829346,-0.0010326885,0.007665493,-0.0015578636,-0.0017615259,0.0042667454
ANKRD22,-0.0022611835,-0.010457265,-0.013147667,-0.021137945,0.106799275,0.046750147,-0.008929281,-0.021072801,-0.0024174014,-0.028255563,-0.014835243,-0.022120455,-0.0026482795,-0.009391131,-0.024729226,-0.0022932792,-0.0043272963,-0.0024173977,-0.010345937,-0.0307128,-0.0024529984,-0.007450879,-0.0047319573,-0.010148332,-0.009308388,-0.0031057778,-0.0004207705,-0.004685212,-0.011689977,-0.0048655816
FAS,0.0019018785,-0.023507928,-0.016493518,-0.066039644,0.13560781,0.07516254,0.0021435732,-0.09881884,0.029082542,0.025349338,0.0139584765,-0.080940254,0.019421173,-0.0031415934,0.011868857,0.0015939955,-0.012155413,-0.008600192,-0.0047164373,-0.037735116,-0.0021963012,-0.014831538,0.006415742,-0.035256155,-0.0077663907,-0.0025283163,0.02529086,0.009845769,-0.005936026,-0.018591745
CH25H,-0.0009592809,-0.0050094062,-0.0060535595,-0.00752869,0.020916233,0.0149914045,-0.0044352524,-0.009398965,-0.001025562,0.00896137,-0.0043548928,-0.008014091,-0.0011235221,-0.0026880256,-0.0057393764,-0.0009729043,-0.0018358323,-0.0010255628,-0.0025467358,-0.0082848165,-0.0022729326,-0.0031609747,-0.0020075128,-0.004894753,-0.0019721386,-0.0013176119,0.013210734,-0.001987693,-0.0038214636,-0.003005821
LIPA,0.0059279515,-0.019296234,-0.040867455,-0.050249696,0.3156933,0.1453036,-0.024154948,-0.1058933,-0.009161308,-0.100276254,-0.054281853,-0.08015772,-0.0017387057,-0.038484838,-0.061437145,-0.01044515,0.007963219,-0.009017765,-0.045428626,-0.06749848,-0.0097074825,-0.021924771,-0.0076893475,-0.024641462,-0.045996454,0.009419709,0.0836604,-0.011634392,-0.040456187,0.004932534
IFIT2,-0.0039308746,-0.0022982263,-0.012256741,-0.03530867,0.121330656,0.24460001,-0.01710142,-0.079746075,-0.0012668412,-0.071906745,-0.038830675,-0.061351508,0.0011981545,-0.034459095,-0.038455892,-0.006183399,0.0019494527,-0.0022193848,-0.034683667,0.009531121,0.0058585196,-0.018337276,-0.015800538,-0.032689963,-0.02781373,-0.010978827,0.0067526274,-0.007696766,-0.016099634,0.07345549
IFIT3,-0.005754958,-0.0033030142,-0.023910342,-0.046455994,0.18799222,0.28828377,-0.031213015,-0.0893231,-0.0065331715,-0.07380279,-0.047395658,-0.07856738,-0.0072796494,-0.034356676,-0.062371034,-0.007949107,0.0066877245,-0.0042795776,-0.03933962,-0.022971584,-0.0003371701,-0.021238154,-0.013567838,-0.028048607,-0.028982267,-0.009326548,0.029997604,-0.012216037,-0.032073956,-0.008725169
IFIT1B,-0.00043067848,-0.0022490132,-0.0027178111,-0.0041700546,-0.0072062565,-0.003735519,-0.001991229,-0.0036981313,-0.00046043243,-0.0059124813,-0.0030199396,-0.0049541066,-0.00050441857,-0.0024881423,0.0012722691,0.5328117,-0.00082420727,-0.0004604323,-0.0024470135,-0.0037462711,-0.0010204404,-0.0014191256,-0.00090128,-0.0021974915,-0.0022815121,-0.0005915562,-0.0023136095,-0.00089239434,-0.002844297,0.010209746
IFIT1,-0.0058554895,-0.014898197,-0.026422912,-0.040675793,0.15615605,0.18671381,-0.018878495,-0.05266547,-0.0062598754,-0.04276353,-0.027698,-0.04286635,-0.006857778,-0.019370155,-0.04656718,-0.0032459348,0.0059039546,-0.0035009782,-0.027582906,-0.049715348,-0.006715474,-0.016652493,-0.0006405239,-0.024090266,-0.020992124,-0.008042647,0.018810555,0.00012498737,-0.031089308,-0.013962162
KIF20B,0.020916022,0.061044022,0.048257437,0.0570783,-0.07359537,0.018743986,0.014407468,-0.01565301,0.050648283,-0.0033649206,-0.0032114028,-0.0101619745,0.0372562,0.0016956066,0.0032215398,-0.0054518264,0.00558496,0.0046274373,-0.007386114,-0.018305993,0.07983052,-0.0046462105,0.03607321,-0.037193254,-0.0007079733,0.03566781,0.02552185,0.013400322,0.0005139767,0.079710454
LINC00865,0.007145494,0.0012351184,-0.003840496,0.03339768,-0.015643617,-0.005605237,-0.0080986535,-0.0032182774,0.0064168572,-0.006148068,-0.0096678985,-0.011839292,-0.0020515139,-0.010119703,-0.016288688,-0.0017765132,0.024621697,-0.0018726276,-0.0067490176,-0.024211789,-0.0041503157,-0.0030482267,-0.0036656975,-0.007163282,-0.0058498676,0.023442231,0.00903493,-0.003629471,-0.010185439,0.33160245
KIF11,-0.0025778774,0.0006786612,0.012263857,-0.0031100179,-0.009434246,-0.00419223,-0.0012180341,-0.018151926,0.18000092,-0.011393486,-0.0064811576,-0.010918524,0.090689294,-0.009519542,-0.0014214523,-0.0026144898,0.017241262,-0.0027560336,-0.01135199,-0.012427777,0.20919378,0.00082615507,0.0699931,-0.010709954,-0.0077939457,0.00084730214,0.020398295,0.003494996,5.7302703e-05,0.0074764546
MYOF,0.025897924,-0.039433032,-0.04663378,-0.07223523,0.29987147,0.35446817,-0.033296168,-0.11265655,-0.006433618,-0.10575244,-0.054489538,-0.08785357,-0.009321053,-0.044799477,-0.09253595,-0.008071492,-0.015230609,-0.008508368,-0.04231625,-0.11171131,-0.017977424,-0.024841888,-0.015725164,-0.03663693,-0.040410843,0.02595951,0.13379057,-0.014296931,-0.05116125,0.013910555
CEP55,-0.0015777408,-0.0005672242,0.0012444519,-0.0013297619,-0.012691925,-0.0006667454,-0.007294567,-0.017524954,0.31264934,-0.0129268095,-0.0067251315,-0.0153873,0.16707124,-0.0038827027,-0.0119016785,-0.001600134,-0.0030193564,-0.0016867436,-0.008964271,-0.016206913,0.28940454,-0.0021715986,0.08634037,-0.008050333,-0.006458651,-0.0021670917,0.0064140875,-0.0032691562,-0.0058198096,0.0077048987
HELLS,0.010876876,0.04231764,0.06855555,0.019042281,-0.11546771,-0.032478422,0.0007716475,-0.019299418,0.0911455,0.03967961,-0.007636604,0.036434095,0.092773855,0.026454022,0.0226931,-0.00036145758,0.023698036,0.001848582,-0.014009778,-0.02601547,0.17574798,0.014215828,0.054515865,-0.02470424,0.020221157,0.0019168905,0.0011681935,0.017326642,0.008218483,0.05051243
PDLIM1,0.018873805,0.20774384,0.26035133,0.31486467,-0.13822214,-0.047977902,-0.024675345,-0.10373725,0.001090841,-0.09627742,-0.050184723,-0.085244894,0.001804614,-0.040659595,-0.017897038,-0.007935683,0.027793135,-0.008365237,-0.040845264,0.01346901,0.029474061,-0.01599574,0.10125952,0.24765228,-0.040127136,0.05570767,0.11918646,-0.015167138,-0.016716648,-0.010879242
ENTPD1,0.0012080234,0.007824559,0.008399328,-0.012340038,0.596719,0.028629638,-0.053637136,-0.17371415,-0.00024985473,-0.15123865,-0.07985595,-0.13201904,-0.009758459,-0.064304486,-0.13428512,-0.008010905,-0.020311099,-0.011378113,-0.06599743,-0.1670431,-0.025588293,-0.03449665,0.046348054,-0.053622272,-0.047666077,0.023624096,0.11944425,-0.022739086,-0.0733891,-0.032171484
BLNK,0.05978318,0.23494373,0.21257739,0.37380683,-0.0930948,-0.038609054,-0.024029361,-0.07664045,-0.0058599454,-0.06929469,-0.036700528,-0.060022257,-0.0064195744,-0.030625494,-0.062455244,-0.0055590402,-0.0010576599,-0.0058599464,-0.027878722,-0.07527669,-0.012987182,-0.016235689,0.13631684,-0.025533788,-0.026724942,-0.0054662935,0.087226175,-0.011357472,-0.0329348,0.27177718
DNTT,-0.00054327556,-0.0028369885,0.0011974967,-0.0021575848,-0.007854022,-0.0012823896,-0.002511803,0.02202076,-0.000580806,-0.0074583534,0.00037292836,-0.0009243459,-0.0006362837,-0.0031386567,-0.0065411,-0.00055099,0.10370937,-0.000580807,-0.003086704,-0.0017093972,-0.0012872338,-0.0017901557,0.01254119,-0.0027719862,-0.0028780561,-0.0007462057,-0.0029184734,-0.0011256982,-0.0035878825,-0.0017023074
PIK3AP1,0.0155618405,0.0064360145,0.0058214646,0.0033686855,0.429122,0.24935804,-0.060502198,-0.19788319,-0.013792645,-0.17990707,-0.08950801,-0.15063846,-0.005595592,-0.070610516,-0.10279187,-0.008246963,-0.012474751,-0.0072589116,-0.048781827,-0.024071116,0.004713056,-0.0085251285,-0.019589968,-0.059117403,-0.069207974,0.0018993283,0.030751301,-0.025604215,-0.04298699,0.05257056
NFKB2,0.004063414,0.016246375,0.052077774,0.028430674,0.34730375,0.055527702,-0.043230288,-0.11969083,-0.0005729787,-0.07436262,-0.04337821,-0.08802458,-0.0072553097,-0.038431708,-0.09254447,-0.0042824154,-0.016711207,-0.0015472706,-0.034760177,-0.121570684,-0.0091933515,-0.0023791692,0.008468244,-0.061585307,-0.04744242,0.0013680904,0.0485394,-0.010655082,-0.041442074,-0.0067078974
DUSP5,0.041777138,0.007024196,-0.027876046,-0.005943551,0.0147813,0.19918899,-0.011619109,-0.096774444,0.0043030186,0.034978855,0.039284322,-0.07634175,0.011135168,-0.022828238,-0.014123263,-0.0073301895,-0.009202238,-0.005582033,0.033039477,-0.047937285,-0.011243503,-0.015068779,0.04716425,-0.03108131,-0.032594953,-0.00045588097,0.021236457,-0.008263413,0.0042470978,0.19313905
TCF7L2,-0.008313421,-0.045443386,-0.05663332,-0.08757336,0.2971582,0.4879884,-0.029352942,-0.12479231,-0.009096969,-0.111363284,-0.05472148,-0.08738357,-0.007278659,-0.04899416,-0.07188097,-0.0068499697,0.010532395,-0.010556375,-0.03332201,-0.1039929,-0.014998131,-0.029064525,-0.014425771,-0.04209788,-0.047556557,-0.011242209,-0.024172453,-0.017834026,-0.03840794,-0.021666817
TDRD1,0.018112646,-0.0042905947,0.010116784,-0.0017976173,-0.012021886,-0.0048600896,0.00033910974,0.0005817271,-0.0008784021,-0.006721584,-0.002992765,0.004643556,-0.00096229673,-0.004746834,-0.0048077772,-0.0008333044,-0.0015724198,-0.0008784038,-0.00466834,0.00045963016,-0.0019468024,-0.0027074097,0.007325049,-0.0041923667,-0.004352692,0.012638712,-0.0044138744,-0.001702472,-0.0054262457,0.14900346
SHTN1,0.034540102,-0.055566296,-0.06647539,-0.10279942,0.6023981,0.052658938,-0.049555294,-0.15805118,-0.008927627,-0.14495845,-0.07322717,-0.12414653,-0.013219173,-0.06221077,-0.12912153,-0.00421412,-0.018519795,-0.010593522,-0.06159953,-0.15769708,-0.025303522,-0.03316104,-0.020377483,-0.047586333,-0.055587564,0.077675804,0.18897212,-0.02266159,-0.06924502,0.06710269
AL731557.1,-0.0016592068,-0.0068453047,-0.010470463,-0.013014479,-0.012712053,-0.007653802,-0.0076714656,-0.021875365,-0.0017738799,-0.022026507,-0.010262621,-0.019086137,-0.0019432633,-0.009585763,-0.019137857,-0.0016827785,-0.0031753518,-0.0017738766,-0.009427288,-0.022726478,-0.0039313883,-0.0054673487,-0.0034722525,0.4403592,-0.008789756,-0.0022790271,-0.0071450006,-0.0034380257,-0.008047497,0.0008122256
CHST15,-0.0008552427,-0.027352704,-0.03637293,-0.057353724,0.46154955,0.24202725,-0.041425645,-0.1332343,-0.0085751675,-0.12293933,-0.063622534,-0.1020205,-0.011065652,-0.052504335,-0.10903991,-0.005882415,-0.015357101,-0.010101002,-0.05155628,-0.13310677,-0.021562427,-0.029400844,0.030225474,-0.04423231,-0.048076864,-0.006936353,-0.02493957,-0.019576795,-0.06054437,-0.012077105
PTPRE,0.035010867,-0.075170614,-0.10431024,-0.15293656,0.6418463,0.04378125,-0.040540233,-0.23353623,-0.010083618,-0.19062978,-0.08359945,-0.17448044,-0.00851626,-0.08098393,-0.07586237,-0.011134126,-0.025834907,-0.0050620264,-0.05762038,-0.004759265,-0.008180441,-0.023042694,-0.028687576,-0.07376449,-0.0724409,0.045420744,0.12027664,-0.013513654,-0.046616077,0.10969861
MKI67,0.0022748348,-0.0031283759,-0.0032979816,-0.01599259,-0.01831626,-0.011793303,-0.007859041,-0.026126733,0.19278675,-0.014710944,-0.012239981,-0.013825357,0.16149867,-0.0068256734,-0.012300226,-0.00300625,-0.00016593578,-0.0031689974,-0.008245688,0.01562836,0.3205677,0.008124964,0.113059476,-0.0055426774,-0.010611896,0.0035992542,0.02295165,0.01179951,-0.0055480124,-0.00081351085
AC026369.3,0.048507143,-0.011311826,-0.01133736,-0.0186283,0.057149526,0.11721632,-0.010015511,-0.031697873,-0.0023158463,-0.029155292,-0.0151893115,-0.022887401,-0.002537053,-0.011241014,-0.024779288,0.0049141156,0.09419631,-0.0023158481,-0.011007375,-0.03079073,-0.0051325723,-0.0071379384,0.0299572,-0.011053042,-0.011475458,0.028405916,0.02916788,-0.0044885087,-0.0131780105,0.0001268588
LRTM2,-0.00025967986,-0.0013560536,-0.00163872,-0.0025143593,0.012344191,-0.0022523347,-0.0012006477,0.00063255883,-0.00027762604,0.0012327409,-0.001820881,-0.002987104,-0.00030414303,-0.0015002282,-0.0031266124,-0.00026336784,-0.0004969649,-0.00027762633,-0.0014754462,-0.0038870913,-0.0006152933,-0.00085567124,-0.0005434413,-0.0013250015,-0.0013756554,-0.00035668397,-0.0013950301,-0.0005380682,-0.0017149907,-0.0008136858
FOXM1,-0.0018302018,-0.0029288286,-0.00050739036,-0.0028906853,-0.0085134795,-0.0077112825,-0.0065845842,-0.0060198964,0.18930104,-0.011409656,-0.01033355,0.0028202694,0.0923967,-0.004557758,-0.013606476,-0.0018561882,0.00094605976,-0.0019566335,-0.0088669835,-0.015216515,0.27768046,-0.0060307886,0.07343164,-0.009338432,-0.004780151,0.0036668717,0.0014164002,-0.0037922158,-0.0067816596,0.0024615934
TSPAN9,0.009148099,-0.0035111909,-0.00923301,-0.011860211,-0.012145139,-0.0075973067,-0.004439463,-0.019379336,-0.0015642254,-0.016671749,-0.010259422,-0.013861614,-0.0017136179,-0.006581467,-0.013808123,-0.0014838834,-0.0028000902,-0.0015642211,-0.006408962,-0.01871454,0.0010341003,-0.0048211296,0.002017527,0.35896802,-0.0057117515,-0.00200967,-0.007859962,-0.0030316846,-0.006367155,-0.004584571
RAD51AP1,0.032471586,0.011818219,0.018756898,0.053534977,-0.008929083,0.0716518,-0.009722702,-0.0377119,0.13040271,-0.032408353,-0.017823642,-0.02919934,0.09259685,-0.008730077,-0.021834739,-0.0031246562,0.0021017282,0.0063936193,-0.01195462,-0.01974598,0.21339461,-0.00068115053,0.039611988,-0.013651936,-0.0123537835,0.0031610278,0.000718384,-0.0038672492,-0.014759265,0.085040875
CD9,-2.3257726e-05,-0.018079132,-0.018457001,0.030850377,0.14446984,-0.01640101,-0.024041014,-0.05851231,-0.0060081654,-0.06922201,-0.036406144,0.0016668206,0.00072185433,-0.01549502,-0.05712878,-0.000118210315,0.035478067,-0.0032508622,-0.027695458,-0.07618875,-0.007378435,-0.014049415,-0.0077025658,0.32755736,-0.022478439,-0.0077191796,-0.0078034378,-0.008768092,-0.029878872,-0.012130818
CD27,-0.014080693,0.02425383,0.057495482,-0.11182142,-0.33302346,-0.11297137,-0.05570066,0.29389432,0.023533307,0.18261793,0.05747817,0.26546586,0.009406645,0.09194097,0.008603127,-0.001603803,-0.02514605,-0.009628808,0.033494204,-0.17724484,-0.024733094,-0.019048262,0.084228076,-0.053653914,0.109862104,-0.01778743,-0.068130575,0.07085437,0.034039125,-0.041327868
GAPDH,0.0047962745,-0.08698646,-0.061899424,-0.23570287,0.6018138,0.050525367,0.010255093,-0.2629901,0.03945367,-0.11750926,-0.050931256,-0.22483367,0.03938398,-0.072035566,-0.048277646,-0.025013726,0.03543709,-0.012882264,-0.0615944,-0.030329026,0.056810472,-0.016394705,0.012104445,0.082946084,-0.058361005,0.024417616,0.14549582,-0.021067034,-0.05020003,-0.060409978
ACRBP,0.0019307219,-0.012911379,-0.02220158,-0.031000111,0.07986473,0.07202045,-0.015096805,-0.058857534,-0.005062068,-0.05512106,-0.029699685,-0.04075874,-0.005545562,-0.023119822,-0.04592533,-0.0048021814,0.010179012,-0.005062068,-0.023208898,-0.05643191,-0.0068687634,-0.011417176,-0.0051753973,0.44578943,-0.023756646,0.015173238,0.036675766,-0.008138946,-0.025927873,0.00035447572
PTMS,0.04379961,-0.03300172,-0.034619763,-0.07267713,0.048217304,-0.025078388,0.016758954,-0.105833955,0.016663311,-0.083615296,-0.025077334,-0.08940801,0.034430377,-0.01920022,0.1363062,0.0019506722,0.079968095,0.0008225693,0.0051321615,0.046476066,0.023440745,-0.014315171,0.00775727,-0.014608814,-0.040994912,0.06840586,0.13208611,-0.003811855,0.07743349,0.16472755
LAG3,-0.0053995815,-0.023054343,-0.028889133,-0.04545664,-0.12163676,-0.040960517,0.034474034,-0.061413553,0.01618855,-0.017502468,0.027249198,-0.03874465,0.059468444,0.07189255,0.21828936,0.0002175844,-0.0027845504,-0.0057727545,0.09753249,0.03970439,-0.0026559595,-0.015957817,-0.003039521,-0.02447237,-0.023967165,-0.0011389176,-0.02085117,0.0019557546,0.14231001,-0.008606647
CD4,0.019932838,-0.082008064,-0.09995609,-0.15369506,0.46889186,0.16947158,0.03229774,0.007995226,0.012400706,0.05259671,0.028552826,-0.1839679,-0.011630371,-0.09090912,-0.19234052,-0.008684562,-0.028862817,-0.015656052,-0.077567145,-0.23717529,-0.03592932,-0.0530011,-0.032518364,-0.07315849,-0.011835569,0.004891105,0.100784495,-0.027560402,-0.10630053,0.11019599
CDCA3,-0.001313337,-0.0022623774,-0.00062008493,-0.007562004,-0.01543242,-0.005708541,-0.0034736213,-0.0070474967,0.22019406,-0.0075601945,-0.009208955,-0.004052832,0.08946905,-0.0034102283,-0.009432106,-0.0013319537,-0.002513337,-0.0014040505,-0.0074619367,-0.0027649924,0.20777074,-0.00070658425,0.053912137,-0.006701105,-0.0069573326,-0.0018038931,0.0041280035,-0.0027212806,-0.0013151504,0.022456504
CD163,-0.007123124,-0.051315233,-0.06114498,-0.095235884,0.6649058,-0.073498376,-0.045055307,-0.14742517,-0.009541199,-0.13728105,-0.07022118,-0.11506968,-0.012114352,-0.05729502,-0.12006553,-0.0042183064,-0.019794896,-0.011058047,-0.05620583,-0.14654617,-0.023738237,-0.033570103,-0.019513039,-0.044953108,-0.054059763,-0.0142073715,0.09130741,-0.021432538,-0.065203674,-0.030391593
CLEC4C,0.1976519,-0.0038377,-0.010921908,0.015678111,-0.0376006,-0.012989644,-0.008135713,-0.02862808,-0.0022558647,-0.025408216,-0.011549865,-0.020829316,-0.002471313,-0.009585813,-0.020766452,-0.0021400456,-0.004038221,-0.0022558651,-0.0080086775,-0.024920987,-0.004999684,-0.006953044,-0.0044158036,-0.0048664985,-0.009759266,0.056082692,0.01232438,-0.004372243,-0.012787406,0.753738
SLC2A3,-0.01342107,0.0015050146,-0.039558694,-0.07261723,0.3509576,-0.1194402,-0.022886626,-0.11720146,-0.006203911,0.034445252,0.0026934196,-0.115318775,-0.010002636,0.0002771356,-0.06352089,-0.0066300975,-0.033548128,-0.0072434642,0.031194806,-0.060548473,-0.013219,-0.02360352,-0.028014636,-0.027539711,-0.04539818,-0.02294488,0.002723038,-0.015538969,-0.010972174,-0.050768938
C3AR1,-0.0072011016,-0.044394538,-0.05370105,-0.08138352,0.35411683,0.32950407,-0.023970978,-0.12713882,-0.004695821,-0.10511615,-0.047715258,-0.0979352,-0.00895467,-0.045640755,-0.07991961,-0.009071543,-0.016214686,-0.005729247,-0.03846956,-0.08103968,-0.018003158,-0.025792662,-0.014563955,-0.041898865,-0.04576159,-0.011025388,-0.022286957,-0.01645238,-0.04204423,-0.023857594
CLEC4A,0.022266094,-0.052881297,-0.066673085,-0.08037448,0.6408392,0.13609153,-0.0514664,-0.1769518,-0.011146991,-0.16195185,-0.08090771,-0.13442735,-0.011331175,-0.070514455,-0.1425178,-0.001547197,-0.021229643,-0.01344378,-0.06716365,-0.17290136,-0.029184405,-0.038905557,-0.02450143,-0.051646497,-0.06373975,-0.0072609717,0.18629594,-0.023456087,-0.07900123,-0.017071571
LINC00937,-0.007870744,-0.03812852,-0.042260513,-0.06718264,0.49805287,-0.057892106,-0.034888837,-0.106819384,-0.008414466,-0.09765171,-0.050338365,-0.08035502,-0.009218274,-0.042304423,-0.0849809,0.0040187365,-0.0128820725,-0.0062332167,-0.039730918,-0.10984402,-0.016756764,-0.023230601,-0.01553086,-0.03569375,-0.039025627,-0.0035380991,0.0041457694,-0.014156687,-0.046394475,-0.021929549
CLEC4D,-0.007046702,-0.036798105,-0.043701716,-0.062373277,0.47905463,-0.05565057,-0.030958598,-0.09950907,-0.005457024,-0.09304728,-0.04797674,-0.07837366,-0.008253216,-0.038991235,-0.08082886,-0.00044821494,-0.013485716,-0.0051957034,-0.038279135,-0.10136548,-0.016696677,-0.02322011,-0.013688132,-0.03348149,-0.035427906,-0.0064767483,-0.022629485,-0.0146012865,-0.04422418,-0.022080157
CLEC4E,-0.009814435,-0.05421731,-0.06475614,-0.10015875,0.7212359,-0.071195625,-0.048442453,-0.15582007,-0.007954359,-0.14330247,-0.07356282,-0.11999395,-0.011835126,-0.060530975,-0.12434066,-0.00026334007,-0.020729255,-0.011979052,-0.06016931,-0.15237264,-0.025276026,-0.032931875,-0.020832377,-0.04686473,-0.05586608,-0.013400977,-0.0060299966,-0.021651227,-0.06751174,-0.031820152
AC092490.1,0.008545279,-0.0041012163,0.0033924952,0.0037980345,0.00556625,0.064313866,-0.007118083,-0.0129923085,-0.0016458965,-0.01381469,-0.0063415645,-0.008268498,0.0068786456,-0.0035417264,0.0005469217,0.04829251,0.0023349854,0.007854685,-0.006934587,-0.008606596,-0.003647758,-0.005072983,0.0016054189,0.0022385914,-0.004272793,0.0052304096,-0.004459509,0.001723938,-0.0038837548,-0.001563692
KLRG1,-0.0076685874,-0.03858389,-0.044246823,-0.074107006,-0.19974434,-0.06445134,0.1185304,-0.103847966,0.007263544,0.019951208,0.10243662,-0.07800111,0.033224784,-0.0004267985,0.28000972,-0.0062372223,-0.004650617,0.012144082,0.23455906,0.08125091,0.032028463,-0.000599157,-0.006986308,-0.037087053,-0.0366818,0.0039645974,-0.024626061,-0.005185087,0.17950992,-0.021819392
KLRB1,-0.010197367,-0.046384946,-0.060428947,-0.09566032,-0.27754238,-0.09331873,0.035550397,-0.1436281,0.00034772276,0.15875518,0.184966,-0.12134993,-0.0068121348,-0.01592317,-0.009615046,-0.00916885,-0.020349361,0.045087732,0.25999212,0.4477172,0.062407795,0.08076592,-0.020089334,-0.032036785,-0.052117787,-0.016653767,-0.054213814,-0.018876327,0.096664526,-0.033655714
CLECL1,0.004144679,0.24922618,0.28788796,-0.0012722744,-0.02831205,0.04613647,0.00038537246,-0.06822788,0.0061755623,-0.03556911,-0.007527512,-0.051454585,0.00967739,-0.0137689775,-0.022984028,-0.002190946,-0.009801415,-0.0024291635,-0.025070226,-0.061151218,-0.008053818,-0.015892848,0.10199764,-0.024188006,-0.026513688,0.008606171,0.08505904,-0.0090811,-0.018726984,0.0450661
CD69,-0.019291643,0.047360186,-0.026536062,0.12844154,-0.43499124,-0.15196465,0.023499694,0.053933308,0.00012899091,0.24439637,0.15701993,-0.021060932,-0.0005443209,0.076321945,0.09481606,-0.010936757,0.0016813771,0.017929818,0.17334919,0.09896833,0.0071056974,0.050917156,-0.029180134,-0.07010971,0.008743887,-0.02284198,-0.078037545,0.0017758601,0.07808803,-0.048068833
KLRF1,-0.008333799,-0.037397817,-0.050522063,-0.08259169,-0.21355863,-0.07124445,-0.01702523,-0.13151322,-0.0072959494,-0.12126075,-0.06408694,-0.10193772,-0.0023992478,-0.05433408,0.040906347,-0.0069636903,-0.012285102,-0.01058178,0.013352381,0.7775392,0.11433054,0.16885158,-0.015419449,-0.03601123,-0.05051568,-0.010175098,-0.0357412,-0.019715706,0.029664718,-0.023882495
CLEC12A,0.01281058,-0.07280209,-0.086942345,-0.13408022,0.77167225,0.25975925,-0.06663454,-0.21191978,-0.012979247,-0.19639328,-0.09769825,-0.16434963,-0.017307201,-0.08300123,-0.16867179,-0.0057413355,-0.019870304,-0.014413865,-0.080005,-0.18915382,-0.030424174,-0.039624047,-0.02827446,-0.062073294,-0.07664479,0.0038075098,0.09776809,-0.027949644,-0.08937757,-0.031389564
CLEC1B,-0.002550982,-0.012127498,-0.014116111,-0.020041302,0.015685624,0.0049698204,-0.011794393,-0.032891255,-0.0027272266,-0.03403438,-0.016988127,-0.02763212,-0.002987695,-0.014737505,-0.02851553,-0.0025871901,-0.0048819347,-0.0027272229,-0.011195673,-0.031280622,-0.0060441927,-0.0065319953,-0.005338465,0.49362436,-0.013513817,0.00093025435,-0.0010432983,-0.0052857827,-0.015897034,-0.0060367356
CLEC9A,-0.0011807791,-0.006165957,-0.0053191814,-0.010003983,-0.015582271,-0.00076440984,-0.005459365,-0.01460053,-0.001262349,-0.011980105,-0.008279548,-0.0111272475,-0.0013829054,-0.0068216505,-0.013036832,-0.0011975336,0.14935575,0.011071756,-0.0067088,-0.016687125,-0.00279771,-0.0038907542,-0.0024710032,-0.0034051933,-0.00625515,0.63292783,0.080675125,-0.0024466135,-0.007798058,-0.0036998265
CLEC7A,-0.013126912,-0.07489778,-0.08944106,-0.1339307,0.79810494,0.252175,-0.06699251,-0.21291618,-0.011776473,-0.19773945,-0.09842342,-0.16543476,-0.016189424,-0.08327598,-0.16561392,-0.0065562883,-0.026194647,-0.014780102,-0.08230439,-0.20946783,-0.03370906,-0.04702888,-0.029798264,-0.063669086,-0.07772358,0.037069663,0.08896525,-0.028799929,-0.08982373,-0.037853606
OLR1,-0.0034866023,-0.017318618,-0.019034453,-0.03325648,0.21813898,-0.02155745,-0.016120212,-0.04913201,-0.0037274426,-0.04712636,-0.02377703,-0.038825933,-0.0040835403,-0.019338962,-0.041566513,-0.0035361254,-0.006672516,-0.0037274456,-0.019809889,-0.05080468,-0.008261164,-0.011488749,-0.0072964244,-0.015061863,-0.018470444,-0.00478906,0.058742136,-0.0072243456,-0.023026057,-0.010924905
GABARAPL1,-0.008190511,-0.057857938,-0.075613886,-0.10506308,0.281022,0.02102941,-0.02650268,-0.14081149,-0.008426986,-0.08230465,-0.049267523,-0.10068976,-0.00048790927,0.0074019744,0.0487872,-0.004277421,-0.00908501,0.006874925,-0.015515538,0.02704516,-0.0053150035,0.013744141,-0.022109082,-0.03961898,-0.04562623,-0.00919518,0.04620731,-0.01894536,0.028014326,-0.020657161
KLRD1,-0.012904205,-0.052522294,-0.06635695,-0.103135854,-0.27665672,-0.090701364,-0.002354383,-0.16649818,-0.0067550475,-0.15220746,-0.07690553,-0.12585987,0.026538432,0.005942056,0.34613824,-0.008063118,-0.0228214,-0.0047901757,0.0053959563,0.660025,0.095579326,0.15301117,-0.021028068,-0.044622846,-0.059279118,-0.014217528,-0.053137645,-0.021748511,0.18674147,-0.030342665
KLRK1,-0.0035230308,-0.013208869,-0.020087048,-0.029224988,-0.08735537,-0.03002854,-0.01036018,-0.049035393,-0.0037664366,-0.04655425,-0.024053255,0.061653405,0.011041562,0.049119927,0.10266958,-0.003573053,-0.006742201,0.0005010915,-0.00868804,0.120685175,0.02559343,0.044495996,-0.005263835,-0.01706305,-0.016942699,-0.0048390375,-0.016428301,0.008012848,0.039019957,-0.009626061
KLRC2,-0.0058619757,-0.024815371,-0.029555533,-0.046387237,-0.12943375,-0.04382294,-0.02473215,-0.07837208,-0.0037868877,-0.073797606,-0.037151493,-0.058644004,0.014034005,-0.013176549,0.14923328,-0.0033161964,-0.011218166,-0.0011138401,-0.028858535,0.32318923,0.022246897,0.078790136,-0.010944522,-0.020973755,-0.028406937,-0.006118078,-0.028988654,-0.00813038,0.15085085,-0.015816864
KLRC1,-0.0064877234,-0.02907985,-0.03613162,-0.053462148,-0.14700797,-0.04816807,-0.028335188,-0.08757656,-0.004702078,-0.08124528,-0.03871383,-0.05979981,0.009340307,0.028277589,-0.009281234,-0.0017446262,-0.012416011,0.016382383,-0.0061054546,0.4202979,0.08029477,0.24004328,-0.008994492,-0.023826994,-0.031091707,-0.007165484,-0.029429302,-0.013442853,0.18628712,-0.017246507
LINC02446,-0.0030849746,-0.027456086,-0.031137148,-0.048009496,-0.12625438,-0.043570008,-0.024237785,-0.07569036,0.006743197,-0.069261484,-0.03644038,0.49573323,0.035640955,0.10015365,0.08569438,-0.00050625455,-0.0110482415,-0.0033597497,-0.03079309,-0.044489756,-0.010194712,-0.005980383,-0.00950992,-0.021412756,-0.028949983,-0.0040169833,-0.026438423,-0.0035437534,0.026902387,-0.015500237
YBX3,-0.007717658,-0.037643753,-0.07432237,0.17751563,0.5027288,0.09888944,-0.07390357,-0.20318328,-0.009340179,-0.21632928,-0.11573956,-0.0143614365,-0.008135029,-0.0040798774,-0.06727072,0.03617943,0.053802557,-0.012298624,-0.09284611,-0.2275462,-0.03144076,-0.024461813,-0.003194662,0.037991215,-0.081162326,0.025132062,0.08466105,-0.004884194,-0.049753003,-0.047785345
EMP1,0.03308279,-0.011577523,-0.012845953,-0.019925201,0.08199222,-0.010760779,-0.005584378,-0.03193219,-0.0023702364,-0.024173653,-0.013464163,-0.024181424,-0.002596655,-0.012808707,-0.02542049,-0.0022485508,0.09202949,-0.0023702378,-0.011323779,-0.03159211,0.00073345617,-0.0029704971,-0.004639717,-0.0099093355,-0.010383235,0.0071708485,0.15744635,-0.004593908,-0.013541296,-0.004680521
PLBD1,-0.012817344,-0.06173491,-0.0817878,-0.12275686,0.771234,0.09376491,-0.05940456,-0.19446164,-0.013695324,-0.1792053,-0.09184192,-0.15114748,-0.013338332,-0.0774861,-0.15201448,-0.004113703,-0.025016917,-0.0149335135,-0.07383276,-0.1922376,-0.030090544,-0.04103515,-0.026606232,-0.058843497,-0.070109494,0.025593497,0.14500569,-0.027464554,-0.08226372,-0.037429087
SMCO3,-0.00012983684,-0.0006779877,-0.00081932987,-0.0012571036,0.009336756,-0.0011261204,-0.0006002896,-0.0019325126,-0.00013880382,-0.0017823963,-0.0009103842,-0.0014935042,-0.00015206388,-0.0007500838,-0.0015632593,-0.00013168018,-0.0002484785,-0.00013880423,-0.0007376737,-0.0019434626,-0.0003076279,-0.00042782034,-0.000271703,-0.00066245854,-0.0006878094,-0.00017833486,-0.00069747004,-0.00026903054,-0.0008574321,-0.00040682062
MGST1,-0.0065228855,-0.054752976,-0.06575611,-0.098340474,0.67063123,-0.044853825,-0.047329105,-0.1567865,-0.009141834,-0.14351343,-0.07332523,-0.120455876,-0.012872764,-0.060521998,-0.124739945,-0.0031040073,0.03283144,-0.0117504485,-0.05965426,-0.15389161,-0.02464944,-0.0351422,-0.018173987,-0.050308496,-0.05582638,0.029681422,0.0988548,-0.021811733,-0.069531314,-0.006202138
SPX,-0.0017345118,-0.0073159696,-0.00514023,-0.016794669,-0.008807665,-0.012895029,-0.006056749,-0.021089064,-0.0018543324,-0.020930836,-0.009537376,-0.017445488,-0.0020314474,-0.010020778,-0.020081067,-0.0017591531,-0.003319425,-0.0018543347,-0.008248084,-0.021927355,-0.0041097556,-0.002977076,-0.003629865,0.4244533,-0.00918859,-0.0023824207,-0.009317765,0.00074061035,-0.007282903,-0.0025629296
AC084816.1,-0.00015901496,-0.0008303572,-0.0010034586,0.009050001,0.0010982011,-0.0013792213,-0.0007352032,-0.002366866,-0.00017000243,-0.0021830103,-0.0011150273,-0.0018291258,-0.00018624152,-0.0009186556,-0.0019146157,-0.00016127007,-0.00030431454,-0.00017000294,-0.00090346235,0.004931253,-0.0003767639,-0.00052396645,-0.00033276615,-0.00081139064,-0.00084238476,-0.00021840855,-0.0008542539,-0.00032948217,-0.0010501526,-0.00049826305
SOX5,-0.0014631292,0.26547903,0.083793394,0.029773584,-0.029572135,-0.011416932,-0.0067648054,-0.020172881,-0.0015642206,-0.019232007,-0.010259338,-0.016830487,-0.0017136041,-0.00845287,-0.01570494,-0.001483906,0.002789915,-0.0015642245,-0.008313115,-0.019504128,-0.0034667142,-0.0048211752,0.0020170724,-0.007465461,-0.0077509433,-0.0020096684,-0.0058546173,-0.0030316596,-0.009662776,0.0056255534
BHLHE41,-0.0023670194,0.23999307,0.2599002,0.036051206,-0.053610876,-0.019741932,-0.01094396,-0.03373598,-0.00253051,-0.028772477,-0.016597508,-0.024767753,-0.0027722598,-0.0136748105,-0.027309408,-0.002400603,-0.0010590672,-0.002530514,-0.013448656,-0.03294012,-0.0056084357,-0.007799607,0.23159713,-0.01207745,-0.012539265,-0.0032512045,-0.0077354503,-0.0049046054,-0.013578075,-0.0074167787
SSPN,-0.0028460766,0.118215084,0.53749615,0.013731349,-0.06646018,-0.02271869,-0.009516886,-0.04027829,-0.0030426085,-0.038629793,-0.019956253,-0.03119584,-0.003333259,-0.015473271,-0.03227431,-0.0028864248,0.008892965,-0.0030426132,-0.016170433,-0.04051584,-0.006743428,-0.0059904433,0.18613021,-0.014521596,-0.015076925,6.519037e-05,-0.014255836,-0.003224159,-0.014509987,-0.0089178365
DENND5B,0.024379246,0.1920317,0.16945733,0.18562196,-0.069076076,-0.023232462,-0.014600249,-0.04749413,-0.0036152755,-0.042275924,-0.022339907,-0.036271617,-0.0039605685,-0.01788168,-0.038598005,-0.0034296243,0.015461763,-0.0036152713,-0.017512668,-0.046717376,-0.0020635617,-0.008278345,0.25476333,-0.016333824,-0.017914092,0.055763077,0.04199092,-0.007006822,-0.020854719,0.08344989
AC023157.3,-0.0012352824,-0.008653907,-0.0005359058,-0.00413436,0.12177946,0.019268207,-0.00986751,-0.010733551,0.007623039,-0.035864577,-0.018593248,-0.014156541,-0.005436368,-0.0144275185,-0.041322608,-0.0047075646,0.005465454,0.0016115808,-0.021929905,-0.045862265,-0.0036339816,-0.011041277,0.0063637365,-0.009535236,-0.0069348826,-0.0013491852,0.012821813,-0.006198698,-0.022432443,0.005310606
FGD4,-0.0005599264,-0.03333354,-0.055708025,-0.08923605,0.5221903,0.21575285,-0.046952743,-0.14980637,-0.009867433,-0.13879311,-0.069861405,-0.1158518,-0.0123064425,-0.059172157,-0.11515714,-0.004151305,-0.019244801,-0.009552077,-0.05498725,-0.14853169,-0.023581635,-0.03073823,-0.016359413,-0.045685127,-0.05314945,-1.9190916e-06,0.10884204,-0.019954082,-0.06567816,-0.028857885
KIF21A,-0.0068633356,-0.02899048,-0.025688635,-0.06014219,-0.16058025,-0.05373774,0.06278409,-0.06014154,0.026595512,0.023355823,0.044655193,-0.030653365,0.034599755,0.01293271,0.18253437,-0.00472265,-0.0058687627,-0.00025664584,0.040991474,0.14649911,0.06962041,0.0063963635,0.012733458,-0.033062782,-0.014966637,-0.0059519433,-0.03130382,-0.006324555,0.080362886,-0.017105054
LRRK2,-0.008472857,0.012962004,-0.039083704,-0.061378937,0.70934075,0.16807798,-0.05915692,-0.19726346,-0.010118378,-0.17877237,-0.08945055,-0.15409076,-0.015683398,-0.07687955,-0.15770216,-0.006438061,-0.024741016,-0.0124157,-0.07463867,-0.1937404,-0.029354518,-0.041140586,-0.025461158,-0.06218338,-0.07038928,0.036156863,0.039522175,-0.029362245,-0.085624486,-0.023563586
PDZRN4,-0.00030451117,-0.0015901296,-0.0019215991,-0.0029484476,-0.007794012,-0.0026411575,-0.0014079335,-0.004532537,-0.00032554526,-0.004180397,-0.002135178,-0.003502755,-0.0003566411,-0.0017592241,-0.0036663425,-0.00030883594,0.2928856,-0.00032554579,-0.0017301317,-0.0045581274,-0.00072150055,-0.0010033905,-0.0006372485,-0.0015537333,-0.0016131495,-0.0004182585,-0.0016358529,-0.00063095085,-0.0020110458,-0.0009541408
NELL2,-0.008141292,-0.038192533,-0.047539175,-0.07003824,-0.18835507,-0.06367962,-0.035700776,0.15838532,-0.006928025,0.064688265,0.015683414,0.38409635,-0.00304608,0.11773948,-0.011232587,0.0051536863,-0.012593956,-0.008703827,-0.011082549,-0.11077156,-0.018468244,-0.0051485947,-0.014308201,-0.033181522,-0.035328433,-0.00979981,-0.039052706,0.016993113,-0.002330151,-0.021804443
FKBP11,-0.00837029,-0.031960845,-0.02956921,-0.07712036,-0.23550706,-0.08759687,0.035754353,-0.042572238,-0.00034790975,0.12403234,0.1018861,0.023748104,0.013754559,0.06289362,0.05432395,-0.0071184244,-0.0067998306,0.0010882488,0.11737218,0.19238985,0.03229464,-0.010958863,0.10287469,-0.054303914,-0.017105829,-0.0039618514,-0.039265133,-0.0020871419,0.049680024,-0.009584057
TUBA1B,0.030811166,-0.0057107955,-0.016187994,-0.03150558,0.039536472,0.21249671,0.01486879,-0.064506106,0.041656252,-0.05411738,-0.03717309,-0.09614215,0.04426666,-0.03221058,-0.016393648,-0.011157326,0.0273619,0.0030887593,-0.020388115,-0.015849361,0.0898132,-0.009271771,-0.004227252,0.036250718,-0.015893448,0.040633123,0.15475236,-0.008657209,-0.022587184,0.0602879
TUBA1A,0.0059107877,-0.017768016,-0.011486035,0.0024841765,0.26929742,0.18866894,-0.023037711,-0.10585724,0.0061547933,-0.048914272,-0.027958881,-0.086661756,-0.0023922725,-0.023218432,-0.067379884,-0.010851331,0.03252077,-0.00206866,-0.063743494,-0.105930835,0.004481726,-0.014112959,-0.036259927,-0.08401131,-0.03489011,0.022953454,0.07685281,-0.015459974,-0.03721757,-0.04156169
TUBA1C,0.00800377,-0.0124409925,-0.015166361,-0.053377822,0.121632166,0.030093785,0.0074927565,-0.0918137,0.045057643,-0.0127838915,-0.00040887098,-0.06941446,0.013968941,-0.009905346,-0.026927372,-0.0025961846,0.043814827,-0.008317616,7.336789e-05,-0.059995256,0.035413135,-0.012511975,0.021070143,0.13232532,-0.028380757,0.05944161,0.107799515,-0.006937373,-0.020624721,0.03168504
PRPH,-0.00024290346,-0.0012684771,-0.0015328699,-0.0023519446,-0.0028339867,-0.0021068456,-0.0011230918,-0.0036155204,-0.00025969124,0.012053032,-0.0017032471,0.0031573037,-0.00028449396,0.00985282,-0.0029246798,-0.00024635173,-0.00046486472,-0.00025969124,-0.0013801467,0.00115079,-0.0005755465,-0.0008004023,-0.0005083354,-0.0012394319,-0.0012867991,-0.00033364093,-0.0013049062,-0.0005033168,-0.0016042124,-0.0007611251
TROAP,-0.0014746848,-0.0015371382,0.0026627914,-0.0050944625,-0.02656711,-0.0077293175,0.00013054366,-0.013192425,0.24534652,-0.0041325744,-0.007248878,-0.013024448,0.16059005,-0.006651841,-0.011115618,-0.0014956085,0.008208661,-0.0015765596,-0.0045894864,-0.002259561,0.2113465,0.0015915257,0.12805982,-0.001203781,-0.0037557113,-0.002025552,4.422486e-05,0.017348694,-0.0015391947,0.0021410692
SPATS2,0.032407377,0.044481482,0.038962357,-0.0032367702,-0.008627764,-0.036445994,-0.006234184,-0.032628324,0.018773442,-0.024516087,-0.013787589,-0.019281315,0.0049060993,-0.006181313,-0.0069535025,-0.005934438,0.059032515,-0.0007569054,-0.017622259,0.015761804,0.03568613,-0.0052927583,0.17124805,-0.015273272,-0.012619583,0.070311315,0.06654651,-0.008016716,-0.012710217,0.09631093
GRASP,0.0272355,0.027116345,0.0351099,0.009782765,0.14975539,0.10660086,-0.03313782,-0.096961975,-0.007923985,-0.032364286,-0.019663045,-0.06330343,-0.008959498,-0.016038451,-0.07821901,-0.0073472867,-0.013180088,0.012295165,-0.023297807,-0.06349044,-0.008732398,-0.00096079265,-0.017849592,-0.035115384,-0.041672334,0.014603212,0.19373555,-0.015610247,-0.03458912,0.036258522
NR4A1,0.006399386,-0.024206458,-0.05178992,-0.08364429,0.54946893,0.24589755,-0.050280314,-0.16495456,-0.0109115755,-0.15086098,-0.076575845,-0.12797152,-0.012225646,-0.06269268,-0.13412786,-0.005963568,-0.017377865,-0.0045915395,-0.061570685,-0.15792105,-0.023860695,-0.029114665,-0.017299056,-0.05491794,-0.060523216,0.0045842244,0.12938711,-0.020916497,-0.07065235,-0.01726171
KRT5,0.011688346,-0.003811136,-0.0034638199,-0.011707543,-0.024825046,-0.004323201,-0.0027742789,-0.01509276,0.010716581,-0.010400097,-0.006596224,-0.0115124695,-0.0014161372,-0.004716004,-0.007638542,-0.0012262899,-0.0023139669,-0.0012926859,-0.0045657307,-0.0045919423,0.0025760867,-0.0039842506,-0.0025303585,-0.0061695254,-0.006405407,-0.0016607889,-0.006495444,-0.002505368,-0.0039942646,0.47917435
KRT1,-0.0022819322,-0.010584812,-0.009982216,-0.012423373,-0.04395941,-0.014894054,-0.006052711,-0.0019472995,-0.0024396125,0.07566478,-0.0039180443,-0.0115803415,-0.0026726287,0.18437818,-0.017615745,0.09873805,0.020757522,0.0104226675,-0.010507923,-0.01924021,-0.0025054675,-0.007519313,-0.0047754794,-0.0061573763,-0.002858459,0.0018224106,-0.0071139857,-0.004728321,-0.011879405,-0.007150268
IGFBP6,-0.0020711974,-0.010815585,-0.010625874,-0.017596897,-0.0406547,0.15927982,-0.0062644263,-0.024561707,0.011807469,-0.014478917,-0.0067712488,0.05232359,0.0040150294,0.021318614,0.0028867694,-0.0021005694,0.05114537,-0.0022142981,0.00857724,-0.027592728,-0.0049074087,-0.004508278,-0.0007458315,-0.010568015,-0.010972161,-0.0028448696,-0.00402968,0.002969512,-0.0042813686,-0.004076959
NFE2,-0.008080703,-0.039223384,-0.04745415,-0.07258181,0.44853723,0.018072374,-0.03336343,-0.11332888,-0.008639011,-0.10548785,-0.052766457,-0.08731622,-0.009464206,-0.045906,-0.09149613,0.005795596,0.072892904,-0.008638991,-0.043050975,-0.116742246,-0.018273566,-0.025948437,-0.0169107,0.08519705,-0.040689,-0.0097036995,0.03443118,-0.016743671,-0.04996491,-0.02468609
GPR84,-0.0035641294,-0.01773261,-0.02176435,-0.033545595,0.22018076,-0.017697513,-0.016478572,-0.053050548,-0.0038103848,-0.04784309,-0.024325198,-0.039316773,-0.0041742837,-0.019000072,-0.04129046,-0.0036146971,-0.006820808,-0.003810381,-0.019440062,-0.052329,-0.008444766,-0.010361188,-0.0074586137,-0.015480297,-0.018880934,-0.001700364,0.06425074,-0.005262933,-0.022832928,-0.011167667
ZNF385A,0.021559207,-0.053342134,-0.069188796,-0.094169706,0.63157284,0.18511589,-0.054830603,-0.17590328,-0.011161945,-0.16297644,-0.08307204,-0.1348499,-0.014717835,-0.06841711,-0.13945109,-0.004640357,-0.0151683595,-0.011903287,-0.066148005,-0.1707765,-0.027567843,-0.037294794,-0.022704642,-0.051989462,-0.06345207,0.02373295,0.15404053,-0.026038246,-0.07685309,-0.027887912
CD63,0.013723057,-0.062174145,-0.09186169,-0.16666088,0.3503108,0.07774726,-0.017351285,-0.29217923,-0.010894397,-0.17806825,-0.081048466,-0.19456723,0.010763071,-0.051745225,0.030082192,-0.01234097,0.023784665,0.011563256,-0.0031726006,0.28102693,0.037220087,0.08169043,-0.0031052742,-0.004123369,-0.08735256,0.013250292,0.070491314,-0.039884787,-0.001460371,-0.0076290485
IL23A,-0.0047877384,-0.016499203,0.019309297,-0.020174615,-0.0042878096,-0.027755592,-0.016889729,0.0215491,-0.0020698886,0.07180839,0.024539262,0.035592884,-7.157116e-05,0.021271953,-0.030699586,-0.0016591849,-0.0057501965,0.004661415,0.0065457267,-0.063167974,-0.007224979,-0.0064590345,0.013480835,-0.021680033,0.012975149,-0.006576126,-0.010798668,0.02834548,-0.006758922,-0.013950496
LRP1,-0.009544827,-0.06656916,-0.08165045,-0.12539804,0.78001195,0.14281186,-0.060817678,-0.19279742,-0.011753186,-0.17861454,-0.090786174,-0.15055421,-0.016507749,-0.073615916,-0.1559504,-0.0040729535,-0.025802303,-0.013782606,-0.07317322,-0.19650978,-0.03037111,-0.040708184,-0.027841264,-0.06119351,-0.06886146,-0.018566195,0.07020233,-0.027096743,-0.084911786,-0.04028217
NDUFA4L2,-0.0007054984,0.0048719025,0.034731217,0.002720051,-0.012230617,-0.0008399235,-0.0032618467,0.0010991463,0.019829972,0.0009224896,-0.004946837,-0.0060652825,0.017975911,-0.00019551015,-0.006522075,-0.0007155063,-0.0013501217,-0.00075423776,-0.0040084207,-0.010560442,0.007644716,-0.0023246915,0.01960247,-0.0035997275,0.055349458,-0.0009690356,-0.00378993,-0.0014618138,-0.004659233,-0.002210599
AC084033.3,0.021018025,-0.001756593,-0.0096989,0.0030276887,-0.0240456,-0.016970916,-0.0038609824,-0.012375428,0.054194678,-0.014175747,-0.008707927,0.023377592,0.033941045,0.0006505878,-0.006885568,0.00023910974,0.16529158,2.7105772e-05,-0.0023632038,0.004636438,0.059248865,0.011384342,0.034365628,-0.023272354,-0.013734845,0.0116878245,0.037069425,0.018266154,-0.00083323603,0.028464591
AVPR1A,-0.0008216367,-0.004290633,-0.005184947,-0.005904975,-0.003016573,-0.0048598,-0.0037988503,-0.012229875,-0.0008784048,-0.011279898,-0.0029940337,-0.009451491,-0.0009623019,-0.0047468245,-0.009892799,-0.000833297,-0.0015724123,-0.000878405,-0.0046683196,-0.0108811995,-0.0019467799,-0.0027074052,-0.001719457,0.21379127,-0.004352657,-0.0011285634,-0.0044138967,-0.0017024874,-0.0054262364,-0.002574549
GNS,-0.004223717,-0.052635178,-0.07054526,-0.109481975,0.55072105,0.20360313,-0.03817124,-0.16502182,-0.0059376666,-0.14528319,-0.07478396,-0.12586021,-0.004346187,-0.060452722,-0.113315225,-0.007765416,-0.017907875,-0.010294704,-0.06617926,-0.09077755,-0.008093194,-0.035115987,-0.0039405087,-0.057222206,-0.060341112,-0.008091384,0.023866046,-0.019367458,-0.06262056,-0.0026596873
MSRB3,-0.0022363788,-0.008953265,-0.011850643,-0.018603269,0.020841457,-0.008527055,-0.010339848,-0.031179687,-0.0023908496,-0.029014524,-0.014649025,-0.02442597,-0.002619218,-0.012919891,-0.024412107,-0.0022680804,0.2925754,0.043612618,-0.012706448,-0.030843362,-0.0052988064,0.03337452,-0.004680064,0.15522404,-0.010500999,0.0019877471,0.0037604047,-0.0046338644,-0.014769281,0.21027884
HMGA2,0.020225126,-0.0038670506,-0.004673104,-0.0026158406,-0.015622291,-0.0064229304,-0.0034238624,-0.011022466,-0.0007917018,-0.010166425,-0.005192502,-0.0085184695,-0.0008673078,-0.004278239,-0.008916074,-0.00075104926,0.48161715,-0.00079170184,-0.004207498,-0.00479398,-0.0017546263,0.03599263,-0.0015497094,-0.0037785089,0.0041220244,0.014256523,-1.6513339e-05,-0.0015344225,-0.0016378035,-0.0023203955
IRAK3,-0.010009926,-0.06738068,-0.08436069,-0.111950874,0.7415632,0.21857636,-0.060215976,-0.19884254,-0.0122159785,-0.18226822,-0.09408182,-0.15349562,-0.016745538,-0.07813158,-0.15651979,-0.0031816056,0.003577885,-0.012749679,-0.07683367,-0.18927728,-0.029159952,-0.029938595,-0.02584523,-0.05269866,-0.06867649,-0.017282482,0.063747235,-0.028230578,-0.08392503,-0.037074227
GRIP1,0.010666958,-0.012567657,-0.009922692,-0.016922178,-0.029585652,-0.017771143,-0.00969534,0.009509368,0.0034659745,-0.0015284852,-0.0015581254,0.0027285381,-0.0028187172,-8.852128e-05,-0.020166667,-0.0024408412,-0.0046057897,-0.0025729502,-0.007804943,-0.027175713,-0.002973086,-0.0019630068,-0.0019488847,-0.010971389,-0.003956319,0.0061721965,0.323443,-0.0049867467,-0.012847964,0.0028725772
IFNG,-0.0030553062,-0.0139793195,-0.016789291,-0.02735366,-0.07038003,-0.02527184,0.04811086,-0.04159879,0.058565903,-0.010018552,0.008766994,-0.02987727,0.0443165,-0.005856179,0.12723441,-0.0030986993,-0.005847151,-0.003266424,-0.016448386,0.09773417,0.03401861,-0.0037528889,-0.003962034,-0.0124722,-0.015193798,-0.0041966136,-0.015453284,-0.0063308273,0.030193593,-0.006313305
IL22,-0.00015901434,-0.00083038077,-0.0010034717,-0.0015396604,-0.00407005,-0.0013792247,-0.0007352209,-0.002366882,-0.00017000249,0.013486497,-0.0011149875,-0.0018291621,-0.00018623634,-0.0009186738,-0.0019145565,-0.00016127399,-0.00030431707,-0.00017000247,0.01656924,-0.0023802298,-0.000376773,-0.0005239707,-0.000332771,-0.0008113609,-0.0008424078,-0.00021841675,-0.0008542224,-0.00032948153,-0.0010501669,-0.0004982698
CPM,-0.004011393,-0.023979101,-0.03295337,-0.0309739,0.33733904,0.019653192,-0.028015418,-0.08604693,0.002115998,-0.07181566,-0.043604027,-0.068247706,-0.0075482386,-0.035379253,-0.07137539,-0.0017745512,-0.012333955,-0.006890086,-0.034725633,-0.08998494,-0.0141102215,-0.02040715,-0.01116546,-0.030238608,-0.021096077,0.0070561175,0.07568611,-0.010860454,-0.038386308,-0.013584486
LYZ,0.010252843,-0.0682264,-0.080892704,-0.1050014,0.7579548,0.13312024,-0.057592314,-0.219435,-0.019620622,-0.21430664,-0.09641511,-0.19296119,-0.019949198,-0.0962038,-0.123444974,-0.011846363,-0.035358083,-0.012288047,-0.08328787,-0.14145125,-0.034176625,-0.04117929,-0.041342035,0.017585615,-0.08848317,0.027410747,0.12784886,-0.032856744,-0.06699855,-0.05062524
AC020656.1,0.0069441902,-0.060795993,-0.073563,-0.110907845,0.7427018,0.031486712,-0.055915948,-0.1836713,-0.01009251,-0.17193493,-0.08776635,-0.1435218,-0.014285054,-0.071936704,-0.14441007,-0.009251122,-0.024041597,-0.014422891,-0.07359587,-0.17210326,-0.026894027,-0.03628683,-0.024364661,-0.045882374,-0.07057569,0.034899585,0.13712147,-0.027230324,-0.07288764,-0.036020562
PHLDA1,-0.0041280626,-0.018556219,-0.021666642,-0.03445376,0.15483631,0.011924504,-0.0130528305,-0.05528079,0.009746171,-0.032810364,-0.011138446,-0.042429827,-0.0016245673,-0.014878451,-0.02475716,-0.0041866275,-0.007900169,0.01020742,0.003236191,-0.015239828,0.0034644278,-0.0076136794,-0.00863891,-0.010858426,-0.015841553,-0.0027747937,0.008735648,0.013954755,-0.008366658,-0.011710081
E2F7,-0.0011143434,-0.003109617,0.017819868,-0.006242243,-0.002656869,-0.0029695635,-0.0051522055,-0.016586663,0.16834307,-0.014176045,-0.007813783,-0.012818509,0.082156904,-0.0064379284,-0.009660057,-0.0011301633,-0.0021325813,-0.0011913478,-0.006331369,-0.0093489615,0.19245228,-0.003671924,0.0577067,-0.002906501,-0.005903278,-0.0015306085,0.009830512,-0.002309002,-0.0030261015,0.045737065
SYT1,-0.0014775697,0.094838716,0.07268555,-0.0028517921,0.031376336,-0.011550416,-0.00683151,-0.021197325,-0.0015796555,-0.018587282,-0.008813224,-0.016996501,-0.0017305397,-0.00853633,-0.017790273,-0.0014985392,0.041234836,-0.0015796542,-0.00839509,-0.021325355,-0.0035009321,-0.0048687477,0.047281116,-0.0075392164,-0.007827403,-0.0020294979,-0.003965329,-0.0030615665,-0.009758087,-0.004629837
CEP290,0.0019334429,0.023369811,0.020634228,0.023149714,-0.07588954,-0.019918188,0.011868102,-0.0004902693,0.010421582,0.012609605,0.012288243,0.008687284,0.010298467,0.009190877,0.02947889,-0.005332023,0.02149395,0.008537352,0.006003807,0.021169864,0.017497001,0.013933182,0.00885133,-0.048917197,-0.006545838,0.0068112803,-0.003311154,0.0022870477,0.018710991,0.014788601
DUSP6,-0.008024604,-0.055267446,-0.06808413,-0.09213935,0.58949554,0.22203991,-0.047341492,-0.1650833,-0.005858101,-0.15093647,-0.0740276,-0.12862065,-0.010705801,-0.06404142,-0.1275996,-0.006043209,-0.009139957,-0.007094311,-0.060116783,-0.12630756,-0.014910205,-0.025233787,-0.018262567,-0.046985924,-0.058473185,-0.011262001,-0.029120771,-0.01623293,-0.06505568,-0.019971287
ATP2B1,-0.013666678,0.06692565,0.10317187,0.06419726,0.28926775,0.10971926,-0.016770074,-0.19451967,0.007956167,-0.035385873,-0.01849769,-0.13476095,-0.0020026364,-0.017647186,-0.07222608,-0.0122412965,-0.00010503262,-0.0009950142,-0.031763062,-0.1118117,-0.0046646213,-0.015334409,-0.004888128,-0.08757443,-0.03580936,0.010098964,0.09244644,-0.021046879,-0.045300238,-0.046530146
ATP2B1-AS1,-0.0121780615,-0.013520197,0.0043610735,-0.012522475,0.69285995,0.097270064,-0.057424746,-0.21760897,-0.011549283,-0.17203782,-0.08702228,-0.15600969,-0.0109015815,-0.069071,-0.14792769,-0.0081290435,-0.0140811065,-0.010114614,-0.07590472,-0.15332924,-0.026220798,-0.030606749,-0.021520983,-0.07038725,-0.07425865,-0.007265978,0.023429751,-0.031078082,-0.081844546,-0.046181723
LINC02397,0.0015100163,0.24315603,0.23488261,0.5273342,-0.11844705,-0.03943635,-0.021232268,-0.070480324,-0.00523875,-0.06414874,-0.033410728,-0.053002425,-0.005739072,-0.025449853,-0.05370412,-0.0018445764,-0.009377584,-0.0052387505,-0.027841318,-0.06990135,-0.010234757,-0.014147079,0.01706202,-0.018893695,-0.02405814,-0.006730607,-0.023279503,-0.010153495,-0.030821973,0.03501975
PLXNC1,0.013032405,-0.009552936,-0.034018937,-0.09266083,0.49665195,0.2303748,-0.039622545,-0.16208641,-0.0046284175,-0.11926254,-0.06064668,-0.12408548,-0.0049736984,-0.055568915,-0.119917564,-0.008847473,0.006355475,-0.013595443,-0.041883934,-0.1507936,-0.016274348,-0.03073378,-0.0028506857,-0.05318785,-0.057395402,0.014181515,0.08794627,-0.022563403,-0.059786495,-0.015268032
LTA4H,0.007917856,-0.013562143,-0.021808263,0.02155123,0.5091145,0.1680442,-0.051912937,-0.14440554,1.9893867e-05,-0.14361775,-0.073865384,-0.10223669,-0.0105916215,-0.06084184,-0.13624437,-0.009644698,0.0013762815,0.0033598251,-0.057393413,-0.1685599,-0.020117879,-0.008723547,-0.005583358,-0.07201369,-0.056407932,9.577062e-05,0.045599096,-0.029669471,-0.07428632,0.0090997005
TMPO-AS1,0.0015405561,-0.017917128,-0.0154145025,-0.017800987,0.14733109,0.09319745,-0.016045278,-0.037150677,0.030831447,-0.04728163,-0.025097711,-0.025062116,0.013521421,-0.013613706,-0.040418938,-0.0018620063,-0.006082368,-0.002065394,-0.022502111,-0.05476488,0.040046956,-0.01414792,0.015476681,-0.011654015,-0.011710588,-0.006749823,-0.008257232,-0.005364189,-0.019898422,-0.009132022
SPIC,-0.0007173712,-0.0037460593,-0.0045269313,-0.0069459095,-0.009188979,0.121063806,-0.003316711,-0.0057864124,-0.00076692586,-0.009848239,-0.00503011,-0.0062340926,-0.0008401853,-0.004144371,-0.008637267,-0.00072754413,-0.0013728627,-0.00076692534,-0.004075834,-0.010737981,-0.0016997363,-0.0023638003,-0.0015012362,-0.0036603352,-0.0038002266,-0.0009853244,-0.003853677,-0.0014864121,-0.0047376077,-0.0022477882
MYBPC1,-0.00027543103,-0.0014383455,-0.0017381322,-0.002666883,0.0078719985,-0.0023890315,-0.001273455,-0.0040997863,-0.0002944628,-0.0037812481,-0.001931338,-0.0031683566,-0.0003225864,-0.0015912823,-0.0033162953,-0.0002793438,-0.00052710966,-0.00029446025,-0.0015649748,-0.004122894,-0.0006526013,-0.00090759766,-0.00057640945,-0.0014054094,-0.0014590927,0.040672272,0.030470531,-0.00057071145,-0.0018190355,-0.0008630566
DRAM1,-0.0041025314,-0.021885844,-0.032183625,-0.06140841,0.3890842,0.11723943,-0.03220914,-0.11044524,-0.0067304405,-0.096638635,-0.04884754,-0.08395783,-0.0041057654,-0.041738413,-0.07785253,-0.0041512763,0.0018208084,-0.0043171123,-0.03666286,-0.09509603,-0.017265256,-0.018269794,0.0077242954,-0.02213705,-0.040319454,-0.0053913086,-0.00065035146,-0.016624156,-0.041752074,-0.022512356
PMCH,-0.00036727323,-0.0019178607,-0.002317628,-0.0035560993,-0.0049238056,-0.0031854808,-0.0016980496,-0.005466634,0.039143853,0.0017444765,-0.0025752913,-0.0002881351,-0.00043014155,-0.002121799,0.0031494552,-0.0003724778,-0.0007028602,-0.00039264103,-0.002086699,0.0008350362,0.017013054,-0.0012102011,-0.0007685746,-0.0018739473,0.02234693,-0.00050445757,-0.0019729817,0.04011562,-0.002425476,-0.0011507807
IGF1,-0.0009767596,-0.0051006624,-0.006163884,-0.009457593,-0.016571017,-0.0065610996,0.005942349,-0.010943737,-0.0010442446,-0.013409332,-0.0045182398,-0.008270031,-0.0011439724,-0.0028354367,-0.008905655,-0.0009906221,0.023122536,-0.0010442465,-0.0055496576,-0.014620834,-0.0023143343,-0.0032185689,0.5084864,-0.0018160017,-0.0021208727,-0.0013416191,0.04587228,-0.0020238939,-0.0039823344,-0.0030605847
ASCL1,-0.00018361778,-0.000958844,0.012520297,-0.0017778681,-0.004699723,-0.0015925965,-0.0008489576,-0.0027330345,-0.00019630343,-0.002520784,-0.0012874885,0.005761617,-0.00021505175,-0.0010607911,-0.002210753,-0.00018622556,0.043884832,-0.00019630315,-0.0010432376,-0.0027484968,-0.00043505622,-0.00060504884,-0.00038425202,-0.00093688705,0.015220573,-0.00025220952,-0.0009864066,-0.00038046617,-0.0012126198,-0.0005753367
HSP90B1,0.020851284,-0.02025788,-0.04247066,-0.08448272,0.00055062963,-0.023700142,0.025770074,-0.1316091,0.005906249,-0.038508296,0.01315278,-0.09455738,0.014244887,-0.00068749185,0.10654252,-0.021344274,-0.010445335,-0.003878496,0.042472105,0.18581997,0.036101595,0.007838585,0.08453672,-0.12669605,-0.045207802,0.023247877,0.058399133,-0.017358644,0.06048116,0.114829116
C12orf75,0.04585932,-0.033554733,-0.015877927,-0.07199559,-0.3099704,-0.10171062,0.108232684,-0.13649918,0.03494493,-0.019950937,0.035162576,-0.06971683,0.04706131,0.024996962,0.2510068,-0.008395701,-0.010756254,0.011044464,0.044252794,0.34030825,0.085813165,0.030025043,0.043621875,0.0645254,-0.026831446,-0.007861038,0.02421176,-0.00099687,0.10746172,0.15085861
CKAP4,-0.00987885,-0.01565904,-0.016797513,-0.094222516,0.56593215,0.01210154,-0.046144366,-0.128786,-0.01075617,-0.106620766,-0.059569195,-0.08801293,-0.010724711,-0.04505034,-0.118849725,0.0013590661,-0.016080337,-0.007131096,-0.04886586,-0.15511602,-0.024217935,-0.035032004,0.071698345,-0.04761727,-0.044595778,-0.015493999,-0.015481188,-0.019135518,-0.06167232,-0.03193095
CUX2,-0.0013515326,-0.004818435,-0.008528814,-0.011832403,-0.023014342,-0.00758044,-0.006248697,-0.012305469,-0.0014448797,-0.017627303,-0.009476835,-0.008032533,-0.0015828958,-0.00780812,-0.015237636,-0.0013706975,0.009483304,-0.0014448786,-0.0076789395,-0.01676839,-0.0032022663,-0.0044534504,-0.0028283573,-0.0068960334,-0.004950197,-0.0018563616,-0.007260413,-0.0028004255,-0.007136449,0.6091347
ALDH2,0.037790213,-0.06103705,-0.06864656,-0.10896203,0.7374822,0.05438283,-0.061874103,-0.19366361,-0.013049776,-0.1814464,-0.09146767,-0.14958344,-0.015622411,-0.07658128,-0.15149903,-0.0051030894,0.001861642,-0.011037486,-0.07474908,-0.19193341,-0.028053671,-0.04304506,-0.025126718,-0.05614998,-0.07059002,0.040240437,0.20542353,-0.026912149,-0.08150679,0.056153025
RPH3A,-0.004821911,-0.023887882,-0.027702829,-0.04415839,0.29847223,0.029272262,-0.020788992,-0.06896877,-0.005155043,-0.06429577,-0.030816274,-0.05422056,-0.0028933398,-0.027857812,-0.055616353,0.0015873238,-0.009227977,-0.005155047,-0.02617819,-0.06986887,-0.010018139,-0.013809632,-0.0070092604,-0.021257762,-0.024226155,-0.006623124,-0.015995355,-0.0099912705,-0.031309374,-0.015109002
OAS1,0.0071498654,0.008865012,-0.024119928,-0.053868156,0.35438076,0.31464624,-0.03812429,-0.14964277,0.0041568587,-0.10636778,-0.0606415,-0.11965166,-0.0036951515,-0.05479754,-0.0952431,-0.00842199,-0.019507652,-0.00856356,-0.053425726,-0.10348128,-0.008037076,-0.026003538,0.03553335,-0.048594967,-0.044199914,-0.0030836535,0.059981626,-0.017977756,-0.05479478,0.05034874
AC004551.1,NaN,NaN,NaN,NaN,NaN,NaN,NaN,NaN,NaN,NaN,NaN,NaN,NaN,NaN,NaN,NaN,NaN,NaN,NaN,NaN,NaN,NaN,NaN,NaN,NaN,NaN,NaN,NaN,NaN,NaN
OAS3,-0.0084602665,-0.025032472,-0.03277297,-0.06191636,0.25594664,0.15295027,-0.025804846,-0.0807602,0.012311396,-0.04954951,-0.027618725,-0.063983865,0.0035485318,-0.023110816,-0.06713021,-0.006655756,-0.010046944,0.001029249,-0.03073634,-0.087687716,0.009970396,-0.0076796743,0.0016847895,-0.03937423,-0.03269641,0.0073976293,0.07082246,-0.010299696,-0.03317867,-0.021031572
OAS2,0.003681696,-0.019247541,-0.022318842,-0.047066446,0.19206855,0.11449721,-0.027731666,-0.085466854,0.018610744,-0.050688736,-0.029409645,-0.06294171,0.009485921,-0.034912243,-0.036193326,-0.008875181,-0.0144715905,-0.01018737,-0.026667934,-0.018265475,0.0020506748,-0.005692213,0.026797876,-0.051534742,-0.03400247,0.0070050773,0.057285354,0.0023359903,-0.018087788,0.019893052
SDS,0.05135731,-0.0077007595,-0.0075913733,-0.014278804,0.033913918,0.0011525038,-0.006818215,-0.02195009,-0.0015765677,-0.019394651,-0.0072378106,-0.015975771,-0.0017271538,-0.0085197035,-0.017755698,-0.0014956178,-0.0028221933,-0.0015765722,-0.0064813844,-0.022074275,-0.0034941463,-0.004859275,-0.0030861213,-0.0054169768,-0.0078121317,0.051723693,0.18763006,-0.0030556517,-0.009739065,-0.0012432849
AC125603.4,-0.00015901476,-0.0008303614,-0.0010034598,-0.0015397094,0.0010982163,-0.0013792192,-0.000735204,0.004977148,-0.00017000167,-0.002183015,-0.0011150233,0.00726187,-0.00018624116,-0.0009186591,-0.0019146099,-0.00016127039,-0.00030431495,-0.00017000646,-0.000903467,-0.0023802936,-0.00037676256,-0.0005239688,-0.0003327674,-0.00081138505,-0.00084238447,-0.00021840943,-0.0008542503,-0.0003294836,-0.0010501548,-0.000498262
HRK,-0.002073226,0.07856251,0.1431381,0.1611928,-0.034757327,-0.005371325,-0.007925047,-0.02915067,-0.0022164667,-0.026648166,-0.014537594,-0.022441708,-0.0024281857,-0.011977694,-0.024285624,-0.0021026721,-0.003967619,-0.0022164683,-0.011779673,-0.029332254,-0.004912321,-0.006831579,0.07816992,-0.010578571,-0.010982953,-0.002847702,-0.011137414,-0.0042958083,-0.013692045,-0.006496297
TESC,-0.011435026,-0.02818964,-0.00046404818,-0.10029296,0.35530815,0.27095768,-0.008623797,-0.15853414,0.006878036,-0.13268866,-0.059187826,-0.11746847,0.012918011,-0.051998734,-0.054575972,0.011586636,-0.009725851,-0.007117659,-0.058929596,-0.023896968,0.016753504,-0.020618906,0.0072719795,-0.042874165,-0.05724131,-0.014701772,0.017899025,-0.0190412,-0.04336314,-0.032998852
CIT,-0.0014975629,0.00027315403,0.0040202285,-0.0043409397,-0.028429652,0.0007102012,-8.4787425e-05,-0.0073845484,0.23159015,-0.0046764207,-0.0028805244,-0.007527283,0.12257583,-0.0013122365,-0.0021582455,-0.0015188247,0.0025593254,-0.0016010222,-0.00476981,-0.0068000793,0.19892065,-0.0049346513,0.04155325,-0.0055663073,0.0040622377,-0.002056957,-0.0021623368,0.00699768,0.0046398668,-0.0013620019
OASL,-0.005519793,-0.032740682,-0.0420209,-0.06334255,0.2116916,0.093823135,0.013760955,-0.102409296,0.00941801,-0.067986146,-0.033390548,-0.07458169,0.017103598,-0.02946368,0.0333878,-0.0076889275,-0.013438722,-0.008105106,-0.030198237,-0.013075428,0.007938159,-0.017218178,-0.010944727,-0.033007603,-0.034322772,-0.007422311,0.018356802,-0.011242764,-0.0050910134,-0.02036215
P2RX4,-0.0045381505,-0.03484875,-0.034334537,-0.07536254,0.34649247,0.086689,-0.029781118,-0.09266526,0.00048537384,-0.055845495,-0.028668871,-0.06917617,-0.0068337107,-0.02328581,-0.084448665,-0.007866214,0.0015038835,-0.0008701388,-0.035723582,-0.09028039,-0.009435458,-0.010939041,0.017354157,-0.049974054,-0.038330864,-0.00565531,0.030399822,-0.018706692,-0.038742412,-0.022688597
BCL7A,0.05349631,0.11970831,0.045535628,0.46261266,-0.118329525,-0.02872988,-0.019178383,-0.04171588,0.013195647,-0.051113814,-0.034173373,-0.028969977,0.0046878285,-0.02246937,-0.05744058,-0.0041054636,0.06346522,0.00020346565,-0.032270484,-0.091709085,-0.0051503903,-0.019356847,0.05023823,-0.026704092,-0.032357298,0.036366206,0.17355253,-0.0075471844,-0.029232837,0.20174685
HCAR3,-0.0042257747,-0.022066956,-0.026049646,-0.038836047,0.19882329,0.15846376,-0.019537808,-0.059989728,-0.004517723,-0.05492251,-0.027929338,-0.048254773,-0.004949184,-0.023739817,-0.048807528,0.0030509897,-0.006162729,-0.004517722,-0.023312613,-0.0583167,-0.01001257,-0.013924402,-0.0088433875,-0.018573666,-0.020896476,-0.0058042547,-0.0023918957,-0.008756003,-0.027301943,-0.0132411085
RILPL2,0.0067344494,-0.016722512,-0.0065711015,-0.109275006,0.50895065,0.15904152,-0.03668946,-0.17964767,0.0055429656,-0.058677714,-0.049189124,-0.15773699,-0.008526595,-0.057013046,-0.09721493,-0.010626296,0.0062066163,-0.009081776,-0.07394105,-0.16660698,-0.024471968,-0.030776374,-0.021848876,-0.017156826,-0.051440097,0.0077821063,0.10443632,-0.021645145,-0.06936399,0.017127937
TMEM132B,-0.00035560358,-0.0018569386,-0.0022440641,-0.0034431173,-0.0021672403,-0.0030843222,-0.0016440996,-0.005293089,-0.00038017207,-0.004881921,-0.0024934998,-0.0040906514,-0.00041648984,-0.002054427,-0.0042816023,-0.00036065324,-0.00068053824,-0.00038017155,0.005796044,-0.005322999,-0.00084255764,-0.0011717763,-0.00074416044,-0.0018144436,-0.0018838261,-0.0004884289,-0.0019102672,-0.0007368286,-0.0023484111,0.15289353
SLC15A4,0.022023866,-0.015252727,0.010489843,-0.03796795,0.16301441,0.036526445,-0.002554726,-0.13089307,0.0032985995,-0.11689387,-0.051463194,-0.09999227,0.0015760843,-0.050781373,-0.0048960363,-0.0035688982,-0.0062138815,-0.008320723,-0.026027247,0.14171413,0.015174131,0.0021931014,-0.0033207568,-0.046511848,-0.045735173,-0.00231273,0.020247044,-0.0077112867,0.008111315,0.16143332
RIMBP2,-0.0005029564,0.02735457,0.00681821,0.062120374,-0.0112384,-0.0043623433,-0.002325439,-0.0074862456,-0.0005376992,-0.006904803,-0.0035266632,-0.005785552,-0.0005890707,-0.0029057309,-0.0060557146,-0.00051009486,-0.0009625303,-0.000537699,-0.0028576571,-0.002903721,-0.0011917002,-0.001657298,-0.0010525421,-0.0025662845,-0.0026644096,-0.00069082587,-0.0027019,-0.0010421597,-0.0033216246,-0.0015759857
GJB2,-0.00052751816,-0.0027546466,-0.003328868,-0.0051077614,0.03014486,0.002485147,-0.0024390072,-0.007851894,-0.0005639549,-0.0072419457,-0.0036989306,-0.006068099,-0.000617827,-0.003047604,-0.006351466,-0.00053500093,-0.001009539,-0.0005639543,-0.0029971867,-0.007896309,-0.0012499015,-0.0017382472,0.012982564,-0.002691623,-0.0027945577,-0.0007245677,0.008288182,-0.0010930412,-0.0034838237,-0.001652924
FLT3,0.064582996,-0.018426841,-0.020498004,-0.03676493,0.09300227,-0.02022933,-0.018403161,-0.0567902,-0.00060775946,-0.053021576,-0.027313594,-0.04465045,-0.0046617556,-0.022270964,-0.045730658,-0.004036864,0.076892346,-0.004255338,-0.022615252,-0.057118088,-0.009431084,-0.013115876,-0.0008530148,-0.019514075,-0.0195111,0.18067001,0.38597065,-0.008247436,-0.025019294,0.19971286
ALOX5AP,0.040584438,0.03757585,-0.01964628,0.021759009,-0.053284023,-0.12509419,0.0066770664,-0.08397606,0.0092303,0.040881865,0.033968236,-0.071111456,-0.0046464247,-0.011659646,-0.0361031,-0.005972784,-0.017870242,-0.0088964235,0.09439983,0.22395022,0.032717045,-0.036381345,-0.02038059,-0.067287095,-0.039063696,-0.02108329,0.019258095,-0.021804465,-0.0018189719,0.1449924
BRCA2,0.021933418,0.033250995,0.038716886,0.032688394,0.0052052387,0.04247756,-0.014647491,-0.039057087,0.09604011,-0.028690081,-0.016627334,-0.023241336,0.060904007,-0.012696304,-0.023438245,-0.0048653698,0.006356976,0.0012949042,-0.022433428,-0.031142708,0.1567919,-0.007399834,0.079401076,-0.02378141,-0.0029500348,0.02445077,0.03361364,-0.0017935947,-0.008272519,0.09029565
RGCC,0.02062849,-0.038740087,-0.052199207,-0.08262711,-0.12457139,-0.06920589,-0.0016185088,0.15317895,0.018284911,0.18323529,0.06807818,0.098097235,0.012344402,0.05913797,-0.03857186,0.005389526,-0.010029362,0.013670967,-0.008769764,-0.11905721,-0.011983854,-0.00838861,0.0114557985,0.0098449495,0.04529454,0.05306725,-0.027863778,0.02024037,-0.012820093,-0.024839457
EPSTI1,0.0041495957,0.008482309,-0.003188438,-0.01599719,0.20189132,0.15706034,-0.023875259,-0.12109731,0.018655743,-0.05411449,-0.035302036,-0.10236059,-0.002405156,-0.04139354,-0.066346906,-0.008801893,0.0032575787,-0.00047393606,-0.03854389,-0.0026681107,-0.0011254803,0.0065022674,-0.005618326,-0.037730873,-0.04083995,0.02961272,0.09864125,0.0078072227,-0.032354273,-0.00979995
TSC22D1,-0.0038064923,-0.011552458,-0.020547597,-0.017922796,-0.0067711575,-0.011211789,-0.0055522416,-0.048452754,0.00454941,-0.030582108,-0.013853814,-0.022940725,0.0015420653,-0.010431874,-0.0050072013,-0.0019741051,0.11271917,5.8080157e-05,-0.005256489,0.021649335,0.01148181,0.005108465,-0.008899169,0.28495163,-0.02351442,0.009397139,0.01629949,-0.0034190535,0.008527815,0.038340375
DIAPH3,-0.0013420774,-0.0024977431,-0.0028310025,-0.010475154,-0.012255997,-0.01025061,-0.0062051266,-0.016479181,0.26961595,-0.012831434,-0.007710083,-0.0143566225,0.07770668,-0.007753464,-0.0067920247,-0.0013611236,0.0035029156,-0.0014347803,-0.0034657656,-0.010510443,0.34084213,0.0062015164,0.08587753,-0.0068478817,-0.007109598,-0.0018434194,0.014679322,-0.0027808377,-0.008863304,0.003219786
PCDH9,-0.004019398,0.10580229,-0.0023235432,0.53027827,-0.09238461,-0.032534365,-0.015132638,-0.052100394,-0.00068057387,-0.0529568,-0.024745338,-0.038203694,-0.004707508,-0.021145172,-0.044512488,-0.004076448,0.13900521,0.021542083,-0.021409987,-0.05129738,-0.001257434,0.007204401,-0.0065631797,-0.002254163,-0.01899859,-0.0055208127,-0.020862404,-0.008328341,-0.022881545,0.042430907
KCTD12,0.018517604,-0.06653176,-0.08106876,-0.12410033,0.7708722,0.07311807,-0.061521508,-0.19028454,-0.012962516,-0.17565125,-0.090321936,-0.14524184,-0.016036367,-0.07505103,-0.15848269,-0.0071067833,-0.023136707,-0.012891084,-0.078637786,-0.19263269,-0.031039312,-0.04434481,-0.024746157,-0.05423984,-0.070313364,0.030180184,0.13897353,-0.0232426,-0.08632547,0.006346434
ACOD1,-0.00081129203,-0.004236574,-0.0020188629,-0.007855431,0.04313158,0.011334133,-0.0037510032,-0.0120757865,-0.00086734694,-0.011137777,-0.0056887814,-0.009332434,-0.00095018744,-0.004687019,-0.008051232,-0.0008228127,-0.0015526153,-0.0008673461,-0.0046096123,-0.010708488,0.014291064,-0.002673297,-0.001697813,-0.004139595,-0.004297796,-0.0011143467,-0.0007376464,-0.0016810324,-0.0053579416,0.003604395
GPR183,0.037100755,0.12241743,0.10380947,-0.029774027,0.012049419,-0.096534826,-0.051206674,0.030186454,0.01231816,0.24665187,0.09594877,-0.13682728,-0.009518481,0.056012657,-0.08098942,-0.008094586,-0.017505083,0.020161359,-0.021961764,-0.19875129,-0.029942708,0.052578352,-0.0041785226,-0.05888843,-0.012712429,0.01895747,0.12908602,0.044871498,-0.055605736,0.10381818
CCDC168,0.02619843,0.0020537137,-0.0049556,0.0008775687,-0.0030305893,-0.0016610071,-0.005256528,-0.001476568,-0.0012154706,0.00086706894,3.3920634e-05,0.0009454038,-0.001331566,-0.004159115,-0.0014281543,-0.0011530517,-0.0021757938,0.011598579,-0.006459633,0.002474119,-0.0026938142,0.012958543,0.023769805,-0.005801075,-0.0007684654,-0.0015616018,0.004219887,-0.002355732,-0.0011475424,0.018372241
TNFSF13B,0.024469571,-0.06932305,-0.088410504,-0.1298965,0.7448623,0.19916391,-0.06838082,-0.2106399,-0.01625895,-0.16080181,-0.06927146,-0.16657895,-0.017181566,-0.0800364,-0.17027125,-0.0070964512,-0.010531299,-0.007824081,-0.07237977,-0.20942958,-0.03252993,-0.044831414,-0.029926492,-0.045727704,-0.0674918,0.022469118,0.14105752,-0.03174507,-0.09375874,0.037731893
IRS2,-0.009025143,-0.043484733,-0.06538935,-0.056363013,0.4632134,-0.00064283295,-0.05107656,-0.11455964,-0.008193378,-0.05341824,-0.03188181,-0.08114493,-0.011700047,-0.02261351,-0.12607281,-0.006739223,-0.00875498,0.0012890776,-0.018941054,-0.106781214,-0.016491458,-0.01156641,-0.022458365,-0.037777457,-0.024455283,-0.014201256,-0.011424245,-0.018832156,-0.04777072,-0.030267075
COL4A2-AS2,-0.0002596842,-0.0013560376,-0.0016387091,-0.0025144082,0.012344979,0.0049176035,-0.0012006348,-0.0038652814,-0.00027762036,-0.003565031,-0.0018208808,-0.002987166,-0.00030413785,-0.0015002586,-0.0031266047,-0.00026336996,-0.00049696286,-0.0002776205,-0.0014754365,-0.0038871074,-0.00061528455,-0.00085568934,-0.0005434323,-0.001324991,-0.001375646,-0.00035668074,0.009900281,-0.0005380785,-0.0017149876,-0.0008136851
GAS6,0.11503338,-0.018306442,-0.022269253,-0.035817795,0.08652486,0.0040194388,-0.016957574,-0.054611,-0.0010665709,-0.03619208,-0.022758637,-0.044206597,-0.0016343899,-0.014848411,-0.042443212,-0.0042771325,-0.008070864,-0.0009240188,-0.022566836,-0.05730161,-0.0099923415,-0.013896392,0.052198224,-0.018445434,-0.020101216,0.015742803,0.25858042,-0.0049592275,-0.026646126,0.34866205
LINC01297,-0.00056609424,0.007702317,0.14293094,-0.002505549,-0.014489431,-0.0016210715,-0.0026173461,-0.0084260795,-0.0006052056,-0.0077716243,-0.003969397,-0.0065117846,-0.0006630047,-0.0032704393,-0.0068158843,-0.00057412806,-0.0010833557,-0.0006052088,-0.0032164087,-0.008473715,-0.0013413029,-0.0018653341,0.011942153,-0.002888465,-0.0029988447,-0.0007775487,-0.0030410911,-0.0011729778,-0.0037385374,-0.0017737985
AL355075.4,0.0018892254,-0.015927846,-0.017240426,-0.024489094,0.19010131,-0.0024567316,-0.018499244,-0.05264084,0.00088596385,-0.046991516,-0.023303373,-0.04240741,-0.0056385836,-0.01825206,-0.041347165,-0.004882689,-0.005770154,-0.0018906951,-0.01633332,-0.048647907,-0.004409923,-0.012733826,0.015003704,-0.021152526,-0.020217214,0.00049960765,0.057369247,-0.0049918923,-0.02325249,0.07876952
KLHL33,-0.0011332002,-0.0032530571,-0.004928303,-0.0020304185,-0.021010982,-0.008185473,-0.0052392976,-0.014799826,-0.0012114901,-0.01445407,-0.0059329504,0.009996156,-0.0013271996,-0.0017084706,-0.0062589645,-0.0011492765,-0.002168624,-0.0012114889,-0.006438495,-0.0076936255,-0.0026849466,0.0004582351,-0.0023714602,-0.005782066,-0.0060030343,-0.0015564868,-0.006087449,-0.0023480312,-0.0053551453,0.39695215
RNASE6,0.044377238,-0.0022615667,-0.034023736,0.042169753,0.6206177,-0.055295017,-0.054288976,-0.18344317,-0.009749616,-0.16039088,-0.08321567,-0.14489509,-0.012244151,-0.07024143,-0.14418796,-0.0050059105,-0.020403143,-0.011098219,-0.06985772,-0.17842393,-0.028945008,-0.03521999,0.04067754,-0.057494212,-0.068708494,0.023860293,0.19264604,-0.023644768,-0.08050954,0.14855357
RNASE1,-0.0033542207,-0.017515833,-0.016587114,-0.030933458,0.20127232,-0.021795334,-0.014469241,-0.045647744,-0.003585971,-0.043765094,-0.02283156,-0.035944387,-0.003928487,-0.018540904,-0.038259163,-0.0034018534,-0.003997599,-0.0035859603,-0.017349275,-0.04735571,-0.007947471,-0.0110525945,-0.0070194406,-0.0057296045,-0.017769143,-0.004607209,0.05475507,-0.0069500566,-0.021412076,-0.010510196
RNASE2,-0.0088429395,-0.04190269,-0.052283317,-0.08160761,0.5537887,-0.031006584,-0.03950784,-0.12782873,-0.006189436,-0.11563939,-0.05840262,-0.09821696,-0.010356965,-0.05038103,-0.099438116,-0.002045378,-0.014140278,-0.009453963,-0.049551755,-0.12705852,-0.020139724,-0.02913896,-0.01850579,-0.03809583,-0.046046346,-0.012146353,0.075162835,-0.018323159,-0.05646487,-0.02041048
NDRG2,0.010746098,-0.00874485,-0.019995505,-0.02888756,-0.037239812,-0.031738214,-0.012822136,0.007436602,-0.0010364325,0.0010670524,-0.0027702998,0.010610433,0.0016181476,-0.0015613639,-0.019873027,-0.0006309359,0.0036174334,-0.0009246225,-0.0074553704,-0.036734946,0.0027762707,-0.0045887977,-0.0088477535,-0.017699186,-0.0053383303,0.15141548,0.38594902,-0.0031733091,-0.011864101,-0.0073034596
ARHGEF40,0.0056143412,-0.04260422,-0.050646193,-0.07676252,0.5040755,0.0022142713,-0.035328194,-0.120406136,-0.0090548815,-0.11093367,-0.05686298,-0.09324911,-0.0063946163,-0.0448262,-0.09596257,0.0007072231,0.01125782,-0.0069678966,-0.04733016,-0.12136228,-0.019224938,-0.02596471,-0.014227462,-0.03851536,-0.044012457,-0.010294938,0.09447533,-0.017549526,-0.05394238,-0.023948805
TRAV1-1,-0.00068730843,-0.0035891205,-0.00068265654,-0.00665487,-0.015198943,-0.0059612673,-0.0031777814,0.02038229,0.020391671,0.008698774,0.008420041,0.00051325344,-0.00080497656,0.011956268,0.0018479648,-0.00069706613,-0.0013153406,-0.00073478697,0.01227537,-0.010288187,-0.0016284991,-0.0022647742,-0.0014383529,-0.0035069485,0.00068816677,-0.0009440378,-0.0036922274,0.020434104,-0.0045391005,-0.0021536355
TRAV6,-0.002020995,-0.010553612,-0.012753443,-0.018733056,-0.049283277,-0.0166075,-0.00086155033,0.03568662,-0.0021605925,0.036242936,0.015270727,0.036503177,0.0041987514,0.022370653,0.029773429,0.005543686,0.00015224825,-0.0021605883,-0.0031879242,-0.02851143,-0.004788526,-0.0066594104,-0.004229349,-0.008763366,0.02348239,-0.0027759285,-0.007954112,0.003340421,-0.013346928,-0.0063325902
TRAV14DV4,-0.0013733363,-0.004972439,-0.006835953,-0.0120667135,-0.029756298,-0.011911363,-0.0038742288,0.008584292,0.009104955,0.015734533,0.011954963,0.03274947,0.008061889,0.014053726,0.035290163,-0.0013928174,-0.002628197,-0.0014682072,-0.0017065132,-0.018853877,0.0015311356,-0.0010660769,-0.00287395,-0.0047478154,0.0014306784,-0.0018863236,-0.0073775114,0.0026209448,-0.0055554304,-0.004303163
TRAV17,-0.0029700443,-0.012448419,-0.017039284,-0.027031036,-0.07241811,-0.02259994,0.08970394,0.02121453,0.011713772,0.054504648,0.017207706,0.031910554,0.014704047,0.013664853,0.08382317,0.007356384,-0.0056839823,-0.003175283,-0.01405596,-0.041679513,-0.0070372843,-0.009786781,-0.003713794,-0.013041609,0.0097620925,-0.0040794746,-0.013979686,0.006724556,-0.01387351,-0.009306425
TRAV20,-0.0014746826,-0.0077008214,-0.0076022106,-0.0142789185,-0.037187908,-0.012790604,-0.006818155,0.017814081,0.008347821,0.05606608,0.017463578,0.013529012,-0.001727153,0.011959174,0.013509568,-0.0014956068,-0.0028221924,-0.0015765602,-0.006488802,-0.0212848,-0.0034941393,-0.001639473,-0.0030861464,-0.005419021,0.016498378,-0.0020255495,-0.007922022,0.022485772,-0.009739057,-0.0046208436
TRAV25,-0.0016123904,-0.0065438566,-0.010175019,-0.014564744,-0.039735712,-0.013985121,0.041194048,0.036411773,0.016290663,0.027534341,0.018415771,0.027365614,0.022782562,0.007730861,0.0048862137,0.007858105,-0.00308572,-0.0017238011,-0.0022472476,-0.02413553,-0.0038204086,-0.0053130877,-0.003374296,-0.0062966687,0.0062919185,-0.0022146853,-0.00866193,0.0013447317,-0.0076505058,-0.0050523393
TRAV38-2DV8,-0.0010717626,-0.0055967225,-0.0067633074,-0.010377328,-0.025898244,-0.00929584,-0.004955217,0.010258901,0.01240244,0.012074315,0.015855385,0.02145264,0.023495847,0.011708333,0.017020656,-0.0010869539,-0.0020510629,-0.0011458053,-0.0060893856,-0.014955122,-0.002539401,-0.003531537,-0.0022428902,-0.0054685855,0.0026682762,-0.0014721148,-0.005757524,0.004803518,-0.0048309076,0.052390955
TRDV2,-0.0014338223,-0.007487385,-0.007293817,-0.012707861,-0.032109477,-0.009838836,-0.006629227,-0.020526877,-0.0015328671,-0.017945204,-0.008463031,-0.014475601,-0.0016792589,-0.0063696504,-0.014347164,-0.0014541433,-0.0027439531,-0.0015328648,-0.0081464825,-0.015765503,0.0011872486,-0.0014117961,-0.0030005246,-0.0073159444,-0.0075955866,-0.0019693736,-0.007702395,-0.0029709195,0.3475321,-0.0044927094
TRDC,-0.009444774,-0.03765827,-0.046093434,-0.07598603,-0.19982475,-0.06092917,-0.037907,-0.1097075,-0.008536586,-0.101892814,-0.049074296,-0.08547057,-0.0033105598,-0.045416355,-0.07347917,-0.0013023557,-0.010783547,0.04060572,-0.04316043,0.6331428,0.10232369,0.15067343,-0.014193308,-0.03040339,-0.04453306,-0.009364632,-0.039791264,-0.010294756,0.38436452,-0.023745079
TRAC,-0.019195005,-0.086211495,-0.09220898,-0.1638905,-0.46328032,-0.15552007,0.1016071,0.28329036,0.029444916,0.32773882,0.16626243,0.21468039,0.024372334,0.13376811,0.2866638,-0.0036959676,-0.0326056,-0.012493205,0.09543485,-0.22306937,-0.03185223,-0.055038985,-0.031129492,-0.07896847,0.12687273,-0.023731783,-0.092875384,0.044549014,0.00032221174,-0.056167312
SLC7A7,-0.009353054,-0.04201545,-0.063712195,-0.09343402,0.6914168,0.28895906,-0.059124257,-0.19345394,-0.011684051,-0.17790927,-0.091674626,-0.15078597,-0.016323961,-0.07457534,-0.15390955,-0.006477681,-0.021368453,-0.014900758,-0.075271435,-0.19041638,-0.030867023,-0.041221466,-0.013799323,-0.059959628,-0.07102063,-0.01598903,0.027406938,-0.026548138,-0.081338264,-0.037479926
CMTM5,-0.002983212,-0.012529338,-0.01628308,-0.023761686,-0.013219239,-0.015847547,-0.012645205,-0.036124617,0.00167886,-0.0350633,-0.018616434,-0.031390034,0.00095495186,-0.013542103,-0.026994424,-0.0030255436,-0.00026056997,-0.0031893468,-0.015075913,-0.036785252,-0.0070684133,-0.00822928,-0.0037519643,0.6883707,-0.0137905665,-0.0040976116,-0.012091388,-0.0061813383,-0.014822679,0.00072164467
DHRS2,-0.00029033778,-0.0015161582,-0.0018321828,-0.0028111513,-0.007431277,-0.0025182674,-0.0013423795,-0.004321506,-0.0003103977,-0.003985819,-0.0020358558,-0.003339811,0.045321442,-0.0016773617,0.00607928,-0.00029445204,-0.0005556388,-0.00031039683,-0.0016495936,0.01968467,0.021933986,-0.0009566897,-0.0006075884,-0.0014814491,-0.0015380419,-0.00039879742,-0.0015596808,-0.000601587,-0.0019174415,-0.00090973027
NFATC4,0.05608877,-0.0014383026,-0.0017381444,0.03401824,-0.0070499755,-0.002388964,-0.0012734801,-0.004099795,-0.00029446807,-0.00378126,-0.001931346,-0.0031683834,-0.00032259215,-0.0015912403,-0.0033163177,-0.00027933903,0.028964661,-0.0002944669,-0.0015649257,9.8982535e-05,-0.0006526137,-0.00090760307,-0.00057639804,-0.0014053668,-0.0014591157,-0.00037831548,-0.0014796287,-0.0005707176,-0.0018190511,-0.00086306257
CTSG,0.019759417,-0.007655521,-0.009251254,-0.014194865,0.07614614,-0.011439778,-0.0044468665,-0.021821178,-0.0015672887,-0.020126397,-0.008721788,-0.016864015,-0.0017169936,-0.008469634,-0.011921395,-0.001486836,0.074938655,-0.0015672917,-0.008329621,-0.010763505,-0.0034736162,-0.0015916879,-0.003067965,-0.0053606224,-0.007766233,-0.002013674,0.010151778,-0.0030376525,-0.006375698,-0.0045936867
GZMH,-0.007913899,-0.045455903,-0.054571096,-0.092469625,-0.24099682,-0.084731966,0.20883492,-0.14922214,-0.0006991617,-0.1370095,-0.057346128,-0.111733,0.048716538,-0.05569746,0.37513804,-0.009457454,-0.021327099,-0.010010169,-0.053400423,0.5392718,0.08889856,0.007692837,-0.017788313,-0.039401777,-0.054150388,-0.009623434,-0.05109369,-0.023160307,0.14046714,-0.014498177
GZMB,0.0026838996,-0.044207428,-0.05758979,-0.09459308,-0.24659294,-0.07959266,0.095025025,-0.15199502,-0.00055403216,-0.13966092,-0.06993696,-0.11405737,0.0353679,-0.057464562,0.2455228,-0.009212114,-0.021231402,-0.012454114,-0.05934493,0.67164236,0.10167123,0.05374016,-0.016116444,-0.038415056,-0.059804358,-0.014767846,-0.051702313,-0.019998442,0.11518121,0.15650186
STXBP6,0.01598928,-0.0015147263,0.0051577105,-0.008895998,-0.0056119487,-0.007968869,0.0031541218,-0.011129022,-0.0009822545,-0.009898269,-0.006442297,-0.010568628,-0.0010760537,-0.005307937,0.019261904,-0.00093180523,0.104478315,-0.0009822533,-0.0021877615,0.009073866,-0.0021769232,-0.003027423,0.006167759,-0.004687964,-0.0048671644,-0.001261964,-0.0049356353,-0.0019037164,0.0017977357,0.06761335
LINC02327,-0.00020529333,-0.0010720271,-0.0012954576,0.014418099,-0.0052545606,-0.0017805893,-0.0009491607,0.0026328382,-0.00021947233,0.0032505742,-0.001439512,-0.0023614753,-0.0002404406,-0.0011860298,-0.0024717394,-0.00020820496,-0.00039287034,-0.00021947242,-0.001166396,-0.0030729529,-0.00048641948,-0.0006764651,0.03576797,-0.0010474775,-0.001087543,-0.00028198017,-0.0011028206,-0.00042537245,-0.001355759,-0.00064325257
COCH,-0.0028718805,0.0040775356,0.45235947,0.0054166233,-0.03685326,-0.012543868,-0.01087389,-0.030748745,0.007051424,-0.03150479,-0.0153363105,-0.02539498,-0.0033635395,-0.010809685,-0.028165696,-0.0029126257,0.011535563,-0.0030703042,-0.012371578,-0.03267017,-0.0022067407,-0.0044436837,0.15000324,-0.011358477,-0.010994868,-5.8276623e-06,-0.009280937,-0.0033327416,-0.01300642,-0.0037740066
EGLN3,0.021757971,-0.00268348,-0.010205511,-0.015446083,-0.05194028,-0.01926261,-0.010487629,-0.025622638,0.008748191,0.030295793,0.017065696,-0.015756575,0.0022684222,0.029511081,-0.021448798,-0.0025957439,0.0270082,-0.0027362574,-0.012343998,-0.033234853,-0.003491614,0.00094754243,-0.0053561223,0.1971453,-0.01119832,0.1826397,-0.008012931,-0.0053031663,-0.011195066,0.28431726
NFKBIA,-0.007260983,-0.05594255,-0.037876163,-0.06706484,0.537041,0.08563964,-0.024786608,-0.18163136,-0.013787201,-0.1357893,-0.048319325,-0.16623226,-0.011237173,-0.076678716,-0.112972535,-0.018940227,-0.030637126,0.01091516,0.0014366994,-0.065549694,-0.01721015,0.025818333,-0.029990803,-0.034839008,-0.07412543,-8.486559e-05,0.040569257,-0.0233007,-0.04511909,-0.0034705452
SLC25A21,-0.00015901502,-0.0008303818,-0.0010034755,-0.0015396527,0.0062668445,-0.0013792292,-0.00073522376,0.0049772244,-0.00017000247,-0.0021830406,-0.0011149792,-0.0018291583,-0.00018623476,-0.0009186748,-0.001914542,-0.0001612738,-0.0003043172,-0.00017000246,-0.00090348255,-0.0023802149,-0.0003767745,-0.00052396936,-0.00033276912,-0.0008113595,-0.0008424168,-0.00021841713,-0.0008542173,-0.0003294795,-0.0010501682,-0.0004982748
PYGL,-0.0066051697,-0.05477681,-0.06538111,-0.09930989,0.6267575,0.076581575,-0.04700704,-0.15807581,-0.010579308,-0.14486338,-0.07228483,-0.122348696,-0.013002642,-0.05957788,-0.1253225,-0.0055223224,0.010110329,-0.010154816,-0.060838357,-0.15805034,-0.025585726,-0.033916585,-0.019888824,0.025341354,-0.05532188,-0.008164029,0.04737157,-0.023004185,-0.06947538,-0.030960046
PTGDR,-0.0075408877,-0.03692812,-0.04485223,-0.06955105,-0.18507408,-0.059893176,0.052086,-0.10900907,-0.005882551,-0.08317852,-0.004305632,-0.08333388,-3.1326344e-05,-0.026422935,0.15705332,-0.0076479106,-0.013353047,0.008813237,0.045763128,0.45730412,0.061505746,0.106390916,-0.013813787,-0.015148919,-0.037381537,-0.008863149,-0.03895732,-0.011173003,0.07260929,-0.023628604
CDKN3,-0.0024562692,-0.0041551087,-0.0010580258,-0.017520703,-0.007997659,0.0077217314,-0.0029441079,-0.0071633984,0.17111337,-0.00031665593,-0.006906935,-0.0050148503,0.11756076,-0.0040348074,-0.0008408863,-0.002491129,0.015245461,-0.0026259448,-0.010512539,-0.013703679,0.1511938,-0.002240684,0.08315096,-0.0074204234,-0.005628292,-0.0033738045,-0.0023984476,0.0041523944,-0.004306041,0.00045779927
GCH1,-0.0077573904,-0.038843106,-0.04560718,-0.069665246,0.29385015,0.23170325,-0.026315847,-0.11855091,0.009987319,-0.082987346,-0.041570447,-0.08949506,0.0036283995,-0.042071246,-0.0630475,-0.010518248,-0.016056832,-0.006188265,-0.030231494,-0.033114318,0.014739965,-0.010704327,-0.014740677,-0.048962936,-0.038539674,-0.005579361,0.01136243,-0.013946754,-0.03893913,-0.026076052
LGALS3,-0.007997413,-0.07991538,-0.08042664,-0.14889248,0.69813913,0.22296913,-0.065063685,-0.2382658,-0.0056137647,-0.13507707,-0.046740983,-0.1877802,-0.007917818,-0.05721715,-0.14375745,0.007393145,-0.029421885,-0.011587467,-0.027416198,-0.16653915,-0.028273333,-0.042306792,0.008386527,-0.060995936,-0.06380563,0.01725162,0.122164056,-0.006563455,-0.087122165,-0.049734343
DLGAP5,-0.0014631333,-0.0035035054,-0.0057926183,-0.009551125,-0.009854964,-0.0063177436,-0.0020968863,-0.015363106,0.27762982,-0.015811387,-0.005582519,-0.010880217,0.16218308,-0.006578687,-0.013792553,-0.0014838834,0.002757982,-0.0015642216,-0.00640665,-0.009124744,0.3031938,-0.0048211315,0.09876529,-0.003218201,-0.0077509633,-0.0020096777,0.0021716065,-0.003031685,-0.009662713,0.0056492803
DAAM1,0.020335032,0.025323078,0.14287259,-0.01446391,-0.016469767,-0.014542745,-0.008251893,-0.045190103,0.0037380024,0.020241614,-0.0038783725,-0.04333218,0.0017184544,-0.001443846,-0.02471031,-0.0064868503,0.012279928,0.018894816,-0.023740396,-0.0013648584,0.008381617,0.018986518,0.041032173,0.030234158,-0.01153559,0.02560803,0.03457252,-0.009138508,-0.0052189953,0.12077191
RTN1,-0.00054896215,-0.03416282,-0.045169733,-0.066948585,0.36682802,0.065098755,-0.032872338,-0.10601506,-0.00581488,-0.09595357,-0.04936691,-0.08174972,-0.008597856,-0.041146055,-0.08466514,-0.000885916,-0.014048894,-0.007848305,-0.040389758,-0.1045226,-0.01640963,-0.023464885,-0.015362818,-0.011808929,-0.036537636,-0.008544475,0.23094818,-0.014185863,-0.04545045,-0.020876681
AL359220.1,-0.0027615954,-0.026811967,-0.031831756,-0.051225048,-0.13360943,-0.044483952,0.005534755,0.06635385,0.017588487,0.062210266,0.031253736,0.08909439,0.015064946,0.036077987,0.04310368,-0.0027361496,-0.0031337363,-0.0059399377,0.007382324,0.009478419,-0.0020635123,0.013794018,-0.010290084,-0.023553299,0.016981611,-0.0055982633,-0.020775227,0.014283609,0.018771749,-0.014706982
HIF1A,-0.004148156,-0.015712164,-0.011435859,0.009821907,0.53846925,0.03059122,-0.053355437,-0.13027394,0.003835326,-0.13556258,-0.06556571,-0.11251269,-0.0034230882,-0.066997625,-0.12691367,-0.014485677,-0.012106205,-0.014101778,-0.0620024,-0.1421647,-0.013110315,-0.016914243,-0.018960452,-0.06370992,-0.06464567,0.0031903158,0.059840355,-0.022243453,-0.060283743,-0.01468259
SYNE2,-0.020235205,-0.04260108,-0.07121499,-0.10123877,-0.46357995,-0.15267666,0.11203767,-0.058560796,0.018563576,0.15451661,0.13788876,-0.05330837,0.023987396,0.05785774,0.28446287,-0.015038944,-0.035925716,-0.016968496,0.12093078,0.40092835,0.064574935,-0.03288506,-0.0069931243,-0.07246066,0.027925922,-0.022630593,-0.09880589,0.022456419,0.15279257,-0.050386854
ZFP36L1,-0.015624381,0.007472328,0.01625545,0.06700993,0.49341837,0.036370024,-0.03426145,-0.14228141,-0.010874732,-0.1262971,-0.061776124,-0.12102823,-0.018107198,-0.0777381,-0.10973321,-0.019376988,-0.028866477,-0.0029363008,-0.007885119,-0.12304209,-0.02301951,-0.032451574,-0.039382797,-0.097559474,-0.051851433,0.012894158,0.010273024,-0.026997661,-0.06298266,-0.051517516
PLEKHD1,0.01058179,-0.0045102895,-0.0024649403,-0.010063379,0.008781268,-0.0013506003,-0.0034321754,-0.009583136,0.009714227,-0.010285597,-0.00393225,-0.009483297,-0.0015305546,-0.005448848,-0.0071873646,-0.0013253955,-0.0025009767,-0.001397124,-0.0052905153,-0.010623853,-0.003096463,-0.0006697289,0.008638164,-0.0066680843,-6.350685e-05,-0.0017950245,-0.0002834251,-0.0027078467,-0.0012370188,0.22143179
AC004817.3,-0.00233224,-0.008250896,-0.014717665,-0.021850105,0.029607276,-0.016204337,-0.009301979,-0.031156488,-0.0024933964,-0.007658846,0.011277995,-0.016154096,-0.0027315118,-0.00038869807,-0.016595129,-0.0023653433,-0.0044633206,-0.0024933952,0.03153664,-0.03035126,-0.0055260756,0.0067370967,-0.004880735,-0.010577387,-0.008466727,0.021054411,0.21011992,-0.0048324876,-0.004936803,-0.00087484316
RGS6,-0.001497562,-0.007820253,-0.009450281,-0.00886726,-0.013053492,-0.009257092,-0.006924009,-0.019166317,0.008096083,-0.017225906,-0.008980991,-0.016259564,-0.0017539364,-0.008651836,-0.01710017,0.008701781,-0.0028659534,-0.0016010182,-0.0010695652,-0.019304428,-0.0035482878,-0.0017680546,-0.0031339733,0.37732735,-0.007933306,-0.0020569572,-0.008044907,0.0069621033,-0.0082817245,-0.0046924697
LINC02274,-0.00018361781,-0.00095884944,-0.0011587082,-0.001777868,-0.00022382945,0.008547579,-0.00084895757,0.003627197,-0.00019630344,0.0042643095,-0.0012874884,-0.0021122023,-0.00021505177,-0.0010607911,-0.0022107528,-0.00018622559,-0.00035139068,-0.00019630324,-0.0010432374,-0.0027484966,-0.00043505593,-0.0006050491,-0.00038425205,-0.000936887,-0.0009727075,-0.00025220952,-0.0009864022,-0.00038046626,-0.0012126197,-0.0005753367
NPC2,0.01644765,-0.032886233,-0.053743213,-0.05232882,0.6016496,0.29029235,-0.061815232,-0.18657638,-0.0038747496,-0.15876465,-0.0899912,-0.15673931,-0.01503818,-0.07585961,-0.16413331,-0.012761299,0.0005460189,-0.010186497,-0.08754918,-0.17746976,-0.024937373,-0.04238522,-0.0005197556,-0.040186018,-0.0696025,0.017028475,0.0771427,-0.03158741,-0.091893606,0.1221266
PGF,-0.0009767587,0.0041791266,0.0015630679,-0.0077293506,0.025556305,-0.00084212155,-0.00451605,-0.008546436,-0.0010442453,-0.008292546,-0.0045155613,-0.005302962,-0.001143971,-0.005642971,-0.004623563,-0.0009906224,-0.0018692738,-0.0010442466,-0.0026992976,-0.0050722947,-0.0023143296,0.0065088877,0.0055636633,-0.0049838517,-0.0021205184,0.010234955,0.015786478,-0.0020238918,-0.003981824,0.0020401736
FOS,0.0075772475,-0.061072733,-0.08299417,-0.08041511,0.72298366,0.066979304,-0.06651338,-0.22536133,-0.008545398,-0.13755997,-0.050015315,-0.16796277,-0.017178422,-0.054442286,-0.16012605,-0.008348713,-0.0065475255,0.0091758175,-0.04491758,-0.1776742,-0.031230034,0.023679087,-0.029169628,-0.049327523,-0.08678898,0.02358266,0.12086246,-0.03271569,-0.0752099,-0.029753858
JDP2,-0.0073136277,-0.03149134,-0.040342093,-0.08566533,0.5228967,0.17892273,-0.045806386,-0.14613084,-0.009758038,-0.13651285,-0.06857022,-0.11539189,-0.009512209,-0.05786122,-0.11680036,-0.00446377,-0.012416279,-0.011178251,-0.057371665,-0.1466636,-0.024098435,-0.033277057,-0.006110937,-0.04591232,-0.05361583,-0.003230839,0.11037873,-0.020775752,-0.06503364,-0.016868541
STON2,-0.0026619982,-0.011613194,-0.013926242,-0.024490671,0.055394918,0.010714185,-0.012307872,-0.039178103,-0.002845923,-0.03275179,-0.018665906,-0.030071532,-0.0031177548,-0.014339078,-0.030459156,-0.0026997786,0.10251354,-0.002845923,-0.014062093,-0.035407905,-0.00630741,-0.006966235,-0.0027795534,0.27399993,-0.0129664475,0.0005922103,0.06422821,-0.00551583,-0.017580481,-0.006461515
KCNK10,0.09764098,-0.004939882,-0.0033142727,-0.009159555,-0.022473011,-0.008204811,-0.0007745597,-0.011604805,-0.0010113193,-0.011666221,-0.006633098,-0.009350324,-0.0011079202,-0.0054651727,-0.009915675,-0.0009593939,-0.0018103283,-0.0010113225,-0.0053747096,-0.014159988,-0.0022413575,-0.0031170715,-0.0019796332,-0.004826779,-0.0050112843,-0.0012993413,-0.005081795,-0.0019601106,-0.0062473738,0.47663152
SLC24A4,0.0006732944,-0.05105492,-0.06286026,-0.09446631,0.55473197,0.21339582,-0.045893617,-0.14739977,-0.009525853,-0.13651681,-0.070784256,-0.11396541,-0.012143476,-0.057445586,-0.11973427,-0.0020216932,-0.018209506,-0.0110848425,-0.057215292,-0.14716701,-0.023753231,-0.033068296,-0.020989373,-0.04597108,-0.053135388,0.05480367,0.008386676,-0.020572048,-0.06292878,-0.0288913
LGMN,0.1213073,0.032860424,0.038982324,-0.013358844,-0.027972253,-0.0034640098,-0.016708832,-0.010239166,0.006631243,-0.02454423,-0.020955138,0.0050254916,-0.004682771,-0.010999315,-0.042693753,-0.004055001,-0.0034392495,-0.0042744647,-0.020539753,-0.052844584,-0.0078104585,-0.010711197,0.06692899,-0.0041979714,-0.013411697,0.14501214,0.19556192,-0.008284614,-0.020209683,0.33611754
IFI27,-0.0002100973,-0.016666537,-0.023379708,-0.04286943,0.17840266,0.08582401,-0.019336779,-0.06888652,-0.00096329884,-0.032950375,-0.0024962274,-0.05116923,-0.002140627,-0.0220685,-0.04839808,0.047791626,-0.0053378986,-0.0035452351,-0.026218295,-0.058384478,-0.0052988613,-0.014763904,0.012485324,0.03749351,-0.026269246,-0.001906108,0.04829484,-0.010584149,-0.023318367,-0.0047215796
SERPINA1,-0.012634226,-0.075108245,-0.09089786,-0.13901022,0.7959135,0.34505183,-0.0678681,-0.21901238,-0.012188791,-0.20124328,-0.10289107,-0.17141339,-0.018252825,-0.08654044,-0.172974,-0.005629261,-0.02774673,-0.01636996,-0.08085131,-0.21626718,-0.035348803,-0.047827978,-0.02634733,-0.061323028,-0.07961623,-0.011082767,0.059828736,-0.031742334,-0.09303175,-0.04389998
LINC02318,-0.00012983353,-0.00067799643,-0.00081931823,-0.0012571333,-0.0033231874,-0.0011261151,-0.00060028996,-0.0019325364,-0.000138804,-0.0017824228,-0.00091039453,0.009640903,-0.00015206268,-0.000750087,-0.0015632422,-0.000131677,-0.0002484713,-0.0001388044,-0.0007376855,0.0070111775,-0.00030762816,-0.0004278194,-0.000271706,-0.00066247233,-0.0006877999,-0.0001783338,-0.00069747376,-0.00026902423,-0.0008574467,-0.0004068233
TCL1B,-0.0013197529,-3.378223e-05,-0.008328301,0.20486191,-0.029416358,-0.010036101,-0.006101981,-0.016981728,-0.0014109502,-0.015275395,-0.009254061,-0.0151813375,-0.0015456949,-0.0076246187,-0.01483386,-0.0013385108,-0.002525709,-0.0014109456,-0.0074985554,-0.016219383,-0.0031270399,-0.004348808,-0.0027618753,-0.0043882397,-0.00699146,-0.0018127422,-0.00708978,-0.0027346197,-0.008715888,0.044985253
TCL1A,-0.000530521,0.03498436,-0.024687925,0.826659,-0.12160745,-0.03920052,-0.019328473,-0.075876154,-0.006251398,-0.06840664,-0.036257364,-0.052980427,-0.004562232,-0.029035905,-0.058035973,-0.0033149528,-0.009798346,-0.006251387,-0.026911547,-0.070227884,-0.011596475,-0.015971212,-0.009668231,-0.02144772,-0.02629408,-0.008031493,-0.021374207,-0.01082033,-0.030660748,0.11978097
AL139020.1,-0.0026830377,-0.0015882838,-0.014100553,0.47092322,-0.06682576,-0.021882515,-0.0060083,-0.038623035,-0.0028684172,-0.033565894,-0.01881351,-0.027606005,-0.00314238,-0.015500643,-0.031783,-0.00272111,-0.00513471,-0.0028684174,-0.015244351,-0.039286427,-0.0063572098,-0.008840924,-0.005614877,-0.013690016,-0.011973476,-0.0036852804,-0.01332003,-0.0055593397,-0.017719204,0.015783217
CYP46A1,-0.0018830708,-0.00020948607,-0.00785896,-0.0146309985,-0.03725457,-0.012367848,0.0058497903,-0.013028471,0.005727867,-0.0032043895,0.003811448,-0.0046616294,0.011912972,-0.00211212,-0.004808949,-0.0019098006,-0.0036037313,-0.0020131748,0.0026942329,-0.020712214,0.013049182,-0.0011482739,-0.003940698,-0.009608314,-0.0067883506,-0.0025865051,-0.008558254,-0.0039018053,-0.0021503041,0.5314656
WARS,0.0099110585,-0.04194032,-0.057459954,-0.0955159,0.5205401,0.33670643,-0.052626938,-0.17845558,0.0013866827,-0.15099002,-0.081095815,-0.13440426,-0.0073833526,-0.06270943,-0.12280502,-0.009146766,-0.019893132,-0.01091775,-0.06718421,-0.13779967,-0.016774513,-0.03172721,0.042562727,-0.056532755,-0.061497454,0.023945382,0.086657576,-0.027619252,-0.07015887,-0.005791443
DLK1,-0.00044983812,-0.0023490158,-0.002838674,-0.00061063934,-0.007859758,0.016796336,-0.002079792,-0.006695674,-0.00048091298,-0.006175505,-0.003154195,-0.0051744552,-0.0005268437,-0.0025988254,-0.005416171,-0.00045622155,0.12557256,-0.00048091263,-0.0025558127,-0.0067335637,-0.0010658454,-0.0014822845,-0.00094136345,0.059431355,-0.0023830135,-0.0006178725,-0.0024165015,-0.00093207444,-0.0029708196,-0.0014095175
MEG3,-0.0012739843,-0.0042772824,-0.0060648345,-0.0043731467,-0.022273999,0.15906508,-0.005890316,-0.01896273,-0.0013620056,-0.00964772,-0.008933143,-0.012379052,-0.0014920877,-0.0052081053,-0.008773382,-0.0012920767,0.10612145,-0.0013620056,-0.005052857,-0.013577018,0.0021473712,-0.0004711417,0.0031667603,-0.006500433,-0.0067489683,-0.0017498662,0.0046810596,0.0032797477,-0.006519691,-8.363597e-05
ANKRD9,-0.0002307598,-0.01742455,-0.016716182,-0.035016224,0.038011067,0.0066239266,0.000350368,-0.04910066,0.02082906,-0.031376265,-0.01287254,-0.040102795,0.01508208,-0.015831942,-0.021881985,0.026368639,0.00028710807,-0.0006117636,-0.009587201,0.018200915,0.05843133,-0.00973937,0.007991254,0.2705444,-0.007824753,0.011151558,0.009403785,-0.008410825,-0.012076285,-0.010249042
TNFAIP2,0.007873926,-0.069862306,-0.08210405,-0.13249002,0.7951868,0.1956262,-0.064336576,-0.2115889,-0.01103939,-0.19474317,-0.097560346,-0.16814916,-0.01587156,-0.08573372,-0.15943511,-0.0065886565,-0.018395763,-0.016076373,-0.0814467,-0.20385711,-0.03023031,-0.04463102,-0.025327267,-0.051956728,-0.07827619,0.015268461,0.11662215,-0.030289588,-0.08523114,-0.036788598
CKB,0.0027959761,-0.012847185,-0.021039354,-0.037843827,-0.04509976,0.5505358,-0.013663886,-0.05463363,0.005366769,-0.04127363,-0.026253132,-0.04432159,0.0010245735,-0.015451666,-0.028200654,-0.0044218185,0.050564628,0.002323153,-0.017482173,-0.050534915,0.0004812357,-0.014366528,0.0045197196,-0.0072491677,-0.01883344,0.009623525,0.025352012,-0.007207738,-0.016183414,-0.0067049433
RD3L,-0.00035560539,-0.0018569203,-0.002244059,-0.0034431245,-0.004478462,-0.0030843203,-0.0016441036,-0.005293073,-0.00038017167,-0.004881913,-0.0024934958,-0.0040906356,-0.00041648923,-0.002054423,-0.004281596,-0.00036065257,-0.0006805382,-0.00038017106,-0.002020431,-0.005322987,-0.00084256125,-0.0011717733,-0.0007441626,0.110934116,-0.0018838231,-0.00048842956,-0.0019102732,-0.00073682785,-0.0023484167,-0.0011142334
PLD4,0.08416033,0.104840554,0.02124005,0.087889776,0.02505739,0.28715217,-0.02839432,-0.09653806,-0.007338268,-0.09006535,-0.043707926,-0.07365694,-0.008039154,-0.037850384,-0.07926514,-0.00464349,0.008009429,-0.007338268,-0.035810284,-0.09686406,-0.015240138,-0.022617858,-0.012203844,-0.0291103,-0.03636226,0.010999756,0.32772282,-0.014222707,-0.043000635,0.26603034
GPR132,0.00034795678,-0.017119577,-0.011248103,-0.038906615,0.19934675,0.0734748,-0.024810307,-0.05874676,-0.00455791,-0.039412912,-0.01678475,-0.031693444,-0.009129308,-0.0026032387,-0.04015959,-0.0059195827,-0.014917494,0.0067819287,-0.019353788,-0.07326554,-0.01204169,-0.008261162,-0.008679117,-0.033886,-0.028285025,-0.004898752,0.029671967,-0.013902541,-0.019022334,-0.011443375
CRIP1,0.021492867,0.0015766341,0.03474332,-0.11706178,0.039262302,0.049482517,0.034086794,-0.09794715,0.021267086,0.09740425,0.031476766,-0.11432198,0.024260443,0.017773567,0.042844262,-0.01082116,-0.016867485,0.008583079,-0.009607394,-0.0024394614,0.03838761,0.022009179,0.015758801,-0.06727108,-0.027823102,0.024187714,0.06696348,-0.013556041,-0.00076846406,0.015669992
IGHA2,0.005142912,0.051824056,0.3659027,0.015253422,-0.038656242,-0.012760499,-0.008800672,-0.030683983,0.00024348631,-0.028980391,-0.016733255,-0.02197357,-0.0041974457,-0.00901893,-0.021681737,-0.0036347234,-0.0045802733,-0.0038314806,-0.012450056,-0.031637907,-0.002878462,-0.005077117,0.20182553,-0.010267572,-0.015595804,-0.004922577,-0.006132863,-0.0031653417,-0.013366054,-0.0014227784
IGHE,-0.0011807719,0.009182848,0.20376977,0.055714868,-0.02883001,-0.007081787,-0.005459364,-0.017575469,-0.0012623426,-0.01515311,-0.008279566,-0.013582628,-0.0013829068,-0.0068216594,-0.01303792,-0.0011975328,-0.0022597266,-0.0012623499,-0.006708804,-0.016687427,-0.0027977102,0.0001287682,0.029059287,-0.0060248375,-0.0062551433,-0.001621823,-0.0063431277,-0.0024466042,-0.0077980263,-0.0036998354
IGHG4,-0.0024315687,0.10872561,0.29509044,0.0016195097,-0.036380507,-0.0118659595,-0.006981869,-0.023541946,-0.0025995823,-0.023025973,-0.01325979,-0.01534349,-0.0028478727,-0.006103835,-0.022311643,-0.002466096,-0.0013106872,-0.0025995767,-0.010338524,-0.024269257,-0.00302346,-0.008012344,0.093823336,-0.0098426165,-0.00791313,-0.003339884,-0.00581698,-0.0018998296,-0.008052454,-0.0076191314
IGHG2,0.00852801,0.2243074,0.34205085,0.023736747,-0.0500207,-0.015127202,-0.01386813,-0.034690462,-0.004057127,-0.03565936,-0.017997373,-0.025357025,-0.004444638,-0.016774515,-0.025300546,0.00018553558,-0.005094598,-0.0040571387,-0.011752355,-0.03210762,-0.008991843,-0.0099624405,0.086863056,-0.005799234,-0.011219058,-0.0022334715,-0.011865815,-0.007863388,-0.015267902,-0.007922593
IGHA1,-0.0011381631,0.10972166,0.25483435,0.01499006,-0.0211701,-0.00899016,-0.013756287,-0.031603307,-0.001832525,-0.030109266,-0.011195997,-0.023965603,-0.005109143,-0.008937847,-0.023024637,-0.0032388137,-0.0005146496,0.0009093302,-0.014110868,-0.019776275,0.0012050736,-0.0065425374,0.13001236,-0.013937302,-0.013217417,0.0015804099,-0.0020968716,-0.005555187,-0.0055487347,-0.0018245812
IGHG1,-0.0049691093,0.24390207,0.39404634,0.020474508,-0.055519756,-0.018092467,-0.012956086,-0.03550613,0.0035164377,-0.03413178,-0.021970512,-0.032127585,-0.0031495432,-0.014438423,-0.031694856,0.004217723,-0.002918249,-0.0053123664,-0.018296802,-0.035775878,-0.009074144,-0.011365454,0.09630996,-0.010071602,-0.011185089,1.0482437e-05,-0.012397887,-0.007073938,-0.023692513,-0.00040161307
IGHG3,-0.0044835587,0.23470205,0.39345765,0.084737465,-0.06392936,-0.022085184,-0.0128561165,-0.04115108,0.00515272,-0.03948688,-0.015726313,-0.03466066,-0.0022589972,-0.020851644,-0.03621653,-0.004547239,-0.008580375,-0.0014194652,-0.015796944,-0.039545063,-0.009120281,-0.010395991,0.08763675,-0.01920947,-0.016817031,0.0014138848,-0.012288234,-0.005822984,-0.020750165,-0.007310781
IGHD,0.012874005,0.3056189,0.0031725506,0.8079343,-0.13565925,-0.044075377,-0.027268628,-0.087975115,-0.0046909316,-0.076821156,-0.040079616,-0.06525722,-0.0075896927,-0.03186271,-0.061743036,-0.0065722954,0.009288847,-0.0069279596,-0.033318534,-0.079851806,-0.012285334,-0.019121164,0.007844898,-0.028531173,-0.03003748,-0.007154964,-0.026202237,-0.011062418,-0.036340225,0.0052563827
IGHM,0.028249819,0.28151494,0.08079585,0.57918715,-0.11421467,-0.03869083,-0.023741886,-0.082796454,0.0070905862,-0.0680031,-0.040445726,-0.055390663,-0.0063207406,-0.031087339,-0.050255943,-0.00080586824,0.033244208,-0.0058163754,-0.027696582,-0.07458363,-0.010043741,-0.010515327,0.03041613,-0.024570389,-0.027470937,-0.0046263826,-0.017864384,-0.011509913,-0.02612821,0.15326881
FAM30A,0.0009830269,0.22475043,0.24728128,0.386586,-0.113096274,-0.038589653,-0.019613037,-0.06786418,-0.0054821214,-0.063872024,-0.031377614,-0.04595459,-0.006005782,-0.02465609,-0.04564799,-0.005200657,0.16711703,0.021293668,-0.025821192,-0.064545974,-0.0121500185,0.0003503901,0.09540898,-0.0017032294,-0.026565773,-0.0048206155,-0.022393584,-0.010625157,-0.01782914,0.087475955
IGHV6-1,-0.00055859785,0.06189803,0.01896953,0.027770724,-0.0113539575,-0.004844889,-0.0025826471,-0.008314404,-0.0005971883,-0.007668596,-0.003916818,-0.006425574,-0.0006542256,-0.0032271275,-0.0067255828,-0.0005665284,-0.0010690015,-0.0005971868,-0.0031737373,-0.008361417,-0.0013235238,0.0066458103,0.07865556,-0.0028501584,-0.002959157,-0.0007672403,-0.0030007774,-0.0011574187,-0.003688996,-0.0017502777
IGHV1-2,-0.00079552043,0.018603524,0.029735392,0.08132298,-0.017262273,-0.0045575243,-0.0036781118,-0.01184091,-0.00085047167,-0.007786434,-0.0055781095,-0.009150898,-0.0009317056,-0.0045959326,-0.009578276,-0.00080680725,-0.0015224391,-0.0008504737,-0.0045199324,-0.008980317,-0.0018848953,-0.0026213473,0.02640069,-0.004059078,-0.004214258,-0.001092689,-0.004273565,-0.0016483692,-0.0022266374,0.022545908
IGHV1-3,-0.0006494161,0.029117832,0.0036435577,0.063777365,-0.015356039,-0.0027653456,0.0022282207,-0.009666289,-0.0006942774,-0.0089154085,-0.0045536743,-0.0074702874,-0.0007605894,-0.0037517801,0.0050334376,-0.0006586272,-0.0012428081,-0.0006942818,-0.0036898176,-0.004345952,-0.0015387102,-0.0021399066,-0.0013590371,-0.0033136,-0.0034402858,-0.000892,-0.0034886377,-0.0013456303,0.003127888,-0.0020348793
IGHV4-4,-0.00025968373,0.010256471,-0.0016387086,0.023426328,-0.0034816323,-0.002252288,-0.0012006343,-0.0038652949,-0.00027761984,-0.0035650413,-0.0018208842,0.002580485,-0.00030413797,-0.0015002653,-0.0031265938,-0.000263371,-0.0004969613,-0.00027761993,-0.0014754363,-0.0038871097,-0.00061528373,-0.00085569394,0.028074704,-0.0013249833,-0.0013756385,-0.0003566807,-0.0013950242,-0.0005380799,-0.001714994,-0.0008136847
IGHV7-4-1,-0.00024291336,0.023556465,-0.001532875,0.018446503,-0.0062173763,-0.0021068952,-0.0011230621,-0.0036156133,-0.00025968702,-0.0033346934,-0.0017032555,-0.0027941526,-0.00028448747,0.009852207,-0.0029246828,-0.00024635665,-0.00046485424,-0.00025968737,0.010059729,-0.0036359427,-0.00057555427,-0.0008004026,-0.00050834415,-0.0012393992,-0.0012868104,-0.00033364203,-0.0013049259,-0.0005033037,-0.001604215,-0.00076112617
IGHV2-5,-0.00051945396,0.032121934,0.011230485,0.03388851,-0.01171332,-0.0045054774,-0.0024017484,-0.0077319606,-0.0005553424,-0.0047326796,0.00073158,-0.005975318,-0.0006083924,-0.0030010438,-0.00089929346,-0.0005268321,-0.0009941045,-0.000555343,-0.0029514418,-0.005536838,-0.0012307991,-0.0017116929,0.07050169,-0.0026504858,-0.002751815,-0.00071350555,-0.0027905563,-0.0010763446,-0.0034305726,-0.0016276814
IGHV3-7,-0.00094597106,0.10358877,0.023263795,0.071073815,-0.024212642,-0.008204893,-0.0043736636,-0.014080304,-0.0010113283,-0.011668543,-0.004229469,-0.010881614,-0.0011079216,-0.0054651224,-0.008447531,-0.0009593994,-0.0018103597,-0.0010113292,-0.0053747664,-0.012928731,-0.0022414,-0.0031171138,0.08466714,-0.00482673,-0.0050113318,-0.0012993295,-0.0050817756,-0.0019601018,-0.0062473593,-0.002964107
IGHV3-64D,-0.0004207755,0.02647339,0.003314432,0.031955283,-0.008816692,-0.003649574,-0.0019454701,-0.006263038,-0.00044983745,-0.0028151348,-0.0029504336,-0.0048402213,-0.00049280777,-0.002430929,-0.0050662435,-0.00042674819,0.018500712,-0.00044983748,-0.0023906974,-0.006298424,-0.0009969781,-0.0013864813,0.06978278,-0.00214697,-0.0022290407,-0.00057795167,-0.002260386,-0.0008718703,-0.0027788552,-0.0013184468
IGHV5-10-1,-0.00047713294,0.00382719,-0.0030109654,0.07658262,-0.01221259,-0.0041384385,-0.0022060424,-0.0071019945,-0.0005100899,-0.0065503293,-0.003345671,-0.0054886104,-0.0005588174,-0.0027565025,-0.005744775,-0.00048390732,-0.0009131184,-0.0005100901,-0.0027109792,-0.0071420176,-0.0011305342,-0.0015722201,0.04575168,-0.00243457,-0.0025275995,-0.0006553707,-0.002563216,-0.0009886548,-0.00315105,-0.0014950772
IGHV3-11,-0.0005880293,0.022580776,0.021926723,0.04588458,-0.013653126,-0.0051002554,-0.0027187562,-0.0067650173,-0.0006286485,-0.0038337065,-0.0041232607,-0.00430504,-0.00068870775,-0.0033972221,-0.0070800064,-0.0005963685,-0.0011253403,-0.0006286498,-0.0033409789,-0.008802011,-0.0013932767,0.006119017,0.07466291,-0.0030004017,-0.003115081,-0.0008076869,-0.0031589207,-0.0012184097,-0.00388346,-0.0018425334
IGHV3-13,-0.00041063147,0.027231684,0.0035282797,0.032943927,-0.008508649,-0.003561608,-0.0018985553,-0.003267395,-0.00043899787,-0.0056373663,0.0026536593,-0.004723511,-0.0004809318,-0.0023722986,-0.004944102,-0.00041645294,-0.00078585144,-0.00043899796,-0.002333073,-0.0061465884,-0.00097294815,-0.0013530926,0.053437736,-0.0020952064,-0.0021753171,-0.00056401774,-0.0022059032,-0.0008508384,-0.0027118458,-0.0012866702
IGHV3-15,-0.0010274136,0.0357894,0.025348179,0.12471953,-0.023897063,-0.0070986487,-0.004750266,-0.015292704,-0.0010983793,-0.014104728,-0.0072041964,-0.011818423,-0.0012033018,-0.0032714792,-0.008306017,-0.0010419881,-0.001966221,-0.0010983803,-0.0031308334,-0.013113146,-0.002434347,-0.0033854742,0.034145866,-0.0052422746,-0.005442713,-0.0014111988,-0.0055192322,-0.0021288367,-0.0067852186,-0.0032192788
IGHV1-18,-0.0007462142,0.028448561,0.012131332,0.09668987,-0.017998146,-0.006472257,-0.0034501273,-0.011107073,-0.0007977625,-0.010244338,-0.0052324766,-0.008583692,-0.0008739705,-0.00064581336,-0.008984718,-0.00075680047,-0.0014280537,-0.0007977625,-0.004239785,-0.011169931,-0.0017680721,-0.0024588571,0.048294522,-0.0038075324,-0.003953064,-0.0010249508,-0.0040086554,-0.0015461716,-0.004928061,-0.0023381999
IGHV3-20,-0.0004498376,0.03116758,0.013917284,0.048071012,-0.011513865,-0.003901565,-0.002079795,-0.006695656,-0.00048091164,-0.0061755036,-0.0031542135,-0.005174461,-0.0005268425,-0.0025988193,-0.005416173,-0.00045622277,-0.00086087413,-0.00048091257,-0.002555811,-0.0067335507,-0.0010658416,-0.0014822821,0.015584848,0.0045642485,-0.0023830084,-0.0006178755,-0.0024165015,-0.0009320765,-0.0029708145,-0.0014095183
IGHV3-21,-0.0008519318,0.0415861,0.006424136,0.10260504,-0.021805543,-0.005202484,-0.003938958,-0.01130942,-0.0009107846,-0.011695815,-0.0059737377,-0.008102263,-0.0009977933,-0.004921817,-0.00862489,-0.00086402317,-0.0016304016,-0.00091078656,-0.004840507,-0.011386599,-0.0020185583,-0.002807259,0.068116225,-0.0043469844,-0.004513171,-0.0011701661,-0.004576584,-0.0017652607,-0.0056263055,-0.0026694797
IGHV3-23,-0.001536795,0.09243233,0.046016697,0.16346125,-0.03772913,-0.012114862,-0.0071052453,-0.022874411,-0.0016429557,-0.020286085,-0.010775823,-0.015793322,-0.0017998669,-0.008878375,-0.01668411,-0.001558586,-0.002940982,-0.0016429592,-0.00873154,-0.021484278,-0.0036412089,-0.0050638537,0.08435234,-0.007841288,-0.0061963736,-0.0021108405,-0.0063467673,-0.0031843004,-0.0085791275,-0.0048153657
IGHV1-24,-0.00053546444,0.008472051,0.020079585,0.048307415,-0.013705299,-0.001167074,-0.0024756696,-0.0057884194,-0.00057244767,-0.0073509184,-0.0037545734,-0.0061593344,-0.00062712806,-0.0030934375,-0.0064470707,-0.00054305117,-0.0010247228,-0.00057244574,-0.0030423105,-0.0036692498,-0.0012686882,-0.0017643734,0.08218834,-0.00273212,-0.0028365862,-0.00073546416,-0.002876517,-0.0011094912,-0.0035362106,-0.0016777859
IGHV2-26,-0.00034354068,0.024536824,0.005145521,0.02118556,-0.006400762,-0.0029796567,-0.0015883561,-0.005113435,-0.0003672796,-0.0047162888,-0.0024089061,-0.003951905,-0.00040234879,-0.0019847164,-0.004136316,-0.0003484128,-0.00065744034,-0.000367279,-0.0019519036,-0.005142427,-0.00081398286,-0.0011319938,0.042558804,-0.0017528795,-0.0018199378,-0.00047187365,-0.001845563,-0.0007118231,0.011735011,-0.0010764658
IGHV4-28,-0.00034354063,0.015761308,-0.002167895,0.030994738,-0.0087931845,-0.002979682,-0.0015883571,-0.0051135216,-0.0003672731,-0.004716301,-0.0024089094,-0.0039517903,-0.00040235496,-0.001984733,-0.0041363672,-0.00034841712,-0.00065745105,-0.00036727323,-0.0019519327,-0.0051424415,-0.0008139888,-0.0011320193,0.10744016,-0.0017529143,-0.0018198931,-0.0004718671,-0.0018455293,-0.00071182696,-0.002268813,-0.0010764481
IGHV3-30,-0.0009048557,0.06199364,0.035974182,0.08257863,-0.019523283,-0.007848281,-0.0041835923,-0.013468467,0.015080205,-0.011043185,-0.006344788,-0.010408776,-0.001059768,-0.0052275574,-0.00935685,-0.00091769604,-0.0017316905,-0.00096738036,-0.0051411223,-0.013544554,-0.0021439844,-0.0029816264,0.047484387,-0.0046169646,-0.0047935355,-0.001242851,-0.0048609236,-0.0018748981,-0.0059758197,-0.0028352947
IGHV4-31,-0.00034354097,0.0069831363,0.012455804,0.016285945,-0.008793054,0.0024399494,-0.0015883544,-0.005113438,-0.00036727914,-0.004716289,-0.002408906,-0.0039518992,-0.00040234896,-0.0019847164,-0.004136321,-0.00034841304,-0.0006574414,-0.00036727908,-0.0019519061,-0.005142421,-0.00081398065,-0.0011319948,0.12908812,-0.0017528825,-0.0018199369,-0.00047187318,-0.0018455568,-0.00071182376,-0.0022687882,-0.0010764643
IGHV3-33,-0.00081129745,0.03667871,0.010372612,0.09605639,-0.020765739,-0.007036744,-0.0037510314,-0.010635708,-0.0008673347,-0.009601211,-0.0028856134,-0.009332417,-0.0009501951,-0.004687031,-0.008053557,-0.00082280533,-0.0015526124,-0.00086733134,-0.0046095466,-0.010710244,-0.0019222831,-0.0026732988,0.044164438,-0.00032983886,-0.004297824,-0.00111436,-0.0007428093,-0.0016810626,-0.005357858,-0.0025421043
IGHV4-34,-0.0008267637,0.021240108,0.028238334,0.09599859,-0.020167472,-0.0071709566,-0.003822591,-0.010891773,-0.00088389823,-0.0083332015,-0.0030477692,-0.009510336,-0.00096830656,-0.004776465,-0.008270723,-0.0008385103,-0.0015822384,-0.00088389317,-0.0046974528,-0.012375578,-0.0019589285,-0.0027242906,0.052269712,-0.004218555,-0.004379817,-0.001135611,-0.004441402,-0.0017131058,-0.005460114,-0.0025905864
IGHV4-39,-0.0007290388,0.05001481,0.029868595,0.05768655,-0.014148831,-0.0037692362,-0.0033707009,-0.009247972,-0.0007794135,-0.0100086015,-0.0051119584,-0.0064017787,-0.00085385266,-0.0042118276,-0.0087778615,-0.00073938945,-0.0013951968,-0.0007794097,-0.0041422048,-0.010912848,-0.0017273684,-0.0024022704,0.049484875,-0.0037198565,-0.0038621058,-0.0010013632,-0.003916413,-0.0015106024,-0.004814692,-0.0022843825
IGHV3-43,-0.0003310399,0.007379298,0.0054997685,0.042583127,-0.008473074,-0.0028713015,-0.0015306034,-0.0049273805,-0.00035390715,-0.004544656,-0.0023212424,-0.003808068,-0.00038771817,-0.0019125504,-0.0039858455,-0.0003357367,-0.0006335304,-0.00035390753,-0.001880844,-0.004955219,-0.0007843654,-0.0010908317,0.044210725,-0.0016891495,-0.0017537056,-0.00045470803,-0.0017784091,-0.0006859405,-0.002186266,-0.0010372929
LINC00221,-0.0008419597,-0.0008155416,-0.0053131897,-0.0021451085,-0.009831583,-0.00066719437,-0.0038928331,0.009694967,-0.0009001396,0.006215711,0.0049029365,0.0023528044,-0.0009861024,0.0016395602,-0.0068295603,-0.0008539021,-0.0016113016,-0.0009001349,-0.0014785811,0.0039981636,0.0058107222,-0.0027743534,-0.0017619717,-0.004296043,0.013225388,-0.0011564707,0.0024457711,-0.0017445625,-0.0026983828,-0.0026382129
IGHV1-46,-0.00048588924,0.016078575,0.017620208,0.05770282,-0.012436912,-0.00421444,-0.0022465573,-0.0024237433,-0.00051945396,-0.006670621,-0.0034070606,-0.005589293,-0.00056907715,-0.0028071755,-0.0058503104,-0.000492784,-0.0009298782,-0.0005194549,-0.00276069,-0.00487989,-0.0011512713,-0.0016010732,-0.0010168266,-0.0024792848,-0.0025739851,-0.000667396,-0.0026102157,-0.0010067886,-0.0032089222,-0.0015224864
IGHV3-48,-0.00067490013,0.032241505,0.010633683,0.0608957,-0.012402305,-0.0058538117,-0.003120462,-0.006582703,-0.0007215353,-0.007418297,-0.004732427,-0.005620574,-0.00079045334,-0.0038991105,-0.008126096,-0.000684495,-0.001291604,-0.00072153675,-0.0038346334,-0.010102521,-0.0015991281,-0.002223924,0.064687766,0.0011313071,-0.0035753436,-0.0009270144,-0.0036256416,-0.0013984557,-0.0044572535,-0.0021147714
IGHV3-49,-0.00059515476,0.012101836,0.017356109,0.067850485,-0.012471541,-0.0051620593,-0.0027517176,-0.008858801,-0.00063628674,-0.008170582,-0.0041732616,-0.0044165016,-0.0006970503,-0.0034383629,-0.0048295613,-0.0006036167,-0.0011389834,-0.00063628686,-0.0033815794,-0.008908808,-0.0014101734,0.0060024546,0.02374335,-0.0030368194,-0.003152852,-0.000817474,0.001731456,-0.0012332101,-0.003930524,-0.0018648655
IGHV5-51,-0.0007739991,0.042749744,0.027588395,0.0687378,-0.018748881,-0.004307369,-0.00357858,-0.01001129,-0.0008274584,-0.009013652,-0.0024890474,-0.0070330175,-0.0009064934,-0.0044715805,-0.007521559,-0.0007849747,-0.0014812134,-0.0008274568,-0.0043976107,-0.010081666,-0.001833912,-0.0025503726,0.056083653,-0.0039492385,-0.0041002682,-0.0010631038,-0.0041579073,-0.0016037361,-0.0051115914,-0.002425231
IGHV3-53,-0.00056609436,0.039673984,0.018621221,0.05106951,-0.008679111,-0.004909985,-0.002617348,-0.008426107,-0.00060520635,-0.007771651,-0.003969399,-0.0065117395,-0.0006630046,-0.003270421,-0.00681585,-0.0005741276,-0.001083361,-0.00060520787,-0.0032164063,-0.00847371,-0.0013413092,-0.0018653234,0.0250841,-0.0028884695,-0.0029988305,-0.0007775473,-0.003041101,-0.00117298,-0.0037385328,-0.0017738044
IGHV4-59,-0.0006362917,0.0014175994,0.011791878,0.049460016,-0.014994221,-0.00551876,-0.0029418431,-0.007634735,-0.0006802357,-0.004816863,-0.0044616065,-0.0050463527,-0.00074521377,-0.0036759542,-0.005473844,-0.0006453163,-0.0012176939,-0.0006802371,-0.003615231,-0.0058667455,-0.0015076036,-0.0020966313,0.13888966,-0.0032466305,-0.0033707318,-0.0008739615,0.001192201,-0.0013184207,-0.00041972604,-0.001993729
IGHV4-61,-0.0003180485,-0.0016608762,0.005890836,0.018102776,-0.008140777,-0.0027586177,-0.0014705269,-0.004734067,-0.00034002683,-0.004366345,-0.0022301632,-0.0036585259,-0.00037250484,-0.0018374956,-0.0038293977,-0.000322565,-0.0006086746,-0.00034002616,-0.0018070842,-0.0047608716,-0.00075359835,-0.0010480154,0.16290997,-0.0016228064,-0.001684857,-0.00043686072,-0.0017085909,-0.0006590231,-0.0021004523,-0.0009965964
IGHV3-64,-0.00020529273,-0.0010720277,0.0109406,0.022619858,-0.0052545606,-0.0017805882,-0.00094916124,-0.003055713,-0.00021947248,-0.0028183341,-0.0014395092,-0.0023614764,-0.00024044013,-0.001186028,-0.002471744,-0.00020820499,-0.00039287104,-0.0002194725,-0.0011663983,-0.003072953,-0.00048641922,-0.00067646435,0.035771143,-0.0010474789,-0.0010875412,-0.00028197977,-0.0011028219,-0.0004253725,-0.0013557618,-0.0006432537
IGHV3-66,-0.00033104193,0.0073791393,0.020677911,0.0120585505,-0.0059904363,0.0027532603,-0.0015305956,-0.0013992332,-0.0003539096,-0.004544663,0.004543211,0.0005594607,-0.00038771753,-0.0019125404,-0.003985844,-0.00033574132,-0.0006335344,-0.00035391006,-0.0018808632,-0.004955251,-0.0007843669,-0.0010908259,-0.0006927823,-0.001689143,-0.0017536965,-0.0004547063,0.0070823203,-0.0006859389,-0.002186264,-0.0010372888
IGHV1-69,-0.0006022043,0.0068730717,0.004544057,0.07531637,-0.014048912,-0.0052232263,-0.0027843346,-0.008963689,-0.00064381765,-0.008267365,-0.0042226403,-0.0069273887,-0.00070530607,-0.003479151,-0.0072508035,-0.0006107595,-0.001152485,-0.0006438179,-0.0034215832,-0.0032175127,-0.0014268858,-0.001984356,0.04811966,-0.0030727275,-0.0031902483,-0.00082715653,-0.0032350926,-0.0012478011,-0.003977086,0.014645006
IGHV2-70D,-0.00022489247,0.01223222,0.020919228,0.020287754,-0.005756162,-0.0019505492,-0.0010397536,-0.0033472623,-0.00024042069,-0.0030874016,-0.0015768962,-0.002586904,-0.00026338117,-0.0012992417,-0.0027077354,-0.00022808136,-0.00043037592,-0.00024042092,-0.0012777639,-0.0033662103,-0.00053285935,-0.00074105075,-0.00047061968,-0.0011474447,-0.001191353,-0.00030889674,-0.0012081051,-0.00046597555,-0.0014852072,-0.0007046725
IGHV1-69-2,-0.0001590146,-0.00083036604,-0.0010034612,0.019640105,-0.0040701237,-0.0013792174,-0.00073520525,-0.002366873,-0.00017000367,-0.0021830199,-0.0011150185,-0.0018291456,-0.00018624072,-0.0009186637,-0.0019146029,-0.00016127063,-0.0003043154,-0.00017000189,-0.0009034722,-0.002380283,-0.0003767648,-0.0005239713,0.046397842,-0.0008113783,-0.00084238395,-0.00021841053,-0.00085424574,-0.00032948508,-0.0010501576,-0.0004982607
IGHV1-69D,-0.0007739945,0.01935068,0.004856006,0.0948876,-0.017686136,-0.0043074563,-0.0035785509,-0.010010454,-0.00082747464,-0.010625703,-0.00542716,-0.008903265,-0.0009064835,-0.0044715013,-0.007520785,-0.0007849675,0.009024866,-0.0008274718,-0.0043976298,-0.011585735,-0.0018338934,-0.0025503787,0.046420828,-0.0039492697,-0.004100218,-0.0010631129,-0.0041579264,-0.0016037483,-0.0051116166,0.02331181
IGHV2-70,-0.0001836177,-0.000958849,0.012519773,0.02573582,-0.004699729,-0.0015925961,-0.0008489572,-0.0027330362,-0.00019630327,-0.002520783,-0.00128749,-0.0021121989,-0.00021505164,-0.0010607912,-0.0022107556,-0.00018622546,-0.00035139115,-0.00019630307,-0.0010432391,-0.002748498,-0.0004350562,-0.00060504815,-0.00038425243,-0.00093688734,-0.00097270764,-0.00025220934,-0.0009863923,-0.00038046582,-0.0012126209,-0.0005753373
IGHV3-72,-0.00022489284,-0.001174368,0.009750624,0.027774064,-0.0057561668,-0.0019505498,-0.0010397522,-0.0033472534,-0.0002404204,-0.0030874074,-0.0015768961,-0.0025869044,-0.00026338038,-0.0012992427,-0.002707739,-0.00022808151,-0.00043037592,-0.0002404204,-0.0012777657,-0.0033662023,-0.0005328605,-0.00074104854,0.03257779,-0.0011474421,-0.0011913545,-0.00030889717,-0.0012081057,-0.00046597526,-0.0014852087,-0.00070467376
IGHV3-73,-0.00045911688,0.03044747,0.008047062,0.03591206,-0.011751313,-0.0039821044,-0.0021227382,-0.006833817,-0.0004908299,-0.0035893722,-0.0032192548,-0.0052813096,-0.0005377113,-0.0026524127,0.0005294433,-0.00046563265,-0.00087864033,-0.0004908298,-0.0026085675,-0.006872365,-0.0010878313,-0.0015128495,0.063821405,-0.0023426197,-0.0024321636,-0.00063061644,-0.0024663757,-0.0009513179,-0.0030320734,-0.0014385853
IGHV3-74,-0.00055099436,0.051865272,0.037563905,0.022191277,-0.011119413,-0.004778951,-0.0025474543,-0.008201242,-0.0005890436,-0.007564197,-0.0038634543,-0.0063380776,-0.00064532226,-0.0031831863,-0.0066341367,-0.00055880885,-0.001054443,-0.0005890438,-0.0031305673,-0.008247557,-0.0013055084,-0.0018155737,0.07982962,-0.0028114233,-0.0029188024,-0.0007568133,-0.0029599022,-0.001141661,-0.0036387763,-0.0017264768
AC022613.1,-0.00036727425,-0.001917855,-0.0023176188,-0.0035561062,-0.007162557,-0.0031854808,-0.0016980419,-0.005466635,-0.00039263995,-0.005041934,-0.0025753083,-0.0042247195,-0.0004301385,-0.0021218,-0.0006368579,-0.00037247874,0.021414593,-0.00039264033,-0.0020866953,0.019835152,-0.0008702049,0.050374944,-0.00076857203,-0.0018739427,-0.0019456206,-0.00050445803,-0.0019729887,-0.0007609993,0.0041239536,-0.001150778
TJP1,-0.00024290381,-0.0012684742,-0.0015328682,-0.00235195,-0.0028338858,-0.0021068475,-0.0011230903,-0.0036155344,-0.0002596906,-0.0033347073,-0.0017032488,-0.0027942169,-0.00028449355,-0.0014033399,0.002798111,-0.00024635214,-0.00046486454,-0.00025969045,-0.0013801447,-0.0036360263,-0.0005755464,0.018698262,0.030083133,0.036849257,-0.0012868005,-0.0003336413,-0.0013049062,-0.00050331675,-0.00160421,-0.00076112495
AC022613.2,-0.00029033775,-0.0015161578,-0.0018321825,-0.0028111534,0.0123851765,-0.0025182653,-0.0013423794,-0.0043215062,-0.00031039637,-0.00398582,0.0057903654,0.0016403553,-0.0003400485,-0.0016773614,0.0012928301,-0.00029445198,-0.00055563776,-0.00031039648,-0.0016495943,-0.0043459376,-0.0006879144,-0.00095668965,-0.00060758105,-0.0014814492,-0.0015380423,-0.00039879733,-0.0015596813,-0.0006015911,-0.0019174413,-0.00090973015
AC012236.1,-0.0022743905,0.07902968,0.17635964,0.12709317,-0.046212547,-0.014797964,-0.008998338,-0.029173857,-0.002431535,-0.030117106,-0.01594828,-0.023599975,-0.0026638256,-0.010710345,-0.024902238,-0.002306703,-0.0043526823,-0.0024315452,-0.010440509,-0.0309378,-0.005389047,-0.0074944166,0.2641556,-0.008842396,-0.012048802,0.011816721,0.0020423387,-0.004712753,-0.012869205,-0.00492876
ARHGAP11A,0.0012519038,0.00039632604,0.0043354067,-0.018528856,0.01614841,0.008960234,0.0050238604,-0.021724625,0.11439385,-0.01442493,-0.010663079,-0.018865468,0.05597869,-0.00880975,0.010844166,-0.003436203,0.012911872,-0.003622157,-0.008287781,-0.016739279,0.10737712,0.0018245133,0.06795928,-0.013511349,-0.006158666,0.008702077,0.023615504,-0.00020098948,-0.0062734657,0.025010612
LINC02345,-0.0015723334,-0.008210744,-0.0099221505,-0.014146799,-0.021899913,0.26949316,-0.0072697243,-0.022655342,-0.0016809732,-0.019989077,-0.011025023,-0.018086784,-0.0018414983,-0.009083832,-0.016263792,-0.0015946536,-0.0030090364,-0.0016809718,-0.008933588,-0.020556659,0.00048766588,-0.0051809954,-0.0032904537,-0.0060438584,-0.006423498,-0.0021596581,-0.0028483937,-0.0032579298,-0.0088410145,-0.0017603934
AC109630.1,-0.0010913116,-0.0056988583,-0.0068867365,-0.010566877,0.053596802,0.014450198,-0.0019220635,-0.016243834,-0.0011667174,-0.013836387,-0.0076523325,-0.011224752,-0.0012781591,-0.0063048135,-0.013139839,-0.0011068125,-0.0020885395,-0.0011667185,-0.006200629,-0.016335733,-0.002585783,-0.0035960516,-0.0022838304,-0.005568424,-0.005781276,-0.0014989688,0.037178718,-0.0022612794,-0.007207221,-0.0034195706
THBS1,-0.0074508176,-0.029001614,-0.037965786,-0.062991746,0.4056935,-0.036837455,-0.02789228,-0.106696114,-0.0062755677,-0.09773264,-0.045711547,-0.07849103,-0.0033666824,-0.042955227,-0.07714329,-0.000512448,-0.013862856,-0.00806228,-0.039377663,-0.07750717,-0.0069800164,-0.017215222,-0.012628153,0.118162416,-0.040613383,-0.008864807,0.004372231,-0.016317947,-0.041268904,-0.016782353
BUB1B,0.018885259,2.849076e-06,0.015224874,-0.004750631,-0.021114599,-0.008308497,-0.007041083,-0.018043354,0.19931144,-0.011038933,-0.003175071,-0.0098990705,0.11193425,-0.008798048,-0.007316133,-0.0015444991,0.007772267,-0.0016280998,-0.0086525725,-0.012035049,0.27820453,0.0012389662,0.08965987,-0.0077704517,-0.00020848721,0.005333751,0.0053157452,-0.0031555195,-0.006873452,0.041111995
AC013356.3,-0.00022488789,0.012232027,-0.0014191443,-0.0021774713,0.0015534912,-0.0019505342,-0.0010397821,0.0018457741,-0.00024042673,-0.0030873208,-0.0015768677,0.003841722,-0.00026339164,-0.0012992322,0.003474074,-0.0002280737,-0.00043037246,-0.00024042692,-0.0012777537,-0.0033662922,-0.00053284905,-0.00074102916,-0.0004706284,-0.0011474823,-0.001191345,-0.00030889633,-0.0012080966,-0.0004659681,-0.0014851758,-0.0007046681
KNL1,-0.0028748666,0.046693135,0.026183853,0.03359433,0.0015235343,0.02074889,-0.0072731734,-0.038643863,0.15634646,-0.030666592,-0.015331856,-0.025926584,0.090502195,-0.01273559,-0.016333345,-0.002915706,0.0058774212,-0.0030735054,-0.014364728,-0.018646995,0.2269049,-0.0010900798,0.09814453,-0.0058597317,-0.007825912,-1.362058e-05,0.0040667136,0.028625764,-0.010460625,0.008551273
NUSAP1,0.023101352,0.0017545688,0.0056086103,-0.005248675,0.05730371,0.012445058,-0.008248228,-0.042755682,0.13074262,-0.03191167,-0.016784362,-0.036032256,0.10396247,-0.016463669,-0.016659595,-0.00032630155,0.014722979,0.006884552,-0.020924017,-0.03172179,0.2029632,-0.0060877334,0.075465985,-0.0143722035,-0.015390146,0.025168953,0.048151463,0.004885869,-0.0069861966,0.033671543
EPB42,-0.0003895542,0.005707374,-0.0024582373,-0.0037718785,-0.009970868,0.0014025796,-0.0018011098,-0.0057983077,-0.0004164614,-0.0053478843,-0.0027315235,-0.004481009,-0.00045623488,-0.0022505396,-0.004690336,0.58911353,0.02010838,-0.00041646158,-0.0022133153,-0.005831145,-0.0009230053,-0.0012836206,-0.0008152111,-0.0019876668,-0.0020636574,-0.00053505925,-0.0020926795,-0.00080717215,-0.002572643,-0.001220609
MAP1A,0.05190067,-0.013852016,-0.013607135,-0.024078162,-0.043905217,-0.018224683,-0.012006629,-0.03096024,0.0020293794,0.007943513,-0.005571185,-0.020595837,0.0012984072,-0.002962872,-0.024546206,-0.0028972568,0.120581016,0.002056716,-0.012294515,-0.033680532,-0.002134749,-0.0044045877,-0.005978234,0.22532706,-0.015133217,3.4754805e-05,-0.012259336,-0.005919229,-0.018014671,0.53850675
C15orf48,-0.0076291063,-0.030337213,-0.029168257,-0.053384863,0.36850363,0.010030561,-0.02615935,-0.091506235,-0.0043199016,-0.0850502,-0.042562287,-0.073289104,-0.007199572,-0.038468342,-0.06743689,-0.005714336,-0.013517219,-0.0061522285,-0.037946135,-0.08358256,-0.010047932,-0.019201558,-0.011002673,-0.022174107,-0.03668942,0.0019317908,0.05923912,-0.015807785,-0.032293938,-0.014523734
DUT,0.010017718,-0.0023548228,0.029254207,-0.026543384,-0.035062574,0.026751267,0.0013479885,0.008707804,0.044425894,0.04974222,0.017186245,-0.018112801,0.044379964,0.017091254,0.00087104185,-0.008735412,0.037457727,-0.008098016,0.0016352839,-0.041312285,0.08443541,0.0058224746,0.011510424,-0.07378088,-0.022422884,0.018397432,0.052409776,-0.005549098,-0.0022305003,0.029424371
HDC,-0.00054327736,-0.0028369937,-0.0034283123,-0.005260309,0.0042545055,0.0021437062,0.0037412404,-0.0016340395,-0.0005808066,-0.0028692083,0.0045593977,-0.0062494436,-0.0006362847,0.0018966686,-0.0039813346,-0.00055099186,0.11863947,-0.00058080634,-0.0030866957,-0.0038494417,-0.001287238,-0.0017901519,-0.001136929,0.00290975,-0.0028780575,-0.0007462057,-0.0029184844,-0.0011257001,-0.0035878895,-0.0017023053
DMXL2,-0.011150314,-0.06433031,-0.07908501,-0.12561026,0.76612484,0.17116687,-0.06173382,-0.19110312,-0.01315455,-0.17559588,-0.08921526,-0.14633995,-0.015011476,-0.074102156,-0.15316662,-0.005668502,-0.019237364,-0.015350253,-0.07494721,-0.18824449,-0.030326877,-0.041998617,-0.025899224,-0.055137474,-0.06966823,-0.017425315,-0.012912015,-0.0271807,-0.08139817,0.0051281014
UNC13C,-0.00038955495,-0.0020342416,-0.0024582504,0.00055253424,-0.0015300149,0.006181606,-0.0018011113,-0.005798331,-0.00041646123,-0.005347909,-0.0027315235,0.0066568768,-0.00045623438,-0.0022505256,-0.0046903426,-0.0003950767,-0.0007455022,-0.00041646138,-0.0022133063,0.0031261775,-0.0009230051,-0.0012836282,0.05641479,-0.001987668,-0.0020636576,-0.00053506583,0.005437474,0.018465113,-0.0025726552,-0.0012206141
TEX9,0.00309565,0.038115446,0.48482153,-0.0039361445,-0.05619786,-0.019135581,-0.009860342,-0.028990256,0.0025379919,-0.028452573,-0.014560164,-0.018394863,-0.0031480433,-0.0062757796,-0.028153464,-0.0027260166,0.022143139,0.0026505063,-0.010005795,-0.034956668,-0.006368639,-0.0052975947,0.099809,0.0027196847,-0.010849761,0.00472526,-0.008973731,-0.005569447,-0.013211449,-0.006567361
LINC00926,-0.007139644,0.30726352,0.3787483,0.6218851,-0.1354448,-0.048491996,-0.027424272,-0.0919207,-0.0056044315,-0.08331226,-0.04347176,-0.068277396,-0.006463925,-0.03482663,-0.07053793,-0.00724113,-0.004342614,-0.0055656517,-0.034780204,-0.08558618,-0.012972673,-0.019361043,-0.0066264877,-0.028602928,-0.03207794,-0.006647511,-0.02396712,-0.014793752,-0.042198032,-0.01741291
CGNL1,-0.00020528914,-0.0010720283,-0.0012954859,0.022620859,-0.0012507751,-0.0017806188,-0.0009491692,-0.0030556454,-0.00021947472,0.0032500857,-0.0014394664,-0.0023614704,-0.00024043024,-0.001186036,-0.0024718037,-0.00020820904,-0.00039287438,-0.00021947513,-0.0011663882,-0.0030730166,-0.00048642332,-0.0006764425,-0.00042962265,-0.0010474803,-0.0010875101,-0.00028197988,-0.0011028185,-0.00042537856,-0.0013557868,-0.0006432718
GCOM1,-0.0012938076,-0.0020830156,-0.0062176753,0.018788783,-0.014035054,0.014700629,-0.0059819156,-0.00025673528,-0.0013832016,-0.013897121,-0.009071987,-0.013763973,-0.0015153132,-0.0074746716,-0.0134234205,-0.0013121718,-0.0024760368,-0.0013831996,-0.0051967194,-0.019366655,-0.0030655547,-0.004263191,-0.0027075754,0.20408627,-0.004548341,0.024441639,-0.004682383,0.0031344546,-0.008544508,-0.0040539894
MYZAP,-0.0018556837,0.016440855,-0.00082652655,0.04229636,-0.019530255,0.022099163,-0.008579714,0.0052964124,0.005841875,-0.01602387,-0.013011791,-0.01899584,-0.0021733593,-0.009236942,-0.021588003,-0.0018820235,0.0008586972,-0.0019838684,-0.010543436,-0.025885988,-0.0043968013,-0.0061146794,-0.003883398,0.20375234,-0.0017663117,0.021853352,-0.0068042763,-0.0038450547,-0.010951467,-0.0058145192
AQP9,-0.008893131,-0.041234124,-0.05206853,-0.07778463,0.53689384,0.049593695,-0.039318673,-0.12489914,-0.009507678,-0.115147345,-0.05841048,-0.09655963,-0.010415773,-0.048634507,-0.099062614,-0.0038338846,-0.017019592,-0.007599449,-0.048005886,-0.11973109,-0.019463636,-0.02690229,-0.016118793,-0.034513004,-0.045190316,-0.010951519,-0.040751316,-0.018427212,-0.05313866,-0.024904767
CCNB2,0.01861694,-0.008068193,-0.0064831544,-0.0028937662,-0.018197654,-0.0025210774,-0.0049321633,-0.015395696,0.31006354,-0.009052653,-0.0063980464,-0.01025139,0.1188747,-0.0053715664,-0.013168701,-0.0015669795,0.023395877,-0.0016517855,-0.006966371,-0.011761364,0.1715229,0.004154387,0.11246616,-0.0058703804,-0.006249194,0.005206328,0.04685547,0.0065478845,-0.008637496,0.0016142601
ANXA2,0.03420071,-0.045480352,-0.012183689,-0.1637667,0.5631966,0.22113584,0.0030559904,-0.30856282,0.018868085,-0.121848695,-0.04243881,-0.24174556,0.0138748875,-0.063007124,-0.041467298,-0.014951077,-0.03594938,-0.016754206,-0.04626974,-0.052430555,0.009934202,-0.05291981,0.01642771,-0.073320255,-0.07291548,0.027645448,0.16461031,-0.0064041032,-0.04736672,-0.02703613
RORA,-0.0146230655,-0.06665903,-0.07149999,-0.14298034,-0.40177143,-0.13538244,0.117990896,-0.019858427,0.027960947,0.22244981,0.14614946,0.01574086,0.021862397,0.055720687,0.17090082,-0.008196616,-0.0285001,0.0031199665,0.16834024,0.26231217,0.043853782,0.002120829,-0.017687047,-0.066420645,0.027250791,-0.019821547,-0.08190226,0.0022889832,0.10095224,-0.03886341
C2CD4B,-0.00052751857,-0.0027546335,-0.0033288621,-0.005107777,0.005201032,0.01660887,-0.0024390137,-0.003421386,-0.0005639556,0.009298199,0.00060990406,-0.0033271678,-0.0006178278,-0.003047607,-0.006351477,-0.0005350033,-0.0010095361,-0.00056395394,0.01281675,-0.007896322,-0.0012499014,-0.0017382527,-0.0011039271,-0.0026916235,0.0028442182,-0.0007245651,-0.002833869,-0.001093043,-0.003483828,-0.0016529212
TPM1,0.00082702696,-0.024880681,-0.026109459,-0.057590988,0.055046562,0.0962388,-0.009831951,-0.05302363,0.00091879064,-0.030950261,-0.021918055,-0.04352104,-0.0017199636,-0.013055023,-0.026876759,-0.0050865337,0.055879064,-0.0071370234,-0.019400772,-0.011460492,-0.00068241364,-0.016891284,-0.0032631825,0.2176687,-0.013834107,0.028977836,0.08664773,-0.007417575,-0.022508971,-0.00792624
LACTB,0.0013044404,-0.03202443,-0.03531981,-0.07387339,0.4989257,0.16325632,-0.037661307,-0.15660025,-0.009588565,-0.1295877,-0.06667948,-0.11456703,-0.00910097,-0.057351448,-0.111953974,-0.0067280596,-0.0067606354,-0.00395898,-0.05333368,-0.12759322,-0.020686993,-0.020225754,0.0037949076,-0.06036711,-0.056842156,0.0131986085,0.12106502,-0.019252235,-0.061006,-0.019968748
SNX22,-0.0011498764,0.14763504,0.2523382,0.43082565,-0.09725033,-0.028427405,-0.017249996,-0.062083684,-0.0016950247,-0.052247595,-0.02218133,-0.045304008,-0.0024313696,-0.023266926,-0.047638807,-0.0046274504,-0.005158977,-0.0015687686,-0.023983778,-0.05498428,-0.009323426,-0.012895271,0.019797191,-0.021146461,-0.023486685,0.058727857,-0.017401943,-0.009454153,-0.025209695,-0.007723827
PPIB,0.026841095,-0.049874827,-0.052016415,-0.10990826,-0.02257049,-0.034918077,0.035406496,-0.12625886,0.018230338,0.031798884,0.02720726,-0.104899526,0.026424939,0.023163047,0.08610048,-0.021107156,-0.0046581724,0.0082214335,0.054134734,0.17909767,0.036727585,0.0160652,0.08423747,-0.11601333,-0.02493594,0.03439043,0.06245151,-0.005106808,0.034598704,0.10753059
PCLAF,0.017211743,-0.004070417,0.006321474,-0.010163025,-0.034545675,-0.0027767012,-0.0040247794,-0.020127513,0.17699464,-0.0037753992,-0.008720798,-0.014249935,0.16485351,-0.006853015,-0.006012441,-0.0031131268,0.06363357,-0.0032816431,-0.009140573,-0.016188454,0.32473925,0.011894404,0.120944776,-0.010483455,-0.0044332575,0.025291298,0.027751872,0.028569534,-0.0082982415,-0.004707827
OAZ2,0.009688176,-0.029389953,-0.04568872,-0.051806275,0.4116545,0.2054788,-0.035645258,-0.12657371,0.0053285384,-0.1215505,-0.06258168,-0.09599242,0.0011621237,-0.049399305,-0.09856319,-0.004436108,0.011094554,-0.012326936,-0.051395606,-0.10239438,-0.0077218586,-0.024818271,0.0005880729,-0.059231628,-0.050313953,0.0233103,0.048600297,-0.014674534,-0.05549193,0.0048607537
AC055855.2,-9.180612e-05,-0.0004794056,-0.0005793358,0.017452285,-0.0023498225,-0.00079628703,-0.00042447197,-0.0013665187,-9.815049e-05,-0.001260369,-0.0006437369,-0.0010560652,-0.000107523585,-0.00053038116,-0.0011053559,-9.31094e-05,-0.00017568996,-9.8150434e-05,-0.0005216305,-0.0013742478,-0.00021752382,-0.00030250705,-0.00019212299,-0.00046843113,-0.00048634585,-0.00012609921,-0.0004931826,-0.00019022761,-0.0006063008,-0.0002876616
LINC02206,0.044949282,-0.003556887,-0.0042983224,-0.006595177,-0.01260122,-0.005907813,-0.0031492268,-0.010138426,-0.00072819734,-0.009350881,-0.0047760415,-0.007835151,-0.0007977543,-0.0039351583,-0.00820104,-0.00069081195,-0.0013035245,-0.0007281972,-0.0038699969,-0.01019572,-0.0016138991,-0.0022444103,-0.0014254281,0.001059177,-0.0036082962,0.39776006,0.09977146,-0.00141134,-0.0044983528,-0.002134271
KIF23,0.0038522503,-0.010409549,-0.014547092,-0.02042737,0.111677215,0.0066954466,-0.011405045,-0.03430992,0.14022496,-0.029253574,-0.016363146,-0.026592618,0.046031117,-0.014251159,-0.025682861,-0.0025017713,-0.0013825732,-0.0026371954,-0.012871244,-0.032127596,0.124083444,-0.008128305,0.043253403,-0.0125866085,-0.011835847,0.01958674,-0.0049011973,-0.00511128,-0.0143104475,-0.0077293925
UACA,-0.004317379,-0.013781465,0.00062700675,0.05280088,0.14966504,0.07228175,-0.018314753,-0.054301918,-0.004615663,-0.051084697,-0.0291805,-0.038815677,-0.0018374501,-0.02362041,-0.049285624,-0.004378634,0.007241433,-0.0046156324,-0.024530105,-0.048159216,-0.0039071334,-0.010744208,-0.0073145186,-0.00995512,-0.022871485,-0.005930106,0.029314047,-0.008945798,-0.027324017,-0.013528099
SCAMP5,0.07745377,-0.00067378744,0.0016847512,-0.0152129065,-0.019617746,0.0026343765,-0.008177058,-0.022333194,-0.0018907692,-0.022866212,-0.011105772,-0.013761283,0.005440722,-0.010217584,-0.014951793,-0.0017936744,-0.0033846244,-0.0018907748,-0.010048615,-0.022494964,-0.00419046,-0.0058276188,0.042556636,-0.009024162,-0.0076689334,-0.0024292571,-0.007841441,-0.003664551,-0.007561364,0.6289698
CIB2,0.06701022,0.0058200625,0.0026996955,-0.005736441,-0.055541594,0.0077133337,-0.0050964416,-0.0059699127,0.0069040568,-0.0067337137,-0.0052323057,0.008570347,0.010380331,0.00044093627,-0.00713322,-0.0029476609,0.039520133,-0.003107227,-0.011634759,-0.024298567,0.013732643,-0.007910599,0.001593319,-0.009388081,0.002393058,0.08968365,0.025887616,0.0017856862,-0.007401097,0.3979302
CTSH,0.033348206,0.052018814,0.058887914,-0.013983665,0.65133816,0.1577768,-0.056925457,-0.23330107,-0.0044534123,-0.1372707,-0.08041997,-0.1826986,-0.014609376,-0.08613384,-0.17411843,-0.011150271,-0.029008068,-0.013786287,-0.049064483,-0.22731517,-0.031981375,-0.051567037,0.042988252,-0.06869519,-0.08223956,0.018195162,0.18325724,-0.030651681,-0.09861003,-0.028668338
BCL2A1,-0.0064964155,-0.0067744497,-0.008346139,-0.09232281,0.5206892,0.25812468,-0.04725729,-0.15244222,-0.010625765,-0.12821014,-0.06245442,-0.12165947,-0.013208421,-0.048002947,-0.113399066,-0.011444416,-0.01995792,-0.012223744,-0.06709787,-0.16455285,-0.02440531,-0.03176075,-0.020319343,-0.055196643,-0.055357613,0.013843269,0.0004835991,-0.02122779,-0.058149505,-0.032128703
ISG20,-0.012012669,0.0839754,0.08543158,0.19727914,-0.4346432,-0.094139166,0.02217835,0.044468004,0.009417941,0.13191308,0.07000762,0.100670576,0.0001674584,0.06392589,0.07578959,-0.010399867,-0.030694645,-0.0032589685,0.055149186,0.063892126,-0.005356478,0.026858892,0.07645928,-0.07476476,0.05986882,-0.013117104,-0.07588134,0.046833888,0.04049632,-0.027696395
FANCI,0.009013733,-0.0017624842,-0.0024749879,-0.017011669,-0.015539731,0.02612883,-0.0075605237,-0.022017024,0.1285116,-0.00879133,-0.008817881,-0.017168388,0.08022729,-0.006057567,-0.0031742498,0.0004189556,0.015107972,-0.0039483057,-0.010865274,0.022663057,0.21225458,-0.00025706636,0.040782154,-0.012766262,-0.011221105,0.004164981,0.005731181,-0.0034638888,-0.006900004,0.0170803
ANPEP,-0.00745744,-0.05108436,-0.06248851,-0.09203311,0.6143097,0.06976534,-0.04542411,-0.15016003,-0.011244374,-0.13687664,-0.07116903,-0.11650403,-0.011027397,-0.05673701,-0.11982045,-0.0056605665,0.0023230368,-0.009344037,-0.055209264,-0.14769575,-0.02349626,-0.03357514,-0.018504739,-0.046154898,-0.052860156,0.043294676,0.029363846,-0.020833109,-0.06510086,-0.030414246
NR2F2,-0.000723234,-0.0037766604,-0.0045638713,-0.007002625,-0.015102058,-0.001123695,-0.0033438245,-0.010765047,-0.0007731956,-0.004757961,-0.005071217,-0.0063200556,-0.0008470351,-0.0041782553,-0.0067826677,-0.0007334946,-0.0013840803,-0.00077319535,-0.004109104,0.071242586,0.00738084,-0.0023831301,-0.0015135052,-0.0036902456,-0.0038312615,-0.0009933702,-0.0038851593,-0.0014985629,-0.004776283,-0.0022661288
SELENOS,0.017288357,-0.034246165,-0.048182297,-0.09378685,0.12569487,0.0994829,0.009657277,-0.13791054,0.009468934,-0.04884211,-0.0040032486,-0.10191088,0.010380502,-0.0027325668,0.056168832,-0.00950495,-0.0012677714,0.0029733141,0.0038348841,0.05598489,0.009168485,0.019442854,0.08400662,-0.07206211,-0.05353734,0.0031853172,0.021735977,-0.013885032,0.018592704,0.13270171
HBM,-0.0007685082,-0.0040131896,0.0016954469,-0.0030549816,-0.012179766,0.0006077405,-0.003553261,-0.0053539677,-0.0008216025,0.00243297,-0.005388795,-0.008840337,-0.0009000877,-0.0044399337,-0.009253177,0.61731064,0.019697795,-0.00082160614,-0.004366531,-0.00090361503,-0.0018209174,-0.0025323592,-0.0016082815,9.40643e-05,-0.00019807044,-0.0010555998,-0.0041285004,-0.0015924072,-0.0019443505,0.004071176
HBA2,0.0023005016,-0.0062667783,-0.014676487,-0.008165157,-0.025584575,-0.0029746492,0.0025753046,-0.0060874987,-0.0010256738,0.0017881823,-0.0052898037,-0.002840463,0.009904349,0.003538998,-0.00056181883,0.084143244,0.014989026,0.0043140445,-0.0023532931,0.059032332,9.19344e-05,-0.0046731257,-0.0035527505,-0.012655369,0.010067767,0.0004465136,-0.0054089674,0.0059952997,-0.006859963,-0.0022224803
HBA1,-9.9776025e-06,-0.012740127,-0.01824856,-0.021730082,-0.05132691,-0.0033794593,-0.010938341,-0.018790504,-0.007315067,-0.010180737,-0.011410001,-0.009179452,4.575226e-05,-0.0068289638,-0.001970963,0.087216794,0.01277668,-0.00027726922,0.002482135,0.12881193,0.010814213,-0.0060682455,0.0052228104,0.056403745,0.0034562764,-0.002787767,-0.009823504,0.005149438,-0.0058698272,-0.010829399
MSLN,0.022801591,-0.0034584857,-0.0041794013,-0.0064126216,-0.0107423095,0.025204904,-0.0030621095,-0.009857794,-0.0007080395,-0.009092226,-0.0046439287,-0.007618382,-0.00077566056,-0.003826126,-0.007973996,-0.0006716853,-0.0012674552,-0.00070804026,-0.00376291,-0.009913615,-0.0015692281,-0.0021823228,-0.0013859788,-0.0033792749,-0.0035084814,-0.00090967625,0.15157534,-0.0013722671,-0.0043738424,-0.002075208
AC120498.8,-9.1806134e-05,-0.00047940866,-0.0005793385,-0.00088892103,-0.002349828,-0.0007962815,-0.0004244695,0.01135316,-9.8149736e-05,-0.0012603614,-0.0006437383,-0.0010560604,-0.00010752291,-0.00053038384,-0.0011053629,-9.310978e-05,-0.00017569141,-9.814965e-05,-0.000521624,-0.0013742365,-0.00021752386,-0.00030250964,-0.00019212288,-0.00046843293,-0.0004863443,-0.00012609958,-0.00049318356,-0.00019022758,-0.0006063014,-0.00028766337
TPSB2,-0.00048588827,-0.0025373674,-0.0030662178,-0.0047047054,-0.00566794,-0.00038202317,-0.0022465612,-0.0048275534,-0.0005194551,-0.006670624,-0.0034070548,-0.005589288,-0.000569077,-0.0028071746,-0.0058503095,-0.0004927857,0.3001021,0.029384647,-0.0027606897,-0.0072733783,-0.0011512703,-0.001601079,-0.0010168231,0.0038713147,-0.002573986,-0.00066739775,0.0034265097,-0.001006788,-0.0032089257,0.008725251
TPSAB1,-0.00048589936,-0.00253734,-0.0030662077,-0.0012372428,-0.010744725,-0.0042143837,-0.002246538,-0.0072324052,-0.00051946397,-0.0066705784,-0.0034070676,-0.0055892523,-0.0005690745,-0.0028071569,-0.0058502965,-0.00049279124,0.40044627,0.029382782,0.002960375,-0.0072732368,-0.0011512912,-0.001601061,-0.0010168484,-0.0024792627,-0.0025740578,-0.0006673942,-0.0026101905,-0.0010068077,-0.0032089297,-0.0015225217
TPSD1,NaN,NaN,NaN,NaN,NaN,NaN,NaN,NaN,NaN,NaN,NaN,NaN,NaN,NaN,NaN,NaN,NaN,NaN,NaN,NaN,NaN,NaN,NaN,NaN,NaN,NaN,NaN,NaN,NaN,NaN
NPW,-0.000734802,0.012596817,-0.0046370104,-0.004820135,-0.0031347072,0.006305044,0.001229055,-0.010937406,-0.00078557077,-0.0049933195,-0.0051524513,-0.008452546,-0.0008606045,-0.00051746366,-0.008847302,-0.0007452403,0.18671799,-0.0007855708,-0.0041749734,-0.009414352,-0.0017410426,-0.002421276,-0.0015377362,0.00045500137,-0.0038926273,-0.0010092928,0.059955597,-0.0015225526,-0.004852757,-0.0023024632
AC141586.2,-0.0009853897,0.0009859496,-0.0036650216,-0.007828016,0.025741952,0.017944433,-0.0045559364,-0.0075381384,-0.0010534634,-0.009726207,-0.002286337,-0.00692463,-0.0011540675,-0.005692831,-0.007619698,-0.0009993747,-0.001885762,-0.0010534644,-0.0027755937,-0.008834854,-0.0023347714,0.0015677193,-0.0020621107,-0.0018961114,-0.005220103,0.01012162,0.012577245,-0.0020417597,-0.0040583783,0.012077205
PKMYT1,-0.001133198,-0.0059175086,-0.004930224,-0.010972189,-0.0086582275,-0.0065374263,-0.0052392893,-0.014801004,0.28102842,-0.013355236,-0.0059331344,-0.011754843,0.11588798,-0.006546727,-0.0074930657,-0.001149272,-0.002168624,-0.0012114893,-0.006438495,-0.012843153,0.3519345,-0.0037339535,0.05668654,-0.0003146923,-0.00600304,-0.001556486,-0.0034974092,-0.0023480302,-0.005356452,-0.0035507102
IL32,-0.020193262,-0.09397834,-0.1187965,-0.1705022,-0.5151793,-0.18124494,0.14494921,0.07541162,0.02614743,0.26161546,0.18524116,0.10976793,0.037208032,0.123592116,0.33387613,-0.011279049,-0.04133121,0.020417543,0.13665855,0.08290603,0.003151819,-0.009037775,-0.042145193,-0.041696873,0.0842349,-0.030547198,-0.112522565,0.030967792,0.15848397,-0.061203595
AC108134.2,0.007781566,-0.011677748,-0.016185036,-0.0298823,0.0707602,-0.00238007,-0.010512478,-0.009308256,-0.005281575,-0.01728067,-0.009065976,0.00697337,-0.005786076,-0.013488719,-0.021203082,-0.005010428,0.02579958,0.00085406844,-0.008386972,-0.01617837,-0.0020368688,0.0030102513,-0.010338698,-0.022501847,-0.008304308,0.009369975,0.04148753,-0.0070832693,-0.015157724,0.0263519
MEFV,-0.0062983683,-0.049584728,-0.05938449,-0.09100326,0.54204243,0.15494013,-0.044486947,-0.14392866,-0.00922677,-0.13193673,-0.06583943,-0.11096179,-0.010318099,-0.055644717,-0.114956744,-0.005126337,-0.018103866,-0.010668368,-0.05564679,-0.14122075,-0.023644138,-0.03172823,-0.020883093,-0.0443934,-0.0516846,-0.012480292,0.08732548,-0.020676669,-0.06230766,-0.030158984
CIITA,0.030240709,0.10626789,0.12120613,0.20008591,0.33171418,0.038182873,-0.050736766,-0.15999442,-0.008495218,-0.14552794,-0.073322386,-0.12630963,-0.0096966475,-0.06219021,-0.11816803,-0.008907082,0.0034501005,-0.010692531,-0.061786693,-0.1535485,-0.015032041,-0.028013501,-0.020977546,-0.04932774,-0.053986803,0.06013431,0.23796639,-0.020612983,-0.06591848,0.0656868
SNN,0.00428555,0.022386706,-0.008197026,-0.042760376,0.34676877,0.20480493,-0.05242218,-0.10883049,-0.0026049854,-0.10613188,-0.05664482,-0.07012751,-0.01439822,-0.04248341,-0.11545893,-0.0067383363,-0.019926187,-0.009816298,-0.049898643,-0.16286507,-0.026651347,-0.034578484,-0.021396872,0.15054978,-0.04134648,-0.004562166,0.06153053,-0.011357621,-0.05424231,0.0029639266
TNFRSF17,-0.002442199,0.047034033,0.09763438,0.10040343,-0.048294365,-0.015833298,-0.0084845275,-0.029100893,-0.0026109254,-0.028383555,-0.01431736,-0.020324858,-0.0028602935,-0.012980665,-0.024210015,-0.0024768356,-0.0013376015,0.0033966112,-0.012722008,-0.025464997,-0.0057864855,-0.006091636,0.45945412,-0.008624211,-0.009232885,-0.0033544332,-0.011918247,0.001170458,-0.01513181,0.14814842
CPPED1,0.015238553,-0.058448166,-0.07108335,-0.12668188,0.6766104,0.28894308,-0.055198893,-0.2046872,-0.004235246,-0.17945677,-0.09119427,-0.15750326,-0.0058509274,-0.07822729,-0.144787,-0.0088992445,-0.0017220179,-0.013817619,-0.07583532,-0.1831484,-0.02632491,-0.042231955,-0.015233865,-0.05801828,-0.07427117,0.015611662,0.12728634,-0.027033482,-0.07977247,-0.0048816656
NPIPA2,-0.00058803364,-0.0030706704,0.0005624127,-0.0028270127,-0.012253789,-0.005100245,-0.0027187758,-0.0067644813,-0.00062865013,-0.0017112531,0.007478526,-0.006764116,-0.000688694,0.0012571961,-0.0047138208,-0.000596375,-0.0011253429,-0.0006286512,-0.003340998,-0.0048431554,-0.0013932701,-0.0019376196,0.31482652,-0.0030003863,-0.0031150922,-0.0008076836,0.0018315269,-0.0012184231,-0.0038834503,-0.0018425485
AC130456.3,-0.00041063037,-0.0021443109,-0.0025912519,-0.003975933,-0.006505902,0.005508829,-0.0018985526,-0.003266878,-0.00043900698,-0.005637321,-0.0028792825,-0.004723499,-0.0004809299,-0.0023723114,-0.004944102,0.40969694,-0.00078583957,-0.00043900672,-0.002333074,-0.00048138585,-0.000972946,-0.0013530761,-0.0008593284,-0.0020952264,-0.0021753162,-0.000564021,0.004938041,-0.0008508513,-0.00271186,0.010836948
CRYM,0.029083157,0.00047223803,-0.0040699453,0.026016122,-0.020817827,-0.008946824,-0.0014710614,-0.013085676,-0.0011027866,-0.012951131,-0.0072329245,-0.011865617,-0.0012081201,-0.0059593753,-0.011068651,-0.001046157,0.06107822,-0.0011027834,-0.005860831,-0.014310211,-0.0024440992,0.0012030321,-0.0021586786,0.045726378,-0.0054645087,-0.0014168443,-0.0055413605,-0.002137387,-0.0044745915,0.2819027
IGSF6,0.018896924,-0.0687307,-0.085261576,-0.13285507,0.7367923,0.26868334,-0.06269556,-0.20760182,-0.013514954,-0.19107796,-0.09659358,-0.16272631,-0.016344517,-0.081278674,-0.16269642,-0.007796196,-0.025652416,-0.016424404,-0.07987223,-0.2021863,-0.0297335,-0.045206152,-0.027945764,-0.05912106,-0.07487357,-0.01688163,0.1793923,-0.030285615,-0.09056173,-0.0052958736
PLK1,-0.001556029,-0.002298395,-0.0017237609,0.007793237,-0.0048634694,0.002082047,-0.0027988038,-0.009581172,0.16703291,-0.0060730884,-0.0050419653,-0.008570195,0.07523554,-0.007228554,0.0010404739,-0.0015781145,-0.00297786,-0.0016635117,0.00014330317,-0.0074980217,0.06416073,-0.0051272972,0.054245636,-0.005940667,-0.0024675447,0.026933918,-0.0064706667,0.001619629,0.00060625403,0.007949294
IL4R,-0.004091304,-0.021265477,-0.01720868,0.32346174,0.07802017,-0.04503482,-0.024336167,0.018078761,-0.0020237889,-0.014932367,-0.030955728,-0.055449888,-0.007180039,0.0036128976,-0.06551138,-0.010924289,-0.012566123,0.008428347,-0.040172152,-0.09368452,-0.008282733,0.008342714,-0.02207252,-0.05397841,-0.032898128,-0.010693095,-0.0011081746,-0.008721117,-0.037453923,-0.0034842605
SULT1A1,-0.0063302936,-0.063912116,-0.06728757,-0.12109368,0.6055606,0.15945153,-0.05075043,-0.1400961,-0.0011333238,-0.14056164,-0.07358232,-0.10046907,-0.009542378,-0.059187084,-0.12909089,-0.00457573,0.0068945126,-0.005915352,-0.0631873,-0.1683666,-0.022832112,-0.03156649,-0.012246214,-0.05103317,-0.051355436,-0.0024933012,0.039128475,-0.019487973,-0.06812736,-0.03164547
CD19,-0.0043089823,0.2796747,0.21714343,0.386462,-0.09719571,-0.025203621,-0.019922791,-0.05825921,-0.0012375822,-0.05709665,-0.028575182,-0.04749454,-0.005046755,-0.02489405,-0.04815999,-0.0043701325,-0.008246406,-0.004606749,-0.023155844,-0.057772417,-0.010209756,-0.013077453,0.09153735,-0.019770222,-0.020656614,-0.0006694203,-0.016992427,-0.008928463,-0.02728438,-0.010017984
PYCARD,0.027264224,-0.042859167,-0.049252905,-0.1303412,0.6040609,0.26114926,-0.04594799,-0.2267258,-0.0015523146,-0.17672528,-0.09152176,-0.17510328,0.0045267283,-0.07288446,-0.10796423,-0.013070744,-0.0005197813,-0.017801056,-0.082748644,-0.091347925,-0.012445165,-0.020616293,-0.0043716757,-0.0816195,-0.078279875,0.03533001,0.116464466,-0.02098288,-0.07178701,0.045875605
PYDC1,-0.00022488789,-0.0011743577,0.00974932,-0.0021774685,-0.0021012593,-0.0019505315,-0.0010397842,-0.0033473733,-0.00024042705,0.0024524138,-0.0015768635,-0.0025868975,-0.0002633919,-0.0012992328,0.0034740577,-0.0002280734,-0.00043037158,-0.00024042721,-0.0012777548,0.0018036471,-0.0005328496,-0.00074102916,-0.0004706296,-0.0011474839,-0.0011913453,-0.00030889644,-0.0012080964,-0.00046596714,0.009209605,-0.00070466916
ITGAM,-0.013325532,-0.053628795,-0.04074376,-0.12593886,0.50270826,-0.03730285,-0.002933692,-0.20233071,-0.013418822,-0.1806307,-0.088838,-0.15435387,-0.004402411,-0.07449085,-0.04755598,-0.0046687024,-0.022907753,-0.0021900109,-0.06712161,0.14846173,0.020035569,0.054448523,-0.028638221,-0.042193364,-0.070557974,-0.019026946,-0.017798109,-0.028465843,-0.018792521,-0.042065695
ITGAX,0.003859685,-0.03846407,-0.0621912,-0.12771322,0.4958698,0.2422276,-0.059173144,-0.1974077,-0.013556741,-0.18492709,-0.0928237,-0.1535409,-0.015697975,-0.07646141,-0.1348079,-0.010109787,-0.023477605,-0.0012489151,-0.07534775,0.036220055,0.0010888814,0.06458757,-0.026813399,-0.059749626,-0.07033092,0.017188247,0.15771694,-0.02851332,-0.05365116,-0.039892204
ITGAD,-0.00074053166,0.00020425758,-0.00467313,-0.0071702767,-0.016734354,-0.0064229965,-0.0034238289,-0.011022628,-0.0007916807,-0.008483139,-0.005192584,-0.008518458,0.017052345,-0.0042782556,0.01175227,-0.0007510353,-0.0014171995,-0.0007916812,-0.0042075035,0.050208192,-0.001754601,0.042373057,-0.001549725,-0.0037785338,-0.0039229733,-0.0010171549,-0.003978136,-0.0015344139,0.004858539,-0.0023204002
AHSP,-0.00072904065,0.0003311533,-0.0011535328,-0.004748143,-0.009638573,-0.0012105095,-0.0033707072,-0.0028349254,-0.00077940855,-0.0048760497,-0.0019947893,-0.0044165337,-0.0008538535,-0.00045741178,-0.0030541338,0.5037636,0.020921554,-0.00077941077,-0.00032916467,-0.0029334552,-0.0017273631,-0.0024022753,-0.0015256626,-0.0037198572,0.0043008765,-0.0010013607,-0.0039164233,-0.0015106038,-0.004814687,0.004543577
SHCBP1,-0.0024439623,-0.0014978605,0.015840266,-0.018067226,0.037333056,0.041069042,-0.008468498,-0.03394787,0.15327938,-0.025266819,-0.014296761,-0.023911294,0.068585105,-0.012981311,-0.025953278,-0.0024786072,0.0053790472,-0.0026128122,-0.013885804,-0.029803474,0.16051848,-0.0041161,0.13620223,-0.009891915,-0.0092307655,0.015172222,0.05078082,-0.0050639897,-0.015136707,0.014954166
ORC6,0.011743212,0.028107053,0.0018188929,0.016734222,-0.00900803,0.030771336,-0.005820014,-0.015756171,0.15038635,-0.018498624,-0.009697645,-0.021024402,0.10300888,-0.006855396,-0.019174857,-0.0032111444,0.012219264,-0.0033849368,-0.014372685,-0.027762182,0.18366511,-0.005838646,0.050158307,-0.013187742,-0.004186779,0.013535256,0.057693478,-0.0041133845,-0.0045319106,0.012423895
IRX3,-0.0008216369,-0.0042906404,-0.005184946,-0.007955642,-0.011025818,-0.007126414,-0.0037988452,-0.010808269,-0.000878405,-0.008245163,-0.00576136,-0.009451499,-0.00096230186,-0.0047468175,-0.008199037,-0.0008332955,-0.0015724163,-0.00087840506,-0.00466831,-0.009467637,-0.001946782,-0.0027073962,-0.0017194558,0.2325823,-0.0043526534,-0.0011285649,-0.0008438856,-0.0017024875,-0.005426221,-0.002574554
IRX6,-0.0002248879,0.05245626,-0.0014191432,0.005311187,-0.0021015962,-0.001950528,-0.0010397875,-0.0033473764,-0.00024042749,-0.0030873127,-0.0015768576,-0.0025868968,-0.00026339234,-0.0012992334,-0.0027077245,-0.00022807268,-0.0004303704,-0.00024042766,-0.0012777561,-0.0033662978,-0.00053284987,-0.00074102916,-0.00047063132,-0.0011474859,-0.001191346,-0.00030889674,-0.0012080959,-0.00046596557,-0.0014851814,-0.0007046707
LPCAT2,0.007423316,-0.05055693,-0.061403234,-0.088110276,0.47338405,0.24955708,-0.042696394,-0.14094053,-0.010650885,-0.13226362,-0.066541225,-0.10935074,-0.011668466,-0.055537272,-0.113773145,-0.0034199695,0.027708923,-0.010650906,-0.055224642,-0.14211705,-0.023605676,-0.029956471,-0.017694023,-0.044916242,-0.052394234,0.03730261,0.1313381,-0.019627562,-0.061364766,-0.022917563
CES1,0.0018024174,-0.034737334,-0.037165664,-0.06246896,0.29869363,-0.048845198,0.018182829,-0.09820157,0.0010498114,-0.08682458,-0.041324217,-0.07606453,0.0106211705,-0.02631135,0.035310753,-0.0027724095,-0.013570742,-0.0075811967,-0.034707166,-0.056073196,-0.006755193,-0.021151096,-0.011637473,-0.03025102,-0.034777787,-0.008124197,0.069408685,-0.01124822,0.007756953,-0.021492943
MT2A,-0.015245157,-0.079051755,-0.10715873,-0.17531563,0.092951715,0.17316662,0.028115682,-0.13338046,0.024048151,-0.07377969,-0.009736784,-0.013509663,0.030463811,-0.012330247,0.10262015,-0.011358236,-0.020584466,-0.015746092,0.042127922,0.09762267,0.051753476,-0.021746159,-0.027533809,-0.07403384,-0.032864742,-0.025678175,-0.0017690399,0.031931665,0.05495248,-0.050433915
MT1E,-0.005802555,-0.026530381,-0.026163219,-0.048154596,-0.019872092,0.03270608,0.06506002,-0.049502153,0.07120336,-0.0045582736,0.001994015,-0.017050408,0.06667188,0.007422644,0.13491005,-0.005884858,-0.006831334,-0.0035173607,0.0039017836,-0.024008855,0.0046133813,-0.01650121,0.011022466,-0.023739552,-0.01411584,-0.0079701105,0.013305754,0.034306448,0.029053966,-0.015583099
MT1M,-0.00040023052,-0.0020900099,-0.0025256248,-0.0038752756,0.0123508,0.024445448,-0.0018504432,-0.0059571783,-0.00042788187,-0.0054945387,-0.0028063764,-0.0046038977,-0.0004687496,-0.0023122102,-0.00481887,-0.00040591502,-0.00076594495,-0.00042788227,-0.0022739936,-0.003084587,-0.0009482985,-0.0013187999,-0.000837564,-0.0020421587,-0.0021202136,-0.0005497342,0.0051787845,-0.0008293058,-0.0026431717,-0.0012540764
MT1G,0.010765167,-0.004420084,-0.0062141716,-0.00991151,0.06117643,0.0003070817,-0.0059819203,-0.015629746,0.032341734,-0.014858772,-0.0037789315,-0.011513617,0.029312404,-0.0053526405,-0.014496849,-0.0013121723,-0.0024760396,-0.0013831975,-0.007350958,-0.015752425,0.0020180375,-0.004263192,-0.0027075722,-0.0066014677,-0.0068538697,-0.0017770886,0.0134822605,0.0031482058,-0.008544516,-0.00019912206
MT1X,0.0008913597,-0.039720803,-0.060435805,-0.107149415,0.046726402,-0.04340914,0.002393352,-0.0008638351,0.032460645,0.014746668,0.0037717586,0.054009512,0.015170518,0.009626504,0.033047065,-0.0020190391,-0.0174333,-0.007700842,0.0154102035,-0.008328255,-0.005474293,-0.014647326,0.0042563975,-0.050313015,0.00063696067,-0.007318224,0.017930718,0.01777246,0.013111897,-0.018071683
SLC12A3,0.030274767,-0.0021475488,0.011462149,-0.007924468,-0.023781987,-0.006745296,-0.0045954296,-0.014794096,-0.0010626009,-0.013645179,-0.006969303,-0.009975201,-0.0011640948,-0.0057422277,-0.010564593,-0.0010080364,-0.001902129,-0.0010626027,-0.0056472537,-0.014877979,-0.0023550284,-0.0032751076,0.012874325,-0.0019648054,-0.005265369,0.021386852,0.0064670327,-0.0020594783,-0.0065640444,0.45847344
HERPUD1,0.03464922,0.07429315,0.06373642,0.035373855,0.23028623,0.065958254,0.02072407,-0.21333559,0.0026802153,-0.09777514,-0.03279835,-0.13447268,0.003909604,-0.03166768,0.030395795,-0.013489925,-0.025125684,0.007633323,-0.012583682,-0.057419065,-0.006459019,-0.010494319,0.06304515,-0.082067505,-0.054167513,0.016867615,0.12240531,-0.024652185,-0.013988154,0.12778075
ADGRG1,-0.006181604,-0.0415808,-0.05273675,-0.0842934,-0.22314921,-0.074613035,0.08154924,-0.13339967,-0.006837087,-0.120849006,-0.061636467,-0.100943916,0.01107355,-0.04845117,0.2522529,-0.0047439025,0.02116875,-0.008325966,-0.04806845,0.61105996,0.08912219,0.013004285,-0.015852153,-0.038431015,-0.04835564,-0.010565883,-0.04380228,-0.01872674,0.10895314,-0.027499108
AC092118.1,-0.00029033746,-0.0015161543,-0.0018321687,0.002990053,0.018048018,-0.0025182604,-0.0013423676,-0.004321512,-0.00031039416,-0.003985848,-0.0020358511,-0.003339803,-0.0003400477,-0.0016773591,-0.0034957496,-0.0002944525,-0.00055563345,-0.0003103956,-0.0016496093,-0.004345969,-0.0006879216,-0.0009566907,-0.00060758524,-0.0014814336,-0.0015380458,-0.00039879582,-0.001559695,-0.0006015931,-0.0019174394,-0.00090973155
CDH5,0.050954096,-0.0031447338,-0.003800216,-0.0058310055,0.03921111,-0.0052233003,-0.0027843153,-0.0089636855,-0.0006438114,-0.006195974,-0.0042225975,-0.0069272863,-0.000705297,-0.0034791266,-0.0072507607,-0.0006107535,-0.0011524804,-0.00064381113,-0.003421631,-0.009014349,-0.0014268765,-0.0019843453,-0.0012602588,-0.0030726935,-0.0031902224,-0.0008271754,-0.0032350547,-0.001247818,-0.0039770757,-0.0018869577
CMTM2,-0.0034216074,-0.016958212,-0.020847257,-0.033130407,0.21999021,-0.024732169,-0.015819807,-0.048828926,-0.0036579901,-0.04510772,-0.023309274,-0.03633128,-0.00013385563,-0.018110475,-0.037848193,0.014526112,-0.004153845,-0.0036579948,-0.016930107,-0.045962546,-0.0061490135,-0.011274637,-0.0049884254,0.008634643,-0.018126292,-0.004699817,-0.008051274,-0.007089848,-0.02259717,-0.010721329
RRAD,-0.0013035991,-0.004482713,-0.008226367,-0.011324114,0.06528071,0.0015636728,-0.0060271784,-0.01670371,-0.0013936587,-0.014057385,-0.0056393575,-0.013882353,-0.0015267654,-0.005422987,-0.009268744,-0.0013220966,-0.0024947564,-0.0013936588,-0.0052639134,-0.015928777,-0.0030887057,-0.004295462,0.008693643,-0.006651582,-0.0069058966,0.0068833064,0.008783136,-0.002701112,-0.004901797,-0.0040846947
TPPP3,-0.003877218,-0.03275301,-0.038482454,-0.058497977,0.25701672,0.28707033,-0.028250242,-0.09017035,-0.0045357887,-0.08445186,-0.041928533,-0.07055736,-0.005383489,-0.03444328,-0.071132876,-0.0039806045,-0.0068134046,-0.0068116505,-0.033295445,-0.09047878,-0.015096669,-0.020180201,-0.012165313,-0.028639019,-0.033752825,0.001935765,0.06290308,-0.013202082,-0.039970078,-0.018338302
SMPD3,0.06122293,0.023513347,0.0047320374,-0.020900281,-0.046828184,0.002915735,-0.0065849237,-0.028330183,-0.003642921,-0.032592345,-0.017774008,-0.024538489,-0.003990853,-0.009873853,0.009916162,-0.0034558717,-0.004136853,0.0006814174,-0.015183665,0.022531439,0.0036601895,-0.0041499357,0.016877048,-0.010816213,0.006129268,0.071989186,0.03873915,-0.004839867,-0.0023200142,0.4812909
CDH1,0.2871726,-0.0062033436,-0.0032535843,-0.010079185,-0.026243621,-0.0071605905,-0.005492412,-0.015708905,-0.0012699929,-0.011046001,-0.006408175,-0.010000626,-0.00139128,-0.002242403,-0.004904321,0.011692538,0.011419795,-0.0012699952,-0.0043995795,-0.015817832,-0.0028146633,-0.003914376,0.01003677,-0.006061287,-0.006293025,0.017427998,0.10736087,0.0038882957,-0.0058126557,0.22739087
LINC02136,NaN,NaN,NaN,NaN,NaN,NaN,NaN,NaN,NaN,NaN,NaN,NaN,NaN,NaN,NaN,NaN,NaN,NaN,NaN,NaN,NaN,NaN,NaN,NaN,NaN,NaN,NaN,NaN,NaN,NaN
HP,0.0020241556,-0.013955548,-0.01845844,-0.028476365,0.2067161,-0.02159786,-0.012988312,-0.043936558,-0.0032679506,-0.04112592,-0.020676423,-0.03419761,-0.0035800938,-0.016747175,-0.036335003,0.0070469836,-0.0058498993,-0.003267951,-0.016428996,-0.044190366,-0.007242738,-0.010072496,-0.00393218,-0.0145543525,-0.016193124,-0.00049988256,-0.0067664515,-0.0063338163,-0.019381922,-0.007940086
ZFHX3,0.0016666158,-0.028364692,-0.024909215,-0.07538326,0.48668125,0.105239175,-0.04451371,-0.13811275,-0.0057256925,-0.1226694,-0.06598601,-0.11039645,-0.008491246,-0.05726705,-0.11514902,-0.0019739347,0.003386353,0.0009305643,-0.055999722,-0.11883299,-0.0042763297,0.01705054,-0.017495897,-0.047749903,-0.054410577,0.03570456,0.119288065,-0.021152202,-0.06449126,-0.017974712
AC009139.1,-9.180612e-05,-0.00047940615,-0.00057933637,-0.0008889207,-0.002349824,-0.0007962853,-0.0004244716,-0.0013665163,-9.8150354e-05,-0.0012603676,-0.00064373726,0.014690653,-0.00010752341,-0.00053038175,-0.0011053573,-9.310946e-05,-0.00017569025,-9.815028e-05,-0.0005216291,-0.0013742457,-0.00021752385,-0.00030250754,-0.00019212296,-0.00046843142,-0.00048634555,-0.00012609929,-0.00049318286,-0.00019022758,-0.0006063009,-0.00028766194
MAF,-0.010469858,-0.04231173,-0.05209687,-0.08640353,-0.13332333,0.0016886921,0.11101581,-0.09992073,0.035217904,0.21302445,0.107107036,-0.099932544,-0.0006619308,-0.028419338,0.08336763,-0.004652432,-0.00982859,0.034368455,0.13824281,0.103038505,-0.0006773441,-0.008599656,-0.016285343,-0.043020964,-0.014561867,-0.008972811,-0.028453916,-0.0065122144,0.0029787205,-0.030815903
LINC01229,-0.00037857585,-0.0019769112,0.004246789,0.00078370026,-0.00968975,-0.003283517,-0.0017503379,-0.0025499095,-0.00040472858,0.004678483,0.0033465505,-0.0043547577,-0.0004433864,-0.0021871144,-0.004558124,-0.00038394667,0.06364647,0.19143127,0.005191214,-0.0025945038,-0.0008969958,-0.0012474487,-0.0007922412,-0.0019316335,-0.0020054795,-0.0005199839,-0.0020336872,-0.000784435,-0.0025001508,-0.0011862151
LINC01228,-0.00030451108,-0.0015901219,-0.001921598,0.002581628,-0.0050950344,-0.0026411463,-0.0014079317,-0.0045325477,-0.00032554465,-8.877634e-05,-0.0021351734,-0.0035027373,-0.00035664233,-0.0017592179,0.0008987239,-0.00030883634,-0.00058275845,-0.00032554514,-0.0017301298,-0.00073971326,-0.0007214994,-0.0010033869,-0.00063724787,0.038961615,0.008152635,-0.00041825723,-0.0016358605,-0.0006309501,-0.0020110516,0.015392015
HSBP1,0.010263893,-0.03245828,-0.041632026,-0.08265761,0.43140152,0.28375232,-0.0394144,-0.16025983,0.008499234,-0.13473418,-0.07036799,-0.12794952,0.0038438581,-0.06085168,-0.107086,-0.011434803,0.020748094,-0.010786572,-0.059201162,-0.095910534,0.0028930875,-0.025931444,0.00039622054,-0.020450931,-0.061159816,0.009332197,0.091251604,-0.016224222,-0.05847214,0.014056892
DNAAF1,-0.0051043904,-0.021718286,-0.027539222,-0.044132017,0.28103358,0.0660924,-0.019334177,-0.07017471,-0.005457021,-0.06336336,-0.032012556,-0.05457234,-0.005978292,-0.026115933,-0.05593072,-0.0051768157,-0.009768709,-0.0023866612,-0.02784782,-0.06813915,-0.0107624475,-0.01584865,-0.00036074055,-0.023432378,-0.02519019,-0.0070111924,-0.012818681,-0.009096859,-0.03119922,-0.015006922
COTL1,0.01902314,0.0015084405,-0.005859705,-0.12787876,0.6500224,0.32504928,-0.07308891,-0.227574,0.02106884,-0.09121652,-0.058853596,-0.14004321,0.004328067,-0.031934157,-0.1519908,-0.012308807,-0.037612073,-0.02238155,-0.11318794,-0.30500835,-0.036348607,-0.0092829475,-0.014135451,-0.003002362,-0.07628326,0.028734686,0.14864042,-0.0012442307,-0.12307664,-0.06508557
CRISPLD2,-0.0077512325,-0.038779706,-0.04636255,-0.07119115,0.5197012,-0.05718297,-0.035359636,-0.10718711,-0.008286735,-0.09630705,-0.050723903,-0.0860025,-0.009078147,-0.042813007,-0.09000539,-0.003860394,-0.013768541,-0.0060298685,-0.04192923,-0.10988932,-0.016593367,-0.023476265,-0.014303004,-0.034061436,-0.04060438,-0.010646427,-0.030452713,-0.014889419,-0.049408246,-0.02286341
GINS2,-0.002185895,-0.0030820882,-0.0056989905,-0.0025123402,-0.032905273,0.0143903475,-0.0038148258,-0.0023158158,0.19184712,-0.0041296487,-0.007976229,-0.015128067,0.15065561,-0.00631606,-0.014082025,-0.0022169412,0.010803371,-0.0023369405,-0.0072598737,-0.012287456,0.28341165,-0.00064966624,0.07399802,-0.0039784466,0.0021974668,-0.0030024506,0.013820501,-0.0010934537,0.0011317285,0.0022839606
IRF8,0.050174136,0.1275931,0.15064947,0.26203766,0.30650362,0.065510735,-0.05334846,-0.17577414,-0.009571257,-0.16211101,-0.08501032,-0.13462019,-0.012968595,-0.0662871,-0.13912247,-0.008003166,-0.01917661,-0.01088439,-0.06669287,-0.10320704,-0.011358105,0.0011867053,-0.017939115,-0.054778162,-0.064065844,0.072366074,0.108479775,-0.025504826,-0.07245337,0.16606571
SLC7A5,0.0336184,-0.007913521,-0.012081338,-0.040482443,0.11016463,-0.019455213,-0.007652576,-0.064665996,0.0025192797,-0.036422953,-0.0075775147,-0.047055468,-0.0012435049,-0.0092026675,-0.004065919,0.006081676,-0.0024294239,9.788164e-05,0.031244395,-0.036392905,-0.0050849738,-0.0014648741,0.06094016,-0.015485304,-0.021201018,0.0032528993,0.0609931,-0.0081520025,0.0042899735,0.18860838
AC134312.5,0.013473624,-0.0027427922,-0.0067383815,-0.008755869,-0.0026484213,0.011712346,-0.004937023,-0.014795652,-0.0011415646,-0.014659166,-0.007487365,-0.010925387,-0.0012506067,-0.0061690076,-0.012856606,-0.001082947,0.0055726725,-0.0011415646,-0.0060668928,-0.012704308,-0.002530039,-0.0035185018,-0.0022346,-0.0025555722,-0.0056567085,0.0091221575,0.21444139,-0.002212533,-0.0070518735,-0.0033458392
LINC02182,0.017404899,-0.0044488315,-0.0053761653,-0.008248862,-0.014076776,0.003551258,-0.0039389576,-0.0113067,-0.0009107851,-0.011695822,-0.0059737414,-0.008099165,-0.0009977961,-0.004921824,-0.010257439,-0.00086402486,-0.0016304026,-0.0009107861,-0.004840507,-0.011384228,-0.00201856,-0.0028072507,-0.0017828586,-0.0007211573,-0.004513168,0.012129921,0.2263842,-0.0017652598,-0.005626305,-0.0026694774
CDT1,-0.0018716869,-0.0016605991,0.0016574727,-0.016319219,-0.021895433,-0.0062611173,-0.0049902084,-0.017797494,0.22462402,-0.007626503,-0.009452033,-0.010640786,0.19745024,-0.004921731,-0.014287195,-0.0018982586,0.040014744,-0.0020009917,-0.009132691,-0.010483098,0.36360013,0.0040322435,0.0756814,-0.007881663,-0.008310578,0.009521211,0.015061371,0.008193151,-0.008470012,-0.005864801
CBFA2T3,0.050851353,0.06660906,0.06736259,0.0074308184,0.23049046,0.1472691,-0.034614958,-0.110579245,-0.0065050256,-0.10180787,-0.05250216,-0.085703805,-0.0091549205,-0.04358556,-0.09055627,-0.007927611,0.04002847,-0.0016208758,-0.041972507,-0.1097919,-0.01681164,-0.022259556,0.03371969,-0.026475634,-0.039603975,0.06687423,0.1377466,-0.016196484,-0.04877458,0.17184609
SLC43A2,-0.005012223,-0.03338948,-0.04840277,-0.08427116,0.67506045,0.17730212,-0.056551445,-0.18791518,-0.008018431,-0.17522086,-0.08892797,-0.1443945,-0.013906352,-0.07509974,-0.1462198,-0.007875343,-0.011287195,-0.012001089,-0.07356961,-0.17328341,-0.02740104,-0.041015826,-0.007312987,-0.058498826,-0.066935316,0.001707309,0.06559742,-0.025769977,-0.07351321,0.003372343
SERPINF1,0.08802836,0.008045858,-0.0041924557,-0.020008583,0.022863716,-0.014169971,-0.01594248,-0.04276381,-0.0003267066,-0.041399155,-0.022681233,-0.0077631692,-0.0045017996,-0.01779406,-0.03504076,-0.0038983636,0.0013432843,-0.004109345,-0.018846212,-0.04183743,-0.0073595005,-0.011386559,0.0035587773,-0.010371467,-0.019563423,0.16936263,0.19510448,-0.0059341523,-0.018912219,0.44937417
P2RX5,0.008630768,0.25848684,0.29429924,0.42261353,-0.13533738,-0.042388167,-0.017333664,-0.06394369,0.013486379,-0.047080018,-0.005607381,-0.035338774,-0.004308753,-0.016832167,-0.05705984,-0.0049550454,0.028447336,-0.0075245,-0.010723069,-0.086018704,-0.007125814,-0.021762552,0.09821912,-0.032053627,-0.020082565,-0.008063677,-0.0025587606,0.014387642,-0.019130098,-0.016960226
ITGAE,0.016303372,0.046234317,0.030820467,0.05883775,0.108039625,-0.031336088,-0.015309218,-0.057599746,0.029453954,-0.06372635,-0.026880283,-0.022557866,0.0110173095,-0.024541521,-0.044514008,-0.0019023843,0.030840764,-0.010087326,-0.021335216,-0.023176491,0.013371565,-0.014411811,0.045073528,-0.04560827,-0.025211463,0.0074902326,0.07649935,0.015783584,-0.021790218,0.0766865
CYB5D2,9.5971576e-05,0.005746545,0.0012353613,-0.019628426,0.07804556,0.027711423,-0.0081604915,-0.027453788,0.0057553938,-0.01969008,-0.013074102,-0.011656051,0.0061661075,-0.013505508,-0.029817501,-9.289226e-05,0.0019001925,-0.0024069825,-0.013403504,-0.031617165,0.004515681,-0.0046611815,0.021980565,0.010684628,-0.013836148,0.005927533,0.033885606,0.0013486833,-0.0126146795,0.019646548
CXCL16,0.01216971,-0.038473178,-0.048511524,-0.07849957,0.39565685,0.33746997,-0.04117567,-0.13370848,-0.008803686,-0.122562,-0.06153774,-0.10061745,-0.011397742,-0.0467528,-0.10713928,-0.004287435,-0.018624136,-0.01040394,-0.049359377,-0.13572037,-0.020830069,-0.029688038,-0.01796256,-0.02248053,-0.05000127,0.05317414,0.094336666,-0.02016445,-0.060062546,-0.014282175
VMO1,0.0032957927,-0.012565286,-0.016581897,-0.022841943,-0.029428128,0.39387977,-0.010839095,-0.036414295,-0.0028092004,-0.030792315,-0.0175436,-0.02743756,-0.0030775697,-0.010958033,-0.026260667,-0.002664985,-0.0019347186,-0.0028092035,-0.010633945,-0.030787727,-0.0062259855,-0.0086585255,-0.005498994,-0.011018277,-0.013920276,0.03518266,0.013900071,-0.005444667,-0.01456747,-0.0044258563
GP1BA,-0.0020649608,-0.009313326,-0.009362769,-0.017531186,0.0034456495,-0.0088775065,-0.0045804987,-0.021631435,-0.002207636,-0.024710795,-0.008940757,-0.01531319,-0.0024184908,-0.011929953,-0.01334436,-0.0020942613,0.003934064,0.0048774504,-0.010379698,-0.022973647,-0.004892754,-0.002192028,-0.0043214206,0.3550629,-0.0065870658,-0.0028363476,0.0059769778,-0.004278724,-0.005434126,-0.004053213
SCIMP,0.0029173817,0.061484188,0.14365932,0.005752187,0.45816842,0.2945844,-0.05644926,-0.18046752,-0.0126203485,-0.16895963,-0.08357087,-0.13985154,-0.015035503,-0.07130115,-0.14552547,-0.0057722963,-0.022513825,-0.013724543,-0.070762895,-0.16356915,-0.028054493,-0.03773279,-0.023254238,-0.055423696,-0.06552816,0.025000852,0.12594375,-0.022330053,-0.07977355,-0.03565224
PIMREG,-0.00075185846,0.004102074,-0.004744564,-0.0027934134,-0.01596246,-0.004044101,-0.0034761608,-0.0049703456,0.11509028,-0.010321699,-0.0052719554,-0.008648662,0.06970443,-0.0043436363,-0.009052506,-0.00076252647,-0.0014388395,-0.0008037934,-0.0042718416,-0.0035108903,0.33052766,-0.0024774368,-0.0015733944,0.00027315615,-0.0039829616,-0.0010326916,-0.00013655219,-0.0015578694,-0.004965296,-0.0023558566
XAF1,-0.0042838785,-0.01512604,-0.024476659,-0.018333022,0.1846306,0.08655236,-0.035350926,-0.08976195,-0.0015711272,-0.059150804,-0.030140268,-0.094776824,-0.0011760355,-0.03388352,-0.042631615,-0.01643722,-0.0033718525,-0.0011553727,-0.024345282,0.06861067,0.008319164,0.0015099623,-0.03604422,-0.07673522,-0.04410556,-0.016899409,0.04929706,-0.0059008687,-0.011442838,-0.0190567
ALOX12,-0.0017757949,-0.009273274,-0.00978954,-0.014339554,-0.014395283,-0.009103855,-0.008210451,-0.023133399,-0.0018984774,-0.020861764,-0.011168083,-0.01879446,-0.0020798089,-0.01025925,-0.01745619,-0.0018009965,0.0011772302,-0.0018984785,-0.008516539,-0.021985227,-0.004207585,-0.0031804454,-0.0037162239,0.45445603,-0.009407332,-0.002439151,-0.007887863,-0.0036795787,-0.011727666,-0.0027589456
CLEC10A,0.05228137,-0.027237015,-0.03319717,-0.05092376,0.19994234,0.04548957,-0.025062006,-0.07936429,-0.006234803,-0.07348851,-0.03635132,-0.061355248,-0.004525234,-0.03173206,-0.06412339,-0.0032316826,-0.009732197,-0.0009312176,-0.032113306,-0.07874961,-0.011498557,-0.01750985,-0.010929186,-0.027523331,-0.029809432,-0.008010309,0.46429375,-0.009424319,-0.034537412,-0.013056674
ASGR2,-0.00051472086,-0.039021965,-0.049047697,-0.07416166,0.5166355,-0.054939803,-0.03698532,-0.11787673,-0.006889122,-0.10658554,-0.0556045,-0.08942731,-0.009611933,-0.04548357,-0.093046986,-0.0026094783,-0.015705986,-0.008773857,-0.044682648,-0.117703356,-0.019445434,-0.027042786,-0.014466431,-0.038524836,-0.04134416,0.0012203398,0.09120047,-0.01608515,-0.052101657,-0.021901751
ASGR1,-0.0059760697,-0.061593194,-0.06967928,-0.11283191,0.72899115,0.0834813,-0.05495127,-0.17615467,-0.011034512,-0.16144225,-0.08196602,-0.13589144,-0.012533105,-0.067817874,-0.1404662,-0.0023615449,-0.02048421,-0.010414851,-0.06585984,-0.17540793,-0.028424526,-0.040648453,-0.026130263,-0.0541737,-0.063087165,-0.015258966,0.044214584,-0.025872227,-0.077023685,-0.03516741
CD68,0.01764877,-0.056491084,-0.0734461,-0.13036323,0.74897283,0.31753957,-0.06436707,-0.22107409,-0.015254412,-0.20380794,-0.10227998,-0.1691573,-0.013666197,-0.084597886,-0.1725748,-0.0071596596,-0.025794158,-0.01726235,-0.08470328,-0.20957269,-0.032316368,-0.045780174,-0.01915781,0.0139281135,-0.08118758,-0.0020603603,0.049094755,-0.028653512,-0.092545174,0.07343935
KDM6B,0.013247745,-0.018370513,-0.034106754,-0.06471425,0.4516862,0.041795682,-0.05050666,-0.10652865,-0.013131955,-0.088831685,-0.03753557,-0.07674145,-0.016691757,-0.04241954,-0.10212145,-0.0073444275,0.01095441,-0.0007329902,-0.031083578,-0.15194693,-0.027460685,-0.021447012,-0.020764444,-0.058100212,-0.03136072,0.012956058,0.06962932,-0.012069668,-0.04570434,0.0053012916
AURKB,0.006829791,-0.006035287,-0.0015433005,-0.010836097,0.0103775,0.0009843004,-0.0064186514,-0.018285912,0.20096825,-0.012174785,-0.0075328154,-0.015857419,0.086750954,-0.0057987305,-0.010762098,-0.0018252013,0.0056076683,-0.0019239816,-0.00086994475,-0.017156636,0.23492731,-0.00062742905,0.05422086,-0.0057174736,-0.007864493,-0.0024718866,0.011562319,0.02145752,-0.007855548,-0.002868953
RNF222,-0.0008164795,0.0031276841,0.0040796343,0.0024198915,-0.012838929,-0.002517089,0.00039218643,-0.006424333,-0.0008729001,0.014759953,0.008208154,0.006561785,-0.00095627527,0.005344212,-0.0030127175,-0.00082807237,-0.0015625472,-0.0008728997,0.005592569,-0.007942206,-0.0019345579,0.0031214342,-0.0017086676,-0.004166049,-0.004325345,-0.00112148,0.006392662,-0.0016918122,0.012298218,-0.0025583643
GAS7,-0.0014855376,-0.043717455,-0.074615896,-0.10529227,0.6145644,0.044673778,-0.047252532,-0.18342166,-0.009552233,-0.16643167,-0.083202876,-0.14312887,-0.0083056325,-0.07079405,-0.094875574,-0.00497395,-0.017556092,-0.00929628,-0.06524966,-0.06054765,-0.014285066,0.006810088,-0.022134483,-0.054833174,-0.06641571,0.018258039,0.061189808,-0.02268027,-0.045629956,-0.03601659
AC098850.2,-9.1806076e-05,-0.00047940348,-0.00057933404,-0.00088892045,-0.0023498202,-0.00079629006,-0.00042447363,-0.001366525,-9.8151024e-05,-0.0012603739,-0.00064373616,-0.001056068,-0.000107524,0.02924983,-0.0011053514,-9.310913e-05,-0.00017568898,-9.815095e-05,-0.00052163494,-0.0013742556,-0.00021752383,-0.0003025053,-0.00019212307,-0.00046842982,-0.00048634695,-0.000126099,-0.000493182,-0.00019022766,-0.00060630054,-0.00028766034
TNFRSF13B,-0.0040459875,0.41594526,0.4960369,0.05233362,-0.0938936,-0.031844616,-0.017847056,-0.054920796,-0.0043255137,-0.052057408,-0.02780266,-0.04364235,-0.0047386107,-0.022685355,-0.042722926,-0.0041034105,-0.0036679932,-0.0043255207,-0.021561863,-0.054362904,-0.009586576,-0.009725314,0.24602243,-0.017426495,-0.019932821,-0.0055573154,-0.01881521,-0.008383381,-0.024902951,-0.010209296
AC104024.1,-0.0010677922,0.14161038,0.056915462,0.00073101826,-0.022704814,-0.009261495,-0.004936972,-0.013699567,-0.0011415806,-0.012318851,-0.0074874307,-0.012283049,-0.0012506173,-0.0061689448,-0.011551111,-0.0010829549,-0.0020435033,-0.0011415804,-0.006066928,-0.013798135,-0.0025300346,-0.003518554,0.14398831,-0.0025536534,-0.0056566643,-0.0014666796,-0.0029876968,-0.002212529,-0.0070519424,0.05735367
NT5M,-0.0028215535,-0.011490511,-0.007032725,-0.02128797,-0.031514704,-0.019837731,-0.0020658497,-0.015201273,0.01243153,-0.02089647,-0.010809132,-0.011229642,0.0061357436,-0.006494567,-0.016981121,0.008003374,0.13936728,-0.0030164414,-0.013039246,-0.014250417,0.04488206,-0.0024952341,-0.0006377052,0.38591066,-0.010666835,0.00013688472,-0.0047451314,-0.0004908189,-0.007391128,0.005343088
RASD1,0.013764189,-0.0042119967,-0.008664804,-0.016596286,-0.00983095,0.05271444,-0.0056911926,-0.025314687,-0.002117219,-0.017041942,-0.008094698,-0.018367669,-0.0023193872,-0.0072714346,-0.012499831,-0.002008479,0.021037584,0.0052871327,-0.0027441261,-0.016013399,-0.0046922676,-0.0016962456,0.029677251,-0.008527777,-0.0074584656,-0.002720144,-0.0032101877,-0.004103466,-0.006951571,0.407192
LINC02076,-0.0017345133,-0.00031091654,0.005068089,0.003712079,-0.0035060665,-0.013969007,-0.004078179,-0.0007647077,0.0065173074,0.0014840508,-0.004260116,-0.004031645,0.0056419005,-0.0068377457,-0.004741002,-0.001759156,0.015542084,-0.0018543315,-0.0050306274,0.019950187,0.011113982,-0.0002065145,0.0006542938,-0.0052746427,-0.0022788614,-0.0023824554,0.004232413,-0.0035940139,-0.0044895634,0.014742088
AC007952.4,0.015338888,-0.025008714,-0.012234436,-0.04918093,0.58356553,-0.0052099302,-0.047981363,-0.17842473,0.0044166325,-0.15982328,-0.076406285,-0.12131721,-0.00011955619,-0.06155484,-0.12592964,-0.0057667294,-0.0092994,-0.008349626,-0.055223666,-0.10309774,-0.0024829512,-0.02982179,0.035809252,-0.06454911,-0.0624761,0.012826047,0.07488547,-0.022493701,-0.06970504,0.097007334
SPECC1,0.026275888,-0.049867716,-0.05218769,-0.08912203,0.41848457,0.060774095,-0.044802513,-0.15036331,-0.005311471,-0.122139424,-0.06632319,-0.11858361,-0.006916418,-0.04250065,-0.066902496,0.0010781721,-0.00081548817,0.008614182,-0.04184986,-0.055499543,0.0034649104,0.03596255,-0.012086293,-0.029154466,-0.055403057,0.0368449,0.18609023,-0.020829106,-0.039629146,-0.005528741
LGALS9,0.02375989,-0.008989668,-0.049083225,-0.00761497,0.51652783,0.25058448,-0.06402539,-0.18222255,0.0046613673,-0.1469173,-0.08661368,-0.15539296,-0.0065099704,-0.0712452,-0.15624066,-0.008510049,0.023631094,-0.0088919895,-0.08080001,-0.11456145,-0.015429002,-0.027468821,-0.02497901,-0.06458519,-0.060150713,0.04289871,0.1441128,-0.013257839,-0.08145452,0.0039963326
NEK8,0.0042249453,0.056641474,0.0545251,0.09069661,0.007442349,0.009404405,-0.012769947,-0.029941283,0.02043982,-0.027989052,-0.017033637,-0.019660007,-0.0059367907,-0.010062838,-0.025742164,-0.0019337373,0.0018417677,-0.005419289,-0.01655083,-0.032283902,-0.00134112,0.008989353,0.027751895,-0.02259401,-0.019950949,-0.0047316775,-0.020814879,0.0019642524,-0.010769288,0.1981558
TRAF4,0.036768034,0.07790142,0.074184366,0.04767143,-0.03486758,0.015304472,-0.014232641,-0.04540165,0.026886916,-0.017013887,-0.0072630052,-0.03765286,0.01575149,-0.012418709,-0.019681437,-0.0018420732,0.0074322317,-0.0053134244,0.0075061065,-0.033504896,0.0032850024,0.0007744136,0.03027193,-0.022761328,-0.01289532,0.025589837,0.0760862,-0.0023577055,-0.006087,0.2842181
ATAD5,0.010148789,0.010993107,0.009134799,0.02862443,-0.038903385,-0.0008585663,-0.0052985246,-0.0022535955,0.06673215,-0.01291502,-0.003999871,0.0077917557,0.06180159,-0.0012464552,-0.00353915,-0.0019507237,0.012790778,-0.0020607037,-0.014026038,0.004939266,0.1408454,0.0043760464,0.022968562,-0.027184201,-0.00549072,0.0098834215,0.0081664575,0.0025254947,0.00048616045,0.036509916
ADAP2,-0.0011359509,-0.02403085,-0.05631292,-0.07603335,0.51243144,0.2289734,-0.04698517,-0.15043126,-0.009727397,-0.13746238,-0.068811856,-0.11516229,-0.012221132,-0.058027122,-0.12136962,-0.005597454,-0.016402688,-0.0111556,-0.057215244,-0.14767908,-0.022455538,-0.032134607,-0.015446139,-0.04605944,-0.054561984,0.043458186,0.090313934,-0.020741265,-0.066887446,-0.027367389
SPACA3,0.030366778,-0.0026264358,-0.0031739068,-0.004869877,-0.012873478,-0.0043623275,-0.0023254375,-0.0074862204,-0.000537699,-0.004426214,-0.0035266692,-0.0057855546,-0.0005890695,-0.0029057362,-0.006055717,-0.00051009073,-0.0009625248,-0.000537699,-0.0028576597,-0.0075286473,-0.0011916988,-0.0016573045,0.33890665,-0.0025662866,-0.002664412,-0.00069082796,-0.0027018876,-0.0010421588,-0.0033216297,0.047937367
CCL2,-0.0016411508,-0.008570271,-0.010356578,-0.01589084,0.10745734,-0.010823727,-0.0055042254,-0.024428358,-0.001754551,-0.020240212,-0.011507829,-0.017994734,-0.0019221458,-0.009481455,-0.0163506,-0.00166446,-0.0031407876,-0.0017545547,-0.009324661,-0.023138802,0.00012323425,-0.0054078856,0.0011028065,-0.0064805904,-0.0086941,-0.0022542384,-0.0016448083,-0.0034005882,-0.010838517,-0.0051424913
CCL7,-0.00052751874,-0.0027546454,-0.0033288673,-0.005107769,0.036376897,-0.004575361,-0.002439012,-0.007851902,-0.00056395394,-0.0072419387,-0.0036989332,-0.0060681044,-0.0006178277,-0.003047604,-0.0037148094,-0.0005350024,-0.0010095395,-0.00056395406,-0.0029971818,-0.007896313,-0.0012499,-0.0017382479,-0.001103929,-0.0026916242,-0.002794561,-0.00072456524,-0.0028338616,-0.0010930408,-0.0034838256,-0.0016529196
CCL8,-0.00045911604,-0.0023974953,-0.0028972276,-0.0044453735,0.033017132,-0.003982102,-0.0021227452,-0.0068338164,-0.00049083034,-0.006302956,-0.003219248,-0.005281324,-0.0005377111,-0.0026524055,-0.005527928,-0.00046563195,-0.0008786401,-0.0004908302,-0.0026085707,-0.0068723583,-0.0010878281,-0.0015128452,-0.00096079573,-0.0023426136,-0.0024321703,-0.00063061755,-0.0024663822,-0.0009513186,-0.0030320734,-0.001438586
SLFN14,-0.0011553909,-0.0060334783,-0.00729102,-0.011187218,-0.017475493,-0.0067967717,-0.0053419443,-0.017197475,-0.0012352095,-0.015861683,-0.008101502,-0.010786417,-0.0013531952,-0.0066749733,-0.013911271,0.025322834,0.0048221964,-0.0012352128,-0.0065646367,-0.015280172,-0.0027375617,-0.0038071536,-0.0024179018,0.34737954,-0.006120728,-0.0015869779,-0.006206768,-0.00239403,-0.007630349,-0.003620296
CCL5,-0.015697714,-0.04762868,-0.053131882,-0.09687203,-0.28971416,-0.10647658,0.13844429,-0.18631783,-0.0021194718,-0.12330112,0.11933083,-0.14523679,0.034638647,0.072135285,0.39541918,-0.008712847,-0.030556185,-0.012163584,0.14127783,0.38260642,0.048601527,0.030505031,-0.029498827,0.18552971,-0.078972176,-0.014158705,-0.06571216,-0.018669108,0.17572406,-0.0380002
CCL23,-0.0013947774,-0.007283525,-0.008801804,-0.009865229,0.05059509,0.026691526,-0.0064487434,-0.020760957,-0.0014911495,-0.019148232,-0.009780219,-0.015002887,-0.0016335697,-0.008058079,-0.0047661173,-0.0014145906,0.0031697534,-0.0014911515,-0.007924834,0.0076255864,0.006161759,-0.004595973,-0.002918882,-0.0071168356,-0.007388925,-0.0019158004,-0.005388058,-0.0028900811,-0.007478552,-0.0043704384
CCL3,-0.010958652,-0.0382935,-0.034330104,-0.059947185,0.38118517,0.024484279,-0.034445807,-0.13542299,-0.0053254734,-0.1270769,-0.060112014,-0.11176028,-0.0094539095,-0.05565678,-0.047969982,-0.011295041,-0.02483732,-0.0062225712,-0.055428922,0.055847198,0.007626626,-0.01945043,-0.011607313,-0.007485678,-0.058686886,-0.014389804,-0.013571257,-0.021792814,-0.026155774,-0.019692412
CCL4,-0.012939937,-0.044323735,-0.06385348,-0.08317622,0.10410619,-0.022900576,0.04808401,-0.17737678,-0.010766261,-0.17103824,-0.06758743,-0.14029208,0.011173346,-0.068442784,0.16610552,-0.012435007,-0.029060917,-0.009689368,-0.03568432,0.37806216,0.05018478,-0.025837358,-0.022284323,-0.022339033,-0.07626856,-0.016209846,-0.040364735,-0.025493462,0.0806992,-0.026405195
CCL3L1,-0.0071111335,-0.035271723,-0.045037396,-0.07567624,0.4721349,0.033873126,-0.03116256,-0.12955935,-0.00696291,-0.11948383,-0.056293912,-0.103643835,-0.0058468874,-0.046187006,-0.060297765,-0.006907653,-0.013982594,-0.010552171,-0.042002276,-0.08800203,-0.010195433,-0.022579612,-0.015668662,-0.009001729,-0.048291385,-0.011528336,0.008566559,-0.013430505,-0.04482066,-0.0204073
CCL4L2,-0.0075286445,-0.024657989,-0.036779128,-0.054667983,0.25467688,0.024973532,-0.023942437,-0.10722167,-0.008478459,-0.09892465,-0.045694977,-0.0871638,-0.0019573534,-0.041417025,0.022154754,-0.0072602043,-0.018500797,-0.0047587613,-0.032697324,0.036664065,0.012483199,-0.017352365,-0.00985395,-0.01803458,-0.045248486,-0.0047520376,0.014593847,-0.01957794,-0.00029752406,-0.016159717
CSF3,-0.0009636803,-0.005032339,-0.006081303,-0.0075810486,0.054783877,0.0071078874,-0.0044556367,-0.014344163,-0.0010302595,-0.011934188,-0.0067572827,-0.009582711,-0.0011286662,-0.0055674613,-0.010157079,-0.0009773701,-0.0018442508,-0.0010302666,-0.0054754093,-0.012006185,-0.0022833482,-0.00317546,-0.0020167264,-0.0049171625,-0.0051051094,-0.0013236653,0.0039713574,-0.0019967956,-0.0063643456,-0.0030196265
CDC6,0.010008527,-0.0027228224,-0.008627284,-0.0070565646,-0.023537757,-0.0063935798,-0.006320942,-0.017775748,0.211471,-0.012359167,-0.00124227,-0.008292968,0.13458677,-0.00387928,-0.008289823,-0.0013865394,0.021172475,-0.0014615784,-0.0057266196,-0.005926486,0.28134736,-0.0010259618,0.138645,-0.004704765,-0.0028680542,0.006395951,-0.00090226927,-0.0028327461,-0.0054906853,0.021253392
TOP2A,0.007709876,-0.00285859,0.008367276,0.0008021152,-0.008784429,-0.008901997,-0.00059084554,-0.023924233,0.18449645,-0.007573492,-0.007197744,-0.01876656,0.116305485,-0.007515791,-0.007812391,-0.002977864,0.008302662,-0.0031390234,-0.010890935,-0.016049081,0.2798435,0.005144924,0.05019109,-0.006352604,-0.008323252,-0.00403297,0.032354552,0.009403546,-0.0018684424,0.01128575
AC004585.1,-0.003452361,-0.0011599511,-0.010754199,0.09653192,-0.07684854,-0.026156265,0.03140174,-0.028971022,0.038728364,0.020813955,0.020181924,-0.02400403,0.007695217,-0.015887279,0.036350437,-0.003501379,-0.0066069374,-0.003690822,0.0034627086,0.03422852,0.011070304,0.031950384,-0.007224857,-0.012065402,-0.015640808,-0.0014596,-0.013443437,0.09845633,0.0100743035,-0.010817727
CCR7,-0.010275621,0.007978039,-0.01076982,0.07399729,-0.30218613,-0.102387816,-0.05468639,0.44714993,-0.003827275,0.104579665,-0.029476445,0.33482566,-0.010549714,0.03198833,-0.11282015,-0.0025602703,-0.014805106,-0.009272401,-0.06253127,-0.1775115,-0.02628592,-0.007251665,-0.024851542,-0.05331642,0.070433095,-0.016567087,-0.05434791,0.035866376,-0.04300197,-0.022039821
JUP,0.0017182559,0.0019603777,0.03409694,0.03434062,0.31766638,0.18361646,-0.0364797,-0.119985044,-0.0071499813,-0.10856773,-0.0547492,-0.09013491,-0.0097375335,-0.045754593,-0.09512423,-0.0045826286,0.033123333,-0.006759853,-0.04603924,-0.115753844,-0.017889304,-0.024058897,-0.009288428,-0.038407113,-0.042745426,-0.008547872,0.084802106,-0.017227307,-0.050741088,-0.012110427
CAVIN1,-0.0010396834,-0.0025237307,-0.006560959,-0.008441165,-0.017115938,-0.00901763,0.0017399347,-0.0075916518,0.012855857,0.019366588,0.0014703608,-0.0105650555,-0.0012176896,-0.0007320716,-0.009836329,-0.0010544532,0.4674928,-0.0011115138,-0.0059072534,-0.011074407,-0.0024634344,-0.003425909,0.0049714907,-0.005304981,-0.0026406639,-0.0014280681,-0.002763781,-0.0021542918,-0.0068663172,-0.003257805
CCR10,-0.0024013144,0.00015132362,0.0006842377,-0.011194861,0.01091332,-0.0013305297,-0.005370641,-0.021922054,-0.0025671758,0.017550822,-0.0043416875,-0.01725367,0.0027570836,0.018489698,-0.010093094,0.003951541,0.0056228726,-0.0025671786,-0.0054002656,-0.0152751105,-0.002933041,-0.0059099086,0.23498833,-0.008327223,-0.0064213276,-0.003298329,0.007936491,-0.004975635,-0.0056936406,0.02167222
BRCA1,-0.0006266228,-0.0026641216,0.004681936,-0.0068184966,0.048497926,0.004295406,-0.0055728685,-0.039313667,0.118191145,-0.03474741,-0.008883138,-0.020968363,0.0885896,-0.012585348,-0.012904075,-0.0043297824,0.005489335,-0.00094869704,-0.012644946,-0.0010057744,0.18604961,-0.00020491543,0.042205464,-0.0172855,-0.016063407,0.0074607995,0.018853618,-0.0033485554,-0.0076100407,0.0056101894
PPY,-0.00044036194,-0.002299566,-0.0027788721,-0.00426378,-0.011271325,-0.0038194489,-0.0020360271,-0.006554587,-0.00047078912,-0.0060453513,-0.003087779,-0.005065592,-0.0005157531,-0.0025441188,-0.005302023,-0.00044661344,-0.0008427345,-0.00047078828,-0.0025020104,-0.0065915724,-0.0010434024,-0.0014510343,-0.00092154555,-0.0022469126,-0.0023328194,0.5901297,-0.0023656301,-0.0009124524,-0.0029082783,-0.0013798334
SLC4A1,-0.0008469619,-0.00085927674,-0.0053447513,-0.0022265315,-0.0032279165,0.0058555193,-0.003915939,-0.0015522555,-0.0009054876,-0.00720819,-0.0032532031,0.00051397196,-0.000991959,-0.0016567332,-0.010197635,0.45149133,0.017578728,-0.00090548786,-0.0048122318,-0.0044275722,-0.002006789,-0.002790847,-0.0017724496,-0.0043215696,-0.00097290636,-0.0011633431,-0.001086606,-0.0017549507,-0.0027473015,0.0032304712
GRN,0.023598105,-0.01619056,-0.059766684,-0.11766726,0.79677665,0.14095218,-0.06711705,-0.23213473,-0.0099514,-0.20006305,-0.10321715,-0.1804161,-0.010239836,-0.0866445,-0.16801861,-0.0071375635,-0.015906861,-0.01649182,-0.088739395,-0.19995992,-0.02454093,-0.04670019,-0.00272415,-0.059028707,-0.08763639,0.03378799,0.14254941,-0.030291198,-0.09208356,0.08245224
ITGA2B,-0.0031231327,-0.014350957,-0.014033311,-0.025338633,-0.0011994054,-0.0097288955,-0.011143094,-0.041959595,0.0059624473,-0.038450606,-0.018963905,-0.030319698,0.00059717294,-0.016273594,-0.03220661,-0.0031674844,0.035990216,0.001367057,-0.015045486,-0.0365851,-0.0073999413,-0.008754355,-0.0017775598,0.65109086,-0.015580743,-0.0042897672,-0.009249962,-0.006471271,-0.015960673,0.0062136604
KIF18B,-0.0007518579,-0.0039261524,-0.0047445674,-0.0072798426,-0.009395624,-0.006521211,-0.0034761578,-0.009634839,0.23112841,-0.0070021357,-0.002246806,-0.0067226538,0.12261176,-0.004343653,-0.0053475383,-0.000762526,-0.0014388378,-0.0008037943,-0.004271849,-0.009705531,0.18189497,0.0038329621,0.08741241,-0.0038362525,-0.003982962,-0.0010326935,-0.0040389244,-0.0015578747,-0.004965306,-0.0023558582
C1QL1,-0.00041063505,-0.0021443153,-0.0025912735,-0.003975946,-0.0025028065,0.0009725228,-0.0018985688,-0.0061121695,-0.000439002,-0.0026026724,-0.0028793158,-0.0047235037,0.031801432,0.010950248,-0.0049440768,-0.00041645064,-0.00078585785,-0.00043900296,-0.0023330576,-0.0033143023,0.14301808,-0.0013531031,-0.0008593258,0.0054180413,-0.0021753304,-0.00056401425,-0.0022058883,-0.00085083244,-0.0027118085,-0.0012866624
MYL4,-0.00090485794,-0.0013870301,-0.005710085,-0.008761403,-0.0013404003,0.00038832557,-0.004183593,-0.01346847,-0.0009673772,-0.012422286,-0.00634479,-0.007208653,-0.0010597681,-0.0052275546,-0.010894784,0.23607671,0.043188058,-0.0009673799,-0.005141124,-0.010971174,0.0051260917,-0.0029816285,0.014544655,0.1115327,-0.0047935336,0.011256066,-0.00161829,-0.0018749046,-0.005975825,0.030208379
ITGB3,-0.0020629074,-0.010772466,-0.010574438,-0.017509015,-0.0064812936,-0.0088465605,-0.009537853,-0.027862558,-0.0022054228,-0.027106715,-0.013355679,-0.022323905,-0.00241604,-0.011917926,-0.020776406,-0.0020921712,-0.0039478326,-0.0022054194,-0.011720866,-0.028613808,-0.004887786,-0.0067974636,-0.004317047,0.5103791,-0.010928273,-0.0028334912,-0.009659901,-0.0042743785,-0.012453871,0.0007885323
TBX21,-0.0046989922,-0.024812827,-0.039125234,-0.07050309,-0.19420554,-0.064935245,0.07798926,-0.114022605,0.0066805813,-0.08680081,-0.017308261,-0.086062916,0.022983126,-0.033924162,0.18955879,-0.0030596617,-0.0141128935,-0.006914578,0.003280337,0.47408625,0.06474131,0.0477872,-0.00961856,-0.031536188,-0.041370146,-0.010180662,-0.039459653,-0.015492122,0.10286927,-0.024508933
ABI3,0.011570227,-0.035103362,-0.059395097,-0.089086965,0.09389483,0.3204459,-0.009760056,-0.15419066,0.0015817389,-0.14060657,-0.060422067,-0.09929844,0.0075984825,-0.0473322,0.016078396,-0.006209338,-0.022134027,-0.011565069,-0.022345068,0.19172296,0.034774702,-0.01544033,-0.01767443,-0.050405663,-0.057587553,0.013602216,0.1102036,-0.018982993,0.006858516,-0.033643372
ABCC3,-0.005004968,-0.024869792,-0.03050351,-0.045968834,0.16380249,0.23604432,-0.022414364,-0.07202603,-0.0053508882,-0.065521225,-0.03365039,-0.0551367,-0.0058618,-0.027765555,-0.058476705,-0.0050760633,-0.009578338,-0.0053508775,-0.027258448,-0.071932875,-0.009112279,-0.015478982,-0.008990078,0.15887083,-0.025872352,-0.004615817,0.004058853,-0.007160256,-0.032039475,-0.0064727124
TOB1,0.007826168,-0.056689236,-0.072448775,-0.12700993,-0.059792995,0.04174911,0.03495085,0.028301237,-0.004689075,0.12560517,0.017328512,0.12215153,0.0042755874,0.060945846,0.010202969,-0.0037755924,-0.015565387,0.0014984432,0.07781368,-0.11805749,-0.02217763,-0.025897987,-0.020479398,-0.06431734,-0.024494575,-0.0066407504,0.09933444,0.004544813,0.007502048,-0.02448399
AC005920.3,-0.00018361844,-0.0009588472,-0.001158694,-0.0017778738,-0.0046998216,-0.0015925885,0.017638056,-0.0027330914,-0.00019630231,0.011049148,-0.0012875212,-0.0021121562,-0.00021505314,-0.001060818,0.0053597842,-0.00018622453,-0.00035139627,-0.00019630196,-0.0010432637,-0.0027484803,-0.00043505811,-0.000605039,-0.00038425994,-0.0009368896,-0.00097271625,-0.0002522063,-0.0009863825,-0.0003804658,-0.00121265,-0.00057535124
MMD,-0.0012045103,0.033150353,0.0021329143,0.04864581,-0.034112766,0.0050807293,-0.019484222,-0.04500561,0.0036198727,-0.017920556,-0.0049556927,-0.0036771437,0.0035843938,-0.0028706274,-0.048225705,-0.00557206,0.001269034,0.0006975263,-0.0019333591,-0.01611699,0.008402503,0.007216611,0.0010111046,0.30487508,-0.015193479,0.0048223343,0.054333713,-0.009042994,-0.01317367,0.012380515
AC015912.3,-0.0044470886,-0.014756263,-0.019368954,-0.03550264,0.22728144,0.0027337836,-0.017342541,-0.05763481,-0.0014904356,-0.052282456,-0.029049316,-0.04161082,0.000775102,-0.0218256,-0.04230996,0.0024559265,0.00088047184,-0.004754314,-0.021957183,-0.04552273,-0.005932503,-0.010170174,0.004121009,-0.019147502,-0.017875738,0.0015435318,0.019453725,-0.0040289373,-0.025943551,-0.005865006
SCPEP1,-0.004311769,-0.026973115,0.026802411,0.02074103,0.58577037,0.1462576,-0.059410874,-0.17528412,-0.010631958,-0.1643389,-0.088932,-0.13222976,-0.013699128,-0.067906775,-0.13739386,-0.005483255,-0.02362133,-0.011809,-0.07244678,-0.16254126,-0.030466998,-0.023945402,0.009882056,-0.06719159,-0.066729695,-0.016373815,0.03687054,-0.026948735,-0.07718114,-0.011707606
EPX,-0.00015901246,-0.0008303811,-0.0010034734,-0.0015396564,-0.004070041,-0.0013792268,-0.00073522056,-0.0023668814,-0.00017000244,-0.0021830385,-0.0011149831,-0.0018291599,-0.00018623541,-0.00091867417,-0.0019145487,-0.0001612737,-0.00030431704,-0.00017000244,-0.00090348255,-0.002380221,-0.00037677342,-0.0005239701,-0.00033276997,-0.00081136,-0.00084241235,-0.00021841688,0.054485135,-0.00032948042,-0.0010501675,-0.0004982723
MPO,-0.0027119548,-0.013025094,-0.015227318,-0.023718532,0.16281267,0.011075923,-0.011254682,-0.03860147,0.00248096,-0.035821706,-0.019015888,-0.02901978,-0.0031762004,-0.014632192,-0.032127026,0.0029309075,0.0070323367,-0.0028992542,-0.015408389,-0.038397886,-0.0064256126,-0.008936063,-0.0056752637,-0.010363982,-0.014366353,-0.003724909,0.0050146827,-0.0027799911,-0.017003492,-0.008497583
VMP1,-0.005090073,-0.052804798,-0.074691124,-0.13429548,0.629244,0.165462,-0.046923995,-0.18323322,0.0022083765,-0.090265885,-0.060984217,-0.1554818,-0.0023918576,-0.056590956,-0.11209356,-0.006256339,-0.0068394016,-0.017148629,-0.06529329,-0.16437884,-0.016717244,-0.037347868,-0.008220479,-0.07902886,-0.041781396,0.0019392042,0.018846884,-0.016022425,-0.07005153,-0.024920054
TBX2,-9.180616e-05,-0.00047941093,-0.0005793405,-0.0008889212,0.006602168,-0.00079627795,-0.00042446767,-0.0013665014,-9.8149154e-05,-0.0012603558,-0.0006437393,-0.0010560569,-0.00010752242,-0.00053038576,-0.0011053681,-9.311009e-05,-0.00017569249,-9.814908e-05,-0.0005216191,-0.0013742278,-0.00021752386,-0.0003025115,-0.00019212281,-0.00046843433,-0.00048634317,-0.00012609983,-0.00049318426,-0.00019022757,-0.0006063017,-0.00028766468
CD79B,-0.0050521353,0.25324878,0.2822985,0.47401175,-0.18867034,0.2465578,-0.032425344,-0.10138779,0.022373166,-0.0568679,-0.031560685,-0.09178607,-0.006793322,-0.039963678,-0.08976388,-0.007826475,-0.000901075,-0.0053248014,-0.024659434,-0.02756341,0.0010866937,-0.012341088,0.06776855,-0.049633965,-0.032760307,-0.013277173,-0.010900201,-0.009379352,-0.04131624,-0.027541319
PECAM1,-0.0082685705,-0.05329175,-0.08705659,-0.10579833,0.60538477,0.31914645,-0.07316142,-0.17739439,-0.011432814,-0.21368481,-0.10751476,-0.072487876,-0.009450441,-0.066813976,-0.12042921,-0.010823945,0.002122728,-0.0064387703,-0.07800285,-0.17669222,-0.023256473,-0.036700077,-0.014393377,-0.005331817,-0.07876987,0.010935364,0.02430472,-3.2351822e-06,-0.07393458,0.032865953
AC037487.1,-0.00046821331,0.0039966283,-0.0029546493,0.0026637495,-0.0032058926,0.0038925621,-0.002164779,0.00051587314,-0.00050055684,-0.0011041524,-0.003283025,0.0007926339,-0.0005483692,0.0031372476,0.003274769,-0.00047485175,-0.0008960509,-0.0005005532,-0.0026602736,-0.002039241,-0.001109387,-0.0015428137,-0.0009798312,-0.0023890263,-0.002480342,-0.0006431024,0.010015151,-0.00097014016,-0.0030921504,0.009164648
KPNA2,0.030845864,0.022284435,-0.00018212313,-0.0277441,0.057256617,0.061368607,-0.0036584106,-0.0772859,0.060187593,-0.034019463,-0.021005807,-0.04900978,0.027325453,-0.015567595,0.00088778837,-0.005278616,0.015437224,-0.005557542,-0.005966326,-0.004429648,0.044384066,-0.002612893,0.046262458,-0.030395776,-0.027879816,0.045822073,0.11863114,0.00073772605,-0.011847354,0.06484427
SLC16A6,-0.007847776,-0.034154046,-0.040650174,-0.070635095,0.33963856,0.018967267,-0.023138888,-0.0995665,-0.0046214825,-0.08269246,-0.04303499,-0.07292277,-0.0020102642,-0.03666987,-0.05101305,-0.0017797211,-0.015018536,-0.00838998,-0.02982774,-0.03426141,-0.001477623,-0.019009463,-0.0039744037,-0.037518788,-0.03171109,-0.0034982879,0.038956087,-0.009657637,-0.029398084,-0.020692792
ABCA9-AS1,-0.00020529116,-0.0010720284,-0.0012954859,-0.001987743,-0.0012511662,-0.0017806101,-0.00094916316,-0.0030556526,-0.0002194728,-0.002818286,-0.0014394827,-0.002361474,-0.00024043271,-0.001186027,-0.0024717923,-0.00020820703,0.03917937,-0.00021947312,-0.0011664033,-0.0030729987,-0.0004864213,-0.0006764523,-0.00042961814,-0.0010474825,-0.0010875211,-0.00028197654,-0.001102826,-0.0004253771,-0.0013557838,0.07209928
KCNJ2-AS1,-0.004820007,-0.023215223,-0.029871903,-0.044463214,0.28750208,0.037890214,-0.021544179,-0.068442166,-0.005152989,-0.06345375,-0.030812528,-0.052945394,-0.005645236,-0.026062993,-0.053136546,-0.0017145472,-0.0074912473,-0.0051529948,-0.026167713,-0.06676723,-0.011420672,-0.012779887,-0.008546176,-0.01978655,-0.024220351,-0.004274745,-0.012289394,-0.00998725,-0.029180778,-0.014047036
KCNJ2,-0.0056374446,-0.028325176,-0.03369993,-0.049157552,0.31468618,0.09413442,-0.024778131,-0.08102873,-0.0060269367,-0.07317782,-0.037802,-0.06215233,-0.006602462,-0.031543225,-0.06496488,-0.00017160585,-0.010788661,-0.0060269376,-0.030470083,-0.077729225,-0.013357446,-0.01676022,-0.007799226,-0.02286134,-0.02870921,-0.0077432552,-0.010594119,-0.010308367,-0.035391103,-0.015849408
AC064805.1,-0.0046836887,-0.021727165,-0.027866097,-0.041528903,0.09891951,0.375231,-0.020110823,-0.0670621,-0.0050072884,-0.061197937,-0.031295348,-0.0512653,-0.00548548,-0.025193295,-0.051648553,-0.001418832,-0.008963243,-0.0050072838,-0.02598386,-0.06506462,-0.009636959,-0.01437428,-0.009801498,-0.021103024,-0.024126707,-0.006433222,0.09695683,-0.009704852,-0.026574532,-0.011429134
CD300E,-0.013515743,-0.062093433,-0.07611854,-0.11727287,0.68873405,0.24905506,-0.05465872,-0.18315795,-0.011945425,-0.17115258,-0.086703174,-0.14105198,-0.014646901,-0.0709794,-0.14396526,-0.0050377743,-0.023199193,-0.0131237805,-0.06902371,-0.18088435,-0.029391974,-0.039346766,-0.023223657,-0.055307087,-0.06583875,-0.016936244,0.033831466,-0.02800566,-0.0765092,-0.033974364
CD300LF,-0.0051587312,-0.049675006,-0.057804633,-0.086625226,0.47607845,0.2771176,-0.044087864,-0.14162435,-0.0106848655,-0.13030365,-0.066784345,-0.107926786,-0.01170565,-0.053141784,-0.112130634,-0.0034872997,-0.006940711,-0.010684877,-0.053283855,-0.14030324,-0.022859054,-0.0293638,-0.017943142,-0.043457072,-0.049915127,-0.013728041,0.07335234,-0.018962666,-0.059607472,-0.020039856
SMIM5,0.008558962,-0.011082646,-0.016471043,-0.021745553,-0.014431443,-0.0069435197,-0.007760456,-0.032880776,-0.0029467014,-0.03189307,-0.01682619,-0.018453931,-0.0032280886,-0.013915282,-0.028590046,0.024983358,0.0036115497,-0.0029466995,-0.011573105,-0.0344208,-0.001726688,-0.007339454,-0.0057680868,0.3644546,-0.0102340495,-0.003785832,-0.011607439,-0.005711091,-0.017322749,0.38924685
TK1,-0.002356063,0.0006024139,-0.00087060983,-0.00909123,-0.008738383,0.008117295,-0.005053444,-0.026038446,0.21025145,-0.021150136,-0.0048247827,-0.015957765,0.17964149,-0.0030776765,-0.011038217,-0.002389547,0.009395886,-0.002518863,-0.012190318,-0.014276564,0.33430305,-0.0036987741,0.10631081,-0.006710588,-0.009917836,-0.0032361946,0.021075066,-0.0016952376,-0.0072993133,0.0011027943
BIRC5,-0.0019975835,-0.0028650376,0.0025760173,-0.008297508,-0.017675085,-0.0070438148,-0.0023754819,-0.02384555,0.24718359,-0.011104402,-0.010569318,-0.014235908,0.14526853,-0.008769625,-0.014227032,-0.0020259344,0.008388533,-0.0021355872,-0.0029372524,-0.0034797667,0.33751628,-0.0018012648,0.1042926,-0.0070635127,-0.009073934,0.0029174497,0.017226692,0.0071437894,-0.008344442,0.0012304903
SOCS3,-0.0036246486,-0.047187194,-0.07082333,-0.11982142,0.41609335,-0.03231316,-0.049270324,-0.007109531,-0.010687219,0.04896706,-0.0056877164,-0.12121037,-0.0151830055,-0.026985966,-0.11221271,-0.008154795,-0.014943886,0.0050584585,0.01810485,-0.18002468,-0.028025191,-0.029070573,-0.025322206,-0.056712672,-0.04752904,-0.0173316,0.024659479,-0.022907311,-0.03779356,-0.015534386
TIMP2,0.01534184,-0.06441176,-0.07926211,-0.1155272,0.7433475,0.20478846,-0.062904194,-0.19475318,-0.012654955,-0.18505292,-0.0935489,-0.1487421,-0.015248272,-0.07991415,-0.1637905,-0.0065104775,-0.00596243,-0.009018598,-0.07766838,-0.20261802,-0.03058201,-0.03225065,0.008240868,-0.05795802,-0.06725204,0.016937254,0.09170012,-0.027771095,-0.087357774,-0.01922633
ACTG1,0.03396095,-0.08693053,-0.062309075,-0.19986242,0.15432256,0.07188424,0.008868043,-0.15397885,0.03982452,-0.074257985,-0.049302164,-0.03347233,0.03326616,-0.03133121,-0.007298444,-0.03075345,0.023606637,-0.007453385,-0.03410853,0.14628603,0.032402854,-0.01607157,-0.0005321262,0.08021104,-0.032598447,0.052077007,0.16210331,0.017649394,-0.013081973,0.008452181
CD7,-0.013824844,-0.09129526,-0.11007295,-0.17006898,-0.42018598,-0.14833732,-0.047357995,0.15685423,0.002242309,0.011351065,-0.0039950586,0.17572573,0.0149966255,0.04361711,0.119901024,-0.0060997833,-0.021386303,0.025334053,0.04797032,0.45425752,0.07019122,0.10818842,-0.033800624,-0.079446234,0.0042880257,-0.023052154,-0.08560044,-0.010992688,0.10708774,-0.045076035
SECTM1,0.00633549,-0.05290259,-0.06342324,-0.098133646,0.5094733,0.31575623,-0.045484357,-0.15126726,-0.007518932,-0.13621473,-0.06796151,-0.11960321,-0.012663816,-0.06067278,-0.12073036,-0.0064769774,-0.017525023,-0.009713854,-0.059178546,-0.15117629,-0.022101063,-0.0328181,-0.021237876,-0.046533205,-0.054826576,-0.013599343,0.0670281,-0.021469513,-0.06546857,-0.018347083
METRNL,0.023844985,-0.052131627,-0.0810654,-0.13787952,0.3707241,0.18619886,-0.028410463,-0.22711931,-0.0155367125,-0.19530219,-0.08611105,-0.1770272,-0.008836689,-0.076216415,-0.026313439,-0.01003178,-0.024002498,-4.6620127e-05,-0.044970956,0.21520407,0.018400308,0.012934986,-0.024426084,-0.06502443,-0.079796456,0.02866489,0.11007244,-0.030058734,-0.0034660604,-0.034264077
AP005530.1,-0.00012983273,-0.00067800394,0.03787131,-0.0012571346,-0.0033231743,-0.0011261203,-0.00060028967,-0.0019325375,-0.00013880379,-0.0017824259,-0.00091039983,-0.0014935015,-0.00015206386,-0.00075008377,-0.0015632291,-0.00013167608,-0.0002484703,-0.0001388042,-0.00073768944,-0.0019434589,-0.00030762784,-0.0004278203,-0.00027170294,-0.00066247483,-0.000687793,-0.00017833481,-0.00069747004,-0.00026902236,-0.0008574477,-0.00040682062
TYMS,0.0039148126,-0.005334959,-0.005124198,-0.013927045,-0.03560492,-0.012805347,-0.005696528,-0.01569417,0.2205082,-0.0058522704,-0.0077794096,-0.014421536,0.20055114,-0.0028708456,-0.015080165,-0.0024804333,0.048767515,-0.0026146972,-0.0058495593,-0.0029641562,0.43403253,-0.00020367213,0.08683708,-0.0022057218,-0.00926722,0.010513969,0.0061412374,0.007243795,-0.0042278958,-0.001517174
NDC80,0.0044039353,0.018740747,0.008252501,-0.004154213,-0.08122855,-0.016686942,0.0026006028,-0.01818534,0.120316006,0.030010242,0.009617581,-0.0030311872,0.07002112,0.023756096,0.029182121,0.0044562076,0.0077356454,-0.004067138,0.010138953,0.01679954,0.1491322,-0.0010067017,0.027551027,-0.011836865,0.011491019,-0.0052254293,-0.018120235,0.024592776,0.010642033,-0.0027128616
EMILIN2,0.003000059,-0.057932135,-0.07703997,-0.11953923,0.6641346,0.17685895,-0.053508118,-0.1767411,-0.011083868,-0.155694,-0.0823112,-0.13994153,-0.008352173,-0.069392756,-0.14422241,-0.008562408,-0.013010341,-0.0112781925,-0.07017844,-0.17465147,-0.027905963,-0.032378267,-0.023188023,-0.059664648,-0.06560935,0.005313812,0.12438657,-0.025822325,-0.078589834,0.0027394942
AP002478.1,-0.0012806321,-0.006687446,-0.0061175553,-0.009765394,-0.0038744726,-0.006742342,-0.0059210025,-0.018148206,-0.001369111,-0.015632164,-0.007202424,-0.013601091,-0.001499866,-0.005260328,-0.015419223,-0.0012988044,-0.0024508,-0.0013691072,-0.007276235,-0.018259814,-0.003034317,-0.004219818,-0.0026799869,0.319779,-0.0067840912,-0.0017590008,-0.006879552,-0.002653496,-0.008457553,-0.00012240488
EPB41L3,7.532331e-05,-0.050890274,-0.06273532,-0.09638185,0.48756027,0.25081652,-0.047137104,-0.11543666,-0.009765747,-0.13679123,-0.07093182,-0.114253566,-0.012367948,-0.058152784,-0.1210108,-0.0075992825,-0.008472393,-0.0077020437,-0.05896587,-0.14843997,-0.021562932,-0.033125434,-0.019968756,-0.018895162,-0.054840736,-0.008061792,0.11220566,-0.020096898,-0.06458111,-0.028023321
RAB31,0.021513883,-0.036797184,-0.017084336,-0.10638963,0.6767648,0.1645869,-0.061145306,-0.19901215,-0.014406666,-0.18441595,-0.09267406,-0.15394461,-0.013848007,-0.078508176,-0.15628453,-0.007742381,-0.021587903,-0.011482693,-0.075138696,-0.19339159,-0.029215755,-0.03729619,0.0017987415,0.051593438,-0.072294734,0.03793271,0.15037093,-0.024171568,-0.08545925,-0.014783795
PIEZO2,-0.00024290358,-0.0012684765,-0.0015328695,-0.0023519462,-0.0062173796,0.013223839,-0.0011230961,-0.0036155242,-0.0002596923,-0.003334702,-0.0017032478,0.0031578594,-0.00028449506,-0.0014033406,-0.0029246712,-0.00024635068,0.09986353,-0.00025969232,-0.0013801508,-0.0036360393,-0.0005755488,-0.0008004004,-0.0005083357,-0.0012394359,-0.0012867993,0.046213016,-0.0013049106,-0.000503319,-0.0016042121,-0.00076112256
RBBP8,0.02108137,-0.004943939,0.0019902585,-0.018849153,0.17396839,0.24473485,-0.024441468,-0.09055885,0.04894875,-0.07914512,-0.039910514,-0.069181144,0.027237438,-0.035316937,-0.066422574,-0.007055328,0.022796052,-0.0028490704,-0.03542888,-0.0758783,0.055792168,-0.0036477142,0.04470382,-0.029469868,-0.028520409,0.030118218,0.06759591,-0.0047727153,-0.03537523,0.037093177
TTC39C-AS1,-0.0030880277,-0.013115319,-0.014564616,-0.023248477,-0.06295305,-0.020735826,0.0014014425,-0.035192564,-0.003301322,0.2274825,0.0539634,-0.029365294,0.00067573506,0.007377556,-0.020197146,-0.0031318613,-0.0059096375,-0.0033013239,0.040251374,-0.032767043,-0.007316709,-0.0070624175,-0.0016489836,-0.013693117,-0.0064971787,-0.0042414917,-0.0127875,-0.0014683388,-0.0053145364,-0.0048341253
ZNF521,-0.0010024126,-0.0022164509,-0.006325614,-0.008021681,-0.005953126,-0.006836738,-0.0012414318,-0.014920391,-0.0010716469,-0.013761362,-0.0070288545,-0.008640056,-0.0011740146,-0.0057911417,-0.010678055,-0.0010166223,0.37966362,-0.0010716481,-0.0056953663,-0.011514289,0.0041830605,0.03460173,-0.0020977182,-0.0051147128,-0.0053102504,-0.0013768408,0.003400136,-0.0020770319,-0.0066200574,0.12618512
PCAT18,-0.0002596781,-0.0013560512,-0.0016387263,-0.002514333,0.012345065,-0.0022523373,-0.0012006627,-0.0038652504,-0.0002776292,-0.0035650616,-0.0018208907,-0.0029870695,-0.0003041471,-0.0015002127,-0.0031265996,-0.0002633655,0.062063828,-0.0002776295,-0.0014754537,-0.0038870873,-0.0006152986,-0.0008556635,-0.0005434449,-0.0013249979,-0.0013756506,-0.00035668595,-0.0013950488,-0.00053806003,-0.0017150077,-0.0008136874
DSC2,-0.0049792686,-0.024722379,-0.030345418,-0.046084225,0.33107454,-0.017188685,-0.023021514,-0.07186341,-0.002392009,-0.06702264,-0.034434613,-0.055443194,-0.0058315825,-0.02817831,-0.058167726,0.0013576368,-0.009528832,-0.0053231544,-0.028290678,-0.07203153,-0.011797726,-0.015394024,-0.010420017,-0.022129627,-0.02637748,-0.0068390807,-0.008165999,-0.010317121,-0.03187548,-0.015601912
KLHL14,-0.0025014232,0.11843368,0.05812964,0.28998995,-0.060729615,-0.019456495,-0.010186144,-0.036764257,-0.0026742886,-0.0338389,-0.0138703715,-0.025850408,-0.0029297185,-0.014451559,-0.025608199,-0.002536953,-0.0047871787,-0.0026742877,-0.013093273,-0.033198517,-0.0059269452,-0.00824262,0.13572857,-0.011502637,-0.0132515235,-0.0034358923,-0.013437966,-0.0051831603,-0.015547646,-0.007838127
AC011139.1,-0.0005808071,-0.003032985,-0.003665186,-0.0056237844,-0.010620531,0.001374683,-0.0026853448,-0.006633143,-0.0006209271,-0.007973537,0.0037539203,-0.006681082,-0.00068025,-0.0033555403,-0.006993116,-0.0005890559,0.41873074,-0.0006209277,0.0014852765,-0.0086939465,-0.0013761885,-0.0019138331,-0.0012154666,0.0023507609,-0.0030768823,-0.00079775817,-0.0031200966,-0.0012034685,-0.0038357219,-0.0018199064
PSTPIP2,-0.004981433,-0.056015227,-0.068391904,-0.10702848,0.3378836,0.1740037,-0.02014114,-0.12571803,-0.005382616,-0.11045342,-0.04833792,-0.100918405,-0.0087419795,-0.048177484,-0.06816206,-0.009289617,0.024612136,-0.0062817964,-0.04920563,-0.019895185,-0.005228621,-0.029219382,-0.020973958,0.055941187,-0.047287464,-0.014345729,0.10238468,-0.019418618,-0.0437919,-0.031447373
SKA1,-0.0015505522,0.0016660382,0.006484692,0.0013702419,-0.00513308,-0.00020811123,-0.0027580974,-0.014742474,0.1766879,-0.010783812,-0.009400008,-0.014090674,0.05824558,-0.0071875933,-0.0033298384,-0.0015725469,0.0075340606,-0.0016576812,-0.0033940827,-0.0043294043,0.17082834,-0.0020384172,0.04952131,-0.0059167976,-0.004349418,0.005166246,0.0011462811,-0.0032128077,0.000705391,0.008013317
RAB27B,-0.004395042,-0.018050432,-0.024818221,-0.03861767,-0.07532019,-0.027481418,-0.0011108677,-0.03656089,-0.004698655,-0.03397209,-0.013365538,-0.045180574,0.007115257,-0.017151246,0.016247666,-0.0044574123,0.056990936,-0.0012564097,-0.018447965,0.16302283,0.042874474,0.03198163,-0.0058168415,0.30325672,-0.021186903,-0.0034625689,-0.020935664,-0.0073142853,0.005923265,-0.010359193
AC098848.1,-0.0010274125,-0.005365121,-0.0064834,-0.0066641415,-0.016694788,-0.0070986133,-0.0014407503,-0.013016725,-0.001098381,-0.010465014,-0.0072041918,-0.009002681,-0.0012033,-0.005935619,-0.0069534583,-0.0010419893,-0.0019662192,0.013040326,-0.0058375276,0.0061531784,-0.0024343457,-0.0033854751,-0.0021500858,0.21741675,-0.0054427003,-0.0014111998,-0.0055192327,-0.002128836,0.0002440376,0.001626345
TCF4,0.060753357,0.22781248,0.23093984,0.29021636,0.10716878,0.023414893,-0.040776946,-0.13449611,-0.009390508,-0.1306463,-0.06395022,-0.10305042,-0.010570806,-0.052740484,-0.1063432,-0.0086153345,0.062415164,0.0017917634,-0.053778987,-0.10035456,-0.010867028,0.006567697,0.09097737,-0.030000146,-0.04944266,0.021308487,0.11825326,-0.020996172,-0.0580383,0.19677804
SEC11C,0.013936505,0.020135297,0.03979014,-0.039267976,-0.08900183,0.028989857,0.013599067,-0.07365131,0.02618961,0.057778865,0.03161348,-0.058017254,0.018705849,0.026333703,0.044669226,-0.012870903,-0.0071709747,0.0011649558,0.042665858,0.063423514,0.008773609,0.00015001606,0.09549326,-0.06960139,-0.011405882,0.007609929,0.020375304,-0.011943401,0.023232276,0.073556624
LMAN1,0.012477481,0.005417847,-0.005096175,-0.019250855,-0.12968355,-0.03356469,0.008595914,-0.03686302,0.025495008,0.038057722,0.029030425,0.005499239,0.031045068,0.025316875,0.0595676,-0.0072220596,0.02951434,0.0033517485,0.041971408,0.06280239,0.03327586,0.017481228,0.09842865,-0.05176709,-0.0046880497,0.002827337,-0.00015814343,0.0012696023,0.04247429,0.090539455
PMAIP1,0.022013737,0.060328424,0.07159797,0.0985464,0.11853984,0.08484934,-0.010487125,-0.15562901,0.012785926,-0.08120419,-0.018198228,-0.1212692,0.0024852243,-0.029403029,-0.024247376,-0.0080145635,0.004740425,-0.0063875965,0.02394818,0.0031810934,0.013705889,-0.009931244,0.009392718,-0.05052037,-0.011154978,0.030846575,0.07703952,0.0094973985,-0.0012092388,0.002280348
AC090409.1,-0.0017271421,-0.0072707348,-0.009443171,-0.015745651,-0.013236904,-0.012822922,-0.00601649,-0.023674797,-0.0018464542,-0.022265684,-0.008154803,-0.019028243,-0.002022816,-0.00997803,-0.018375484,-0.0017516392,-0.0033052864,-0.0018464598,-0.009813116,-0.023149995,-0.0040923073,-0.0056911707,-0.0036143775,0.46212298,-0.009149597,-0.0023722763,-0.009278285,-0.0035787488,-0.008613059,-0.0025261492
SERPINB2,-0.003186817,-0.016641611,-0.019307004,-0.028145654,0.2128395,-0.025285825,-0.013644969,-0.045184705,-0.0034070406,-0.040149935,-0.021616662,-0.035733942,-0.0037324037,-0.016669374,-0.033892415,-0.0032320658,-0.0060987175,-0.0034070343,-0.01721623,-0.0435844,-0.005470651,-0.0089875,-0.0043244874,-0.016260581,-0.015929252,-0.004377242,-0.015278492,-0.0066032344,-0.018724686,-0.009985698
CD226,-0.00872375,-0.051416736,-0.05254296,-0.101069,-0.2567165,-0.058284156,0.07492933,0.007676552,0.020525351,0.10513834,0.04475154,-0.00085214304,0.015941504,0.046099637,0.08385964,-0.004560178,-0.018301845,0.008899737,-0.0134588,0.21389839,0.03202279,0.04238682,-0.008900983,0.112174235,-0.028784145,0.026553977,-0.0074799727,-0.01958781,0.054748084,-0.030943092
FAM110A,-0.0021400023,-0.032260355,-0.033226613,-0.06486035,0.19699381,0.31392828,-0.0368107,-0.0903755,0.009057172,-0.08883201,-0.048221212,-0.06436821,-0.001793409,-0.039515752,-0.061063435,-0.0077215508,-0.0020478975,-0.00237798,-0.036263555,-0.06348058,-0.005894407,-0.018423598,-0.017095797,0.056552865,-0.027601238,0.0070679965,0.059408534,-0.0077539408,-0.030713258,-0.01493352
SIRPB1,0.009111245,-0.05028448,-0.06256355,-0.096047044,0.5573967,0.18770078,-0.047553603,-0.14538561,-0.009791235,-0.13707049,-0.06925291,-0.11052974,-0.01111534,-0.05741542,-0.12006951,-0.004468612,-0.020192053,-0.009516964,-0.05689076,-0.15011556,-0.021964276,-0.032579012,-0.020687506,-0.047227055,-0.050468925,-0.012357837,0.023590444,-0.018108554,-0.06558736,0.02211839
SIRPA,-0.009348033,-0.052577563,-0.064825535,-0.09890919,0.6729932,-0.003421791,-0.049281336,-0.15868178,-0.0106372265,-0.14705898,-0.07418268,-0.12233879,-0.013060816,-0.062320154,-0.12576924,-0.003144802,-0.018964881,-0.011922119,-0.059221074,-0.15592043,-0.02353987,-0.033131838,-0.021089938,-0.047921967,-0.056409024,-0.015317473,0.093214735,-0.02048199,-0.070419766,-0.026906574
CPXM1,-0.00087154796,-0.0010873156,-0.0026130062,-0.008438859,-0.018531822,-0.005421399,-0.0040295892,-0.011630165,-0.000931764,-0.006235823,-0.0035021368,-0.0033788285,-0.0010207526,-0.005035145,-0.010493693,-0.0008839138,0.39954394,-0.00093176827,-0.0049519674,-0.0023514405,0.020566093,0.024356095,0.023765149,-0.00444702,-0.0046170754,0.03778332,0.005417008,-0.0018058908,0.008069727,-0.002730894
AVP,-0.0008112931,-0.00051907235,-0.005119674,-0.007855418,-0.01569746,-0.004741398,-0.0037509955,-0.00487134,0.017030723,-0.009600869,-0.0028867302,-0.0057653114,-0.0009501905,-0.004687019,-0.00805292,-0.0008228121,0.5398649,-0.00086734205,-0.0046096006,-0.012144094,-0.0019222728,-0.0026732977,-0.0016978119,-0.0041396073,-0.0006276973,-0.0011143498,0.010106658,-0.0016810328,-0.0023905945,-0.0025421388
ADAM33,0.4217402,-0.0017287432,-0.0020890834,-0.0032053636,-0.005990344,-0.0028712992,-0.0015305984,-0.0049273907,-0.00035390837,-0.0007805294,-0.0023212435,-0.0038080495,-0.00038771683,-0.001912544,-0.0039858446,-0.00033573958,-0.00063353294,-0.0003539087,-0.0018808567,-0.0049552387,-0.0007843661,0.013217472,-0.0006927839,-0.0016891452,0.0072307913,-0.00045470684,-0.0017783967,-0.0006859396,-0.0021862648,-0.0010372902
SIGLEC1,0.016747778,-0.026899705,-0.03396644,-0.052113928,0.34285063,-0.007731518,-0.024328887,-0.07953107,-0.006075918,-0.07331875,-0.036397226,-0.061845157,-0.00665617,-0.03130781,-0.06363653,-0.00034615476,-0.010876292,-0.0060759136,-0.029668069,-0.07904341,-0.010992218,-0.018727131,-0.009263694,-0.02722439,-0.029535558,-0.0017289801,0.046580505,-0.011775937,-0.03523322,-0.015112415
SMOX,0.012736935,-0.01359342,-0.01634246,-0.024991812,0.030708384,-0.0046325335,-0.013846727,-0.042594578,-0.0032017778,-0.036887486,-0.014831407,-0.031011472,-0.0035076162,-0.017301971,-0.033695105,0.022700474,0.027120035,-0.0032017853,-0.016071852,-0.040870205,-0.0070960447,-0.009868395,0.060995482,0.40327114,-0.01384238,0.011036053,0.09619233,-0.0036481773,-0.019778522,-0.0026503627
PCNA,0.004798349,-0.008363425,-0.009617938,-0.032492287,-0.015253501,0.062417768,0.0058604884,-0.031734798,0.066288374,0.0019909714,-0.004870162,-0.015783751,0.07129644,-0.006734096,-0.0007557685,-0.0051501365,0.013387506,-0.0012068079,-0.008581077,0.015733052,0.13901708,0.0052385754,0.03054453,-0.032925464,-0.020865846,0.026770798,0.049628142,-0.0044761235,-0.0014085188,0.010631043
CHGB,-0.0007462141,-0.0038967018,-0.0013387543,-0.0049654036,-0.009185542,-0.003974613,-0.0034501238,-0.0095396945,-0.0007977624,0.028189123,-0.002183166,-0.008583712,-0.0008739705,0.043379765,-0.0033909746,-0.0007567993,-0.0014280536,-0.0007977625,-0.004239785,-0.008048547,-0.0017680697,-0.0024588662,-0.0015616145,-0.0038075221,0.023976143,-0.0010249575,-7.787856e-05,-0.0015461714,0.0015252363,0.0043397285
LAMP5,0.031619057,-0.008083469,-0.0046303337,-0.01937601,0.006205477,-0.011092258,-0.010663154,-0.033816542,-0.0024656437,-0.03056787,-0.016171899,-0.025263518,-0.0027011181,-0.012126304,-0.025325239,-0.0023390264,-0.004413661,-0.0024656423,-0.013103736,-0.027376061,-0.005464563,-0.0075995885,0.021065265,0.033087727,-0.012217683,-0.0031678004,0.07951839,-0.0014867045,-0.012065505,0.58316964
MACROD2,-0.0031467772,0.09652002,0.04080025,0.44647223,-0.072395116,-0.02371685,-0.014549307,-0.043835353,-0.0033642019,-0.04199697,-0.022065088,-0.034344543,-0.0036855415,-0.014652373,-0.03699117,-0.003191436,0.00176898,-0.003364203,-0.017879218,-0.044473115,-0.007456,-0.008836459,0.0099486355,-0.015071369,-0.016670242,0.013680311,-0.011309016,-0.006520344,-0.020781867,-0.008276436
RRBP1,0.014590281,-0.046654172,-0.08117614,-0.08028634,0.23023497,0.12737164,-0.0063422774,-0.17087618,0.0089655025,-0.11496572,-0.054018863,-0.13351116,0.012652712,-0.051999796,-0.006818943,-0.008559045,0.015858876,0.023288496,-0.030828867,0.1208199,0.017807294,0.03890702,0.072046086,-0.069443755,-0.059018955,0.018483307,0.07988113,-0.020609837,-0.003605977,0.13067827
RIN2,-0.0052325604,-0.034753494,-0.04336645,-0.06614943,0.40927404,0.09145657,-0.033976275,-0.105399475,-0.007856245,-0.09517292,-0.04801665,-0.082049936,-0.008606809,-0.040335078,-0.084101655,0.0009125857,-0.0057948846,-0.005558572,-0.04089698,-0.10304398,-0.017411906,-0.023455795,-0.01436748,-0.030638704,-0.037498567,-0.006948648,0.044190723,-0.015226694,-0.047792982,-0.018745737
THBD,0.033422388,-0.022122402,-0.024260558,-0.04059883,0.22856908,0.007356574,-0.01958702,-0.060455363,-0.004529089,-0.055699114,-0.028571581,-0.046952732,-0.004961669,-0.024474831,-0.048250176,-0.004296526,-0.006185081,-0.004529083,-0.023385787,-0.060526308,-0.008435703,-0.013959358,-0.008865473,-0.017830765,-0.020962529,0.113185495,0.07152836,-0.008778067,-0.026790697,0.032605406
CD93,0.0027400646,-0.06307948,-0.07718694,-0.11717114,0.7837389,0.016993484,-0.05705411,-0.1863923,-0.009752264,-0.16948116,-0.08502124,-0.14297508,-0.01247456,-0.072915494,-0.14491624,-0.00115777,-0.022990739,-0.014217339,-0.0706293,-0.17526926,-0.02805015,-0.039159022,-0.026664548,-0.054843295,-0.066669025,0.035927143,0.04290716,-0.025141515,-0.07810212,-0.02952897
CST3,0.038786568,-0.07404291,-0.09258919,-0.13803527,0.70994663,0.28956074,-0.06515724,-0.23411998,-0.01559312,-0.21768558,-0.105378754,-0.18493919,-0.015082682,-0.09288631,-0.15333568,-0.008581184,-0.004048764,-0.00891537,-0.089891545,-0.17931312,-0.026335493,-0.031333435,-0.027782073,0.05298446,-0.08604589,0.058774106,0.21708806,-0.03390034,-0.08453124,0.05781245
CST7,-0.010219036,-0.056979634,-0.077390015,-0.113740526,-0.31707922,-0.106269546,0.14118247,-0.19355483,0.0006179347,-0.13996394,0.028330335,-0.14264885,0.035047043,-0.025785936,0.38475385,-0.0065770326,-0.024733983,-0.010791494,0.13840695,0.6015197,0.07821225,0.07903982,-0.018542854,-0.04412437,-0.056549262,-0.012311095,-0.017111525,-0.0046678046,0.17573285,-0.038987037
ID1,-0.0064321463,-0.030545335,-0.03805416,-0.0576632,0.38087142,-0.0114180725,-0.028577914,-0.0874123,-0.004621573,-0.083454475,-0.04090837,-0.06961629,-0.007533215,-0.03438147,-0.07098108,-0.0017517185,0.016326379,-0.00687651,-0.034153685,-0.08863421,-0.010977847,-0.020370414,-0.011130025,-0.02966842,-0.03252964,-0.0034271877,0.06017732,-0.009433357,-0.03963095,-0.018565934
TPX2,0.0046704225,-0.00096066436,0.0015649279,-0.011173075,-0.035852145,-0.00868937,-0.0027572198,-0.020349735,0.23281948,-0.010735375,-0.00965298,-0.016142894,0.13433272,-0.008072408,0.0010519554,-0.0022797536,0.05005058,-0.0024031277,-0.0090260655,0.010276908,0.29071295,0.00749053,0.07847123,-0.0059138327,-0.0038887828,-0.0030874803,0.006223138,0.0054612462,0.0035564401,0.01965132
HCK,0.009751513,-0.018287547,-0.06268353,-0.1051791,0.6938301,0.30086184,-0.0636817,-0.20023833,-0.013381944,-0.18789998,-0.093902685,-0.15587993,-0.015786327,-0.07991214,-0.15909897,-0.006570789,-0.02516371,-0.014360967,-0.079208344,-0.19919518,-0.030103778,-0.04386075,-0.028945101,-0.06049973,-0.07399487,0.02937746,0.098782755,-0.028167611,-0.08750918,-0.032154907
PLAGL2,-0.004524069,-0.032653607,-0.042142756,-0.06751572,0.3440943,0.2740901,-0.032618452,-0.11085564,0.00047768062,-0.09665342,-0.04699932,-0.086147115,-0.009895816,-0.042587243,-0.08499555,-0.004534262,-0.0068013296,-0.004450581,-0.04100577,-0.10354791,-0.011899006,-0.023871275,0.0027099657,-0.04232753,-0.040844038,0.00016076991,0.0066655395,-0.015371008,-0.039788548,-0.012604361
E2F1,-0.0025032018,0.005154726,0.0044855885,-0.021529969,-0.03924797,0.11456516,-0.010194791,-0.026385967,0.11406539,-0.016232507,-0.012947592,-0.023532558,0.12571111,-0.008916942,-0.020557681,0.0035755204,0.008256925,-0.0026761221,-0.008593489,-0.015772302,0.31361878,-0.0044308784,0.039447345,0.09162337,-0.012050705,-0.0034382078,0.005360449,-0.002165865,-0.013609768,-0.0038582152
ASIP,0.032644574,0.0038341288,-0.0068307645,-0.0071364245,-0.027355356,-0.01055296,-0.006349606,-0.018732762,-0.0014682075,-0.017943772,-0.006302056,-0.01262673,-0.0016084325,-0.0059367404,-0.016535101,-0.0013928171,-0.002628198,-0.001468206,-0.0078028818,-0.018854361,-0.0032539202,-0.0010543425,-0.0028739513,-0.007007297,-0.007275154,-0.001886325,-0.0052416613,-0.0028456217,-0.0073123006,0.654011
FAM83C-AS1,-0.00020529123,-0.0010720287,-0.0012954857,0.0062150694,0.002752666,-0.0017806126,-0.0009491626,-0.0030556498,-0.0002194727,-0.0028182843,-0.0014394829,0.0046813292,-0.0002404326,-0.0011860274,-0.0024717955,-0.00020820701,-0.0003928712,-0.000219473,-0.0011664054,-0.0030730024,-0.00048642192,-0.00067645207,0.03576783,-0.0010474819,-0.0010875205,-0.00028197776,-0.0011028262,-0.0004253774,-0.0013557844,-0.0006432637
MYL9,-0.0031744218,-0.0040817065,0.0030828223,-0.021625046,-0.005313826,-0.00807988,-0.013591017,-0.03906239,0.005780325,-0.0364403,-0.01573676,-0.030532243,-0.0037179098,-0.015732154,-0.0271328,-0.003219529,-0.0009454447,-0.0033937858,-0.015372276,-0.031185048,-0.005444039,-0.0074398965,0.0027244336,0.5993112,-0.015872132,0.0028058847,-0.008704581,-0.006577664,-0.017896084,0.0042715482
SAMHD1,0.038668565,-0.12942797,-0.15455694,-0.2391244,0.46389395,0.12511042,-0.032514982,-0.09654041,-0.0032249973,-0.09671559,-0.062053412,-0.10039377,-0.0060082753,-0.051036138,-0.06283002,-0.020466251,-0.04840467,-0.0041215066,-0.08468728,-0.03225615,-0.0076744836,-0.024671847,-0.046971098,-0.094999015,-0.017927893,0.038658485,0.17447498,-0.017034411,-0.040077433,0.074187934
GHRH,-0.00024291457,-0.0012684639,-0.001532866,-0.0023520233,0.0073173037,0.005559063,-0.0011230814,-0.003615634,-0.00025968874,-0.0033346887,-0.001703272,-0.0027942264,-0.00028449277,-0.0014033304,-0.0029246574,-0.00024635915,-0.0004648563,-0.00025968853,-0.0013801442,-0.0036359613,-0.0005755387,-0.0008003961,-0.00050832203,-0.0012394233,-0.0012867809,-0.0003336507,0.022846859,-0.00050331233,-0.0016042105,-0.0007611218
MAFB,-0.009098806,-0.055545103,-0.069845855,-0.10878723,0.6239446,0.2971795,-0.051152427,-0.17381309,-0.008788835,-0.16159694,-0.08086434,-0.13577208,-0.010811343,-0.067007005,-0.13216153,-0.006535393,-0.023853619,-0.013684467,-0.065392315,-0.16433445,-0.022945764,-0.03607009,-0.02201083,-0.049323954,-0.061278865,-0.016719105,-0.008204123,-0.025331257,-0.069698416,-0.033467013
MYBL2,0.007899499,0.06374014,0.038757965,0.1260422,-0.06388044,-0.02189979,-0.008626769,-0.03985487,0.15433387,-0.030185034,-0.017939037,-0.029279308,0.075179994,-0.013872287,-0.027571313,-0.0029385937,-0.002741369,-0.0030976147,-0.014520753,-0.037219428,0.14094897,-0.009547484,0.19642104,-0.0028007654,-0.012218307,-0.003979769,-0.01247946,-0.00077545847,-0.014933959,0.41443145
TOX2,0.013075851,0.017185831,-0.005653634,-0.016680103,-0.008710431,-0.01246048,-0.007872267,0.009912083,0.054506566,0.00031622374,-0.01223509,-0.002522384,0.010477276,-0.010578665,-0.015984297,-0.0020921878,0.015929477,0.019196734,-0.008999785,-0.014349568,0.011130224,0.009436627,0.08228511,-0.009017506,-0.0021625995,-0.002833495,-0.011081972,0.036137953,0.0040215855,0.16578475
PKIG,-0.0022546267,0.22487882,0.19220324,0.38409522,-0.1018175,-0.036788322,-0.022116704,-0.05364717,-0.005595812,-0.06074462,-0.034001727,-0.0038576855,-0.003599573,-0.024253722,-0.055995837,-0.002385676,0.07311211,-0.0055958177,-0.026948273,-0.06803001,-0.0072418586,-0.010612378,0.0047063427,0.039031703,-0.023481246,0.03178872,-0.007303758,-0.009371935,-0.030715717,0.023128718
ADA,0.031884015,-0.036901984,-0.03776428,-0.07435635,-0.10624366,0.29213464,0.005515111,-0.041800153,0.039844364,-0.019091446,-0.0053791,-0.02712294,0.027840294,-0.019527819,0.0069226013,-0.00561233,0.032928236,0.0032884858,-0.0069184224,0.0957405,0.03985852,0.018331824,0.041122507,-0.039780207,-0.03354431,0.032756288,0.023135519,-0.00041032795,-0.0011114187,0.12121284
SDC4,9.338791e-05,-0.019651178,-0.022072013,-0.036133498,0.21197243,-0.016608382,-0.014477857,-0.055510182,0.010721636,-0.043168165,-0.01960605,-0.043910548,0.002294407,-0.019720843,-0.041961364,9.033424e-05,-0.005391154,-0.0002894885,-0.015604326,-0.051499568,0.007960858,-0.011643597,-0.006274288,0.040455285,-0.016775085,0.00040447706,0.018408768,-0.0061864927,-0.022019463,-0.0070587974
UBE2C,-0.0016255323,0.00082193135,0.00061078166,-0.007414258,-0.024368314,-0.006066581,-0.0075156954,-0.01698088,0.2139144,-0.010002944,-0.008592877,-0.01334502,0.112719364,-0.0026332543,-0.010968017,-0.0016486127,0.011896415,-0.0017378454,-0.0023679389,-0.013543343,0.28459713,-0.0024243537,0.07911253,0.060546078,-0.0067686,-0.0022327523,0.0075254748,0.0012608486,-0.0033007686,-0.002027969
TNNC2,-0.0025152147,0.0061610993,0.02438411,-0.010162441,0.00036440068,-0.00025407004,-0.010260203,-0.033213004,-0.002688993,-0.017520934,-0.014905345,-0.0155927,0.023429263,-0.009041793,-0.027498234,-0.0025508818,0.0016800633,-0.0026889942,-0.008703796,-0.03157003,-0.0033279322,-0.0044897823,0.02135376,0.37778917,-0.009738249,0.005549224,-0.011172985,-0.005211669,-0.016610894,-0.003914502
CTSA,-0.00048360502,-0.04995132,-0.04704092,-0.12361885,0.47335622,0.059040904,-0.052985292,-0.17577042,0.008525615,-0.07940012,-0.063094735,-0.100471035,1.6297608e-05,-0.02189124,-0.0982508,-0.0069328863,-0.009062641,-0.004618754,0.021108635,-0.12426196,-0.013876526,-0.01141154,0.005249231,0.16847634,-0.047836103,-0.017558685,0.012846513,-0.015451497,-0.058278527,-0.018808182
CD40,0.0005264377,0.14401822,0.24658047,0.3395557,0.042904332,0.07682635,-0.031177739,-0.09674562,-0.0066525093,-0.09830705,-0.04870538,-0.077352285,-0.009288086,-0.040402986,-0.078423165,-0.006052403,-0.009895129,-0.0063344995,-0.04028432,-0.088817835,-0.011410969,-0.022740895,0.041983385,-0.025283953,-0.034549944,0.027482357,0.028332405,-0.014252773,-0.04467111,-0.0040304074
B4GALT5,-0.0037161566,-0.038176578,-0.047763065,-0.07363929,0.2828117,0.11110564,-0.0024315296,-0.13338652,0.0026724278,-0.09038886,-0.03326293,-0.093314186,-0.0013552475,-0.035285253,-0.016521499,-0.0048234374,-0.004956333,-0.0016715593,-0.007865906,-0.0057715736,0.0050486345,-0.0050576227,-0.017097075,-0.043731946,-0.04225999,0.023811776,0.030791076,-0.015157234,-0.0099782115,-0.016622216
SNAI1,0.0060730516,-0.017412933,-0.018712629,-0.029156528,0.16950831,-0.019892748,-0.015417395,-0.046021037,-0.0035649245,-0.040379636,-0.023381561,-0.03702418,0.00020529998,-0.018415412,-0.03755765,-0.003381847,-0.0063814917,-0.0035649159,-0.01635667,-0.04558143,-0.007900912,-0.010987678,-0.004750083,-0.01608042,-0.016738323,0.012430256,0.14547132,-0.004568599,-0.020549528,0.0032503211
CEBPB,-0.018698098,-0.086229794,-0.09609923,-0.16014802,0.6453283,0.28253308,-0.043820456,-0.22253177,-0.01313716,-0.18348217,-0.068570055,-0.17548127,-0.015522983,-0.06511481,-0.100255966,-0.014384594,-0.029573185,-0.014720925,-0.07239669,-0.064139366,-0.01854153,-0.040810008,-0.031022092,-0.07329388,-0.08021382,-0.019460296,0.055105742,-0.033047967,-0.04726362,-0.06601296
SMIM25,-0.006201037,-0.051097352,-0.060625464,-0.09161287,0.45123798,0.44918266,-0.043011386,-0.145446,-0.007296688,-0.13596934,-0.068773106,-0.114780955,-0.012462587,-0.055889048,-0.11476877,-0.004850652,-0.018619446,-0.0079443045,-0.055751745,-0.14308421,-0.023064302,-0.032891322,-0.02018636,-0.043366678,-0.052931927,-0.012515043,-0.01767029,-0.021206928,-0.06501049,-0.027872544
KCNG1,-0.0021423155,0.01855475,-0.012343247,0.35672477,-0.048681036,-0.016842674,-0.009905036,-0.028598292,0.004488724,-0.028827598,-0.01395822,-0.02261417,-0.002509091,-0.012376778,-0.024483914,-0.0021727474,-0.0003044192,-0.002290342,-0.0108680455,-0.029339172,-0.005076063,-0.0070592514,-0.0044833017,-0.00948781,-0.011348994,-0.002942596,-0.010139148,-0.00443899,-0.013009211,-0.006712789
TSHZ2,-0.006952902,-0.027657392,0.0073488844,-0.05172679,-0.16310264,-0.05460859,-0.028979914,0.39634848,0.0157778,0.18856141,-0.037272353,-0.0055851173,-0.008143329,-0.021466635,-0.074943885,0.0040282807,-0.008624305,-0.0052483194,-0.038629487,-0.095770836,-0.015531702,-0.022911055,0.034099452,-0.031050393,0.021580445,-0.007927321,-0.03397352,-0.0038404835,-0.038878072,-0.018108625
AC005808.1,-0.00012983152,-0.0006780155,0.018525835,-0.0012571372,-0.0033231536,-0.001126129,-0.0006002892,0.007061668,-0.00013880349,-0.0017824306,-0.0009104083,-0.0014935037,-0.00015206568,-0.0007500787,-0.0015632089,-0.00013167452,-0.00024846868,-0.00013880391,-0.00073769584,-0.0019434567,-0.00030762734,-0.00042782168,-0.00027169814,-0.00066247885,-0.00068778225,-0.00017833644,-0.0006974641,-0.0002690195,-0.00085744925,-0.00040681643
AURKA,0.014235459,-0.0045363633,-0.005567256,-0.018174889,0.041421317,0.051910277,-0.0040430073,-0.0318175,0.124348015,-0.017459983,-0.011082075,-0.019705769,0.035598855,-0.009985606,-0.013390623,-0.0028128813,0.003522102,-0.0029651348,-0.01062307,-0.01492424,0.07765301,-0.005643002,0.04529021,-0.009586869,-0.014692567,0.004360562,0.032905445,-0.0029872349,-0.01121119,-0.0014405356
PMEPA1,0.027907567,0.09591044,0.044824988,0.19844477,-0.05185237,-0.024757717,-0.017386436,-0.010606935,-0.004227739,-0.021438027,-0.012888821,0.000111253335,-0.00463152,-0.012833166,-0.04249901,-0.00013542947,0.00070418295,-0.00047388507,-0.021005772,-0.05583697,-0.009369793,-0.013030503,0.069216,-0.016083105,-0.0154896965,-0.002571948,-0.007840412,-0.0062244376,-0.02361994,0.27072248
CTSZ,0.036308438,0.049792554,0.039387777,0.022054732,0.6302877,0.24012558,-0.06775726,-0.24457516,-0.010532592,-0.2066009,-0.10777848,-0.1925477,-0.011488037,-0.09101625,-0.16804372,-0.011342697,-0.01966154,-0.010508311,-0.088130735,-0.186644,-0.021092484,-0.03389041,0.006154241,-0.06730867,-0.081947096,0.053582776,0.18837567,-0.033055823,-0.09466584,0.08974924
TUBB1,-0.0011707252,-0.019872872,-0.012087231,-0.024314808,0.0246594,0.01758472,-0.013513983,-0.043271296,0.0014499738,-0.04227242,-0.01938782,-0.039764248,-0.0053647333,-0.021582171,-0.030409783,-0.0046456037,-0.008766177,-0.004897043,-0.019171832,-0.04100473,-0.003570638,-0.0034158474,-0.0063422727,0.57415396,-0.018893076,0.0036352533,-0.0071872207,-0.006117603,-0.014572957,0.013548628
EDN3,-0.00079018873,-0.0041263737,-0.0018077558,-0.0012481002,-0.01502256,-0.0068537258,-0.0036534865,-0.010282499,-0.00084479403,0.030188216,0.005966695,-0.0072580623,-0.0009254732,0.05432139,-0.0042299177,-0.00080140354,-0.001512237,-0.0008447924,-0.0009669616,-3.7949994e-05,-0.001872272,-0.0026037886,-0.0016536432,-0.0040319487,-0.0041860705,-0.0010853551,-0.0005327939,-0.0016373016,0.0008769272,0.0038243474
LAMA5-AS1,-0.00020529328,0.01361449,0.010940566,0.014418078,-0.0052545643,-0.0017805898,-0.00094916084,-0.00305572,-0.00021947241,-0.0028183376,-0.0014395125,-0.002361475,-0.00024044068,-0.0011860302,-0.0024717401,-0.00020820499,-0.00039287034,-0.00021947242,-0.0011663958,-0.003072953,-0.0004864198,-0.00067646534,0.035767987,-0.0010474775,-0.0010875433,-0.00028198023,-0.0011028204,-0.00042537253,-0.0013557589,-0.0006432525
GZMM,-0.016825752,-0.0777859,-0.099046536,-0.15336655,-0.41482702,-0.13823226,0.11310021,-0.016969495,0.0045030843,-0.052109778,0.029184064,0.11132823,0.022459475,0.020163428,0.31309366,-0.009553248,-0.029911516,-0.013766034,0.079709016,0.48430046,0.0604355,0.027528461,-0.032076027,-0.07051849,-0.043799974,-0.02190149,-0.08685778,0.014584116,0.14765744,-0.049518436
AC004156.1,-0.001043747,-0.0054504545,-0.001762645,-0.0068680933,0.030842891,-0.0036927583,0.0017002255,-0.0009478015,-0.0011158679,-0.009542534,-0.0051373774,-0.0050625456,-0.0012224502,-0.0034053994,-0.0058864104,-0.0010585755,-0.001997454,-0.0011158708,0.0020812918,-0.011154334,0.0038294718,-0.0034392793,-0.0021842709,0.00060452457,-0.002670897,-0.0014336462,0.0028371923,-0.002162723,4.0565756e-05,0.001501519
FSTL3,-0.0041637383,-0.017954614,-0.021895085,-0.03355423,0.19965133,0.03280103,-0.014939222,-0.04695609,-0.004451376,-0.04522655,-0.02464896,-0.030825758,-0.0016936437,-0.01995011,-0.043439955,-0.0005423614,0.003950541,-0.0007558047,-0.02085119,-0.0473198,-0.009865456,-0.0065558357,-0.0069293035,-0.020457689,-0.016053053,-0.000286586,0.005248901,-0.0067169494,-0.022063931,-0.008161377
PRSS57,-0.0028414205,-0.012694464,-0.014378061,-0.02391317,-0.03527261,-0.018078437,-0.013137479,-0.040212963,-0.0030377554,-0.03591282,-0.015090711,-0.030632162,0.0013369733,-0.01544841,-0.02676428,-0.0028817933,0.3063725,0.0072816513,-0.015158033,0.20095421,0.058620244,-0.0026051633,-0.00594635,-0.013381966,-0.015052758,7.842258e-05,-0.010095195,-0.0058875866,-0.0032846227,-0.005397508
PALM,-0.00069341506,-0.0036210795,-0.004375858,-0.0018519227,-0.0070729507,0.06654398,-0.0032060626,-0.0069477633,-0.0007413389,-0.0077214083,-0.0048621874,-0.0058906344,-0.00081213645,-0.0040060543,-0.008349064,-0.0007032731,0.10415411,-0.0007413389,-0.0039398195,-0.0070213536,-0.0016429815,-0.0022849187,-0.0014511269,-0.0035381664,-0.0036733793,-0.0009524515,0.008970446,-0.0014368013,-0.0045794155,0.005015616
PLPPR3,-0.000502957,-0.0026264458,-0.0031739215,-0.0048699016,0.023090187,-0.004362381,-0.0023253872,-0.002838741,-0.00053770456,-0.004426687,0.0009920584,-0.005785565,-0.00058905897,-0.0029056852,-0.0032896905,-0.00051009184,0.031337883,-0.0005377046,-0.002857681,-0.0075285905,-0.0011917035,-0.001657312,-0.0010525394,-0.0025663006,-0.0026644366,-0.00069082953,-0.0027019004,-0.0010421425,0.0014630991,-0.0015759477
AZU1,-0.0029228423,-0.0142212985,-0.01756257,-0.025342826,0.17555524,0.004955012,-0.013513738,-0.041042272,0.0018431001,-0.03837594,-0.016503997,-0.033117406,-0.00342317,-0.014969879,-0.03079125,-0.0029643234,0.0029509005,-0.0031247414,-0.014651468,-0.040067933,-0.0069253817,-0.004638558,-0.0035738915,-0.013858245,-0.014436605,-0.0040146676,-0.0025781188,-0.0060562235,-0.015077704,-0.0074499496
PRTN3,-0.0002052892,-0.0010720282,-0.0012954858,-0.001987728,0.014763416,-0.0017806184,-0.0009491692,-0.003055646,-0.00021947474,-0.0028182475,-0.0014394665,-0.0023614704,-0.00024043032,-0.001186036,-0.0024717965,-0.00020820905,-0.00039287438,-0.00021947491,-0.0011663884,-0.0030730157,-0.00048642312,-0.00067644264,-0.0004296225,-0.0010474805,-0.0010875105,-0.00028197974,-0.0011028185,-0.0004253786,-0.0013557868,-0.0006432717
ELANE,-0.0017734172,-0.009260672,-0.011190917,-0.017170966,0.119603865,-0.0101154,-0.008199377,-0.02573092,-0.001895925,-0.024346072,-0.012434986,-0.018755,-0.0020769958,-0.010245412,-0.021352109,-0.0017985607,0.0011865344,-0.0018959215,-0.006909996,-0.026545478,-0.0042018974,-0.0031463292,-0.0037112208,-0.0072898003,-0.0077024107,-0.0024358383,-0.006215316,-0.0036745358,-0.010342302,-0.005556737
CFD,0.005574928,-0.07162184,-0.07903833,-0.13980043,0.758744,0.35095572,-0.06556639,-0.21187022,-0.010717557,-0.19671874,-0.09747556,-0.15745299,-0.015350635,-0.07895466,-0.16293678,-0.0066706035,-0.02415015,-0.015291986,-0.081570975,-0.2106032,-0.030680517,-0.0492387,-0.023717823,-0.061209507,-0.07817945,-0.008708219,0.042087752,-0.03024886,-0.090198115,-0.03989025
MIDN,0.003880742,-0.032977458,-0.043451272,-0.13680412,0.4324063,0.21080363,-0.027839568,-0.23268743,-0.0089441035,-0.1831222,-0.07896298,-0.17326422,-0.010123805,-0.07576287,-0.029237935,-0.013230299,-0.015983026,-0.005511486,-0.010777596,0.083578214,0.005442365,0.020275636,-0.024990806,-0.07180619,-0.07922809,0.0058708936,0.066766776,-0.022732433,-0.01300286,-0.011888713
PLK5,-0.00018361847,-0.0009588483,-0.0011586902,-0.0017778703,0.004252232,0.008547315,-0.000848952,-0.0027330997,-0.00019630246,-0.0025207556,-0.0012875247,-0.002112155,-0.00021505333,-0.0010608226,0.005360116,-0.00018622485,-0.00035139697,-0.00019630214,-0.0010432651,-0.0027484715,-0.00043505724,-0.00060503907,-0.00038426087,-0.0009368887,-0.00097270904,-0.0002522077,-0.0009863805,-0.00038046643,-0.0012126543,-0.0005753532
JSRP1,0.005212757,-0.006815608,0.031799898,-0.009377023,-0.0019922978,0.00090509665,0.0046941703,-0.017243609,0.0045698774,-0.009065514,0.0023636376,-0.017592376,0.0037453633,-0.00057447446,0.007489313,-0.0021564623,-0.00022842515,-0.002273157,0.017008694,-0.013020229,-0.0019211987,-0.0070063155,0.1571592,0.024484437,-0.0027665228,0.0023985028,0.0065288795,-0.0008193879,-0.0014563128,0.0003857352
OAZ1,0.014379293,-0.013803582,0.008352352,-0.022923945,0.5978963,0.26800048,-0.03044223,-0.29773274,0.0029351073,-0.21787666,-0.10546804,-0.23592831,0.0037415563,-0.095712595,-0.07930734,0.0013388342,-0.024498567,-0.012957259,-0.07450225,-0.13329698,-0.0077656084,-0.04493587,-0.003090657,0.18237658,-0.08129496,-0.0020720912,0.09396889,-0.015076422,-0.06883589,0.029274749
GADD45B,-0.0070909783,-0.048816815,-0.07238927,-0.08441422,0.33388245,0.060716048,-0.011813925,-0.14575668,-0.008581432,-0.08759579,-0.025499046,-0.08940601,-0.0026644028,-0.030039478,-0.043665443,-0.007934233,-0.027070217,-0.0053426395,-0.002527332,-0.011971196,-0.008377023,-0.016151873,-0.017951546,-0.06651312,-0.042458545,-0.002307748,0.0962091,-0.013658608,-0.0017205422,-0.0003662777
GNG7,0.05437615,0.19347553,0.30862504,0.32887262,-0.06921192,-0.049981747,-0.027341412,-0.06907881,-0.0053541823,-0.068361774,-0.03779877,-0.045902874,-0.008148222,-0.026979038,-0.071627855,-0.0070559974,0.019024702,-0.007437802,-0.03242792,-0.095387936,-0.015499402,-0.020686986,0.14065062,-0.032027293,-0.029213168,0.07499956,0.094051704,-0.009702673,-0.039174993,0.18570505
GNA15,0.034054637,-0.04018814,-0.047903188,-0.07493273,0.3726233,0.06752868,-0.035149112,-0.11320254,0.0022227967,-0.084558256,-0.040031478,-0.089557186,-0.009414824,-0.0428845,-0.08962232,-0.006166541,0.054186095,-0.0063752416,-0.040323634,-0.11050789,-0.016385145,-0.021626769,-0.015902044,0.002318726,-0.04036623,0.04553068,0.1285374,-0.016656311,-0.048775624,0.10416974
SMIM24,0.011712133,-0.0037656894,0.00078565,-0.0060222168,-0.024606327,-0.0026786989,-0.005557913,-0.015942784,-0.0012851648,-0.010273792,-0.004635912,0.0042500533,-0.00140791,-0.004666053,-0.009829802,-0.0012191614,0.60772276,-0.0012851639,-0.0068300674,-0.009266075,0.002616175,0.023691854,-0.0025156701,-0.0035628583,-0.0063681873,-0.0016511455,0.0033034266,-0.0024908031,8.872681e-05,0.00038617925
MATK,0.0019467759,-0.048080117,-0.056833923,-0.087344006,-0.24420851,-0.08170326,0.06992612,-0.12968118,-0.0018935597,-0.096564494,-0.013627255,-0.050162196,0.019669877,-0.008228287,0.20889737,-0.0110452175,0.012027502,2.1913125e-05,0.09926469,0.48641667,0.08138855,0.124792755,-0.018739862,-0.0439605,-0.049141128,-0.0015462867,-0.038537383,-0.01759697,0.12698244,-0.030448662
CREB3L3,-0.00018361841,-0.0009588519,-0.0011587089,-0.0017778632,-0.0046997056,-0.0015925982,-0.00084895926,-0.0027330245,0.07888404,-0.0025207906,-0.0012874816,-0.0021122147,0.07197834,-0.0010607893,0.0053598774,-0.0001862267,-0.0003513883,-0.00019630388,-0.0010432294,0.003583524,-0.00043505462,-0.00060505286,-0.0003842497,-0.0009368855,-0.00097270746,-0.00025221042,-0.0009863988,-0.0003804683,-0.0012126154,-0.0005753347
EBI3,-0.001622913,0.103571296,0.14231318,0.009350128,-0.016644904,0.044637237,-0.0075036343,-0.024156505,0.007215716,-0.021507898,-0.009968405,-0.016873889,-0.001900772,-0.00937599,-0.019540336,-0.0016459444,-0.003105851,-0.0017350465,-0.009221056,-0.024293108,-0.0038453473,-0.005347767,0.005761779,-0.0063625383,-0.008597386,-0.002229153,0.027545385,-0.0033627872,-0.009222835,-0.0050852434
SHD,0.05940277,-0.004327928,-0.0041516274,-0.009765058,-0.026350148,-0.011107389,-0.0032607364,-0.012653396,-0.0013691114,-0.012696687,-0.0071974723,-0.0124644935,-0.0014998656,-0.0073985783,-0.013239886,-0.001298805,0.010266587,-0.0013691102,-0.007276236,-0.016433321,-0.0030343153,-0.004219823,-0.0026799915,-0.004122369,-0.006784076,-0.0017589988,-0.0045891,-0.0026534954,-0.0065732645,0.5729922
LRG1,-0.0010409441,-0.021382077,-0.024910228,-0.04077485,0.27391106,-0.006406041,-0.02078551,-0.06474955,-0.0048062475,-0.0582195,-0.031523656,-0.0500362,-0.0052652694,-0.0240465,-0.05380636,-0.004559494,-0.008603695,-0.00480625,-0.02488856,-0.06347043,-0.010652073,-0.014813822,-0.0094081685,-0.021498732,-0.02103624,-0.0036581429,0.052983798,-0.009315257,-0.028593648,-0.014086664
MYDGF,0.023931645,-0.034738485,-0.04745101,-0.08181081,0.13973446,0.08634493,-0.015870424,-0.10391898,0.009353038,-0.04167064,-0.00815375,-0.08470975,0.011498801,-0.0150736,-0.021160398,-0.0136884805,0.0016629996,0.0020295049,0.005505504,0.056082103,0.016325256,0.0018727297,0.08600271,-0.07771923,-0.034991197,0.013955409,0.10126208,-0.017869867,-0.0122457715,0.07042913
UHRF1,-0.0018966203,-0.008297641,-0.009301154,-0.010329889,0.0024089364,-0.0056213588,-0.003335976,-0.021398794,0.22863312,-0.02140128,-0.010884169,-0.011821614,0.16677168,-0.0065960223,-0.013957772,-0.0019235294,0.009252265,-0.0020276601,-0.0033755824,-0.014774927,0.30299407,-0.0062496243,0.0392654,-0.006390839,-0.00687911,0.0033668147,0.028574236,-0.003929893,-0.009965845,0.041562602
PTPRS,0.044111975,0.01611508,-0.0018210676,-0.0024880485,-0.014401772,-0.013643654,-0.0078589935,-0.00660411,-0.0018172297,-0.017432809,-0.007883519,-0.0075661843,-0.001990795,-0.0081981,-0.017170545,-0.0017239207,0.0015271467,-0.0018172237,-0.0063686166,-0.017855497,-0.0040275063,-0.0027869318,0.00518844,-0.003175393,-0.0037143235,-0.0023347025,-0.0022281508,0.0009165227,-0.00837699,0.44784728
TNFSF9,0.049482036,0.07417275,0.0065094596,-0.031247936,0.0785527,0.02618152,-0.0069181197,-0.0564139,-0.0041413927,-0.048830476,-0.021648673,-0.041477345,0.006004103,-0.017971449,0.0014182418,-0.0039287065,-0.0074133724,-0.004141401,-0.0002987992,-0.048879024,-0.009178484,0.032022044,0.0034801473,-0.018109815,-0.020520976,0.0063596535,0.16238351,-0.0060146335,-0.018449944,0.07358877
CD70,-0.0026927348,0.1116891,0.18337093,-0.008372507,-0.054799236,-0.01711308,0.0042110616,-0.03258912,0.02421971,-0.009288041,0.009388963,-0.019039096,0.031694256,-0.0011216172,0.022784755,-0.002730941,-0.005153181,-0.0028787293,0.022493117,-0.018355403,0.0009880005,9.936691e-05,0.08032242,-0.011388755,-0.0030038808,0.0005067228,0.0040942132,0.0029198022,-0.008723466,-0.008437288
STXBP2,0.010945502,-0.058644544,-0.07029661,-0.11388142,0.5722395,0.28554118,-0.046028446,-0.19502014,-0.0026212595,-0.16068059,-0.082461365,-0.14736204,-0.005694248,-0.06644146,-0.120053835,-0.0028556432,-0.017334241,-0.011979587,-0.07021639,-0.12058452,-0.017080605,-0.0332216,-0.0029663718,0.03883991,-0.066000186,-0.008839913,0.033113543,-0.027606485,-0.0739448,-0.0027172582
RETN,-0.00043498262,-0.041761532,-0.050366797,-0.076165386,0.4620388,0.075948425,-0.03697945,-0.11533633,-0.007134636,-0.10738141,-0.05575539,-0.073303044,-0.009723331,-0.03981044,-0.09403427,-0.0043520937,-0.013716531,-0.0068433383,-0.04602581,-0.118807755,-0.018793926,-0.024175866,-0.012913952,-0.03447253,-0.042719014,-0.009918018,0.048090365,-0.016280053,-0.052192513,-0.022243058
MCEMP1,-0.0063235485,-0.032037877,-0.03865679,-0.05712158,0.42050412,-0.049639165,-0.02805574,-0.09048864,-0.006760305,-0.083398,-0.04162907,-0.06977262,-0.0052768216,-0.03512739,-0.07226515,-0.0014863638,-0.012101472,-0.006760307,-0.034940958,-0.09036918,-0.014982699,-0.019992517,-0.012057234,-0.0013868088,-0.03245772,-0.008685481,-0.015095517,-0.013102516,-0.039651062,-0.018191991
FCER2,-0.005365793,0.11937955,0.11944311,0.6485619,-0.08384566,-0.016648384,-0.022852035,-0.07513192,-0.0057365038,-0.06982147,-0.035003316,-0.059240445,-0.0062845666,-0.028902376,-0.060781926,-0.005442074,-0.010268869,-0.0057365093,-0.02995984,-0.07421223,-0.012713931,-0.017681023,0.027809719,-0.02678308,-0.028425911,-0.0052634347,-0.019441234,-0.011118338,-0.034010272,-0.013991279
MARCH2,0.00063208246,-0.028598934,-0.03457856,-0.06804098,0.19077682,0.114020675,-0.008573149,-0.101041675,0.009757757,-0.055377856,-0.033613387,-0.07318646,-0.0002019442,-0.035656966,-0.048667245,0.00318991,-0.004803672,-0.0008300722,-0.030215781,-0.040157203,-0.010703311,-0.01865427,-0.005563304,0.20172104,-0.038814403,0.011852471,0.033901647,-0.008618667,-0.026596671,0.079569876
PRAM1,-0.004648207,-0.058188405,-0.07402015,-0.11228964,0.6461401,0.21882059,-0.05156389,-0.17328677,-0.008894763,-0.159837,-0.083064966,-0.12891257,-0.014735649,-0.06661161,-0.13906904,-0.0074166115,-0.0060355226,0.0025218122,-0.064810485,-0.17248641,-0.025152007,-0.024824098,-0.025157819,-0.05600344,-0.061789297,-0.0075006187,0.06560562,-0.024437714,-0.078213684,-0.029822985
MUC16,-0.0006296175,-0.003287852,0.1277556,-0.0034186197,-0.014810029,-0.0025015834,-0.0029110375,-0.009371552,-0.00067311164,-0.0066642626,-0.004414837,-0.007242514,-0.00073741097,0.0007085199,0.0056786695,-0.0006385546,-0.0012049263,-0.00067311124,-0.0035773257,-0.0075755664,-0.0014918213,-0.0020746437,0.010484796,-0.003212615,0.0013904625,-0.00086479663,-0.003382344,-0.0013045984,-0.004158049,-0.0019728183
ICAM1,0.00916292,-0.04518204,-0.04932709,-0.08304104,0.5046964,0.07014381,-0.039612938,-0.13383682,-0.0076253987,-0.12296311,-0.06068694,-0.104626894,-0.0070428024,-0.050107025,-0.09747975,-0.0067977402,-0.017228393,-0.0034907875,-0.04371224,-0.11527307,-0.020581085,-0.01864064,-0.009305762,-0.044963628,-0.04881933,0.01694852,0.06782474,-0.019625686,-0.05121575,0.0073323245
ICAM4,0.013704815,-0.021592658,-0.023092825,-0.03945498,0.081606,0.35510856,-0.020372555,-0.06053718,-0.0014126353,-0.05333352,-0.028717894,-0.048960652,0.0008583522,-0.01829191,-0.048374563,-0.0009869484,0.04627174,-0.0047107046,-0.02437004,-0.06287426,-0.010440214,-0.012280185,0.01789666,-0.01885578,-0.022635335,0.0043019876,0.06351277,-0.009130068,-0.027366728,0.0058258716
S1PR5,-0.008613057,-0.04066126,-0.048102602,-0.077622846,-0.20554115,-0.06790308,0.06422055,-0.12165824,-0.0058521,-0.111724116,-0.040487614,-0.09337229,0.017757274,-0.045782723,0.18535751,-0.008735229,-0.016483191,-0.009208058,0.043882944,0.56258595,0.095103025,-0.0006099388,-0.015450388,-0.035450976,-0.043767072,-0.010522756,-0.042194262,-0.014225003,0.10894045,-0.024595816
C19orf38,0.0036135495,-0.048572406,-0.05671511,-0.106280275,0.6345311,0.2929304,-0.055510927,-0.18199895,-0.011078435,-0.17391035,-0.08976755,-0.14411466,-0.015620092,-0.07165047,-0.14931461,-0.005661137,-0.0071352525,-0.011234948,-0.07092268,-0.17850949,-0.025840899,-0.034444913,0.0033067802,-0.05769319,-0.06582074,0.030613698,0.09600376,-0.0227622,-0.08200386,-0.03411808
LDLR,-0.007021985,-0.029812703,-0.033822514,-0.062444676,0.2662009,-0.009847116,-0.024342297,-0.08420167,0.022193845,-0.06336955,-0.033280358,-0.07039429,0.00537885,-0.031059679,-0.03518764,-0.0071216547,0.0138069475,-0.005096688,-0.03635726,0.009268072,0.009107614,-0.013211671,0.03810588,-0.031424638,-0.031504624,-0.008036346,0.010095898,0.0008984656,-0.018838812,-0.01600862
SPC24,-0.0014602112,-0.0034764905,-0.0023211115,-0.011825495,-0.02609215,-0.004989203,-0.004409115,-0.0072699087,0.28757527,-0.0037535229,-0.00085406436,-0.008834941,0.12573782,-0.0009071564,-0.008010779,-0.0014809443,0.008340789,-0.0015610933,-0.004465169,-0.0154512655,0.2947545,0.0017099442,0.09371357,-0.0053286534,-0.0015855458,0.0057399166,-0.0018083852,-0.0030256342,-0.0063315933,-0.004575426
JUNB,-0.012196544,-0.0332162,-0.09425045,-0.075048566,0.4272447,0.124892734,-0.0695844,-0.1850969,-0.030487327,0.07996023,0.052573066,-0.17079529,-0.032397762,0.015290509,-0.10107966,-0.023532256,-0.05752744,-0.0017905101,0.074998654,-0.16603017,-0.05397205,-0.040993605,-0.06243373,-0.09912434,-0.059486534,-0.015551773,0.05268427,-0.021384,-0.024495855,-0.06524018
KLF1,-0.0012196028,-0.0038941128,-0.007696197,-0.011808895,0.026879221,0.0490887,-0.0056388504,-0.018153386,-0.001303864,-0.0157166,-0.008551738,-0.01283863,-0.0014283868,-0.0070459633,-0.01468427,0.1119428,0.18484886,-0.0013038636,-0.0069294344,-0.012509317,0.018730756,-0.0040187566,-0.0025522658,-0.0062229885,-0.004014886,-0.0016751678,-0.0065517244,-0.0025270868,-0.008054458,-0.003821479
CALR,0.0124030905,-0.012469938,-0.020980358,-0.03113781,-0.072641425,0.027497163,0.034737255,-0.09781196,0.025080308,-0.030604044,-0.0127531225,-0.073079,0.02953853,-0.014985041,0.10038021,-0.017164692,0.017579177,0.00473081,0.00055533473,0.19682392,0.04242444,0.01178986,0.07510375,-0.0967373,-0.023418203,0.03317499,0.019397628,-0.009770468,0.044645365,0.049205996
LYL1,0.0016328404,0.039259017,0.07209156,0.08169149,0.34286,0.24440844,-0.053143833,-0.14894082,-0.006218327,-0.12478562,-0.06587855,-0.121999875,-0.014270182,-0.05884045,-0.12652706,0.008017802,0.0719225,-0.005004787,-0.060005456,-0.16691577,-0.027691614,-0.032816265,-0.0064084493,0.06020791,-0.051650837,0.02202114,0.0847717,-0.0194168,-0.065079495,-0.015877116
IER2,-0.0082618985,-0.05642998,-0.053984247,-0.1578383,0.600346,0.057053316,-0.024956103,-0.24775359,-0.0126067605,-0.16235207,-0.052569434,-0.21602842,-0.011190739,-0.077689506,-0.059633456,-0.016092906,-0.03451108,0.010008268,0.0018993809,0.037463564,-0.0053778524,0.024766982,-0.030652007,-0.086322494,-0.0770436,-0.0072689396,0.056617577,-0.021378068,-0.03367003,-0.03826757
AC020916.1,0.002839353,-0.0380261,-0.040886935,-0.08361732,0.49735302,0.024012463,-0.033133477,-0.13559537,-0.00790698,-0.11218003,-0.055640694,-0.107895695,-0.008974401,-0.045119252,-0.0936497,-0.008701075,0.0266545,0.008912089,-0.039304886,-0.112029634,-0.01732101,0.021146977,-0.012925799,-0.033928476,-0.049437404,-0.0022740152,0.055399746,-0.016332738,-0.04935337,-0.0039964
ASF1B,-0.0031675615,-0.0049181436,-0.0078792535,-0.02140129,0.04900139,0.07958967,-0.011331048,-0.033156842,0.14121011,-0.031014508,-0.016331412,-0.02333869,0.10291068,-0.0068211243,-0.016498018,-0.0032125548,-0.0034483406,-0.0033864535,-0.017091542,-0.019821208,0.19249472,-0.0042899386,0.038208287,-0.010108642,-0.0080877375,-0.004350818,-0.008658122,-0.006563385,-0.012328105,-0.0099252965
ADGRE2,-0.0012920137,-0.05117891,-0.06353768,-0.09494883,0.4948649,0.3143813,-0.048010815,-0.15070985,-0.010025594,-0.13873035,-0.07016018,-0.118425734,-0.0124633955,-0.05801358,-0.11915776,-0.007704423,-0.00021380876,-0.009762362,-0.056867175,-0.14697124,-0.023829037,-0.030743908,-0.017972562,-0.047630183,-0.05393286,-0.010336102,0.08689004,-0.021338455,-0.066114254,-0.0023539264
TPM4,0.024569735,-0.012406445,-0.028577687,-0.06938916,0.2930958,-0.00979889,-0.008704078,-0.19860542,0.033239353,-0.05867317,-0.031056762,-0.1565726,0.02118823,-0.039475363,-0.053769648,-0.013065362,0.009305108,-0.00074532634,-0.016837811,0.0339725,0.026729316,-0.00049163535,0.026990874,0.16368361,-0.05402684,0.031268988,0.100931846,-0.014382474,-0.033643894,0.037450753
NWD1,-0.0004498402,-0.002349031,0.0027471713,-0.00060967694,0.012244128,0.0043781777,-0.0020798077,-0.0066956133,-0.00048091047,-0.006175506,0.0018977722,0.0012567822,-0.0005268428,-0.0025988074,-0.005416173,-0.00045621986,-0.0008608698,-0.00048091242,-0.0025558136,-0.0015611325,-0.0010658365,-0.0014822808,0.015577998,-0.0022952566,-0.0023829986,-0.00061787356,0.004104401,-0.0009320824,-0.0029707898,-0.0014095218
F2RL3,-0.0012706467,-0.006635323,-0.004058456,-0.009647211,0.0018049238,-0.0051547554,-0.0058749304,-0.018913181,-0.0013584495,-0.01646226,-0.0071186847,-0.0123367775,-0.0014881988,-0.0073409583,-0.013105522,-0.0012886977,0.0039695674,0.01009713,-0.007219556,-0.013516504,-0.0030107086,-0.0041869776,0.05001419,0.25424,-0.006731366,-0.0017453199,-0.006826047,-0.0026328359,-0.008391642,-0.0039815023
PLVAP,0.020986753,-0.0050710733,-0.008763347,-0.013446037,-0.024272053,0.040363554,-0.0064205597,-0.019824378,-0.0014846142,-0.019064486,-0.008093485,-0.015974233,-0.0016264378,-0.008022811,-0.015714025,0.009655483,0.009062632,-0.0014846158,-0.007890127,-0.019103557,-0.0032903277,-0.0011465892,-0.002906117,-0.007085707,-0.005205348,0.0062557044,0.005223024,-0.0028774498,-0.0091711115,0.5354829
FAM129C,0.03150331,0.28211436,0.19663778,0.5347957,-0.12198738,-0.042387046,-0.023666676,-0.07704862,-0.0063178367,-0.07304827,-0.035859443,-0.057301145,-0.0046409043,-0.029349508,-0.06572977,-0.0059934333,-0.0028488417,-0.0063178358,-0.030619614,-0.077030085,-0.012852038,-0.019472588,-0.011111194,-0.023352457,-0.029688807,-0.006206078,-0.026274104,-0.0122449,-0.034276277,0.2712466
IFI30,0.01365967,-0.040517874,-0.042860836,-0.10672174,0.5909389,0.31600747,-0.054235455,-0.18085468,-0.008683684,-0.16684723,-0.08403805,-0.13909313,-0.0150078675,-0.07076696,-0.143876,-0.0049620336,-0.022465305,-0.012450634,-0.06989543,-0.1776485,-0.027613567,-0.037740745,-0.021660628,-0.056547087,-0.065055825,0.00776776,0.15768743,-0.02501537,-0.080217116,-0.035787493
LRRC25,0.00399587,-0.055550873,-0.07431619,-0.11076816,0.60719544,0.38804463,-0.05959275,-0.18445736,-0.010824957,-0.17167354,-0.0889228,-0.1448065,-0.014513073,-0.073038675,-0.1508335,-0.0068557425,-0.023353798,-0.012924985,-0.0717311,-0.18365555,-0.026928402,-0.039107967,-0.025512017,-0.054071557,-0.06665268,-0.0016769693,0.11916637,-0.026590835,-0.08089963,-0.017678874
AC005197.1,-9.1806156e-05,-0.00047941133,-0.00057934085,-0.00088892126,-0.002349831,-0.0007962773,-0.00042446735,-0.001366501,-9.814905e-05,-0.0012603548,-0.0006437395,-0.0010560564,-0.00010752234,-0.0005303861,-0.0011053687,-9.311013e-05,-0.00017569265,-9.814899e-05,-0.00052161835,-0.0013742264,-0.00021752388,-0.00030251182,-0.00019212281,-0.0004684346,-0.00048634296,-0.00012609985,-0.00049318443,-0.00019022757,0.02558784,-0.0002876649
HOMER3,-0.008595522,-0.03670832,0.019176753,-0.07353854,0.5153545,-0.015352061,-0.036398064,-0.12122435,-0.005828091,-0.102446705,-0.05593757,-0.09288824,-0.010067202,-0.044483256,-0.096244946,-0.0012024065,-0.013468536,-0.009189427,-0.04730046,-0.12038233,-0.018645568,-0.025704477,0.024995394,-0.03694557,-0.04304779,-0.009186964,-0.036372337,-0.016935036,-0.054800354,-0.025733963
LINC01224,-0.00020528944,-0.0010720282,-0.0012954859,0.0062156105,-0.0052544847,-0.001780615,-0.000949169,-0.0030556493,0.07051628,-0.0028182548,-0.0014394687,-0.0023614722,-0.0002404307,-0.001186035,-0.0024717986,-0.0002082087,-0.0003928743,-0.00021947472,-0.0011663903,-0.0030730101,-0.00048642256,-0.0006764443,-0.0004296219,-0.001047481,-0.0010875125,0.10986909,0.013185769,-0.00042537798,-0.0013557856,-0.00064327056
VSTM2B,-0.00081129756,-0.0042365906,0.0072668674,-0.007855506,-0.020765763,-0.004741816,-0.0037510293,-0.010636307,-0.0008673347,-0.011137821,-0.005688788,-0.009332443,0.015390914,-0.004687047,0.038270347,-0.000822807,-0.001552613,-0.0008673351,-0.0046095466,0.046682842,-0.0019222781,-0.002673304,-0.0016977971,-0.004139572,-0.004297813,-0.0011143619,-0.004358341,-0.0016810633,0.0005758404,-0.002542094
CEBPA,0.02714923,-0.047211334,-0.058322612,-0.0899684,0.43362552,0.24399276,-0.03191306,-0.13881113,-0.0074862656,-0.12511991,-0.06434969,-0.10892733,-0.011585774,-0.053546302,-0.088083394,-0.0050875554,-0.0055758227,-0.008748572,-0.04802872,-0.11561532,-0.016266668,-0.030272411,-0.019956611,-0.039265692,-0.04825027,0.004014138,0.10127135,-0.018491872,-0.046768643,-0.027288357
SCN1B,-0.003111942,-0.00443337,-0.015563569,-0.02240048,0.03745839,-0.011916077,-0.009916322,-0.04018457,0.0013391856,-0.015394209,-0.0039318562,-0.030587498,-0.003644664,-0.01618076,-0.026953528,-0.0031561044,0.0046999366,0.034972526,0.012474307,-0.04275597,-0.0073734205,-0.0055830423,-0.001733669,0.24971975,-0.015508666,-0.0042743674,0.12469776,-0.006448058,-0.009502613,-0.004913732
FAM187B,0.046559356,-0.0017287418,-0.0020890823,0.0120574925,-0.005990508,-0.0028712992,-0.0015305976,-0.0049273926,-0.00035390884,-0.00078113266,-0.0023212442,-0.0038080553,-0.00038771788,-0.0019125431,0.0002137208,-0.00033574027,-0.000633532,-0.000353909,-0.0018808545,-0.004955237,-0.00078436703,-0.0010908298,-0.0006927817,0.05421215,-0.0017537035,-0.00045470629,-0.0017783998,-0.00068593957,-0.0021862648,-0.0010372922
HAMP,0.13504668,-0.00041078267,-0.0019146514,0.00067351374,0.022651706,-0.002292691,-0.0037025851,-0.011919908,-0.00085614,-0.006320859,-0.005615294,-0.009211914,-0.0009379105,-0.004626512,-0.007902515,-0.00081217225,-0.0015325551,-0.00085613574,-0.004550038,-0.0061685103,-0.0018974309,0.0032852553,-0.0016758818,-0.0040860814,-0.004242319,-0.0010999625,0.025016546,-0.0016593166,-0.0022804649,0.0037163517
CD22,0.042188186,0.30408236,0.30593884,0.6213588,-0.11864754,-0.03563836,-0.02892497,-0.091472685,-0.0070627704,-0.08441624,-0.044162005,-0.06919558,-0.007737305,-0.03644943,-0.07555172,-0.0066999826,-0.006368735,-0.0070627467,-0.03531113,-0.092551336,-0.014633026,-0.018728664,-0.009314859,-0.025959993,-0.033085182,-0.00735796,0.0075560915,-0.012537773,-0.038250983,-0.017634198
FFAR3,-0.0014456006,-0.005451582,-0.009122491,-0.013997272,0.06571025,0.0507778,-0.0066838055,-0.021517167,-0.0015454622,-0.017245883,-0.010136615,-0.015622773,-0.0016930859,-0.008351574,-0.017405396,-0.0014661202,-0.0027664872,-0.001545464,-0.008213571,-0.02082912,-0.0034252354,-0.004763482,-0.0030252242,0.016257834,-0.0076581766,-0.0019856081,-0.0077658696,-0.002995351,-0.009547025,-0.0010847956
FFAR2,-0.0071516996,-0.033670418,-0.04162221,-0.06332401,0.38580328,0.1385583,-0.032017674,-0.1007464,-0.0035946786,-0.09366747,-0.0470642,-0.077657,-0.008376018,-0.03968409,-0.0798489,-0.004992918,-0.013686349,-0.0032672593,-0.036724657,-0.09634172,-0.016944923,-0.021389397,-0.011762745,-0.0306981,-0.037885934,-0.008236929,-0.01604603,-0.013685039,-0.0427875,-0.021713896
ZBTB32,-0.0020273246,0.20535253,0.17953148,-0.008773006,-0.048227526,-0.015738232,-0.0076755476,-0.024938297,0.08385494,-0.014192576,-0.01308884,-0.011806061,0.0041786525,-0.0062750517,-0.0147041185,-0.0020561146,-0.0038798149,-0.0021673767,-0.008748862,-0.027447065,0.0016896856,-0.006680332,0.18318413,-0.008802605,0.0011441715,-0.0027846224,-0.010890808,0.036801837,-0.010997146,-0.0063524917
NFKBID,0.012651939,0.016693529,-0.0051287296,-0.0027020755,0.5418767,0.0652771,-0.04930774,-0.16577812,-0.00506997,-0.14540741,-0.07406092,-0.12735851,-0.01421625,-0.06376866,-0.11942311,-0.005591098,-0.01744515,-0.006417742,-0.055578604,-0.14462765,-0.0148342075,-0.030164987,-0.02036464,-0.055227187,-0.062406406,0.0105589405,0.08398901,-0.018182047,-0.06659288,0.028087959
TYROBP,0.010149797,-0.09712401,-0.11710785,-0.1789264,0.710287,0.26782864,-0.08861502,-0.29719535,-0.019776829,-0.27690765,-0.13625702,-0.2301919,-0.019289717,-0.11503126,-0.15930258,-0.014011102,-0.02930272,-0.0026158122,-0.08295739,0.17537516,0.010038603,0.035431985,-0.035110276,-0.062638246,-0.10945421,-0.016303033,0.0702922,-0.043814056,-0.06607448,0.0263255
AC092295.1,-0.0001590147,-0.0008303645,-0.0010034608,-0.0015397029,0.0010983879,-0.0013792183,-0.000735205,-0.0023668725,0.09114376,-0.0021830187,-0.0011150199,-0.0018291429,-0.00018624085,-0.00091866194,0.006827216,-0.00016127064,-0.0003043153,-0.000170004,-0.0009034708,-0.002380286,-0.00037676425,-0.0005239706,-0.00033276842,-0.0008113802,-0.0008423841,-0.00021841013,-0.00085424713,-0.00032948458,-0.0010501564,-0.0004982611
WDR87,-0.00025967925,0.021865161,0.008034155,0.003971465,-0.0034813047,-0.0022523352,-0.0012006526,0.0006321542,-0.00027762714,-0.003565043,-0.0018208835,0.0025807936,-0.000304144,-0.0015002233,-0.0031266091,-0.0002633668,-0.000496966,-0.0002776273,-0.0014754479,-0.0038870762,-0.0006152953,-0.0008556694,-0.00054344226,-0.0013250007,-0.0013756542,-0.00035668444,0.009900576,-0.0005380651,-0.0017149958,-0.00081368606
DPF1,-0.00057350885,0.012782759,0.00076297834,0.012079936,-0.0032102354,-0.0017261152,-0.002651557,-0.00038447208,-0.00061311905,-0.005699024,-0.0040213764,-0.0015525351,-0.00067169074,-0.003313207,0.00037298034,-0.00058164174,0.09808585,-0.00061312044,-0.0032584632,-0.0065557663,-0.0013588513,-0.0018897315,0.011757109,-0.0029262223,-0.0030381104,-0.00078771834,0.0020340015,-0.0011883142,-0.0037874551,-0.0017970143
PPP1R14A,0.123726815,0.17352329,0.19376679,0.18428099,-0.08897039,-0.03216994,-0.020148842,-0.060444124,-0.0046589556,-0.056314737,-0.02522087,-0.048103373,-0.002049636,-0.02195892,-0.045227826,-0.0044197715,0.0048492984,-0.0046589402,-0.024100823,-0.059712857,-0.008813921,-0.013243346,0.058997784,0.1553759,-0.021668887,0.030616563,0.18251286,-0.009029711,-0.026512576,0.11046481
C19orf33,-0.0024509989,-0.012799081,-0.011319809,-0.020248286,0.0054933755,-0.01285022,-0.009929188,-0.032139488,-0.0026203052,-0.023357099,-0.012488506,-0.022232255,-0.0028706058,-0.010771447,-0.025487108,-0.0024857786,-0.0013706452,0.009396195,-0.011626069,-0.030917093,-0.0058074407,0.0017091138,-0.0020975107,0.26679343,-0.010523164,0.056884155,0.18058448,-0.0050785625,-0.01121045,0.0046053813
KCNK6,0.019064121,-0.043325964,-0.04950506,-0.08642315,0.38800657,0.07577021,-0.040486183,-0.10994939,0.003931714,-0.07915241,-0.04267521,-0.08227567,-0.008472496,-0.039346073,-0.09660978,-0.0031488047,-0.012611169,-0.0095435195,-0.04191429,-0.1356821,-0.018534414,-0.029326823,0.04477718,-0.011573567,-0.03547568,0.07456168,0.21763197,-0.008803852,-0.054242935,-0.01609703
FBXO27,-0.00084196194,0.0027753883,-0.002324826,-0.0041437205,-0.012757731,0.0015489603,0.00014770754,-0.008365321,-0.0009001353,-0.008592871,-0.0032004754,-0.0028081583,-0.0009860991,0.004888575,0.0014441209,-0.0008539135,-0.0016112977,-0.00090013345,0.0051373555,-0.0056855925,-0.0019949237,0.014129374,0.00706649,-0.0042960085,0.0061579887,0.3482332,0.0024472133,-0.0017445846,0.00016205135,-0.0026381789
NCCRP1,-0.00022489099,-0.0011743647,-0.0014191417,-0.0021774827,-0.005756148,-0.0019505476,-0.001039757,0.0070385523,-0.0002404225,0.013532091,-0.0015768952,-0.0025869021,-0.00026338376,-0.0012992391,-0.0027077254,-0.00022808118,-0.00043037534,-0.00024042251,-0.0012777593,-0.003366229,-0.00053285656,-0.0007410403,-0.00047062084,-0.0011474518,-0.0011913496,-0.00030889566,0.011836906,-0.0004659766,-0.0014852027,-0.00070466456
ZFP36,0.014840428,-0.031830832,-0.071304925,-0.108451046,0.60502017,0.117578365,-0.05159948,-0.25539678,-0.019249424,-0.1572098,-0.0587239,-0.20589788,-0.018401138,-0.069910005,-0.10019749,-0.015639935,-0.036236018,0.0038855493,0.014170076,-0.021459775,-0.01806853,0.0048070094,-0.020364517,-0.08586267,-0.07557485,-0.0049142903,0.0723399,-0.028865097,-0.040770035,0.023469096
PLEKHG2,0.004878675,-0.0125945015,-0.02302939,-0.036208443,0.26479816,-0.015118536,-0.01820701,-0.06109388,0.0077866632,-0.063100934,-0.029998116,-0.046867706,0.0019584035,-0.024128187,-0.056597468,-0.0023446858,0.00035730487,-0.0027311498,-0.029794563,-0.058543023,0.009628497,-0.016340153,0.006368192,-0.02835359,-0.024446301,0.017219927,0.030476155,-0.008234962,-0.02531515,0.014467383
CLC,-0.0007462153,0.00014564866,-0.004709003,-0.0072252452,-0.0003630886,-0.0039770394,-0.003450128,-0.0032713667,-0.0007977754,0.008140901,-0.0052323844,-0.0008268612,0.0168906,0.050697442,-0.003388333,-0.00075680175,0.031272087,-0.0007977746,-0.0042397515,-0.008049749,-0.001768093,-0.0024588653,-0.0015616022,0.00033308912,-0.0039530816,-0.0010249477,-0.004008621,-0.0015461787,0.0015266937,-0.0023381908
BLVRB,0.0066879513,-0.06171133,-0.069533214,-0.12283293,0.7268899,0.11922711,-0.056622718,-0.19850913,-0.0017466147,-0.17693357,-0.09073066,-0.15494901,-0.010335146,-0.07896476,-0.1473694,0.02237576,-0.0041146665,-0.013234795,-0.0742949,-0.16071694,-0.008051159,-0.040210377,-0.018621992,-0.055944405,-0.07047397,0.025219733,0.12125861,-0.025622386,-0.085127,-0.009687424
AXL,0.2508049,-0.0073213903,-0.009511843,-0.015843699,-0.001166456,0.008641076,-0.0080309035,-0.023819858,-0.0018569867,-0.022399925,-0.010862327,-0.018301507,-0.0020343352,-0.010035026,-0.019299816,-0.0017616226,-0.0033241273,-0.0018569881,-0.00986905,-0.024649655,-0.004115605,-0.0057234834,0.00064316654,-0.008862788,-0.0074756676,0.062758654,0.30125555,-0.0035990821,-0.010072148,0.006092275
LINC01480,-0.002927261,0.048446354,0.16089539,0.224803,-0.062765725,-0.022170084,-0.009987114,-0.0301795,-0.0031295314,-0.03110573,-0.015784383,-0.024164828,0.0011321307,-0.015011062,-0.029435372,-0.0029688359,0.008373296,-0.0031295312,-0.011787516,-0.034082513,0.0044250265,-0.0013947452,0.08311035,-0.01059899,-0.01239506,-0.0040207477,-0.009703134,-0.0034286429,-0.015163988,0.091884024
CD79A,-0.0064973547,0.34726915,0.40247667,0.6442187,-0.17915317,-0.052688774,-0.035710048,-0.09836687,0.0032036505,-0.09470704,-0.0521341,-0.0019187995,-0.005014468,-0.031333532,-0.08640456,-0.004716633,-0.00802774,-0.0053017493,-0.04226418,-0.10179443,-0.01423732,-0.0228151,0.12658955,-0.034117706,-0.03310021,0.00069852837,-0.035720784,-0.01264427,-0.036674697,0.01572283
POU2F2,-0.004801205,0.11265327,0.08661104,0.13135037,0.4878511,0.26197883,-0.06745301,-0.20156331,-0.00612365,-0.14549613,-0.07168252,-0.13913873,-0.017698647,-0.058878843,-0.17023991,-0.012104478,-0.01956737,-0.014120842,-0.07859444,-0.21104826,-0.033661343,-0.046297025,-0.00044544582,-0.09230794,-0.047066394,-0.001134598,0.0652917,-0.011026369,-0.09465288,-0.037952352
PLAUR,-0.0003034717,-0.06385001,-0.07675563,-0.121090576,0.7099825,0.18646874,-0.05369073,-0.19082917,-0.009821081,-0.16770416,-0.08418166,-0.14886294,-0.0153355105,-0.0729548,-0.14620647,-0.007871571,-0.020593561,-0.00954487,-0.069621675,-0.18414792,-0.02681877,-0.040780272,-0.02588167,-0.054315496,-0.07032764,-0.007448272,0.08379113,-0.025623636,-0.0793703,0.0016878011
AC115522.1,-0.00018361784,-0.0009588476,-0.0011587085,-0.0017778685,0.008728793,0.008547225,-0.0008489576,-0.0027330348,-0.00019630344,-0.002520784,-0.0012874887,-0.0021122026,-0.0002150517,-0.0010607912,-0.002210753,-0.00018622554,-0.0003513908,-0.00019630318,-0.0010432379,-0.0027484973,-0.00043505593,-0.0006050491,-0.00038425214,-0.0009368872,-0.0009727077,-0.00025220957,-0.0009864038,-0.00038046628,-0.0012126202,-0.00057533686
PVR,-0.003479024,-0.014594788,-0.020465832,-0.032678943,0.17603427,0.04605125,-0.016085347,-0.04482329,0.00052009843,-0.0444203,-0.023035107,-0.03530342,-0.0002589377,-0.017643336,-0.03939712,0.000891754,-0.0019154658,-0.003719421,-0.01893389,-0.039219413,-0.004355723,-0.004423294,-0.0029991244,-0.013196984,-0.01753948,0.0049756444,0.016885564,-0.007208712,-0.020097092,-0.0094671715
BCL3,0.016173776,-0.028833874,-0.036068365,-0.07714917,0.4505716,0.055966046,-0.035350326,-0.13124253,-0.0018419962,-0.09370122,-0.05384046,-0.10641402,-0.0069250744,-0.050998196,-0.09378973,-0.00688679,-0.008239051,-0.0052699405,-0.035141677,-0.103072174,-0.00989088,-0.007967776,-0.0005799077,-0.049798083,-0.05022866,0.0050507216,0.091608785,-0.019249745,-0.050361667,0.018793244
NECTIN2,-0.0046445536,-0.024254104,-0.028740782,-0.043815125,0.26524743,0.00753686,-0.01991205,-0.06699806,-0.004965476,-0.057485387,-0.029456843,-0.051434327,-0.0054397243,-0.0255732,-0.0536834,-0.0047106137,0.018011952,-0.0049654776,-0.022542508,-0.0654966,-0.011005031,-0.014220234,-0.0065099974,-0.0101774065,-0.022555983,-0.0015109909,0.06280088,-0.009623878,-0.029569414,-0.013450584
APOC1,0.08268416,-0.00038761436,-0.0025048093,-0.010789768,-0.010777856,0.0037282908,-0.0051522236,-0.015534499,-0.001191349,-0.015298186,-0.0078137815,-0.0128184995,-0.0013051218,-0.0064379554,-0.013416936,-0.0011301647,0.056344952,-0.0011913476,-0.0063313534,-0.01668045,-0.0026403393,-0.0036719118,0.004336727,-0.002906327,-0.005903267,0.079721816,0.22086869,-0.0023090036,-0.0073593236,-0.003491717
KLC3,-0.00056609086,0.0023730027,-0.003572329,-0.0054812864,0.001487542,-0.00161945,0.0033844085,-0.0022313094,-0.0006052065,-0.0011640255,4.4906057e-05,0.0011545058,-0.0006630039,0.0063946275,0.00055555924,0.080545425,-0.001083358,-0.00060520595,-0.0032163956,-0.004363178,0.010264496,-0.0018653326,0.011943966,-0.0028884662,-0.0029988373,-0.0007775486,0.0021408258,-0.0011729748,0.0005130448,-0.0017737956
FOSB,0.0019948129,-0.032244213,-0.049423672,-0.080979064,0.59593856,-0.017595816,-0.043881852,-0.1572163,-0.008639977,-0.12541302,-0.05936382,-0.11418058,-0.01110502,-0.04767274,-0.12215902,0.0031668195,0.006111005,0.011759813,-0.047762267,-0.1534443,-0.020828689,-0.014312295,-0.020032909,-0.05286804,-0.05534007,-0.00080010697,0.13811521,-0.022773774,-0.0650468,-0.01048473
PPM1N,-0.005670689,0.0052755643,0.0006872419,-0.0251624,-0.054798264,0.26474595,-0.00817718,-0.025418209,-0.0034900794,-0.018636858,-0.013308389,0.02635063,-0.0017544221,0.0067609376,-0.0040813917,-0.0003586391,0.0037470409,-0.006062556,-0.015936298,-0.018919298,-0.0062180273,-0.0095609855,-0.010558292,-0.011561688,0.004563694,-0.0018119859,-0.005950802,0.0010570751,-0.0032068458,-0.01325625
IGFL2,-0.0003672633,-0.0019178771,-0.002317652,-0.0035561149,-0.0026865199,-0.003185478,-0.0016980465,-0.0054666433,-0.0003926365,0.02549501,-0.0025752576,-0.0042247474,-0.00043014175,-0.0021218143,-0.0044219596,-0.00037248782,-0.0007028533,-0.0003926367,0.0054798126,-0.0054974994,-0.00087019877,-0.0012101748,0.019464426,-0.0018739636,0.0061521167,-0.00050445594,-0.0019729654,-0.00076100155,0.0041241315,-0.0011507907
PTGIR,-0.006665115,-0.042070337,-0.04921689,-0.07374452,0.38073105,0.15021867,-0.036940586,-0.07951965,-0.009192,-0.107521325,-0.05594246,-0.089878246,-0.010069973,-0.04675898,-0.09739396,-0.005154165,-0.012611614,-0.009192008,-0.04733229,-0.121316865,-0.018673427,-0.026992446,-0.016121542,0.02983704,-0.031930402,-0.01042243,0.10455781,-0.017815532,-0.054157063,0.001659978
C5AR1,-0.012492218,-0.064573735,-0.07973096,-0.11677988,0.71229863,0.29122716,-0.057158094,-0.18887152,-0.012353632,-0.17376028,-0.08480597,-0.14406672,-0.014986375,-0.07188271,-0.14897162,-0.0066859485,-0.025450472,-0.009519689,-0.07323079,-0.1858033,-0.030772233,-0.041108064,-0.023686778,-0.054668985,-0.0671978,-0.014667452,-0.047151413,-0.025674637,-0.08150279,-0.036516424
PPP1R15A,0.016840218,0.013307866,0.00414373,-0.025021859,0.5227372,0.108257845,-0.041391116,-0.21403693,-0.005009898,-0.12231615,-0.051497813,-0.15981115,-0.009616685,-0.053354822,-0.114708066,-0.010358957,-0.001940476,0.0074902195,-0.04251247,-0.13346021,-0.017856797,0.003609186,-0.007054949,-0.011714179,-0.072426856,0.016997566,0.059323158,-0.02809874,-0.058626425,0.05709806
FTL,-0.0035456673,-0.029521389,-0.0241088,-0.056998324,0.6894362,0.2982119,-0.05732778,-0.23136558,-0.031158637,-0.23536387,-0.09794437,-0.17990553,-0.022942124,-0.080549784,-0.12969606,-0.013381658,-0.016660104,-0.012898786,-0.06713551,-0.20772964,-0.061669927,-0.07243201,-0.040225048,0.08515756,-0.053486373,-0.007168534,0.06382815,-0.03327961,-0.08116485,-0.016158175
HRC,-0.00015901442,-0.0008303808,-0.0010034721,-0.001539659,0.0010983119,0.022038259,-0.0007352187,-0.0023668823,-0.00017000246,-0.0021830383,-0.0011149861,-0.0018291612,-0.00018623607,-0.0009186739,-0.0019145542,-0.00016127387,-0.0003043171,-0.00017000246,-0.000903483,-0.0023802267,-0.00037677315,-0.00052397046,-0.00033277072,-0.00081136054,-0.0008424092,-0.00021841683,-0.0008542217,-0.00032948115,-0.0010501673,-0.0004982706
TRPM4,0.02664068,-0.014830672,-0.01946448,-0.028411401,0.16255216,0.003854818,-0.013755993,-0.045933228,-0.003433351,-0.039702933,-0.022518517,-0.034165684,-0.0037612591,-0.016800705,-0.036877956,-0.0032570239,-0.003603405,-0.003433345,-0.018246705,-0.04544967,-0.0076091858,-0.009062617,0.00966144,-0.0024849616,-0.016057372,0.0061622746,0.09632465,-0.0066542607,-0.021208832,0.0040895822
PTH2,-0.00030451134,-0.0015901257,-0.001921598,-0.0029484495,-0.0077939923,-0.0026411514,-0.001407936,-0.004532541,-0.0003255448,0.02036896,0.020248033,-0.0035027433,-0.00035664428,-0.0017592222,0.0008988798,-0.0003088355,-0.00058275834,0.047372714,-0.0017301297,-0.0045581246,-0.0007214996,-0.0010033887,-0.00063724496,-0.0015537315,-0.001613151,-0.0004182581,-0.0016358569,-0.00063094986,-0.002011048,-0.00095413846
FCGRT,0.03438781,-0.057948537,-0.08675413,-0.12728065,0.720735,0.19887899,-0.06695117,-0.14327939,-0.009319655,-0.18305825,-0.10007258,-0.13766333,-0.011920999,-0.074854754,-0.16521282,-0.009915407,-0.012811869,-0.01510989,-0.087101825,-0.24140845,-0.035627484,-0.050578445,-0.022774162,-0.07884305,-0.06811244,0.043520093,0.15862876,-0.020479867,-0.09162873,0.06262983
RRAS,-0.0112343915,-0.036314424,-0.047931276,-0.07257902,0.25581753,0.3734697,-0.033602647,-0.09380819,-0.006561763,-0.072386876,-0.04482221,-0.07579573,-0.0081875855,-0.033612873,-0.07895295,-0.007255652,-0.011886104,-0.0069549726,-0.04646629,-0.109036475,-0.017760146,-0.031131115,0.0014380914,0.0015674176,-0.03779389,-0.0041329437,0.034938436,-0.014092289,-0.04267549,-0.019666793
ATF5,0.042910464,-0.025051901,-0.013591574,-0.06095782,0.24933633,0.07233997,-0.023989722,-0.0817589,0.00659372,-0.061652817,-0.027002716,-0.062085792,-0.00034525857,-0.028077934,-0.06694077,-0.004105521,0.005456182,-8.330876e-05,-0.020728586,-0.07601165,-0.008904976,-0.015891079,0.049671665,-0.033371694,-0.027631266,0.017497873,0.10884127,-0.014489348,-0.032284692,0.057794705
SPIB,0.08822728,0.30111814,0.33050504,0.32634503,-0.116853066,-0.040062513,-0.02472562,-0.07899139,-0.0038191536,-0.07409666,-0.039616562,-0.06253113,-0.0044173524,-0.03202934,-0.06282991,-0.00596315,-0.0041133408,-0.0062859347,-0.028393088,-0.0815292,-0.012790943,-0.015152296,-0.002172682,-0.023664365,-0.029514909,0.022942351,0.13610794,-0.012183122,-0.03407178,0.28590047
KLK1,-0.0021161865,0.2336717,0.09821169,0.01486822,0.011001874,0.002835966,-0.009784048,-0.030939257,-0.0022623471,-0.026668707,-0.013754469,-0.023653636,-0.002478466,-0.010924871,-0.023485385,-0.0021462045,-0.0040498194,-0.0022623488,-0.012023666,-0.030007,-0.005014054,-0.00697301,-0.0044285194,-0.0107976785,-0.0097882245,-0.002906687,-0.00024701867,-0.0043848106,-0.011674368,0.0028074454
CD33,0.0103367325,-0.053136535,-0.066199504,-0.10240478,0.5983053,0.11219022,-0.050012503,-0.16003639,-0.010896004,-0.14792855,-0.07505041,-0.12473247,-0.013359596,-0.062608376,-0.12890327,-0.00408477,-0.0073927683,-0.008852087,-0.061637763,-0.16019773,-0.025563898,-0.027485315,-0.019286035,-0.049367886,-0.05830864,0.02435731,0.20039225,-0.021868035,-0.069621235,-0.028962487
NKG7,-0.0055878116,-0.045692913,-0.07350416,-0.107398875,-0.24774747,-0.04488424,0.1368663,-0.19650516,-0.001309382,-0.1720319,-0.017677397,-0.14183979,0.033399623,-0.003691988,0.3474859,-0.011243822,-0.025827033,-0.009561147,0.13877213,0.5520034,0.0759704,0.09543712,-0.02578637,-0.027346043,-0.07852528,-0.020370305,-0.047950726,-0.017720887,0.16036116,-0.021522162
SIGLEC10,-0.003504295,0.028404243,0.004391345,-0.022082765,0.28258234,0.43919614,-0.040042672,-0.12701663,-0.009666548,-0.118752465,-0.060152482,-0.09930608,-0.010589745,-0.048011847,-0.10142403,-0.009170153,-0.0039985487,-0.009666554,-0.046923622,-0.11688974,-0.0189698,-0.027382573,-0.017285999,-0.042211615,-0.045140594,0.035869416,0.029587787,-0.01873519,-0.05276975,-0.021251375
HAS1,-0.0004944992,-0.002582256,-0.0031204843,-0.004788103,0.028911585,-0.0042889575,-0.002286319,-0.0073604924,-0.0005286635,-0.006788723,-0.0034673854,-0.005688311,-0.00057914807,-0.0028568532,-0.0031409282,-0.0005015104,-0.0009463357,-0.0005286615,-0.0028095897,-0.005049817,-0.0011716776,-0.0016294491,-0.0010348436,-0.0025231342,-0.0026196353,-0.00067921745,0.009207786,-0.0010246246,-0.0032657462,-0.0015494701
FPR1,-0.012514951,-0.06564887,-0.07439433,-0.12020597,0.79023004,0.09995883,-0.05956977,-0.19065559,-0.0145886745,-0.17736645,-0.08939815,-0.14779419,-0.013956172,-0.076356426,-0.15036303,-0.0057242326,-0.026115054,-0.012311029,-0.0733995,-0.1860086,-0.030003455,-0.03974887,-0.026286066,-0.056931563,-0.06904558,-0.016325518,0.022877865,-0.026414758,-0.0842765,-0.037061427
FPR2,-0.0042622196,-0.034313872,-0.040415324,-0.063169986,0.39522305,0.080538295,-0.029692486,-0.096692346,-0.0049505285,-0.08778903,-0.04372166,-0.0738069,-0.007805567,-0.035772055,-0.07506989,0.002570173,-0.012754276,-0.0071250037,-0.036482476,-0.094499774,-0.015791094,-0.021960497,-0.01283239,-0.029424787,-0.03432576,-0.009154065,-0.025084771,-0.013809353,-0.04195728,-0.018595235
FPR3,-0.002742053,-0.010953666,-0.01730396,-0.025304224,0.117092885,0.038743183,-0.012677957,-0.038635068,-0.0029315017,-0.03718178,-0.018377114,-0.031006701,-0.003211542,-0.015841704,-0.031976737,-0.0027810258,-0.0052476777,-0.0029315082,-0.015579879,-0.039308015,-0.0040453356,-0.009035444,-0.0057383548,-0.012836696,-0.014526328,-0.0037663989,0.1474884,-0.0056818062,-0.016309487,-0.008591987
ZNF577,-0.001330288,0.005137984,-0.0036497081,0.00046935453,0.1141295,0.0004961177,-0.016225765,-0.028726235,-0.0050000316,-0.030019937,-0.017944785,-0.018857058,0.0002792466,-0.014714164,-0.037992436,-0.004743226,0.0124467,-0.0050000288,-0.011443822,-0.02136655,-0.0037291325,-0.0057515055,-0.0050192187,-0.01745995,-0.011947464,0.003289124,0.017908476,-0.00466695,-0.011327103,0.0028464138
VN1R2,-0.00015901485,-0.0008303606,-0.0010034598,-0.0015397106,0.0010983758,-0.0013792199,-0.0007352038,-0.002366869,-0.00017000215,0.005651768,-0.001115024,-0.0018291333,-0.0001862412,-0.0009186585,-0.001914611,-0.00016127035,-0.0003043149,-0.00017000182,-0.0009034663,-0.0023802952,-0.00037676247,-0.0005239683,-0.00033276717,-0.00081138586,-0.0008423845,-0.0002184093,0.017591672,-0.00032948336,-0.0010501544,-0.0004982622
ZNF331,-0.00656371,0.04866326,-0.00311439,0.0147111965,-0.088535935,-0.040845282,-0.025430445,-0.01916148,0.0046122293,0.048829168,0.026454575,0.004865949,-0.0011973379,0.037923727,0.013371891,-0.0050329277,-0.007455811,-0.005041355,0.07311542,0.015028643,0.0069113974,0.0193994,0.00027338386,-0.038896527,-0.016530065,-0.0025230912,0.01517873,-0.000111878864,0.048773136,0.012683489
MYADM,0.0042708125,-0.05974462,-0.056402624,-0.1132001,0.51548827,0.10131573,-0.03370929,-0.14325322,0.0005560405,-0.112919495,-0.04682563,-0.12563227,-0.006677197,-0.04800601,-0.08588791,-0.005206244,0.029661633,0.0024731664,-0.039701622,-0.14753087,-0.01908812,0.014125281,0.007975302,-0.069449626,-0.06485895,0.016522357,0.1080636,-0.012083552,-0.042583544,0.00033808657
VSTM1,-0.0063714283,-0.031294473,-0.038529787,-0.059415367,0.36575454,0.107935905,-0.029458437,-0.09039877,-0.004523045,-0.08469669,-0.043507736,-0.07106205,-0.0074623115,-0.03489238,-0.075267024,-0.0016554855,0.0101916,-0.0068116486,-0.0352196,-0.09251378,-0.013954186,-0.020994933,-0.012169391,-0.02780011,-0.032176603,-0.0069713346,-0.028180674,-0.013202084,-0.039592233,-0.016780145
OSCAR,0.006815782,-0.058257747,-0.069125794,-0.10533044,0.64629084,0.12515289,-0.050752793,-0.16327399,-0.01129213,-0.15159187,-0.07693815,-0.12899438,-0.011164091,-0.06411701,-0.12933037,-0.004492483,-0.020018479,-0.012511806,-0.062094513,-0.16362841,-0.02548983,-0.03806679,-0.02261481,-0.05197574,-0.058941733,0.013164634,0.08669326,-0.023617305,-0.07066152,-0.0338674
LILRB3,-0.011983999,-0.066621244,-0.08061755,-0.12598649,0.7408949,0.21227366,-0.060245153,-0.19676626,-0.011938138,-0.1741373,-0.089795746,-0.1515168,-0.014612129,-0.07543707,-0.15584224,-0.007578564,-0.024648467,-0.012462933,-0.0755952,-0.1918763,-0.03179047,-0.041889198,-0.025955921,-0.059761703,-0.07260609,-0.017080212,0.096301034,-0.029270452,-0.085664764,-0.03930688
LILRB5,-0.0010315168,-0.0024555465,-0.0065093567,-0.009987747,0.046245918,0.03806573,-0.004769241,-0.014218125,-0.00110279,-0.014161158,-0.0072329845,-0.011865686,-0.0012081154,-0.005959398,-0.012419851,-0.0010461626,-0.001974087,-0.001102788,-0.005860868,-0.0143099055,-0.002444059,-0.0033990066,-0.0021586658,-0.005263294,-0.0054644686,-0.0014168337,0.008680175,-0.002137351,-0.0044729244,-0.0032321482
LILRB2,-0.004457564,-0.06703178,-0.08440232,-0.1290118,0.7229314,0.34443152,-0.06311025,-0.20391183,-0.012924659,-0.18985794,-0.09605393,-0.15988412,-0.01572391,-0.08045664,-0.1584993,-0.0050420575,-0.024645504,-0.014747941,-0.07778212,-0.20165353,-0.031911768,-0.04173869,-0.0228224,-0.060770106,-0.073617265,-0.019729434,0.064609766,-0.028534986,-0.08802949,-0.0034950937
LILRA5,0.0072266576,-0.0610832,-0.07344091,-0.110283524,0.6235213,0.31374273,-0.053110965,-0.17548636,-0.013461088,-0.16563211,-0.08324408,-0.13828205,-0.013689315,-0.06917482,-0.13955925,-0.0035533244,-0.023441661,-0.011919072,-0.06849023,-0.17413172,-0.028040525,-0.039711364,-0.025168123,-0.055489145,-0.06396561,-0.012901915,0.052318048,-0.02520513,-0.078003,-0.0039799195
LILRA4,0.16146237,0.06907195,-0.0010481488,-0.010717335,0.00023780232,0.054079335,-0.011555069,-0.03907585,-0.0032049126,-0.035248496,-0.018714469,-0.030081088,-0.003510979,-0.015466402,-0.03325702,0.0020650278,-0.005737019,0.0017058584,-0.016087048,-0.035785243,-0.0071029584,-0.008268375,-0.0013097953,-0.011066736,-0.01486871,0.0223716,0.026174298,-0.0037048769,-0.014909835,0.5615645
LAIR2,-0.0018624329,-0.02108842,-0.026318094,-0.04097568,-0.111525044,-0.02701101,0.045032512,-0.060858756,0.0035565759,-0.028785558,-0.016068019,-0.051657695,0.0185293,-0.022041027,0.05015941,-0.005051776,-0.00790123,-0.0053251563,-0.025452243,0.30770963,0.07177707,-0.010517816,-0.010423917,-0.020153308,0.078049555,-0.0068417224,-0.02026766,0.00070959824,-0.007402797,-0.0156075135
LILRA2,0.014091781,-0.059031036,-0.07084768,-0.105243005,0.6154717,0.2541267,-0.053908423,-0.1714503,-0.01289542,-0.15806928,-0.08086947,-0.13404487,-0.010294592,-0.06645991,-0.13666224,-0.0037557948,-0.015762258,-0.012895415,-0.06455002,-0.16795449,-0.024640484,-0.03638872,-0.019098917,-0.05453329,-0.06074166,-0.005485019,0.08812797,-0.02499338,-0.074261665,-0.031106107
LILRA1,0.018972335,-0.046636917,-0.059144646,-0.08931996,0.46807235,0.32141247,-0.04268707,-0.14166844,-0.009226312,-0.13083205,-0.06517828,-0.11087766,-0.010359163,-0.053895187,-0.1130985,-0.001997458,-0.017435761,-0.010667925,-0.05397388,-0.141283,-0.022869285,-0.032276522,-0.017186418,-0.043529045,-0.051730085,-0.012582723,0.05258776,-0.019701714,-0.061488718,-0.025204564
LILRB1,0.027364362,0.013008972,-0.016615523,-0.035977732,0.4671045,0.30269584,-0.040586803,-0.1932,-0.00927084,-0.17986475,-0.08871624,-0.14813241,0.00017844915,-0.07432814,-0.03661906,-0.009879561,-0.024535725,-0.0145965265,-0.07360625,-0.11238522,-0.023472963,-0.042261843,0.009939413,-0.05865071,-0.06959338,-0.018753337,0.018258473,-0.028290343,-0.048483852,0.045868713
LILRB4,0.05237569,-0.04051019,-0.05136979,-0.080816984,0.41149557,0.16700245,-0.03976891,-0.12685436,-0.009617257,-0.11794755,-0.060339246,-0.10009326,-0.010535764,-0.04906099,-0.102072746,-0.0072851554,-0.014402921,-0.009617285,-0.04925206,-0.12812378,-0.020446438,-0.026371265,0.028946517,-0.039553545,-0.047253985,-0.011106039,0.14903605,-0.017711096,-0.055870492,0.15876463
KIR2DL3,-0.0032601294,-0.01517364,-0.018259479,-0.030016173,-0.07889534,-0.024849564,-0.012976596,-0.047448102,-0.0034853735,-0.042818762,-0.022859916,-0.035723623,0.004406102,-0.01799548,0.031907782,-0.0033063677,-0.0062390687,-0.0034853716,-0.018523134,0.2944765,0.05150106,0.0010997364,-0.0045433245,-0.01568333,-0.017270464,-0.0010092864,-0.017513292,-0.0044402555,0.008546126,-0.01021532
KIR2DL1,-0.0028015177,-0.012470859,-0.016774267,-0.025319839,-0.06906074,-0.02296909,-0.0019568738,-0.040022537,-0.0029950303,-0.036669046,-0.01964404,-0.031188773,0.0063488097,-0.016184872,0.029471867,-0.002841243,-0.00536135,-0.0029950303,-0.015917324,0.25433174,0.03846194,0.0027634646,-0.00055799587,-0.01205836,-0.014840854,-0.0038479893,-0.015049789,-0.005804856,-0.00020956203,-0.00877821
KIR2DL4,-0.0017197062,-0.00722515,-0.010852167,-0.016651258,-0.033490937,-0.003001227,-0.007951096,-0.02491711,-0.0018385422,-0.021429375,-0.012058491,-0.018939508,-0.0020141266,-0.009935191,-0.01015046,-0.0017441377,-0.0032911021,-0.001838541,-0.009770922,0.10212156,0.026526941,0.23270239,-0.0035988728,-0.005175817,-0.009110267,-0.0023621335,-0.0075327805,-0.0035633286,0.005520044,-0.005388595
FCAR,-0.006644679,-0.034196552,-0.041144885,-0.06232021,0.44374752,-0.012218611,-0.029581102,-0.09619195,-0.007103791,-0.08876717,-0.045071017,-0.074516565,-0.007782306,-0.038388103,-0.07835443,-0.0044393963,-0.0127162365,-0.0071037705,-0.036337595,-0.095720224,-0.015743883,-0.021895092,-0.012787655,-0.030895488,-0.03520039,-0.009126816,-0.029473705,-0.013768188,-0.04311836,-0.020001309
AC245128.3,-0.005022508,-0.04025723,-0.05021382,-0.07898577,0.5508417,0.003118927,-0.03872834,-0.121065915,-0.009265176,-0.11461046,-0.05833413,-0.09530079,-0.010150213,-0.047530744,-0.09728005,-0.0013571385,-0.016585412,-0.009265164,-0.046236087,-0.120964095,-0.019683836,-0.02730924,-0.014529983,-0.036386535,-0.043831855,-0.011903789,-0.036413096,-0.01795748,-0.053415734,-0.025380217
NCR1,-0.0022085924,-0.024213409,-0.03181143,-0.04762718,-0.115113296,-0.037160322,-0.022667209,-0.07230029,-0.0027584168,-0.06838204,-0.035100594,-0.057224132,0.0094809225,-0.029463544,0.016925475,-0.005268833,-0.0068047266,0.0003803514,-0.02781819,0.44582355,0.082377754,0.10889442,-0.007994,-0.019607564,-0.023302838,-0.0071357503,-0.02617719,-0.01076462,0.017417878,-0.015313429
NLRP7,-0.0012161139,-0.0038706618,-0.007674322,-0.010386624,-0.024352374,-0.0074826535,-0.0056227953,-0.016173944,-0.0013001515,-0.016695386,-0.0085273385,-0.013989268,-0.0014243312,-0.0047677695,-0.006606075,-0.0012333861,-0.0023273786,-0.0013001505,-0.0069097467,4.0029066e-05,-0.0028814706,-0.00400726,0.14427896,-0.0036560711,-0.006442444,-0.0016703883,-0.004114279,-0.002519869,-0.0020720721,0.41884878
GP6,-0.0016643704,-0.0050566425,-0.007473419,-0.012055275,-4.6131303e-05,-0.0021081264,-0.0035967743,-0.021252112,-0.0017793176,-0.016084842,-0.01030095,-0.013044329,-0.0019492856,-0.001367571,-0.014165871,-0.0016879708,0.001696695,-0.0017793196,-0.0044272197,-0.015786044,7.3407673e-06,-0.0026256107,0.0009817537,0.28269532,-0.00522787,-0.0022860665,-0.007176071,-0.0034486314,-0.0051800977,0.0037620119
TNNT1,-0.0053518866,-0.026187418,-0.03081176,-0.049494587,0.31073835,0.033235606,-0.022717591,-0.0754916,-0.005721669,-0.070517644,-0.036173716,-0.057563994,-0.0037932845,-0.030383741,-0.061367482,0.0005972387,-0.0024043778,-0.005721672,-0.029285653,-0.07595391,-0.012680806,-0.016678046,-0.008406831,-0.020405397,-0.027762,-0.007351094,0.034830216,-0.011089614,-0.032464765,-0.013957078
UBE2S,0.016265405,0.0027321908,-0.0031367473,-0.0377796,0.069095075,0.06261307,-0.0057863262,-0.09449398,0.042872403,-0.025003565,-0.0069441125,-0.06212835,0.030124657,-0.012347886,0.005100436,-0.004608143,0.01829046,0.002934661,0.02550442,0.018041173,0.07036264,0.0071758414,0.04249482,-0.048434377,-0.027418058,0.020707402,0.04701824,-0.010084294,0.007093936,0.045012362
POTEH,-0.00015901464,-0.0008303643,0.04638305,-0.0015397037,-0.0040701292,-0.0013792182,-0.00073520484,-0.0023668723,-0.00017000172,-0.0021830183,-0.0011150206,-0.0018291419,-0.0001862409,-0.00091866154,-0.001914606,-0.0001612706,-0.00030431527,-0.00017000193,-0.00090347027,-0.0023802873,-0.00037676404,-0.0005239703,-0.0003327683,-0.00081138086,-0.0008423842,-0.00021841012,-0.0008542475,-0.00032948452,-0.0010501564,-0.0004982613
AP000365.1,-0.00024290355,0.0111447135,-0.0015328695,-0.0023519467,0.0039330027,-0.0021068556,-0.0011230961,-0.003615524,-0.00025969226,-0.0033347025,0.0076497965,0.0031576827,-0.00028449504,-0.0014033405,-0.002924671,-0.0002463506,-0.00046486693,-0.0002596923,-0.0013801507,0.0011509696,-0.00057554885,-0.0008004003,-0.00050833554,-0.0012394359,-0.0012867993,-0.00033363994,-0.0013049109,-0.0005033191,-0.0016042116,-0.00076112256
IL17RA,0.01278311,-0.06632583,-0.07865635,-0.12873386,0.60359067,0.053112943,-0.05282708,-0.100150496,-0.0076953936,-0.12359978,-0.06439268,-0.084406435,-0.006993502,-0.04684667,-0.12503241,-0.0069285957,-0.025273507,-0.010206927,-0.06934987,-0.16010234,-0.028704174,-0.03268628,-0.022884997,-0.061299324,-0.05339875,-0.012097833,0.04652204,-0.01827872,-0.06768001,-0.018310925
ADA2,0.00027866874,-0.061290506,-0.07144133,-0.10833236,0.6207112,0.15355738,-0.05275835,-0.16620763,-0.008780347,-0.16051635,-0.081852816,-0.12383352,-0.011975707,-0.06874923,-0.121425524,-0.009229691,-0.025387654,-0.013878883,-0.071095735,-0.1483049,-0.020801423,-0.034924224,0.020001696,-0.07345088,-0.0662522,0.02991986,0.09106588,-0.013123569,-0.06648687,0.02624892
BID,0.030235596,-0.060462363,-0.075998195,-0.13604672,0.45675042,0.3180723,-0.040277664,-0.18081868,0.004456875,-0.14305742,-0.06537628,-0.1268494,0.0003194462,-0.05626614,-0.095519565,-0.009947592,-0.011211791,-0.0089765405,-0.052614953,-0.09005692,0.0024198878,-0.010293358,0.008517571,-0.052058224,-0.06727415,0.04061284,0.13182856,-0.018980801,-0.059960376,0.038520604
LINC00528,-0.00089236716,-0.02241727,-0.020503335,-0.047347352,0.23043244,0.046615813,-0.022895318,-0.0697455,-0.00189508,-0.07058984,-0.034133695,-0.043186784,-0.0011743634,-0.025924994,-0.04831705,-0.0075556594,-0.009711871,-0.007964579,-0.025839038,-0.04683082,-0.004692704,-0.009109026,0.017700903,-0.030469336,-0.02409448,0.011388288,0.08943332,-0.005181375,-0.025916118,0.00439968
CDC45,-0.0012505009,-0.0041054473,-0.0038619316,-0.012107841,-0.023439853,-0.009354974,-0.0057816287,-0.013923931,0.21969889,-0.011176464,-0.005121862,-0.009743915,0.16853543,-0.00283787,-0.009474101,-0.0012682277,0.010626867,-0.0013368735,-0.00710493,-0.0065808217,0.3501542,0.0072793993,0.10443433,-0.0063805585,-0.006624499,0.007328769,0.0050257086,-0.0025910493,-0.008258426,-0.003918308
CLDN5,-0.0024650025,-0.010415225,-0.010440482,-0.02180787,-0.028306838,-0.010032773,-0.0086263,-0.009066048,-0.0026353337,-0.030289166,-0.015432236,-0.024822488,-0.002887047,-0.013129319,-0.027979469,-0.0024999955,-0.0014204405,-0.0026353379,-0.014005504,-0.033579595,-0.0058405735,-0.0061912616,-0.005158574,0.6029401,-0.009418494,-0.0033857787,-0.008480862,-0.0051076766,-0.015297088,-0.0016594934
AC000093.1,-0.0011807734,-0.0061659534,-0.007451255,-0.011432898,-0.013508851,-0.0070863515,-0.0054593636,-0.015595896,-0.0012623502,-0.013041166,-0.008279552,-0.012356943,-0.0013829066,-0.0068216613,-0.014216957,-0.0011975288,0.025269307,-0.0012623456,-0.0067088143,-0.01570224,-0.0027977016,-0.003890755,-0.0024710032,0.32404128,-0.0062551457,-0.0016218219,-0.006343138,-0.002446602,-0.0057580643,-0.0036998424
SDF2L1,0.011213058,-0.0367314,-0.040946063,-0.078459136,0.0066776685,0.037334476,0.008960913,-0.07461441,0.025152251,-0.0057295845,0.0021325562,-0.0522643,0.021088922,0.001388254,0.036044046,-0.009092503,0.0004955941,-0.000981436,0.013091801,0.113015175,0.047720823,0.0057828105,0.09302952,-0.061363164,-0.021181509,0.022280045,0.02849127,-0.005974371,0.011689566,0.032036714
IGLV4-69,-0.0006091716,0.08101318,0.045656413,0.016233066,-0.0128938565,-0.0052836565,-0.0028165267,-0.007148886,-0.00065126905,-0.008362987,-0.0005408717,-0.004631491,-0.00071346806,-0.0035193593,-0.007334675,-0.0006178174,-0.0011658125,-0.00065126695,-0.0034611623,-0.009118634,-0.0014433836,-0.0020073021,0.023151673,-0.0031082951,-0.003227124,-0.0008367247,-0.003272474,-0.0012622414,-0.0040230965,-0.0019087881
IGLV8-61,-0.00050295616,0.033357583,0.03679457,0.0018286767,-0.007970378,-0.0043623406,-0.0023254366,-0.0074862447,-0.0005377008,-0.006904809,-0.0035266706,-0.0057855537,-0.0005890694,-0.002905729,-0.0060557155,-0.000510094,-0.00096253154,-0.000537699,-0.0028576567,-0.0005894455,-0.0011916998,-0.0016572984,0.087648585,-0.002566287,-0.002664414,-0.00069082883,0.0089621255,-0.0010421588,-0.0033216218,-0.0015759824
IGLV4-60,-0.00030450986,0.028117303,-0.0019215771,0.024704391,-0.0077942167,-0.0026411382,-0.0014079056,-0.004532521,-0.0003255485,-0.004180487,-0.0021352337,-0.00350284,-0.00035663904,-0.0017591994,-0.0036664312,-0.0003088345,-0.0005827578,-0.00032554762,-0.001730178,-0.004558103,-0.00072151684,-0.001003411,0.072580524,-0.0015537767,-0.0016131297,-0.0004182509,-0.0016358319,-0.00063096127,-0.002011031,-0.0009541676
IGLV6-57,-0.0008112919,0.040414374,0.053779468,0.019161224,-0.014680858,-0.007036658,-0.0037509985,-0.0077498727,-0.0008673449,-0.009600106,-0.0028849905,-0.0075482586,-0.0009501897,-0.004687016,-0.00976814,-0.0008228106,-0.0015526086,-0.0008673428,-0.004609604,-0.012144097,-0.0019222738,-0.002673298,0.19998805,-0.004139597,-0.0042977943,-0.0011143485,-0.0043582935,-0.0016810349,-0.005357943,-0.0025421341
VPREB1,-0.00062287156,-0.0032526485,0.036416527,0.06430914,-0.014622579,-0.0024133262,-0.0028798596,-0.009271299,-0.0006659066,-0.008551005,-0.000718663,-0.0048412043,-0.0007295058,-0.0035985261,-0.0074995537,-0.00063170976,0.051001962,0.022669358,-0.0035390172,-0.009323673,-0.001475837,-0.002052436,-0.0013035116,-0.0031781765,-0.0032997103,-0.0008555461,-0.0033461018,-0.0012906283,-0.00024876586,-0.0019517343
AC245060.5,0.008137459,0.0687126,0.061772615,0.12858468,-0.044021334,-0.010706591,-0.015853854,-0.008872902,0.0003011535,-0.042574886,-0.023788994,0.0024932344,0.0029082901,-0.013398263,-0.013279797,-0.0073535647,0.04760007,0.0058314074,-0.026343381,0.005738382,0.0046051666,0.020270396,0.0066079223,-0.03264324,-0.015943808,-0.00048010066,0.010607782,0.0013366049,-0.009944739,0.06806716
IGLV1-51,-0.0008060761,0.051938936,0.032344077,0.03612194,-0.015528479,0.004558409,-0.0037268612,-0.0061941235,-0.00086176104,-0.007970748,-0.005652138,-0.0074761864,-0.0009440674,-0.001263828,-0.007978937,-0.0008175077,-0.0015426107,-0.00086176,-0.0011280132,-0.01062106,-0.0019099086,-0.0026560903,0.053740796,0.0035536983,-0.004270177,-0.0011071608,-0.0043302644,-0.0016702279,-0.005323415,-0.0025257536
IGLV9-49,-0.00027543918,0.009510071,0.016501201,0.027904995,-0.0070499787,-0.0023889672,-0.001273478,-0.004099804,-0.0002944675,-0.0037812593,-0.0019313468,-0.003168386,-0.00032259148,-0.0015912368,-0.0033163228,-0.00027933854,-0.00052711746,-0.00029446676,-0.0015649218,-0.004122889,-0.00065261434,-0.0009076049,0.026402665,-0.0014053626,-0.0014591173,-0.00037831473,-0.0014796287,-0.00057071575,-0.0018190556,-0.00086306327
IGLV5-48,-0.00018361786,-0.0009588416,0.0125211235,-0.0017778679,-0.0046997243,-0.0015925965,-0.00084895757,-0.0027330338,-0.00019630346,-0.0025207843,-0.001287488,-0.0021122028,-0.00021505181,-0.0010607911,-0.0022107523,-0.00018622562,-0.00035139066,-0.00019630318,-0.0010432369,-0.0027484964,-0.00043505587,-0.00060504925,0.080559455,-0.00093688694,-0.00097270746,-0.00025220957,0.014988444,-0.00038046628,-0.0012126197,-0.0005753367
IGLV1-47,-0.00057350815,0.0075249933,0.03142926,0.044395518,-0.011812807,-0.004974296,-0.0026515524,-0.008536211,-0.00061312056,-0.005700717,-5.8172012e-05,-0.006597084,-0.0006716889,-0.0033132122,-0.0069050556,-0.00058164186,-0.0010975214,-0.0006131171,-0.003258472,-0.0045268196,-0.0013588509,-0.0018897324,0.06364532,-0.0029262335,-0.0030381023,-0.0007877162,-0.0030808763,-0.0011883152,0.00040772482,-0.0017970132
IGLV7-46,-0.00041063412,0.027229343,0.015764099,0.032940224,-0.010510237,-0.003561615,-0.0018985618,-0.0061121345,-0.00043900055,-0.005637385,-0.0028793092,-0.0047235023,-0.00048093245,-0.0023723077,-0.0049440805,-0.00041645236,-0.00078585505,-0.00043899915,-0.0023330685,-0.0033139945,-0.00097294874,-0.0013530982,0.035344664,0.005418448,-0.0021753267,-0.000564011,-0.0022058962,-0.0008508357,-0.0027118262,-0.0012866671
IGLV5-45,-0.00050295546,0.021370139,0.036792662,0.025277872,-0.011239004,-0.00436235,-0.0023254403,-0.0028402582,-0.000537699,-0.0069047883,-0.0035266643,-0.005785553,-0.0005890716,0.0025331383,-0.0060557155,-0.0005100932,-0.00096252834,-0.00053769903,-0.0028576495,-0.007528616,-0.0011916972,-0.0016572961,0.07282576,-0.002566285,-0.0026644014,-0.00069082604,-0.0027018988,-0.0010421593,-0.003321634,-0.0015759798
IGLV1-44,-0.0006934262,0.039887376,0.03549608,0.039459772,-0.016562773,-0.0060143676,-0.0032060547,-0.006949902,-0.0007413259,-0.009519688,-0.004862233,-0.007976588,-0.0008121295,-0.0040061045,-0.008349045,-0.0007032617,-0.0013270314,-0.00074132567,-0.00393982,-0.005345335,-0.0016429871,-0.0022849261,0.095135726,0.0009153312,-0.0036734263,-0.000952438,0.0005056107,-0.0014367886,-0.0045794966,-0.00217278
IGLV7-43,-0.00031805426,0.017300107,0.013788289,0.023398153,-0.008140686,-0.0027586212,-0.0014705192,-0.0010622254,-0.0003400266,-0.004366409,-0.0022301443,0.0008869089,-0.00037250228,-0.0018374698,-0.0038294569,-0.00032256654,-0.00060866686,-0.00034002657,-0.001807063,-0.0047608344,-0.0007535901,-0.0010480119,0.022706755,-0.0016228545,-0.0016849013,-0.000436858,-0.0017085538,-0.00065902446,-0.0021004851,-0.0009965885
IGLV1-40,-0.00074052566,0.03280495,0.06321937,0.038362905,-0.01229381,-0.0039084456,-0.0034238535,-0.009444178,-0.00079170155,-0.006798941,-0.0051924945,-0.008518496,-0.000867309,-0.0042782417,-0.00891607,-0.0007510476,-0.0014171983,-0.0007917013,-0.004207505,-0.011084724,-0.001754621,-0.002440115,0.048720423,-0.0037784947,-0.003922941,-0.001017153,-0.0039781863,-0.0015344251,-0.0016392142,-0.0023203937
IGLV1-36,NaN,NaN,NaN,NaN,NaN,NaN,NaN,NaN,NaN,NaN,NaN,NaN,NaN,NaN,NaN,NaN,NaN,NaN,NaN,NaN,NaN,NaN,NaN,NaN,NaN,NaN,NaN,NaN,NaN,NaN
PRAME,-0.00020529296,-0.0010720276,-0.0012954598,-0.001987727,0.0027524605,-0.0017805889,-0.00094916107,0.0026332582,-0.00021947248,-0.0028183358,-0.0014395104,0.004681117,-0.00024044036,-0.0011860288,-0.0024717427,-0.00020820499,-0.0003928707,-0.00021947242,-0.0011663971,-0.0030729524,-0.00048641936,-0.0006764647,-0.0004296174,-0.0010474782,-0.0010875419,-0.0002819799,0.013185138,-0.00042537236,-0.0013557606,-0.0006432531
IGLV3-27,-0.0002754388,0.009508682,-0.0017381405,0.021790659,-0.00108203,0.0043715336,-0.0012734793,-0.004099784,-0.00029446656,-0.0037812688,-0.0019313442,-0.0031683778,-0.00032259154,-0.0015912461,-0.0033163175,-0.0002793397,-0.0005271176,-0.00029446586,-0.0015649324,9.885541e-05,-0.00065261486,-0.00090760016,-0.0005763984,-0.001405374,-0.0014591182,-0.00037831793,-0.0014796334,-0.0005707134,-0.0018190431,-0.0008630589
IGLV3-25,-0.00050295616,0.0093648415,0.036794074,0.03867322,-0.009605192,-0.0043623503,-0.002325439,-0.005164096,-0.00053769886,-0.006904779,-0.0035266657,-0.005785553,-0.00058907043,-0.002905727,-0.006055714,-0.00051009224,-0.0009625327,-0.00053769886,-0.0028576413,-0.007528607,-0.0011916975,-0.0016572963,0.043310404,-0.0025662847,-0.0026643977,-0.0006908263,-0.0027019014,-0.0010421586,0.001462449,-0.001575985
IGLV2-23,-0.0007173563,0.029910931,0.041034956,0.040042575,-0.011484365,-0.00622197,0.0014192862,-0.010677615,-0.000766936,-0.008111,-0.0018587663,-0.0042197676,-0.0008401624,-0.0003280591,-0.0028173218,-0.0007275448,-0.0013728493,-0.00076693494,-0.0040758513,-0.0074921753,-0.0016996964,-0.002363793,0.0088768,0.0006460076,-0.0038002506,-0.0009853328,0.00023564938,-0.0014864268,-0.004737582,-0.0022477864
IGLV3-21,-0.00071145,0.025973413,0.048509616,0.045228526,-0.013586565,-0.006170817,-0.0032894223,-0.008946329,0.019648472,-0.0062640887,-0.004988688,-0.008184,-0.0008332595,-0.0041102283,-0.0066100773,-0.000721556,-0.0013615243,-0.00076060754,-0.00013458605,-0.009013032,-0.0016857224,-0.0023443433,0.050825864,-0.0036301163,-0.0037688734,-0.0009772157,-0.0038219313,-0.0014741613,-0.0046984917,-0.0022292603
IGLV3-19,-0.00057350605,0.023301315,0.048963346,0.04733522,-0.013245858,-0.0049743024,-0.0026515492,-0.008536203,-0.0006131167,-0.005699164,-0.004021357,-0.00659709,-0.0006716903,-0.0033132096,-0.006905059,-0.00058163865,-0.0010975209,-0.0006131169,-0.0032584842,-0.006555823,-0.0013588512,-0.0018897254,0.011760329,-0.0029262346,-0.0030380986,-0.0007877163,-0.0030808807,-0.0011883149,-0.0037874826,-0.0017970199
IGLV2-18,-0.00029033748,0.008870285,0.006819083,0.008790316,-0.00743133,0.0038943195,-0.0013423414,-0.0043215114,-0.00031039622,0.00030513643,-0.0020357943,0.0016398594,-0.0003400378,-0.0016773139,0.0012922925,-0.00029445539,-0.00055562495,-0.0003103964,-0.0016496135,-0.004345946,-0.00068793027,-0.00095669314,0.024993759,-0.001481409,-0.0015380648,-0.00039878621,-0.0015597077,-0.0006015987,0.0063673933,-0.00090974127
IGLV3-16,-0.00024290387,0.011143985,0.019150294,0.011514093,-0.006217379,-0.0021068552,-0.0011230956,-0.0036155258,-0.00025969214,-0.003334704,-0.001703248,-0.002794227,-0.0002844949,-0.0014033405,-0.002924671,-0.00024635068,-0.00046486684,-0.000259692,-0.0013801501,-0.003636039,-0.0005755488,-0.00080040056,0.06067595,-0.0012394354,-0.0012867996,-0.00033364008,-0.0013049104,-0.0005033191,-0.0016042113,-0.00076112273
IGLV2-14,-0.0012872352,0.047274273,0.04272994,0.057072334,-0.029749913,-0.008271676,0.004639398,-0.017340494,-0.0013761813,-0.016702004,-0.0019495054,-0.012559169,-0.0015076023,-0.0031826051,0.008338534,-0.00130549,-0.0024634365,-0.0013761825,-0.0051500867,0.0024940264,-0.0030499587,-0.00055037433,0.07849165,-0.004168861,-0.004498144,-0.001768068,-0.006915004,-0.0026671824,0.004626623,-0.00016502764
IGLV2-11,-0.0006362898,0.034605913,0.039430574,0.02297322,-0.012410353,-0.0055187293,-0.002941847,-0.0076339073,-0.00068023475,-0.006776626,-0.00446161,-0.0050462685,-0.0007452149,-0.003675947,-0.0054752,-0.0006453161,-0.0012176867,-0.00068023545,-0.0036152306,-0.0022093442,-0.0015076019,-0.0020966337,0.06883693,-0.0032466406,-0.0033707458,-0.0008739602,-0.0034181431,-0.001318423,-0.00041996143,-0.0019937267
IGLV3-10,-0.0005275187,0.025832627,0.010963512,0.023638586,-0.011943577,-0.0010449503,-0.0024390041,-0.0034219616,-0.00056395406,-0.002516179,-0.003698932,-0.0005859824,-0.0006178268,-0.0030476048,-0.0063514565,-0.0005350026,-0.0010095369,-0.00056395424,-0.0029971884,-0.0056911116,-0.0012499003,-0.0017382465,0.041185424,-0.0026916193,-0.0027945568,-0.0007245641,0.013848099,-0.0010930367,0.001077972,-0.0016529259
IGLV3-9,-0.0005275175,0.008683637,0.015723595,0.010861937,-0.010385811,-0.0010460065,0.0040010447,-0.005637337,-0.00056395377,-0.00015396388,-0.0036989178,-0.0033259306,-0.00061782653,0.007323452,0.0094656395,-0.00053500145,-0.0010095371,-0.00056395394,-0.002997177,-0.0034851374,-0.0012499014,-0.0017382517,0.012988279,-0.0026916238,-0.0027945691,-0.00072456634,-0.0028338686,-0.00109304,0.005638751,-0.0016529192
IGLV2-8,-0.0007518588,0.03622396,0.06881111,0.019631013,-0.013777456,-0.004044558,0.0010470763,-0.0065264576,-0.0008037902,-0.010321699,-0.0052719484,-0.0067247245,-0.00088055886,-0.0043436405,-0.009052494,-0.0007625264,-0.0014388396,-0.00080379186,-0.0042718374,-0.008157744,-0.00178143,-0.002477435,0.057827253,-0.00383625,-2.4155192e-05,0.0140053155,-0.004038926,-0.0015578758,-0.0017642201,0.004266237
IGLV2-5,-0.00024290352,0.0111444015,0.008809193,0.018446507,-0.006217383,-0.002106856,-0.0011230991,-0.0036155102,-0.00025969322,-0.0033346945,-0.001703246,-0.0027942362,-0.00028449573,-0.0014033412,-0.002924671,-0.00024634966,-0.0004648678,-0.0002596932,-0.0013801539,-0.0036360417,-0.0005755496,-0.00080039824,0.06067559,-0.0012394394,-0.0012867977,-0.00033363898,-0.0013049118,-0.0005033199,-0.0016042138,-0.00076112157
IGLV3-1,-0.00072903937,0.025163008,0.06092348,0.043803584,-0.014147276,-0.0037691882,-0.0033707025,-0.010851458,-0.00077941123,-0.010008589,-0.005111948,-0.008386206,-0.0008538557,-0.004211824,-0.006869584,-0.0007393904,-0.0013951979,-0.000779411,-0.0041422145,-0.009317201,-0.0017273603,-0.0024022746,0.06990249,0.000517604,-0.0038621156,-0.001001365,-0.0039164233,-0.0015106006,-0.004814675,-0.0022843862
IGLL5,-0.0018278632,0.06507593,0.08805668,0.15392831,-0.04182291,-0.014833624,-0.0047091967,-0.022070693,-0.0019541518,-0.02372638,-0.011564125,-0.01785256,-0.0021407988,-0.009055037,-0.016645122,-0.0018538183,-0.0034980737,-0.0019541518,-0.0088606905,-0.024802594,-0.0043309685,-0.0060230815,0.17160812,-0.009326613,-0.00640459,-0.0025106394,-0.00660679,-0.0037873941,-0.010746155,-0.00027036833
IGLC2,-0.004598342,0.1385452,0.13027442,0.26792526,-0.06705427,-0.021580648,-0.01284358,-0.04185896,-0.0024429893,-0.041063692,-0.018704109,-0.03414874,-0.0044138543,-0.018663775,-0.01805735,-0.0071863965,0.0021541114,-0.007707106,-0.013620723,-0.027852558,-0.0046552205,-0.005719649,0.065625146,-0.00888785,-0.017422039,-0.00491254,-0.009825038,-0.01121598,-0.013613087,0.018266963
IGLC3,0.0004425426,0.16123497,0.13047904,0.26617637,-0.056572147,-0.019199353,-0.017204827,-0.043254137,-0.0005555123,-0.042710334,-0.02766909,-0.040088877,-0.003604314,-0.017242521,-0.02382279,-0.0035051461,-0.009207724,-0.006113298,-0.01080222,-0.030841,-0.006353197,-0.0070602605,0.06482927,-0.00043132764,-0.023715753,-0.0031618373,-0.014126159,-0.010542144,-0.012322111,0.0067238305
IGLC6,-0.00093246787,0.03723854,0.01840471,0.09588956,-0.018576322,-0.008087716,-0.00431129,-0.007612122,-0.0009968866,-0.011464424,-0.0065384386,-0.007622708,-0.0010921048,-0.005387078,-0.011227144,-0.0009457132,-0.001784491,-0.0009968855,-0.005298029,-0.011461482,0.004842078,-0.0030726022,0.029980324,-0.004757887,-0.00493977,-0.001280801,-0.005009255,-0.0019321225,-0.0009959143,-0.0029217757
IGLC7,-0.0011181504,0.06442566,0.067267045,0.07223008,-0.021265317,-0.0063673505,-0.002128316,-0.013507326,-0.0011954044,-0.0108862985,-0.007840409,-0.012862087,-0.0013095618,-0.0064597833,-0.012217532,-0.001134018,-0.0021398375,-0.0011954004,-0.0038625873,-0.015695216,0.0032244583,-0.0036844034,0.044253394,-0.0057053096,-0.0032604302,-0.0015358109,-0.0060066753,-0.002316831,-0.0030764933,-0.0035036195
GNAZ,-0.0023941183,0.030539425,-0.006677013,0.00016845681,-0.027840033,-0.013755915,-0.009639251,-0.029251171,-0.0025595468,-0.028153809,-0.014873888,-0.023290144,-0.002803999,-0.011534117,-0.01888874,-0.0024280972,-0.00116935,-0.0025595403,-0.010102268,-0.012832199,0.0053469446,-0.0078888945,-0.0019064668,0.4558223,-0.011432684,0.03926069,-0.0005999458,-0.0049607204,-0.010743311,-0.0033381192
IGLL1,-0.0007901875,-0.004126385,-0.004986442,-0.0033823869,-0.009818955,-0.006853696,0.000646945,-0.010281623,-0.00084478676,-0.0013777668,-0.0055408254,-0.0035950656,-0.0009254771,-0.001101339,-0.004229848,-0.00080140727,0.38955978,-0.00084479037,-0.0044897012,-0.0029857114,-0.0018722746,-0.0026037837,0.0077690445,-0.0040319306,-0.0041860696,-0.0010853541,-0.0005328774,-0.0016372993,-0.0052186307,0.0038245823
VPREB3,-0.0060917167,0.24816385,0.37002632,0.6345184,-0.14288065,-0.047009323,-0.024717636,-0.084026575,-0.0065125762,-0.07696873,-0.039281458,-0.06594858,-0.007134534,-0.03427425,-0.06697638,-0.0061781355,-0.010325971,-0.0065125697,-0.03317201,-0.08388018,-0.014433442,-0.019283408,0.0055909324,-0.02499812,-0.031271126,-0.008367117,-0.028390298,-0.012622221,-0.036542345,-0.018269585
DERL3,0.03644681,0.08335788,0.09480463,0.15681751,-0.07179315,-0.024262665,-0.013372626,-0.044067364,0.020970523,-0.038738232,-0.017503077,-0.032697205,-0.00034267295,-0.0140736345,-0.030784702,0.000799579,0.00022736516,-0.003773107,-0.01846389,-0.04438943,0.025527302,-0.010248054,0.31438273,-0.00984071,-0.018696578,-0.004847668,-0.015631394,-0.0073129404,-0.017020738,0.4616857
ADORA2A-AS1,-0.00406032,-0.01660776,-0.019228876,-0.03539634,0.22718552,0.036471378,-0.017010447,-0.05654632,-0.0043408503,-0.050612107,-0.026124544,-0.04299695,-0.0047554695,-0.021357918,-0.044219077,-0.000348993,-0.007770422,-0.004340847,-0.020913761,-0.055662233,-0.009620543,-0.008513173,-0.0011753349,-0.01991242,-0.020735437,-0.0055769933,-0.0029095106,-0.004523083,-0.02060152,-0.00894189
GRK3,0.0015673387,0.054183573,0.012628537,0.06398719,0.49164832,0.2523933,-0.058302287,-0.17747472,-0.008581658,-0.16735567,-0.086643316,-0.13271706,-0.0125864465,-0.07081704,-0.14760712,-0.007992572,-0.0097279465,-0.011102924,-0.06763185,-0.18503651,-0.02793488,-0.040479627,-0.020616313,-0.03916568,-0.0624931,0.02583572,0.11131267,-0.020981953,-0.07854199,0.013425328
XBP1,-0.00630166,-0.07573701,-0.087256484,-0.1505714,0.104621984,-0.07224251,0.01610977,-0.078593224,-0.007850109,-0.0052643726,0.022249866,-0.093041025,-0.0027611216,0.000856372,0.012781635,-0.010954567,0.006304995,0.005569653,0.068255685,0.18663162,0.012443118,0.044454865,0.08095134,-0.08940288,-0.05982387,-0.010205515,-0.008701575,-0.01808617,0.019480715,0.06647682
EMID1,-0.00086180324,-0.00099653,-0.0025204297,-0.004428628,-0.020149603,-0.0074747265,-0.0039845402,-0.012827568,-0.0009213294,-0.008934077,-0.006042884,-0.009913331,-0.0010093392,-0.0049787858,-0.005526861,-0.00087403075,0.5739425,-0.0009213292,-0.004896535,-0.0020838787,-0.0020419238,0.019177249,-0.0018034951,0.0027726192,-0.0045654434,-0.001183709,-0.0012252204,-0.0017856887,-0.0028953245,-0.0027003556
GAS2L1,-0.0057262075,-0.027652288,-0.033790406,-0.05193155,0.26301077,0.021672567,-0.023900568,-0.08082933,-0.0061219693,-0.067584604,-0.035854954,-0.062345583,-0.004187841,-0.03154646,-0.06365879,-0.00013896973,-0.0037391365,-0.0033344084,-0.028285837,-0.080827825,-0.013567667,-0.018868476,-0.009371261,0.21904904,-0.030334624,-0.00187892,0.046248894,-0.01186499,-0.03464634,-0.015261239
OSM,-0.007229042,-0.031406548,-0.034046914,-0.06251008,0.25176823,-0.04145566,-0.01817085,-0.0846074,-0.0017149885,0.020119533,0.0004897149,-0.058604132,-0.002960702,-0.004405093,-0.052125253,-0.0028199735,-0.0080685485,-0.003184994,0.034724195,-0.07548549,-0.011299682,-0.008740612,-0.013051741,-0.032865293,-0.03176474,-0.0052416907,0.039032083,-0.014979132,-0.01690719,-0.021938639
YWHAH,0.014083894,0.013709423,0.022162337,-0.036086056,0.16053931,0.109178044,-0.0019268035,-0.1746404,0.029961161,0.010097362,0.005782051,-0.11706518,0.020827418,-0.01992278,-0.03527678,-0.00597077,0.010704876,0.003568069,0.025330296,-0.08700966,0.040149037,-0.0042123585,0.0028127988,0.1607809,-0.03600797,0.015913373,0.097940706,0.0056783417,-0.030891031,-0.005666067
TIMP3,-0.0006091746,-0.0031811218,-0.0038441704,0.030072391,-0.014242624,-0.0052837105,-0.0028165323,-0.009067333,-0.00065125903,-0.0063156607,-0.0042715212,-0.007007417,-0.00071346783,-0.0035193658,-0.0073346146,-0.0006178215,0.34568474,-0.00065125927,-0.003461169,-0.009118726,0.020125236,-0.0020072935,-0.0012748368,0.001960276,-0.003227133,-0.00083673064,-0.003272538,-0.0012622538,-0.004023112,-0.0019087755
Z82244.2,-0.00034354004,-0.0017939754,0.0051455717,-0.0033263664,0.007955012,0.013281002,-0.0015883544,-0.0051135067,-0.00036727235,-0.0010886173,-0.002408919,0.0002573788,-0.00040235757,-0.0019847422,-8.8802575e-05,-0.00034841514,-0.0006574494,-0.00036727302,-0.0019519409,-0.0051424433,-0.00081399037,-0.001132015,-0.0007189348,-0.0017529158,-0.00181989,-0.00047186948,-0.0018455203,-0.0007118279,-0.0022688126,-0.0010764427
HMOX1,-0.003885343,-0.03446905,-0.04564993,-0.098180324,0.46584672,0.396735,-0.04796506,-0.15520021,-0.010776335,-0.14579137,-0.0732518,-0.11941741,-0.010223714,-0.06184881,-0.12126047,-0.0068353345,-0.019892596,-0.010586908,-0.058382675,-0.13476248,-0.02139299,-0.03346723,-0.014270625,-0.04622816,-0.05698688,0.031490896,0.047602817,-0.003044414,-0.06512187,-0.030043075
PVALB,-0.0011699636,-0.006109567,-0.0073829787,-0.008447003,-0.008155827,-0.005371247,-0.005409325,-0.015416215,-0.001250785,-0.01392974,-0.008203719,-0.012219512,-0.0013702465,-0.0067591863,-0.0105168065,-0.0011865745,-0.0022389905,-0.0012507862,-0.0066474252,-0.017512914,-0.0027720802,-0.003855161,-0.002448403,0.30072975,-0.0061978917,-0.0016069975,-0.006285054,-0.0024241933,-0.0077266716,0.004846067
IL2RB,-0.010812536,-0.04594281,-0.057100356,-0.09435883,-0.25345418,-0.08577291,0.0021043895,-0.13294065,0.020237893,-0.060419902,-0.0057748547,-0.070090055,0.023591986,0.001160333,0.12645984,-0.010966145,-0.018456176,-0.0019512106,0.029225627,0.6067722,0.08515674,0.1739018,-0.00902396,-0.046429142,-0.0065901936,-0.013819316,-0.05285437,-0.013989238,0.08220029,-0.031064188
LGALS2,-0.00371051,-0.05736764,-0.06947913,-0.10644813,0.68576187,-0.0065069697,-0.0542077,-0.1693656,-0.009392218,-0.16087258,-0.07986886,-0.133483,-0.013102089,-0.0672131,-0.13197447,-0.0046585025,-0.023755983,-0.010205566,-0.06731937,-0.16424315,-0.027305672,-0.03636992,-0.019258074,-0.041971907,-0.0640423,0.05984876,0.20558812,-0.02105835,-0.069704376,-0.032566138
LGALS1,0.014822463,-0.06979817,-0.06293865,-0.19441062,0.5930351,0.21403106,0.034484506,-0.30412838,0.003975954,-0.15724242,-0.09177177,-0.23683052,0.019096006,-0.06545639,-0.0026540563,-0.011310121,-0.03316143,-0.008797777,-0.10690823,0.011375961,0.016675413,-0.04649118,0.015470894,-0.061996236,-0.095869,0.032815184,0.1442174,-0.03295698,-0.054115698,-0.012340197
H1F0,0.008748982,-0.037841912,-0.047221094,-0.06950988,0.35315165,0.099050835,-0.03493681,-0.08156946,-0.0047439667,-0.083900385,-0.045566563,-0.08008415,-0.009227441,-0.038049947,-0.087606505,-0.0039471006,0.06025853,-0.008422867,-0.042730603,-0.104881845,-0.01866762,-0.023927908,-0.01648773,0.010811246,-0.0386751,0.024226652,0.06583952,-0.015276639,-0.046499215,0.027322203
MAFF,0.0016695281,-0.022456655,-0.032732844,-0.054136574,0.12104238,-0.0159254,-0.021479225,-0.08634762,0.0006926136,-0.04048406,-0.020308604,-0.06329745,0.001378655,-0.020571947,-0.02624589,-0.0050420435,-0.0054269023,0.0038634392,0.043386128,0.07267398,0.0041164374,0.108294725,-0.0031901987,-0.03080152,-0.029138273,0.020958431,0.07205101,-0.010137205,0.009579404,-0.020774474
APOBEC3A,-0.010961337,-0.050031807,-0.06640071,-0.098368675,0.5980324,0.25042713,-0.051252,-0.16036586,-0.008393528,-0.15114748,-0.07330505,-0.12503637,-0.0131462775,-0.061846796,-0.12209481,-0.0074073616,-0.022760268,-0.010017585,-0.06489681,-0.15410262,-0.0232205,-0.033279344,-0.021300262,-0.04147044,-0.05802884,-0.015896954,-0.03019898,-0.023534808,-0.06752797,-0.031187551
PDGFB,-0.0022478316,-0.010374638,-0.013049436,-0.01950685,-0.0123364,-0.002027734,0.020168496,-0.018229222,0.0040661157,0.013904478,0.02504595,-0.021316048,0.0033381977,0.007897476,0.031700037,-0.0022797475,-0.0043018432,0.004129237,0.008484872,-0.024746228,-0.0053260373,-0.0074069262,-0.0047041336,0.04845208,0.0041694557,0.0019424167,0.015386925,-0.0046576355,0.023015365,0.0130267
AL031590.1,-0.0020061198,-0.008958298,-0.011397205,-0.019424547,0.09510434,0.022731103,-0.0024229249,-0.022797085,-0.0021447053,-0.019384187,-0.009492771,-0.021620333,-0.0023495804,-0.011589762,-0.022051997,-0.0020345808,-0.0038391792,-0.0021447022,-0.009997214,-0.029443251,0.0018288597,-0.006610478,-0.0041982024,0.008472306,-0.006132172,-0.0027554703,0.008317802,-0.0041567637,-0.009614741,-0.003788168
GRAP2,-0.009912436,-0.03135135,-0.04538043,-0.041636307,-0.21134019,-0.0737849,0.021215707,0.06365798,0.029361354,0.0359279,0.019918188,0.14125702,0.02406376,0.04426625,0.0791658,-0.008431784,-0.013741943,-0.0074120257,0.009641659,0.02549938,0.01125928,-0.021922456,-0.018513162,0.21272829,-0.010889473,-0.0033095516,-0.044368684,0.006901463,0.036050897,-0.027456962
TNFRSF13C,0.0141801005,0.32555318,0.40910065,0.57947385,-0.17018417,-0.053665064,-0.03200374,-0.087933816,0.0056901355,-0.062050663,-0.034682896,-0.053115908,-0.005126873,-0.00652539,-0.065423615,-0.007545936,-0.012019743,-0.00795446,-0.029984979,-0.099737726,-0.005670427,-0.02386512,0.026612524,-0.030818522,-0.010659537,-0.01021965,-0.032077108,-0.0013075399,-0.03322344,-0.015834982
CENPM,-0.003718277,0.028487587,0.058966737,0.06902035,-0.0768814,-0.027197806,-0.0011559846,-0.022467345,0.14060664,0.040264167,0.008473049,-0.022442551,0.10153316,0.008622327,-0.000801617,-0.0037710625,0.0018032349,-0.003975133,0.007390344,-0.030566297,0.22001864,-0.0070587257,0.08674087,-0.014661029,0.019217217,-0.0051072435,-0.014357899,0.014956238,-0.0051780003,-0.011650783
TSPO,-0.0107827075,-0.11021081,-0.12514402,-0.15473022,0.71188205,0.14312138,-0.021201832,-0.20535205,-0.008615211,-0.119727165,-0.076225184,-0.17198184,-0.011985444,-0.069228195,-0.110040985,-0.016187754,-0.008523386,-0.0010137472,-0.080174565,-0.13908307,-0.02742081,-0.022576084,-0.02360883,-0.09019721,-0.057884153,-0.006375997,0.08552853,-0.021077052,-0.07546013,-0.05122947
UPK3A,0.068929344,-0.029158568,-0.031389285,-0.050499097,0.20567977,0.13612282,-0.023804868,-0.079697505,-0.0059696133,-0.07471045,-0.0373867,-0.061709445,-0.006539707,-0.03013288,-0.065581605,-0.0056630676,-0.010686015,-0.005969611,-0.029520484,-0.079240136,-0.013230287,-0.017470658,-0.011685305,-0.023841247,-0.028400153,0.060940873,0.27044123,-0.011569911,-0.03497899,0.008778726
SMC1B,-0.0007901916,0.0073394515,-0.0018012524,-0.007651073,-0.0077376254,-0.0068537467,-0.003653434,0.0015587759,-0.0008447954,-0.006112002,-0.0055408054,0.0055594253,0.03266208,-0.0010992709,-0.0077523985,-0.0008013983,-0.0015122346,-0.0008447916,-0.0044896663,-0.005933579,0.18953355,0.003391955,0.007752764,-0.004031904,-0.00041527985,-0.0010853708,0.0068916874,-0.0016373296,-0.0052186325,0.003824975
TTC38,-0.0040130303,-0.027596727,-0.04332938,-0.06857161,-0.08759402,-0.039206874,0.0028234248,-0.106317185,-0.0029748313,-0.09606028,-0.04567364,-0.08284024,0.011639854,-0.037089106,0.11451304,-0.0061504655,-0.004859841,-0.004360469,-0.034353815,0.44733837,0.06797234,0.0067344727,0.01528012,-0.035561923,-0.037568815,-0.0037830172,-0.007795577,-0.012340816,0.044503942,-0.02175991
GTSE1,-0.001625535,-0.0066326815,-0.007155071,-0.009503287,-0.026910132,-0.010658209,-0.0012150289,-0.01841922,0.26756495,-0.014613192,-0.009995928,-0.009759465,0.12095097,-0.007703181,0.0027856254,-0.0016486048,0.01191731,-0.0017378482,-0.005805706,0.0030207566,0.33354053,0.006371318,0.09277929,-0.008294249,-0.0067759673,-0.0022327595,-0.0033119374,0.0012889311,-0.007762331,0.022534305
PIM3,0.016131459,-0.026987487,-0.025703443,-0.070670865,0.4657866,0.09281651,-0.043220755,-0.14473034,0.0005362519,-0.08030292,-0.043734964,-0.13789184,0.0010969006,-0.04574535,-0.09797552,-0.008048725,-0.011295335,0.005268855,-0.031250592,-0.13920471,-0.016402908,-0.011194885,-0.0006893585,-0.06258565,-0.044754483,0.0068340027,0.0866104,-0.012424002,-0.048416242,0.054128874
PLXNB2,0.01810172,-0.05469394,-0.068901554,-0.104067996,0.583102,0.24574052,-0.05157315,-0.16611801,-0.009040216,-0.15537424,-0.078068346,-0.12198327,-0.012638425,-0.06565107,-0.13356233,-0.00521071,-0.010749973,-0.012718986,-0.06374842,-0.1665319,-0.024088793,-0.038183033,-0.017351285,-0.049473956,-0.059648845,0.010069649,0.083098315,-0.023752091,-0.070749916,0.047691777
TYMP,0.017857354,-0.048586115,-0.057265103,-0.13008924,0.74745774,0.26243278,-0.06910259,-0.23758519,-0.007291061,-0.18248826,-0.09178846,-0.18231721,-0.012664043,-0.07766744,-0.1640857,-0.0076441155,-0.022621624,-0.014135498,-0.08156829,-0.1817479,-0.03243178,-0.04327433,0.0027902501,-0.056917746,-0.07897138,0.02432256,0.11464507,-0.03299531,-0.09195768,-0.0030665677
ODF3B,0.0015694578,-0.03640016,-0.041778386,-0.070414,0.51934594,0.15134785,-0.04362617,-0.15417503,-0.006058247,-0.12626499,-0.063700244,-0.11867596,-0.009949879,-0.053659134,-0.111254446,-0.008830172,-0.013555914,-0.008948934,-0.049330965,-0.1414609,-0.02010177,-0.026086383,0.009209024,-0.05109988,-0.050527863,0.012564066,0.07910716,-0.023805078,-0.06413657,-0.003154377
SAMSN1,-0.013230301,-0.027374713,-0.03196442,-0.12411566,0.33082926,0.13406205,0.008499913,-0.1367402,0.002645568,-0.018887153,0.017724622,-0.114196606,-4.199957e-05,-0.006839685,-0.026734937,-0.0051591853,-0.009368025,-0.0042969235,-0.058731567,-0.093139224,-0.016186122,-0.02733909,-0.0043469677,-0.0575599,-0.033265144,-0.018690193,0.040623058,-0.015291916,-0.0389824,-0.039371885
NRIP1,0.015476232,-0.011978552,-0.04100118,0.007323564,0.2640676,0.08421818,-0.04666781,-0.058436055,-0.007142862,-0.094189934,-0.04030826,-0.04243876,-0.012036484,-0.04373527,-0.107294746,-0.009621842,0.0631955,0.0070437132,0.05471701,-0.08637778,-0.002127127,-0.0043898094,-0.020946715,-0.05240994,-0.03196335,0.012885008,0.07142656,-0.007071474,-0.04629003,0.0148223005
BTG3,0.0021352386,0.0069116144,-0.0129487235,-0.019727122,0.08134161,-0.028289746,0.011052163,-0.07614702,0.04163267,0.017878424,0.013598633,-0.057142265,0.027514005,0.006506057,0.029839205,-0.006877609,0.004497099,-0.0014850768,-0.007320449,-0.025963312,0.043514334,-0.0075479224,0.029943036,-0.031046664,-0.0056508663,0.0037531678,0.0075476025,0.001508873,0.0033049937,0.031894892
LINC02573,-0.0008954736,-0.004676157,-0.002842609,-0.006786934,-0.021080796,-0.0077668754,-0.004140183,-0.008103451,-0.00095733884,-0.009507585,-0.003739314,-0.0070669604,-0.0010487774,-0.0051733246,-0.010781694,-0.000908187,0.715931,-0.0009573409,-0.0050878515,-0.012103035,-0.0021217007,0.002347515,-0.0018739746,-0.004569097,-0.0047437185,-0.0012299698,-0.0015346408,-0.0018554691,-0.0059138313,-0.0028058565
MIR155HG,0.007647954,0.04218815,0.026872301,-0.0008670288,0.09824051,0.019337296,-0.0015461056,-0.053415027,0.018101051,-0.015991598,-0.0069012255,-0.039195642,-0.00044200898,-0.019803066,-0.026699351,-0.0050797844,0.028863125,-0.00535469,-0.016109072,-0.053253274,-0.0023581204,-0.01453322,0.0058594486,-0.019632686,-0.0019187677,-0.0023606732,0.018292295,0.0008447899,-0.012218573,0.08548689
APP,0.049937844,-0.0067924703,-0.04529538,-0.012010994,0.39723945,-0.0061672605,-0.053207513,-0.0632921,-0.0020476372,-0.061160736,-0.05707714,-0.0880934,-0.011206149,-0.054243214,-0.13895841,-0.0036601287,0.011324787,-0.0101054385,-0.057535782,-0.17468214,-0.027983068,-0.029991789,-0.014755645,0.09670944,-0.03611847,0.009822684,0.08076021,-0.016004339,-0.06241106,0.16699016
MAP3K7CL,-0.0017561816,0.005027245,0.0067135594,-0.03595461,0.16338871,0.04159002,-0.02291522,-0.06849828,-0.0070102424,-0.06014346,-0.02689734,-0.05146567,-0.0035017268,-0.028044563,-0.055989824,-0.006650316,-0.0074755377,-0.002197013,-0.029418424,-0.06471184,-0.004721436,-0.013008573,-0.0034810544,0.3419936,-0.025264531,-0.0019984154,-0.020169944,-0.011149676,-0.031643853,-0.0031465064
BACH1,-0.0008837455,0.009768268,-0.037522756,-0.026943574,0.545721,0.16860804,-0.057004694,-0.17208122,-0.004490844,-0.15057161,-0.07908027,-0.12767395,-0.009409903,-0.06478478,-0.13109554,-0.011848556,-0.011441635,-0.007390253,-0.072963126,-0.12654889,-0.01680419,-0.028372264,-0.0026218663,-0.054557633,-0.043054875,0.014907353,0.043677397,-0.017286496,-0.068041585,-0.031727303
OLIG1,-0.0037354827,-0.029502848,-0.03682426,-0.05699156,0.34561068,0.13462678,-0.026497213,-0.08866976,-0.0066781226,-0.08271129,-0.043013267,-0.06830656,-0.007316142,-0.03415074,-0.07370894,0.003728746,-0.010623227,-0.0066781305,-0.033527534,-0.08958524,-0.014800707,-0.018940795,-0.011884826,-0.029184736,-0.032566685,-0.008580053,-0.029748864,-0.012943447,-0.04001614,-0.016281465
IFNGR2,-0.00039142213,0.029729703,0.0029936412,0.0059916177,0.61928326,0.20684206,-0.06578283,-0.16307406,-0.012393627,-0.16664247,-0.09603086,-0.13662286,-0.015555094,-0.071210295,-0.16943067,-0.0073873033,-0.011527552,-0.012925541,-0.083712704,-0.2124915,-0.032100603,-0.047384944,0.004499074,-0.06303452,-0.060807347,0.012671778,0.045519438,-0.028893724,-0.09136511,-0.017860167
ERG,-0.0008954755,-0.0046761557,-0.0056508393,-0.0067856377,0.0018930614,-0.005683531,-0.0041401875,-0.01202115,-0.0009573438,-0.012293354,-0.006278967,-0.008683128,-0.0010487745,-0.0051733404,-0.009225495,-0.0009081857,0.49789774,0.015300952,-0.0050878506,-0.0108002955,-0.0021217007,-0.0029506765,-0.0018739668,-0.0011156653,-0.0047437353,-0.0012299657,0.008300685,-0.0018554705,-0.0059138318,-0.0028058544
ETS2,-0.0039215637,-0.056378342,-0.0673135,-0.10360411,0.5525591,0.15939604,-0.046733245,-0.14845867,-0.0040502087,-0.13997771,-0.06731521,-0.11754945,-0.0083742,-0.05942447,-0.115529574,-0.0076804333,0.04877305,-0.007193328,-0.059579007,-0.15960237,-0.026157193,-0.03338808,-0.025394697,-0.04589757,-0.05385425,-0.006507219,0.15591592,-0.018963084,-0.06552851,-0.011633108
MX2,-0.0058861277,-0.0143124005,-0.031785462,-0.05785576,0.26760477,0.12915632,-0.0379925,-0.04332744,-0.0054538394,-0.039979916,-0.021222215,-0.04246928,-0.008531043,-0.026794832,-0.07722985,-0.010621894,-0.013499168,-0.013869415,-0.03290901,-0.11554837,-0.022502648,-0.021697776,-0.03086433,-0.06625692,-0.0298691,0.0065862834,0.05056602,-0.0076996875,-0.039709274,0.002989894
MX1,0.020837074,0.023741003,0.01120213,-0.008430779,0.23486356,0.095966525,-0.033308707,-0.09057663,0.006523188,-0.055998653,-0.030067692,-0.072055995,4.4190136e-05,-0.031935163,-0.07099972,-0.013956975,-0.0148851145,-0.010094962,-0.04302469,-0.07308872,-0.004119674,-0.017882818,0.0060292664,-0.056859106,-0.023627743,0.017936151,0.06665513,-0.008005897,-0.034893245,0.07349661
LINC01678,-0.0030251287,-0.008365738,-0.026295057,0.027750775,0.2702583,0.07000495,-0.03336676,-0.065943785,-0.007836571,-0.07871968,-0.041533113,-0.059158474,-0.008584993,-0.033012956,-0.078182794,-0.0053178933,-0.006993629,-0.007836581,-0.03639655,-0.10180143,-0.017367719,-0.02050005,-0.0082341535,-0.03399709,-0.023944804,0.002449985,0.09177187,-0.012807135,-0.040075947,0.025688617
AIRE,0.029068254,0.01590441,0.008577875,0.010800018,-0.020594763,-0.007083229,-0.0003148912,-0.008020102,-0.0016280963,0.048154965,-0.0016756987,0.0053613097,-0.0017836164,0.018275106,-0.013755126,-0.0015445016,-0.002914425,0.007975797,-0.0068159103,-0.0151184825,-0.0036082782,-0.001889402,0.0016938963,-0.00777038,-0.006098648,-0.0020917614,0.0072331885,0.001809132,-0.000538544,-0.004771848
ITGB2,0.0033171265,-0.10475927,-0.13494584,-0.20191303,0.571789,0.14012888,-0.003356877,-0.27414584,-0.0039289347,-0.22152151,-0.0995826,-0.22598785,0.0036912183,-0.10652652,-0.0030802884,-0.016987946,-0.043641504,-0.012483959,-0.074596755,0.22617921,0.030469945,0.009896967,-0.04465519,-0.108962096,-0.10471885,0.0024315892,0.06569959,-0.020752508,-0.016275892,-0.057339855
COL6A2,-0.002634206,-0.021940896,-0.031360704,-0.04840709,-0.12769414,-0.04320046,0.010394946,-0.04099115,-0.005869963,-0.046534143,-0.005505526,0.006793976,0.005853137,-0.0014707079,0.13035913,-0.002783312,-0.0029980475,-0.0031082258,0.052532837,0.19940749,0.023355477,0.0011402735,-0.011490396,-0.02205784,-0.018233575,-0.007541605,-0.02629038,-0.0027117308,0.08636468,-0.017204382
S100B,0.00934513,-0.021447375,-0.023429984,-0.04210871,-0.09433681,0.0304088,-0.01932548,-0.03936919,-6.674705e-05,-0.05828147,-0.022343893,0.31074247,0.00167069,0.0014653855,-0.026726753,0.00073323434,-0.0040102853,-8.0877544e-05,0.0024308919,0.03725254,0.012125504,0.010510869,-0.008342734,-0.01734601,-0.02592302,0.06829992,0.017960211,0.0008669503,0.01649777,-0.006267165
MT-CO1,0.0018662866,0.042551253,0.01811304,0.07912712,0.41485977,0.13564059,0.013985554,-0.37213543,0.008640448,-0.29550654,-0.09537984,-0.15673448,0.014828023,-0.09538893,0.03689982,-0.034436375,-0.025961835,-0.013730815,-0.023717593,0.12467579,0.010406149,0.0044690906,-0.011297585,-0.07356326,-0.11968925,0.008809807,0.08528601,-0.009987533,0.03652623,-0.05075233
AC141272.1,-0.0001590146,-0.0008303811,0.014792556,-0.0015396576,-0.0040700426,-0.0013792263,-0.00073521637,-0.0023668814,-0.00017000247,-0.0021830387,-0.0011149843,-0.0018291603,-0.0001862354,-0.00091867417,-0.0019145507,-0.00016127387,-0.0003043171,-0.00017000246,-0.00090348313,-0.0023802237,-0.0003767735,-0.0005239702,0.09312883,-0.0008113604,-0.00084241113,-0.00021841687,-0.0008542206,-0.0003294807,-0.0010501675,-0.0004982718
AC233755.2,-0.00042077363,0.02647224,0.015255132,0.047967285,-0.010770128,-0.0036495486,-0.0019454544,-0.006262965,-0.0004498488,-0.0028156352,-0.0029504942,-0.004840222,-0.0004928109,-0.0024309051,-0.0050661988,-0.00042674693,-0.0008052512,-0.0004498442,-0.002390744,-0.006298533,-0.000996962,-0.0013865139,-0.00088055927,-0.0021469588,-0.002229041,-0.0005779542,-0.0022603783,-0.0008718586,-0.002778816,-0.0013184603
AC233755.1,-0.0006686279,0.03260757,0.010814851,0.056538213,-0.015883574,-0.0057993177,-0.0030914089,-0.009952277,-0.0007148222,-0.007314774,-0.004688365,-0.007691221,-0.0007830899,-0.0038628748,-0.008050425,-0.0006781219,-0.0012795811,-0.0007148214,-0.0037989859,-0.010008548,-0.001584232,-0.0022032068,0.14319542,0.0012054731,-0.00354209,-0.00091839285,-0.0035918735,-0.0013854301,-0.0044157244,-0.0020950898
